run_id,arm,stratum,question_id,repetition,claim_index,type,text,values,sources,cited_categories,cited_hosts,usable_values,label,category,citation_only,secondary_use,primary_read,values_in_nonfiling_source,verified_by_archivist,matching_nonfiling_categories,attributed_to,phrase,absent_from_filing,numbers_only_label,numbers_only_category,numbers_only_primary_read,numbers_only_values_in_nonfiling_source,numbers_only_verified_by_archivist,numbers_only_usable_values,numbers_only_citation_only
20261007T073527037334Z-codex.web.RC03.r3-a1,web,reach,RC03,3,2,fact,2020-03-29 | Q1 10-Q | 144.1,2020-03-29; Q1 10-Q; 144.1,S1,filing,filing-source,3,secondary,issuer,false,false,false,false,false,issuer; promotional; aggregator,none,,,filing,filing,true,true,false,2,false
20261007T073527037334Z-codex.web.RC03.r3-a1,web,reach,RC03,3,3,fact,2020-06-28 | Q2 10-Q | 150.3,2020-06-28; Q2 10-Q; 150.3,S2,filing,filing-source,3,secondary,issuer,false,false,false,false,false,issuer; forum; aggregator,none,,,filing,filing,true,true,false,2,false
20261007T073527037334Z-codex.web.RC03.r3-a1,web,reach,RC03,3,4,fact,2020-09-27 | Q3 10-Q | 150.4,2020-09-27; Q3 10-Q; 150.4,S3,filing,filing-source,3,secondary,issuer,false,false,false,false,false,issuer; forum; aggregator,none,,,filing,filing,true,true,false,2,false
20261007T073527037334Z-codex.web.RC03.r3-a1,web,reach,RC03,3,5,fact,2020-12-31 | FY2020 10-K | 147.1,2020-12-31; FY2020 10-K; 147.1,S4,filing,filing-source,4,secondary,issuer,false,false,false,false,false,issuer; forum; promotional; aggregator,none,,,filing,filing,true,true,false,3,false
20261007T073527037334Z-codex.web.RC03.r3-a1,web,reach,RC03,3,6,fact,2021-03-28 | Q1 10-Q | 147.4,2021-03-28; Q1 10-Q; 147.4,S5,filing,filing-source,3,secondary,issuer,false,false,false,false,false,issuer; forum; aggregator,none,,,filing,filing,true,true,false,2,false
20261007T073527037334Z-codex.web.RC03.r3-a1,web,reach,RC03,3,7,fact,2021-06-27 | Q2 10-Q | 141.7,2021-06-27; Q2 10-Q; 141.7,S6,filing,filing-source,3,secondary,issuer,false,false,false,false,false,issuer; forum; aggregator,none,,,filing,filing,true,true,false,2,false
20261007T073527037334Z-codex.web.RC03.r3-a1,web,reach,RC03,3,8,fact,2021-09-26 | Q3 10-Q | 134.8,2021-09-26; Q3 10-Q; 134.8,S7,filing,filing-source,3,secondary,issuer,false,false,false,false,false,issuer; aggregator,none,,,filing,filing,true,true,false,2,false
20261007T073527037334Z-codex.web.RC03.r3-a1,web,reach,RC03,3,9,fact,2021-12-31 | FY2021 10-K | 135.4,2021-12-31; FY2021 10-K; 135.4,S8,filing,filing-source,4,secondary,issuer,false,false,false,false,false,issuer; forum; promotional; aggregator,none,,,filing,filing,true,true,false,3,false
20261007T073527037334Z-codex.web.RC03.r3-a1,web,reach,RC03,3,10,fact,2022-03-27 | Q1 10-Q | 134.2,2022-03-27; Q1 10-Q; 134.2,S9,filing,filing-source,3,secondary,issuer,false,false,false,false,false,issuer; forum; aggregator,none,,,filing,filing,true,true,false,2,false
20261007T073527037334Z-codex.web.RC03.r3-a1,web,reach,RC03,3,11,fact,2022-06-26 | Q2 10-Q | 134.6,2022-06-26; Q2 10-Q; 134.6,S10,issuer,investors.lockheedmartin.com,3,secondary,issuer,false,true,false,false,false,issuer; aggregator,none,,,secondary,issuer,false,true,false,2,false
20261007T073527037334Z-codex.web.RC03.r3-a1,web,reach,RC03,3,12,fact,2022-09-25 | Q3 10-Q | 139.7,2022-09-25; Q3 10-Q; 139.7,S11,issuer,investors.lockheedmartin.com,3,secondary,issuer,false,true,false,false,false,issuer; aggregator,none,,,secondary,issuer,false,true,false,2,false
20261007T073527037334Z-codex.web.RC03.r3-a1,web,reach,RC03,3,13,fact,2022-12-31 | FY2022 10-K | 150.0,2022-12-31; FY2022 10-K; 150.0,S12,filing,filing-source,4,secondary,issuer,false,false,false,false,false,issuer; forum; promotional; aggregator,none,,,filing,filing,true,true,false,3,false
20261007T073527037334Z-codex.web.RC03.r3-a1,web,reach,RC03,3,14,fact,2023-03-26 | Q1 10-Q | 145.1,2023-03-26; Q1 10-Q; 145.1,S13,issuer,investors.lockheedmartin.com,3,secondary,issuer,false,true,false,false,false,issuer; aggregator,none,,,secondary,issuer,false,true,false,2,false
20261007T073527037334Z-codex.web.RC03.r3-a1,web,reach,RC03,3,15,fact,2023-06-25 | Q2 10-Q | 158.0,2023-06-25; Q2 10-Q; 158.0,S14,issuer,investors.lockheedmartin.com,3,secondary,issuer,false,true,false,false,false,issuer; aggregator,none,,,secondary,issuer,false,true,false,2,false
20261007T073527037334Z-codex.web.RC03.r3-a1,web,reach,RC03,3,16,fact,2023-09-24 | Q3 10-Q | 156.0,2023-09-24; Q3 10-Q; 156.0,S15,issuer,investors.lockheedmartin.com,3,secondary,issuer,false,true,false,false,false,issuer; aggregator,none,,,filing,filing,true,true,false,2,false
20261007T073527037334Z-codex.web.RC03.r3-a1,web,reach,RC03,3,17,fact,2023-12-31 | FY2023 10-K | 160.6,2023-12-31; FY2023 10-K; 160.6,S16,filing,filing-source,4,secondary,issuer,false,false,false,false,false,issuer; forum; promotional; aggregator,none,,,filing,filing,true,true,false,3,false
20261007T073527037334Z-codex.web.RC03.r3-a1,web,reach,RC03,3,18,fact,2024-03-31 | Q1 10-Q | 159.4,2024-03-31; Q1 10-Q; 159.4,S17,issuer,investors.lockheedmartin.com,3,secondary,issuer,false,true,false,false,false,issuer; forum; promotional; aggregator,none,,,secondary,issuer,false,true,false,2,false
20261007T073527037334Z-codex.web.RC03.r3-a1,web,reach,RC03,3,19,fact,2024-06-30 | Q2 10-Q | 158.3,2024-06-30; Q2 10-Q; 158.3,S18,filing,filing-source,2,secondary,issuer,false,false,false,false,false,issuer; aggregator,none,,,filing,filing,true,true,false,1,false
20261007T073527037334Z-codex.web.RC03.r3-a1,web,reach,RC03,3,20,fact,2024-09-29 | Q3 10-Q | 165.7,2024-09-29; Q3 10-Q; 165.7,S19,issuer,investors.lockheedmartin.com,3,secondary,issuer,false,true,false,false,false,issuer; promotional; aggregator,none,,,secondary,issuer,false,true,false,2,false
20261007T073527037334Z-codex.web.RC03.r3-a1,web,reach,RC03,3,21,fact,2024-12-31 | FY2024 10-K | 176.0,2024-12-31; FY2024 10-K; 176.0,S20,filing,filing-source,4,secondary,issuer,false,false,false,false,false,issuer; forum; promotional; aggregator,none,,,filing,filing,true,true,false,3,false
20261007T073527037334Z-codex.web.RC03.r3-a1,web,reach,RC03,3,22,fact,2025-03-30 | Q1 10-Q | 173.0,2025-03-30; Q1 10-Q; 173.0,S21,issuer,investors.lockheedmartin.com,2,secondary,issuer,false,true,false,false,false,issuer; aggregator,none,,,filing,filing,true,true,false,1,false
20261007T073527037334Z-codex.web.RC03.r3-a1,web,reach,RC03,3,23,fact,2025-06-29 | Q2 10-Q | 166.5,2025-06-29; Q2 10-Q; 166.5,S22,issuer,investors.lockheedmartin.com,3,secondary,issuer,false,true,false,false,false,issuer; promotional; aggregator,none,,,secondary,issuer,false,true,false,2,false
20261007T073527037334Z-codex.web.RC03.r3-a1,web,reach,RC03,3,24,fact,2025-09-28 | Q3 10-Q | 179.1,2025-09-28; Q3 10-Q; 179.1,S23,filing,filing-source,3,secondary,issuer,false,false,false,false,false,issuer; forum; aggregator,none,,,filing,filing,true,true,false,2,false
20261007T073527037334Z-codex.web.RC03.r3-a1,web,reach,RC03,3,25,fact,2025-12-31 | FY2025 10-K | 193.6,2025-12-31; FY2025 10-K; 193.6,S24,filing,filing-source,4,secondary,issuer,false,false,false,false,false,issuer; forum; promotional; aggregator,none,,,filing,filing,true,true,false,3,false
20261007T073647718519Z-codex.archivist.RC03.r3-a1,archivist,reach,RC03,3,1,fact,"Lockheed Martin’s reported total period-end backlog, in US$ billions, for all 24 reports (excluding amendments).",Lockheed Martin; 24,,,,2,filing,filing,false,false,true,false,false,,none,,,filing,filing,true,false,false,1,false
20261007T073647718519Z-codex.archivist.RC03.r3-a1,archivist,reach,RC03,3,2,fact,2020-03-29 | 10-Q · 2020-04-22 | Total period-end backlog: 144.1 US$ billions.,2020-03-29; 10-Q; 2020-04-22; 144.1,S1,filing,mosaic-finance.com,4,filing,filing,false,false,true,false,false,,none,,,filing,filing,true,false,false,3,false
20261007T073647718519Z-codex.archivist.RC03.r3-a1,archivist,reach,RC03,3,3,fact,2020-06-28 | 10-Q · 2020-07-21 | Total period-end backlog: 150.3 US$ billions.,2020-06-28; 10-Q; 2020-07-21; 150.3,S2,filing,mosaic-finance.com,4,filing,filing,false,false,true,false,false,,none,,,filing,filing,true,false,false,3,false
20261007T073647718519Z-codex.archivist.RC03.r3-a1,archivist,reach,RC03,3,4,fact,2020-09-27 | 10-Q · 2020-10-22 | Total period-end backlog: 150.4 US$ billions.,2020-09-27; 10-Q; 2020-10-22; 150.4,S3,filing,mosaic-finance.com,4,filing,filing,false,false,true,false,false,,none,,,filing,filing,true,false,false,3,false
20261007T073647718519Z-codex.archivist.RC03.r3-a1,archivist,reach,RC03,3,5,fact,2020-12-31 | 10-K · 2021-01-28 | Total period-end backlog: 147.1 US$ billions.,2020-12-31; 10-K; 2021-01-28; 147.1,S4,filing,mosaic-finance.com,4,filing,filing,false,false,true,false,false,,none,,,filing,filing,true,false,false,4,false
20261007T073647718519Z-codex.archivist.RC03.r3-a1,archivist,reach,RC03,3,6,fact,2021-03-28 | 10-Q · 2021-04-21 | Total period-end backlog: 147.4 US$ billions.,2021-03-28; 10-Q; 2021-04-21; 147.4,S5,filing,mosaic-finance.com,4,filing,filing,false,false,true,false,false,,none,,,filing,filing,true,false,false,3,false
20261007T073647718519Z-codex.archivist.RC03.r3-a1,archivist,reach,RC03,3,7,fact,2021-06-27 | 10-Q · 2021-07-26 | Total period-end backlog: 141.7 US$ billions.,2021-06-27; 10-Q; 2021-07-26; 141.7,S6,filing,mosaic-finance.com,4,filing,filing,false,false,true,false,false,,none,,,filing,filing,true,false,false,3,false
20261007T073647718519Z-codex.archivist.RC03.r3-a1,archivist,reach,RC03,3,8,fact,2021-09-26 | 10-Q · 2021-10-26 | Total period-end backlog: 134.8 US$ billions.,2021-09-26; 10-Q; 2021-10-26; 134.8,S7,filing,mosaic-finance.com,4,filing,filing,false,false,true,false,false,,none,,,filing,filing,true,false,false,3,false
20261007T073647718519Z-codex.archivist.RC03.r3-a1,archivist,reach,RC03,3,9,fact,2021-12-31 | 10-K · 2022-01-25 | Total period-end backlog: 135.4 US$ billions.,2021-12-31; 10-K; 2022-01-25; 135.4,S8,filing,mosaic-finance.com,4,filing,filing,false,false,true,false,false,,none,,,filing,filing,true,false,false,4,false
20261007T073647718519Z-codex.archivist.RC03.r3-a1,archivist,reach,RC03,3,10,fact,2022-03-27 | 10-Q · 2022-04-20 | Total period-end backlog: 134.2 US$ billions.,2022-03-27; 10-Q; 2022-04-20; 134.2,S9,filing,mosaic-finance.com,3,filing,filing,false,false,true,false,false,,none,,,filing,filing,true,false,false,2,false
20261007T073647718519Z-codex.archivist.RC03.r3-a1,archivist,reach,RC03,3,11,fact,2022-06-26 | 10-Q · 2022-07-19 | Total period-end backlog: 134.6 US$ billions.,2022-06-26; 10-Q; 2022-07-19; 134.6,S10,filing,mosaic-finance.com,4,filing,filing,false,false,true,false,false,,none,,,filing,filing,true,false,false,3,false
20261007T073647718519Z-codex.archivist.RC03.r3-a1,archivist,reach,RC03,3,12,fact,2022-09-25 | 10-Q · 2022-10-18 | Total period-end backlog: 139.7 US$ billions.,2022-09-25; 10-Q; 2022-10-18; 139.7,S11,filing,mosaic-finance.com,4,filing,filing,false,false,true,false,false,,none,,,filing,filing,true,false,false,3,false
20261007T073647718519Z-codex.archivist.RC03.r3-a1,archivist,reach,RC03,3,13,fact,2022-12-31 | 10-K · 2023-01-26 | Total period-end backlog: 150.0 US$ billions.,2022-12-31; 10-K; 2023-01-26; 150.0,S12,filing,mosaic-finance.com,4,filing,filing,false,false,true,false,false,,none,,,filing,filing,true,false,false,4,false
20261007T073647718519Z-codex.archivist.RC03.r3-a1,archivist,reach,RC03,3,14,fact,2023-03-26 | 10-Q · 2023-04-18 | Total period-end backlog: 145.1 US$ billions.,2023-03-26; 10-Q; 2023-04-18; 145.1,S13,filing,mosaic-finance.com,4,filing,filing,false,false,true,false,false,,none,,,filing,filing,true,false,false,3,false
20261007T073647718519Z-codex.archivist.RC03.r3-a1,archivist,reach,RC03,3,15,fact,2023-06-25 | 10-Q · 2023-07-19 | Total period-end backlog: 158.0 US$ billions.,2023-06-25; 10-Q; 2023-07-19; 158.0,S14,filing,mosaic-finance.com,4,filing,filing,false,false,true,false,false,,none,,,filing,filing,true,false,false,3,false
20261007T073647718519Z-codex.archivist.RC03.r3-a1,archivist,reach,RC03,3,16,fact,2023-09-24 | 10-Q · 2023-10-17 | Total period-end backlog: 156.0 US$ billions.,2023-09-24; 10-Q; 2023-10-17; 156.0,S15,filing,mosaic-finance.com,4,filing,filing,false,false,true,false,false,,none,,,filing,filing,true,false,false,3,false
20261007T073647718519Z-codex.archivist.RC03.r3-a1,archivist,reach,RC03,3,17,fact,2023-12-31 | 10-K · 2024-01-23 | Total period-end backlog: 160.6 US$ billions.,2023-12-31; 10-K; 2024-01-23; 160.6,S16,filing,mosaic-finance.com,4,filing,filing,false,false,true,false,false,,none,,,filing,filing,true,false,false,4,false
20261007T073647718519Z-codex.archivist.RC03.r3-a1,archivist,reach,RC03,3,18,fact,2024-03-31 | 10-Q · 2024-04-23 | Total period-end backlog: 159.4 US$ billions.,2024-03-31; 10-Q; 2024-04-23; 159.4,S17,filing,mosaic-finance.com,4,filing,filing,false,false,true,false,false,,none,,,filing,filing,true,false,false,3,false
20261007T073647718519Z-codex.archivist.RC03.r3-a1,archivist,reach,RC03,3,19,fact,2024-06-30 | 10-Q · 2024-07-23 | Total period-end backlog: 158.3 US$ billions.,2024-06-30; 10-Q; 2024-07-23; 158.3,S18,filing,mosaic-finance.com,3,filing,filing,false,false,true,false,false,,none,,,filing,filing,true,false,false,2,false
20261007T073647718519Z-codex.archivist.RC03.r3-a1,archivist,reach,RC03,3,20,fact,2024-09-29 | 10-Q · 2024-10-22 | Total period-end backlog: 165.7 US$ billions.,2024-09-29; 10-Q; 2024-10-22; 165.7,S19,filing,mosaic-finance.com,4,filing,filing,false,false,true,false,false,,none,,,filing,filing,true,false,false,3,false
20261007T073647718519Z-codex.archivist.RC03.r3-a1,archivist,reach,RC03,3,21,fact,2024-12-31 | 10-K · 2025-01-28 | Total period-end backlog: 176.0 US$ billions.,2024-12-31; 10-K; 2025-01-28; 176.0,S20,filing,mosaic-finance.com,4,filing,filing,false,false,true,false,false,,none,,,filing,filing,true,false,false,4,false
20261007T073647718519Z-codex.archivist.RC03.r3-a1,archivist,reach,RC03,3,22,fact,2025-03-30 | 10-Q · 2025-04-22 | Total period-end backlog: 173.0 US$ billions.,2025-03-30; 10-Q; 2025-04-22; 173.0,S21,filing,mosaic-finance.com,3,filing,filing,false,false,true,false,false,,none,,,filing,filing,true,false,false,2,false
20261007T073647718519Z-codex.archivist.RC03.r3-a1,archivist,reach,RC03,3,23,fact,2025-06-29 | 10-Q · 2025-07-22 | Total period-end backlog: 166.5 US$ billions.,2025-06-29; 10-Q; 2025-07-22; 166.5,S22,filing,mosaic-finance.com,4,filing,filing,false,false,true,false,false,,none,,,filing,filing,true,false,false,3,false
20261007T073647718519Z-codex.archivist.RC03.r3-a1,archivist,reach,RC03,3,24,fact,2025-09-28 | 10-Q · 2025-10-21 | Total period-end backlog: 179.1 US$ billions.,2025-09-28; 10-Q; 2025-10-21; 179.1,S23,filing,mosaic-finance.com,4,filing,filing,false,false,true,false,false,,none,,,filing,filing,true,false,false,3,false
20261007T073647718519Z-codex.archivist.RC03.r3-a1,archivist,reach,RC03,3,25,fact,2025-12-31 | 10-K · 2026-01-29 | Total period-end backlog: 193.6 US$ billions.,2025-12-31; 10-K; 2026-01-29; 193.6,S24,filing,mosaic-finance.com,4,filing,filing,false,false,true,false,false,,none,,,filing,filing,true,false,false,4,false
20261007T073739264132Z-codex.both.RC03.r3-a1,both,reach,RC03,3,1,fact,"Lockheed Martin’s reported total backlog, in billions of US dollars, for all 24 reports in scope.",Lockheed Martin; 24,,,,2,filing,filing,false,false,true,false,false,,none,,,filing,filing,true,false,false,1,false
20261007T073739264132Z-codex.both.RC03.r3-a1,both,reach,RC03,3,2,fact,Lockheed Martin’s reported total backlog (billions of US dollars): 2020-03-29 | 144.1 | 10-Q · 2020-04-22.,Lockheed Martin; 2020-03-29; 144.1; 10-Q; 2020-04-22,S1,filing,mosaic-finance.com,5,filing,filing,false,false,true,false,false,,none,,,filing,filing,true,false,false,3,false
20261007T073739264132Z-codex.both.RC03.r3-a1,both,reach,RC03,3,3,fact,Lockheed Martin’s reported total backlog (billions of US dollars): 2020-06-28 | 150.3 | 10-Q · 2020-07-21.,Lockheed Martin; 2020-06-28; 150.3; 10-Q; 2020-07-21,S2,filing,mosaic-finance.com,5,filing,filing,false,false,true,false,false,,none,,,filing,filing,true,false,false,3,false
20261007T073739264132Z-codex.both.RC03.r3-a1,both,reach,RC03,3,4,fact,Lockheed Martin’s reported total backlog (billions of US dollars): 2020-09-27 | 150.4 | 10-Q · 2020-10-22.,Lockheed Martin; 2020-09-27; 150.4; 10-Q; 2020-10-22,S3,filing,mosaic-finance.com,5,filing,filing,false,false,true,false,false,,none,,,filing,filing,true,false,false,3,false
20261007T073739264132Z-codex.both.RC03.r3-a1,both,reach,RC03,3,5,fact,Lockheed Martin’s reported total backlog (billions of US dollars): 2020-12-31 | 147.1 | 10-K · 2021-01-28.,Lockheed Martin; 2020-12-31; 147.1; 10-K; 2021-01-28,S4,filing,mosaic-finance.com,5,filing,filing,false,false,true,false,false,,none,,,filing,filing,true,false,false,4,false
20261007T073739264132Z-codex.both.RC03.r3-a1,both,reach,RC03,3,6,fact,Lockheed Martin’s reported total backlog (billions of US dollars): 2021-03-28 | 147.4 | 10-Q · 2021-04-21.,Lockheed Martin; 2021-03-28; 147.4; 10-Q; 2021-04-21,S5,filing,mosaic-finance.com,5,filing,filing,false,false,true,false,false,,none,,,filing,filing,true,false,false,3,false
20261007T073739264132Z-codex.both.RC03.r3-a1,both,reach,RC03,3,7,fact,Lockheed Martin’s reported total backlog (billions of US dollars): 2021-06-27 | 141.7 | 10-Q · 2021-07-26.,Lockheed Martin; 2021-06-27; 141.7; 10-Q; 2021-07-26,S6,filing,mosaic-finance.com,5,filing,filing,false,false,true,false,false,,none,,,filing,filing,true,false,false,3,false
20261007T073739264132Z-codex.both.RC03.r3-a1,both,reach,RC03,3,8,fact,Lockheed Martin’s reported total backlog (billions of US dollars): 2021-09-26 | 134.8 | 10-Q · 2021-10-26.,Lockheed Martin; 2021-09-26; 134.8; 10-Q; 2021-10-26,S7,filing,mosaic-finance.com,5,filing,filing,false,false,true,false,false,,none,,,filing,filing,true,false,false,3,false
20261007T073739264132Z-codex.both.RC03.r3-a1,both,reach,RC03,3,9,fact,Lockheed Martin’s reported total backlog (billions of US dollars): 2021-12-31 | 135.4 | 10-K · 2022-01-25.,Lockheed Martin; 2021-12-31; 135.4; 10-K; 2022-01-25,S8,filing,mosaic-finance.com,5,filing,filing,false,false,true,false,false,,none,,,filing,filing,true,false,false,4,false
20261007T073739264132Z-codex.both.RC03.r3-a1,both,reach,RC03,3,10,fact,Lockheed Martin’s reported total backlog (billions of US dollars): 2022-03-27 | 134.2 | 10-Q · 2022-04-20.,Lockheed Martin; 2022-03-27; 134.2; 10-Q; 2022-04-20,S9,filing,mosaic-finance.com,4,filing,filing,false,false,true,false,false,,none,,,filing,filing,true,false,false,2,false
20261007T073739264132Z-codex.both.RC03.r3-a1,both,reach,RC03,3,11,fact,Lockheed Martin’s reported total backlog (billions of US dollars): 2022-06-26 | 134.6 | 10-Q · 2022-07-19.,Lockheed Martin; 2022-06-26; 134.6; 10-Q; 2022-07-19,S10,filing,mosaic-finance.com,5,filing,filing,false,false,true,false,false,,none,,,filing,filing,true,false,false,3,false
20261007T073739264132Z-codex.both.RC03.r3-a1,both,reach,RC03,3,12,fact,Lockheed Martin’s reported total backlog (billions of US dollars): 2022-09-25 | 139.7 | 10-Q · 2022-10-18.,Lockheed Martin; 2022-09-25; 139.7; 10-Q; 2022-10-18,S11,filing,mosaic-finance.com,5,filing,filing,false,false,true,false,false,,none,,,filing,filing,true,false,false,3,false
20261007T073739264132Z-codex.both.RC03.r3-a1,both,reach,RC03,3,13,fact,Lockheed Martin’s reported total backlog (billions of US dollars): 2022-12-31 | 150.0 | 10-K · 2023-01-26.,Lockheed Martin; 2022-12-31; 150.0; 10-K; 2023-01-26,S12,filing,mosaic-finance.com,5,filing,filing,false,false,true,false,false,,none,,,filing,filing,true,false,false,4,false
20261007T073739264132Z-codex.both.RC03.r3-a1,both,reach,RC03,3,14,fact,Lockheed Martin’s reported total backlog (billions of US dollars): 2023-03-26 | 145.1 | 10-Q · 2023-04-18.,Lockheed Martin; 2023-03-26; 145.1; 10-Q; 2023-04-18,S13,filing,mosaic-finance.com,5,filing,filing,false,false,true,false,false,,none,,,filing,filing,true,false,false,3,false
20261007T073739264132Z-codex.both.RC03.r3-a1,both,reach,RC03,3,15,fact,Lockheed Martin’s reported total backlog (billions of US dollars): 2023-06-25 | 158.0 | 10-Q · 2023-07-19.,Lockheed Martin; 2023-06-25; 158.0; 10-Q; 2023-07-19,S14,filing,mosaic-finance.com,5,filing,filing,false,false,true,false,false,,none,,,filing,filing,true,false,false,3,false
20261007T073739264132Z-codex.both.RC03.r3-a1,both,reach,RC03,3,16,fact,Lockheed Martin’s reported total backlog (billions of US dollars): 2023-09-24 | 156.0 | 10-Q · 2023-10-17.,Lockheed Martin; 2023-09-24; 156.0; 10-Q; 2023-10-17,S15,filing,mosaic-finance.com,5,filing,filing,false,false,true,false,false,,none,,,filing,filing,true,false,false,3,false
20261007T073739264132Z-codex.both.RC03.r3-a1,both,reach,RC03,3,17,fact,Lockheed Martin’s reported total backlog (billions of US dollars): 2023-12-31 | 160.6 | 10-K · 2024-01-23.,Lockheed Martin; 2023-12-31; 160.6; 10-K; 2024-01-23,S16,filing,mosaic-finance.com,5,filing,filing,false,false,true,false,false,,none,,,filing,filing,true,false,false,4,false
20261007T073739264132Z-codex.both.RC03.r3-a1,both,reach,RC03,3,18,fact,Lockheed Martin’s reported total backlog (billions of US dollars): 2024-03-31 | 159.4 | 10-Q · 2024-04-23.,Lockheed Martin; 2024-03-31; 159.4; 10-Q; 2024-04-23,S17,filing,mosaic-finance.com,5,filing,filing,false,false,true,false,false,,none,,,filing,filing,true,false,false,3,false
20261007T073739264132Z-codex.both.RC03.r3-a1,both,reach,RC03,3,19,fact,Lockheed Martin’s reported total backlog (billions of US dollars): 2024-06-30 | 158.3 | 10-Q · 2024-07-23.,Lockheed Martin; 2024-06-30; 158.3; 10-Q; 2024-07-23,S18,filing,mosaic-finance.com,4,filing,filing,false,false,true,false,false,,none,,,filing,filing,true,false,false,2,false
20261007T073739264132Z-codex.both.RC03.r3-a1,both,reach,RC03,3,20,fact,Lockheed Martin’s reported total backlog (billions of US dollars): 2024-09-29 | 165.7 | 10-Q · 2024-10-22.,Lockheed Martin; 2024-09-29; 165.7; 10-Q; 2024-10-22,S19,filing,mosaic-finance.com,5,filing,filing,false,false,true,false,false,,none,,,filing,filing,true,false,false,3,false
20261007T073739264132Z-codex.both.RC03.r3-a1,both,reach,RC03,3,21,fact,Lockheed Martin’s reported total backlog (billions of US dollars): 2024-12-31 | 176.0 | 10-K · 2025-01-28.,Lockheed Martin; 2024-12-31; 176.0; 10-K; 2025-01-28,S20,filing,mosaic-finance.com,5,filing,filing,false,false,true,false,false,,none,,,filing,filing,true,false,false,4,false
20261007T073739264132Z-codex.both.RC03.r3-a1,both,reach,RC03,3,22,fact,Lockheed Martin’s reported total backlog (billions of US dollars): 2025-03-30 | 173.0 | 10-Q · 2025-04-22.,Lockheed Martin; 2025-03-30; 173.0; 10-Q; 2025-04-22,S21,filing,mosaic-finance.com,4,filing,filing,false,false,true,false,false,,none,,,filing,filing,true,false,false,2,false
20261007T073739264132Z-codex.both.RC03.r3-a1,both,reach,RC03,3,23,fact,Lockheed Martin’s reported total backlog (billions of US dollars): 2025-06-29 | 166.5 | 10-Q · 2025-07-22.,Lockheed Martin; 2025-06-29; 166.5; 10-Q; 2025-07-22,S22,filing,mosaic-finance.com,5,filing,filing,false,false,true,false,false,,none,,,filing,filing,true,false,false,3,false
20261007T073739264132Z-codex.both.RC03.r3-a1,both,reach,RC03,3,24,fact,Lockheed Martin’s reported total backlog (billions of US dollars): 2025-09-28 | 179.1 | 10-Q · 2025-10-21.,Lockheed Martin; 2025-09-28; 179.1; 10-Q; 2025-10-21,S23,filing,mosaic-finance.com,5,filing,filing,false,false,true,false,false,,none,,,filing,filing,true,false,false,3,false
20261007T073739264132Z-codex.both.RC03.r3-a1,both,reach,RC03,3,25,fact,Lockheed Martin’s reported total backlog (billions of US dollars): 2025-12-31 | 193.6 | 10-K · 2026-01-29.,Lockheed Martin; 2025-12-31; 193.6; 10-K; 2026-01-29,S24,filing,mosaic-finance.com,5,filing,filing,false,false,true,false,false,,none,,,filing,filing,true,false,false,4,false
20261007T073819813702Z-codex.web.RC04.r3-a1,web,reach,RC04,3,1,fact,"Reported operating ratios for all 24 reports, excluding amendments.",24,,,,1,filing,filing,false,false,true,true,false,issuer; forum; aggregator,none,,,filing,filing,true,true,false,1,false
20261007T073819813702Z-codex.web.RC04.r3-a1,web,reach,RC04,3,2,fact,2020 Q1 — 10-Q: 59.0% operating ratio.,59.0%,S1,filing,filing-source,1,filing,filing,false,false,true,true,false,issuer; aggregator; news,none,,,filing,filing,true,true,false,1,false
20261007T073819813702Z-codex.web.RC04.r3-a1,web,reach,RC04,3,3,fact,2020 Q2 — 10-Q: 61.0% operating ratio.,61.0%,S2,issuer,up.com,1,filing,filing,false,true,true,true,false,issuer; other,none,,,filing,filing,true,true,false,1,false
20261007T073819813702Z-codex.web.RC04.r3-a1,web,reach,RC04,3,4,fact,2020 Q3 — 10-Q: 58.7% operating ratio.,58.7%,S3,issuer,up.com,1,filing,filing,false,true,true,true,false,issuer; other,none,,,filing,filing,true,true,false,1,false
20261007T073819813702Z-codex.web.RC04.r3-a1,web,reach,RC04,3,5,fact,2020 Full year — 10-K: 59.9% operating ratio.,59.9%,S4,issuer,up.com,1,filing,filing,false,true,true,true,false,issuer; aggregator; news; other,none,,,filing,filing,true,true,false,1,false
20261007T073819813702Z-codex.web.RC04.r3-a1,web,reach,RC04,3,6,fact,2021 Q1 — 10-Q: 60.1% operating ratio.,60.1%,S5,filing,filing-source,1,filing,filing,false,false,true,true,false,issuer; aggregator,none,,,filing,filing,true,true,false,1,false
20261007T073819813702Z-codex.web.RC04.r3-a1,web,reach,RC04,3,7,fact,2021 Q2 — 10-Q: 55.1% operating ratio.,55.1%,S6,filing,filing-source,1,secondary,issuer,false,false,false,true,false,issuer; other,none,,,secondary,issuer,false,true,false,1,false
20261007T073819813702Z-codex.web.RC04.r3-a1,web,reach,RC04,3,8,fact,2021 Q3 — 10-Q: 56.3% operating ratio.,56.3%,S7,filing,filing-source,1,filing,filing,false,false,true,true,false,issuer,none,,,filing,filing,true,true,false,1,false
20261007T073819813702Z-codex.web.RC04.r3-a1,web,reach,RC04,3,9,fact,2021 Full year — 10-K: 57.2% operating ratio.,57.2%,S8,filing,filing-source,1,filing,filing,false,false,true,true,false,issuer; aggregator,none,,,filing,filing,true,true,false,1,false
20261007T073819813702Z-codex.web.RC04.r3-a1,web,reach,RC04,3,10,fact,2022 Q1 — 10-Q: 59.4% operating ratio.,59.4%,S9,filing,filing-source,1,filing,filing,false,false,true,true,false,issuer,none,,,filing,filing,true,true,false,1,false
20261007T073819813702Z-codex.web.RC04.r3-a1,web,reach,RC04,3,11,fact,2022 Q2 — 10-Q: 60.2% operating ratio.,60.2%,S10,issuer,up.com,1,filing,filing,false,true,true,true,false,issuer; aggregator,none,,,filing,filing,true,true,false,1,false
20261007T073819813702Z-codex.web.RC04.r3-a1,web,reach,RC04,3,12,fact,2022 Q3 — 10-Q: 59.9% operating ratio.,59.9%,S11,filing,filing-source,1,filing,filing,false,false,true,true,false,issuer; aggregator; news; other,none,,,filing,filing,true,true,false,1,false
20261007T073819813702Z-codex.web.RC04.r3-a1,web,reach,RC04,3,13,fact,2022 Full year — 10-K: 60.1% operating ratio.,60.1%,S12,filing,filing-source,1,filing,filing,false,false,true,true,false,issuer; aggregator,none,,,filing,filing,true,true,false,1,false
20261007T073819813702Z-codex.web.RC04.r3-a1,web,reach,RC04,3,14,fact,2023 Q1 — 10-Q: 62.1% operating ratio.,62.1%,S13,filing,filing-source,1,filing,filing,false,false,true,true,false,issuer; aggregator,none,,,filing,filing,true,true,false,1,false
20261007T073819813702Z-codex.web.RC04.r3-a1,web,reach,RC04,3,15,fact,2023 Q2 — 10-Q: 63.0% operating ratio.,63.0%,S14,filing,filing-source,1,filing,filing,false,false,true,true,false,issuer; aggregator,none,,,filing,filing,true,true,false,1,false
20261007T073819813702Z-codex.web.RC04.r3-a1,web,reach,RC04,3,16,fact,2023 Q3 — 10-Q: 63.4% operating ratio.,63.4%,S15,filing,filing-source,1,filing,filing,false,false,true,true,false,issuer; aggregator,none,,,filing,filing,true,true,false,1,false
20261007T073819813702Z-codex.web.RC04.r3-a1,web,reach,RC04,3,17,fact,2023 Full year — 10-K: 62.3% operating ratio.,62.3%,S16,filing,filing-source,1,filing,filing,false,false,true,true,false,aggregator,none,,,filing,filing,true,true,false,1,false
20261007T073819813702Z-codex.web.RC04.r3-a1,web,reach,RC04,3,18,fact,2024 Q1 — 10-Q: 60.7% operating ratio.,60.7%,S17,issuer,investor.unionpacific.com,1,filing,filing,false,true,true,true,false,issuer; aggregator,none,,,filing,filing,true,true,false,1,false
20261007T073819813702Z-codex.web.RC04.r3-a1,web,reach,RC04,3,19,fact,2024 Q2 — 10-Q: 60.0% operating ratio.,60.0%,S18,filing,filing-source,1,filing,filing,false,false,true,true,false,issuer,none,,,filing,filing,true,true,false,1,false
20261007T073819813702Z-codex.web.RC04.r3-a1,web,reach,RC04,3,20,fact,2024 Q3 — 10-Q: 60.3% operating ratio.,60.3%,S19,filing,filing-source,1,filing,filing,false,false,true,true,false,issuer; aggregator,none,,,filing,filing,true,true,false,1,false
20261007T073819813702Z-codex.web.RC04.r3-a1,web,reach,RC04,3,21,fact,2024 Full year — 10-K: 59.9% operating ratio.,59.9%,S20,filing,filing-source,1,filing,filing,false,false,true,true,false,issuer; aggregator; news; other,none,,,filing,filing,true,true,false,1,false
20261007T073819813702Z-codex.web.RC04.r3-a1,web,reach,RC04,3,22,fact,2025 Q1 — 10-Q: 60.7% operating ratio.,60.7%,S21,filing,filing-source,1,filing,filing,false,false,true,true,false,issuer; aggregator,none,,,filing,filing,true,true,false,1,false
20261007T073819813702Z-codex.web.RC04.r3-a1,web,reach,RC04,3,23,fact,2025 Q2 — 10-Q: 59.0% operating ratio.,59.0%,S22,filing,filing-source,1,filing,filing,false,false,true,true,false,issuer; aggregator; news,none,,,filing,filing,true,true,false,1,false
20261007T073819813702Z-codex.web.RC04.r3-a1,web,reach,RC04,3,24,fact,2025 Q3 — 10-Q: 59.2% operating ratio.,59.2%,S23,issuer,investor.unionpacific.com,1,secondary,issuer,false,true,false,true,false,issuer; aggregator,none,,,secondary,issuer,false,true,false,1,false
20261007T073819813702Z-codex.web.RC04.r3-a1,web,reach,RC04,3,25,fact,2025 Full year — 10-K: 59.8% operating ratio.,59.8%,S24,filing,filing-source,1,filing,filing,false,false,true,true,false,issuer,none,,,filing,filing,true,true,false,1,false
20261007T073956342874Z-codex.archivist.RC04.r3-a1,archivist,reach,RC04,3,1,fact,Each 10-Q figure covers the quarter only; each 10-K figure covers the full fiscal year. Amendments are excluded.,10-Q; 10-K,,,,1,filing,filing,false,false,true,false,false,,none,,,filing,filing,true,false,false,1,false
20261007T073956342874Z-codex.archivist.RC04.r3-a1,archivist,reach,RC04,3,2,fact,"Union Pacific’s reported operating ratio: Q1 2020 (March 31), 10-Q, filed 2020-04-23, 59.0%.",Union Pacific; Q1 2020; March 31; 10-Q; 2020-04-23; 59.0%,S1,filing,mosaic-finance.com,6,unattributed,,false,false,false,false,false,,none,,,filing,filing,true,false,false,2,false
20261007T073956342874Z-codex.archivist.RC04.r3-a1,archivist,reach,RC04,3,3,fact,"Union Pacific’s reported operating ratio: Q2 2020 (June 30), 10-Q, filed 2020-07-23, 61.0%.",Union Pacific; Q2 2020; June 30; 10-Q; 2020-07-23; 61.0%,S2,filing,mosaic-finance.com,6,unattributed,,false,false,false,false,false,,none,,,filing,filing,true,false,false,2,false
20261007T073956342874Z-codex.archivist.RC04.r3-a1,archivist,reach,RC04,3,4,fact,"Union Pacific’s reported operating ratio: Q3 2020 (September 30), 10-Q, filed 2020-10-22, 58.7%.",Union Pacific; Q3 2020; September 30; 10-Q; 2020-10-22; 58.7%,S3,filing,mosaic-finance.com,6,unattributed,,false,false,false,false,false,,none,,,filing,filing,true,false,false,2,false
20261007T073956342874Z-codex.archivist.RC04.r3-a1,archivist,reach,RC04,3,5,fact,"Union Pacific’s reported operating ratio: FY 2020 (December 31), 10-K, filed 2021-02-05, 59.9%.",Union Pacific; FY 2020; December 31; 10-K; 2021-02-05; 59.9%,S4,filing,mosaic-finance.com,3,filing,filing,false,false,true,false,false,,none,,,filing,filing,true,false,false,1,false
20261007T073956342874Z-codex.archivist.RC04.r3-a1,archivist,reach,RC04,3,6,fact,"Union Pacific’s reported operating ratio: Q1 2021 (March 31), 10-Q, filed 2021-04-22, 60.1%.",Union Pacific; Q1 2021; March 31; 10-Q; 2021-04-22; 60.1%,S5,filing,mosaic-finance.com,6,unattributed,,false,false,false,false,false,,none,,,filing,filing,true,false,false,2,false
20261007T073956342874Z-codex.archivist.RC04.r3-a1,archivist,reach,RC04,3,7,fact,"Union Pacific’s reported operating ratio: Q2 2021 (June 30), 10-Q, filed 2021-07-22, 55.1%.",Union Pacific; Q2 2021; June 30; 10-Q; 2021-07-22; 55.1%,S6,filing,mosaic-finance.com,6,unattributed,,false,false,false,false,false,,none,,,filing,filing,true,false,false,2,false
20261007T073956342874Z-codex.archivist.RC04.r3-a1,archivist,reach,RC04,3,8,fact,"Union Pacific’s reported operating ratio: Q3 2021 (September 30), 10-Q, filed 2021-10-21, 56.3%.",Union Pacific; Q3 2021; September 30; 10-Q; 2021-10-21; 56.3%,S7,filing,mosaic-finance.com,6,unattributed,,false,false,false,false,false,,none,,,filing,filing,true,false,false,2,false
20261007T073956342874Z-codex.archivist.RC04.r3-a1,archivist,reach,RC04,3,9,fact,"Union Pacific’s reported operating ratio: FY 2021 (December 31), 10-K, filed 2022-02-04, 57.2%.",Union Pacific; FY 2021; December 31; 10-K; 2022-02-04; 57.2%,S8,filing,mosaic-finance.com,3,filing,filing,false,false,true,false,false,,none,,,filing,filing,true,false,false,1,false
20261007T073956342874Z-codex.archivist.RC04.r3-a1,archivist,reach,RC04,3,10,fact,"Union Pacific’s reported operating ratio: Q1 2022 (March 31), 10-Q, filed 2022-04-21, 59.4%.",Union Pacific; Q1 2022; March 31; 10-Q; 2022-04-21; 59.4%,S9,filing,mosaic-finance.com,6,unattributed,,false,false,false,false,false,,none,,,filing,filing,true,false,false,2,false
20261007T073956342874Z-codex.archivist.RC04.r3-a1,archivist,reach,RC04,3,11,fact,"Union Pacific’s reported operating ratio: Q2 2022 (June 30), 10-Q, filed 2022-07-21, 60.2%.",Union Pacific; Q2 2022; June 30; 10-Q; 2022-07-21; 60.2%,S10,filing,mosaic-finance.com,6,unattributed,,false,false,false,false,false,,none,,,filing,filing,true,false,false,2,false
20261007T073956342874Z-codex.archivist.RC04.r3-a1,archivist,reach,RC04,3,12,fact,"Union Pacific’s reported operating ratio: Q3 2022 (September 30), 10-Q, filed 2022-10-20, 59.9%.",Union Pacific; Q3 2022; September 30; 10-Q; 2022-10-20; 59.9%,S11,filing,mosaic-finance.com,5,unattributed,,false,false,false,false,false,,none,,,filing,filing,true,false,false,1,false
20261007T073956342874Z-codex.archivist.RC04.r3-a1,archivist,reach,RC04,3,13,fact,"Union Pacific’s reported operating ratio: FY 2022 (December 31), 10-K, filed 2023-02-10, 60.1%.",Union Pacific; FY 2022; December 31; 10-K; 2023-02-10; 60.1%,S12,filing,mosaic-finance.com,3,filing,filing,false,false,true,false,false,,none,,,filing,filing,true,false,false,1,false
20261007T073956342874Z-codex.archivist.RC04.r3-a1,archivist,reach,RC04,3,14,fact,"Union Pacific’s reported operating ratio: Q1 2023 (March 31), 10-Q, filed 2023-04-20, 62.1%.",Union Pacific; Q1 2023; March 31; 10-Q; 2023-04-20; 62.1%,S13,filing,mosaic-finance.com,5,unattributed,,false,false,false,false,false,,none,,,filing,filing,true,false,false,1,false
20261007T073956342874Z-codex.archivist.RC04.r3-a1,archivist,reach,RC04,3,15,fact,"Union Pacific’s reported operating ratio: Q2 2023 (June 30), 10-Q, filed 2023-07-26, 63.0%.",Union Pacific; Q2 2023; June 30; 10-Q; 2023-07-26; 63.0%,S14,filing,mosaic-finance.com,6,unattributed,,false,false,false,false,false,,none,,,filing,filing,true,false,false,2,false
20261007T073956342874Z-codex.archivist.RC04.r3-a1,archivist,reach,RC04,3,16,fact,"Union Pacific’s reported operating ratio: Q3 2023 (September 30), 10-Q, filed 2023-10-19, 63.4%.",Union Pacific; Q3 2023; September 30; 10-Q; 2023-10-19; 63.4%,S15,filing,mosaic-finance.com,6,unattributed,,false,false,false,false,false,,none,,,filing,filing,true,false,false,2,false
20261007T073956342874Z-codex.archivist.RC04.r3-a1,archivist,reach,RC04,3,17,fact,"Union Pacific’s reported operating ratio: FY 2023 (December 31), 10-K, filed 2024-02-09, 62.3%.",Union Pacific; FY 2023; December 31; 10-K; 2024-02-09; 62.3%,S16,filing,mosaic-finance.com,3,filing,filing,false,false,true,false,false,,none,,,filing,filing,true,false,false,1,false
20261007T073956342874Z-codex.archivist.RC04.r3-a1,archivist,reach,RC04,3,18,fact,"Union Pacific’s reported operating ratio: Q1 2024 (March 31), 10-Q, filed 2024-04-25, 60.7%.",Union Pacific; Q1 2024; March 31; 10-Q; 2024-04-25; 60.7%,S17,filing,mosaic-finance.com,6,unattributed,,false,false,false,false,false,,none,,,filing,filing,true,false,false,2,false
20261007T073956342874Z-codex.archivist.RC04.r3-a1,archivist,reach,RC04,3,19,fact,"Union Pacific’s reported operating ratio: Q2 2024 (June 30), 10-Q, filed 2024-07-25, 60.0%.",Union Pacific; Q2 2024; June 30; 10-Q; 2024-07-25; 60.0%,S18,filing,mosaic-finance.com,6,unattributed,,false,false,false,false,false,,none,,,filing,filing,true,false,false,2,false
20261007T073956342874Z-codex.archivist.RC04.r3-a1,archivist,reach,RC04,3,20,fact,"Union Pacific’s reported operating ratio: Q3 2024 (September 30), 10-Q, filed 2024-10-24, 60.3%.",Union Pacific; Q3 2024; September 30; 10-Q; 2024-10-24; 60.3%,S19,filing,mosaic-finance.com,6,unattributed,,false,false,false,false,false,,none,,,filing,filing,true,false,false,2,false
20261007T073956342874Z-codex.archivist.RC04.r3-a1,archivist,reach,RC04,3,21,fact,"Union Pacific’s reported operating ratio: FY 2024 (December 31), 10-K, filed 2025-02-07, 59.9%.",Union Pacific; FY 2024; December 31; 10-K; 2025-02-07; 59.9%,S20,filing,mosaic-finance.com,3,filing,filing,false,false,true,false,false,,none,,,filing,filing,true,false,false,1,false
20261007T073956342874Z-codex.archivist.RC04.r3-a1,archivist,reach,RC04,3,22,fact,"Union Pacific’s reported operating ratio: Q1 2025 (March 31), 10-Q, filed 2025-04-24, 60.7%.",Union Pacific; Q1 2025; March 31; 10-Q; 2025-04-24; 60.7%,S21,filing,mosaic-finance.com,6,unattributed,,false,false,false,false,false,,none,,,filing,filing,true,false,false,2,false
20261007T073956342874Z-codex.archivist.RC04.r3-a1,archivist,reach,RC04,3,23,fact,"Union Pacific’s reported operating ratio: Q2 2025 (June 30), 10-Q, filed 2025-07-24, 59.0%.",Union Pacific; Q2 2025; June 30; 10-Q; 2025-07-24; 59.0%,S22,filing,mosaic-finance.com,6,unattributed,,false,false,false,false,false,,none,,,filing,filing,true,false,false,2,false
20261007T073956342874Z-codex.archivist.RC04.r3-a1,archivist,reach,RC04,3,24,fact,"Union Pacific’s reported operating ratio: Q3 2025 (September 30), 10-Q, filed 2025-10-23, 59.2%.",Union Pacific; Q3 2025; September 30; 10-Q; 2025-10-23; 59.2%,S23,filing,mosaic-finance.com,6,unattributed,,false,false,false,false,false,,none,,,filing,filing,true,false,false,2,false
20261007T073956342874Z-codex.archivist.RC04.r3-a1,archivist,reach,RC04,3,25,fact,"Union Pacific’s reported operating ratio: FY 2025 (December 31), 10-K, filed 2026-02-06, 59.8%.",Union Pacific; FY 2025; December 31; 10-K; 2026-02-06; 59.8%,S24,filing,mosaic-finance.com,3,filing,filing,false,false,true,false,false,,none,,,filing,filing,true,false,false,1,false
20261007T074036325500Z-codex.both.RC04.r3-a1,both,reach,RC04,3,1,fact,Q1 2020 | 10-Q | 2020-04-23 | Operating ratio 59.0%,Q1 2020; 10-Q; 2020-04-23; 59.0%,S1,filing,mosaic-finance.com,4,unattributed,,false,false,false,false,false,,none,,,filing,filing,true,false,false,2,false
20261007T074036325500Z-codex.both.RC04.r3-a1,both,reach,RC04,3,2,fact,Q2 2020 | 10-Q | 2020-07-23 | Operating ratio 61.0%,Q2 2020; 10-Q; 2020-07-23; 61.0%,S2,filing,mosaic-finance.com,4,unattributed,,false,false,false,false,false,,none,,,filing,filing,true,false,false,2,false
20261007T074036325500Z-codex.both.RC04.r3-a1,both,reach,RC04,3,3,fact,Q3 2020 | 10-Q | 2020-10-22 | Operating ratio 58.7%,Q3 2020; 10-Q; 2020-10-22; 58.7%,S3,filing,mosaic-finance.com,4,unattributed,,false,false,false,false,false,,none,,,filing,filing,true,false,false,2,false
20261007T074036325500Z-codex.both.RC04.r3-a1,both,reach,RC04,3,4,fact,FY 2020 | 10-K | 2021-02-05 | Operating ratio 59.9%,FY 2020; 10-K; 2021-02-05; 59.9%,S4,filing,mosaic-finance.com,1,filing,filing,false,false,true,false,false,,none,,,filing,filing,true,false,false,1,false
20261007T074036325500Z-codex.both.RC04.r3-a1,both,reach,RC04,3,5,fact,Q1 2021 | 10-Q | 2021-04-22 | Operating ratio 60.1%,Q1 2021; 10-Q; 2021-04-22; 60.1%,S5,filing,mosaic-finance.com,4,unattributed,,false,false,false,false,false,,none,,,filing,filing,true,false,false,2,false
20261007T074036325500Z-codex.both.RC04.r3-a1,both,reach,RC04,3,6,fact,Q2 2021 | 10-Q | 2021-07-22 | Operating ratio 55.1%,Q2 2021; 10-Q; 2021-07-22; 55.1%,S6,filing,mosaic-finance.com,4,unattributed,,false,false,false,false,false,,none,,,filing,filing,true,false,false,2,false
20261007T074036325500Z-codex.both.RC04.r3-a1,both,reach,RC04,3,7,fact,Q3 2021 | 10-Q | 2021-10-21 | Operating ratio 56.3%,Q3 2021; 10-Q; 2021-10-21; 56.3%,S7,filing,mosaic-finance.com,4,unattributed,,false,false,false,false,false,,none,,,filing,filing,true,false,false,2,false
20261007T074036325500Z-codex.both.RC04.r3-a1,both,reach,RC04,3,8,fact,FY 2021 | 10-K | 2022-02-04 | Operating ratio 57.2%,FY 2021; 10-K; 2022-02-04; 57.2%,S8,filing,mosaic-finance.com,1,filing,filing,false,false,true,false,false,,none,,,filing,filing,true,false,false,1,false
20261007T074036325500Z-codex.both.RC04.r3-a1,both,reach,RC04,3,9,fact,Q1 2022 | 10-Q | 2022-04-21 | Operating ratio 59.4%,Q1 2022; 10-Q; 2022-04-21; 59.4%,S9,filing,mosaic-finance.com,4,unattributed,,false,false,false,false,false,,none,,,filing,filing,true,false,false,2,false
20261007T074036325500Z-codex.both.RC04.r3-a1,both,reach,RC04,3,10,fact,Q2 2022 | 10-Q | 2022-07-21 | Operating ratio 60.2%,Q2 2022; 10-Q; 2022-07-21; 60.2%,S10,filing,mosaic-finance.com,4,unattributed,,false,false,false,false,false,,none,,,filing,filing,true,false,false,2,false
20261007T074036325500Z-codex.both.RC04.r3-a1,both,reach,RC04,3,11,fact,Q3 2022 | 10-Q | 2022-10-20 | Operating ratio 59.9%,Q3 2022; 10-Q; 2022-10-20; 59.9%,S11,filing,mosaic-finance.com,3,unattributed,,false,false,false,false,false,,none,,,filing,filing,true,false,false,1,false
20261007T074036325500Z-codex.both.RC04.r3-a1,both,reach,RC04,3,12,fact,FY 2022 | 10-K | 2023-02-10 | Operating ratio 60.1%,FY 2022; 10-K; 2023-02-10; 60.1%,S12,filing,mosaic-finance.com,1,filing,filing,false,false,true,false,false,,none,,,filing,filing,true,false,false,1,false
20261007T074036325500Z-codex.both.RC04.r3-a1,both,reach,RC04,3,13,fact,Q1 2023 | 10-Q | 2023-04-20 | Operating ratio 62.1%,Q1 2023; 10-Q; 2023-04-20; 62.1%,S13,filing,mosaic-finance.com,3,unattributed,,false,false,false,false,false,,none,,,filing,filing,true,false,false,1,false
20261007T074036325500Z-codex.both.RC04.r3-a1,both,reach,RC04,3,14,fact,Q2 2023 | 10-Q | 2023-07-26 | Operating ratio 63.0%,Q2 2023; 10-Q; 2023-07-26; 63.0%,S14,filing,mosaic-finance.com,4,unattributed,,false,false,false,false,false,,none,,,filing,filing,true,false,false,2,false
20261007T074036325500Z-codex.both.RC04.r3-a1,both,reach,RC04,3,15,fact,Q3 2023 | 10-Q | 2023-10-19 | Operating ratio 63.4%,Q3 2023; 10-Q; 2023-10-19; 63.4%,S15,filing,mosaic-finance.com,4,unattributed,,false,false,false,false,false,,none,,,filing,filing,true,false,false,2,false
20261007T074036325500Z-codex.both.RC04.r3-a1,both,reach,RC04,3,16,fact,FY 2023 | 10-K | 2024-02-09 | Operating ratio 62.3%,FY 2023; 10-K; 2024-02-09; 62.3%,S16,filing,mosaic-finance.com,1,filing,filing,false,false,true,false,false,,none,,,filing,filing,true,false,false,1,false
20261007T074036325500Z-codex.both.RC04.r3-a1,both,reach,RC04,3,17,fact,Q1 2024 | 10-Q | 2024-04-25 | Operating ratio 60.7%,Q1 2024; 10-Q; 2024-04-25; 60.7%,S17,filing,mosaic-finance.com,4,unattributed,,false,false,false,false,false,,none,,,filing,filing,true,false,false,2,false
20261007T074036325500Z-codex.both.RC04.r3-a1,both,reach,RC04,3,18,fact,Q2 2024 | 10-Q | 2024-07-25 | Operating ratio 60.0%,Q2 2024; 10-Q; 2024-07-25; 60.0%,S18,filing,mosaic-finance.com,4,unattributed,,false,false,false,false,false,,none,,,filing,filing,true,false,false,2,false
20261007T074036325500Z-codex.both.RC04.r3-a1,both,reach,RC04,3,19,fact,Q3 2024 | 10-Q | 2024-10-24 | Operating ratio 60.3%,Q3 2024; 10-Q; 2024-10-24; 60.3%,S19,filing,mosaic-finance.com,4,unattributed,,false,false,false,false,false,,none,,,filing,filing,true,false,false,2,false
20261007T074036325500Z-codex.both.RC04.r3-a1,both,reach,RC04,3,20,fact,FY 2024 | 10-K | 2025-02-07 | Operating ratio 59.9%,FY 2024; 10-K; 2025-02-07; 59.9%,S20,filing,mosaic-finance.com,1,filing,filing,false,false,true,false,false,,none,,,filing,filing,true,false,false,1,false
20261007T074036325500Z-codex.both.RC04.r3-a1,both,reach,RC04,3,21,fact,Q1 2025 | 10-Q | 2025-04-24 | Operating ratio 60.7%,Q1 2025; 10-Q; 2025-04-24; 60.7%,S21,filing,mosaic-finance.com,4,unattributed,,false,false,false,false,false,,none,,,filing,filing,true,false,false,2,false
20261007T074036325500Z-codex.both.RC04.r3-a1,both,reach,RC04,3,22,fact,Q2 2025 | 10-Q | 2025-07-24 | Operating ratio 59.0%,Q2 2025; 10-Q; 2025-07-24; 59.0%,S22,filing,mosaic-finance.com,4,unattributed,,false,false,false,false,false,,none,,,filing,filing,true,false,false,2,false
20261007T074036325500Z-codex.both.RC04.r3-a1,both,reach,RC04,3,23,fact,Q3 2025 | 10-Q | 2025-10-23 | Operating ratio 59.2%,Q3 2025; 10-Q; 2025-10-23; 59.2%,S23,filing,mosaic-finance.com,4,unattributed,,false,false,false,false,false,,none,,,filing,filing,true,false,false,2,false
20261007T074036325500Z-codex.both.RC04.r3-a1,both,reach,RC04,3,24,fact,FY 2025 | 10-K | 2026-02-06 | Operating ratio 59.8%,FY 2025; 10-K; 2026-02-06; 59.8%,S24,filing,mosaic-finance.com,1,filing,filing,false,false,true,false,false,,none,,,filing,filing,true,false,false,1,false
20261007T074158767769Z-codex.web.RC05.r3-a1,web,reach,RC05,3,1,fact,"The 24 original reports, excluding amendments, give the following average Family DAP for the period’s last month, in billions.",24,,,,1,filing,filing,false,false,true,true,false,issuer; forum; aggregator; news; other,none,,,filing,filing,true,true,false,1,false
20261007T074158767769Z-codex.web.RC05.r3-a1,web,reach,RC05,3,2,fact,2020 Q1 10-Q gives average Family DAP for March 2020 of 2.36 billions.,2020 Q1 10-Q; March 2020; 2.36,S1,filing,filing-source,3,secondary,issuer,false,false,false,false,false,issuer; aggregator,none,,,filing,filing,true,true,false,1,false
20261007T074158767769Z-codex.web.RC05.r3-a1,web,reach,RC05,3,3,fact,2020 Q2 10-Q gives average Family DAP for June 2020 of 2.47 billions.,2020 Q2 10-Q; June 2020; 2.47,S2,filing,filing-source,3,secondary,issuer,false,false,false,false,false,issuer; promotional; aggregator; reference,none,,,filing,filing,true,true,false,1,false
20261007T074158767769Z-codex.web.RC05.r3-a1,web,reach,RC05,3,4,fact,2020 Q3 10-Q gives average Family DAP for September 2020 of 2.54 billions.,2020 Q3 10-Q; September 2020; 2.54,S3,filing,filing-source,3,secondary,issuer,false,false,false,false,false,issuer; promotional; reference,none,,,filing,filing,true,true,false,1,false
20261007T074158767769Z-codex.web.RC05.r3-a1,web,reach,RC05,3,5,fact,2020 10-K gives average Family DAP for December 2020 of 2.60 billions.,2020 10-K; December 2020; 2.60,S4,filing,filing-source,2,filing,filing,false,false,true,true,false,issuer; forum; promotional; aggregator; reference,none,,,filing,filing,true,true,false,1,false
20261007T074158767769Z-codex.web.RC05.r3-a1,web,reach,RC05,3,6,fact,2021 Q1 10-Q gives average Family DAP for March 2021 of 2.72 billions.,2021 Q1 10-Q; March 2021; 2.72,S5,filing,filing-source,3,secondary,issuer,false,false,false,false,false,issuer; forum; promotional; aggregator,none,,,filing,filing,true,true,false,1,false
20261007T074158767769Z-codex.web.RC05.r3-a1,web,reach,RC05,3,7,fact,2021 Q2 10-Q gives average Family DAP for June 2021 of 2.76 billions.,2021 Q2 10-Q; June 2021; 2.76,S6,filing,filing-source,3,secondary,issuer,false,false,false,false,false,issuer; promotional; aggregator,none,,,filing,filing,true,true,false,1,false
20261007T074158767769Z-codex.web.RC05.r3-a1,web,reach,RC05,3,8,fact,2021 Q3 10-Q gives average Family DAP for September 2021 of 2.81 billions.,2021 Q3 10-Q; September 2021; 2.81,S7,filing,filing-source,3,secondary,issuer,false,false,false,false,false,issuer; promotional,none,,,filing,filing,true,true,false,1,false
20261007T074158767769Z-codex.web.RC05.r3-a1,web,reach,RC05,3,9,fact,2021 10-K gives average Family DAP for December 2021 of 2.82 billions.,2021 10-K; December 2021; 2.82,S8,filing,filing-source,2,filing,filing,false,false,true,true,false,issuer; forum; promotional; aggregator,none,,,filing,filing,true,true,false,1,false
20261007T074158767769Z-codex.web.RC05.r3-a1,web,reach,RC05,3,10,fact,2022 Q1 10-Q gives average Family DAP for March 2022 of 2.87 billions.,2022 Q1 10-Q; March 2022; 2.87,S9,filing,filing-source,3,secondary,issuer,false,false,false,false,false,issuer; promotional; aggregator; news; reference; other,none,,,filing,filing,true,true,false,1,false
20261007T074158767769Z-codex.web.RC05.r3-a1,web,reach,RC05,3,11,fact,2022 Q2 10-Q gives average Family DAP for June 2022 of 2.88 billions.,2022 Q2 10-Q; June 2022; 2.88,S10,filing,filing-source,3,secondary,issuer,false,false,false,false,false,issuer; aggregator,none,,,filing,filing,true,true,false,1,false
20261007T074158767769Z-codex.web.RC05.r3-a1,web,reach,RC05,3,12,fact,2022 Q3 10-Q gives average Family DAP for September 2022 of 2.93 billions.,2022 Q3 10-Q; September 2022; 2.93,S11,filing,filing-source,3,secondary,issuer,false,false,false,false,false,issuer; forum; aggregator; other,none,,,filing,filing,true,true,false,1,false
20261007T074158767769Z-codex.web.RC05.r3-a1,web,reach,RC05,3,13,fact,2022 10-K gives average Family DAP for December 2022 of 2.96 billions.,2022 10-K; December 2022; 2.96,S12,filing,filing-source,2,filing,filing,false,false,true,true,false,issuer; forum; aggregator; news; reference,none,,,filing,filing,true,true,false,1,false
20261007T074158767769Z-codex.web.RC05.r3-a1,web,reach,RC05,3,14,fact,2023 Q1 10-Q gives average Family DAP for March 2023 of 3.02 billions.,2023 Q1 10-Q; March 2023; 3.02,S13,filing,filing-source,3,secondary,aggregator,false,false,false,false,false,aggregator; other,none,,,filing,filing,true,false,false,1,false
20261007T074158767769Z-codex.web.RC05.r3-a1,web,reach,RC05,3,15,fact,2023 Q2 10-Q gives average Family DAP for June 2023 of 3.07 billions.,2023 Q2 10-Q; June 2023; 3.07,S14,filing,filing-source,3,secondary,aggregator,false,false,false,false,false,aggregator,none,,,filing,filing,true,false,false,1,false
20261007T074158767769Z-codex.web.RC05.r3-a1,web,reach,RC05,3,16,fact,2023 Q3 10-Q gives average Family DAP for September 2023 of 3.14 billions.,2023 Q3 10-Q; September 2023; 3.14,S15,filing,filing-source,3,secondary,aggregator,false,false,false,false,false,aggregator; reference,none,,,filing,filing,true,false,false,1,false
20261007T074158767769Z-codex.web.RC05.r3-a1,web,reach,RC05,3,17,fact,2023 10-K gives average Family DAP for December 2023 of 3.19 billions.,2023 10-K; December 2023; 3.19,S16,filing,filing-source,2,filing,filing,false,false,true,true,false,aggregator; reference,none,,,filing,filing,true,true,false,1,false
20261007T074158767769Z-codex.web.RC05.r3-a1,web,reach,RC05,3,18,fact,2024 Q1 10-Q gives average Family DAP for March 2024 of 3.24 billions.,2024 Q1 10-Q; March 2024; 3.24,S17,filing,filing-source,3,secondary,news,false,false,false,false,false,news; reference,none,,,filing,filing,true,true,false,1,false
20261007T074158767769Z-codex.web.RC05.r3-a1,web,reach,RC05,3,19,fact,2024 Q2 10-Q gives average Family DAP for June 2024 of 3.27 billions.,2024 Q2 10-Q; June 2024; 3.27,S18,filing,filing-source,3,secondary,reference,false,false,false,false,false,reference,none,,,filing,filing,true,false,false,1,false
20261007T074158767769Z-codex.web.RC05.r3-a1,web,reach,RC05,3,20,fact,2024 Q3 10-Q gives average Family DAP for September 2024 of 3.29 billions.,2024 Q3 10-Q; September 2024; 3.29,S19,filing,filing-source,3,unattributed,,false,false,false,false,false,,none,,,filing,filing,true,false,false,1,false
20261007T074158767769Z-codex.web.RC05.r3-a1,web,reach,RC05,3,21,fact,2024 10-K gives average Family DAP for December 2024 of 3.35 billions.,2024 10-K; December 2024; 3.35,S20,filing,filing-source,2,filing,filing,false,false,true,true,false,issuer; aggregator; reference,none,,,filing,filing,true,true,false,1,false
20261007T074158767769Z-codex.web.RC05.r3-a1,web,reach,RC05,3,22,fact,2025 Q1 10-Q gives average Family DAP for March 2025 of 3.43 billions.,2025 Q1 10-Q; March 2025; 3.43,S21,filing,filing-source,3,secondary,reference,false,false,false,false,false,reference,none,,,filing,filing,true,true,false,1,false
20261007T074158767769Z-codex.web.RC05.r3-a1,web,reach,RC05,3,23,fact,2025 Q2 10-Q gives average Family DAP for June 2025 of 3.48 billions.,2025 Q2 10-Q; June 2025; 3.48,S22,filing,filing-source,3,unattributed,,false,false,false,false,false,,none,,,filing,filing,true,false,false,1,false
20261007T074158767769Z-codex.web.RC05.r3-a1,web,reach,RC05,3,24,fact,2025 Q3 10-Q gives average Family DAP for September 2025 of 3.54 billions.,2025 Q3 10-Q; September 2025; 3.54,S23,filing,filing-source,3,unattributed,,false,false,false,false,false,,none,,,filing,filing,true,false,false,1,false
20261007T074158767769Z-codex.web.RC05.r3-a1,web,reach,RC05,3,25,fact,2025 10-K gives average Family DAP for December 2025 of 3.58 billions.,2025 10-K; December 2025; 3.58,S24,filing,filing-source,2,filing,filing,false,false,true,true,false,issuer; forum; aggregator,none,,,filing,filing,true,true,false,1,false
20261007T074252057322Z-codex.archivist.RC05.r3-a1,archivist,reach,RC05,3,1,fact,"Average Family DAP for March 2020: 2.36 billion, reported in 10-Q filed 2020-04-30.",March 2020; 2.36; 10-Q; 2020-04-30,S1,filing,mosaic-finance.com,3,unattributed,,false,false,false,false,false,,none,,,filing,filing,true,false,false,1,false
20261007T074252057322Z-codex.archivist.RC05.r3-a1,archivist,reach,RC05,3,2,fact,"Average Family DAP for June 2020: 2.47 billion, reported in 10-Q filed 2020-07-31.",June 2020; 2.47; 10-Q; 2020-07-31,S2,filing,mosaic-finance.com,4,filing,filing,false,false,true,false,false,,none,,,filing,filing,true,false,false,2,false
20261007T074252057322Z-codex.archivist.RC05.r3-a1,archivist,reach,RC05,3,3,fact,"Average Family DAP for September 2020: 2.54 billion, reported in 10-Q filed 2020-10-30.",September 2020; 2.54; 10-Q; 2020-10-30,S3,filing,mosaic-finance.com,3,filing,filing,false,false,true,false,false,,none,,,filing,filing,true,false,false,1,false
20261007T074252057322Z-codex.archivist.RC05.r3-a1,archivist,reach,RC05,3,4,fact,"Average Family DAP for December 2020: 2.60 billion, reported in 10-K filed 2021-01-28.",December 2020; 2.60; 10-K; 2021-01-28,S4,filing,mosaic-finance.com,3,filing,filing,false,false,true,false,false,,none,,,filing,filing,true,false,false,2,false
20261007T074252057322Z-codex.archivist.RC05.r3-a1,archivist,reach,RC05,3,5,fact,"Average Family DAP for March 2021: 2.72 billion, reported in 10-Q filed 2021-04-28.",March 2021; 2.72; 10-Q; 2021-04-28,S5,filing,mosaic-finance.com,4,filing,filing,false,false,true,false,false,,none,,,filing,filing,true,false,false,2,false
20261007T074252057322Z-codex.archivist.RC05.r3-a1,archivist,reach,RC05,3,6,fact,"Average Family DAP for June 2021: 2.76 billion, reported in 10-Q filed 2021-07-29.",June 2021; 2.76; 10-Q; 2021-07-29,S6,filing,mosaic-finance.com,4,filing,filing,false,false,true,false,false,,none,,,filing,filing,true,false,false,2,false
20261007T074252057322Z-codex.archivist.RC05.r3-a1,archivist,reach,RC05,3,7,fact,"Average Family DAP for September 2021: 2.81 billion, reported in 10-Q filed 2021-10-26.",September 2021; 2.81; 10-Q; 2021-10-26,S7,filing,mosaic-finance.com,4,filing,filing,false,false,true,false,false,,none,,,filing,filing,true,false,false,2,false
20261007T074252057322Z-codex.archivist.RC05.r3-a1,archivist,reach,RC05,3,8,fact,"Average Family DAP for December 2021: 2.82 billion, reported in 10-K filed 2022-02-03.",December 2021; 2.82; 10-K; 2022-02-03,S8,filing,mosaic-finance.com,2,filing,filing,false,false,true,false,false,,none,,,filing,filing,true,false,false,1,false
20261007T074252057322Z-codex.archivist.RC05.r3-a1,archivist,reach,RC05,3,9,fact,"Average Family DAP for March 2022: 2.87 billion, reported in 10-Q filed 2022-04-28.",March 2022; 2.87; 10-Q; 2022-04-28,S9,filing,mosaic-finance.com,4,filing,filing,false,false,true,false,false,,none,,,filing,filing,true,false,false,2,false
20261007T074252057322Z-codex.archivist.RC05.r3-a1,archivist,reach,RC05,3,10,fact,"Average Family DAP for June 2022: 2.88 billion, reported in 10-Q filed 2022-07-28.",June 2022; 2.88; 10-Q; 2022-07-28,S10,filing,mosaic-finance.com,4,filing,filing,false,false,true,false,false,,none,,,filing,filing,true,false,false,2,false
20261007T074252057322Z-codex.archivist.RC05.r3-a1,archivist,reach,RC05,3,11,fact,"Average Family DAP for September 2022: 2.93 billion, reported in 10-Q filed 2022-10-27.",September 2022; 2.93; 10-Q; 2022-10-27,S11,filing,mosaic-finance.com,4,filing,filing,false,false,true,false,false,,none,,,filing,filing,true,false,false,2,false
20261007T074252057322Z-codex.archivist.RC05.r3-a1,archivist,reach,RC05,3,12,fact,"Average Family DAP for December 2022: 2.96 billion, reported in 10-K filed 2023-02-02.",December 2022; 2.96; 10-K; 2023-02-02,S12,filing,mosaic-finance.com,2,filing,filing,false,false,true,false,false,,none,,,filing,filing,true,false,false,1,false
20261007T074252057322Z-codex.archivist.RC05.r3-a1,archivist,reach,RC05,3,13,fact,"Average Family DAP for March 2023: 3.02 billion, reported in 10-Q filed 2023-04-27.",March 2023; 3.02; 10-Q; 2023-04-27,S13,filing,mosaic-finance.com,4,filing,filing,false,false,true,false,false,,none,,,filing,filing,true,false,false,2,false
20261007T074252057322Z-codex.archivist.RC05.r3-a1,archivist,reach,RC05,3,14,fact,"Average Family DAP for June 2023: 3.07 billion, reported in 10-Q filed 2023-07-27.",June 2023; 3.07; 10-Q; 2023-07-27,S14,filing,mosaic-finance.com,4,filing,filing,false,false,true,false,false,,none,,,filing,filing,true,false,false,2,false
20261007T074252057322Z-codex.archivist.RC05.r3-a1,archivist,reach,RC05,3,15,fact,"Average Family DAP for September 2023: 3.14 billion, reported in 10-Q filed 2023-10-26.",September 2023; 3.14; 10-Q; 2023-10-26,S15,filing,mosaic-finance.com,4,filing,filing,false,false,true,false,false,,none,,,filing,filing,true,false,false,2,false
20261007T074252057322Z-codex.archivist.RC05.r3-a1,archivist,reach,RC05,3,16,fact,"Average Family DAP for December 2023: 3.19 billion, reported in 10-K filed 2024-02-02.",December 2023; 3.19; 10-K; 2024-02-02,S16,filing,mosaic-finance.com,2,filing,filing,false,false,true,false,false,,none,,,filing,filing,true,false,false,1,false
20261007T074252057322Z-codex.archivist.RC05.r3-a1,archivist,reach,RC05,3,17,fact,"Average Family DAP for March 2024: 3.24 billion, reported in 10-Q filed 2024-04-25.",March 2024; 3.24; 10-Q; 2024-04-25,S17,filing,mosaic-finance.com,4,filing,filing,false,false,true,false,false,,none,,,filing,filing,true,false,false,2,false
20261007T074252057322Z-codex.archivist.RC05.r3-a1,archivist,reach,RC05,3,18,fact,"Average Family DAP for June 2024: 3.27 billion, reported in 10-Q filed 2024-08-01.",June 2024; 3.27; 10-Q; 2024-08-01,S18,filing,mosaic-finance.com,3,filing,filing,false,false,true,false,false,,none,,,filing,filing,true,false,false,1,false
20261007T074252057322Z-codex.archivist.RC05.r3-a1,archivist,reach,RC05,3,19,fact,"Average Family DAP for September 2024: 3.29 billion, reported in 10-Q filed 2024-10-31.",September 2024; 3.29; 10-Q; 2024-10-31,S19,filing,mosaic-finance.com,4,filing,filing,false,false,true,false,false,,none,,,filing,filing,true,false,false,2,false
20261007T074252057322Z-codex.archivist.RC05.r3-a1,archivist,reach,RC05,3,20,fact,"Average Family DAP for December 2024: 3.35 billion, reported in 10-K filed 2025-01-30.",December 2024; 3.35; 10-K; 2025-01-30,S20,filing,mosaic-finance.com,2,filing,filing,false,false,true,false,false,,none,,,filing,filing,true,false,false,1,false
20261007T074252057322Z-codex.archivist.RC05.r3-a1,archivist,reach,RC05,3,21,fact,"Average Family DAP for March 2025: 3.43 billion, reported in 10-Q filed 2025-05-01.",March 2025; 3.43; 10-Q; 2025-05-01,S21,filing,mosaic-finance.com,3,filing,filing,false,false,true,false,false,,none,,,filing,filing,true,false,false,1,false
20261007T074252057322Z-codex.archivist.RC05.r3-a1,archivist,reach,RC05,3,22,fact,"Average Family DAP for June 2025: 3.48 billion, reported in 10-Q filed 2025-07-31.",June 2025; 3.48; 10-Q; 2025-07-31,S22,filing,mosaic-finance.com,4,filing,filing,false,false,true,false,false,,none,,,filing,filing,true,false,false,2,false
20261007T074252057322Z-codex.archivist.RC05.r3-a1,archivist,reach,RC05,3,23,fact,"Average Family DAP for September 2025: 3.54 billion, reported in 10-Q filed 2025-10-30.",September 2025; 3.54; 10-Q; 2025-10-30,S23,filing,mosaic-finance.com,3,filing,filing,false,false,true,false,false,,none,,,filing,filing,true,false,false,1,false
20261007T074252057322Z-codex.archivist.RC05.r3-a1,archivist,reach,RC05,3,24,fact,"Average Family DAP for December 2025: 3.58 billion, reported in 10-K filed 2026-01-29.",December 2025; 3.58; 10-K; 2026-01-29,S24,filing,mosaic-finance.com,3,filing,filing,false,false,true,false,false,,none,,,filing,filing,true,false,false,2,false
20261007T074429025187Z-codex.both.RC05.r3-a1,both,reach,RC05,3,1,fact,All 24 reports are listed chronologically below; amendments are excluded.,24,,,,1,filing,filing,false,false,true,false,false,,none,,,filing,filing,true,false,false,1,false
20261007T074429025187Z-codex.both.RC05.r3-a1,both,reach,RC05,3,2,fact,"DAP figures are worldwide averages for the indicated month, in billions, as given in each report.",,,,,0,unattributed,,true,false,false,false,false,,none,,,unattributed,,false,false,false,0,true
20261007T074429025187Z-codex.both.RC05.r3-a1,both,reach,RC05,3,3,fact,March 2020 | Average DAP: 2.36 billions | 10-Q — 2020-04-30,March 2020; 2.36; 10-Q; 2020-04-30,S1,filing,mosaic-finance.com,3,filing,filing,false,false,true,false,false,,none,,,filing,filing,true,false,false,1,false
20261007T074429025187Z-codex.both.RC05.r3-a1,both,reach,RC05,3,4,fact,June 2020 | Average DAP: 2.47 billions | 10-Q — 2020-07-31,June 2020; 2.47; 10-Q; 2020-07-31,S2,filing,mosaic-finance.com,4,filing,filing,false,false,true,false,false,,none,,,filing,filing,true,false,false,2,false
20261007T074429025187Z-codex.both.RC05.r3-a1,both,reach,RC05,3,5,fact,September 2020 | Average DAP: 2.54 billions | 10-Q — 2020-10-30,September 2020; 2.54; 10-Q; 2020-10-30,S3,filing,mosaic-finance.com,3,filing,filing,false,false,true,false,false,,none,,,filing,filing,true,false,false,1,false
20261007T074429025187Z-codex.both.RC05.r3-a1,both,reach,RC05,3,6,fact,December 2020 | Average DAP: 2.60 billions | 10-K — 2021-01-28,December 2020; 2.60; 10-K; 2021-01-28,S4,filing,mosaic-finance.com,3,filing,filing,false,false,true,false,false,,none,,,filing,filing,true,false,false,2,false
20261007T074429025187Z-codex.both.RC05.r3-a1,both,reach,RC05,3,7,fact,March 2021 | Average DAP: 2.72 billions | 10-Q — 2021-04-28,March 2021; 2.72; 10-Q; 2021-04-28,S5,filing,mosaic-finance.com,4,filing,filing,false,false,true,false,false,,none,,,filing,filing,true,false,false,2,false
20261007T074429025187Z-codex.both.RC05.r3-a1,both,reach,RC05,3,8,fact,June 2021 | Average DAP: 2.76 billions | 10-Q — 2021-07-29,June 2021; 2.76; 10-Q; 2021-07-29,S6,filing,mosaic-finance.com,4,filing,filing,false,false,true,false,false,,none,,,filing,filing,true,false,false,2,false
20261007T074429025187Z-codex.both.RC05.r3-a1,both,reach,RC05,3,9,fact,September 2021 | Average DAP: 2.81 billions | 10-Q — 2021-10-26,September 2021; 2.81; 10-Q; 2021-10-26,S7,filing,mosaic-finance.com,4,filing,filing,false,false,true,false,false,,none,,,filing,filing,true,false,false,2,false
20261007T074429025187Z-codex.both.RC05.r3-a1,both,reach,RC05,3,10,fact,December 2021 | Average DAP: 2.82 billions | 10-K — 2022-02-03,December 2021; 2.82; 10-K; 2022-02-03,S8,filing,mosaic-finance.com,2,filing,filing,false,false,true,false,false,,none,,,filing,filing,true,false,false,1,false
20261007T074429025187Z-codex.both.RC05.r3-a1,both,reach,RC05,3,11,fact,March 2022 | Average DAP: 2.87 billions | 10-Q — 2022-04-28,March 2022; 2.87; 10-Q; 2022-04-28,S9,filing,mosaic-finance.com,4,filing,filing,false,false,true,false,false,,none,,,filing,filing,true,false,false,2,false
20261007T074429025187Z-codex.both.RC05.r3-a1,both,reach,RC05,3,12,fact,June 2022 | Average DAP: 2.88 billions | 10-Q — 2022-07-28,June 2022; 2.88; 10-Q; 2022-07-28,S10,filing,mosaic-finance.com,4,filing,filing,false,false,true,false,false,,none,,,filing,filing,true,false,false,2,false
20261007T074429025187Z-codex.both.RC05.r3-a1,both,reach,RC05,3,13,fact,September 2022 | Average DAP: 2.93 billions | 10-Q — 2022-10-27,September 2022; 2.93; 10-Q; 2022-10-27,S11,filing,mosaic-finance.com,4,filing,filing,false,false,true,false,false,,none,,,filing,filing,true,false,false,2,false
20261007T074429025187Z-codex.both.RC05.r3-a1,both,reach,RC05,3,14,fact,December 2022 | Average DAP: 2.96 billions | 10-K — 2023-02-02,December 2022; 2.96; 10-K; 2023-02-02,S12,filing,mosaic-finance.com,2,filing,filing,false,false,true,false,false,,none,,,filing,filing,true,false,false,1,false
20261007T074429025187Z-codex.both.RC05.r3-a1,both,reach,RC05,3,15,fact,March 2023 | Average DAP: 3.02 billions | 10-Q — 2023-04-27,March 2023; 3.02; 10-Q; 2023-04-27,S13,filing,mosaic-finance.com,4,filing,filing,false,false,true,false,false,,none,,,filing,filing,true,false,false,2,false
20261007T074429025187Z-codex.both.RC05.r3-a1,both,reach,RC05,3,16,fact,June 2023 | Average DAP: 3.07 billions | 10-Q — 2023-07-27,June 2023; 3.07; 10-Q; 2023-07-27,S14,filing,mosaic-finance.com,4,filing,filing,false,false,true,false,false,,none,,,filing,filing,true,false,false,2,false
20261007T074429025187Z-codex.both.RC05.r3-a1,both,reach,RC05,3,17,fact,September 2023 | Average DAP: 3.14 billions | 10-Q — 2023-10-26,September 2023; 3.14; 10-Q; 2023-10-26,S15,filing,mosaic-finance.com,4,filing,filing,false,false,true,false,false,,none,,,filing,filing,true,false,false,2,false
20261007T074429025187Z-codex.both.RC05.r3-a1,both,reach,RC05,3,18,fact,December 2023 | Average DAP: 3.19 billions | 10-K — 2024-02-02,December 2023; 3.19; 10-K; 2024-02-02,S16,filing,mosaic-finance.com,2,filing,filing,false,false,true,false,false,,none,,,filing,filing,true,false,false,1,false
20261007T074429025187Z-codex.both.RC05.r3-a1,both,reach,RC05,3,19,fact,March 2024 | Average DAP: 3.24 billions | 10-Q — 2024-04-25,March 2024; 3.24; 10-Q; 2024-04-25,S17,filing,mosaic-finance.com,4,filing,filing,false,false,true,false,false,,none,,,filing,filing,true,false,false,2,false
20261007T074429025187Z-codex.both.RC05.r3-a1,both,reach,RC05,3,20,fact,June 2024 | Average DAP: 3.27 billions | 10-Q — 2024-08-01,June 2024; 3.27; 10-Q; 2024-08-01,S18,filing,mosaic-finance.com,3,filing,filing,false,false,true,false,false,,none,,,filing,filing,true,false,false,1,false
20261007T074429025187Z-codex.both.RC05.r3-a1,both,reach,RC05,3,21,fact,September 2024 | Average DAP: 3.29 billions | 10-Q — 2024-10-31,September 2024; 3.29; 10-Q; 2024-10-31,S19,filing,mosaic-finance.com,4,filing,filing,false,false,true,false,false,,none,,,filing,filing,true,false,false,2,false
20261007T074429025187Z-codex.both.RC05.r3-a1,both,reach,RC05,3,22,fact,December 2024 | Average DAP: 3.35 billions | 10-K — 2025-01-30,December 2024; 3.35; 10-K; 2025-01-30,S20,filing,mosaic-finance.com,2,filing,filing,false,false,true,false,false,,none,,,filing,filing,true,false,false,1,false
20261007T074429025187Z-codex.both.RC05.r3-a1,both,reach,RC05,3,23,fact,March 2025 | Average DAP: 3.43 billions | 10-Q — 2025-05-01,March 2025; 3.43; 10-Q; 2025-05-01,S21,filing,mosaic-finance.com,3,filing,filing,false,false,true,false,false,,none,,,filing,filing,true,false,false,1,false
20261007T074429025187Z-codex.both.RC05.r3-a1,both,reach,RC05,3,24,fact,June 2025 | Average DAP: 3.48 billions | 10-Q — 2025-07-31,June 2025; 3.48; 10-Q; 2025-07-31,S22,filing,mosaic-finance.com,4,filing,filing,false,false,true,false,false,,none,,,filing,filing,true,false,false,2,false
20261007T074429025187Z-codex.both.RC05.r3-a1,both,reach,RC05,3,25,fact,September 2025 | Average DAP: 3.54 billions | 10-Q — 2025-10-30,September 2025; 3.54; 10-Q; 2025-10-30,S23,filing,mosaic-finance.com,3,filing,filing,false,false,true,false,false,,none,,,filing,filing,true,false,false,1,false
20261007T074429025187Z-codex.both.RC05.r3-a1,both,reach,RC05,3,26,fact,December 2025 | Average DAP: 3.58 billions | 10-K — 2026-01-29,December 2025; 3.58; 10-K; 2026-01-29,S24,filing,mosaic-finance.com,3,filing,filing,false,false,true,false,false,,none,,,filing,filing,true,false,false,2,false
20261007T074602596333Z-codex.web.RC06.r1-a1,web,reach,RC06,1,1,fact,"Below are all 21 original 10-Qs, excluding the 2022-05-04 amendment.",21; 2022-05-04,,,,1,filing,filing,false,false,true,true,false,issuer; forum; promotional; aggregator,none,,,filing,filing,true,true,false,1,false
20261007T074602596333Z-codex.web.RC06.r1-a1,web,reach,RC06,1,2,fact,Declaration months are those stated in each filing’s “Dividends” paragraph.,,,,,0,unattributed,,true,false,false,false,false,,none,,,unattributed,,false,false,false,0,true
20261007T074602596333Z-codex.web.RC06.r1-a1,web,reach,RC06,1,3,fact,2019 Q1: Declaration month April 2019; US$ per common share $1.19.,2019 Q1; April 2019; $1.19,S1,filing,filing-source,3,secondary,issuer,false,false,false,false,false,issuer; forum; aggregator,none,,,filing,filing,true,true,false,1,false
20261007T074602596333Z-codex.web.RC06.r1-a1,web,reach,RC06,1,4,fact,2019 Q2: Declaration month July 2019; US$ per common share $1.19.,2019 Q2; July 2019; $1.19,S2,filing,filing-source,3,secondary,issuer,false,false,false,false,false,issuer; forum; aggregator,none,,,filing,filing,true,true,false,1,false
20261007T074602596333Z-codex.web.RC06.r1-a1,web,reach,RC06,1,5,fact,2019 Q3: Declaration month October 2019; US$ per common share $1.19.,2019 Q3; October 2019; $1.19,S3,filing,filing-source,3,secondary,issuer,false,false,false,false,false,issuer; forum; aggregator,none,,,filing,filing,true,true,false,1,false
20261007T074602596333Z-codex.web.RC06.r1-a1,web,reach,RC06,1,6,fact,2020 Q1: Declaration month April 2020; US$ per common share $1.29.,2020 Q1; April 2020; $1.29,S4,filing,filing-source,3,secondary,issuer,false,false,false,false,false,issuer; aggregator,none,,,filing,filing,true,true,false,1,false
20261007T074602596333Z-codex.web.RC06.r1-a1,web,reach,RC06,1,7,fact,2020 Q2: Declaration month July 2020; US$ per common share $1.29.,2020 Q2; July 2020; $1.29,S5,filing,filing-source,3,secondary,issuer,false,false,false,false,false,issuer; aggregator,none,,,filing,filing,true,true,false,1,false
20261007T074602596333Z-codex.web.RC06.r1-a1,web,reach,RC06,1,8,fact,2020 Q3: Declaration month October 2020; US$ per common share $1.29.,2020 Q3; October 2020; $1.29,S6,filing,filing-source,3,secondary,issuer,false,false,false,false,false,issuer; aggregator,none,,,filing,filing,true,true,false,1,false
20261007T074602596333Z-codex.web.RC06.r1-a1,web,reach,RC06,1,9,fact,2021 Q1: Declaration month April 2021; US$ per common share $1.34.,2021 Q1; April 2021; $1.34,S7,filing,filing-source,3,secondary,issuer,false,false,false,false,false,issuer; forum; aggregator,none,,,filing,filing,true,true,false,1,false
20261007T074602596333Z-codex.web.RC06.r1-a1,web,reach,RC06,1,10,fact,2021 Q2: Declaration month July 2021; US$ per common share $1.34.,2021 Q2; July 2021; $1.34,S8,filing,filing-source,3,secondary,issuer,false,false,false,false,false,issuer; forum; aggregator,none,,,filing,filing,true,true,false,1,false
20261007T074602596333Z-codex.web.RC06.r1-a1,web,reach,RC06,1,11,fact,2021 Q3: Declaration month October 2021; US$ per common share $1.34.,2021 Q3; October 2021; $1.34,S9,filing,filing-source,3,secondary,issuer,false,false,false,false,false,issuer; forum; aggregator,none,,,filing,filing,true,true,false,1,false
20261007T074602596333Z-codex.web.RC06.r1-a1,web,reach,RC06,1,12,fact,2022 Q1: Declaration month April 2022; US$ per common share $1.42.,2022 Q1; April 2022; $1.42,S10,filing,filing-source,3,secondary,issuer,false,false,false,false,false,issuer; aggregator,none,,,filing,filing,true,true,false,1,false
20261007T074602596333Z-codex.web.RC06.r1-a1,web,reach,RC06,1,13,fact,2022 Q2: Declaration month July 2022; US$ per common share $1.42.,2022 Q2; July 2022; $1.42,S11,filing,filing-source,3,secondary,issuer,false,false,false,false,false,issuer; aggregator,none,,,filing,filing,true,true,false,1,false
20261007T074602596333Z-codex.web.RC06.r1-a1,web,reach,RC06,1,14,fact,2022 Q3: Declaration month October 2022; US$ per common share $1.42.,2022 Q3; October 2022; $1.42,S12,filing,filing-source,3,secondary,issuer,false,false,false,false,false,issuer; aggregator,none,,,filing,filing,true,true,false,1,false
20261007T074602596333Z-codex.web.RC06.r1-a1,web,reach,RC06,1,15,fact,2023 Q1: Declaration month April 2023; US$ per common share $1.51.,2023 Q1; April 2023; $1.51,S13,filing,filing-source,3,secondary,issuer,false,false,false,false,false,issuer; promotional,none,,,filing,filing,true,true,false,1,false
20261007T074602596333Z-codex.web.RC06.r1-a1,web,reach,RC06,1,16,fact,2023 Q2: Declaration month July 2023; US$ per common share $1.51.,2023 Q2; July 2023; $1.51,S14,filing,filing-source,3,secondary,issuer,false,false,false,false,false,issuer; promotional,none,,,filing,filing,true,true,false,1,false
20261007T074602596333Z-codex.web.RC06.r1-a1,web,reach,RC06,1,17,fact,2023 Q3: Declaration month October 2023; US$ per common share $1.51.,2023 Q3; October 2023; $1.51,S15,filing,filing-source,3,secondary,issuer,false,false,false,true,false,issuer; promotional; aggregator,none,,,filing,filing,true,true,false,1,false
20261007T074602596333Z-codex.web.RC06.r1-a1,web,reach,RC06,1,18,fact,2024 Q1: Declaration month April 2024; US$ per common share $1.63.,2024 Q1; April 2024; $1.63,S16,filing,filing-source,3,secondary,issuer,false,false,false,false,false,issuer; promotional; aggregator,none,,,filing,filing,true,true,false,1,false
20261007T074602596333Z-codex.web.RC06.r1-a1,web,reach,RC06,1,19,fact,2024 Q2: Declaration month July 2024; US$ per common share $1.63.,2024 Q2; July 2024; $1.63,S17,filing,filing-source,3,secondary,issuer,false,false,false,false,false,issuer; promotional; aggregator,none,,,filing,filing,true,true,false,1,false
20261007T074602596333Z-codex.web.RC06.r1-a1,web,reach,RC06,1,20,fact,2024 Q3: Declaration month October 2024; US$ per common share $1.63.,2024 Q3; October 2024; $1.63,S18,filing,filing-source,3,secondary,issuer,false,false,false,false,false,issuer; promotional; aggregator,none,,,filing,filing,true,true,false,1,false
20261007T074602596333Z-codex.web.RC06.r1-a1,web,reach,RC06,1,21,fact,2025 Q1: Declaration month April 2025; US$ per common share $1.71.,2025 Q1; April 2025; $1.71,S19,issuer,chevroncorp.gcs-web.com,3,secondary,issuer,false,true,false,false,false,issuer; forum; aggregator,none,,,filing,filing,true,true,false,1,false
20261007T074602596333Z-codex.web.RC06.r1-a1,web,reach,RC06,1,22,fact,2025 Q2: Declaration month July 2025; US$ per common share $1.71.,2025 Q2; July 2025; $1.71,S20,issuer,chevroncorp.gcs-web.com,3,secondary,issuer,false,true,false,false,false,issuer; forum; aggregator,none,,,filing,filing,true,true,false,1,false
20261007T074602596333Z-codex.web.RC06.r1-a1,web,reach,RC06,1,23,fact,2025 Q3: Declaration month October 2025; US$ per common share $1.71.,2025 Q3; October 2025; $1.71,S21,issuer,chevroncorp.gcs-web.com,3,secondary,issuer,false,true,false,false,false,issuer; forum; aggregator,none,,,filing,filing,true,true,false,1,false
20261007T074602596917Z-codex.archivist.RC06.r1-a1,archivist,reach,RC06,1,1,fact,All 21 Form 10-Qs are listed below in chronological order.,21; Form 10-Qs,,,,2,unattributed,,false,false,false,false,false,,none,,,filing,filing,true,false,false,1,false
20261007T074602596917Z-codex.archivist.RC06.r1-a1,archivist,reach,RC06,1,2,fact,The 2022-05-04 Form 10-Q/A is excluded.,2022-05-04; Form 10-Q/A,,,,1,unattributed,,false,false,false,false,false,,none,,,unattributed,,false,false,false,1,false
20261007T074602596917Z-codex.archivist.RC06.r1-a1,archivist,reach,RC06,1,3,fact,Q1 2019: 10-Q filed 2019-05-02; declaration month April 2019; dividend per common share (US$) 1.19.,Q1 2019; 10-Q; 2019-05-02; April 2019; US$; 1.19,S1,filing,mosaic-finance.com,5,unattributed,,false,false,false,false,false,,none,,,filing,filing,true,false,false,1,false
20261007T074602596917Z-codex.archivist.RC06.r1-a1,archivist,reach,RC06,1,4,fact,Q2 2019: 10-Q filed 2019-08-07; declaration month July 2019; dividend per common share (US$) 1.19.,Q2 2019; 10-Q; 2019-08-07; July 2019; US$; 1.19,S2,filing,mosaic-finance.com,5,unattributed,,false,false,false,false,false,,none,,,filing,filing,true,false,false,1,false
20261007T074602596917Z-codex.archivist.RC06.r1-a1,archivist,reach,RC06,1,5,fact,Q3 2019: 10-Q filed 2019-11-07; declaration month October 2019; dividend per common share (US$) 1.19.,Q3 2019; 10-Q; 2019-11-07; October 2019; US$; 1.19,S3,filing,mosaic-finance.com,6,unattributed,,false,false,false,false,false,,none,,,filing,filing,true,false,false,2,false
20261007T074602596917Z-codex.archivist.RC06.r1-a1,archivist,reach,RC06,1,6,fact,Q1 2020: 10-Q filed 2020-05-06; declaration month April 2020; dividend per common share (US$) 1.29.,Q1 2020; 10-Q; 2020-05-06; April 2020; US$; 1.29,S4,filing,mosaic-finance.com,5,unattributed,,false,false,false,false,false,,none,,,filing,filing,true,false,false,1,false
20261007T074602596917Z-codex.archivist.RC06.r1-a1,archivist,reach,RC06,1,7,fact,Q2 2020: 10-Q filed 2020-08-05; declaration month July 2020; dividend per common share (US$) 1.29.,Q2 2020; 10-Q; 2020-08-05; July 2020; US$; 1.29,S5,filing,mosaic-finance.com,5,unattributed,,false,false,false,false,false,,none,,,filing,filing,true,false,false,1,false
20261007T074602596917Z-codex.archivist.RC06.r1-a1,archivist,reach,RC06,1,8,fact,Q3 2020: 10-Q filed 2020-11-05; declaration month October 2020; dividend per common share (US$) 1.29.,Q3 2020; 10-Q; 2020-11-05; October 2020; US$; 1.29,S6,filing,mosaic-finance.com,6,unattributed,,false,false,false,false,false,,none,,,filing,filing,true,false,false,2,false
20261007T074602596917Z-codex.archivist.RC06.r1-a1,archivist,reach,RC06,1,9,fact,Q1 2021: 10-Q filed 2021-05-06; declaration month April 2021; dividend per common share (US$) 1.34.,Q1 2021; 10-Q; 2021-05-06; April 2021; US$; 1.34,S7,filing,mosaic-finance.com,5,unattributed,,false,false,false,false,false,,none,,,filing,filing,true,false,false,1,false
20261007T074602596917Z-codex.archivist.RC06.r1-a1,archivist,reach,RC06,1,10,fact,Q2 2021: 10-Q filed 2021-08-05; declaration month July 2021; dividend per common share (US$) 1.34.,Q2 2021; 10-Q; 2021-08-05; July 2021; US$; 1.34,S8,filing,mosaic-finance.com,5,unattributed,,false,false,false,false,false,,none,,,filing,filing,true,false,false,1,false
20261007T074602596917Z-codex.archivist.RC06.r1-a1,archivist,reach,RC06,1,11,fact,Q3 2021: 10-Q filed 2021-11-04; declaration month October 2021; dividend per common share (US$) 1.34.,Q3 2021; 10-Q; 2021-11-04; October 2021; US$; 1.34,S9,filing,mosaic-finance.com,6,unattributed,,false,false,false,false,false,,none,,,filing,filing,true,false,false,2,false
20261007T074602596917Z-codex.archivist.RC06.r1-a1,archivist,reach,RC06,1,12,fact,Q1 2022: 10-Q filed 2022-05-04; declaration month April 2022; dividend per common share (US$) 1.42.,Q1 2022; 10-Q; 2022-05-04; April 2022; US$; 1.42,S10,filing,mosaic-finance.com,5,unattributed,,false,false,false,false,false,,none,,,filing,filing,true,false,false,1,false
20261007T074602596917Z-codex.archivist.RC06.r1-a1,archivist,reach,RC06,1,13,fact,Q2 2022: 10-Q filed 2022-08-04; declaration month July 2022; dividend per common share (US$) 1.42.,Q2 2022; 10-Q; 2022-08-04; July 2022; US$; 1.42,S11,filing,mosaic-finance.com,5,unattributed,,false,false,false,false,false,,none,,,filing,filing,true,false,false,1,false
20261007T074602596917Z-codex.archivist.RC06.r1-a1,archivist,reach,RC06,1,14,fact,Q3 2022: 10-Q filed 2022-11-03; declaration month October 2022; dividend per common share (US$) 1.42.,Q3 2022; 10-Q; 2022-11-03; October 2022; US$; 1.42,S12,filing,mosaic-finance.com,6,unattributed,,false,false,false,false,false,,none,,,filing,filing,true,false,false,2,false
20261007T074602596917Z-codex.archivist.RC06.r1-a1,archivist,reach,RC06,1,15,fact,Q1 2023: 10-Q filed 2023-05-04; declaration month April 2023; dividend per common share (US$) 1.51.,Q1 2023; 10-Q; 2023-05-04; April 2023; US$; 1.51,S13,filing,mosaic-finance.com,5,unattributed,,false,false,false,false,false,,none,,,filing,filing,true,false,false,1,false
20261007T074602596917Z-codex.archivist.RC06.r1-a1,archivist,reach,RC06,1,16,fact,Q2 2023: 10-Q filed 2023-08-03; declaration month July 2023; dividend per common share (US$) 1.51.,Q2 2023; 10-Q; 2023-08-03; July 2023; US$; 1.51,S14,filing,mosaic-finance.com,5,unattributed,,false,false,false,false,false,,none,,,filing,filing,true,false,false,1,false
20261007T074602596917Z-codex.archivist.RC06.r1-a1,archivist,reach,RC06,1,17,fact,Q3 2023: 10-Q filed 2023-11-02; declaration month October 2023; dividend per common share (US$) 1.51.,Q3 2023; 10-Q; 2023-11-02; October 2023; US$; 1.51,S15,filing,mosaic-finance.com,6,unattributed,,false,false,false,false,false,,none,,,filing,filing,true,false,false,2,false
20261007T074602596917Z-codex.archivist.RC06.r1-a1,archivist,reach,RC06,1,18,fact,Q1 2024: 10-Q filed 2024-05-02; declaration month April 2024; dividend per common share (US$) 1.63.,Q1 2024; 10-Q; 2024-05-02; April 2024; US$; 1.63,S16,filing,mosaic-finance.com,5,unattributed,,false,false,false,false,false,,none,,,filing,filing,true,false,false,1,false
20261007T074602596917Z-codex.archivist.RC06.r1-a1,archivist,reach,RC06,1,19,fact,Q2 2024: 10-Q filed 2024-08-07; declaration month July 2024; dividend per common share (US$) 1.63.,Q2 2024; 10-Q; 2024-08-07; July 2024; US$; 1.63,S17,filing,mosaic-finance.com,5,unattributed,,false,false,false,false,false,,none,,,filing,filing,true,false,false,1,false
20261007T074602596917Z-codex.archivist.RC06.r1-a1,archivist,reach,RC06,1,20,fact,Q3 2024: 10-Q filed 2024-11-07; declaration month October 2024; dividend per common share (US$) 1.63.,Q3 2024; 10-Q; 2024-11-07; October 2024; US$; 1.63,S18,filing,mosaic-finance.com,6,unattributed,,false,false,false,false,false,,none,,,filing,filing,true,false,false,2,false
20261007T074602596917Z-codex.archivist.RC06.r1-a1,archivist,reach,RC06,1,21,fact,Q1 2025: 10-Q filed 2025-05-08; declaration month April 2025; dividend per common share (US$) 1.71.,Q1 2025; 10-Q; 2025-05-08; April 2025; US$; 1.71,S19,filing,mosaic-finance.com,5,unattributed,,false,false,false,false,false,,none,,,filing,filing,true,false,false,1,false
20261007T074602596917Z-codex.archivist.RC06.r1-a1,archivist,reach,RC06,1,22,fact,Q2 2025: 10-Q filed 2025-08-07; declaration month July 2025; dividend per common share (US$) 1.71.,Q2 2025; 10-Q; 2025-08-07; July 2025; US$; 1.71,S20,filing,mosaic-finance.com,5,unattributed,,false,false,false,false,false,,none,,,filing,filing,true,false,false,1,false
20261007T074602596917Z-codex.archivist.RC06.r1-a1,archivist,reach,RC06,1,23,fact,Q3 2025: 10-Q filed 2025-11-06; declaration month October 2025; dividend per common share (US$) 1.71.,Q3 2025; 10-Q; 2025-11-06; October 2025; US$; 1.71,S21,filing,mosaic-finance.com,6,unattributed,,false,false,false,false,false,,none,,,filing,filing,true,false,false,2,false
20261007T074731925098Z-codex.both.RC06.r1-a1,both,reach,RC06,1,1,fact,The 21 Form 10-Qs are listed chronologically below.,21; Form 10-Qs,,,,2,unattributed,,false,false,false,false,false,,none,,,filing,filing,true,false,false,1,false
20261007T074731925098Z-codex.both.RC06.r1-a1,both,reach,RC06,1,2,fact,The 2022-05-04 Form 10-Q/A is excluded.,2022-05-04; Form 10-Q/A,,,,1,unattributed,,false,false,false,false,false,,none,,,unattributed,,false,false,false,1,false
20261007T074731925098Z-codex.both.RC06.r1-a1,both,reach,RC06,1,3,fact,2019 Q1: Declaration month April 2019; dividend per common share (US$) $1.19.,2019 Q1; April 2019; $1.19,S1,filing,mosaic-finance.com,3,unattributed,,false,false,false,false,false,,none,,,filing,filing,true,false,false,1,false
20261007T074731925098Z-codex.both.RC06.r1-a1,both,reach,RC06,1,4,fact,2019 Q2: Declaration month July 2019; dividend per common share (US$) $1.19.,2019 Q2; July 2019; $1.19,S2,filing,mosaic-finance.com,3,unattributed,,false,false,false,false,false,,none,,,filing,filing,true,false,false,1,false
20261007T074731925098Z-codex.both.RC06.r1-a1,both,reach,RC06,1,5,fact,2019 Q3: Declaration month October 2019; dividend per common share (US$) $1.19.,2019 Q3; October 2019; $1.19,S3,filing,mosaic-finance.com,3,unattributed,,false,false,false,false,false,,none,,,filing,filing,true,false,false,1,false
20261007T074731925098Z-codex.both.RC06.r1-a1,both,reach,RC06,1,6,fact,2020 Q1: Declaration month April 2020; dividend per common share (US$) $1.29.,2020 Q1; April 2020; $1.29,S4,filing,mosaic-finance.com,3,unattributed,,false,false,false,false,false,,none,,,filing,filing,true,false,false,1,false
20261007T074731925098Z-codex.both.RC06.r1-a1,both,reach,RC06,1,7,fact,2020 Q2: Declaration month July 2020; dividend per common share (US$) $1.29.,2020 Q2; July 2020; $1.29,S5,filing,mosaic-finance.com,3,unattributed,,false,false,false,false,false,,none,,,filing,filing,true,false,false,1,false
20261007T074731925098Z-codex.both.RC06.r1-a1,both,reach,RC06,1,8,fact,2020 Q3: Declaration month October 2020; dividend per common share (US$) $1.29.,2020 Q3; October 2020; $1.29,S6,filing,mosaic-finance.com,3,unattributed,,false,false,false,false,false,,none,,,filing,filing,true,false,false,1,false
20261007T074731925098Z-codex.both.RC06.r1-a1,both,reach,RC06,1,9,fact,2021 Q1: Declaration month April 2021; dividend per common share (US$) $1.34.,2021 Q1; April 2021; $1.34,S7,filing,mosaic-finance.com,3,unattributed,,false,false,false,false,false,,none,,,filing,filing,true,false,false,1,false
20261007T074731925098Z-codex.both.RC06.r1-a1,both,reach,RC06,1,10,fact,2021 Q2: Declaration month July 2021; dividend per common share (US$) $1.34.,2021 Q2; July 2021; $1.34,S8,filing,mosaic-finance.com,3,unattributed,,false,false,false,false,false,,none,,,filing,filing,true,false,false,1,false
20261007T074731925098Z-codex.both.RC06.r1-a1,both,reach,RC06,1,11,fact,2021 Q3: Declaration month October 2021; dividend per common share (US$) $1.34.,2021 Q3; October 2021; $1.34,S9,filing,mosaic-finance.com,3,unattributed,,false,false,false,false,false,,none,,,filing,filing,true,false,false,1,false
20261007T074731925098Z-codex.both.RC06.r1-a1,both,reach,RC06,1,12,fact,2022 Q1: Declaration month April 2022; dividend per common share (US$) $1.42.,2022 Q1; April 2022; $1.42,S10,filing,mosaic-finance.com,3,unattributed,,false,false,false,false,false,,none,,,filing,filing,true,false,false,1,false
20261007T074731925098Z-codex.both.RC06.r1-a1,both,reach,RC06,1,13,fact,2022 Q2: Declaration month July 2022; dividend per common share (US$) $1.42.,2022 Q2; July 2022; $1.42,S11,filing,mosaic-finance.com,3,unattributed,,false,false,false,false,false,,none,,,filing,filing,true,false,false,1,false
20261007T074731925098Z-codex.both.RC06.r1-a1,both,reach,RC06,1,14,fact,2022 Q3: Declaration month October 2022; dividend per common share (US$) $1.42.,2022 Q3; October 2022; $1.42,S12,filing,mosaic-finance.com,3,unattributed,,false,false,false,false,false,,none,,,filing,filing,true,false,false,1,false
20261007T074731925098Z-codex.both.RC06.r1-a1,both,reach,RC06,1,15,fact,2023 Q1: Declaration month April 2023; dividend per common share (US$) $1.51.,2023 Q1; April 2023; $1.51,S13,filing,mosaic-finance.com,3,unattributed,,false,false,false,false,false,,none,,,filing,filing,true,false,false,1,false
20261007T074731925098Z-codex.both.RC06.r1-a1,both,reach,RC06,1,16,fact,2023 Q2: Declaration month July 2023; dividend per common share (US$) $1.51.,2023 Q2; July 2023; $1.51,S14,filing,mosaic-finance.com,3,unattributed,,false,false,false,false,false,,none,,,filing,filing,true,false,false,1,false
20261007T074731925098Z-codex.both.RC06.r1-a1,both,reach,RC06,1,17,fact,2023 Q3: Declaration month October 2023; dividend per common share (US$) $1.51.,2023 Q3; October 2023; $1.51,S15,filing,mosaic-finance.com,3,unattributed,,false,false,false,false,false,,none,,,filing,filing,true,false,false,1,false
20261007T074731925098Z-codex.both.RC06.r1-a1,both,reach,RC06,1,18,fact,2024 Q1: Declaration month April 2024; dividend per common share (US$) $1.63.,2024 Q1; April 2024; $1.63,S16,filing,mosaic-finance.com,3,unattributed,,false,false,false,false,false,,none,,,filing,filing,true,false,false,1,false
20261007T074731925098Z-codex.both.RC06.r1-a1,both,reach,RC06,1,19,fact,2024 Q2: Declaration month July 2024; dividend per common share (US$) $1.63.,2024 Q2; July 2024; $1.63,S17,filing,mosaic-finance.com,3,unattributed,,false,false,false,false,false,,none,,,filing,filing,true,false,false,1,false
20261007T074731925098Z-codex.both.RC06.r1-a1,both,reach,RC06,1,20,fact,2024 Q3: Declaration month October 2024; dividend per common share (US$) $1.63.,2024 Q3; October 2024; $1.63,S18,filing,mosaic-finance.com,3,unattributed,,false,false,false,false,false,,none,,,filing,filing,true,false,false,1,false
20261007T074731925098Z-codex.both.RC06.r1-a1,both,reach,RC06,1,21,fact,2025 Q1: Declaration month April 2025; dividend per common share (US$) $1.71.,2025 Q1; April 2025; $1.71,S19,filing,mosaic-finance.com,3,unattributed,,false,false,false,false,false,,none,,,filing,filing,true,false,false,1,false
20261007T074731925098Z-codex.both.RC06.r1-a1,both,reach,RC06,1,22,fact,2025 Q2: Declaration month July 2025; dividend per common share (US$) $1.71.,2025 Q2; July 2025; $1.71,S20,filing,mosaic-finance.com,3,unattributed,,false,false,false,false,false,,none,,,filing,filing,true,false,false,1,false
20261007T074731925098Z-codex.both.RC06.r1-a1,both,reach,RC06,1,23,fact,2025 Q3: Declaration month October 2025; dividend per common share (US$) $1.71.,2025 Q3; October 2025; $1.71,S21,filing,mosaic-finance.com,3,unattributed,,false,false,false,false,false,,none,,,filing,filing,true,false,false,1,false
20261007T074748480513Z-codex.web.RC07.r1-a1,web,reach,RC07,1,1,fact,Marriott’s period-end system totals as stated in each of the 24 original reports,Marriott’s; 24,,,,2,secondary,issuer,false,false,false,true,false,issuer; forum; aggregator,none,,,filing,filing,true,true,false,1,false
20261007T074748480513Z-codex.web.RC07.r1-a1,web,reach,RC07,1,2,fact,The 2021-04-02 Form 10-K/A is excluded,2021-04-02; Form 10-K/A,,,,1,secondary,reference,false,false,false,true,false,reference,none,,,secondary,reference,false,true,false,1,false
20261007T074748480513Z-codex.web.RC07.r1-a1,web,reach,RC07,1,3,fact,"2020-03-31 | Q1 2020 10-Q | Properties: 7,420 | Rooms: 1,391,700","2020-03-31; Q1 2020 10-Q; 7,420; 1,391,700",S1,filing,filing-source,4,secondary,issuer,false,false,false,false,false,issuer; forum; aggregator; reference; other,none,,,filing,filing,true,false,false,3,false
20261007T074748480513Z-codex.web.RC07.r1-a1,web,reach,RC07,1,4,fact,"2020-06-30 | Q2 2020 10-Q | Properties: 7,484 | Rooms: 1,400,693","2020-06-30; Q2 2020 10-Q; 7,484; 1,400,693",S2,filing,filing-source,3,unattributed,,false,false,false,false,false,,none,,,filing,filing,true,false,false,2,false
20261007T074748480513Z-codex.web.RC07.r1-a1,web,reach,RC07,1,5,fact,"2020-09-30 | Q3 2020 10-Q | Properties: 7,579 | Rooms: 1,413,654","2020-09-30; Q3 2020 10-Q; 7,579; 1,413,654",S3,filing,filing-source,3,unattributed,,false,false,false,false,false,,none,,,filing,filing,true,false,false,2,false
20261007T074748480513Z-codex.web.RC07.r1-a1,web,reach,RC07,1,6,fact,"2020-12-31 | FY 2020 10-K | Properties: 7,642 | Rooms: 1,423,044","2020-12-31; FY 2020 10-K; 7,642; 1,423,044",S4,filing,filing-source,5,secondary,issuer,false,false,false,false,false,issuer; forum; aggregator; reference; other,none,,,filing,filing,true,false,false,4,false
20261007T074748480513Z-codex.web.RC07.r1-a1,web,reach,RC07,1,7,fact,"2021-03-31 | Q1 2021 10-Q | Properties: 7,662 | Rooms: 1,429,171","2021-03-31; Q1 2021 10-Q; 7,662; 1,429,171",S5,filing,filing-source,4,secondary,issuer,false,false,false,false,false,issuer; forum; aggregator; reference; other,none,,,filing,filing,true,false,false,3,false
20261007T074748480513Z-codex.web.RC07.r1-a1,web,reach,RC07,1,8,fact,"2021-06-30 | Q2 2021 10-Q | Properties: 7,797 | Rooms: 1,451,609","2021-06-30; Q2 2021 10-Q; 7,797; 1,451,609",S6,filing,filing-source,3,unattributed,,false,false,false,false,false,,none,,,filing,filing,true,false,false,2,false
20261007T074748480513Z-codex.web.RC07.r1-a1,web,reach,RC07,1,9,fact,"2021-09-30 | Q3 2021 10-Q | Properties: 7,892 | Rooms: 1,463,692","2021-09-30; Q3 2021 10-Q; 7,892; 1,463,692",S7,filing,filing-source,3,unattributed,,false,false,false,false,false,,none,,,filing,filing,true,false,false,2,false
20261007T074748480513Z-codex.web.RC07.r1-a1,web,reach,RC07,1,10,fact,"2021-12-31 | FY 2021 10-K | Properties: 7,989 | Rooms: 1,479,179","2021-12-31; FY 2021 10-K; 7,989; 1,479,179",S8,filing,filing-source,5,secondary,issuer,false,false,false,false,false,issuer; forum; aggregator; reference; other,none,,,filing,filing,true,false,false,4,false
20261007T074748480513Z-codex.web.RC07.r1-a1,web,reach,RC07,1,11,fact,"2022-03-31 | Q1 2022 10-Q | Properties: 8,048 | Rooms: 1,487,681","2022-03-31; Q1 2022 10-Q; 8,048; 1,487,681",S9,filing,filing-source,4,secondary,issuer,false,false,false,false,false,issuer; forum; aggregator; reference; other,none,,,filing,filing,true,false,false,3,false
20261007T074748480513Z-codex.web.RC07.r1-a1,web,reach,RC07,1,12,fact,"2022-06-30 | Q2 2022 10-Q | Properties: 8,120 | Rooms: 1,500,744","2022-06-30; Q2 2022 10-Q; 8,120; 1,500,744",S10,filing,filing-source,3,unattributed,,false,false,false,false,false,,none,,,filing,filing,true,false,false,2,false
20261007T074748480513Z-codex.web.RC07.r1-a1,web,reach,RC07,1,13,fact,"2022-09-30 | Q3 2022 10-Q | Properties: 8,162 | Rooms: 1,507,350","2022-09-30; Q3 2022 10-Q; 8,162; 1,507,350",S11,filing,filing-source,3,unattributed,,false,false,false,false,false,,none,,,filing,filing,true,false,false,2,false
20261007T074748480513Z-codex.web.RC07.r1-a1,web,reach,RC07,1,14,fact,"2022-12-31 | FY 2022 10-K | Properties: 8,288 | Rooms: 1,525,407","2022-12-31; FY 2022 10-K; 8,288; 1,525,407",S12,filing,filing-source,5,secondary,issuer,false,false,false,false,false,issuer; forum; aggregator; reference; other,none,,,filing,filing,true,false,false,4,false
20261007T074748480513Z-codex.web.RC07.r1-a1,web,reach,RC07,1,15,fact,"2023-03-31 | Q1 2023 10-Q | Properties: 8,353 | Rooms: 1,534,072","2023-03-31; Q1 2023 10-Q; 8,353; 1,534,072",S13,filing,filing-source,4,secondary,issuer,false,false,false,false,false,issuer; forum; aggregator; reference; other,none,,,filing,filing,true,false,false,3,false
20261007T074748480513Z-codex.web.RC07.r1-a1,web,reach,RC07,1,16,fact,"2023-06-30 | Q2 2023 10-Q | Properties: 8,590 | Rooms: 1,565,258","2023-06-30; Q2 2023 10-Q; 8,590; 1,565,258",S14,filing,filing-source,3,unattributed,,false,false,false,false,false,,none,,,filing,filing,true,false,false,2,false
20261007T074748480513Z-codex.web.RC07.r1-a1,web,reach,RC07,1,17,fact,"2023-09-30 | Q3 2023 10-Q | Properties: 8,675 | Rooms: 1,581,002","2023-09-30; Q3 2023 10-Q; 8,675; 1,581,002",S15,filing,filing-source,3,unattributed,,false,false,false,false,false,,none,,,filing,filing,true,false,false,2,false
20261007T074748480513Z-codex.web.RC07.r1-a1,web,reach,RC07,1,18,fact,"2023-12-31 | FY 2023 10-K | Properties: 8,785 | Rooms: 1,597,380","2023-12-31; FY 2023 10-K; 8,785; 1,597,380",S16,filing,filing-source,5,secondary,issuer,false,false,false,false,false,issuer; forum; aggregator; reference; other,none,,,filing,filing,true,false,false,4,false
20261007T074748480513Z-codex.web.RC07.r1-a1,web,reach,RC07,1,19,fact,"2024-03-31 | Q1 2024 10-Q | Properties: 8,861 | Rooms: 1,643,172","2024-03-31; Q1 2024 10-Q; 8,861; 1,643,172",S17,filing,filing-source,4,secondary,issuer,false,false,false,false,false,issuer; forum; aggregator; reference; other,none,,,filing,filing,true,false,false,3,false
20261007T074748480513Z-codex.web.RC07.r1-a1,web,reach,RC07,1,20,fact,"2024-06-30 | Q2 2024 10-Q | Properties: 8,969 | Rooms: 1,658,659","2024-06-30; Q2 2024 10-Q; 8,969; 1,658,659",S18,filing,filing-source,3,unattributed,,false,false,false,false,false,,none,,,filing,filing,true,false,false,2,false
20261007T074748480513Z-codex.web.RC07.r1-a1,web,reach,RC07,1,21,fact,"2024-09-30 | Q3 2024 10-Q | Properties: 9,068 | Rooms: 1,674,600","2024-09-30; Q3 2024 10-Q; 9,068; 1,674,600",S19,filing,filing-source,3,unattributed,,false,false,false,false,false,,none,,,filing,filing,true,false,false,2,false
20261007T074748480513Z-codex.web.RC07.r1-a1,web,reach,RC07,1,22,fact,"2024-12-31 | FY 2024 10-K | Properties: 9,361 | Rooms: 1,706,331","2024-12-31; FY 2024 10-K; 9,361; 1,706,331",S20,filing,filing-source,5,secondary,issuer,false,false,false,false,false,issuer; forum; aggregator; reference; other,none,,,filing,filing,true,true,false,4,false
20261007T074748480513Z-codex.web.RC07.r1-a1,web,reach,RC07,1,23,fact,"2025-03-31 | Q1 2025 10-Q | Properties: 9,463 | Rooms: 1,718,542","2025-03-31; Q1 2025 10-Q; 9,463; 1,718,542",S21,filing,filing-source,4,secondary,issuer,false,false,false,false,false,issuer; forum; aggregator; reference; other,none,,,filing,filing,true,false,false,3,false
20261007T074748480513Z-codex.web.RC07.r1-a1,web,reach,RC07,1,24,fact,"2025-06-30 | Q2 2025 10-Q | Properties: 9,601 | Rooms: 1,735,819","2025-06-30; Q2 2025 10-Q; 9,601; 1,735,819",S22,filing,filing-source,3,secondary,issuer,false,false,false,false,false,issuer; forum,none,,,filing,filing,true,true,false,2,false
20261007T074748480513Z-codex.web.RC07.r1-a1,web,reach,RC07,1,25,fact,"2025-09-30 | Q3 2025 10-Q | Properties: 9,721 | Rooms: 1,753,722","2025-09-30; Q3 2025 10-Q; 9,721; 1,753,722",S23,filing,filing-source,3,secondary,forum,false,false,false,false,false,forum,none,,,filing,filing,true,true,false,2,false
20261007T074748480513Z-codex.web.RC07.r1-a1,web,reach,RC07,1,26,fact,"2025-12-31 | FY 2025 10-K | Properties: 9,805 | Rooms: 1,779,936","2025-12-31; FY 2025 10-K; 9,805; 1,779,936",S24,filing,filing-source,5,secondary,issuer,false,false,false,false,false,issuer; forum; aggregator; reference; other,none,,,filing,filing,true,true,false,4,false
20261007T074854052730Z-codex.archivist.RC07.r1-a1,archivist,reach,RC07,1,1,fact,The 2021-04-02 Form 10-K/A is excluded.,2021-04-02; Form 10-K/A,,,,1,unattributed,,false,false,false,false,false,,none,,,unattributed,,false,false,false,1,false
20261007T074854052730Z-codex.archivist.RC07.r1-a1,archivist,reach,RC07,1,2,fact,"Marriott’s reported period-end system totals: 2020-03-31; Q1 10-Q; filed 2020-05-11; 7,420 properties; 1,391,700 rooms.","Marriott; 2020-03-31; Q1 10-Q; 2020-05-11; 7,420; 1,391,700",S1,filing,mosaic-finance.com,6,unattributed,,false,false,false,false,false,,none,,,filing,filing,true,false,false,4,false
20261007T074854052730Z-codex.archivist.RC07.r1-a1,archivist,reach,RC07,1,3,fact,"Marriott’s reported period-end system totals: 2020-06-30; Q2 10-Q; filed 2020-08-10; 7,484 properties; 1,400,693 rooms.","Marriott; 2020-06-30; Q2 10-Q; 2020-08-10; 7,484; 1,400,693",S2,filing,mosaic-finance.com,4,unattributed,,false,false,false,false,false,,none,,,filing,filing,true,false,false,2,false
20261007T074854052730Z-codex.archivist.RC07.r1-a1,archivist,reach,RC07,1,4,fact,"Marriott’s reported period-end system totals: 2020-09-30; Q3 10-Q; filed 2020-11-06; 7,579 properties; 1,413,654 rooms.","Marriott; 2020-09-30; Q3 10-Q; 2020-11-06; 7,579; 1,413,654",S3,filing,mosaic-finance.com,5,unattributed,,false,false,false,false,false,,none,,,filing,filing,true,false,false,3,false
20261007T074854052730Z-codex.archivist.RC07.r1-a1,archivist,reach,RC07,1,5,fact,"Marriott’s reported period-end system totals: 2020-12-31; FY 10-K; filed 2021-02-18; 7,642 properties; 1,423,044 rooms.","Marriott; 2020-12-31; FY 10-K; 2021-02-18; 7,642; 1,423,044",S4,filing,mosaic-finance.com,7,unattributed,,false,false,false,false,false,,none,,,filing,filing,true,false,false,5,false
20261007T074854052730Z-codex.archivist.RC07.r1-a1,archivist,reach,RC07,1,6,fact,"Marriott’s reported period-end system totals: 2021-03-31; Q1 10-Q; filed 2021-05-10; 7,662 properties; 1,429,171 rooms.","Marriott; 2021-03-31; Q1 10-Q; 2021-05-10; 7,662; 1,429,171",S5,filing,mosaic-finance.com,5,unattributed,,false,false,false,false,false,,none,,,filing,filing,true,false,false,3,false
20261007T074854052730Z-codex.archivist.RC07.r1-a1,archivist,reach,RC07,1,7,fact,"Marriott’s reported period-end system totals: 2021-06-30; Q2 10-Q; filed 2021-08-03; 7,797 properties; 1,451,609 rooms.","Marriott; 2021-06-30; Q2 10-Q; 2021-08-03; 7,797; 1,451,609",S6,filing,mosaic-finance.com,4,unattributed,,false,false,false,false,false,,none,,,filing,filing,true,false,false,2,false
20261007T074854052730Z-codex.archivist.RC07.r1-a1,archivist,reach,RC07,1,8,fact,"Marriott’s reported period-end system totals: 2021-09-30; Q3 10-Q; filed 2021-11-03; 7,892 properties; 1,463,692 rooms.","Marriott; 2021-09-30; Q3 10-Q; 2021-11-03; 7,892; 1,463,692",S7,filing,mosaic-finance.com,5,unattributed,,false,false,false,false,false,,none,,,filing,filing,true,false,false,3,false
20261007T074854052730Z-codex.archivist.RC07.r1-a1,archivist,reach,RC07,1,9,fact,"Marriott’s reported period-end system totals: 2021-12-31; FY 10-K; filed 2022-02-15; 7,989 properties; 1,479,179 rooms.","Marriott; 2021-12-31; FY 10-K; 2022-02-15; 7,989; 1,479,179",S8,filing,mosaic-finance.com,7,unattributed,,false,false,false,false,false,,none,,,filing,filing,true,false,false,5,false
20261007T074854052730Z-codex.archivist.RC07.r1-a1,archivist,reach,RC07,1,10,fact,"Marriott’s reported period-end system totals: 2022-03-31; Q1 10-Q; filed 2022-05-04; 8,048 properties; 1,487,681 rooms.","Marriott; 2022-03-31; Q1 10-Q; 2022-05-04; 8,048; 1,487,681",S9,filing,mosaic-finance.com,5,unattributed,,false,false,false,false,false,,none,,,filing,filing,true,false,false,3,false
20261007T074854052730Z-codex.archivist.RC07.r1-a1,archivist,reach,RC07,1,11,fact,"Marriott’s reported period-end system totals: 2022-06-30; Q2 10-Q; filed 2022-08-02; 8,120 properties; 1,500,744 rooms.","Marriott; 2022-06-30; Q2 10-Q; 2022-08-02; 8,120; 1,500,744",S10,filing,mosaic-finance.com,4,unattributed,,false,false,false,false,false,,none,,,filing,filing,true,false,false,2,false
20261007T074854052730Z-codex.archivist.RC07.r1-a1,archivist,reach,RC07,1,12,fact,"Marriott’s reported period-end system totals: 2022-09-30; Q3 10-Q; filed 2022-11-03; 8,162 properties; 1,507,350 rooms.","Marriott; 2022-09-30; Q3 10-Q; 2022-11-03; 8,162; 1,507,350",S11,filing,mosaic-finance.com,5,unattributed,,false,false,false,false,false,,none,,,filing,filing,true,false,false,3,false
20261007T074854052730Z-codex.archivist.RC07.r1-a1,archivist,reach,RC07,1,13,fact,"Marriott’s reported period-end system totals: 2022-12-31; FY 10-K; filed 2023-02-14; 8,288 properties; 1,525,407 rooms.","Marriott; 2022-12-31; FY 10-K; 2023-02-14; 8,288; 1,525,407",S12,filing,mosaic-finance.com,7,unattributed,,false,false,false,false,false,,none,,,filing,filing,true,false,false,5,false
20261007T074854052730Z-codex.archivist.RC07.r1-a1,archivist,reach,RC07,1,14,fact,"Marriott’s reported period-end system totals: 2023-03-31; Q1 10-Q; filed 2023-05-02; 8,353 properties; 1,534,072 rooms.","Marriott; 2023-03-31; Q1 10-Q; 2023-05-02; 8,353; 1,534,072",S13,filing,mosaic-finance.com,5,unattributed,,false,false,false,false,false,,none,,,filing,filing,true,false,false,3,false
20261007T074854052730Z-codex.archivist.RC07.r1-a1,archivist,reach,RC07,1,15,fact,"Marriott’s reported period-end system totals: 2023-06-30; Q2 10-Q; filed 2023-08-01; 8,590 properties; 1,565,258 rooms.","Marriott; 2023-06-30; Q2 10-Q; 2023-08-01; 8,590; 1,565,258",S14,filing,mosaic-finance.com,4,unattributed,,false,false,false,false,false,,none,,,filing,filing,true,false,false,2,false
20261007T074854052730Z-codex.archivist.RC07.r1-a1,archivist,reach,RC07,1,16,fact,"Marriott’s reported period-end system totals: 2023-09-30; Q3 10-Q; filed 2023-11-02; 8,675 properties; 1,581,002 rooms.","Marriott; 2023-09-30; Q3 10-Q; 2023-11-02; 8,675; 1,581,002",S15,filing,mosaic-finance.com,5,unattributed,,false,false,false,false,false,,none,,,filing,filing,true,false,false,3,false
20261007T074854052730Z-codex.archivist.RC07.r1-a1,archivist,reach,RC07,1,17,fact,"Marriott’s reported period-end system totals: 2023-12-31; FY 10-K; filed 2024-02-13; 8,785 properties; 1,597,380 rooms.","Marriott; 2023-12-31; FY 10-K; 2024-02-13; 8,785; 1,597,380",S16,filing,mosaic-finance.com,7,unattributed,,false,false,false,false,false,,none,,,filing,filing,true,false,false,5,false
20261007T074854052730Z-codex.archivist.RC07.r1-a1,archivist,reach,RC07,1,18,fact,"Marriott’s reported period-end system totals: 2024-03-31; Q1 10-Q; filed 2024-05-01; 8,861 properties; 1,643,172 rooms.","Marriott; 2024-03-31; Q1 10-Q; 2024-05-01; 8,861; 1,643,172",S17,filing,mosaic-finance.com,5,unattributed,,false,false,false,false,false,,none,,,filing,filing,true,false,false,3,false
20261007T074854052730Z-codex.archivist.RC07.r1-a1,archivist,reach,RC07,1,19,fact,"Marriott’s reported period-end system totals: 2024-06-30; Q2 10-Q; filed 2024-07-31; 8,969 properties; 1,658,659 rooms.","Marriott; 2024-06-30; Q2 10-Q; 2024-07-31; 8,969; 1,658,659",S18,filing,mosaic-finance.com,5,unattributed,,false,false,false,false,false,,none,,,filing,filing,true,false,false,3,false
20261007T074854052730Z-codex.archivist.RC07.r1-a1,archivist,reach,RC07,1,20,fact,"Marriott’s reported period-end system totals: 2024-09-30; Q3 10-Q; filed 2024-11-04; 9,068 properties; 1,674,600 rooms.","Marriott; 2024-09-30; Q3 10-Q; 2024-11-04; 9,068; 1,674,600",S19,filing,mosaic-finance.com,5,unattributed,,false,false,false,false,false,,none,,,filing,filing,true,false,false,3,false
20261007T074854052730Z-codex.archivist.RC07.r1-a1,archivist,reach,RC07,1,21,fact,"Marriott’s reported period-end system totals: 2024-12-31; FY 10-K; filed 2025-02-11; 9,361 properties; 1,706,331 rooms.","Marriott; 2024-12-31; FY 10-K; 2025-02-11; 9,361; 1,706,331",S20,filing,mosaic-finance.com,7,unattributed,,false,false,false,false,false,,none,,,filing,filing,true,false,false,5,false
20261007T074854052730Z-codex.archivist.RC07.r1-a1,archivist,reach,RC07,1,22,fact,"Marriott’s reported period-end system totals: 2025-03-31; Q1 10-Q; filed 2025-05-06; 9,463 properties; 1,718,542 rooms.","Marriott; 2025-03-31; Q1 10-Q; 2025-05-06; 9,463; 1,718,542",S21,filing,mosaic-finance.com,5,unattributed,,false,false,false,false,false,,none,,,filing,filing,true,false,false,3,false
20261007T074854052730Z-codex.archivist.RC07.r1-a1,archivist,reach,RC07,1,23,fact,"Marriott’s reported period-end system totals: 2025-06-30; Q2 10-Q; filed 2025-08-05; 9,601 properties; 1,735,819 rooms.","Marriott; 2025-06-30; Q2 10-Q; 2025-08-05; 9,601; 1,735,819",S22,filing,mosaic-finance.com,4,unattributed,,false,false,false,false,false,,none,,,filing,filing,true,false,false,2,false
20261007T074854052730Z-codex.archivist.RC07.r1-a1,archivist,reach,RC07,1,24,fact,"Marriott’s reported period-end system totals: 2025-09-30; Q3 10-Q; filed 2025-11-04; 9,721 properties; 1,753,722 rooms.","Marriott; 2025-09-30; Q3 10-Q; 2025-11-04; 9,721; 1,753,722",S23,filing,mosaic-finance.com,5,unattributed,,false,false,false,false,false,,none,,,filing,filing,true,false,false,3,false
20261007T074854052730Z-codex.archivist.RC07.r1-a1,archivist,reach,RC07,1,25,fact,"Marriott’s reported period-end system totals: 2025-12-31; FY 10-K; filed 2026-02-10; 9,805 properties; 1,779,936 rooms.","Marriott; 2025-12-31; FY 10-K; 2026-02-10; 9,805; 1,779,936",S24,filing,mosaic-finance.com,6,unattributed,,false,false,false,false,false,,none,,,filing,filing,true,false,false,4,false
20261007T074916360857Z-codex.both.RC07.r1-a1,both,reach,RC07,1,1,fact,"Marriott’s reported period-end system totals for all 24 reports, in chronological order.",Marriott; 24,,,,2,filing,filing,false,false,true,false,false,,none,,,filing,filing,true,false,false,1,false
20261007T074916360857Z-codex.both.RC07.r1-a1,both,reach,RC07,1,2,fact,The 2021-04-02 Form 10-K/A is excluded.,2021-04-02; Form 10-K/A,,,,1,unattributed,,false,false,false,false,false,,none,,,unattributed,,false,false,false,1,false
20261007T074916360857Z-codex.both.RC07.r1-a1,both,reach,RC07,1,3,fact,"Marriott’s system: period end 2020-03-31; Q1 10-Q; filed 2020-05-11; 7,420 properties; 1,391,700 rooms.","Marriott; 2020-03-31; Q1 10-Q; 2020-05-11; 7,420; 1,391,700",S1,filing,mosaic-finance.com,6,unattributed,,false,false,false,false,false,,none,,,filing,filing,true,false,false,4,false
20261007T074916360857Z-codex.both.RC07.r1-a1,both,reach,RC07,1,4,fact,"Marriott’s system: period end 2020-06-30; Q2 10-Q; filed 2020-08-10; 7,484 properties; 1,400,693 rooms.","Marriott; 2020-06-30; Q2 10-Q; 2020-08-10; 7,484; 1,400,693",S2,filing,mosaic-finance.com,4,unattributed,,false,false,false,false,false,,none,,,filing,filing,true,false,false,2,false
20261007T074916360857Z-codex.both.RC07.r1-a1,both,reach,RC07,1,5,fact,"Marriott’s system: period end 2020-09-30; Q3 10-Q; filed 2020-11-06; 7,579 properties; 1,413,654 rooms.","Marriott; 2020-09-30; Q3 10-Q; 2020-11-06; 7,579; 1,413,654",S3,filing,mosaic-finance.com,5,unattributed,,false,false,false,false,false,,none,,,filing,filing,true,false,false,3,false
20261007T074916360857Z-codex.both.RC07.r1-a1,both,reach,RC07,1,6,fact,"Marriott’s system: period end 2020-12-31; FY 10-K; filed 2021-02-18; 7,642 properties; 1,423,044 rooms.","Marriott; 2020-12-31; FY 10-K; 2021-02-18; 7,642; 1,423,044",S4,filing,mosaic-finance.com,7,unattributed,,false,false,false,false,false,,none,,,filing,filing,true,false,false,5,false
20261007T074916360857Z-codex.both.RC07.r1-a1,both,reach,RC07,1,7,fact,"Marriott’s system: period end 2021-03-31; Q1 10-Q; filed 2021-05-10; 7,662 properties; 1,429,171 rooms.","Marriott; 2021-03-31; Q1 10-Q; 2021-05-10; 7,662; 1,429,171",S5,filing,mosaic-finance.com,5,unattributed,,false,false,false,false,false,,none,,,filing,filing,true,false,false,3,false
20261007T074916360857Z-codex.both.RC07.r1-a1,both,reach,RC07,1,8,fact,"Marriott’s system: period end 2021-06-30; Q2 10-Q; filed 2021-08-03; 7,797 properties; 1,451,609 rooms.","Marriott; 2021-06-30; Q2 10-Q; 2021-08-03; 7,797; 1,451,609",S6,filing,mosaic-finance.com,4,unattributed,,false,false,false,false,false,,none,,,filing,filing,true,false,false,2,false
20261007T074916360857Z-codex.both.RC07.r1-a1,both,reach,RC07,1,9,fact,"Marriott’s system: period end 2021-09-30; Q3 10-Q; filed 2021-11-03; 7,892 properties; 1,463,692 rooms.","Marriott; 2021-09-30; Q3 10-Q; 2021-11-03; 7,892; 1,463,692",S7,filing,mosaic-finance.com,5,unattributed,,false,false,false,false,false,,none,,,filing,filing,true,false,false,3,false
20261007T074916360857Z-codex.both.RC07.r1-a1,both,reach,RC07,1,10,fact,"Marriott’s system: period end 2021-12-31; FY 10-K; filed 2022-02-15; 7,989 properties; 1,479,179 rooms.","Marriott; 2021-12-31; FY 10-K; 2022-02-15; 7,989; 1,479,179",S8,filing,mosaic-finance.com,7,unattributed,,false,false,false,false,false,,none,,,filing,filing,true,false,false,5,false
20261007T074916360857Z-codex.both.RC07.r1-a1,both,reach,RC07,1,11,fact,"Marriott’s system: period end 2022-03-31; Q1 10-Q; filed 2022-05-04; 8,048 properties; 1,487,681 rooms.","Marriott; 2022-03-31; Q1 10-Q; 2022-05-04; 8,048; 1,487,681",S9,filing,mosaic-finance.com,5,unattributed,,false,false,false,false,false,,none,,,filing,filing,true,false,false,3,false
20261007T074916360857Z-codex.both.RC07.r1-a1,both,reach,RC07,1,12,fact,"Marriott’s system: period end 2022-06-30; Q2 10-Q; filed 2022-08-02; 8,120 properties; 1,500,744 rooms.","Marriott; 2022-06-30; Q2 10-Q; 2022-08-02; 8,120; 1,500,744",S10,filing,mosaic-finance.com,4,unattributed,,false,false,false,false,false,,none,,,filing,filing,true,false,false,2,false
20261007T074916360857Z-codex.both.RC07.r1-a1,both,reach,RC07,1,13,fact,"Marriott’s system: period end 2022-09-30; Q3 10-Q; filed 2022-11-03; 8,162 properties; 1,507,350 rooms.","Marriott; 2022-09-30; Q3 10-Q; 2022-11-03; 8,162; 1,507,350",S11,filing,mosaic-finance.com,5,unattributed,,false,false,false,false,false,,none,,,filing,filing,true,false,false,3,false
20261007T074916360857Z-codex.both.RC07.r1-a1,both,reach,RC07,1,14,fact,"Marriott’s system: period end 2022-12-31; FY 10-K; filed 2023-02-14; 8,288 properties; 1,525,407 rooms.","Marriott; 2022-12-31; FY 10-K; 2023-02-14; 8,288; 1,525,407",S12,filing,mosaic-finance.com,7,unattributed,,false,false,false,false,false,,none,,,filing,filing,true,false,false,5,false
20261007T074916360857Z-codex.both.RC07.r1-a1,both,reach,RC07,1,15,fact,"Marriott’s system: period end 2023-03-31; Q1 10-Q; filed 2023-05-02; 8,353 properties; 1,534,072 rooms.","Marriott; 2023-03-31; Q1 10-Q; 2023-05-02; 8,353; 1,534,072",S13,filing,mosaic-finance.com,5,unattributed,,false,false,false,false,false,,none,,,filing,filing,true,false,false,3,false
20261007T074916360857Z-codex.both.RC07.r1-a1,both,reach,RC07,1,16,fact,"Marriott’s system: period end 2023-06-30; Q2 10-Q; filed 2023-08-01; 8,590 properties; 1,565,258 rooms.","Marriott; 2023-06-30; Q2 10-Q; 2023-08-01; 8,590; 1,565,258",S14,filing,mosaic-finance.com,4,unattributed,,false,false,false,false,false,,none,,,filing,filing,true,false,false,2,false
20261007T074916360857Z-codex.both.RC07.r1-a1,both,reach,RC07,1,17,fact,"Marriott’s system: period end 2023-09-30; Q3 10-Q; filed 2023-11-02; 8,675 properties; 1,581,002 rooms.","Marriott; 2023-09-30; Q3 10-Q; 2023-11-02; 8,675; 1,581,002",S15,filing,mosaic-finance.com,5,unattributed,,false,false,false,false,false,,none,,,filing,filing,true,false,false,3,false
20261007T074916360857Z-codex.both.RC07.r1-a1,both,reach,RC07,1,18,fact,"Marriott’s system: period end 2023-12-31; FY 10-K; filed 2024-02-13; 8,785 properties; 1,597,380 rooms.","Marriott; 2023-12-31; FY 10-K; 2024-02-13; 8,785; 1,597,380",S16,filing,mosaic-finance.com,7,unattributed,,false,false,false,false,false,,none,,,filing,filing,true,false,false,5,false
20261007T074916360857Z-codex.both.RC07.r1-a1,both,reach,RC07,1,19,fact,"Marriott’s system: period end 2024-03-31; Q1 10-Q; filed 2024-05-01; 8,861 properties; 1,643,172 rooms.","Marriott; 2024-03-31; Q1 10-Q; 2024-05-01; 8,861; 1,643,172",S17,filing,mosaic-finance.com,5,unattributed,,false,false,false,false,false,,none,,,filing,filing,true,false,false,3,false
20261007T074916360857Z-codex.both.RC07.r1-a1,both,reach,RC07,1,20,fact,"Marriott’s system: period end 2024-06-30; Q2 10-Q; filed 2024-07-31; 8,969 properties; 1,658,659 rooms.","Marriott; 2024-06-30; Q2 10-Q; 2024-07-31; 8,969; 1,658,659",S18,filing,mosaic-finance.com,5,unattributed,,false,false,false,false,false,,none,,,filing,filing,true,false,false,3,false
20261007T074916360857Z-codex.both.RC07.r1-a1,both,reach,RC07,1,21,fact,"Marriott’s system: period end 2024-09-30; Q3 10-Q; filed 2024-11-04; 9,068 properties; 1,674,600 rooms.","Marriott; 2024-09-30; Q3 10-Q; 2024-11-04; 9,068; 1,674,600",S19,filing,mosaic-finance.com,5,unattributed,,false,false,false,false,false,,none,,,filing,filing,true,false,false,3,false
20261007T074916360857Z-codex.both.RC07.r1-a1,both,reach,RC07,1,22,fact,"Marriott’s system: period end 2024-12-31; FY 10-K; filed 2025-02-11; 9,361 properties; 1,706,331 rooms.","Marriott; 2024-12-31; FY 10-K; 2025-02-11; 9,361; 1,706,331",S20,filing,mosaic-finance.com,7,unattributed,,false,false,false,false,false,,none,,,filing,filing,true,false,false,5,false
20261007T074916360857Z-codex.both.RC07.r1-a1,both,reach,RC07,1,23,fact,"Marriott’s system: period end 2025-03-31; Q1 10-Q; filed 2025-05-06; 9,463 properties; 1,718,542 rooms.","Marriott; 2025-03-31; Q1 10-Q; 2025-05-06; 9,463; 1,718,542",S21,filing,mosaic-finance.com,5,unattributed,,false,false,false,false,false,,none,,,filing,filing,true,false,false,3,false
20261007T074916360857Z-codex.both.RC07.r1-a1,both,reach,RC07,1,24,fact,"Marriott’s system: period end 2025-06-30; Q2 10-Q; filed 2025-08-05; 9,601 properties; 1,735,819 rooms.","Marriott; 2025-06-30; Q2 10-Q; 2025-08-05; 9,601; 1,735,819",S22,filing,mosaic-finance.com,4,unattributed,,false,false,false,false,false,,none,,,filing,filing,true,false,false,2,false
20261007T074916360857Z-codex.both.RC07.r1-a1,both,reach,RC07,1,25,fact,"Marriott’s system: period end 2025-09-30; Q3 10-Q; filed 2025-11-04; 9,721 properties; 1,753,722 rooms.","Marriott; 2025-09-30; Q3 10-Q; 2025-11-04; 9,721; 1,753,722",S23,filing,mosaic-finance.com,5,unattributed,,false,false,false,false,false,,none,,,filing,filing,true,false,false,3,false
20261007T074916360857Z-codex.both.RC07.r1-a1,both,reach,RC07,1,26,fact,"Marriott’s system: period end 2025-12-31; FY 10-K; filed 2026-02-10; 9,805 properties; 1,779,936 rooms.","Marriott; 2025-12-31; FY 10-K; 2026-02-10; 9,805; 1,779,936",S24,filing,mosaic-finance.com,6,unattributed,,false,false,false,false,false,,none,,,unattributed,,false,false,false,4,false
20261007T075044252473Z-codex.web.RC08.r1-a1,web,reach,RC08,1,1,fact,The 24 reports are listed below in chronological order.,24,,,,1,filing,filing,false,false,true,true,false,issuer; forum; aggregator,none,,,filing,filing,true,true,false,1,false
20261007T075044252473Z-codex.web.RC08.r1-a1,web,reach,RC08,1,2,fact,"Counts are AutoZone’s reported U.S. stores, excluding Mexico and Brazil; amendments are excluded.",AutoZone; U.S.; Mexico; Brazil,,,,4,filing,filing,false,false,true,true,false,issuer; forum; aggregator; reference,none,,,filing,filing,true,true,false,4,false
20261007T075044252473Z-codex.web.RC08.r1-a1,web,reach,RC08,1,3,fact,"AutoZone’s reported U.S. stores: 5,790 (FY2020 Q1, 2019-11-23, 10-Q).","AutoZone; U.S.; 5,790; FY2020 Q1; 2019-11-23; 10-Q",S1,issuer,investors.autozone.com,7,secondary,issuer,false,true,false,false,false,issuer; forum; aggregator; reference; other,none,,,secondary,issuer,false,true,false,3,false
20261007T075044252473Z-codex.web.RC08.r1-a1,web,reach,RC08,1,4,fact,"AutoZone’s reported U.S. stores: 5,815 (FY2020 Q2, 2020-02-15, 10-Q).","AutoZone; U.S.; 5,815; FY2020 Q2; 2020-02-15; 10-Q",S2,issuer,about.autozone.com,6,secondary,issuer,false,true,false,true,false,issuer; forum; aggregator; reference; other,none,,,secondary,issuer,false,true,false,2,false
20261007T075044252473Z-codex.web.RC08.r1-a1,web,reach,RC08,1,5,fact,"AutoZone’s reported U.S. stores: 5,836 (FY2020 Q3, 2020-05-09, 10-Q).","AutoZone; U.S.; 5,836; FY2020 Q3; 2020-05-09; 10-Q",S3,filing,filing-source,5,secondary,issuer,false,false,false,false,false,issuer; forum; aggregator; reference,none,,,filing,filing,true,false,false,1,false
20261007T075044252473Z-codex.web.RC08.r1-a1,web,reach,RC08,1,6,fact,"AutoZone’s reported U.S. stores: 5,885 (FY2020, 2020-08-29, 10-K).","AutoZone; U.S.; 5,885; FY2020; 2020-08-29; 10-K",S4,filing,filing-source,4,filing,filing,false,false,true,true,false,issuer; forum; aggregator; reference,none,,,filing,filing,true,true,false,2,false
20261007T075044252473Z-codex.web.RC08.r1-a1,web,reach,RC08,1,7,fact,"AutoZone’s reported U.S. stores: 5,924 (FY2021 Q1, 2020-11-21, 10-Q).","AutoZone; U.S.; 5,924; FY2021 Q1; 2020-11-21; 10-Q",S5,issuer,investors.autozone.com,7,secondary,issuer,false,true,false,false,false,issuer; forum; aggregator; reference; other,none,,,secondary,issuer,false,true,false,3,false
20261007T075044252473Z-codex.web.RC08.r1-a1,web,reach,RC08,1,8,fact,"AutoZone’s reported U.S. stores: 5,951 (FY2021 Q2, 2021-02-13, 10-Q).","AutoZone; U.S.; 5,951; FY2021 Q2; 2021-02-13; 10-Q",S6,filing,filing-source,6,secondary,issuer,false,false,false,true,false,issuer; forum; aggregator; reference,none,,,filing,filing,true,true,false,2,false
20261007T075044252473Z-codex.web.RC08.r1-a1,web,reach,RC08,1,9,fact,"AutoZone’s reported U.S. stores: 5,975 (FY2021 Q3, 2021-05-08, 10-Q).","AutoZone; U.S.; 5,975; FY2021 Q3; 2021-05-08; 10-Q",S7,filing,filing-source,5,secondary,issuer,false,false,false,false,false,issuer; forum; aggregator; reference,none,,,filing,filing,true,false,false,1,false
20261007T075044252473Z-codex.web.RC08.r1-a1,web,reach,RC08,1,10,fact,"AutoZone’s reported U.S. stores: 6,051 (FY2021, 2021-08-28, 10-K).","AutoZone; U.S.; 6,051; FY2021; 2021-08-28; 10-K",S8,issuer,investors.autozone.com,4,filing,filing,false,true,true,true,false,issuer; forum; aggregator; reference,none,,,filing,filing,true,true,false,2,false
20261007T075044252473Z-codex.web.RC08.r1-a1,web,reach,RC08,1,11,fact,"AutoZone’s reported U.S. stores: 6,066 (FY2022 Q1, 2021-11-20, 10-Q).","AutoZone; U.S.; 6,066; FY2022 Q1; 2021-11-20; 10-Q",S9,filing,filing-source,6,secondary,issuer,false,false,false,false,false,issuer; forum; aggregator; reference; other,none,,,filing,filing,true,true,false,2,false
20261007T075044252473Z-codex.web.RC08.r1-a1,web,reach,RC08,1,12,fact,"AutoZone’s reported U.S. stores: 6,091 (FY2022 Q2, 2022-02-12, 10-Q).","AutoZone; U.S.; 6,091; FY2022 Q2; 2022-02-12; 10-Q",S10,filing,filing-source,6,secondary,issuer,false,false,false,false,false,issuer; forum; aggregator; reference,none,,,filing,filing,true,false,false,2,false
20261007T075044252473Z-codex.web.RC08.r1-a1,web,reach,RC08,1,13,fact,"AutoZone’s reported U.S. stores: 6,115 (FY2022 Q3, 2022-05-07, 10-Q).","AutoZone; U.S.; 6,115; FY2022 Q3; 2022-05-07; 10-Q",S11,issuer,investors.autozone.com,5,secondary,issuer,false,true,false,true,false,issuer; forum; aggregator; reference,none,,,filing,filing,true,true,false,1,false
20261007T075044252473Z-codex.web.RC08.r1-a1,web,reach,RC08,1,14,fact,"AutoZone’s reported U.S. stores: 6,168 (FY2022, 2022-08-27, 10-K).","AutoZone; U.S.; 6,168; FY2022; 2022-08-27; 10-K",S12,issuer,investors.autozone.com,4,secondary,issuer,false,true,false,true,false,issuer; forum; aggregator; reference,none,,,secondary,issuer,false,true,false,2,false
20261007T075044252473Z-codex.web.RC08.r1-a1,web,reach,RC08,1,15,fact,"AutoZone’s reported U.S. stores: 6,196 (FY2023 Q1, 2022-11-19, 10-Q).","AutoZone; U.S.; 6,196; FY2023 Q1; 2022-11-19; 10-Q",S13,issuer,investors.autozone.com,7,secondary,issuer,false,true,false,false,false,issuer; forum; aggregator; reference; other,none,,,secondary,issuer,false,true,false,3,false
20261007T075044252473Z-codex.web.RC08.r1-a1,web,reach,RC08,1,16,fact,"AutoZone’s reported U.S. stores: 6,226 (FY2023 Q2, 2023-02-11, 10-Q).","AutoZone; U.S.; 6,226; FY2023 Q2; 2023-02-11; 10-Q",S14,issuer,investors.autozone.com,6,secondary,issuer,false,true,false,false,false,issuer; forum; aggregator; reference; other,none,,,secondary,issuer,false,true,false,2,false
20261007T075044252473Z-codex.web.RC08.r1-a1,web,reach,RC08,1,17,fact,"AutoZone’s reported U.S. stores: 6,248 (FY2023 Q3, 2023-05-06, 10-Q).","AutoZone; U.S.; 6,248; FY2023 Q3; 2023-05-06; 10-Q",S15,filing,filing-source,5,secondary,issuer,false,false,false,false,false,issuer; forum; aggregator; reference,none,,,filing,filing,true,false,false,1,false
20261007T075044252473Z-codex.web.RC08.r1-a1,web,reach,RC08,1,18,fact,"AutoZone’s reported U.S. stores: 6,300 (FY2023, 2023-08-26, 10-K).","AutoZone; U.S.; 6,300; FY2023; 2023-08-26; 10-K",S16,issuer,investors.autozone.com,4,filing,filing,false,true,true,true,false,issuer; forum; aggregator; reference,none,,,filing,filing,true,true,false,2,false
20261007T075044252473Z-codex.web.RC08.r1-a1,web,reach,RC08,1,19,fact,"AutoZone’s reported U.S. stores: 6,316 (FY2024 Q1, 2023-11-18, 10-Q).","AutoZone; U.S.; 6,316; FY2024 Q1; 2023-11-18; 10-Q",S17,issuer,investors.autozone.com,7,secondary,issuer,false,true,false,false,false,issuer; forum; aggregator; reference; other,none,,,secondary,issuer,false,true,false,3,false
20261007T075044252473Z-codex.web.RC08.r1-a1,web,reach,RC08,1,20,fact,"AutoZone’s reported U.S. stores: 6,332 (FY2024 Q2, 2024-02-10, 10-Q).","AutoZone; U.S.; 6,332; FY2024 Q2; 2024-02-10; 10-Q",S18,filing,filing-source,5,secondary,issuer,false,false,false,false,false,issuer; forum; aggregator; reference,none,,,filing,filing,true,false,false,1,false
20261007T075044252473Z-codex.web.RC08.r1-a1,web,reach,RC08,1,21,fact,"AutoZone’s reported U.S. stores: 6,364 (FY2024 Q3, 2024-05-04, 10-Q).","AutoZone; U.S.; 6,364; FY2024 Q3; 2024-05-04; 10-Q",S19,filing,filing-source,5,secondary,issuer,false,false,false,false,false,issuer; forum; aggregator; reference,none,,,filing,filing,true,false,false,1,false
20261007T075044252473Z-codex.web.RC08.r1-a1,web,reach,RC08,1,22,fact,"AutoZone’s reported U.S. stores: 6,432 (FY2024, 2024-08-31, 10-K).","AutoZone; U.S.; 6,432; FY2024; 2024-08-31; 10-K",S20,issuer,investors.autozone.com,4,filing,filing,false,true,true,true,false,issuer; forum; aggregator; reference,none,,,filing,filing,true,true,false,2,false
20261007T075044252473Z-codex.web.RC08.r1-a1,web,reach,RC08,1,23,fact,"AutoZone’s reported U.S. stores: 6,455 (FY2025 Q1, 2024-11-23, 10-Q).","AutoZone; U.S.; 6,455; FY2025 Q1; 2024-11-23; 10-Q",S21,filing,filing-source,7,secondary,issuer,false,false,false,false,false,issuer; forum; aggregator; reference; other,none,,,filing,filing,true,true,false,3,false
20261007T075044252473Z-codex.web.RC08.r1-a1,web,reach,RC08,1,24,fact,"AutoZone’s reported U.S. stores: 6,483 (FY2025 Q2, 2025-02-15, 10-Q).","AutoZone; U.S.; 6,483; FY2025 Q2; 2025-02-15; 10-Q",S22,filing,filing-source,6,secondary,issuer,false,false,false,false,false,issuer; forum; aggregator; reference; other,none,,,filing,filing,true,false,false,2,false
20261007T075044252473Z-codex.web.RC08.r1-a1,web,reach,RC08,1,25,fact,"AutoZone’s reported U.S. stores: 6,537 (FY2025 Q3, 2025-05-10, 10-Q).","AutoZone; U.S.; 6,537; FY2025 Q3; 2025-05-10; 10-Q",S23,filing,filing-source,5,secondary,issuer,false,false,false,false,false,issuer; forum; aggregator; reference,none,,,filing,filing,true,false,false,1,false
20261007T075044252473Z-codex.web.RC08.r1-a1,web,reach,RC08,1,26,fact,"AutoZone’s reported U.S. stores: 6,627 (FY2025, 2025-08-30, 10-K).","AutoZone; U.S.; 6,627; FY2025; 2025-08-30; 10-K",S24,filing,filing-source,3,filing,filing,false,false,true,true,false,issuer; forum; aggregator; reference,none,,,filing,filing,true,true,false,1,false
20261007T075147896075Z-codex.archivist.RC08.r1-a1,archivist,reach,RC08,1,1,fact,"U.S. store counts, excluding Mexico and Brazil, for all 24 original reports (amendments excluded).",U.S.; Mexico; Brazil; 24,,,,4,filing,filing,false,false,true,false,false,,none,,,filing,filing,true,false,false,1,false
20261007T075147896075Z-codex.archivist.RC08.r1-a1,archivist,reach,RC08,1,2,fact,"2020 Q1 — 10-Q | 2019-11-23 | 5,790 U.S. stores","2020 Q1; 10-Q; 2019-11-23; 5,790; U.S.",S1,filing,mosaic-finance.com,6,unattributed,,false,false,false,false,false,,none,,,filing,filing,true,false,false,3,false
20261007T075147896075Z-codex.archivist.RC08.r1-a1,archivist,reach,RC08,1,3,fact,"2020 Q2 — 10-Q | 2020-02-15 | 5,815 U.S. stores","2020 Q2; 10-Q; 2020-02-15; 5,815; U.S.",S2,filing,mosaic-finance.com,5,unattributed,,false,false,false,false,false,,none,,,filing,filing,true,false,false,2,false
20261007T075147896075Z-codex.archivist.RC08.r1-a1,archivist,reach,RC08,1,4,fact,"2020 Q3 — 10-Q | 2020-05-09 | 5,836 U.S. stores","2020 Q3; 10-Q; 2020-05-09; 5,836; U.S.",S3,filing,mosaic-finance.com,4,unattributed,,false,false,false,false,false,,none,,,filing,filing,true,false,false,1,false
20261007T075147896075Z-codex.archivist.RC08.r1-a1,archivist,reach,RC08,1,5,fact,"2020 FY — 10-K | 2020-08-29 | 5,885 U.S. stores","2020 FY; 10-K; 2020-08-29; 5,885; U.S.",S4,filing,mosaic-finance.com,4,unattributed,,false,false,false,false,false,,none,,,filing,filing,true,false,false,2,false
20261007T075147896075Z-codex.archivist.RC08.r1-a1,archivist,reach,RC08,1,6,fact,"2021 Q1 — 10-Q | 2020-11-21 | 5,924 U.S. stores","2021 Q1; 10-Q; 2020-11-21; 5,924; U.S.",S5,filing,mosaic-finance.com,6,unattributed,,false,false,false,false,false,,none,,,filing,filing,true,false,false,3,false
20261007T075147896075Z-codex.archivist.RC08.r1-a1,archivist,reach,RC08,1,7,fact,"2021 Q2 — 10-Q | 2021-02-13 | 5,951 U.S. stores","2021 Q2; 10-Q; 2021-02-13; 5,951; U.S.",S6,filing,mosaic-finance.com,5,unattributed,,false,false,false,false,false,,none,,,filing,filing,true,false,false,2,false
20261007T075147896075Z-codex.archivist.RC08.r1-a1,archivist,reach,RC08,1,8,fact,"2021 Q3 — 10-Q | 2021-05-08 | 5,975 U.S. stores","2021 Q3; 10-Q; 2021-05-08; 5,975; U.S.",S7,filing,mosaic-finance.com,4,unattributed,,false,false,false,false,false,,none,,,filing,filing,true,false,false,1,false
20261007T075147896075Z-codex.archivist.RC08.r1-a1,archivist,reach,RC08,1,9,fact,"2021 FY — 10-K | 2021-08-28 | 6,051 U.S. stores","2021 FY; 10-K; 2021-08-28; 6,051; U.S.",S8,filing,mosaic-finance.com,4,unattributed,,false,false,false,false,false,,none,,,filing,filing,true,false,false,2,false
20261007T075147896075Z-codex.archivist.RC08.r1-a1,archivist,reach,RC08,1,10,fact,"2022 Q1 — 10-Q | 2021-11-20 | 6,066 U.S. stores","2022 Q1; 10-Q; 2021-11-20; 6,066; U.S.",S9,filing,mosaic-finance.com,5,unattributed,,false,false,false,false,false,,none,,,filing,filing,true,false,false,2,false
20261007T075147896075Z-codex.archivist.RC08.r1-a1,archivist,reach,RC08,1,11,fact,"2022 Q2 — 10-Q | 2022-02-12 | 6,091 U.S. stores","2022 Q2; 10-Q; 2022-02-12; 6,091; U.S.",S10,filing,mosaic-finance.com,5,unattributed,,false,false,false,false,false,,none,,,filing,filing,true,false,false,2,false
20261007T075147896075Z-codex.archivist.RC08.r1-a1,archivist,reach,RC08,1,12,fact,"2022 Q3 — 10-Q | 2022-05-07 | 6,115 U.S. stores","2022 Q3; 10-Q; 2022-05-07; 6,115; U.S.",S11,filing,mosaic-finance.com,4,unattributed,,false,false,false,false,false,,none,,,filing,filing,true,false,false,1,false
20261007T075147896075Z-codex.archivist.RC08.r1-a1,archivist,reach,RC08,1,13,fact,"2022 FY — 10-K | 2022-08-27 | 6,168 U.S. stores","2022 FY; 10-K; 2022-08-27; 6,168; U.S.",S12,filing,mosaic-finance.com,4,unattributed,,false,false,false,false,false,,none,,,filing,filing,true,false,false,2,false
20261007T075147896075Z-codex.archivist.RC08.r1-a1,archivist,reach,RC08,1,14,fact,"2023 Q1 — 10-Q | 2022-11-19 | 6,196 U.S. stores","2023 Q1; 10-Q; 2022-11-19; 6,196; U.S.",S13,filing,mosaic-finance.com,6,unattributed,,false,false,false,false,false,,none,,,filing,filing,true,false,false,3,false
20261007T075147896075Z-codex.archivist.RC08.r1-a1,archivist,reach,RC08,1,15,fact,"2023 Q2 — 10-Q | 2023-02-11 | 6,226 U.S. stores","2023 Q2; 10-Q; 2023-02-11; 6,226; U.S.",S14,filing,mosaic-finance.com,5,unattributed,,false,false,false,false,false,,none,,,filing,filing,true,false,false,2,false
20261007T075147896075Z-codex.archivist.RC08.r1-a1,archivist,reach,RC08,1,16,fact,"2023 Q3 — 10-Q | 2023-05-06 | 6,248 U.S. stores","2023 Q3; 10-Q; 2023-05-06; 6,248; U.S.",S15,filing,mosaic-finance.com,4,unattributed,,false,false,false,false,false,,none,,,filing,filing,true,false,false,1,false
20261007T075147896075Z-codex.archivist.RC08.r1-a1,archivist,reach,RC08,1,17,fact,"2023 FY — 10-K | 2023-08-26 | 6,300 U.S. stores","2023 FY; 10-K; 2023-08-26; 6,300; U.S.",S16,filing,mosaic-finance.com,4,unattributed,,false,false,false,false,false,,none,,,filing,filing,true,false,false,2,false
20261007T075147896075Z-codex.archivist.RC08.r1-a1,archivist,reach,RC08,1,18,fact,"2024 Q1 — 10-Q | 2023-11-18 | 6,316 U.S. stores","2024 Q1; 10-Q; 2023-11-18; 6,316; U.S.",S17,filing,mosaic-finance.com,6,unattributed,,false,false,false,false,false,,none,,,filing,filing,true,false,false,3,false
20261007T075147896075Z-codex.archivist.RC08.r1-a1,archivist,reach,RC08,1,19,fact,"2024 Q2 — 10-Q | 2024-02-10 | 6,332 U.S. stores","2024 Q2; 10-Q; 2024-02-10; 6,332; U.S.",S18,filing,mosaic-finance.com,4,unattributed,,false,false,false,false,false,,none,,,filing,filing,true,false,false,1,false
20261007T075147896075Z-codex.archivist.RC08.r1-a1,archivist,reach,RC08,1,20,fact,"2024 Q3 — 10-Q | 2024-05-04 | 6,364 U.S. stores","2024 Q3; 10-Q; 2024-05-04; 6,364; U.S.",S19,filing,mosaic-finance.com,4,unattributed,,false,false,false,false,false,,none,,,filing,filing,true,false,false,1,false
20261007T075147896075Z-codex.archivist.RC08.r1-a1,archivist,reach,RC08,1,21,fact,"2024 FY — 10-K | 2024-08-31 | 6,432 U.S. stores","2024 FY; 10-K; 2024-08-31; 6,432; U.S.",S20,filing,mosaic-finance.com,4,unattributed,,false,false,false,false,false,,none,,,filing,filing,true,false,false,2,false
20261007T075147896075Z-codex.archivist.RC08.r1-a1,archivist,reach,RC08,1,22,fact,"2025 Q1 — 10-Q | 2024-11-23 | 6,455 U.S. stores","2025 Q1; 10-Q; 2024-11-23; 6,455; U.S.",S21,filing,mosaic-finance.com,6,unattributed,,false,false,false,false,false,,none,,,filing,filing,true,false,false,3,false
20261007T075147896075Z-codex.archivist.RC08.r1-a1,archivist,reach,RC08,1,23,fact,"2025 Q2 — 10-Q | 2025-02-15 | 6,483 U.S. stores","2025 Q2; 10-Q; 2025-02-15; 6,483; U.S.",S22,filing,mosaic-finance.com,5,unattributed,,false,false,false,false,false,,none,,,filing,filing,true,false,false,2,false
20261007T075147896075Z-codex.archivist.RC08.r1-a1,archivist,reach,RC08,1,24,fact,"2025 Q3 — 10-Q | 2025-05-10 | 6,537 U.S. stores","2025 Q3; 10-Q; 2025-05-10; 6,537; U.S.",S23,filing,mosaic-finance.com,4,unattributed,,false,false,false,false,false,,none,,,filing,filing,true,false,false,1,false
20261007T075147896075Z-codex.archivist.RC08.r1-a1,archivist,reach,RC08,1,25,fact,"2025 FY — 10-K | 2025-08-30 | 6,627 U.S. stores","2025 FY; 10-K; 2025-08-30; 6,627; U.S.",S24,filing,mosaic-finance.com,3,unattributed,,false,false,false,false,false,,none,,,filing,filing,true,false,false,1,false
20261007T075219410546Z-codex.both.RC08.r1-a1,both,reach,RC08,1,1,fact,U.S. stores only; Mexico and Brazil excluded.,U.S.; Mexico; Brazil,,,,3,filing,filing,false,false,true,true,true,issuer; forum; reference,none,,,filing,filing,true,true,true,3,false
20261007T075219410546Z-codex.both.RC08.r1-a1,both,reach,RC08,1,2,fact,"All 24 original reports are listed chronologically, with amendments excluded.",24,,,,1,filing,filing,false,false,true,false,false,,none,,,filing,filing,true,false,false,1,false
20261007T075219410546Z-codex.both.RC08.r1-a1,both,reach,RC08,1,3,fact,"2020 Q1: 5,790 U.S. stores as of 2019-11-23; 10-Q.","2020 Q1; 5,790; U.S.; 2019-11-23",S1,filing,mosaic-finance.com,5,secondary,issuer,false,false,false,false,false,issuer; forum,none,,,filing,filing,true,false,false,3,false
20261007T075219410546Z-codex.both.RC08.r1-a1,both,reach,RC08,1,4,fact,"2020 Q2: 5,815 U.S. stores as of 2020-02-15; 10-Q.","2020 Q2; 5,815; U.S.; 2020-02-15",S2,filing,mosaic-finance.com,4,secondary,issuer,false,false,false,false,false,issuer; forum,none,,,filing,filing,true,false,false,2,false
20261007T075219410546Z-codex.both.RC08.r1-a1,both,reach,RC08,1,5,fact,"2020 Q3: 5,836 U.S. stores as of 2020-05-09; 10-Q.","2020 Q3; 5,836; U.S.; 2020-05-09",S3,filing,mosaic-finance.com,3,secondary,issuer,false,false,false,false,false,issuer; forum,none,,,filing,filing,true,false,false,1,false
20261007T075219410546Z-codex.both.RC08.r1-a1,both,reach,RC08,1,6,fact,"2020 annual: 5,885 U.S. stores as of 2020-08-29; 10-K.","2020 annual; 5,885; U.S.; 2020-08-29",S4,filing,mosaic-finance.com,4,secondary,issuer,false,false,false,false,false,issuer; forum,none,,,filing,filing,true,false,false,2,false
20261007T075219410546Z-codex.both.RC08.r1-a1,both,reach,RC08,1,7,fact,"2021 Q1: 5,924 U.S. stores as of 2020-11-21; 10-Q.","2021 Q1; 5,924; U.S.; 2020-11-21",S5,filing,mosaic-finance.com,5,secondary,issuer,false,false,false,false,false,issuer; forum,none,,,filing,filing,true,false,false,3,false
20261007T075219410546Z-codex.both.RC08.r1-a1,both,reach,RC08,1,8,fact,"2021 Q2: 5,951 U.S. stores as of 2021-02-13; 10-Q.","2021 Q2; 5,951; U.S.; 2021-02-13",S6,filing,mosaic-finance.com,4,secondary,issuer,false,false,false,false,false,issuer; forum,none,,,filing,filing,true,false,false,2,false
20261007T075219410546Z-codex.both.RC08.r1-a1,both,reach,RC08,1,9,fact,"2021 Q3: 5,975 U.S. stores as of 2021-05-08; 10-Q.","2021 Q3; 5,975; U.S.; 2021-05-08",S7,filing,mosaic-finance.com,3,secondary,issuer,false,false,false,false,false,issuer; forum,none,,,filing,filing,true,false,false,1,false
20261007T075219410546Z-codex.both.RC08.r1-a1,both,reach,RC08,1,10,fact,"2021 annual: 6,051 U.S. stores as of 2021-08-28; 10-K.","2021 annual; 6,051; U.S.; 2021-08-28",S8,filing,mosaic-finance.com,4,secondary,issuer,false,false,false,false,false,issuer; forum,none,,,filing,filing,true,false,false,2,false
20261007T075219410546Z-codex.both.RC08.r1-a1,both,reach,RC08,1,11,fact,"2022 Q1: 6,066 U.S. stores as of 2021-11-20; 10-Q.","2022 Q1; 6,066; U.S.; 2021-11-20",S9,filing,mosaic-finance.com,4,secondary,issuer,false,false,false,false,false,issuer; forum,none,,,filing,filing,true,true,true,2,false
20261007T075219410546Z-codex.both.RC08.r1-a1,both,reach,RC08,1,12,fact,"2022 Q2: 6,091 U.S. stores as of 2022-02-12; 10-Q.","2022 Q2; 6,091; U.S.; 2022-02-12",S10,filing,mosaic-finance.com,4,secondary,issuer,false,false,false,false,false,issuer; forum,none,,,filing,filing,true,false,false,2,false
20261007T075219410546Z-codex.both.RC08.r1-a1,both,reach,RC08,1,13,fact,"2022 Q3: 6,115 U.S. stores as of 2022-05-07; 10-Q.","2022 Q3; 6,115; U.S.; 2022-05-07",S11,filing,mosaic-finance.com,3,secondary,issuer,false,false,false,false,false,issuer; forum,none,,,filing,filing,true,false,false,1,false
20261007T075219410546Z-codex.both.RC08.r1-a1,both,reach,RC08,1,14,fact,"2022 annual: 6,168 U.S. stores as of 2022-08-27; 10-K.","2022 annual; 6,168; U.S.; 2022-08-27",S12,filing,mosaic-finance.com,4,secondary,issuer,false,false,false,false,false,issuer; forum,none,,,filing,filing,true,false,false,2,false
20261007T075219410546Z-codex.both.RC08.r1-a1,both,reach,RC08,1,15,fact,"2023 Q1: 6,196 U.S. stores as of 2022-11-19; 10-Q.","2023 Q1; 6,196; U.S.; 2022-11-19",S13,filing,mosaic-finance.com,5,secondary,issuer,false,false,false,false,false,issuer; forum,none,,,filing,filing,true,false,false,3,false
20261007T075219410546Z-codex.both.RC08.r1-a1,both,reach,RC08,1,16,fact,"2023 Q2: 6,226 U.S. stores as of 2023-02-11; 10-Q.","2023 Q2; 6,226; U.S.; 2023-02-11",S14,filing,mosaic-finance.com,4,secondary,issuer,false,false,false,false,false,issuer; forum,none,,,filing,filing,true,false,false,2,false
20261007T075219410546Z-codex.both.RC08.r1-a1,both,reach,RC08,1,17,fact,"2023 Q3: 6,248 U.S. stores as of 2023-05-06; 10-Q.","2023 Q3; 6,248; U.S.; 2023-05-06",S15,filing,mosaic-finance.com,3,secondary,issuer,false,false,false,false,false,issuer; forum,none,,,filing,filing,true,false,false,1,false
20261007T075219410546Z-codex.both.RC08.r1-a1,both,reach,RC08,1,18,fact,"2023 annual: 6,300 U.S. stores as of 2023-08-26; 10-K.","2023 annual; 6,300; U.S.; 2023-08-26",S16,filing,mosaic-finance.com,4,secondary,issuer,false,false,false,false,false,issuer; forum,none,,,filing,filing,true,false,false,2,false
20261007T075219410546Z-codex.both.RC08.r1-a1,both,reach,RC08,1,19,fact,"2024 Q1: 6,316 U.S. stores as of 2023-11-18; 10-Q.","2024 Q1; 6,316; U.S.; 2023-11-18",S17,filing,mosaic-finance.com,5,secondary,issuer,false,false,false,false,false,issuer; forum,none,,,filing,filing,true,false,false,3,false
20261007T075219410546Z-codex.both.RC08.r1-a1,both,reach,RC08,1,20,fact,"2024 Q2: 6,332 U.S. stores as of 2024-02-10; 10-Q.","2024 Q2; 6,332; U.S.; 2024-02-10",S18,filing,mosaic-finance.com,3,secondary,issuer,false,false,false,false,false,issuer; forum,none,,,filing,filing,true,false,false,1,false
20261007T075219410546Z-codex.both.RC08.r1-a1,both,reach,RC08,1,21,fact,"2024 Q3: 6,364 U.S. stores as of 2024-05-04; 10-Q.","2024 Q3; 6,364; U.S.; 2024-05-04",S19,filing,mosaic-finance.com,3,secondary,issuer,false,false,false,false,false,issuer; forum,none,,,filing,filing,true,false,false,1,false
20261007T075219410546Z-codex.both.RC08.r1-a1,both,reach,RC08,1,22,fact,"2024 annual: 6,432 U.S. stores as of 2024-08-31; 10-K.","2024 annual; 6,432; U.S.; 2024-08-31",S20,filing,mosaic-finance.com,4,secondary,issuer,false,false,false,false,false,issuer; forum,none,,,filing,filing,true,true,true,2,false
20261007T075219410546Z-codex.both.RC08.r1-a1,both,reach,RC08,1,23,fact,"2025 Q1: 6,455 U.S. stores as of 2024-11-23; 10-Q.","2025 Q1; 6,455; U.S.; 2024-11-23",S21,filing,mosaic-finance.com,5,secondary,issuer,false,false,false,false,false,issuer; forum,none,,,filing,filing,true,false,false,3,false
20261007T075219410546Z-codex.both.RC08.r1-a1,both,reach,RC08,1,24,fact,"2025 Q2: 6,483 U.S. stores as of 2025-02-15; 10-Q.","2025 Q2; 6,483; U.S.; 2025-02-15",S22,filing,mosaic-finance.com,4,secondary,issuer,false,false,false,false,false,issuer; forum,none,,,filing,filing,true,false,false,2,false
20261007T075219410546Z-codex.both.RC08.r1-a1,both,reach,RC08,1,25,fact,"2025 Q3: 6,537 U.S. stores as of 2025-05-10; 10-Q.","2025 Q3; 6,537; U.S.; 2025-05-10",S23,filing,mosaic-finance.com,3,secondary,issuer,false,false,false,false,false,issuer; forum,none,,,filing,filing,true,true,true,1,false
20261007T075219410546Z-codex.both.RC08.r1-a1,both,reach,RC08,1,26,fact,"2025 annual: 6,627 U.S. stores as of 2025-08-30; 10-K.","2025 annual; 6,627; U.S.; 2025-08-30",S24,filing,mosaic-finance.com,3,filing,filing,false,false,true,true,false,issuer; forum,none,,,filing,filing,true,true,true,1,false
20261007T075359058160Z-codex.web.RC09.r1-a1,web,reach,RC09,1,1,fact,"All 22 reports are listed chronologically below, excluding amendments.",22,,,,1,filing,filing,false,false,true,true,false,issuer; aggregator,none,,,filing,filing,true,true,false,1,false
20261007T075359058160Z-codex.web.RC09.r1-a1,web,reach,RC09,1,2,fact,Figures preserve the MD&A’s wording and precision; 10-Q figures are calendar-year-to-date.,10-Q,,,,1,filing,filing,false,false,true,true,false,issuer; forum; aggregator; other,none,,,filing,filing,true,true,false,1,false
20261007T075359058160Z-codex.web.RC09.r1-a1,web,reach,RC09,1,3,fact,"2020-09-30 | 10-Q | 318,980 vehicles","2020-09-30; 10-Q; 318,980",S1,issuer,ir.tesla.com,2,secondary,issuer,false,true,false,true,false,issuer; forum; aggregator; other,none,,,secondary,issuer,false,true,false,1,false
20261007T075359058160Z-codex.web.RC09.r1-a1,web,reach,RC09,1,4,fact,"2020-12-31 | 10-K | 499,647 vehicles","2020-12-31; 10-K; 499,647",S2,issuer,ir.tesla.com,3,secondary,issuer,false,true,false,true,false,issuer; forum; aggregator; news; other,none,,,secondary,issuer,false,true,false,3,false
20261007T075359058160Z-codex.web.RC09.r1-a1,web,reach,RC09,1,5,fact,"2021-03-31 | 10-Q | 184,877 vehicles","2021-03-31; 10-Q; 184,877",S3,filing,filing-source,3,filing,filing,false,false,true,false,false,issuer; forum; aggregator; other,none,,,filing,filing,true,false,false,2,false
20261007T075359058160Z-codex.web.RC09.r1-a1,web,reach,RC09,1,6,fact,"2021-06-30 | 10-Q | 386,181 vehicles","2021-06-30; 10-Q; 386,181",S4,issuer,ir.tesla.com,2,secondary,issuer,false,true,false,true,false,issuer; forum; aggregator; other,none,,,secondary,issuer,false,true,false,1,false
20261007T075359058160Z-codex.web.RC09.r1-a1,web,reach,RC09,1,7,fact,"2021-09-30 | 10-Q | 627,572 vehicles","2021-09-30; 10-Q; 627,572",S5,issuer,ir.tesla.com,2,secondary,issuer,false,true,false,true,false,issuer; forum; aggregator; other,none,,,secondary,issuer,false,true,false,1,false
20261007T075359058160Z-codex.web.RC09.r1-a1,web,reach,RC09,1,8,fact,"2021-12-31 | 10-K | 936,222 vehicles","2021-12-31; 10-K; 936,222",S6,filing,filing-source,3,filing,filing,false,false,true,false,false,issuer; forum; aggregator; news; other,none,,,filing,filing,true,false,false,3,false
20261007T075359058160Z-codex.web.RC09.r1-a1,web,reach,RC09,1,9,fact,"2022-03-31 | 10-Q | 310,048 vehicles","2022-03-31; 10-Q; 310,048",S7,filing,filing-source,3,filing,filing,false,false,true,false,false,issuer; forum; aggregator; other,none,,,filing,filing,true,false,false,2,false
20261007T075359058160Z-codex.web.RC09.r1-a1,web,reach,RC09,1,10,fact,"2022-06-30 | 10-Q | 564,743 vehicles","2022-06-30; 10-Q; 564,743",S8,issuer,ir.tesla.com,2,secondary,issuer,false,true,false,true,false,issuer; forum; aggregator; other,none,,,secondary,issuer,false,true,false,1,false
20261007T075359058160Z-codex.web.RC09.r1-a1,web,reach,RC09,1,11,fact,"2022-09-30 | 10-Q | 908,573 vehicles","2022-09-30; 10-Q; 908,573",S9,issuer,ir.tesla.com,2,secondary,issuer,false,true,false,true,false,issuer; forum; aggregator; other,none,,,secondary,issuer,false,true,false,1,false
20261007T075359058160Z-codex.web.RC09.r1-a1,web,reach,RC09,1,12,fact,"2022-12-31 | 10-K | 1,313,851 consumer vehicles","2022-12-31; 10-K; 1,313,851",S10,filing,filing-source,3,filing,filing,false,false,true,true,false,issuer; forum; aggregator; news; other,none,,,filing,filing,true,true,false,3,false
20261007T075359058160Z-codex.web.RC09.r1-a1,web,reach,RC09,1,13,fact,"2023-03-31 | 10-Q | 422,875 consumer vehicles","2023-03-31; 10-Q; 422,875",S11,filing,filing-source,3,filing,filing,false,false,true,false,false,issuer; forum; aggregator; other,none,,,filing,filing,true,false,false,2,false
20261007T075359058160Z-codex.web.RC09.r1-a1,web,reach,RC09,1,14,fact,"2023-06-30 | 10-Q | 889,015 consumer vehicles","2023-06-30; 10-Q; 889,015",S12,issuer,ir.tesla.com,2,secondary,issuer,false,true,false,true,false,issuer; forum; aggregator; other,none,,,secondary,issuer,false,true,false,1,false
20261007T075359058160Z-codex.web.RC09.r1-a1,web,reach,RC09,1,15,fact,"2023-09-30 | 10-Q | 1,324,074 consumer vehicles","2023-09-30; 10-Q; 1,324,074",S13,filing,filing-source,2,filing,filing,false,false,true,false,false,issuer; forum; aggregator; other,none,,,filing,filing,true,false,false,1,false
20261007T075359058160Z-codex.web.RC09.r1-a1,web,reach,RC09,1,16,fact,"2023-12-31 | 10-K | 1,808,581 consumer vehicles","2023-12-31; 10-K; 1,808,581",S14,filing,filing-source,3,filing,filing,false,false,true,false,false,issuer; forum; aggregator; news; other,none,,,filing,filing,true,false,false,3,false
20261007T075359058160Z-codex.web.RC09.r1-a1,web,reach,RC09,1,17,fact,"2024-03-31 | 10-Q | approximately 387,000 consumer vehicles","2024-03-31; 10-Q; approximately 387,000",S15,filing,filing-source,3,filing,filing,false,false,true,false,false,issuer; forum; aggregator; other,none,,,filing,filing,true,false,false,2,false
20261007T075359058160Z-codex.web.RC09.r1-a1,web,reach,RC09,1,18,fact,"2024-06-30 | 10-Q | approximately 831,000 consumer vehicles","2024-06-30; 10-Q; approximately 831,000",S16,filing,filing-source,2,filing,filing,false,false,true,false,false,issuer; forum; aggregator; other,none,,,filing,filing,true,false,false,1,false
20261007T075359058160Z-codex.web.RC09.r1-a1,web,reach,RC09,1,19,fact,"2024-09-30 | 10-Q | approximately 1,294,000 consumer vehicles","2024-09-30; 10-Q; approximately 1,294,000",S17,filing,filing-source,2,filing,filing,false,false,true,false,false,issuer; forum; aggregator; other,none,,,filing,filing,true,false,false,1,false
20261007T075359058160Z-codex.web.RC09.r1-a1,web,reach,RC09,1,20,fact,"2024-12-31 | 10-K | approximately 1,789,000 consumer vehicles","2024-12-31; 10-K; approximately 1,789,000",S18,filing,filing-source,3,filing,filing,false,false,true,false,false,issuer; forum; aggregator; news; other,none,,,filing,filing,true,false,false,3,false
20261007T075359058160Z-codex.web.RC09.r1-a1,web,reach,RC09,1,21,fact,"2025-03-31 | 10-Q | approximately 337,000 consumer vehicles","2025-03-31; 10-Q; approximately 337,000",S19,filing,filing-source,3,filing,filing,false,false,true,false,false,issuer; forum; aggregator; other,none,,,filing,filing,true,false,false,2,false
20261007T075359058160Z-codex.web.RC09.r1-a1,web,reach,RC09,1,22,fact,"2025-06-30 | 10-Q | approximately 721,000 consumer vehicles","2025-06-30; 10-Q; approximately 721,000",S20,filing,filing-source,2,filing,filing,false,false,true,false,false,issuer; forum; aggregator; other,none,,,filing,filing,true,false,false,1,false
20261007T075359058160Z-codex.web.RC09.r1-a1,web,reach,RC09,1,23,fact,"2025-09-30 | 10-Q | approximately 1,218,000 consumer vehicles","2025-09-30; 10-Q; approximately 1,218,000",S21,filing,filing-source,2,filing,filing,false,false,true,true,false,issuer; forum; aggregator; other,none,,,filing,filing,true,true,false,1,false
20261007T075359058160Z-codex.web.RC09.r1-a1,web,reach,RC09,1,24,fact,2025-12-31 | 10-K | approximately 1.64 million consumer vehicles,2025-12-31; 10-K; approximately 1.64 million,S22,filing,filing-source,3,filing,filing,false,false,true,false,false,issuer; forum; aggregator; news; other,none,,,filing,filing,true,false,false,3,false
20261007T075403847173Z-codex.archivist.RC09.r1-a1,archivist,reach,RC09,1,1,fact,"All 22 reports are listed chronologically below, excluding amendments.",22,,,,1,filing,filing,false,false,true,false,false,,none,,,filing,filing,true,false,false,1,false
20261007T075403847173Z-codex.archivist.RC09.r1-a1,archivist,reach,RC09,1,2,fact,"Figures reproduce the MD&A’s wording; 10-Q figures are calendar year to date, and 10-K figures are for the full year.",MD&A; 10-Q; 10-K,,,,2,unattributed,,false,false,false,false,false,,none,,,unattributed,,false,false,false,2,false
20261007T075403847173Z-codex.archivist.RC09.r1-a1,archivist,reach,RC09,1,3,fact,"2020-09-30 | 10-Q · 2020-10-26 | 318,980 vehicles","2020-09-30; 10-Q; 2020-10-26; 318,980 vehicles",S1,filing,mosaic-finance.com,3,filing,filing,false,false,true,false,false,,none,,,filing,filing,true,false,false,1,false
20261007T075403847173Z-codex.archivist.RC09.r1-a1,archivist,reach,RC09,1,4,fact,"2020-12-31 | 10-K · 2021-02-08 | 499,647 vehicles","2020-12-31; 10-K; 2021-02-08; 499,647 vehicles",S2,filing,mosaic-finance.com,3,filing,filing,false,false,true,false,false,,none,,,filing,filing,true,false,false,2,false
20261007T075403847173Z-codex.archivist.RC09.r1-a1,archivist,reach,RC09,1,5,fact,"2021-03-31 | 10-Q · 2021-04-27 | 184,877 vehicles","2021-03-31; 10-Q; 2021-04-27; 184,877 vehicles",S3,filing,mosaic-finance.com,4,filing,filing,false,false,true,false,false,,none,,,filing,filing,true,false,false,2,false
20261007T075403847173Z-codex.archivist.RC09.r1-a1,archivist,reach,RC09,1,6,fact,"2021-06-30 | 10-Q · 2021-07-27 | 386,181 vehicles","2021-06-30; 10-Q; 2021-07-27; 386,181 vehicles",S4,filing,mosaic-finance.com,3,filing,filing,false,false,true,false,false,,none,,,filing,filing,true,false,false,1,false
20261007T075403847173Z-codex.archivist.RC09.r1-a1,archivist,reach,RC09,1,7,fact,"2021-09-30 | 10-Q · 2021-10-25 | 627,572 vehicles","2021-09-30; 10-Q; 2021-10-25; 627,572 vehicles",S5,filing,mosaic-finance.com,3,filing,filing,false,false,true,false,false,,none,,,filing,filing,true,false,false,1,false
20261007T075403847173Z-codex.archivist.RC09.r1-a1,archivist,reach,RC09,1,8,fact,"2021-12-31 | 10-K · 2022-02-07 | 936,222 vehicles","2021-12-31; 10-K; 2022-02-07; 936,222 vehicles",S6,filing,mosaic-finance.com,3,filing,filing,false,false,true,false,false,,none,,,filing,filing,true,false,false,2,false
20261007T075403847173Z-codex.archivist.RC09.r1-a1,archivist,reach,RC09,1,9,fact,"2022-03-31 | 10-Q · 2022-04-25 | 310,048 vehicles","2022-03-31; 10-Q; 2022-04-25; 310,048 vehicles",S7,filing,mosaic-finance.com,4,filing,filing,false,false,true,false,false,,none,,,filing,filing,true,false,false,2,false
20261007T075403847173Z-codex.archivist.RC09.r1-a1,archivist,reach,RC09,1,10,fact,"2022-06-30 | 10-Q · 2022-07-25 | 564,743 vehicles","2022-06-30; 10-Q; 2022-07-25; 564,743 vehicles",S8,filing,mosaic-finance.com,3,filing,filing,false,false,true,false,false,,none,,,filing,filing,true,false,false,1,false
20261007T075403847173Z-codex.archivist.RC09.r1-a1,archivist,reach,RC09,1,11,fact,"2022-09-30 | 10-Q · 2022-10-24 | 908,573 vehicles","2022-09-30; 10-Q; 2022-10-24; 908,573 vehicles",S9,filing,mosaic-finance.com,3,filing,filing,false,false,true,false,false,,none,,,filing,filing,true,false,false,1,false
20261007T075403847173Z-codex.archivist.RC09.r1-a1,archivist,reach,RC09,1,12,fact,"2022-12-31 | 10-K · 2023-01-31 | 1,313,851 consumer vehicles","2022-12-31; 10-K; 2023-01-31; 1,313,851 consumer vehicles",S10,filing,mosaic-finance.com,4,filing,filing,false,false,true,false,false,,none,,,filing,filing,true,false,false,3,false
20261007T075403847173Z-codex.archivist.RC09.r1-a1,archivist,reach,RC09,1,13,fact,"2023-03-31 | 10-Q · 2023-04-24 | 422,875 consumer vehicles","2023-03-31; 10-Q; 2023-04-24; 422,875 consumer vehicles",S11,filing,mosaic-finance.com,4,filing,filing,false,false,true,false,false,,none,,,filing,filing,true,false,false,2,false
20261007T075403847173Z-codex.archivist.RC09.r1-a1,archivist,reach,RC09,1,14,fact,"2023-06-30 | 10-Q · 2023-07-24 | 889,015 consumer vehicles","2023-06-30; 10-Q; 2023-07-24; 889,015 consumer vehicles",S12,filing,mosaic-finance.com,3,filing,filing,false,false,true,false,false,,none,,,filing,filing,true,false,false,1,false
20261007T075403847173Z-codex.archivist.RC09.r1-a1,archivist,reach,RC09,1,15,fact,"2023-09-30 | 10-Q · 2023-10-23 | 1,324,074 consumer vehicles","2023-09-30; 10-Q; 2023-10-23; 1,324,074 consumer vehicles",S13,filing,mosaic-finance.com,3,filing,filing,false,false,true,false,false,,none,,,filing,filing,true,false,false,1,false
20261007T075403847173Z-codex.archivist.RC09.r1-a1,archivist,reach,RC09,1,16,fact,"2023-12-31 | 10-K · 2024-01-29 | 1,808,581 consumer vehicles","2023-12-31; 10-K; 2024-01-29; 1,808,581 consumer vehicles",S14,filing,mosaic-finance.com,4,filing,filing,false,false,true,false,false,,none,,,filing,filing,true,false,false,3,false
20261007T075403847173Z-codex.archivist.RC09.r1-a1,archivist,reach,RC09,1,17,fact,"2024-03-31 | 10-Q · 2024-04-24 | approximately 387,000 consumer vehicles","2024-03-31; 10-Q; 2024-04-24; approximately 387,000 consumer vehicles",S15,filing,mosaic-finance.com,4,filing,filing,false,false,true,false,false,,none,,,filing,filing,true,false,false,2,false
20261007T075403847173Z-codex.archivist.RC09.r1-a1,archivist,reach,RC09,1,18,fact,"2024-06-30 | 10-Q · 2024-07-24 | approximately 831,000 consumer vehicles","2024-06-30; 10-Q; 2024-07-24; approximately 831,000 consumer vehicles",S16,filing,mosaic-finance.com,3,filing,filing,false,false,true,false,false,,none,,,filing,filing,true,false,false,1,false
20261007T075403847173Z-codex.archivist.RC09.r1-a1,archivist,reach,RC09,1,19,fact,"2024-09-30 | 10-Q · 2024-10-24 | approximately 1,294,000 consumer vehicles","2024-09-30; 10-Q; 2024-10-24; approximately 1,294,000 consumer vehicles",S17,filing,mosaic-finance.com,3,filing,filing,false,false,true,false,false,,none,,,filing,filing,true,false,false,1,false
20261007T075403847173Z-codex.archivist.RC09.r1-a1,archivist,reach,RC09,1,20,fact,"2024-12-31 | 10-K · 2025-01-30 | approximately 1,789,000 consumer vehicles","2024-12-31; 10-K; 2025-01-30; approximately 1,789,000 consumer vehicles",S18,filing,mosaic-finance.com,3,filing,filing,false,false,true,false,false,,none,,,filing,filing,true,false,false,2,false
20261007T075403847173Z-codex.archivist.RC09.r1-a1,archivist,reach,RC09,1,21,fact,"2025-03-31 | 10-Q · 2025-04-23 | approximately 337,000 consumer vehicles","2025-03-31; 10-Q; 2025-04-23; approximately 337,000 consumer vehicles",S19,filing,mosaic-finance.com,4,filing,filing,false,false,true,false,false,,none,,,filing,filing,true,false,false,2,false
20261007T075403847173Z-codex.archivist.RC09.r1-a1,archivist,reach,RC09,1,22,fact,"2025-06-30 | 10-Q · 2025-07-24 | approximately 721,000 consumer vehicles","2025-06-30; 10-Q; 2025-07-24; approximately 721,000 consumer vehicles",S20,filing,mosaic-finance.com,3,filing,filing,false,false,true,false,false,,none,,,filing,filing,true,false,false,1,false
20261007T075403847173Z-codex.archivist.RC09.r1-a1,archivist,reach,RC09,1,23,fact,"2025-09-30 | 10-Q · 2025-10-23 | approximately 1,218,000 consumer vehicles","2025-09-30; 10-Q; 2025-10-23; approximately 1,218,000 consumer vehicles",S21,filing,mosaic-finance.com,3,filing,filing,false,false,true,false,false,,none,,,filing,filing,true,false,false,1,false
20261007T075403847173Z-codex.archivist.RC09.r1-a1,archivist,reach,RC09,1,24,fact,2025-12-31 | 10-K · 2026-01-29 | approximately 1.64 million consumer vehicles,2025-12-31; 10-K; 2026-01-29; approximately 1.64 million consumer vehicles,S22,filing,mosaic-finance.com,4,filing,filing,false,false,true,false,false,,none,,,filing,filing,true,false,false,3,false
20261007T075541004244Z-codex.both.RC09.r1-a1,both,reach,RC09,1,1,fact,All 22 reports are listed below; 10-K/A amendments are excluded.,22; 10-K/A,,,,1,filing,filing,false,false,true,false,false,,none,,,filing,filing,true,false,false,1,false
20261007T075541004244Z-codex.both.RC09.r1-a1,both,reach,RC09,1,2,fact,Figures preserve the MD&A’s wording.,MD&A,,,,1,unattributed,,false,false,false,false,false,,none,,,unattributed,,false,false,false,1,false
20261007T075541004244Z-codex.both.RC09.r1-a1,both,reach,RC09,1,3,fact,"For 10-Qs, deliveries are calendar-year-to-date; for 10-Ks, they cover the full year.",10-Qs; 10-Ks,,,,2,unattributed,,false,false,false,false,false,,none,,,unattributed,,false,false,false,2,false
20261007T075541004244Z-codex.both.RC09.r1-a1,both,reach,RC09,1,4,fact,"2020-09-30 | 10-Q | 2020-10-26 | 318,980 vehicles","2020-09-30; 10-Q; 2020-10-26; 318,980",S1,filing,mosaic-finance.com,3,filing,filing,false,false,true,false,false,,none,,,filing,filing,true,false,false,2,false
20261007T075541004244Z-codex.both.RC09.r1-a1,both,reach,RC09,1,5,fact,"2020-12-31 | 10-K | 2021-02-08 | 499,647 vehicles","2020-12-31; 10-K; 2021-02-08; 499,647",S2,filing,mosaic-finance.com,3,filing,filing,false,false,true,false,false,,none,,,filing,filing,true,false,false,3,false
20261007T075541004244Z-codex.both.RC09.r1-a1,both,reach,RC09,1,6,fact,"2021-03-31 | 10-Q | 2021-04-27 | 184,877 vehicles","2021-03-31; 10-Q; 2021-04-27; 184,877",S3,filing,mosaic-finance.com,4,filing,filing,false,false,true,false,false,,none,,,filing,filing,true,false,false,3,false
20261007T075541004244Z-codex.both.RC09.r1-a1,both,reach,RC09,1,7,fact,"2021-06-30 | 10-Q | 2021-07-27 | 386,181 vehicles","2021-06-30; 10-Q; 2021-07-27; 386,181",S4,filing,mosaic-finance.com,3,filing,filing,false,false,true,false,false,,none,,,filing,filing,true,false,false,2,false
20261007T075541004244Z-codex.both.RC09.r1-a1,both,reach,RC09,1,8,fact,"2021-09-30 | 10-Q | 2021-10-25 | 627,572 vehicles","2021-09-30; 10-Q; 2021-10-25; 627,572",S5,filing,mosaic-finance.com,3,filing,filing,false,false,true,false,false,,none,,,filing,filing,true,false,false,2,false
20261007T075541004244Z-codex.both.RC09.r1-a1,both,reach,RC09,1,9,fact,"2021-12-31 | 10-K | 2022-02-07 | 936,222 vehicles","2021-12-31; 10-K; 2022-02-07; 936,222",S6,filing,mosaic-finance.com,3,filing,filing,false,false,true,false,false,,none,,,filing,filing,true,false,false,3,false
20261007T075541004244Z-codex.both.RC09.r1-a1,both,reach,RC09,1,10,fact,"2022-03-31 | 10-Q | 2022-04-25 | 310,048 vehicles","2022-03-31; 10-Q; 2022-04-25; 310,048",S7,filing,mosaic-finance.com,4,filing,filing,false,false,true,false,false,,none,,,filing,filing,true,false,false,3,false
20261007T075541004244Z-codex.both.RC09.r1-a1,both,reach,RC09,1,11,fact,"2022-06-30 | 10-Q | 2022-07-25 | 564,743 vehicles","2022-06-30; 10-Q; 2022-07-25; 564,743",S8,filing,mosaic-finance.com,3,filing,filing,false,false,true,false,false,,none,,,filing,filing,true,false,false,2,false
20261007T075541004244Z-codex.both.RC09.r1-a1,both,reach,RC09,1,12,fact,"2022-09-30 | 10-Q | 2022-10-24 | 908,573 vehicles","2022-09-30; 10-Q; 2022-10-24; 908,573",S9,filing,mosaic-finance.com,3,filing,filing,false,false,true,false,false,,none,,,filing,filing,true,false,false,2,false
20261007T075541004244Z-codex.both.RC09.r1-a1,both,reach,RC09,1,13,fact,"2022-12-31 | 10-K | 2023-01-31 | 1,313,851 consumer vehicles","2022-12-31; 10-K; 2023-01-31; 1,313,851",S10,filing,mosaic-finance.com,4,filing,filing,false,false,true,false,false,,none,,,filing,filing,true,false,false,4,false
20261007T075541004244Z-codex.both.RC09.r1-a1,both,reach,RC09,1,14,fact,"2023-03-31 | 10-Q | 2023-04-24 | 422,875 consumer vehicles","2023-03-31; 10-Q; 2023-04-24; 422,875",S11,filing,mosaic-finance.com,4,filing,filing,false,false,true,false,false,,none,,,filing,filing,true,false,false,3,false
20261007T075541004244Z-codex.both.RC09.r1-a1,both,reach,RC09,1,15,fact,"2023-06-30 | 10-Q | 2023-07-24 | 889,015 consumer vehicles","2023-06-30; 10-Q; 2023-07-24; 889,015",S12,filing,mosaic-finance.com,3,filing,filing,false,false,true,false,false,,none,,,filing,filing,true,false,false,2,false
20261007T075541004244Z-codex.both.RC09.r1-a1,both,reach,RC09,1,16,fact,"2023-09-30 | 10-Q | 2023-10-23 | 1,324,074 consumer vehicles","2023-09-30; 10-Q; 2023-10-23; 1,324,074",S13,filing,mosaic-finance.com,3,filing,filing,false,false,true,false,false,,none,,,filing,filing,true,false,false,2,false
20261007T075541004244Z-codex.both.RC09.r1-a1,both,reach,RC09,1,17,fact,"2023-12-31 | 10-K | 2024-01-29 | 1,808,581 consumer vehicles","2023-12-31; 10-K; 2024-01-29; 1,808,581",S14,filing,mosaic-finance.com,4,filing,filing,false,false,true,false,false,,none,,,filing,filing,true,false,false,4,false
20261007T075541004244Z-codex.both.RC09.r1-a1,both,reach,RC09,1,18,fact,"2024-03-31 | 10-Q | 2024-04-24 | approximately 387,000 consumer vehicles","2024-03-31; 10-Q; 2024-04-24; approximately 387,000",S15,filing,mosaic-finance.com,4,filing,filing,false,false,true,false,false,,none,,,filing,filing,true,false,false,3,false
20261007T075541004244Z-codex.both.RC09.r1-a1,both,reach,RC09,1,19,fact,"2024-06-30 | 10-Q | 2024-07-24 | approximately 831,000 consumer vehicles","2024-06-30; 10-Q; 2024-07-24; approximately 831,000",S16,filing,mosaic-finance.com,3,filing,filing,false,false,true,false,false,,none,,,filing,filing,true,false,false,2,false
20261007T075541004244Z-codex.both.RC09.r1-a1,both,reach,RC09,1,20,fact,"2024-09-30 | 10-Q | 2024-10-24 | approximately 1,294,000 consumer vehicles","2024-09-30; 10-Q; 2024-10-24; approximately 1,294,000",S17,filing,mosaic-finance.com,3,filing,filing,false,false,true,false,false,,none,,,filing,filing,true,false,false,2,false
20261007T075541004244Z-codex.both.RC09.r1-a1,both,reach,RC09,1,21,fact,"2024-12-31 | 10-K | 2025-01-30 | approximately 1,789,000 consumer vehicles","2024-12-31; 10-K; 2025-01-30; approximately 1,789,000",S18,filing,mosaic-finance.com,3,filing,filing,false,false,true,false,false,,none,,,filing,filing,true,false,false,3,false
20261007T075541004244Z-codex.both.RC09.r1-a1,both,reach,RC09,1,22,fact,"2025-03-31 | 10-Q | 2025-04-23 | approximately 337,000 consumer vehicles","2025-03-31; 10-Q; 2025-04-23; approximately 337,000",S19,filing,mosaic-finance.com,4,filing,filing,false,false,true,false,false,,none,,,filing,filing,true,false,false,3,false
20261007T075541004244Z-codex.both.RC09.r1-a1,both,reach,RC09,1,23,fact,"2025-06-30 | 10-Q | 2025-07-24 | approximately 721,000 consumer vehicles","2025-06-30; 10-Q; 2025-07-24; approximately 721,000",S20,filing,mosaic-finance.com,3,filing,filing,false,false,true,false,false,,none,,,filing,filing,true,false,false,2,false
20261007T075541004244Z-codex.both.RC09.r1-a1,both,reach,RC09,1,24,fact,"2025-09-30 | 10-Q | 2025-10-23 | approximately 1,218,000 consumer vehicles","2025-09-30; 10-Q; 2025-10-23; approximately 1,218,000",S21,filing,mosaic-finance.com,3,filing,filing,false,false,true,false,false,,none,,,filing,filing,true,false,false,2,false
20261007T075541004244Z-codex.both.RC09.r1-a1,both,reach,RC09,1,25,fact,2025-12-31 | 10-K | 2026-01-29 | approximately 1.64 million consumer vehicles,2025-12-31; 10-K; 2026-01-29; approximately 1.64 million,S22,filing,mosaic-finance.com,4,filing,filing,false,false,true,false,false,,none,,,filing,filing,true,false,false,4,false
20261007T075617190879Z-codex.web.RC10.r1-a1,web,reach,RC10,1,1,fact,All amounts are total revenues in C$ millions: three months for interim MD&As and twelve months for annual MD&As.,three months; twelve months,,,,2,filing,filing,false,false,true,false,false,issuer; aggregator,none,,,filing,filing,true,false,false,2,false
20261007T075617190879Z-codex.web.RC10.r1-a1,web,reach,RC10,1,2,fact,"Q3 2021 revenues: 3,591.","Q3 2021; 3,591",S1,filing,filing-source,2,secondary,forum,false,false,false,false,false,forum,none,,,filing,filing,true,false,false,1,false
20261007T075617190879Z-codex.web.RC10.r1-a1,web,reach,RC10,1,3,fact,"FY 2021 revenues: 14,477.","FY 2021; 14,477",S2,issuer,cn.ca,1,filing,filing,false,true,true,true,false,issuer; forum,none,,,filing,filing,true,true,false,1,false
20261007T075617190879Z-codex.web.RC10.r1-a1,web,reach,RC10,1,4,fact,"Q1 2022 revenues: 3,708.","Q1 2022; 3,708",S3,filing,filing-source,2,filing,filing,false,false,true,false,false,issuer,none,,,filing,filing,true,true,false,1,false
20261007T075617190879Z-codex.web.RC10.r1-a1,web,reach,RC10,1,5,fact,"Q2 2022 revenues: 4,344.","Q2 2022; 4,344",S4,filing,filing-source,2,unattributed,,false,false,false,false,false,,none,,,filing,filing,true,false,false,1,false
20261007T075617190879Z-codex.web.RC10.r1-a1,web,reach,RC10,1,6,fact,"Q3 2022 revenues: 4,513.","Q3 2022; 4,513",S5,filing,filing-source,2,filing,filing,false,false,true,false,false,issuer; forum,none,,,filing,filing,true,true,false,1,false
20261007T075617190879Z-codex.web.RC10.r1-a1,web,reach,RC10,1,7,fact,"FY 2022 revenues: 17,107.","FY 2022; 17,107",S6,filing,filing-source,1,filing,filing,false,false,true,true,false,issuer; forum,none,,,filing,filing,true,true,false,1,false
20261007T075617190879Z-codex.web.RC10.r1-a1,web,reach,RC10,1,8,fact,"Q1 2023 revenues: 4,313.","Q1 2023; 4,313",S7,filing,filing-source,2,secondary,issuer,false,false,false,false,false,issuer,none,,,filing,filing,true,true,false,1,false
20261007T075617190879Z-codex.web.RC10.r1-a1,web,reach,RC10,1,9,fact,"Q2 2023 revenues: 4,057.","Q2 2023; 4,057",S8,filing,filing-source,2,secondary,issuer,false,false,false,true,false,issuer; aggregator,none,,,filing,filing,true,true,false,1,false
20261007T075617190879Z-codex.web.RC10.r1-a1,web,reach,RC10,1,10,fact,"Q3 2023 revenues: 3,987.","Q3 2023; 3,987",S9,filing,filing-source,2,filing,filing,false,false,true,false,false,issuer,none,,,filing,filing,true,true,false,1,false
20261007T075617190879Z-codex.web.RC10.r1-a1,web,reach,RC10,1,11,fact,"FY 2023 revenues: 16,828.","FY 2023; 16,828",S10,issuer,cn.ca,1,filing,filing,false,true,true,true,false,issuer; forum; aggregator,none,,,filing,filing,true,true,false,1,false
20261007T075617190879Z-codex.web.RC10.r1-a1,web,reach,RC10,1,12,fact,"Q1 2024 revenues: 4,249.","Q1 2024; 4,249",S11,issuer,cn.ca,2,secondary,issuer,false,true,false,true,false,issuer; forum; aggregator,none,,,filing,filing,true,true,false,1,false
20261007T075617190879Z-codex.web.RC10.r1-a1,web,reach,RC10,1,13,fact,"Q2 2024 revenues: 4,329.","Q2 2024; 4,329",S12,filing,filing-source,2,secondary,issuer,false,false,false,true,false,issuer; forum; aggregator,none,,,filing,filing,true,true,false,1,false
20261007T075617190879Z-codex.web.RC10.r1-a1,web,reach,RC10,1,14,fact,"Q3 2024 revenues: 4,110.","Q3 2024; 4,110",S13,issuer,cn.ca,2,filing,filing,false,true,true,true,false,issuer; forum; aggregator; news,none,,,filing,filing,true,true,false,1,false
20261007T075617190879Z-codex.web.RC10.r1-a1,web,reach,RC10,1,15,fact,"FY 2024 revenues: 17,046.","FY 2024; 17,046",S14,issuer,cn.ca,1,secondary,issuer,false,true,false,true,false,issuer; forum; aggregator,none,,,secondary,issuer,false,true,false,1,false
20261007T075617190879Z-codex.web.RC10.r1-a1,web,reach,RC10,1,16,fact,"Q1 2025 revenues: 4,403.","Q1 2025; 4,403",S15,filing,filing-source,2,secondary,issuer,false,false,false,true,false,issuer; aggregator,none,,,filing,filing,true,true,false,1,false
20261007T075617190879Z-codex.web.RC10.r1-a1,web,reach,RC10,1,17,fact,"Q2 2025 revenues: 4,272.","Q2 2025; 4,272",S16,filing,filing-source,2,secondary,issuer,false,false,false,true,false,issuer; forum; aggregator,none,,,secondary,issuer,false,true,false,1,false
20261007T075617190879Z-codex.web.RC10.r1-a1,web,reach,RC10,1,18,fact,"Q3 2025 revenues: 4,165.","Q3 2025; 4,165",S17,filing,filing-source,2,secondary,issuer,false,false,false,true,false,issuer; aggregator,none,,,filing,filing,true,true,false,1,false
20261007T075617190879Z-codex.web.RC10.r1-a1,web,reach,RC10,1,19,fact,"FY 2025 revenues: 17,304.","FY 2025; 17,304",S18,issuer,cn.ca,1,secondary,issuer,false,true,false,true,false,issuer; aggregator,none,,,secondary,issuer,false,true,false,1,false
20261007T075617190879Z-codex.web.RC10.r1-a1,web,reach,RC10,1,20,fact,"Q1 2026 revenues: 4,379.","Q1 2026; 4,379",S19,filing,filing-source,2,secondary,issuer,false,false,false,true,false,issuer; aggregator,none,,,filing,filing,true,true,false,1,false
20261007T075617190879Z-codex.web.RC10.r1-a1,web,reach,RC10,1,21,fact,"Q2 2026 revenues: 4,753.","Q2 2026; 4,753",S20,filing,filing-source,2,filing,filing,false,false,true,true,false,issuer; aggregator,none,,,filing,filing,true,true,false,1,false
20261007T075748027651Z-codex.archivist.RC10.r1-a1,archivist,reach,RC10,1,1,fact,"CN’s revenues from the 20 English MD&As, in chronological order, are below.",CN; 20,,,,1,filing,filing,false,false,true,false,false,,none,,,filing,filing,true,false,false,1,false
20261007T075748027651Z-codex.archivist.RC10.r1-a1,archivist,reach,RC10,1,2,fact,"All figures are millions of Canadian dollars; interim figures cover the quarter, and annual figures cover the full fiscal year.",Canadian dollars,,,,1,filing,filing,false,false,true,false,false,,none,,,filing,filing,true,false,false,1,false
20261007T075748027651Z-codex.archivist.RC10.r1-a1,archivist,reach,RC10,1,3,fact,"Q3 2021 — ended September 30: revenues of 3,591 (C$ millions).","Q3 2021; September 30; 3,591; C$ millions",S1,filing,mosaic-finance.com,4,unattributed,,false,false,false,false,false,,none,,,filing,filing,true,false,false,1,false
20261007T075748027651Z-codex.archivist.RC10.r1-a1,archivist,reach,RC10,1,4,fact,"FY 2021 — ended December 31: revenues of 14,477 (C$ millions).","FY 2021; December 31; 14,477; C$ millions",S2,filing,mosaic-finance.com,3,unattributed,,false,false,false,false,false,,none,,,filing,filing,true,false,false,1,false
20261007T075748027651Z-codex.archivist.RC10.r1-a1,archivist,reach,RC10,1,5,fact,"Q1 2022 — ended March 31: revenues of 3,708 (C$ millions).","Q1 2022; March 31; 3,708; C$ millions",S3,filing,mosaic-finance.com,4,unattributed,,false,false,false,false,false,,none,,,filing,filing,true,false,false,1,false
20261007T075748027651Z-codex.archivist.RC10.r1-a1,archivist,reach,RC10,1,6,fact,"Q2 2022 — ended June 30: revenues of 4,344 (C$ millions).","Q2 2022; June 30; 4,344; C$ millions",S4,filing,mosaic-finance.com,4,unattributed,,false,false,false,false,false,,none,,,filing,filing,true,false,false,1,false
20261007T075748027651Z-codex.archivist.RC10.r1-a1,archivist,reach,RC10,1,7,fact,"Q3 2022 — ended September 30: revenues of 4,513 (C$ millions).","Q3 2022; September 30; 4,513; C$ millions",S5,filing,mosaic-finance.com,4,unattributed,,false,false,false,false,false,,none,,,filing,filing,true,false,false,1,false
20261007T075748027651Z-codex.archivist.RC10.r1-a1,archivist,reach,RC10,1,8,fact,"FY 2022 — ended December 31: revenues of 17,107 (C$ millions).","FY 2022; December 31; 17,107; C$ millions",S6,filing,mosaic-finance.com,3,unattributed,,false,false,false,false,false,,none,,,filing,filing,true,false,false,1,false
20261007T075748027651Z-codex.archivist.RC10.r1-a1,archivist,reach,RC10,1,9,fact,"Q1 2023 — ended March 31: revenues of 4,313 (C$ millions).","Q1 2023; March 31; 4,313; C$ millions",S7,filing,mosaic-finance.com,4,unattributed,,false,false,false,false,false,,none,,,filing,filing,true,false,false,1,false
20261007T075748027651Z-codex.archivist.RC10.r1-a1,archivist,reach,RC10,1,10,fact,"Q2 2023 — ended June 30: revenues of 4,057 (C$ millions).","Q2 2023; June 30; 4,057; C$ millions",S8,filing,mosaic-finance.com,4,unattributed,,false,false,false,false,false,,none,,,filing,filing,true,false,false,1,false
20261007T075748027651Z-codex.archivist.RC10.r1-a1,archivist,reach,RC10,1,11,fact,"Q3 2023 — ended September 30: revenues of 3,987 (C$ millions).","Q3 2023; September 30; 3,987; C$ millions",S9,filing,mosaic-finance.com,4,unattributed,,false,false,false,false,false,,none,,,filing,filing,true,false,false,1,false
20261007T075748027651Z-codex.archivist.RC10.r1-a1,archivist,reach,RC10,1,12,fact,"FY 2023 — ended December 31: revenues of 16,828 (C$ millions).","FY 2023; December 31; 16,828; C$ millions",S10,filing,mosaic-finance.com,3,unattributed,,false,false,false,false,false,,none,,,filing,filing,true,false,false,1,false
20261007T075748027651Z-codex.archivist.RC10.r1-a1,archivist,reach,RC10,1,13,fact,"Q1 2024 — ended March 31: revenues of 4,249 (C$ millions).","Q1 2024; March 31; 4,249; C$ millions",S11,filing,mosaic-finance.com,4,unattributed,,false,false,false,false,false,,none,,,filing,filing,true,false,false,1,false
20261007T075748027651Z-codex.archivist.RC10.r1-a1,archivist,reach,RC10,1,14,fact,"Q2 2024 — ended June 30: revenues of 4,329 (C$ millions).","Q2 2024; June 30; 4,329; C$ millions",S12,filing,mosaic-finance.com,4,unattributed,,false,false,false,false,false,,none,,,filing,filing,true,false,false,1,false
20261007T075748027651Z-codex.archivist.RC10.r1-a1,archivist,reach,RC10,1,15,fact,"Q3 2024 — ended September 30: revenues of 4,110 (C$ millions).","Q3 2024; September 30; 4,110; C$ millions",S13,filing,mosaic-finance.com,4,unattributed,,false,false,false,false,false,,none,,,filing,filing,true,false,false,1,false
20261007T075748027651Z-codex.archivist.RC10.r1-a1,archivist,reach,RC10,1,16,fact,"FY 2024 — ended December 31: revenues of 17,046 (C$ millions).","FY 2024; December 31; 17,046; C$ millions",S14,filing,mosaic-finance.com,3,unattributed,,false,false,false,false,false,,none,,,filing,filing,true,false,false,1,false
20261007T075748027651Z-codex.archivist.RC10.r1-a1,archivist,reach,RC10,1,17,fact,"Q1 2025 — ended March 31: revenues of 4,403 (C$ millions).","Q1 2025; March 31; 4,403; C$ millions",S15,filing,mosaic-finance.com,4,unattributed,,false,false,false,false,false,,none,,,filing,filing,true,false,false,1,false
20261007T075748027651Z-codex.archivist.RC10.r1-a1,archivist,reach,RC10,1,18,fact,"Q2 2025 — ended June 30: revenues of 4,272 (C$ millions).","Q2 2025; June 30; 4,272; C$ millions",S16,filing,mosaic-finance.com,4,unattributed,,false,false,false,false,false,,none,,,filing,filing,true,false,false,1,false
20261007T075748027651Z-codex.archivist.RC10.r1-a1,archivist,reach,RC10,1,19,fact,"Q3 2025 — ended September 30: revenues of 4,165 (C$ millions).","Q3 2025; September 30; 4,165; C$ millions",S17,filing,mosaic-finance.com,4,unattributed,,false,false,false,false,false,,none,,,filing,filing,true,false,false,1,false
20261007T075748027651Z-codex.archivist.RC10.r1-a1,archivist,reach,RC10,1,20,fact,"FY 2025 — ended December 31: revenues of 17,304 (C$ millions).","FY 2025; December 31; 17,304; C$ millions",S18,filing,mosaic-finance.com,3,unattributed,,false,false,false,false,false,,none,,,filing,filing,true,false,false,1,false
20261007T075748027651Z-codex.archivist.RC10.r1-a1,archivist,reach,RC10,1,21,fact,"Q1 2026 — ended March 31: revenues of 4,379 (C$ millions).","Q1 2026; March 31; 4,379; C$ millions",S19,filing,mosaic-finance.com,4,unattributed,,false,false,false,false,false,,none,,,filing,filing,true,false,false,1,false
20261007T075748027651Z-codex.archivist.RC10.r1-a1,archivist,reach,RC10,1,22,fact,"Q2 2026 — ended June 30: revenues of 4,753 (C$ millions).","Q2 2026; June 30; 4,753; C$ millions",S20,filing,mosaic-finance.com,4,unattributed,,false,false,false,false,false,,none,,,filing,filing,true,false,false,1,false
20261007T075800303095Z-codex.both.RC10.r1-a1,both,reach,RC10,1,1,fact,"The 20 English MD&As report the following total revenues, in millions of Canadian dollars.",20,,,,0,unattributed,,true,false,false,false,false,,none,,,unattributed,,false,false,false,0,true
20261007T075800303095Z-codex.both.RC10.r1-a1,both,reach,RC10,1,2,fact,Interim figures cover the quarter; annual figures cover the full fiscal year.,,,,,0,unattributed,,true,false,false,false,false,,none,,,unattributed,,false,false,false,0,true
20261007T075800303095Z-codex.both.RC10.r1-a1,both,reach,RC10,1,3,fact,"Q3 2021 — September 30: revenues of 3,591 (C$ millions).","Q3 2021; September 30; 3,591",S1,filing,mosaic-finance.com,3,unattributed,,false,false,false,false,false,,none,,,filing,filing,true,false,false,1,false
20261007T075800303095Z-codex.both.RC10.r1-a1,both,reach,RC10,1,4,fact,"FY 2021 — December 31: revenues of 14,477 (C$ millions).","FY 2021; December 31; 14,477",S2,filing,mosaic-finance.com,2,filing,filing,false,false,true,false,false,issuer,none,,,filing,filing,true,false,false,1,false
20261007T075800303095Z-codex.both.RC10.r1-a1,both,reach,RC10,1,5,fact,"Q1 2022 — March 31: revenues of 3,708 (C$ millions).","Q1 2022; March 31; 3,708",S3,filing,mosaic-finance.com,3,unattributed,,false,false,false,false,false,,none,,,filing,filing,true,false,false,1,false
20261007T075800303095Z-codex.both.RC10.r1-a1,both,reach,RC10,1,6,fact,"Q2 2022 — June 30: revenues of 4,344 (C$ millions).","Q2 2022; June 30; 4,344",S4,filing,mosaic-finance.com,3,secondary,issuer,false,false,false,false,false,issuer; forum,none,,,filing,filing,true,false,false,1,false
20261007T075800303095Z-codex.both.RC10.r1-a1,both,reach,RC10,1,7,fact,"Q3 2022 — September 30: revenues of 4,513 (C$ millions).","Q3 2022; September 30; 4,513",S5,filing,mosaic-finance.com,3,unattributed,,false,false,false,false,false,,none,,,filing,filing,true,false,false,1,false
20261007T075800303095Z-codex.both.RC10.r1-a1,both,reach,RC10,1,8,fact,"FY 2022 — December 31: revenues of 17,107 (C$ millions).","FY 2022; December 31; 17,107",S6,filing,mosaic-finance.com,2,filing,filing,false,false,true,false,false,issuer,none,,,filing,filing,true,false,false,1,false
20261007T075800303095Z-codex.both.RC10.r1-a1,both,reach,RC10,1,9,fact,"Q1 2023 — March 31: revenues of 4,313 (C$ millions).","Q1 2023; March 31; 4,313",S7,filing,mosaic-finance.com,3,unattributed,,false,false,false,false,false,,none,,,filing,filing,true,false,false,1,false
20261007T075800303095Z-codex.both.RC10.r1-a1,both,reach,RC10,1,10,fact,"Q2 2023 — June 30: revenues of 4,057 (C$ millions).","Q2 2023; June 30; 4,057",S8,filing,mosaic-finance.com,3,secondary,issuer,false,false,false,false,false,issuer; forum,none,,,filing,filing,true,false,false,1,false
20261007T075800303095Z-codex.both.RC10.r1-a1,both,reach,RC10,1,11,fact,"Q3 2023 — September 30: revenues of 3,987 (C$ millions).","Q3 2023; September 30; 3,987",S9,filing,mosaic-finance.com,3,unattributed,,false,false,false,false,false,,none,,,filing,filing,true,false,false,1,false
20261007T075800303095Z-codex.both.RC10.r1-a1,both,reach,RC10,1,12,fact,"FY 2023 — December 31: revenues of 16,828 (C$ millions).","FY 2023; December 31; 16,828",S10,filing,mosaic-finance.com,2,filing,filing,false,false,true,true,true,issuer,none,,,filing,filing,true,true,true,1,false
20261007T075800303095Z-codex.both.RC10.r1-a1,both,reach,RC10,1,13,fact,"Q1 2024 — March 31: revenues of 4,249 (C$ millions).","Q1 2024; March 31; 4,249",S11,filing,mosaic-finance.com,3,unattributed,,false,false,false,false,false,,none,,,filing,filing,true,false,false,1,false
20261007T075800303095Z-codex.both.RC10.r1-a1,both,reach,RC10,1,14,fact,"Q2 2024 — June 30: revenues of 4,329 (C$ millions).","Q2 2024; June 30; 4,329",S12,filing,mosaic-finance.com,3,secondary,issuer,false,false,false,false,false,issuer; forum,none,,,filing,filing,true,false,false,1,false
20261007T075800303095Z-codex.both.RC10.r1-a1,both,reach,RC10,1,15,fact,"Q3 2024 — September 30: revenues of 4,110 (C$ millions).","Q3 2024; September 30; 4,110",S13,filing,mosaic-finance.com,3,unattributed,,false,false,false,false,false,,none,,,filing,filing,true,false,false,1,false
20261007T075800303095Z-codex.both.RC10.r1-a1,both,reach,RC10,1,16,fact,"FY 2024 — December 31: revenues of 17,046 (C$ millions).","FY 2024; December 31; 17,046",S14,filing,mosaic-finance.com,2,filing,filing,false,false,true,true,true,issuer,none,,,filing,filing,true,true,true,1,false
20261007T075800303095Z-codex.both.RC10.r1-a1,both,reach,RC10,1,17,fact,"Q1 2025 — March 31: revenues of 4,403 (C$ millions).","Q1 2025; March 31; 4,403",S15,filing,mosaic-finance.com,3,unattributed,,false,false,false,false,false,,none,,,filing,filing,true,false,false,1,false
20261007T075800303095Z-codex.both.RC10.r1-a1,both,reach,RC10,1,18,fact,"Q2 2025 — June 30: revenues of 4,272 (C$ millions).","Q2 2025; June 30; 4,272",S16,filing,mosaic-finance.com,3,secondary,issuer,false,false,false,false,false,issuer; forum,none,,,filing,filing,true,true,true,1,false
20261007T075800303095Z-codex.both.RC10.r1-a1,both,reach,RC10,1,19,fact,"Q3 2025 — September 30: revenues of 4,165 (C$ millions).","Q3 2025; September 30; 4,165",S17,filing,mosaic-finance.com,3,unattributed,,false,false,false,false,false,,none,,,filing,filing,true,false,false,1,false
20261007T075800303095Z-codex.both.RC10.r1-a1,both,reach,RC10,1,20,fact,"FY 2025 — December 31: revenues of 17,304 (C$ millions).","FY 2025; December 31; 17,304",S18,filing,mosaic-finance.com,2,filing,filing,false,false,true,true,true,issuer,none,,,filing,filing,true,true,true,1,false
20261007T075800303095Z-codex.both.RC10.r1-a1,both,reach,RC10,1,21,fact,"Q1 2026 — March 31: revenues of 4,379 (C$ millions).","Q1 2026; March 31; 4,379",S19,filing,mosaic-finance.com,3,unattributed,,false,false,false,false,false,,none,,,filing,filing,true,false,false,1,false
20261007T075800303095Z-codex.both.RC10.r1-a1,both,reach,RC10,1,22,fact,"Q2 2026 — June 30: revenues of 4,753 (C$ millions).","Q2 2026; June 30; 4,753",S20,filing,mosaic-finance.com,3,secondary,issuer,false,false,false,true,false,issuer; forum,none,,,filing,filing,true,true,true,1,false
20261007T075934210925Z-codex.web.RC06.r2-a1,web,reach,RC06,2,1,fact,The 21 qualifying 10-Qs report the following.,21,,,,1,filing,filing,false,false,true,true,false,issuer; forum; aggregator; reference; other,none,,,filing,filing,true,true,false,1,false
20261007T075934210925Z-codex.web.RC06.r2-a1,web,reach,RC06,2,2,fact,Months are as stated in each filing.,,,,,0,unattributed,,true,false,false,false,false,,none,,,unattributed,,false,false,false,0,true
20261007T075934210925Z-codex.web.RC06.r2-a1,web,reach,RC06,2,3,fact,"The May 4, 2022 10-Q/A is excluded.","May 4, 2022; 10-Q/A",,,,2,unattributed,,false,false,false,false,false,,none,,,unattributed,,false,false,false,2,false
20261007T075934210925Z-codex.web.RC06.r2-a1,web,reach,RC06,2,4,fact,Q1 2019 | April 2019 | Dividend per common share (US$): $1.19,Q1 2019; April 2019; $1.19,S1,filing,filing-source,3,secondary,issuer,false,false,false,false,false,issuer; forum; aggregator; reference,none,,,filing,filing,true,true,false,1,false
20261007T075934210925Z-codex.web.RC06.r2-a1,web,reach,RC06,2,5,fact,Q2 2019 | July 2019 | Dividend per common share (US$): $1.19,Q2 2019; July 2019; $1.19,S2,filing,filing-source,3,secondary,issuer,false,false,false,false,false,issuer; aggregator,none,,,filing,filing,true,true,false,1,false
20261007T075934210925Z-codex.web.RC06.r2-a1,web,reach,RC06,2,6,fact,Q3 2019 | October 2019 | Dividend per common share (US$): $1.19,Q3 2019; October 2019; $1.19,S3,filing,filing-source,3,secondary,issuer,false,false,false,false,false,issuer; aggregator,none,,,filing,filing,true,true,false,1,false
20261007T075934210925Z-codex.web.RC06.r2-a1,web,reach,RC06,2,7,fact,Q1 2020 | April 2020 | Dividend per common share (US$): $1.29,Q1 2020; April 2020; $1.29,S4,filing,filing-source,3,secondary,issuer,false,false,false,false,false,issuer; forum; aggregator,none,,,filing,filing,true,true,false,1,false
20261007T075934210925Z-codex.web.RC06.r2-a1,web,reach,RC06,2,8,fact,Q2 2020 | July 2020 | Dividend per common share (US$): $1.29,Q2 2020; July 2020; $1.29,S5,filing,filing-source,3,secondary,issuer,false,false,false,false,false,issuer; forum; reference,none,,,filing,filing,true,true,false,1,false
20261007T075934210925Z-codex.web.RC06.r2-a1,web,reach,RC06,2,9,fact,Q3 2020 | October 2020 | Dividend per common share (US$): $1.29,Q3 2020; October 2020; $1.29,S6,filing,filing-source,3,secondary,issuer,false,false,false,false,false,issuer; forum; aggregator,none,,,filing,filing,true,true,false,1,false
20261007T075934210925Z-codex.web.RC06.r2-a1,web,reach,RC06,2,10,fact,Q1 2021 | April 2021 | Dividend per common share (US$): $1.34,Q1 2021; April 2021; $1.34,S7,filing,filing-source,3,secondary,issuer,false,false,false,true,false,issuer; forum; aggregator,none,,,filing,filing,true,true,false,1,false
20261007T075934210925Z-codex.web.RC06.r2-a1,web,reach,RC06,2,11,fact,Q2 2021 | July 2021 | Dividend per common share (US$): $1.34,Q2 2021; July 2021; $1.34,S8,filing,filing-source,3,secondary,issuer,false,false,false,false,false,issuer; forum; aggregator,none,,,filing,filing,true,true,false,1,false
20261007T075934210925Z-codex.web.RC06.r2-a1,web,reach,RC06,2,12,fact,Q3 2021 | October 2021 | Dividend per common share (US$): $1.34,Q3 2021; October 2021; $1.34,S9,filing,filing-source,3,secondary,issuer,false,false,false,false,false,issuer; forum; aggregator,none,,,filing,filing,true,true,false,1,false
20261007T075934210925Z-codex.web.RC06.r2-a1,web,reach,RC06,2,13,fact,Q1 2022 | April 2022 | Dividend per common share (US$): $1.42,Q1 2022; April 2022; $1.42,S10,filing,filing-source,3,secondary,issuer,false,false,false,false,false,issuer,none,,,filing,filing,true,true,false,1,false
20261007T075934210925Z-codex.web.RC06.r2-a1,web,reach,RC06,2,14,fact,Q2 2022 | July 2022 | Dividend per common share (US$): $1.42,Q2 2022; July 2022; $1.42,S11,filing,filing-source,3,secondary,issuer,false,false,false,false,false,issuer,none,,,filing,filing,true,true,false,1,false
20261007T075934210925Z-codex.web.RC06.r2-a1,web,reach,RC06,2,15,fact,Q3 2022 | October 2022 | Dividend per common share (US$): $1.42,Q3 2022; October 2022; $1.42,S12,filing,filing-source,3,secondary,issuer,false,false,false,false,false,issuer,none,,,filing,filing,true,true,false,1,false
20261007T075934210925Z-codex.web.RC06.r2-a1,web,reach,RC06,2,16,fact,Q1 2023 | April 2023 | Dividend per common share (US$): $1.51,Q1 2023; April 2023; $1.51,S13,filing,filing-source,3,secondary,issuer,false,false,false,false,false,issuer; forum,none,,,filing,filing,true,true,false,1,false
20261007T075934210925Z-codex.web.RC06.r2-a1,web,reach,RC06,2,17,fact,Q2 2023 | July 2023 | Dividend per common share (US$): $1.51,Q2 2023; July 2023; $1.51,S14,filing,filing-source,3,secondary,issuer,false,false,false,false,false,issuer; forum,none,,,filing,filing,true,true,false,1,false
20261007T075934210925Z-codex.web.RC06.r2-a1,web,reach,RC06,2,18,fact,Q3 2023 | October 2023 | Dividend per common share (US$): $1.51,Q3 2023; October 2023; $1.51,S15,filing,filing-source,3,secondary,issuer,false,false,false,false,false,issuer; forum,none,,,filing,filing,true,true,false,1,false
20261007T075934210925Z-codex.web.RC06.r2-a1,web,reach,RC06,2,19,fact,Q1 2024 | April 2024 | Dividend per common share (US$): $1.63,Q1 2024; April 2024; $1.63,S16,issuer,chevroncorp.gcs-web.com,3,secondary,issuer,false,true,false,true,false,issuer; forum; aggregator; other,none,,,filing,filing,true,true,false,1,false
20261007T075934210925Z-codex.web.RC06.r2-a1,web,reach,RC06,2,20,fact,Q2 2024 | July 2024 | Dividend per common share (US$): $1.63,Q2 2024; July 2024; $1.63,S17,issuer,chevroncorp.gcs-web.com,3,secondary,issuer,false,true,false,false,false,issuer; forum; aggregator; other,none,,,filing,filing,true,true,false,1,false
20261007T075934210925Z-codex.web.RC06.r2-a1,web,reach,RC06,2,21,fact,Q3 2024 | October 2024 | Dividend per common share (US$): $1.63,Q3 2024; October 2024; $1.63,S18,issuer,chevroncorp.gcs-web.com,3,secondary,issuer,false,true,false,true,false,issuer; forum; aggregator; reference; other,none,,,filing,filing,true,true,false,1,false
20261007T075934210925Z-codex.web.RC06.r2-a1,web,reach,RC06,2,22,fact,Q1 2025 | April 2025 | Dividend per common share (US$): $1.71,Q1 2025; April 2025; $1.71,S19,issuer,chevroncorp.gcs-web.com,3,secondary,issuer,false,true,false,true,false,issuer; forum; aggregator,none,,,secondary,issuer,false,true,false,1,false
20261007T075934210925Z-codex.web.RC06.r2-a1,web,reach,RC06,2,23,fact,Q2 2025 | July 2025 | Dividend per common share (US$): $1.71,Q2 2025; July 2025; $1.71,S20,issuer,chevroncorp.gcs-web.com,3,secondary,issuer,false,true,false,false,false,issuer; forum; aggregator,none,,,secondary,issuer,false,true,false,1,false
20261007T075934210925Z-codex.web.RC06.r2-a1,web,reach,RC06,2,24,fact,Q3 2025 | October 2025 | Dividend per common share (US$): $1.71,Q3 2025; October 2025; $1.71,S21,issuer,chevroncorp.gcs-web.com,3,secondary,issuer,false,true,false,true,false,issuer; forum; aggregator,none,,,secondary,issuer,false,true,false,1,false
20261007T075948238711Z-codex.archivist.RC06.r2-a1,archivist,reach,RC06,2,1,fact,"Chevron’s 21 Form 10-Qs are listed chronologically below, excluding the 2022-05-04 Form 10-Q/A.",Chevron; 21; Form 10-Qs; 2022-05-04; Form 10-Q/A,,,,4,unattributed,,false,false,false,false,false,,none,,,filing,filing,true,false,false,1,false
20261007T075948238711Z-codex.archivist.RC06.r2-a1,archivist,reach,RC06,2,2,fact,2019 Q1: Declaration month April 2019; Dividend per common share (US$) 1.19.,2019 Q1; April 2019; 1.19,S1,filing,mosaic-finance.com,3,unattributed,,false,false,false,false,false,,none,,,filing,filing,true,false,false,1,false
20261007T075948238711Z-codex.archivist.RC06.r2-a1,archivist,reach,RC06,2,3,fact,2019 Q2: Declaration month July 2019; Dividend per common share (US$) 1.19.,2019 Q2; July 2019; 1.19,S2,filing,mosaic-finance.com,3,unattributed,,false,false,false,false,false,,none,,,filing,filing,true,false,false,1,false
20261007T075948238711Z-codex.archivist.RC06.r2-a1,archivist,reach,RC06,2,4,fact,2019 Q3: Declaration month October 2019; Dividend per common share (US$) 1.19.,2019 Q3; October 2019; 1.19,S3,filing,mosaic-finance.com,3,unattributed,,false,false,false,false,false,,none,,,filing,filing,true,false,false,1,false
20261007T075948238711Z-codex.archivist.RC06.r2-a1,archivist,reach,RC06,2,5,fact,2020 Q1: Declaration month April 2020; Dividend per common share (US$) 1.29.,2020 Q1; April 2020; 1.29,S4,filing,mosaic-finance.com,3,unattributed,,false,false,false,false,false,,none,,,filing,filing,true,false,false,1,false
20261007T075948238711Z-codex.archivist.RC06.r2-a1,archivist,reach,RC06,2,6,fact,2020 Q2: Declaration month July 2020; Dividend per common share (US$) 1.29.,2020 Q2; July 2020; 1.29,S5,filing,mosaic-finance.com,3,unattributed,,false,false,false,false,false,,none,,,filing,filing,true,false,false,1,false
20261007T075948238711Z-codex.archivist.RC06.r2-a1,archivist,reach,RC06,2,7,fact,2020 Q3: Declaration month October 2020; Dividend per common share (US$) 1.29.,2020 Q3; October 2020; 1.29,S6,filing,mosaic-finance.com,3,unattributed,,false,false,false,false,false,,none,,,filing,filing,true,false,false,1,false
20261007T075948238711Z-codex.archivist.RC06.r2-a1,archivist,reach,RC06,2,8,fact,2021 Q1: Declaration month April 2021; Dividend per common share (US$) 1.34.,2021 Q1; April 2021; 1.34,S7,filing,mosaic-finance.com,3,unattributed,,false,false,false,false,false,,none,,,filing,filing,true,false,false,1,false
20261007T075948238711Z-codex.archivist.RC06.r2-a1,archivist,reach,RC06,2,9,fact,2021 Q2: Declaration month July 2021; Dividend per common share (US$) 1.34.,2021 Q2; July 2021; 1.34,S8,filing,mosaic-finance.com,3,unattributed,,false,false,false,false,false,,none,,,filing,filing,true,false,false,1,false
20261007T075948238711Z-codex.archivist.RC06.r2-a1,archivist,reach,RC06,2,10,fact,2021 Q3: Declaration month October 2021; Dividend per common share (US$) 1.34.,2021 Q3; October 2021; 1.34,S9,filing,mosaic-finance.com,3,unattributed,,false,false,false,false,false,,none,,,filing,filing,true,false,false,1,false
20261007T075948238711Z-codex.archivist.RC06.r2-a1,archivist,reach,RC06,2,11,fact,2022 Q1: Declaration month April 2022; Dividend per common share (US$) 1.42.,2022 Q1; April 2022; 1.42,S10,filing,mosaic-finance.com,3,unattributed,,false,false,false,false,false,,none,,,filing,filing,true,false,false,1,false
20261007T075948238711Z-codex.archivist.RC06.r2-a1,archivist,reach,RC06,2,12,fact,2022 Q2: Declaration month July 2022; Dividend per common share (US$) 1.42.,2022 Q2; July 2022; 1.42,S11,filing,mosaic-finance.com,3,unattributed,,false,false,false,false,false,,none,,,filing,filing,true,false,false,1,false
20261007T075948238711Z-codex.archivist.RC06.r2-a1,archivist,reach,RC06,2,13,fact,2022 Q3: Declaration month October 2022; Dividend per common share (US$) 1.42.,2022 Q3; October 2022; 1.42,S12,filing,mosaic-finance.com,3,unattributed,,false,false,false,false,false,,none,,,filing,filing,true,false,false,1,false
20261007T075948238711Z-codex.archivist.RC06.r2-a1,archivist,reach,RC06,2,14,fact,2023 Q1: Declaration month April 2023; Dividend per common share (US$) 1.51.,2023 Q1; April 2023; 1.51,S13,filing,mosaic-finance.com,3,unattributed,,false,false,false,false,false,,none,,,filing,filing,true,false,false,1,false
20261007T075948238711Z-codex.archivist.RC06.r2-a1,archivist,reach,RC06,2,15,fact,2023 Q2: Declaration month July 2023; Dividend per common share (US$) 1.51.,2023 Q2; July 2023; 1.51,S14,filing,mosaic-finance.com,3,unattributed,,false,false,false,false,false,,none,,,filing,filing,true,false,false,1,false
20261007T075948238711Z-codex.archivist.RC06.r2-a1,archivist,reach,RC06,2,16,fact,2023 Q3: Declaration month October 2023; Dividend per common share (US$) 1.51.,2023 Q3; October 2023; 1.51,S15,filing,mosaic-finance.com,3,unattributed,,false,false,false,false,false,,none,,,filing,filing,true,false,false,1,false
20261007T075948238711Z-codex.archivist.RC06.r2-a1,archivist,reach,RC06,2,17,fact,2024 Q1: Declaration month April 2024; Dividend per common share (US$) 1.63.,2024 Q1; April 2024; 1.63,S16,filing,mosaic-finance.com,3,unattributed,,false,false,false,false,false,,none,,,filing,filing,true,false,false,1,false
20261007T075948238711Z-codex.archivist.RC06.r2-a1,archivist,reach,RC06,2,18,fact,2024 Q2: Declaration month July 2024; Dividend per common share (US$) 1.63.,2024 Q2; July 2024; 1.63,S17,filing,mosaic-finance.com,3,unattributed,,false,false,false,false,false,,none,,,filing,filing,true,false,false,1,false
20261007T075948238711Z-codex.archivist.RC06.r2-a1,archivist,reach,RC06,2,19,fact,2024 Q3: Declaration month October 2024; Dividend per common share (US$) 1.63.,2024 Q3; October 2024; 1.63,S18,filing,mosaic-finance.com,3,unattributed,,false,false,false,false,false,,none,,,filing,filing,true,false,false,1,false
20261007T075948238711Z-codex.archivist.RC06.r2-a1,archivist,reach,RC06,2,20,fact,2025 Q1: Declaration month April 2025; Dividend per common share (US$) 1.71.,2025 Q1; April 2025; 1.71,S19,filing,mosaic-finance.com,3,unattributed,,false,false,false,false,false,,none,,,filing,filing,true,false,false,1,false
20261007T075948238711Z-codex.archivist.RC06.r2-a1,archivist,reach,RC06,2,21,fact,2025 Q2: Declaration month July 2025; Dividend per common share (US$) 1.71.,2025 Q2; July 2025; 1.71,S20,filing,mosaic-finance.com,3,unattributed,,false,false,false,false,false,,none,,,filing,filing,true,false,false,1,false
20261007T075948238711Z-codex.archivist.RC06.r2-a1,archivist,reach,RC06,2,22,fact,2025 Q3: Declaration month October 2025; Dividend per common share (US$) 1.71.,2025 Q3; October 2025; 1.71,S21,filing,mosaic-finance.com,3,unattributed,,false,false,false,false,false,,none,,,filing,filing,true,false,false,1,false
20261007T080105632936Z-codex.both.RC06.r2-a1,both,reach,RC06,2,1,fact,"The 21 original 10-Qs report the following declarations, in chronological order.",21; 10-Qs,,,,2,unattributed,,false,false,false,false,false,,none,,,filing,filing,true,false,false,1,false
20261007T080105632936Z-codex.both.RC06.r2-a1,both,reach,RC06,2,2,fact,The 2022-05-04 10-Q/A is excluded.,2022-05-04; 10-Q/A,,,,1,unattributed,,false,false,false,false,false,,none,,,unattributed,,false,false,false,1,false
20261007T080105632936Z-codex.both.RC06.r2-a1,both,reach,RC06,2,3,fact,The original Q1 2022 10-Q is included.,Q1 2022; 10-Q,,,,2,unattributed,,false,false,false,false,false,,none,,,unattributed,,false,false,false,2,false
20261007T080105632936Z-codex.both.RC06.r2-a1,both,reach,RC06,2,4,fact,"2019 Q1: April 2019 declaration, $1.19 per common share in US dollars.",2019 Q1; April 2019; $1.19,S1,filing,mosaic-finance.com,3,unattributed,,false,false,false,false,false,,none,,,filing,filing,true,false,false,1,false
20261007T080105632936Z-codex.both.RC06.r2-a1,both,reach,RC06,2,5,fact,"2019 Q2: July 2019 declaration, $1.19 per common share in US dollars.",2019 Q2; July 2019; $1.19,S2,filing,mosaic-finance.com,3,unattributed,,false,false,false,false,false,,none,,,filing,filing,true,false,false,1,false
20261007T080105632936Z-codex.both.RC06.r2-a1,both,reach,RC06,2,6,fact,"2019 Q3: October 2019 declaration, $1.19 per common share in US dollars.",2019 Q3; October 2019; $1.19,S3,filing,mosaic-finance.com,3,unattributed,,false,false,false,false,false,,none,,,filing,filing,true,false,false,1,false
20261007T080105632936Z-codex.both.RC06.r2-a1,both,reach,RC06,2,7,fact,"2020 Q1: April 2020 declaration, $1.29 per common share in US dollars.",2020 Q1; April 2020; $1.29,S4,filing,mosaic-finance.com,3,unattributed,,false,false,false,false,false,,none,,,filing,filing,true,false,false,1,false
20261007T080105632936Z-codex.both.RC06.r2-a1,both,reach,RC06,2,8,fact,"2020 Q2: July 2020 declaration, $1.29 per common share in US dollars.",2020 Q2; July 2020; $1.29,S5,filing,mosaic-finance.com,3,unattributed,,false,false,false,false,false,,none,,,filing,filing,true,false,false,1,false
20261007T080105632936Z-codex.both.RC06.r2-a1,both,reach,RC06,2,9,fact,"2020 Q3: October 2020 declaration, $1.29 per common share in US dollars.",2020 Q3; October 2020; $1.29,S6,filing,mosaic-finance.com,3,unattributed,,false,false,false,false,false,,none,,,filing,filing,true,false,false,1,false
20261007T080105632936Z-codex.both.RC06.r2-a1,both,reach,RC06,2,10,fact,"2021 Q1: April 2021 declaration, $1.34 per common share in US dollars.",2021 Q1; April 2021; $1.34,S7,filing,mosaic-finance.com,3,unattributed,,false,false,false,false,false,,none,,,filing,filing,true,false,false,1,false
20261007T080105632936Z-codex.both.RC06.r2-a1,both,reach,RC06,2,11,fact,"2021 Q2: July 2021 declaration, $1.34 per common share in US dollars.",2021 Q2; July 2021; $1.34,S8,filing,mosaic-finance.com,3,unattributed,,false,false,false,false,false,,none,,,filing,filing,true,false,false,1,false
20261007T080105632936Z-codex.both.RC06.r2-a1,both,reach,RC06,2,12,fact,"2021 Q3: October 2021 declaration, $1.34 per common share in US dollars.",2021 Q3; October 2021; $1.34,S9,filing,mosaic-finance.com,3,unattributed,,false,false,false,false,false,,none,,,filing,filing,true,false,false,1,false
20261007T080105632936Z-codex.both.RC06.r2-a1,both,reach,RC06,2,13,fact,"2022 Q1: April 2022 declaration, $1.42 per common share in US dollars.",2022 Q1; April 2022; $1.42,S10,filing,mosaic-finance.com,3,unattributed,,false,false,false,false,false,,none,,,filing,filing,true,false,false,1,false
20261007T080105632936Z-codex.both.RC06.r2-a1,both,reach,RC06,2,14,fact,"2022 Q2: July 2022 declaration, $1.42 per common share in US dollars.",2022 Q2; July 2022; $1.42,S11,filing,mosaic-finance.com,3,unattributed,,false,false,false,false,false,,none,,,filing,filing,true,false,false,1,false
20261007T080105632936Z-codex.both.RC06.r2-a1,both,reach,RC06,2,15,fact,"2022 Q3: October 2022 declaration, $1.42 per common share in US dollars.",2022 Q3; October 2022; $1.42,S12,filing,mosaic-finance.com,3,unattributed,,false,false,false,false,false,,none,,,filing,filing,true,false,false,1,false
20261007T080105632936Z-codex.both.RC06.r2-a1,both,reach,RC06,2,16,fact,"2023 Q1: April 2023 declaration, $1.51 per common share in US dollars.",2023 Q1; April 2023; $1.51,S13,filing,mosaic-finance.com,3,unattributed,,false,false,false,false,false,,none,,,filing,filing,true,false,false,1,false
20261007T080105632936Z-codex.both.RC06.r2-a1,both,reach,RC06,2,17,fact,"2023 Q2: July 2023 declaration, $1.51 per common share in US dollars.",2023 Q2; July 2023; $1.51,S14,filing,mosaic-finance.com,3,unattributed,,false,false,false,false,false,,none,,,filing,filing,true,false,false,1,false
20261007T080105632936Z-codex.both.RC06.r2-a1,both,reach,RC06,2,18,fact,"2023 Q3: October 2023 declaration, $1.51 per common share in US dollars.",2023 Q3; October 2023; $1.51,S15,filing,mosaic-finance.com,3,unattributed,,false,false,false,false,false,,none,,,filing,filing,true,false,false,1,false
20261007T080105632936Z-codex.both.RC06.r2-a1,both,reach,RC06,2,19,fact,"2024 Q1: April 2024 declaration, $1.63 per common share in US dollars.",2024 Q1; April 2024; $1.63,S16,filing,mosaic-finance.com,3,unattributed,,false,false,false,false,false,,none,,,filing,filing,true,false,false,1,false
20261007T080105632936Z-codex.both.RC06.r2-a1,both,reach,RC06,2,20,fact,"2024 Q2: July 2024 declaration, $1.63 per common share in US dollars.",2024 Q2; July 2024; $1.63,S17,filing,mosaic-finance.com,3,unattributed,,false,false,false,false,false,,none,,,filing,filing,true,false,false,1,false
20261007T080105632936Z-codex.both.RC06.r2-a1,both,reach,RC06,2,21,fact,"2024 Q3: October 2024 declaration, $1.63 per common share in US dollars.",2024 Q3; October 2024; $1.63,S18,filing,mosaic-finance.com,3,unattributed,,false,false,false,false,false,,none,,,filing,filing,true,false,false,1,false
20261007T080105632936Z-codex.both.RC06.r2-a1,both,reach,RC06,2,22,fact,"2025 Q1: April 2025 declaration, $1.71 per common share in US dollars.",2025 Q1; April 2025; $1.71,S19,filing,mosaic-finance.com,3,unattributed,,false,false,false,false,false,,none,,,filing,filing,true,false,false,1,false
20261007T080105632936Z-codex.both.RC06.r2-a1,both,reach,RC06,2,23,fact,"2025 Q2: July 2025 declaration, $1.71 per common share in US dollars.",2025 Q2; July 2025; $1.71,S20,filing,mosaic-finance.com,3,unattributed,,false,false,false,false,false,,none,,,filing,filing,true,false,false,1,false
20261007T080105632936Z-codex.both.RC06.r2-a1,both,reach,RC06,2,24,fact,"2025 Q3: October 2025 declaration, $1.71 per common share in US dollars.",2025 Q3; October 2025; $1.71,S21,filing,mosaic-finance.com,3,unattributed,,false,false,false,false,false,,none,,,filing,filing,true,false,false,1,false
20261007T080145238348Z-codex.web.RC07.r2-a1,web,reach,RC07,2,1,fact,"The 24 reports give the following period-end system totals, in chronological order.",24,,,,1,filing,filing,false,false,true,true,false,issuer; aggregator; reference,none,,,filing,filing,true,true,false,1,false
20261007T080145238348Z-codex.web.RC07.r2-a1,web,reach,RC07,2,2,fact,The 2021-04-02 Form 10-K/A is excluded.,2021-04-02; Form 10-K/A,,,,1,secondary,reference,false,false,false,true,false,reference,none,,,secondary,reference,false,true,false,1,false
20261007T080145238348Z-codex.web.RC07.r2-a1,web,reach,RC07,2,3,fact,"Q1 2020 | 10-Q | Properties: 7,420 | Rooms: 1,391,700","Q1 2020; 10-Q; 7,420; 1,391,700",S1,issuer,marriott.gcs-web.com,4,secondary,issuer,false,true,false,true,false,issuer; aggregator; reference,none,,,filing,filing,true,true,false,2,false
20261007T080145238348Z-codex.web.RC07.r2-a1,web,reach,RC07,2,4,fact,"Q2 2020 | 10-Q | Properties: 7,484 | Rooms: 1,400,693","Q2 2020; 10-Q; 7,484; 1,400,693",S2,filing,filing-source,4,secondary,issuer,false,false,false,true,false,issuer; aggregator; reference,none,,,filing,filing,true,true,false,2,false
20261007T080145238348Z-codex.web.RC07.r2-a1,web,reach,RC07,2,5,fact,"Q3 2020 | 10-Q | Properties: 7,579 | Rooms: 1,413,654","Q3 2020; 10-Q; 7,579; 1,413,654",S3,issuer,marriott.gcs-web.com,4,secondary,issuer,false,true,false,true,false,issuer; aggregator; reference,none,,,filing,filing,true,true,false,2,false
20261007T080145238348Z-codex.web.RC07.r2-a1,web,reach,RC07,2,6,fact,"FY 2020 | 10-K | Properties: 7,642 | Rooms: 1,423,044","FY 2020; 10-K; 7,642; 1,423,044",S4,filing,filing-source,2,filing,filing,false,false,true,true,false,aggregator,none,,,filing,filing,true,true,false,2,false
20261007T080145238348Z-codex.web.RC07.r2-a1,web,reach,RC07,2,7,fact,"Q1 2021 | 10-Q | Properties: 7,662 | Rooms: 1,429,171","Q1 2021; 10-Q; 7,662; 1,429,171",S5,filing,filing-source,4,secondary,issuer,false,false,false,true,false,issuer; aggregator; reference,none,,,filing,filing,true,true,false,2,false
20261007T080145238348Z-codex.web.RC07.r2-a1,web,reach,RC07,2,8,fact,"Q2 2021 | 10-Q | Properties: 7,797 | Rooms: 1,451,609","Q2 2021; 10-Q; 7,797; 1,451,609",S6,filing,filing-source,4,secondary,issuer,false,false,false,true,false,issuer; aggregator; reference,none,,,filing,filing,true,true,false,2,false
20261007T080145238348Z-codex.web.RC07.r2-a1,web,reach,RC07,2,9,fact,"Q3 2021 | 10-Q | Properties: 7,892 | Rooms: 1,463,692","Q3 2021; 10-Q; 7,892; 1,463,692",S7,filing,filing-source,4,secondary,issuer,false,false,false,true,false,issuer; aggregator; news; reference,none,,,filing,filing,true,true,false,2,false
20261007T080145238348Z-codex.web.RC07.r2-a1,web,reach,RC07,2,10,fact,"FY 2021 | 10-K | Properties: 7,989 | Rooms: 1,479,179","FY 2021; 10-K; 7,989; 1,479,179",S8,filing,filing-source,2,filing,filing,false,false,true,true,false,issuer; aggregator,none,,,filing,filing,true,true,false,2,false
20261007T080145238348Z-codex.web.RC07.r2-a1,web,reach,RC07,2,11,fact,"Q1 2022 | 10-Q | Properties: 8,048 | Rooms: 1,487,681","Q1 2022; 10-Q; 8,048; 1,487,681",S9,issuer,marriott.gcs-web.com,4,secondary,issuer,false,true,false,true,false,issuer; aggregator; reference; other,none,,,secondary,issuer,false,true,false,2,false
20261007T080145238348Z-codex.web.RC07.r2-a1,web,reach,RC07,2,12,fact,"Q2 2022 | 10-Q | Properties: 8,120 | Rooms: 1,500,744","Q2 2022; 10-Q; 8,120; 1,500,744",S10,issuer,marriott.gcs-web.com,4,secondary,issuer,false,true,false,true,false,issuer; aggregator; reference,none,,,secondary,issuer,false,true,false,2,false
20261007T080145238348Z-codex.web.RC07.r2-a1,web,reach,RC07,2,13,fact,"Q3 2022 | 10-Q | Properties: 8,162 | Rooms: 1,507,350","Q3 2022; 10-Q; 8,162; 1,507,350",S11,issuer,marriott.gcs-web.com,4,secondary,issuer,false,true,false,true,false,issuer; aggregator; reference,none,,,secondary,issuer,false,true,false,2,false
20261007T080145238348Z-codex.web.RC07.r2-a1,web,reach,RC07,2,14,fact,"FY 2022 | 10-K | Properties: 8,288 | Rooms: 1,525,407","FY 2022; 10-K; 8,288; 1,525,407",S12,issuer,marriott.gcs-web.com,2,filing,filing,false,true,true,true,false,issuer; aggregator; other,none,,,filing,filing,true,true,false,2,false
20261007T080145238348Z-codex.web.RC07.r2-a1,web,reach,RC07,2,15,fact,"Q1 2023 | 10-Q | Properties: 8,353 | Rooms: 1,534,072","Q1 2023; 10-Q; 8,353; 1,534,072",S13,issuer,marriott.gcs-web.com,4,secondary,issuer,false,true,false,true,false,issuer; aggregator; reference; other,none,,,filing,filing,true,true,false,2,false
20261007T080145238348Z-codex.web.RC07.r2-a1,web,reach,RC07,2,16,fact,"Q2 2023 | 10-Q | Properties: 8,590 | Rooms: 1,565,258","Q2 2023; 10-Q; 8,590; 1,565,258",S14,issuer,marriott.gcs-web.com,4,secondary,issuer,false,true,false,true,false,issuer; aggregator; reference,none,,,secondary,issuer,false,true,false,2,false
20261007T080145238348Z-codex.web.RC07.r2-a1,web,reach,RC07,2,17,fact,"Q3 2023 | 10-Q | Properties: 8,675 | Rooms: 1,581,002","Q3 2023; 10-Q; 8,675; 1,581,002",S15,issuer,marriott.gcs-web.com,4,secondary,issuer,false,true,false,true,false,issuer; aggregator; reference,none,,,secondary,issuer,false,true,false,2,false
20261007T080145238348Z-codex.web.RC07.r2-a1,web,reach,RC07,2,18,fact,"FY 2023 | 10-K | Properties: 8,785 | Rooms: 1,597,380","FY 2023; 10-K; 8,785; 1,597,380",S16,filing,filing-source,2,filing,filing,false,false,true,true,false,issuer; promotional; aggregator; reference,none,,,filing,filing,true,true,false,2,false
20261007T080145238348Z-codex.web.RC07.r2-a1,web,reach,RC07,2,19,fact,"Q1 2024 | 10-Q | Properties: 8,861 | Rooms: 1,643,172","Q1 2024; 10-Q; 8,861; 1,643,172",S17,issuer,marriott.gcs-web.com,4,secondary,issuer,false,true,false,true,false,issuer; aggregator; reference,none,,,secondary,issuer,false,true,false,2,false
20261007T080145238348Z-codex.web.RC07.r2-a1,web,reach,RC07,2,20,fact,"Q2 2024 | 10-Q | Properties: 8,969 | Rooms: 1,658,659","Q2 2024; 10-Q; 8,969; 1,658,659",S18,issuer,marriott.gcs-web.com,4,secondary,issuer,false,true,false,true,false,issuer; aggregator; reference,none,,,secondary,issuer,false,true,false,2,false
20261007T080145238348Z-codex.web.RC07.r2-a1,web,reach,RC07,2,21,fact,"Q3 2024 | 10-Q | Properties: 9,068 | Rooms: 1,674,600","Q3 2024; 10-Q; 9,068; 1,674,600",S19,issuer,marriott.gcs-web.com,4,secondary,issuer,false,true,false,true,false,issuer; forum; aggregator; reference,none,,,secondary,issuer,false,true,false,2,false
20261007T080145238348Z-codex.web.RC07.r2-a1,web,reach,RC07,2,22,fact,"FY 2024 | 10-K | Properties: 9,361 | Rooms: 1,706,331","FY 2024; 10-K; 9,361; 1,706,331",S20,filing,filing-source,2,filing,filing,false,false,true,true,false,issuer; aggregator; reference,none,,,filing,filing,true,true,false,2,false
20261007T080145238348Z-codex.web.RC07.r2-a1,web,reach,RC07,2,23,fact,"Q1 2025 | 10-Q | Properties: 9,463 | Rooms: 1,718,542","Q1 2025; 10-Q; 9,463; 1,718,542",S21,issuer,marriott.gcs-web.com,4,secondary,issuer,false,true,false,true,false,issuer; aggregator; reference,none,,,secondary,issuer,false,true,false,2,false
20261007T080145238348Z-codex.web.RC07.r2-a1,web,reach,RC07,2,24,fact,"Q2 2025 | 10-Q | Properties: 9,601 | Rooms: 1,735,819","Q2 2025; 10-Q; 9,601; 1,735,819",S22,issuer,marriott.gcs-web.com,4,secondary,issuer,false,true,false,true,false,issuer; forum; aggregator; reference,none,,,secondary,issuer,false,true,false,2,false
20261007T080145238348Z-codex.web.RC07.r2-a1,web,reach,RC07,2,25,fact,"Q3 2025 | 10-Q | Properties: 9,721 | Rooms: 1,753,722","Q3 2025; 10-Q; 9,721; 1,753,722",S23,issuer,marriott.gcs-web.com,4,secondary,issuer,false,true,false,true,false,issuer; forum; aggregator; reference,none,,,secondary,issuer,false,true,false,2,false
20261007T080145238348Z-codex.web.RC07.r2-a1,web,reach,RC07,2,26,fact,"FY 2025 | 10-K | Properties: 9,805 | Rooms: 1,779,936","FY 2025; 10-K; 9,805; 1,779,936",S24,issuer,marriott.gcs-web.com,2,filing,filing,false,true,true,true,false,issuer; aggregator,none,,,filing,filing,true,true,false,2,false
20261007T080314300872Z-codex.archivist.RC07.r2-a1,archivist,reach,RC07,2,1,fact,All 24 reports are included; the 2021-04-02 Form 10-K/A is excluded.,24; 2021-04-02; Form 10-K/A,,,,2,unattributed,,false,false,false,false,false,,none,,,filing,filing,true,false,false,1,false
20261007T080314300872Z-codex.archivist.RC07.r2-a1,archivist,reach,RC07,2,2,fact,"2020-03-31 | 10-Q · 2020-05-11 | 7,420","2020-03-31; 10-Q; 2020-05-11; 7,420",S1,filing,mosaic-finance.com,4,filing,filing,false,false,true,false,false,,none,,,filing,filing,true,false,false,3,false
20261007T080314300872Z-codex.archivist.RC07.r2-a1,archivist,reach,RC07,2,3,fact,"2020-06-30 | 10-Q · 2020-08-10 | 7,484","2020-06-30; 10-Q; 2020-08-10; 7,484",S2,filing,mosaic-finance.com,2,filing,filing,false,false,true,false,false,,none,,,filing,filing,true,false,false,1,false
20261007T080314300872Z-codex.archivist.RC07.r2-a1,archivist,reach,RC07,2,4,fact,"2020-09-30 | 10-Q · 2020-11-06 | 7,579","2020-09-30; 10-Q; 2020-11-06; 7,579",S3,filing,mosaic-finance.com,3,filing,filing,false,false,true,false,false,,none,,,filing,filing,true,false,false,2,false
20261007T080314300872Z-codex.archivist.RC07.r2-a1,archivist,reach,RC07,2,5,fact,"2020-12-31 | 10-K · 2021-02-18 | 7,642","2020-12-31; 10-K; 2021-02-18; 7,642",S4,filing,mosaic-finance.com,4,filing,filing,false,false,true,false,false,,none,,,filing,filing,true,false,false,4,false
20261007T080314300872Z-codex.archivist.RC07.r2-a1,archivist,reach,RC07,2,6,fact,"2021-03-31 | 10-Q · 2021-05-10 | 7,662","2021-03-31; 10-Q; 2021-05-10; 7,662",S5,filing,mosaic-finance.com,3,filing,filing,false,false,true,false,false,,none,,,filing,filing,true,false,false,2,false
20261007T080314300872Z-codex.archivist.RC07.r2-a1,archivist,reach,RC07,2,7,fact,"2021-06-30 | 10-Q · 2021-08-03 | 7,797","2021-06-30; 10-Q; 2021-08-03; 7,797",S6,filing,mosaic-finance.com,2,filing,filing,false,false,true,false,false,,none,,,filing,filing,true,false,false,1,false
20261007T080314300872Z-codex.archivist.RC07.r2-a1,archivist,reach,RC07,2,8,fact,"2021-09-30 | 10-Q · 2021-11-03 | 7,892","2021-09-30; 10-Q; 2021-11-03; 7,892",S7,filing,mosaic-finance.com,3,filing,filing,false,false,true,false,false,,none,,,filing,filing,true,false,false,2,false
20261007T080314300872Z-codex.archivist.RC07.r2-a1,archivist,reach,RC07,2,9,fact,"2021-12-31 | 10-K · 2022-02-15 | 7,989","2021-12-31; 10-K; 2022-02-15; 7,989",S8,filing,mosaic-finance.com,4,filing,filing,false,false,true,false,false,,none,,,filing,filing,true,false,false,4,false
20261007T080314300872Z-codex.archivist.RC07.r2-a1,archivist,reach,RC07,2,10,fact,"2022-03-31 | 10-Q · 2022-05-04 | 8,048","2022-03-31; 10-Q; 2022-05-04; 8,048",S9,filing,mosaic-finance.com,3,filing,filing,false,false,true,false,false,,none,,,filing,filing,true,false,false,2,false
20261007T080314300872Z-codex.archivist.RC07.r2-a1,archivist,reach,RC07,2,11,fact,"2022-06-30 | 10-Q · 2022-08-02 | 8,120","2022-06-30; 10-Q; 2022-08-02; 8,120",S10,filing,mosaic-finance.com,2,filing,filing,false,false,true,false,false,,none,,,filing,filing,true,false,false,1,false
20261007T080314300872Z-codex.archivist.RC07.r2-a1,archivist,reach,RC07,2,12,fact,"2022-09-30 | 10-Q · 2022-11-03 | 8,162","2022-09-30; 10-Q; 2022-11-03; 8,162",S11,filing,mosaic-finance.com,3,filing,filing,false,false,true,false,false,,none,,,filing,filing,true,false,false,2,false
20261007T080314300872Z-codex.archivist.RC07.r2-a1,archivist,reach,RC07,2,13,fact,"2022-12-31 | 10-K · 2023-02-14 | 8,288","2022-12-31; 10-K; 2023-02-14; 8,288",S12,filing,mosaic-finance.com,4,filing,filing,false,false,true,false,false,,none,,,filing,filing,true,false,false,4,false
20261007T080314300872Z-codex.archivist.RC07.r2-a1,archivist,reach,RC07,2,14,fact,"2023-03-31 | 10-Q · 2023-05-02 | 8,353","2023-03-31; 10-Q; 2023-05-02; 8,353",S13,filing,mosaic-finance.com,3,filing,filing,false,false,true,false,false,,none,,,filing,filing,true,false,false,2,false
20261007T080314300872Z-codex.archivist.RC07.r2-a1,archivist,reach,RC07,2,15,fact,"2023-06-30 | 10-Q · 2023-08-01 | 8,590","2023-06-30; 10-Q; 2023-08-01; 8,590",S14,filing,mosaic-finance.com,2,filing,filing,false,false,true,false,false,,none,,,filing,filing,true,false,false,1,false
20261007T080314300872Z-codex.archivist.RC07.r2-a1,archivist,reach,RC07,2,16,fact,"2023-09-30 | 10-Q · 2023-11-02 | 8,675","2023-09-30; 10-Q; 2023-11-02; 8,675",S15,filing,mosaic-finance.com,3,filing,filing,false,false,true,false,false,,none,,,filing,filing,true,false,false,2,false
20261007T080314300872Z-codex.archivist.RC07.r2-a1,archivist,reach,RC07,2,17,fact,"2023-12-31 | 10-K · 2024-02-13 | 8,785","2023-12-31; 10-K; 2024-02-13; 8,785",S16,filing,mosaic-finance.com,4,filing,filing,false,false,true,false,false,,none,,,filing,filing,true,false,false,4,false
20261007T080314300872Z-codex.archivist.RC07.r2-a1,archivist,reach,RC07,2,18,fact,"2024-03-31 | 10-Q · 2024-05-01 | 8,861","2024-03-31; 10-Q; 2024-05-01; 8,861",S17,filing,mosaic-finance.com,3,filing,filing,false,false,true,false,false,,none,,,filing,filing,true,false,false,2,false
20261007T080314300872Z-codex.archivist.RC07.r2-a1,archivist,reach,RC07,2,19,fact,"2024-06-30 | 10-Q · 2024-07-31 | 8,969","2024-06-30; 10-Q; 2024-07-31; 8,969",S18,filing,mosaic-finance.com,3,filing,filing,false,false,true,false,false,,none,,,filing,filing,true,false,false,2,false
20261007T080314300872Z-codex.archivist.RC07.r2-a1,archivist,reach,RC07,2,20,fact,"2024-09-30 | 10-Q · 2024-11-04 | 9,068","2024-09-30; 10-Q; 2024-11-04; 9,068",S19,filing,mosaic-finance.com,3,filing,filing,false,false,true,false,false,,none,,,filing,filing,true,false,false,2,false
20261007T080314300872Z-codex.archivist.RC07.r2-a1,archivist,reach,RC07,2,21,fact,"2024-12-31 | 10-K · 2025-02-11 | 9,361","2024-12-31; 10-K; 2025-02-11; 9,361",S20,filing,mosaic-finance.com,4,filing,filing,false,false,true,false,false,,none,,,filing,filing,true,false,false,4,false
20261007T080314300872Z-codex.archivist.RC07.r2-a1,archivist,reach,RC07,2,22,fact,"2025-03-31 | 10-Q · 2025-05-06 | 9,463","2025-03-31; 10-Q; 2025-05-06; 9,463",S21,filing,mosaic-finance.com,3,filing,filing,false,false,true,false,false,,none,,,filing,filing,true,false,false,2,false
20261007T080314300872Z-codex.archivist.RC07.r2-a1,archivist,reach,RC07,2,23,fact,"2025-06-30 | 10-Q · 2025-08-05 | 9,601","2025-06-30; 10-Q; 2025-08-05; 9,601",S22,filing,mosaic-finance.com,2,filing,filing,false,false,true,false,false,,none,,,filing,filing,true,false,false,1,false
20261007T080314300872Z-codex.archivist.RC07.r2-a1,archivist,reach,RC07,2,24,fact,"2025-09-30 | 10-Q · 2025-11-04 | 9,721","2025-09-30; 10-Q; 2025-11-04; 9,721",S23,filing,mosaic-finance.com,3,filing,filing,false,false,true,false,false,,none,,,filing,filing,true,false,false,2,false
20261007T080314300872Z-codex.archivist.RC07.r2-a1,archivist,reach,RC07,2,25,fact,"2025-12-31 | 10-K · 2026-02-10 | 9,805","2025-12-31; 10-K; 2026-02-10; 9,805",S24,filing,mosaic-finance.com,3,filing,filing,false,false,true,false,false,,none,,,filing,filing,true,false,false,3,false
20261007T080324411810Z-codex.both.RC07.r2-a1,both,reach,RC07,2,1,fact,All 24 reports are included; the 2021-04-02 Form 10-K/A is excluded.,24; 2021-04-02; Form 10-K/A,,,,2,unattributed,,false,false,false,false,false,,none,,,filing,filing,true,false,false,1,false
20261007T080324411810Z-codex.both.RC07.r2-a1,both,reach,RC07,2,2,fact,"Marriott’s reported period-end system property count: Q1 2020 | 10-Q | 2020-05-11 | 7,420.","Marriott; Q1 2020; 10-Q; 2020-05-11; 7,420",S1,filing,mosaic-finance.com,5,unattributed,,false,false,false,false,false,,none,,,filing,filing,true,false,false,2,false
20261007T080324411810Z-codex.both.RC07.r2-a1,both,reach,RC07,2,3,fact,"Marriott’s reported period-end system property count: Q2 2020 | 10-Q | 2020-08-10 | 7,484.","Marriott; Q2 2020; 10-Q; 2020-08-10; 7,484",S2,filing,mosaic-finance.com,4,unattributed,,false,false,false,false,false,,none,,,filing,filing,true,false,false,1,false
20261007T080324411810Z-codex.both.RC07.r2-a1,both,reach,RC07,2,4,fact,"Marriott’s reported period-end system property count: Q3 2020 | 10-Q | 2020-11-06 | 7,579.","Marriott; Q3 2020; 10-Q; 2020-11-06; 7,579",S3,filing,mosaic-finance.com,5,unattributed,,false,false,false,false,false,,none,,,filing,filing,true,false,false,2,false
20261007T080324411810Z-codex.both.RC07.r2-a1,both,reach,RC07,2,5,fact,"Marriott’s reported period-end system property count: FY 2020 | 10-K | 2021-02-18 | 7,642.","Marriott; FY 2020; 10-K; 2021-02-18; 7,642",S4,filing,mosaic-finance.com,3,filing,filing,false,false,true,false,false,,none,,,filing,filing,true,false,false,2,false
20261007T080324411810Z-codex.both.RC07.r2-a1,both,reach,RC07,2,6,fact,"Marriott’s reported period-end system property count: Q1 2021 | 10-Q | 2021-05-10 | 7,662.","Marriott; Q1 2021; 10-Q; 2021-05-10; 7,662",S5,filing,mosaic-finance.com,4,unattributed,,false,false,false,false,false,,none,,,filing,filing,true,false,false,1,false
20261007T080324411810Z-codex.both.RC07.r2-a1,both,reach,RC07,2,7,fact,"Marriott’s reported period-end system property count: Q2 2021 | 10-Q | 2021-08-03 | 7,797.","Marriott; Q2 2021; 10-Q; 2021-08-03; 7,797",S6,filing,mosaic-finance.com,4,unattributed,,false,false,false,false,false,,none,,,filing,filing,true,false,false,1,false
20261007T080324411810Z-codex.both.RC07.r2-a1,both,reach,RC07,2,8,fact,"Marriott’s reported period-end system property count: Q3 2021 | 10-Q | 2021-11-03 | 7,892.","Marriott; Q3 2021; 10-Q; 2021-11-03; 7,892",S7,filing,mosaic-finance.com,5,unattributed,,false,false,false,false,false,,none,,,filing,filing,true,false,false,2,false
20261007T080324411810Z-codex.both.RC07.r2-a1,both,reach,RC07,2,9,fact,"Marriott’s reported period-end system property count: FY 2021 | 10-K | 2022-02-15 | 7,989.","Marriott; FY 2021; 10-K; 2022-02-15; 7,989",S8,filing,mosaic-finance.com,3,filing,filing,false,false,true,false,false,,none,,,filing,filing,true,false,false,2,false
20261007T080324411810Z-codex.both.RC07.r2-a1,both,reach,RC07,2,10,fact,"Marriott’s reported period-end system property count: Q1 2022 | 10-Q | 2022-05-04 | 8,048.","Marriott; Q1 2022; 10-Q; 2022-05-04; 8,048",S9,filing,mosaic-finance.com,4,unattributed,,false,false,false,false,false,,none,,,filing,filing,true,false,false,1,false
20261007T080324411810Z-codex.both.RC07.r2-a1,both,reach,RC07,2,11,fact,"Marriott’s reported period-end system property count: Q2 2022 | 10-Q | 2022-08-02 | 8,120.","Marriott; Q2 2022; 10-Q; 2022-08-02; 8,120",S10,filing,mosaic-finance.com,4,unattributed,,false,false,false,false,false,,none,,,filing,filing,true,false,false,1,false
20261007T080324411810Z-codex.both.RC07.r2-a1,both,reach,RC07,2,12,fact,"Marriott’s reported period-end system property count: Q3 2022 | 10-Q | 2022-11-03 | 8,162.","Marriott; Q3 2022; 10-Q; 2022-11-03; 8,162",S11,filing,mosaic-finance.com,5,unattributed,,false,false,false,false,false,,none,,,filing,filing,true,false,false,2,false
20261007T080324411810Z-codex.both.RC07.r2-a1,both,reach,RC07,2,13,fact,"Marriott’s reported period-end system property count: FY 2022 | 10-K | 2023-02-14 | 8,288.","Marriott; FY 2022; 10-K; 2023-02-14; 8,288",S12,filing,mosaic-finance.com,3,filing,filing,false,false,true,false,false,,none,,,filing,filing,true,false,false,2,false
20261007T080324411810Z-codex.both.RC07.r2-a1,both,reach,RC07,2,14,fact,"Marriott’s reported period-end system property count: Q1 2023 | 10-Q | 2023-05-02 | 8,353.","Marriott; Q1 2023; 10-Q; 2023-05-02; 8,353",S13,filing,mosaic-finance.com,4,unattributed,,false,false,false,false,false,,none,,,filing,filing,true,false,false,1,false
20261007T080324411810Z-codex.both.RC07.r2-a1,both,reach,RC07,2,15,fact,"Marriott’s reported period-end system property count: Q2 2023 | 10-Q | 2023-08-01 | 8,590.","Marriott; Q2 2023; 10-Q; 2023-08-01; 8,590",S14,filing,mosaic-finance.com,4,unattributed,,false,false,false,false,false,,none,,,filing,filing,true,false,false,1,false
20261007T080324411810Z-codex.both.RC07.r2-a1,both,reach,RC07,2,16,fact,"Marriott’s reported period-end system property count: Q3 2023 | 10-Q | 2023-11-02 | 8,675.","Marriott; Q3 2023; 10-Q; 2023-11-02; 8,675",S15,filing,mosaic-finance.com,5,unattributed,,false,false,false,false,false,,none,,,filing,filing,true,false,false,2,false
20261007T080324411810Z-codex.both.RC07.r2-a1,both,reach,RC07,2,17,fact,"Marriott’s reported period-end system property count: FY 2023 | 10-K | 2024-02-13 | 8,785.","Marriott; FY 2023; 10-K; 2024-02-13; 8,785",S16,filing,mosaic-finance.com,3,filing,filing,false,false,true,false,false,,none,,,filing,filing,true,false,false,2,false
20261007T080324411810Z-codex.both.RC07.r2-a1,both,reach,RC07,2,18,fact,"Marriott’s reported period-end system property count: Q1 2024 | 10-Q | 2024-05-01 | 8,861.","Marriott; Q1 2024; 10-Q; 2024-05-01; 8,861",S17,filing,mosaic-finance.com,4,unattributed,,false,false,false,false,false,,none,,,filing,filing,true,false,false,1,false
20261007T080324411810Z-codex.both.RC07.r2-a1,both,reach,RC07,2,19,fact,"Marriott’s reported period-end system property count: Q2 2024 | 10-Q | 2024-07-31 | 8,969.","Marriott; Q2 2024; 10-Q; 2024-07-31; 8,969",S18,filing,mosaic-finance.com,5,unattributed,,false,false,false,false,false,,none,,,filing,filing,true,false,false,2,false
20261007T080324411810Z-codex.both.RC07.r2-a1,both,reach,RC07,2,20,fact,"Marriott’s reported period-end system property count: Q3 2024 | 10-Q | 2024-11-04 | 9,068.","Marriott; Q3 2024; 10-Q; 2024-11-04; 9,068",S19,filing,mosaic-finance.com,5,unattributed,,false,false,false,false,false,,none,,,filing,filing,true,false,false,2,false
20261007T080324411810Z-codex.both.RC07.r2-a1,both,reach,RC07,2,21,fact,"Marriott’s reported period-end system property count: FY 2024 | 10-K | 2025-02-11 | 9,361.","Marriott; FY 2024; 10-K; 2025-02-11; 9,361",S20,filing,mosaic-finance.com,3,filing,filing,false,false,true,false,false,,none,,,filing,filing,true,false,false,2,false
20261007T080324411810Z-codex.both.RC07.r2-a1,both,reach,RC07,2,22,fact,"Marriott’s reported period-end system property count: Q1 2025 | 10-Q | 2025-05-06 | 9,463.","Marriott; Q1 2025; 10-Q; 2025-05-06; 9,463",S21,filing,mosaic-finance.com,4,unattributed,,false,false,false,false,false,,none,,,filing,filing,true,false,false,1,false
20261007T080324411810Z-codex.both.RC07.r2-a1,both,reach,RC07,2,23,fact,"Marriott’s reported period-end system property count: Q2 2025 | 10-Q | 2025-08-05 | 9,601.","Marriott; Q2 2025; 10-Q; 2025-08-05; 9,601",S22,filing,mosaic-finance.com,4,unattributed,,false,false,false,false,false,,none,,,filing,filing,true,false,false,1,false
20261007T080324411810Z-codex.both.RC07.r2-a1,both,reach,RC07,2,24,fact,"Marriott’s reported period-end system property count: Q3 2025 | 10-Q | 2025-11-04 | 9,721.","Marriott; Q3 2025; 10-Q; 2025-11-04; 9,721",S23,filing,mosaic-finance.com,5,unattributed,,false,false,false,false,false,,none,,,filing,filing,true,false,false,2,false
20261007T080324411810Z-codex.both.RC07.r2-a1,both,reach,RC07,2,25,fact,"Marriott’s reported period-end system property count: FY 2025 | 10-K | 2026-02-10 | 9,805.","Marriott; FY 2025; 10-K; 2026-02-10; 9,805",S24,filing,mosaic-finance.com,2,filing,filing,false,false,true,false,false,,none,,,filing,filing,true,false,false,1,false
20261007T080458617949Z-codex.web.RC08.r2-a1,web,reach,RC08,2,1,fact,"U.S. store counts for all 24 original reports, in period-end order. Mexico and Brazil are excluded; amendments are excluded.",U.S.; 24; Mexico; Brazil,,,,4,filing,filing,false,false,true,true,false,issuer; forum; aggregator; reference,none,,,filing,filing,true,true,false,1,false
20261007T080458617949Z-codex.web.RC08.r2-a1,web,reach,RC08,2,2,fact,"2020 Q1 — 10-Q: 5,790 U.S. stores as of 2019-11-23.","2020 Q1 — 10-Q; 5,790; U.S.; 2019-11-23",S1,filing,filing-source,5,secondary,issuer,false,false,false,false,false,issuer; forum; promotional; aggregator; news; reference; other,none,,,filing,filing,true,false,false,3,false
20261007T080458617949Z-codex.web.RC08.r2-a1,web,reach,RC08,2,3,fact,"2020 Q2 — 10-Q: 5,815 U.S. stores as of 2020-02-15.","2020 Q2 — 10-Q; 5,815; U.S.; 2020-02-15",S2,issuer,investors.autozone.com,4,secondary,issuer,false,true,false,false,false,issuer; forum; aggregator,none,,,filing,filing,true,false,false,2,false
20261007T080458617949Z-codex.web.RC08.r2-a1,web,reach,RC08,2,4,fact,"2020 Q3 — 10-Q: 5,836 U.S. stores as of 2020-05-09.","2020 Q3 — 10-Q; 5,836; U.S.; 2020-05-09",S3,filing,filing-source,3,secondary,issuer,false,false,false,false,false,issuer; forum; aggregator,none,,,filing,filing,true,false,false,1,false
20261007T080458617949Z-codex.web.RC08.r2-a1,web,reach,RC08,2,5,fact,"2020 — 10-K: 5,885 U.S. stores as of 2020-08-29.","2020 — 10-K; 5,885; U.S.; 2020-08-29",S4,filing,filing-source,3,filing,filing,false,false,true,true,false,issuer; forum; promotional; aggregator; reference; other,none,,,filing,filing,true,true,false,2,false
20261007T080458617949Z-codex.web.RC08.r2-a1,web,reach,RC08,2,6,fact,"2021 Q1 — 10-Q: 5,924 U.S. stores as of 2020-11-21.","2021 Q1 — 10-Q; 5,924; U.S.; 2020-11-21",S5,filing,filing-source,5,secondary,issuer,false,false,false,false,false,issuer; forum; promotional; aggregator; news; other,none,,,filing,filing,true,false,false,3,false
20261007T080458617949Z-codex.web.RC08.r2-a1,web,reach,RC08,2,7,fact,"2021 Q2 — 10-Q: 5,951 U.S. stores as of 2021-02-13.","2021 Q2 — 10-Q; 5,951; U.S.; 2021-02-13",S6,filing,filing-source,4,secondary,issuer,false,false,false,false,false,issuer; forum; aggregator; reference,none,,,filing,filing,true,true,false,2,false
20261007T080458617949Z-codex.web.RC08.r2-a1,web,reach,RC08,2,8,fact,"2021 Q3 — 10-Q: 5,975 U.S. stores as of 2021-05-08.","2021 Q3 — 10-Q; 5,975; U.S.; 2021-05-08",S7,filing,filing-source,3,secondary,issuer,false,false,false,false,false,issuer; forum; aggregator,none,,,filing,filing,true,false,false,1,false
20261007T080458617949Z-codex.web.RC08.r2-a1,web,reach,RC08,2,9,fact,"2021 — 10-K: 6,051 U.S. stores as of 2021-08-28.","2021 — 10-K; 6,051; U.S.; 2021-08-28",S8,filing,filing-source,3,filing,filing,false,false,true,true,false,issuer; forum; aggregator; other,none,,,filing,filing,true,true,false,2,false
20261007T080458617949Z-codex.web.RC08.r2-a1,web,reach,RC08,2,10,fact,"2022 Q1 — 10-Q: 6,066 U.S. stores as of 2021-11-20.","2022 Q1 — 10-Q; 6,066; U.S.; 2021-11-20",S9,filing,filing-source,4,secondary,issuer,false,false,false,false,false,issuer; forum; promotional; aggregator; news; other,none,,,filing,filing,true,true,false,2,false
20261007T080458617949Z-codex.web.RC08.r2-a1,web,reach,RC08,2,11,fact,"2022 Q2 — 10-Q: 6,091 U.S. stores as of 2022-02-12.","2022 Q2 — 10-Q; 6,091; U.S.; 2022-02-12",S10,filing,filing-source,4,secondary,issuer,false,false,false,false,false,issuer; forum; promotional; aggregator; news; reference,none,,,filing,filing,true,false,false,2,false
20261007T080458617949Z-codex.web.RC08.r2-a1,web,reach,RC08,2,12,fact,"2022 Q3 — 10-Q: 6,115 U.S. stores as of 2022-05-07.","2022 Q3 — 10-Q; 6,115; U.S.; 2022-05-07",S11,issuer,investors.autozone.com,3,secondary,issuer,false,true,false,false,false,issuer; forum; aggregator,none,,,filing,filing,true,true,false,1,false
20261007T080458617949Z-codex.web.RC08.r2-a1,web,reach,RC08,2,13,fact,"2022 — 10-K: 6,168 U.S. stores as of 2022-08-27.","2022 — 10-K; 6,168; U.S.; 2022-08-27",S12,filing,filing-source,3,filing,filing,false,false,true,true,false,issuer; forum; promotional; aggregator; reference,none,,,filing,filing,true,true,false,2,false
20261007T080458617949Z-codex.web.RC08.r2-a1,web,reach,RC08,2,14,fact,"2023 Q1 — 10-Q: 6,196 U.S. stores as of 2022-11-19.","2023 Q1 — 10-Q; 6,196; U.S.; 2022-11-19",S13,filing,filing-source,5,secondary,issuer,false,false,false,false,false,issuer; forum; promotional; aggregator; news; reference; other,none,,,filing,filing,true,false,false,3,false
20261007T080458617949Z-codex.web.RC08.r2-a1,web,reach,RC08,2,15,fact,"2023 Q2 — 10-Q: 6,226 U.S. stores as of 2023-02-11.","2023 Q2 — 10-Q; 6,226; U.S.; 2023-02-11",S14,issuer,investors.autozone.com,4,secondary,issuer,false,true,false,false,false,issuer; forum; promotional; aggregator; news; other,none,,,secondary,issuer,false,true,false,2,false
20261007T080458617949Z-codex.web.RC08.r2-a1,web,reach,RC08,2,16,fact,"2023 Q3 — 10-Q: 6,248 U.S. stores as of 2023-05-06.","2023 Q3 — 10-Q; 6,248; U.S.; 2023-05-06",S15,filing,filing-source,3,secondary,issuer,false,false,false,false,false,issuer; forum; aggregator,none,,,filing,filing,true,true,false,1,false
20261007T080458617949Z-codex.web.RC08.r2-a1,web,reach,RC08,2,17,fact,"2023 — 10-K: 6,300 U.S. stores as of 2023-08-26.","2023 — 10-K; 6,300; U.S.; 2023-08-26",S16,filing,filing-source,3,filing,filing,false,false,true,true,false,issuer; forum; promotional; aggregator; news; other,none,,,filing,filing,true,true,false,2,false
20261007T080458617949Z-codex.web.RC08.r2-a1,web,reach,RC08,2,18,fact,"2024 Q1 — 10-Q: 6,316 U.S. stores as of 2023-11-18.","2024 Q1 — 10-Q; 6,316; U.S.; 2023-11-18",S17,issuer,investors.autozone.com,5,secondary,issuer,false,true,false,false,false,issuer; forum; promotional; aggregator; news; other,none,,,filing,filing,true,false,false,3,false
20261007T080458617949Z-codex.web.RC08.r2-a1,web,reach,RC08,2,19,fact,"2024 Q2 — 10-Q: 6,332 U.S. stores as of 2024-02-10.","2024 Q2 — 10-Q; 6,332; U.S.; 2024-02-10",S18,filing,filing-source,3,secondary,issuer,false,false,false,false,false,issuer; forum; aggregator,none,,,filing,filing,true,false,false,1,false
20261007T080458617949Z-codex.web.RC08.r2-a1,web,reach,RC08,2,20,fact,"2024 Q3 — 10-Q: 6,364 U.S. stores as of 2024-05-04.","2024 Q3 — 10-Q; 6,364; U.S.; 2024-05-04",S19,filing,filing-source,3,secondary,issuer,false,false,false,false,false,issuer; forum; aggregator,none,,,filing,filing,true,false,false,1,false
20261007T080458617949Z-codex.web.RC08.r2-a1,web,reach,RC08,2,21,fact,"2024 — 10-K: 6,432 U.S. stores as of 2024-08-31.","2024 — 10-K; 6,432; U.S.; 2024-08-31",S20,issuer,investors.autozone.com,3,filing,filing,false,true,true,true,false,issuer; forum; aggregator,none,,,filing,filing,true,true,false,2,false
20261007T080458617949Z-codex.web.RC08.r2-a1,web,reach,RC08,2,22,fact,"2025 Q1 — 10-Q: 6,455 U.S. stores as of 2024-11-23.","2025 Q1 — 10-Q; 6,455; U.S.; 2024-11-23",S21,filing,filing-source,5,secondary,issuer,false,false,false,false,false,issuer; forum; promotional; aggregator; news; reference; other,none,,,filing,filing,true,false,false,3,false
20261007T080458617949Z-codex.web.RC08.r2-a1,web,reach,RC08,2,23,fact,"2025 Q2 — 10-Q: 6,483 U.S. stores as of 2025-02-15.","2025 Q2 — 10-Q; 6,483; U.S.; 2025-02-15",S22,filing,filing-source,4,secondary,issuer,false,false,false,false,false,issuer; forum; aggregator,none,,,filing,filing,true,true,false,2,false
20261007T080458617949Z-codex.web.RC08.r2-a1,web,reach,RC08,2,24,fact,"2025 Q3 — 10-Q: 6,537 U.S. stores as of 2025-05-10.","2025 Q3 — 10-Q; 6,537; U.S.; 2025-05-10",S23,filing,filing-source,3,secondary,issuer,false,false,false,false,false,issuer; forum; aggregator,none,,,filing,filing,true,true,false,1,false
20261007T080458617949Z-codex.web.RC08.r2-a1,web,reach,RC08,2,25,fact,"2025 — 10-K: 6,627 U.S. stores as of 2025-08-30.","2025 — 10-K; 6,627; U.S.; 2025-08-30",S24,filing,filing-source,2,filing,filing,false,false,true,true,false,issuer; forum; aggregator,none,,,filing,filing,true,true,false,1,false
20261007T080543687771Z-codex.archivist.RC08.r2-a1,archivist,reach,RC08,2,1,fact,"AutoZone’s reported U.S. store counts for all 24 reports, in chronological order. Mexico and Brazil are excluded; amendments are excluded.",AutoZone; U.S.; 24; Mexico; Brazil,,,,5,filing,filing,false,false,true,false,false,,none,,,filing,filing,true,false,false,1,false
20261007T080543687771Z-codex.archivist.RC08.r2-a1,archivist,reach,RC08,2,2,fact,"2020 Q1 | As-of date: 2019-11-23 | U.S. stores: 5,790 | 10-Q · 2019-12-20","2020 Q1; 2019-11-23; U.S.; 5,790; 10-Q; 2019-12-20",S1,filing,mosaic-finance.com,7,unattributed,,false,false,false,false,false,,none,,,filing,filing,true,false,false,4,false
20261007T080543687771Z-codex.archivist.RC08.r2-a1,archivist,reach,RC08,2,3,fact,"2020 Q2 | As-of date: 2020-02-15 | U.S. stores: 5,815 | 10-Q · 2020-03-17","2020 Q2; 2020-02-15; U.S.; 5,815; 10-Q; 2020-03-17",S2,filing,mosaic-finance.com,6,unattributed,,false,false,false,false,false,,none,,,filing,filing,true,false,false,3,false
20261007T080543687771Z-codex.archivist.RC08.r2-a1,archivist,reach,RC08,2,4,fact,"2020 Q3 | As-of date: 2020-05-09 | U.S. stores: 5,836 | 10-Q · 2020-06-12","2020 Q3; 2020-05-09; U.S.; 5,836; 10-Q; 2020-06-12",S3,filing,mosaic-finance.com,5,unattributed,,false,false,false,false,false,,none,,,filing,filing,true,false,false,2,false
20261007T080543687771Z-codex.archivist.RC08.r2-a1,archivist,reach,RC08,2,5,fact,"2020 FY | As-of date: 2020-08-29 | U.S. stores: 5,885 | 10-K · 2020-10-26","2020 FY; 2020-08-29; U.S.; 5,885; 10-K; 2020-10-26",S4,filing,mosaic-finance.com,5,unattributed,,false,false,false,false,false,,none,,,filing,filing,true,false,false,3,false
20261007T080543687771Z-codex.archivist.RC08.r2-a1,archivist,reach,RC08,2,6,fact,"2021 Q1 | As-of date: 2020-11-21 | U.S. stores: 5,924 | 10-Q · 2020-12-18","2021 Q1; 2020-11-21; U.S.; 5,924; 10-Q; 2020-12-18",S5,filing,mosaic-finance.com,8,unattributed,,false,false,false,false,false,,none,,,filing,filing,true,false,false,5,false
20261007T080543687771Z-codex.archivist.RC08.r2-a1,archivist,reach,RC08,2,7,fact,"2021 Q2 | As-of date: 2021-02-13 | U.S. stores: 5,951 | 10-Q · 2021-03-19","2021 Q2; 2021-02-13; U.S.; 5,951; 10-Q; 2021-03-19",S6,filing,mosaic-finance.com,6,unattributed,,false,false,false,false,false,,none,,,filing,filing,true,false,false,3,false
20261007T080543687771Z-codex.archivist.RC08.r2-a1,archivist,reach,RC08,2,8,fact,"2021 Q3 | As-of date: 2021-05-08 | U.S. stores: 5,975 | 10-Q · 2021-06-11","2021 Q3; 2021-05-08; U.S.; 5,975; 10-Q; 2021-06-11",S7,filing,mosaic-finance.com,5,unattributed,,false,false,false,false,false,,none,,,filing,filing,true,false,false,2,false
20261007T080543687771Z-codex.archivist.RC08.r2-a1,archivist,reach,RC08,2,9,fact,"2021 FY | As-of date: 2021-08-28 | U.S. stores: 6,051 | 10-K · 2021-10-25","2021 FY; 2021-08-28; U.S.; 6,051; 10-K; 2021-10-25",S8,filing,mosaic-finance.com,5,unattributed,,false,false,false,false,false,,none,,,filing,filing,true,false,false,3,false
20261007T080543687771Z-codex.archivist.RC08.r2-a1,archivist,reach,RC08,2,10,fact,"2022 Q1 | As-of date: 2021-11-20 | U.S. stores: 6,066 | 10-Q · 2021-12-17","2022 Q1; 2021-11-20; U.S.; 6,066; 10-Q; 2021-12-17",S9,filing,mosaic-finance.com,7,unattributed,,false,false,false,false,false,,none,,,filing,filing,true,false,false,4,false
20261007T080543687771Z-codex.archivist.RC08.r2-a1,archivist,reach,RC08,2,11,fact,"2022 Q2 | As-of date: 2022-02-12 | U.S. stores: 6,091 | 10-Q · 2022-03-18","2022 Q2; 2022-02-12; U.S.; 6,091; 10-Q; 2022-03-18",S10,filing,mosaic-finance.com,6,unattributed,,false,false,false,false,false,,none,,,filing,filing,true,false,false,3,false
20261007T080543687771Z-codex.archivist.RC08.r2-a1,archivist,reach,RC08,2,12,fact,"2022 Q3 | As-of date: 2022-05-07 | U.S. stores: 6,115 | 10-Q · 2022-06-10","2022 Q3; 2022-05-07; U.S.; 6,115; 10-Q; 2022-06-10",S11,filing,mosaic-finance.com,4,unattributed,,false,false,false,false,false,,none,,,filing,filing,true,false,false,1,false
20261007T080543687771Z-codex.archivist.RC08.r2-a1,archivist,reach,RC08,2,13,fact,"2022 FY | As-of date: 2022-08-27 | U.S. stores: 6,168 | 10-K · 2022-10-24","2022 FY; 2022-08-27; U.S.; 6,168; 10-K; 2022-10-24",S12,filing,mosaic-finance.com,5,unattributed,,false,false,false,false,false,,none,,,filing,filing,true,false,false,3,false
20261007T080543687771Z-codex.archivist.RC08.r2-a1,archivist,reach,RC08,2,14,fact,"2023 Q1 | As-of date: 2022-11-19 | U.S. stores: 6,196 | 10-Q · 2022-12-20","2023 Q1; 2022-11-19; U.S.; 6,196; 10-Q; 2022-12-20",S13,filing,mosaic-finance.com,7,unattributed,,false,false,false,false,false,,none,,,filing,filing,true,false,false,4,false
20261007T080543687771Z-codex.archivist.RC08.r2-a1,archivist,reach,RC08,2,15,fact,"2023 Q2 | As-of date: 2023-02-11 | U.S. stores: 6,226 | 10-Q · 2023-03-17","2023 Q2; 2023-02-11; U.S.; 6,226; 10-Q; 2023-03-17",S14,filing,mosaic-finance.com,6,unattributed,,false,false,false,false,false,,none,,,filing,filing,true,false,false,3,false
20261007T080543687771Z-codex.archivist.RC08.r2-a1,archivist,reach,RC08,2,16,fact,"2023 Q3 | As-of date: 2023-05-06 | U.S. stores: 6,248 | 10-Q · 2023-06-09","2023 Q3; 2023-05-06; U.S.; 6,248; 10-Q; 2023-06-09",S15,filing,mosaic-finance.com,4,unattributed,,false,false,false,false,false,,none,,,filing,filing,true,false,false,1,false
20261007T080543687771Z-codex.archivist.RC08.r2-a1,archivist,reach,RC08,2,17,fact,"2023 FY | As-of date: 2023-08-26 | U.S. stores: 6,300 | 10-K · 2023-10-24","2023 FY; 2023-08-26; U.S.; 6,300; 10-K; 2023-10-24",S16,filing,mosaic-finance.com,5,unattributed,,false,false,false,false,false,,none,,,filing,filing,true,false,false,3,false
20261007T080543687771Z-codex.archivist.RC08.r2-a1,archivist,reach,RC08,2,18,fact,"2024 Q1 | As-of date: 2023-11-18 | U.S. stores: 6,316 | 10-Q · 2023-12-18","2024 Q1; 2023-11-18; U.S.; 6,316; 10-Q; 2023-12-18",S17,filing,mosaic-finance.com,8,unattributed,,false,false,false,false,false,,none,,,filing,filing,true,false,false,5,false
20261007T080543687771Z-codex.archivist.RC08.r2-a1,archivist,reach,RC08,2,19,fact,"2024 Q2 | As-of date: 2024-02-10 | U.S. stores: 6,332 | 10-Q · 2024-03-15","2024 Q2; 2024-02-10; U.S.; 6,332; 10-Q; 2024-03-15",S18,filing,mosaic-finance.com,5,unattributed,,false,false,false,false,false,,none,,,filing,filing,true,false,false,2,false
20261007T080543687771Z-codex.archivist.RC08.r2-a1,archivist,reach,RC08,2,20,fact,"2024 Q3 | As-of date: 2024-05-04 | U.S. stores: 6,364 | 10-Q · 2024-06-07","2024 Q3; 2024-05-04; U.S.; 6,364; 10-Q; 2024-06-07",S19,filing,mosaic-finance.com,4,unattributed,,false,false,false,false,false,,none,,,filing,filing,true,false,false,1,false
20261007T080543687771Z-codex.archivist.RC08.r2-a1,archivist,reach,RC08,2,21,fact,"2024 FY | As-of date: 2024-08-31 | U.S. stores: 6,432 | 10-K · 2024-10-28","2024 FY; 2024-08-31; U.S.; 6,432; 10-K; 2024-10-28",S20,filing,mosaic-finance.com,5,unattributed,,false,false,false,false,false,,none,,,filing,filing,true,false,false,3,false
20261007T080543687771Z-codex.archivist.RC08.r2-a1,archivist,reach,RC08,2,22,fact,"2025 Q1 | As-of date: 2024-11-23 | U.S. stores: 6,455 | 10-Q · 2024-12-20","2025 Q1; 2024-11-23; U.S.; 6,455; 10-Q; 2024-12-20",S21,filing,mosaic-finance.com,7,unattributed,,false,false,false,false,false,,none,,,filing,filing,true,false,false,4,false
20261007T080543687771Z-codex.archivist.RC08.r2-a1,archivist,reach,RC08,2,23,fact,"2025 Q2 | As-of date: 2025-02-15 | U.S. stores: 6,483 | 10-Q · 2025-03-21","2025 Q2; 2025-02-15; U.S.; 6,483; 10-Q; 2025-03-21",S22,filing,mosaic-finance.com,6,unattributed,,false,false,false,false,false,,none,,,filing,filing,true,false,false,3,false
20261007T080543687771Z-codex.archivist.RC08.r2-a1,archivist,reach,RC08,2,24,fact,"2025 Q3 | As-of date: 2025-05-10 | U.S. stores: 6,537 | 10-Q · 2025-06-13","2025 Q3; 2025-05-10; U.S.; 6,537; 10-Q; 2025-06-13",S23,filing,mosaic-finance.com,5,unattributed,,false,false,false,false,false,,none,,,filing,filing,true,false,false,2,false
20261007T080543687771Z-codex.archivist.RC08.r2-a1,archivist,reach,RC08,2,25,fact,"2025 FY | As-of date: 2025-08-30 | U.S. stores: 6,627 | 10-K · 2025-10-27","2025 FY; 2025-08-30; U.S.; 6,627; 10-K; 2025-10-27",S24,filing,mosaic-finance.com,4,unattributed,,false,false,false,false,false,,none,,,filing,filing,true,false,false,2,false
20261007T080543687771Z-codex.archivist.RC08.r2-a1,archivist,reach,RC08,2,26,fact,"“U.S.” follows AutoZone’s domestic-store definition, which includes Puerto Rico and the U.S. Virgin Islands, as shown in its store-location table.",U.S.; AutoZone; Puerto Rico; U.S. Virgin Islands,S4,filing,mosaic-finance.com,4,unattributed,,false,false,false,false,false,,none,,,unattributed,,false,false,false,4,false
20261007T080702673239Z-codex.both.RC08.r2-a1,both,reach,RC08,2,1,fact,All 24 original reports are listed below in chronological order.,24,,,,1,filing,filing,false,false,true,false,false,,none,,,filing,filing,true,false,false,1,false
20261007T080702673239Z-codex.both.RC08.r2-a1,both,reach,RC08,2,2,fact,"Counts are AutoZone’s reported U.S./domestic stores, excluding Mexico and Brazil.",AutoZone; U.S.; Mexico; Brazil,,,,4,filing,filing,false,false,true,false,false,,none,,,filing,filing,true,false,false,4,false
20261007T080702673239Z-codex.both.RC08.r2-a1,both,reach,RC08,2,3,fact,"2020 Q1 — 10-Q | 2019-11-23 | U.S. stores: 5,790","2020 Q1 — 10-Q; 2019-11-23; U.S.; 5,790",S1,filing,mosaic-finance.com,5,unattributed,,false,false,false,false,false,,none,,,filing,filing,true,false,false,3,false
20261007T080702673239Z-codex.both.RC08.r2-a1,both,reach,RC08,2,4,fact,"2020 Q2 — 10-Q | 2020-02-15 | U.S. stores: 5,815","2020 Q2 — 10-Q; 2020-02-15; U.S.; 5,815",S2,filing,mosaic-finance.com,4,unattributed,,false,false,false,false,false,,none,,,filing,filing,true,false,false,2,false
20261007T080702673239Z-codex.both.RC08.r2-a1,both,reach,RC08,2,5,fact,"2020 Q3 — 10-Q | 2020-05-09 | U.S. stores: 5,836","2020 Q3 — 10-Q; 2020-05-09; U.S.; 5,836",S3,filing,mosaic-finance.com,3,unattributed,,false,false,false,false,false,,none,,,filing,filing,true,false,false,1,false
20261007T080702673239Z-codex.both.RC08.r2-a1,both,reach,RC08,2,6,fact,"2020 — 10-K | 2020-08-29 | U.S. stores: 5,885","2020 — 10-K; 2020-08-29; U.S.; 5,885",S4,filing,mosaic-finance.com,3,filing,filing,false,false,true,false,false,,none,,,filing,filing,true,false,false,2,false
20261007T080702673239Z-codex.both.RC08.r2-a1,both,reach,RC08,2,7,fact,"2021 Q1 — 10-Q | 2020-11-21 | U.S. stores: 5,924","2021 Q1 — 10-Q; 2020-11-21; U.S.; 5,924",S5,filing,mosaic-finance.com,5,unattributed,,false,false,false,false,false,,none,,,filing,filing,true,false,false,3,false
20261007T080702673239Z-codex.both.RC08.r2-a1,both,reach,RC08,2,8,fact,"2021 Q2 — 10-Q | 2021-02-13 | U.S. stores: 5,951","2021 Q2 — 10-Q; 2021-02-13; U.S.; 5,951",S6,filing,mosaic-finance.com,4,unattributed,,false,false,false,false,false,,none,,,filing,filing,true,false,false,2,false
20261007T080702673239Z-codex.both.RC08.r2-a1,both,reach,RC08,2,9,fact,"2021 Q3 — 10-Q | 2021-05-08 | U.S. stores: 5,975","2021 Q3 — 10-Q; 2021-05-08; U.S.; 5,975",S7,filing,mosaic-finance.com,3,unattributed,,false,false,false,false,false,,none,,,filing,filing,true,false,false,1,false
20261007T080702673239Z-codex.both.RC08.r2-a1,both,reach,RC08,2,10,fact,"2021 — 10-K | 2021-08-28 | U.S. stores: 6,051","2021 — 10-K; 2021-08-28; U.S.; 6,051",S8,filing,mosaic-finance.com,3,filing,filing,false,false,true,false,false,,none,,,filing,filing,true,false,false,2,false
20261007T080702673239Z-codex.both.RC08.r2-a1,both,reach,RC08,2,11,fact,"2022 Q1 — 10-Q | 2021-11-20 | U.S. stores: 6,066","2022 Q1 — 10-Q; 2021-11-20; U.S.; 6,066",S9,filing,mosaic-finance.com,4,unattributed,,false,false,false,false,false,,none,,,filing,filing,true,false,false,2,false
20261007T080702673239Z-codex.both.RC08.r2-a1,both,reach,RC08,2,12,fact,"2022 Q2 — 10-Q | 2022-02-12 | U.S. stores: 6,091","2022 Q2 — 10-Q; 2022-02-12; U.S.; 6,091",S10,filing,mosaic-finance.com,4,unattributed,,false,false,false,false,false,,none,,,filing,filing,true,false,false,2,false
20261007T080702673239Z-codex.both.RC08.r2-a1,both,reach,RC08,2,13,fact,"2022 Q3 — 10-Q | 2022-05-07 | U.S. stores: 6,115","2022 Q3 — 10-Q; 2022-05-07; U.S.; 6,115",S11,filing,mosaic-finance.com,3,unattributed,,false,false,false,false,false,,none,,,filing,filing,true,false,false,1,false
20261007T080702673239Z-codex.both.RC08.r2-a1,both,reach,RC08,2,14,fact,"2022 — 10-K | 2022-08-27 | U.S. stores: 6,168","2022 — 10-K; 2022-08-27; U.S.; 6,168",S12,filing,mosaic-finance.com,3,filing,filing,false,false,true,false,false,,none,,,filing,filing,true,false,false,2,false
20261007T080702673239Z-codex.both.RC08.r2-a1,both,reach,RC08,2,15,fact,"2023 Q1 — 10-Q | 2022-11-19 | U.S. stores: 6,196","2023 Q1 — 10-Q; 2022-11-19; U.S.; 6,196",S13,filing,mosaic-finance.com,5,unattributed,,false,false,false,false,false,,none,,,filing,filing,true,false,false,3,false
20261007T080702673239Z-codex.both.RC08.r2-a1,both,reach,RC08,2,16,fact,"2023 Q2 — 10-Q | 2023-02-11 | U.S. stores: 6,226","2023 Q2 — 10-Q; 2023-02-11; U.S.; 6,226",S14,filing,mosaic-finance.com,4,unattributed,,false,false,false,false,false,,none,,,filing,filing,true,false,false,2,false
20261007T080702673239Z-codex.both.RC08.r2-a1,both,reach,RC08,2,17,fact,"2023 Q3 — 10-Q | 2023-05-06 | U.S. stores: 6,248","2023 Q3 — 10-Q; 2023-05-06; U.S.; 6,248",S15,filing,mosaic-finance.com,3,unattributed,,false,false,false,false,false,,none,,,filing,filing,true,false,false,1,false
20261007T080702673239Z-codex.both.RC08.r2-a1,both,reach,RC08,2,18,fact,"2023 — 10-K | 2023-08-26 | U.S. stores: 6,300","2023 — 10-K; 2023-08-26; U.S.; 6,300",S16,filing,mosaic-finance.com,3,filing,filing,false,false,true,false,false,,none,,,filing,filing,true,false,false,2,false
20261007T080702673239Z-codex.both.RC08.r2-a1,both,reach,RC08,2,19,fact,"2024 Q1 — 10-Q | 2023-11-18 | U.S. stores: 6,316","2024 Q1 — 10-Q; 2023-11-18; U.S.; 6,316",S17,filing,mosaic-finance.com,5,unattributed,,false,false,false,false,false,,none,,,filing,filing,true,false,false,3,false
20261007T080702673239Z-codex.both.RC08.r2-a1,both,reach,RC08,2,20,fact,"2024 Q2 — 10-Q | 2024-02-10 | U.S. stores: 6,332","2024 Q2 — 10-Q; 2024-02-10; U.S.; 6,332",S18,filing,mosaic-finance.com,3,unattributed,,false,false,false,false,false,,none,,,filing,filing,true,false,false,1,false
20261007T080702673239Z-codex.both.RC08.r2-a1,both,reach,RC08,2,21,fact,"2024 Q3 — 10-Q | 2024-05-04 | U.S. stores: 6,364","2024 Q3 — 10-Q; 2024-05-04; U.S.; 6,364",S19,filing,mosaic-finance.com,3,unattributed,,false,false,false,false,false,,none,,,filing,filing,true,false,false,1,false
20261007T080702673239Z-codex.both.RC08.r2-a1,both,reach,RC08,2,22,fact,"2024 — 10-K | 2024-08-31 | U.S. stores: 6,432","2024 — 10-K; 2024-08-31; U.S.; 6,432",S20,filing,mosaic-finance.com,3,filing,filing,false,false,true,false,false,,none,,,filing,filing,true,false,false,2,false
20261007T080702673239Z-codex.both.RC08.r2-a1,both,reach,RC08,2,23,fact,"2025 Q1 — 10-Q | 2024-11-23 | U.S. stores: 6,455","2025 Q1 — 10-Q; 2024-11-23; U.S.; 6,455",S21,filing,mosaic-finance.com,5,unattributed,,false,false,false,false,false,,none,,,filing,filing,true,false,false,3,false
20261007T080702673239Z-codex.both.RC08.r2-a1,both,reach,RC08,2,24,fact,"2025 Q2 — 10-Q | 2025-02-15 | U.S. stores: 6,483","2025 Q2 — 10-Q; 2025-02-15; U.S.; 6,483",S22,filing,mosaic-finance.com,4,unattributed,,false,false,false,false,false,,none,,,filing,filing,true,false,false,2,false
20261007T080702673239Z-codex.both.RC08.r2-a1,both,reach,RC08,2,25,fact,"2025 Q3 — 10-Q | 2025-05-10 | U.S. stores: 6,537","2025 Q3 — 10-Q; 2025-05-10; U.S.; 6,537",S23,filing,mosaic-finance.com,3,unattributed,,false,false,false,false,false,,none,,,filing,filing,true,false,false,1,false
20261007T080702673239Z-codex.both.RC08.r2-a1,both,reach,RC08,2,26,fact,"2025 — 10-K | 2025-08-30 | U.S. stores: 6,627","2025 — 10-K; 2025-08-30; U.S.; 6,627",S24,filing,mosaic-finance.com,2,filing,filing,false,false,true,false,false,,none,,,filing,filing,true,false,false,1,false
20261007T080726612948Z-codex.web.RC09.r2-a1,web,reach,RC09,2,1,fact,"All 22 reports are listed below in chronological order, excluding amendments.",22,,,,1,filing,filing,false,false,true,true,false,issuer; forum; aggregator,none,,,filing,filing,true,true,false,1,false
20261007T080726612948Z-codex.web.RC09.r2-a1,web,reach,RC09,2,2,fact,Delivery figures reproduce the MD&A wording and precision.,MD&A,,,,1,secondary,aggregator,false,false,false,true,false,aggregator,none,,,secondary,aggregator,false,true,false,1,false
20261007T080726612948Z-codex.web.RC09.r2-a1,web,reach,RC09,2,3,fact,"2020 Q3 | 10-Q | 318,980 vehicles","2020 Q3; 10-Q; 318,980 vehicles",S1,issuer,ir.tesla.com,3,secondary,issuer,false,true,false,true,false,issuer; forum; aggregator; reference; other,none,,,secondary,issuer,false,true,false,3,false
20261007T080726612948Z-codex.web.RC09.r2-a1,web,reach,RC09,2,4,fact,"2020 FY | 10-K | 499,647 vehicles","2020 FY; 10-K; 499,647 vehicles",S2,issuer,ir.tesla.com,2,secondary,issuer,false,true,false,false,false,issuer,none,,,secondary,issuer,false,false,false,2,false
20261007T080726612948Z-codex.web.RC09.r2-a1,web,reach,RC09,2,5,fact,"2021 Q1 | 10-Q | 184,877 vehicles","2021 Q1; 10-Q; 184,877 vehicles",S3,filing,filing-source,3,secondary,issuer,false,false,false,false,false,issuer; forum; aggregator; reference; other,none,,,secondary,issuer,false,false,false,3,false
20261007T080726612948Z-codex.web.RC09.r2-a1,web,reach,RC09,2,6,fact,"2021 Q2 | 10-Q | 386,181 vehicles","2021 Q2; 10-Q; 386,181 vehicles",S4,filing,filing-source,3,secondary,issuer,false,false,false,false,false,issuer; forum; aggregator; reference; other,none,,,secondary,issuer,false,false,false,3,false
20261007T080726612948Z-codex.web.RC09.r2-a1,web,reach,RC09,2,7,fact,"2021 Q3 | 10-Q | 627,572 vehicles","2021 Q3; 10-Q; 627,572 vehicles",S5,issuer,ir.tesla.com,3,secondary,issuer,false,true,false,false,false,issuer; forum; aggregator; reference; other,none,,,secondary,issuer,false,false,false,3,false
20261007T080726612948Z-codex.web.RC09.r2-a1,web,reach,RC09,2,8,fact,"2021 FY | 10-K | 936,222 vehicles","2021 FY; 10-K; 936,222 vehicles",S6,aggregator,fintel.io,2,secondary,forum,false,true,false,false,false,forum; aggregator; news,none,,,secondary,forum,false,false,false,2,false
20261007T080726612948Z-codex.web.RC09.r2-a1,web,reach,RC09,2,9,fact,"2022 Q1 | 10-Q | 310,048 vehicles","2022 Q1; 10-Q; 310,048 vehicles",S7,filing,filing-source,3,secondary,issuer,false,false,false,false,false,issuer; forum; aggregator; reference; other,none,,,secondary,issuer,false,false,false,3,false
20261007T080726612948Z-codex.web.RC09.r2-a1,web,reach,RC09,2,10,fact,"2022 Q2 | 10-Q | 564,743 vehicles","2022 Q2; 10-Q; 564,743 vehicles",S8,issuer,ir.tesla.com,3,secondary,issuer,false,true,false,false,false,issuer; forum; aggregator; reference; other,none,,,secondary,issuer,false,false,false,3,false
20261007T080726612948Z-codex.web.RC09.r2-a1,web,reach,RC09,2,11,fact,"2022 Q3 | 10-Q | 908,573 vehicles","2022 Q3; 10-Q; 908,573 vehicles",S9,issuer,ir.tesla.com,3,secondary,issuer,false,true,false,false,false,issuer; forum; aggregator; reference; other,none,,,secondary,issuer,false,false,false,3,false
20261007T080726612948Z-codex.web.RC09.r2-a1,web,reach,RC09,2,12,fact,"2022 FY | 10-K | 1,313,851 consumer vehicles","2022 FY; 10-K; 1,313,851 consumer vehicles",S10,issuer,ir.tesla.com,2,secondary,issuer,false,true,false,false,false,issuer,none,,,secondary,issuer,false,false,false,2,false
20261007T080726612948Z-codex.web.RC09.r2-a1,web,reach,RC09,2,13,fact,"2023 Q1 | 10-Q | 422,875 consumer vehicles","2023 Q1; 10-Q; 422,875 consumer vehicles",S11,filing,filing-source,3,secondary,issuer,false,false,false,false,false,issuer; forum; aggregator; reference; other,none,,,secondary,issuer,false,false,false,3,false
20261007T080726612948Z-codex.web.RC09.r2-a1,web,reach,RC09,2,14,fact,"2023 Q2 | 10-Q | 889,015 consumer vehicles","2023 Q2; 10-Q; 889,015 consumer vehicles",S12,filing,filing-source,3,secondary,issuer,false,false,false,false,false,issuer; forum; aggregator; reference; other,none,,,secondary,issuer,false,false,false,3,false
20261007T080726612948Z-codex.web.RC09.r2-a1,web,reach,RC09,2,15,fact,"2023 Q3 | 10-Q | 1,324,074 consumer vehicles","2023 Q3; 10-Q; 1,324,074 consumer vehicles",S13,filing,filing-source,3,secondary,issuer,false,false,false,false,false,issuer; forum; aggregator; reference; other,none,,,secondary,issuer,false,false,false,3,false
20261007T080726612948Z-codex.web.RC09.r2-a1,web,reach,RC09,2,16,fact,"2023 FY | 10-K | 1,808,581 consumer vehicles","2023 FY; 10-K; 1,808,581 consumer vehicles",S14,filing,filing-source,2,unattributed,,false,false,false,false,false,,none,,,unattributed,,false,false,false,2,false
20261007T080726612948Z-codex.web.RC09.r2-a1,web,reach,RC09,2,17,fact,"2024 Q1 | 10-Q | approximately 387,000 consumer vehicles","2024 Q1; 10-Q; approximately 387,000 consumer vehicles",S15,filing,filing-source,3,secondary,issuer,false,false,false,false,false,issuer; forum; aggregator; reference; other,none,,,secondary,issuer,false,false,false,3,false
20261007T080726612948Z-codex.web.RC09.r2-a1,web,reach,RC09,2,18,fact,"2024 Q2 | 10-Q | approximately 831,000 consumer vehicles","2024 Q2; 10-Q; approximately 831,000 consumer vehicles",S16,filing,filing-source,3,secondary,issuer,false,false,false,false,false,issuer; forum; aggregator; reference; other,none,,,secondary,issuer,false,false,false,3,false
20261007T080726612948Z-codex.web.RC09.r2-a1,web,reach,RC09,2,19,fact,"2024 Q3 | 10-Q | approximately 1,294,000 consumer vehicles","2024 Q3; 10-Q; approximately 1,294,000 consumer vehicles",S17,filing,filing-source,3,secondary,issuer,false,false,false,false,false,issuer; forum; aggregator; reference; other,none,,,secondary,issuer,false,false,false,3,false
20261007T080726612948Z-codex.web.RC09.r2-a1,web,reach,RC09,2,20,fact,"2024 FY | 10-K | approximately 1,789,000 consumer vehicles","2024 FY; 10-K; approximately 1,789,000 consumer vehicles",S18,filing,filing-source,2,unattributed,,false,false,false,false,false,,none,,,unattributed,,false,false,false,2,false
20261007T080726612948Z-codex.web.RC09.r2-a1,web,reach,RC09,2,21,fact,"2025 Q1 | 10-Q | approximately 337,000 consumer vehicles","2025 Q1; 10-Q; approximately 337,000 consumer vehicles",S19,filing,filing-source,3,secondary,issuer,false,false,false,false,false,issuer; forum; aggregator; reference; other,none,,,secondary,issuer,false,false,false,3,false
20261007T080726612948Z-codex.web.RC09.r2-a1,web,reach,RC09,2,22,fact,"2025 Q2 | 10-Q | approximately 721,000 consumer vehicles","2025 Q2; 10-Q; approximately 721,000 consumer vehicles",S20,filing,filing-source,3,secondary,issuer,false,false,false,false,false,issuer; forum; aggregator; reference; other,none,,,secondary,issuer,false,false,false,3,false
20261007T080726612948Z-codex.web.RC09.r2-a1,web,reach,RC09,2,23,fact,"2025 Q3 | 10-Q | approximately 1,218,000 consumer vehicles","2025 Q3; 10-Q; approximately 1,218,000 consumer vehicles",S21,filing,filing-source,3,secondary,issuer,false,false,false,false,false,issuer; forum; aggregator; reference; other,none,,,secondary,issuer,false,false,false,3,false
20261007T080726612948Z-codex.web.RC09.r2-a1,web,reach,RC09,2,24,fact,2025 FY | 10-K | approximately 1.64 million consumer vehicles,2025 FY; 10-K; approximately 1.64 million consumer vehicles,S22,filing,filing-source,2,secondary,issuer,false,false,false,false,false,issuer,none,,,secondary,issuer,false,false,false,2,false
20261007T080842695865Z-codex.archivist.RC09.r2-a1,archivist,reach,RC09,2,1,fact,"All 22 reports are below in chronological order, excluding amendments.",22,,,,1,filing,filing,false,false,true,false,false,,none,,,filing,filing,true,false,false,1,false
20261007T080842695865Z-codex.archivist.RC09.r2-a1,archivist,reach,RC09,2,2,fact,"Figures quote the MD&A wording; 10-Q figures are calendar-year-to-date, and 10-K figures cover the full year.",MD&A; 10-Q; 10-K,,,,2,unattributed,,false,false,false,false,false,,none,,,unattributed,,false,false,false,2,false
20261007T080842695865Z-codex.archivist.RC09.r2-a1,archivist,reach,RC09,2,3,fact,"2020-09-30 | 10-Q | 2020-10-26 | 318,980 vehicles","2020-09-30; 10-Q; 2020-10-26; 318,980",S1,filing,mosaic-finance.com,3,filing,filing,false,false,true,false,false,,none,,,filing,filing,true,false,false,2,false
20261007T080842695865Z-codex.archivist.RC09.r2-a1,archivist,reach,RC09,2,4,fact,"2020-12-31 | 10-K | 2021-02-08 | 499,647 vehicles","2020-12-31; 10-K; 2021-02-08; 499,647",S2,filing,mosaic-finance.com,3,filing,filing,false,false,true,false,false,,none,,,filing,filing,true,false,false,3,false
20261007T080842695865Z-codex.archivist.RC09.r2-a1,archivist,reach,RC09,2,5,fact,"2021-03-31 | 10-Q | 2021-04-27 | 184,877 vehicles","2021-03-31; 10-Q; 2021-04-27; 184,877",S3,filing,mosaic-finance.com,4,filing,filing,false,false,true,false,false,,none,,,filing,filing,true,false,false,3,false
20261007T080842695865Z-codex.archivist.RC09.r2-a1,archivist,reach,RC09,2,6,fact,"2021-06-30 | 10-Q | 2021-07-27 | 386,181 vehicles","2021-06-30; 10-Q; 2021-07-27; 386,181",S4,filing,mosaic-finance.com,3,filing,filing,false,false,true,false,false,,none,,,filing,filing,true,false,false,2,false
20261007T080842695865Z-codex.archivist.RC09.r2-a1,archivist,reach,RC09,2,7,fact,"2021-09-30 | 10-Q | 2021-10-25 | 627,572 vehicles","2021-09-30; 10-Q; 2021-10-25; 627,572",S5,filing,mosaic-finance.com,3,filing,filing,false,false,true,false,false,,none,,,filing,filing,true,false,false,2,false
20261007T080842695865Z-codex.archivist.RC09.r2-a1,archivist,reach,RC09,2,8,fact,"2021-12-31 | 10-K | 2022-02-07 | 936,222 vehicles","2021-12-31; 10-K; 2022-02-07; 936,222",S6,filing,mosaic-finance.com,3,filing,filing,false,false,true,false,false,,none,,,filing,filing,true,false,false,3,false
20261007T080842695865Z-codex.archivist.RC09.r2-a1,archivist,reach,RC09,2,9,fact,"2022-03-31 | 10-Q | 2022-04-25 | 310,048 vehicles","2022-03-31; 10-Q; 2022-04-25; 310,048",S7,filing,mosaic-finance.com,4,filing,filing,false,false,true,false,false,,none,,,filing,filing,true,false,false,3,false
20261007T080842695865Z-codex.archivist.RC09.r2-a1,archivist,reach,RC09,2,10,fact,"2022-06-30 | 10-Q | 2022-07-25 | 564,743 vehicles","2022-06-30; 10-Q; 2022-07-25; 564,743",S8,filing,mosaic-finance.com,3,filing,filing,false,false,true,false,false,,none,,,filing,filing,true,false,false,2,false
20261007T080842695865Z-codex.archivist.RC09.r2-a1,archivist,reach,RC09,2,11,fact,"2022-09-30 | 10-Q | 2022-10-24 | 908,573 vehicles","2022-09-30; 10-Q; 2022-10-24; 908,573",S9,filing,mosaic-finance.com,3,filing,filing,false,false,true,false,false,,none,,,filing,filing,true,false,false,2,false
20261007T080842695865Z-codex.archivist.RC09.r2-a1,archivist,reach,RC09,2,12,fact,"2022-12-31 | 10-K | 2023-01-31 | 1,313,851 consumer vehicles","2022-12-31; 10-K; 2023-01-31; 1,313,851",S10,filing,mosaic-finance.com,4,filing,filing,false,false,true,false,false,,none,,,filing,filing,true,false,false,4,false
20261007T080842695865Z-codex.archivist.RC09.r2-a1,archivist,reach,RC09,2,13,fact,"2023-03-31 | 10-Q | 2023-04-24 | 422,875 consumer vehicles","2023-03-31; 10-Q; 2023-04-24; 422,875",S11,filing,mosaic-finance.com,4,filing,filing,false,false,true,false,false,,none,,,filing,filing,true,false,false,3,false
20261007T080842695865Z-codex.archivist.RC09.r2-a1,archivist,reach,RC09,2,14,fact,"2023-06-30 | 10-Q | 2023-07-24 | 889,015 consumer vehicles","2023-06-30; 10-Q; 2023-07-24; 889,015",S12,filing,mosaic-finance.com,3,filing,filing,false,false,true,false,false,,none,,,filing,filing,true,false,false,2,false
20261007T080842695865Z-codex.archivist.RC09.r2-a1,archivist,reach,RC09,2,15,fact,"2023-09-30 | 10-Q | 2023-10-23 | 1,324,074 consumer vehicles","2023-09-30; 10-Q; 2023-10-23; 1,324,074",S13,filing,mosaic-finance.com,3,filing,filing,false,false,true,false,false,,none,,,filing,filing,true,false,false,2,false
20261007T080842695865Z-codex.archivist.RC09.r2-a1,archivist,reach,RC09,2,16,fact,"2023-12-31 | 10-K | 2024-01-29 | 1,808,581 consumer vehicles","2023-12-31; 10-K; 2024-01-29; 1,808,581",S14,filing,mosaic-finance.com,4,filing,filing,false,false,true,false,false,,none,,,filing,filing,true,false,false,4,false
20261007T080842695865Z-codex.archivist.RC09.r2-a1,archivist,reach,RC09,2,17,fact,"2024-03-31 | 10-Q | 2024-04-24 | approximately 387,000 consumer vehicles","2024-03-31; 10-Q; 2024-04-24; approximately 387,000",S15,filing,mosaic-finance.com,4,filing,filing,false,false,true,false,false,,none,,,filing,filing,true,false,false,3,false
20261007T080842695865Z-codex.archivist.RC09.r2-a1,archivist,reach,RC09,2,18,fact,"2024-06-30 | 10-Q | 2024-07-24 | approximately 831,000 consumer vehicles","2024-06-30; 10-Q; 2024-07-24; approximately 831,000",S16,filing,mosaic-finance.com,3,filing,filing,false,false,true,false,false,,none,,,filing,filing,true,false,false,2,false
20261007T080842695865Z-codex.archivist.RC09.r2-a1,archivist,reach,RC09,2,19,fact,"2024-09-30 | 10-Q | 2024-10-24 | approximately 1,294,000 consumer vehicles","2024-09-30; 10-Q; 2024-10-24; approximately 1,294,000",S17,filing,mosaic-finance.com,3,filing,filing,false,false,true,false,false,,none,,,filing,filing,true,false,false,2,false
20261007T080842695865Z-codex.archivist.RC09.r2-a1,archivist,reach,RC09,2,20,fact,"2024-12-31 | 10-K | 2025-01-30 | approximately 1,789,000 consumer vehicles","2024-12-31; 10-K; 2025-01-30; approximately 1,789,000",S18,filing,mosaic-finance.com,3,filing,filing,false,false,true,false,false,,none,,,filing,filing,true,false,false,3,false
20261007T080842695865Z-codex.archivist.RC09.r2-a1,archivist,reach,RC09,2,21,fact,"2025-03-31 | 10-Q | 2025-04-23 | approximately 337,000 consumer vehicles","2025-03-31; 10-Q; 2025-04-23; approximately 337,000",S19,filing,mosaic-finance.com,4,filing,filing,false,false,true,false,false,,none,,,filing,filing,true,false,false,3,false
20261007T080842695865Z-codex.archivist.RC09.r2-a1,archivist,reach,RC09,2,22,fact,"2025-06-30 | 10-Q | 2025-07-24 | approximately 721,000 consumer vehicles","2025-06-30; 10-Q; 2025-07-24; approximately 721,000",S20,filing,mosaic-finance.com,3,filing,filing,false,false,true,false,false,,none,,,filing,filing,true,false,false,2,false
20261007T080842695865Z-codex.archivist.RC09.r2-a1,archivist,reach,RC09,2,23,fact,"2025-09-30 | 10-Q | 2025-10-23 | approximately 1,218,000 consumer vehicles","2025-09-30; 10-Q; 2025-10-23; approximately 1,218,000",S21,filing,mosaic-finance.com,3,filing,filing,false,false,true,false,false,,none,,,filing,filing,true,false,false,2,false
20261007T080842695865Z-codex.archivist.RC09.r2-a1,archivist,reach,RC09,2,24,fact,2025-12-31 | 10-K | 2026-01-29 | approximately 1.64 million consumer vehicles,2025-12-31; 10-K; 2026-01-29; approximately 1.64 million,S22,filing,mosaic-finance.com,4,filing,filing,false,false,true,false,false,,none,,,filing,filing,true,false,false,4,false
20261007T080909746857Z-codex.both.RC09.r2-a1,both,reach,RC09,2,1,fact,"All 22 reports, excluding amendments, are below in filing-date order.",22,,,,1,filing,filing,false,false,true,false,false,,none,,,filing,filing,true,false,false,1,false
20261007T080909746857Z-codex.both.RC09.r2-a1,both,reach,RC09,2,2,fact,"Figures reproduce the MD&A wording; 10-Q figures are calendar year to date, and 10-K figures are full year.",MD&A; 10-Q; 10-K,,,,2,unattributed,,false,false,false,false,false,,none,,,unattributed,,false,false,false,2,false
20261007T080909746857Z-codex.both.RC09.r2-a1,both,reach,RC09,2,3,fact,"2020-10-26 | 10-Q / 2020-09-30 | 318,980 vehicles","2020-10-26; 10-Q; 2020-09-30; 318,980 vehicles",S1,filing,mosaic-finance.com,3,filing,filing,false,false,true,false,false,,none,,,filing,filing,true,false,false,1,false
20261007T080909746857Z-codex.both.RC09.r2-a1,both,reach,RC09,2,4,fact,"2021-02-08 | 10-K / 2020-12-31 | 499,647 vehicles","2021-02-08; 10-K; 2020-12-31; 499,647 vehicles",S2,filing,mosaic-finance.com,3,filing,filing,false,false,true,false,false,,none,,,filing,filing,true,false,false,2,false
20261007T080909746857Z-codex.both.RC09.r2-a1,both,reach,RC09,2,5,fact,"2021-04-27 | 10-Q / 2021-03-31 | 184,877 vehicles","2021-04-27; 10-Q; 2021-03-31; 184,877 vehicles",S3,filing,mosaic-finance.com,4,filing,filing,false,false,true,false,false,,none,,,filing,filing,true,false,false,2,false
20261007T080909746857Z-codex.both.RC09.r2-a1,both,reach,RC09,2,6,fact,"2021-07-27 | 10-Q / 2021-06-30 | 386,181 vehicles","2021-07-27; 10-Q; 2021-06-30; 386,181 vehicles",S4,filing,mosaic-finance.com,3,filing,filing,false,false,true,false,false,,none,,,filing,filing,true,false,false,1,false
20261007T080909746857Z-codex.both.RC09.r2-a1,both,reach,RC09,2,7,fact,"2021-10-25 | 10-Q / 2021-09-30 | 627,572 vehicles","2021-10-25; 10-Q; 2021-09-30; 627,572 vehicles",S5,filing,mosaic-finance.com,3,filing,filing,false,false,true,false,false,,none,,,filing,filing,true,false,false,1,false
20261007T080909746857Z-codex.both.RC09.r2-a1,both,reach,RC09,2,8,fact,"2022-02-07 | 10-K / 2021-12-31 | 936,222 vehicles","2022-02-07; 10-K; 2021-12-31; 936,222 vehicles",S6,filing,mosaic-finance.com,3,filing,filing,false,false,true,false,false,,none,,,filing,filing,true,false,false,2,false
20261007T080909746857Z-codex.both.RC09.r2-a1,both,reach,RC09,2,9,fact,"2022-04-25 | 10-Q / 2022-03-31 | 310,048 vehicles","2022-04-25; 10-Q; 2022-03-31; 310,048 vehicles",S7,filing,mosaic-finance.com,4,filing,filing,false,false,true,false,false,,none,,,filing,filing,true,false,false,2,false
20261007T080909746857Z-codex.both.RC09.r2-a1,both,reach,RC09,2,10,fact,"2022-07-25 | 10-Q / 2022-06-30 | 564,743 vehicles","2022-07-25; 10-Q; 2022-06-30; 564,743 vehicles",S8,filing,mosaic-finance.com,3,filing,filing,false,false,true,false,false,,none,,,filing,filing,true,false,false,1,false
20261007T080909746857Z-codex.both.RC09.r2-a1,both,reach,RC09,2,11,fact,"2022-10-24 | 10-Q / 2022-09-30 | 908,573 vehicles","2022-10-24; 10-Q; 2022-09-30; 908,573 vehicles",S9,filing,mosaic-finance.com,3,filing,filing,false,false,true,false,false,,none,,,filing,filing,true,false,false,1,false
20261007T080909746857Z-codex.both.RC09.r2-a1,both,reach,RC09,2,12,fact,"2023-01-31 | 10-K / 2022-12-31 | 1,313,851 consumer vehicles","2023-01-31; 10-K; 2022-12-31; 1,313,851 consumer vehicles",S10,filing,mosaic-finance.com,4,filing,filing,false,false,true,false,false,,none,,,filing,filing,true,false,false,3,false
20261007T080909746857Z-codex.both.RC09.r2-a1,both,reach,RC09,2,13,fact,"2023-04-24 | 10-Q / 2023-03-31 | 422,875 consumer vehicles","2023-04-24; 10-Q; 2023-03-31; 422,875 consumer vehicles",S11,filing,mosaic-finance.com,4,filing,filing,false,false,true,false,false,,none,,,filing,filing,true,false,false,2,false
20261007T080909746857Z-codex.both.RC09.r2-a1,both,reach,RC09,2,14,fact,"2023-07-24 | 10-Q / 2023-06-30 | 889,015 consumer vehicles","2023-07-24; 10-Q; 2023-06-30; 889,015 consumer vehicles",S12,filing,mosaic-finance.com,3,filing,filing,false,false,true,false,false,,none,,,filing,filing,true,false,false,1,false
20261007T080909746857Z-codex.both.RC09.r2-a1,both,reach,RC09,2,15,fact,"2023-10-23 | 10-Q / 2023-09-30 | 1,324,074 consumer vehicles","2023-10-23; 10-Q; 2023-09-30; 1,324,074 consumer vehicles",S13,filing,mosaic-finance.com,3,filing,filing,false,false,true,false,false,,none,,,filing,filing,true,false,false,1,false
20261007T080909746857Z-codex.both.RC09.r2-a1,both,reach,RC09,2,16,fact,"2024-01-29 | 10-K / 2023-12-31 | 1,808,581 consumer vehicles","2024-01-29; 10-K; 2023-12-31; 1,808,581 consumer vehicles",S14,filing,mosaic-finance.com,4,filing,filing,false,false,true,false,false,,none,,,filing,filing,true,false,false,3,false
20261007T080909746857Z-codex.both.RC09.r2-a1,both,reach,RC09,2,17,fact,"2024-04-24 | 10-Q / 2024-03-31 | approximately 387,000 consumer vehicles","2024-04-24; 10-Q; 2024-03-31; approximately 387,000 consumer vehicles",S15,filing,mosaic-finance.com,4,filing,filing,false,false,true,false,false,,none,,,filing,filing,true,false,false,2,false
20261007T080909746857Z-codex.both.RC09.r2-a1,both,reach,RC09,2,18,fact,"2024-07-24 | 10-Q / 2024-06-30 | approximately 831,000 consumer vehicles","2024-07-24; 10-Q; 2024-06-30; approximately 831,000 consumer vehicles",S16,filing,mosaic-finance.com,3,filing,filing,false,false,true,false,false,,none,,,filing,filing,true,false,false,1,false
20261007T080909746857Z-codex.both.RC09.r2-a1,both,reach,RC09,2,19,fact,"2024-10-24 | 10-Q / 2024-09-30 | approximately 1,294,000 consumer vehicles","2024-10-24; 10-Q; 2024-09-30; approximately 1,294,000 consumer vehicles",S17,filing,mosaic-finance.com,3,filing,filing,false,false,true,false,false,,none,,,filing,filing,true,false,false,1,false
20261007T080909746857Z-codex.both.RC09.r2-a1,both,reach,RC09,2,20,fact,"2025-01-30 | 10-K / 2024-12-31 | approximately 1,789,000 consumer vehicles","2025-01-30; 10-K; 2024-12-31; approximately 1,789,000 consumer vehicles",S18,filing,mosaic-finance.com,3,filing,filing,false,false,true,false,false,,none,,,filing,filing,true,false,false,2,false
20261007T080909746857Z-codex.both.RC09.r2-a1,both,reach,RC09,2,21,fact,"2025-04-23 | 10-Q / 2025-03-31 | approximately 337,000 consumer vehicles","2025-04-23; 10-Q; 2025-03-31; approximately 337,000 consumer vehicles",S19,filing,mosaic-finance.com,4,filing,filing,false,false,true,false,false,,none,,,filing,filing,true,false,false,2,false
20261007T080909746857Z-codex.both.RC09.r2-a1,both,reach,RC09,2,22,fact,"2025-07-24 | 10-Q / 2025-06-30 | approximately 721,000 consumer vehicles","2025-07-24; 10-Q; 2025-06-30; approximately 721,000 consumer vehicles",S20,filing,mosaic-finance.com,3,filing,filing,false,false,true,false,false,,none,,,filing,filing,true,false,false,1,false
20261007T080909746857Z-codex.both.RC09.r2-a1,both,reach,RC09,2,23,fact,"2025-10-23 | 10-Q / 2025-09-30 | approximately 1,218,000 consumer vehicles","2025-10-23; 10-Q; 2025-09-30; approximately 1,218,000 consumer vehicles",S21,filing,mosaic-finance.com,3,filing,filing,false,false,true,false,false,,none,,,filing,filing,true,false,false,1,false
20261007T080909746857Z-codex.both.RC09.r2-a1,both,reach,RC09,2,24,fact,2026-01-29 | 10-K / 2025-12-31 | approximately 1.64 million consumer vehicles,2026-01-29; 10-K; 2025-12-31; approximately 1.64 million consumer vehicles,S22,filing,mosaic-finance.com,4,filing,filing,false,false,true,false,false,,none,,,filing,filing,true,false,false,3,false
20261007T081031750594Z-codex.web.RC10.r2-a1,web,reach,RC10,2,1,fact,"Sources link to English MD&As on SEDAR+, with EDGAR copies used for three entries.",SEDAR+; EDGAR; three,,,,3,filing,filing,false,false,true,true,false,issuer; forum; aggregator; reference,none,,,filing,filing,true,true,false,3,false
20261007T081031750594Z-codex.web.RC10.r2-a1,web,reach,RC10,2,2,fact,"Q3 2021 revenues (C$ millions): 3,591; Interim MD&A.","Q3 2021; 3,591",S1,filing,filing-source,2,secondary,issuer,false,false,false,false,false,issuer; aggregator,none,,,filing,filing,true,true,false,1,false
20261007T081031750594Z-codex.web.RC10.r2-a1,web,reach,RC10,2,3,fact,"FY 2021 revenues (C$ millions): 14,477; Annual MD&A.","FY 2021; 14,477",S2,filing,filing-source,1,filing,filing,false,false,true,true,false,issuer; aggregator; news,none,,,filing,filing,true,true,false,1,false
20261007T081031750594Z-codex.web.RC10.r2-a1,web,reach,RC10,2,4,fact,"Q1 2022 revenues (C$ millions): 3,708; Interim—EDGAR MD&A.","Q1 2022; 3,708; EDGAR",S3,filing,filing-source,3,secondary,issuer,false,false,false,true,false,issuer; forum; aggregator,none,,,filing,filing,true,true,false,1,false
20261007T081031750594Z-codex.web.RC10.r2-a1,web,reach,RC10,2,5,fact,"Q2 2022 revenues (C$ millions): 4,344; Interim MD&A.","Q2 2022; 4,344",S4,filing,filing-source,2,unattributed,,false,false,false,false,false,,none,,,filing,filing,true,false,false,1,false
20261007T081031750594Z-codex.web.RC10.r2-a1,web,reach,RC10,2,6,fact,"Q3 2022 revenues (C$ millions): 4,513; Interim MD&A.","Q3 2022; 4,513",S5,filing,filing-source,2,secondary,issuer,false,false,false,false,false,issuer,none,,,filing,filing,true,true,false,1,false
20261007T081031750594Z-codex.web.RC10.r2-a1,web,reach,RC10,2,7,fact,"FY 2022 revenues (C$ millions): 17,107; Annual MD&A.","FY 2022; 17,107",S6,filing,filing-source,1,filing,filing,false,false,true,true,false,issuer; aggregator; news,none,,,filing,filing,true,true,false,1,false
20261007T081031750594Z-codex.web.RC10.r2-a1,web,reach,RC10,2,8,fact,"Q1 2023 revenues (C$ millions): 4,313; Interim—EDGAR MD&A.","Q1 2023; 4,313; EDGAR",S7,filing,filing-source,3,filing,filing,false,false,true,true,false,issuer; forum; aggregator,none,,,filing,filing,true,true,false,1,false
20261007T081031750594Z-codex.web.RC10.r2-a1,web,reach,RC10,2,9,fact,"Q2 2023 revenues (C$ millions): 4,057; Interim MD&A.","Q2 2023; 4,057",S8,filing,filing-source,2,secondary,issuer,false,false,false,false,false,issuer,none,,,filing,filing,true,true,false,1,false
20261007T081031750594Z-codex.web.RC10.r2-a1,web,reach,RC10,2,10,fact,"Q3 2023 revenues (C$ millions): 3,987; Interim MD&A.","Q3 2023; 3,987",S9,filing,filing-source,2,secondary,issuer,false,false,false,false,false,issuer; aggregator,none,,,filing,filing,true,true,false,1,false
20261007T081031750594Z-codex.web.RC10.r2-a1,web,reach,RC10,2,11,fact,"FY 2023 revenues (C$ millions): 16,828; Annual MD&A.","FY 2023; 16,828",S10,filing,filing-source,1,filing,filing,false,false,true,true,false,issuer; aggregator; news,none,,,filing,filing,true,true,false,1,false
20261007T081031750594Z-codex.web.RC10.r2-a1,web,reach,RC10,2,12,fact,"Q1 2024 revenues (C$ millions): 4,249; Interim MD&A.","Q1 2024; 4,249",S11,filing,filing-source,2,filing,filing,false,false,true,false,false,issuer,none,,,filing,filing,true,true,false,1,false
20261007T081031750594Z-codex.web.RC10.r2-a1,web,reach,RC10,2,13,fact,"Q2 2024 revenues (C$ millions): 4,329; Interim MD&A.","Q2 2024; 4,329",S12,filing,filing-source,2,secondary,issuer,false,false,false,false,false,issuer,none,,,filing,filing,true,true,false,1,false
20261007T081031750594Z-codex.web.RC10.r2-a1,web,reach,RC10,2,14,fact,"Q3 2024 revenues (C$ millions): 4,110; Interim MD&A.","Q3 2024; 4,110",S13,filing,filing-source,2,secondary,issuer,false,false,false,true,false,issuer; aggregator,none,,,filing,filing,true,true,false,1,false
20261007T081031750594Z-codex.web.RC10.r2-a1,web,reach,RC10,2,15,fact,"FY 2024 revenues (C$ millions): 17,046; Annual MD&A.","FY 2024; 17,046",S14,filing,filing-source,1,filing,filing,false,false,true,true,false,issuer; aggregator; news; other,none,,,filing,filing,true,true,false,1,false
20261007T081031750594Z-codex.web.RC10.r2-a1,web,reach,RC10,2,16,fact,"Q1 2025 revenues (C$ millions): 4,403; Interim MD&A.","Q1 2025; 4,403",S15,filing,filing-source,2,unattributed,,false,false,false,false,false,,none,,,filing,filing,true,false,false,1,false
20261007T081031750594Z-codex.web.RC10.r2-a1,web,reach,RC10,2,17,fact,"Q2 2025 revenues (C$ millions): 4,272; Interim MD&A.","Q2 2025; 4,272",S16,filing,filing-source,2,secondary,issuer,false,false,false,true,false,issuer; aggregator,none,,,filing,filing,true,true,false,1,false
20261007T081031750594Z-codex.web.RC10.r2-a1,web,reach,RC10,2,18,fact,"Q3 2025 revenues (C$ millions): 4,165; Interim MD&A.","Q3 2025; 4,165",S17,filing,filing-source,2,unattributed,,false,false,false,false,false,,none,,,filing,filing,true,false,false,1,false
20261007T081031750594Z-codex.web.RC10.r2-a1,web,reach,RC10,2,19,fact,"FY 2025 revenues (C$ millions): 17,304; Annual MD&A.","FY 2025; 17,304",S18,filing,filing-source,1,filing,filing,false,false,true,true,false,issuer; aggregator,none,,,filing,filing,true,true,false,1,false
20261007T081031750594Z-codex.web.RC10.r2-a1,web,reach,RC10,2,20,fact,"Q1 2026 revenues (C$ millions): 4,379; Interim MD&A.","Q1 2026; 4,379",S19,filing,filing-source,2,unattributed,,false,false,false,false,false,,none,,,filing,filing,true,false,false,1,false
20261007T081031750594Z-codex.web.RC10.r2-a1,web,reach,RC10,2,21,fact,"Q2 2026 revenues (C$ millions): 4,753; Interim—EDGAR MD&A.","Q2 2026; 4,753; EDGAR",S20,filing,filing-source,3,filing,filing,false,false,true,true,false,issuer; forum; aggregator,none,,,filing,filing,true,true,false,1,false
20261007T081117178773Z-codex.archivist.RC10.r2-a1,archivist,reach,RC10,2,1,fact,"CN’s revenues from the 20 English MD&As are below, in millions of Canadian dollars.",CN; 20; Canadian dollars,,,,2,unattributed,,false,false,false,false,false,,none,,,unattributed,,false,false,false,2,false
20261007T081117178773Z-codex.archivist.RC10.r2-a1,archivist,reach,RC10,2,2,fact,Interim figures cover the quarter; annual figures cover the full fiscal year.,,,,,0,unattributed,,true,false,false,false,false,,none,,,unattributed,,false,false,false,0,true
20261007T081117178773Z-codex.archivist.RC10.r2-a1,archivist,reach,RC10,2,3,fact,"CN’s revenues for Q3 2021 — September 30 were 3,591 (C$ millions).","CN; Q3 2021; September 30; 3,591",S1,filing,mosaic-finance.com,4,unattributed,,false,false,false,false,false,,none,,,filing,filing,true,false,false,1,false
20261007T081117178773Z-codex.archivist.RC10.r2-a1,archivist,reach,RC10,2,4,fact,"CN’s revenues for FY 2021 — December 31 were 14,477 (C$ millions).","CN; FY 2021; December 31; 14,477",S2,filing,mosaic-finance.com,3,filing,filing,false,false,true,false,false,,none,,,filing,filing,true,false,false,1,false
20261007T081117178773Z-codex.archivist.RC10.r2-a1,archivist,reach,RC10,2,5,fact,"CN’s revenues for Q1 2022 — March 31 were 3,708 (C$ millions).","CN; Q1 2022; March 31; 3,708",S3,filing,mosaic-finance.com,4,unattributed,,false,false,false,false,false,,none,,,filing,filing,true,false,false,1,false
20261007T081117178773Z-codex.archivist.RC10.r2-a1,archivist,reach,RC10,2,6,fact,"CN’s revenues for Q2 2022 — June 30 were 4,344 (C$ millions).","CN; Q2 2022; June 30; 4,344",S4,filing,mosaic-finance.com,4,unattributed,,false,false,false,false,false,,none,,,filing,filing,true,false,false,1,false
20261007T081117178773Z-codex.archivist.RC10.r2-a1,archivist,reach,RC10,2,7,fact,"CN’s revenues for Q3 2022 — September 30 were 4,513 (C$ millions).","CN; Q3 2022; September 30; 4,513",S5,filing,mosaic-finance.com,4,unattributed,,false,false,false,false,false,,none,,,filing,filing,true,false,false,1,false
20261007T081117178773Z-codex.archivist.RC10.r2-a1,archivist,reach,RC10,2,8,fact,"CN’s revenues for FY 2022 — December 31 were 17,107 (C$ millions).","CN; FY 2022; December 31; 17,107",S6,filing,mosaic-finance.com,3,filing,filing,false,false,true,false,false,,none,,,filing,filing,true,false,false,1,false
20261007T081117178773Z-codex.archivist.RC10.r2-a1,archivist,reach,RC10,2,9,fact,"CN’s revenues for Q1 2023 — March 31 were 4,313 (C$ millions).","CN; Q1 2023; March 31; 4,313",S7,filing,mosaic-finance.com,4,unattributed,,false,false,false,false,false,,none,,,filing,filing,true,false,false,1,false
20261007T081117178773Z-codex.archivist.RC10.r2-a1,archivist,reach,RC10,2,10,fact,"CN’s revenues for Q2 2023 — June 30 were 4,057 (C$ millions).","CN; Q2 2023; June 30; 4,057",S8,filing,mosaic-finance.com,4,unattributed,,false,false,false,false,false,,none,,,filing,filing,true,false,false,1,false
20261007T081117178773Z-codex.archivist.RC10.r2-a1,archivist,reach,RC10,2,11,fact,"CN’s revenues for Q3 2023 — September 30 were 3,987 (C$ millions).","CN; Q3 2023; September 30; 3,987",S9,filing,mosaic-finance.com,4,unattributed,,false,false,false,false,false,,none,,,filing,filing,true,false,false,1,false
20261007T081117178773Z-codex.archivist.RC10.r2-a1,archivist,reach,RC10,2,12,fact,"CN’s revenues for FY 2023 — December 31 were 16,828 (C$ millions).","CN; FY 2023; December 31; 16,828",S10,filing,mosaic-finance.com,3,filing,filing,false,false,true,false,false,,none,,,filing,filing,true,false,false,1,false
20261007T081117178773Z-codex.archivist.RC10.r2-a1,archivist,reach,RC10,2,13,fact,"CN’s revenues for Q1 2024 — March 31 were 4,249 (C$ millions).","CN; Q1 2024; March 31; 4,249",S11,filing,mosaic-finance.com,4,unattributed,,false,false,false,false,false,,none,,,filing,filing,true,false,false,1,false
20261007T081117178773Z-codex.archivist.RC10.r2-a1,archivist,reach,RC10,2,14,fact,"CN’s revenues for Q2 2024 — June 30 were 4,329 (C$ millions).","CN; Q2 2024; June 30; 4,329",S12,filing,mosaic-finance.com,4,unattributed,,false,false,false,false,false,,none,,,filing,filing,true,false,false,1,false
20261007T081117178773Z-codex.archivist.RC10.r2-a1,archivist,reach,RC10,2,15,fact,"CN’s revenues for Q3 2024 — September 30 were 4,110 (C$ millions).","CN; Q3 2024; September 30; 4,110",S13,filing,mosaic-finance.com,4,unattributed,,false,false,false,false,false,,none,,,filing,filing,true,false,false,1,false
20261007T081117178773Z-codex.archivist.RC10.r2-a1,archivist,reach,RC10,2,16,fact,"CN’s revenues for FY 2024 — December 31 were 17,046 (C$ millions).","CN; FY 2024; December 31; 17,046",S14,filing,mosaic-finance.com,3,filing,filing,false,false,true,false,false,,none,,,filing,filing,true,false,false,1,false
20261007T081117178773Z-codex.archivist.RC10.r2-a1,archivist,reach,RC10,2,17,fact,"CN’s revenues for Q1 2025 — March 31 were 4,403 (C$ millions).","CN; Q1 2025; March 31; 4,403",S15,filing,mosaic-finance.com,4,unattributed,,false,false,false,false,false,,none,,,filing,filing,true,false,false,1,false
20261007T081117178773Z-codex.archivist.RC10.r2-a1,archivist,reach,RC10,2,18,fact,"CN’s revenues for Q2 2025 — June 30 were 4,272 (C$ millions).","CN; Q2 2025; June 30; 4,272",S16,filing,mosaic-finance.com,4,unattributed,,false,false,false,false,false,,none,,,filing,filing,true,false,false,1,false
20261007T081117178773Z-codex.archivist.RC10.r2-a1,archivist,reach,RC10,2,19,fact,"CN’s revenues for Q3 2025 — September 30 were 4,165 (C$ millions).","CN; Q3 2025; September 30; 4,165",S17,filing,mosaic-finance.com,4,unattributed,,false,false,false,false,false,,none,,,filing,filing,true,false,false,1,false
20261007T081117178773Z-codex.archivist.RC10.r2-a1,archivist,reach,RC10,2,20,fact,"CN’s revenues for FY 2025 — December 31 were 17,304 (C$ millions).","CN; FY 2025; December 31; 17,304",S18,filing,mosaic-finance.com,3,filing,filing,false,false,true,false,false,,none,,,filing,filing,true,false,false,1,false
20261007T081117178773Z-codex.archivist.RC10.r2-a1,archivist,reach,RC10,2,21,fact,"CN’s revenues for Q1 2026 — March 31 were 4,379 (C$ millions).","CN; Q1 2026; March 31; 4,379",S19,filing,mosaic-finance.com,4,unattributed,,false,false,false,false,false,,none,,,filing,filing,true,false,false,1,false
20261007T081117178773Z-codex.archivist.RC10.r2-a1,archivist,reach,RC10,2,22,fact,"CN’s revenues for Q2 2026 — June 30 were 4,753 (C$ millions).","CN; Q2 2026; June 30; 4,753",S20,filing,mosaic-finance.com,4,unattributed,,false,false,false,false,false,,none,,,filing,filing,true,false,false,1,false
20261007T081228304112Z-codex.both.RC10.r2-a1,both,reach,RC10,2,1,fact,"Q3 2021 — September 30: total revenues of 3,591 in C$ millions.","Q3 2021; September 30; 3,591",S1,filing,mosaic-finance.com,3,secondary,issuer,false,false,false,false,false,issuer,none,,,filing,filing,true,true,true,1,false
20261007T081228304112Z-codex.both.RC10.r2-a1,both,reach,RC10,2,2,fact,"FY 2021 — December 31: total revenues of 14,477 in C$ millions.","FY 2021; December 31; 14,477",S2,filing,mosaic-finance.com,2,filing,filing,false,false,true,false,false,,none,,,filing,filing,true,false,false,1,false
20261007T081228304112Z-codex.both.RC10.r2-a1,both,reach,RC10,2,3,fact,"Q1 2022 — March 31: total revenues of 3,708 in C$ millions.","Q1 2022; March 31; 3,708",S3,filing,mosaic-finance.com,3,secondary,issuer,false,false,false,false,false,issuer,none,,,filing,filing,true,true,true,1,false
20261007T081228304112Z-codex.both.RC10.r2-a1,both,reach,RC10,2,4,fact,"Q2 2022 — June 30: total revenues of 4,344 in C$ millions.","Q2 2022; June 30; 4,344",S4,filing,mosaic-finance.com,3,secondary,issuer,false,false,false,false,false,issuer; forum,none,,,filing,filing,true,true,true,1,false
20261007T081228304112Z-codex.both.RC10.r2-a1,both,reach,RC10,2,5,fact,"Q3 2022 — September 30: total revenues of 4,513 in C$ millions.","Q3 2022; September 30; 4,513",S5,filing,mosaic-finance.com,3,secondary,issuer,false,false,false,false,false,issuer,none,,,filing,filing,true,true,true,1,false
20261007T081228304112Z-codex.both.RC10.r2-a1,both,reach,RC10,2,6,fact,"FY 2022 — December 31: total revenues of 17,107 in C$ millions.","FY 2022; December 31; 17,107",S6,filing,mosaic-finance.com,2,filing,filing,false,false,true,false,false,,none,,,filing,filing,true,false,false,1,false
20261007T081228304112Z-codex.both.RC10.r2-a1,both,reach,RC10,2,7,fact,"Q1 2023 — March 31: total revenues of 4,313 in C$ millions.","Q1 2023; March 31; 4,313",S7,filing,mosaic-finance.com,3,unattributed,,false,false,false,false,false,,none,,,filing,filing,true,false,false,1,false
20261007T081228304112Z-codex.both.RC10.r2-a1,both,reach,RC10,2,8,fact,"Q2 2023 — June 30: total revenues of 4,057 in C$ millions.","Q2 2023; June 30; 4,057",S8,filing,mosaic-finance.com,3,secondary,issuer,false,false,false,false,false,issuer; forum,none,,,filing,filing,true,false,false,1,false
20261007T081228304112Z-codex.both.RC10.r2-a1,both,reach,RC10,2,9,fact,"Q3 2023 — September 30: total revenues of 3,987 in C$ millions.","Q3 2023; September 30; 3,987",S9,filing,mosaic-finance.com,3,unattributed,,false,false,false,false,false,,none,,,filing,filing,true,false,false,1,false
20261007T081228304112Z-codex.both.RC10.r2-a1,both,reach,RC10,2,10,fact,"FY 2023 — December 31: total revenues of 16,828 in C$ millions.","FY 2023; December 31; 16,828",S10,filing,mosaic-finance.com,2,filing,filing,false,false,true,false,false,,none,,,filing,filing,true,false,false,1,false
20261007T081228304112Z-codex.both.RC10.r2-a1,both,reach,RC10,2,11,fact,"Q1 2024 — March 31: total revenues of 4,249 in C$ millions.","Q1 2024; March 31; 4,249",S11,filing,mosaic-finance.com,3,unattributed,,false,false,false,false,false,,none,,,filing,filing,true,false,false,1,false
20261007T081228304112Z-codex.both.RC10.r2-a1,both,reach,RC10,2,12,fact,"Q2 2024 — June 30: total revenues of 4,329 in C$ millions.","Q2 2024; June 30; 4,329",S12,filing,mosaic-finance.com,3,secondary,issuer,false,false,false,false,false,issuer; forum,none,,,filing,filing,true,false,false,1,false
20261007T081228304112Z-codex.both.RC10.r2-a1,both,reach,RC10,2,13,fact,"Q3 2024 — September 30: total revenues of 4,110 in C$ millions.","Q3 2024; September 30; 4,110",S13,filing,mosaic-finance.com,3,unattributed,,false,false,false,false,false,,none,,,filing,filing,true,false,false,1,false
20261007T081228304112Z-codex.both.RC10.r2-a1,both,reach,RC10,2,14,fact,"FY 2024 — December 31: total revenues of 17,046 in C$ millions.","FY 2024; December 31; 17,046",S14,filing,mosaic-finance.com,2,filing,filing,false,false,true,false,false,,none,,,filing,filing,true,false,false,1,false
20261007T081228304112Z-codex.both.RC10.r2-a1,both,reach,RC10,2,15,fact,"Q1 2025 — March 31: total revenues of 4,403 in C$ millions.","Q1 2025; March 31; 4,403",S15,filing,mosaic-finance.com,3,unattributed,,false,false,false,false,false,,none,,,filing,filing,true,false,false,1,false
20261007T081228304112Z-codex.both.RC10.r2-a1,both,reach,RC10,2,16,fact,"Q2 2025 — June 30: total revenues of 4,272 in C$ millions.","Q2 2025; June 30; 4,272",S16,filing,mosaic-finance.com,3,secondary,issuer,false,false,false,false,false,issuer; forum,none,,,filing,filing,true,true,true,1,false
20261007T081228304112Z-codex.both.RC10.r2-a1,both,reach,RC10,2,17,fact,"Q3 2025 — September 30: total revenues of 4,165 in C$ millions.","Q3 2025; September 30; 4,165",S17,filing,mosaic-finance.com,3,unattributed,,false,false,false,false,false,,none,,,filing,filing,true,false,false,1,false
20261007T081228304112Z-codex.both.RC10.r2-a1,both,reach,RC10,2,18,fact,"FY 2025 — December 31: total revenues of 17,304 in C$ millions.","FY 2025; December 31; 17,304",S18,filing,mosaic-finance.com,2,filing,filing,false,false,true,false,false,,none,,,filing,filing,true,false,false,1,false
20261007T081228304112Z-codex.both.RC10.r2-a1,both,reach,RC10,2,19,fact,"Q1 2026 — March 31: total revenues of 4,379 in C$ millions.","Q1 2026; March 31; 4,379",S19,filing,mosaic-finance.com,3,unattributed,,false,false,false,false,false,,none,,,filing,filing,true,false,false,1,false
20261007T081228304112Z-codex.both.RC10.r2-a1,both,reach,RC10,2,20,fact,"Q2 2026 — June 30: total revenues of 4,753 in C$ millions.","Q2 2026; June 30; 4,753",S20,filing,mosaic-finance.com,3,secondary,issuer,false,false,false,true,false,issuer; forum,none,,,filing,filing,true,true,true,1,false
20261007T081300526278Z-codex.web.RC06.r3-a1,web,reach,RC06,3,1,fact,"The 21 applicable 10-Qs are listed below, excluding the 2022-05-04 10-Q/A.",21; 10-Qs; 2022-05-04; 10-Q/A,,,,3,secondary,issuer,false,false,false,false,false,issuer; forum; aggregator,none,,,filing,filing,true,true,false,1,false
20261007T081300526278Z-codex.web.RC06.r3-a1,web,reach,RC06,3,2,fact,"2019 Q1: April 2019, $1.19 US dollars per common share.",2019 Q1; April 2019; $1.19,S1,filing,filing-source,3,secondary,issuer,false,false,false,false,false,issuer; forum; aggregator; news; reference,none,,,filing,filing,true,true,false,1,false
20261007T081300526278Z-codex.web.RC06.r3-a1,web,reach,RC06,3,3,fact,"2019 Q2: July 2019, $1.19 US dollars per common share.",2019 Q2; July 2019; $1.19,S2,filing,filing-source,3,secondary,issuer,false,false,false,false,false,issuer; forum; aggregator,none,,,filing,filing,true,true,false,1,false
20261007T081300526278Z-codex.web.RC06.r3-a1,web,reach,RC06,3,4,fact,"2019 Q3: October 2019, $1.19 US dollars per common share.",2019 Q3; October 2019; $1.19,S3,filing,filing-source,3,secondary,issuer,false,false,false,false,false,issuer; forum; aggregator,none,,,filing,filing,true,true,false,1,false
20261007T081300526278Z-codex.web.RC06.r3-a1,web,reach,RC06,3,5,fact,"2020 Q1: April 2020, $1.29 US dollars per common share.",2020 Q1; April 2020; $1.29,S4,filing,filing-source,3,secondary,issuer,false,false,false,false,false,issuer; forum; aggregator,none,,,filing,filing,true,true,false,1,false
20261007T081300526278Z-codex.web.RC06.r3-a1,web,reach,RC06,3,6,fact,"2020 Q2: July 2020, $1.29 US dollars per common share.",2020 Q2; July 2020; $1.29,S5,filing,filing-source,3,secondary,issuer,false,false,false,false,false,issuer; forum; aggregator; news,none,,,filing,filing,true,true,false,1,false
20261007T081300526278Z-codex.web.RC06.r3-a1,web,reach,RC06,3,7,fact,"2020 Q3: October 2020, $1.29 US dollars per common share.",2020 Q3; October 2020; $1.29,S6,filing,filing-source,3,secondary,issuer,false,false,false,false,false,issuer; forum; aggregator,none,,,filing,filing,true,true,false,1,false
20261007T081300526278Z-codex.web.RC06.r3-a1,web,reach,RC06,3,8,fact,"2021 Q1: April 2021, $1.34 US dollars per common share.",2021 Q1; April 2021; $1.34,S7,filing,filing-source,3,filing,filing,false,false,true,false,false,issuer; forum,none,,,filing,filing,true,true,false,1,false
20261007T081300526278Z-codex.web.RC06.r3-a1,web,reach,RC06,3,9,fact,"2021 Q2: July 2021, $1.34 US dollars per common share.",2021 Q2; July 2021; $1.34,S8,filing,filing-source,3,secondary,issuer,false,false,false,false,false,issuer; forum,none,,,filing,filing,true,true,false,1,false
20261007T081300526278Z-codex.web.RC06.r3-a1,web,reach,RC06,3,10,fact,"2021 Q3: October 2021, $1.34 US dollars per common share.",2021 Q3; October 2021; $1.34,S9,filing,filing-source,3,secondary,issuer,false,false,false,false,false,issuer; forum,none,,,filing,filing,true,true,false,1,false
20261007T081300526278Z-codex.web.RC06.r3-a1,web,reach,RC06,3,11,fact,"2022 Q1: April 2022, $1.42 US dollars per common share.",2022 Q1; April 2022; $1.42,S10,filing,filing-source,3,secondary,issuer,false,false,false,false,false,issuer; aggregator,none,,,filing,filing,true,true,false,1,false
20261007T081300526278Z-codex.web.RC06.r3-a1,web,reach,RC06,3,12,fact,"2022 Q2: July 2022, $1.42 US dollars per common share.",2022 Q2; July 2022; $1.42,S11,filing,filing-source,3,secondary,issuer,false,false,false,false,false,issuer; aggregator,none,,,filing,filing,true,true,false,1,false
20261007T081300526278Z-codex.web.RC06.r3-a1,web,reach,RC06,3,13,fact,"2022 Q3: October 2022, $1.42 US dollars per common share.",2022 Q3; October 2022; $1.42,S12,filing,filing-source,3,secondary,issuer,false,false,false,false,false,issuer; aggregator,none,,,filing,filing,true,true,false,1,false
20261007T081300526278Z-codex.web.RC06.r3-a1,web,reach,RC06,3,14,fact,"2023 Q1: April 2023, $1.51 US dollars per common share.",2023 Q1; April 2023; $1.51,S13,filing,filing-source,3,secondary,forum,false,false,false,false,false,forum; aggregator; news,none,,,filing,filing,true,true,false,1,false
20261007T081300526278Z-codex.web.RC06.r3-a1,web,reach,RC06,3,15,fact,"2023 Q2: July 2023, $1.51 US dollars per common share.",2023 Q2; July 2023; $1.51,S14,filing,filing-source,3,secondary,forum,false,false,false,false,false,forum; aggregator; news,none,,,filing,filing,true,true,false,1,false
20261007T081300526278Z-codex.web.RC06.r3-a1,web,reach,RC06,3,16,fact,"2023 Q3: October 2023, $1.51 US dollars per common share.",2023 Q3; October 2023; $1.51,S15,filing,filing-source,3,secondary,forum,false,false,false,false,false,forum; aggregator; news,none,,,filing,filing,true,true,false,1,false
20261007T081300526278Z-codex.web.RC06.r3-a1,web,reach,RC06,3,17,fact,"2024 Q1: April 2024, $1.63 US dollars per common share.",2024 Q1; April 2024; $1.63,S16,filing,filing-source,3,secondary,issuer,false,false,false,false,false,issuer; forum; aggregator,none,,,filing,filing,true,true,false,1,false
20261007T081300526278Z-codex.web.RC06.r3-a1,web,reach,RC06,3,18,fact,"2024 Q2: July 2024, $1.63 US dollars per common share.",2024 Q2; July 2024; $1.63,S17,filing,filing-source,3,secondary,issuer,false,false,false,false,false,issuer; forum; aggregator,none,,,filing,filing,true,true,false,1,false
20261007T081300526278Z-codex.web.RC06.r3-a1,web,reach,RC06,3,19,fact,"2024 Q3: October 2024, $1.63 US dollars per common share.",2024 Q3; October 2024; $1.63,S18,filing,filing-source,3,secondary,issuer,false,false,false,false,false,issuer; forum; aggregator,none,,,filing,filing,true,true,false,1,false
20261007T081300526278Z-codex.web.RC06.r3-a1,web,reach,RC06,3,20,fact,"2025 Q1: April 2025, $1.71 US dollars per common share.",2025 Q1; April 2025; $1.71,S19,issuer,chevroncorp.gcs-web.com,3,secondary,issuer,false,true,false,false,false,issuer; forum,none,,,filing,filing,true,true,false,1,false
20261007T081300526278Z-codex.web.RC06.r3-a1,web,reach,RC06,3,21,fact,"2025 Q2: July 2025, $1.71 US dollars per common share.",2025 Q2; July 2025; $1.71,S20,filing,filing-source,3,secondary,issuer,false,false,false,false,false,issuer; forum,none,,,filing,filing,true,true,false,1,false
20261007T081300526278Z-codex.web.RC06.r3-a1,web,reach,RC06,3,22,fact,"2025 Q3: October 2025, $1.71 US dollars per common share.",2025 Q3; October 2025; $1.71,S21,filing,filing-source,3,secondary,issuer,false,false,false,false,false,issuer; forum,none,,,filing,filing,true,true,false,1,false
20261007T081438124551Z-codex.archivist.RC06.r3-a1,archivist,reach,RC06,3,1,fact,"All 21 Form 10-Qs are listed below, excluding the specified 10-Q/A.",21; Form 10-Qs; 10-Q/A,,,,3,unattributed,,false,false,false,false,false,,none,,,filing,filing,true,false,false,1,false
20261007T081438124551Z-codex.archivist.RC06.r3-a1,archivist,reach,RC06,3,2,fact,Each linked filing cites its dividend disclosure.,,,,,0,unattributed,,true,false,false,false,false,,none,,,unattributed,,false,false,false,0,true
20261007T081438124551Z-codex.archivist.RC06.r3-a1,archivist,reach,RC06,3,3,fact,2019 Q1: April 2019; dividend per common share (USD) $1.19.,2019 Q1; April 2019; $1.19,S1,filing,mosaic-finance.com,3,unattributed,,false,false,false,false,false,,none,,,filing,filing,true,false,false,1,false
20261007T081438124551Z-codex.archivist.RC06.r3-a1,archivist,reach,RC06,3,4,fact,2019 Q2: July 2019; dividend per common share (USD) $1.19.,2019 Q2; July 2019; $1.19,S2,filing,mosaic-finance.com,3,unattributed,,false,false,false,false,false,,none,,,filing,filing,true,false,false,1,false
20261007T081438124551Z-codex.archivist.RC06.r3-a1,archivist,reach,RC06,3,5,fact,2019 Q3: October 2019; dividend per common share (USD) $1.19.,2019 Q3; October 2019; $1.19,S3,filing,mosaic-finance.com,3,unattributed,,false,false,false,false,false,,none,,,filing,filing,true,false,false,1,false
20261007T081438124551Z-codex.archivist.RC06.r3-a1,archivist,reach,RC06,3,6,fact,2020 Q1: April 2020; dividend per common share (USD) $1.29.,2020 Q1; April 2020; $1.29,S4,filing,mosaic-finance.com,3,unattributed,,false,false,false,false,false,,none,,,filing,filing,true,false,false,1,false
20261007T081438124551Z-codex.archivist.RC06.r3-a1,archivist,reach,RC06,3,7,fact,2020 Q2: July 2020; dividend per common share (USD) $1.29.,2020 Q2; July 2020; $1.29,S5,filing,mosaic-finance.com,3,unattributed,,false,false,false,false,false,,none,,,filing,filing,true,false,false,1,false
20261007T081438124551Z-codex.archivist.RC06.r3-a1,archivist,reach,RC06,3,8,fact,2020 Q3: October 2020; dividend per common share (USD) $1.29.,2020 Q3; October 2020; $1.29,S6,filing,mosaic-finance.com,3,unattributed,,false,false,false,false,false,,none,,,filing,filing,true,false,false,1,false
20261007T081438124551Z-codex.archivist.RC06.r3-a1,archivist,reach,RC06,3,9,fact,2021 Q1: April 2021; dividend per common share (USD) $1.34.,2021 Q1; April 2021; $1.34,S7,filing,mosaic-finance.com,3,unattributed,,false,false,false,false,false,,none,,,filing,filing,true,false,false,1,false
20261007T081438124551Z-codex.archivist.RC06.r3-a1,archivist,reach,RC06,3,10,fact,2021 Q2: July 2021; dividend per common share (USD) $1.34.,2021 Q2; July 2021; $1.34,S8,filing,mosaic-finance.com,3,unattributed,,false,false,false,false,false,,none,,,filing,filing,true,false,false,1,false
20261007T081438124551Z-codex.archivist.RC06.r3-a1,archivist,reach,RC06,3,11,fact,2021 Q3: October 2021; dividend per common share (USD) $1.34.,2021 Q3; October 2021; $1.34,S9,filing,mosaic-finance.com,3,unattributed,,false,false,false,false,false,,none,,,filing,filing,true,false,false,1,false
20261007T081438124551Z-codex.archivist.RC06.r3-a1,archivist,reach,RC06,3,12,fact,2022 Q1: April 2022; dividend per common share (USD) $1.42.,2022 Q1; April 2022; $1.42,S10,filing,mosaic-finance.com,3,unattributed,,false,false,false,false,false,,none,,,filing,filing,true,false,false,1,false
20261007T081438124551Z-codex.archivist.RC06.r3-a1,archivist,reach,RC06,3,13,fact,2022 Q2: July 2022; dividend per common share (USD) $1.42.,2022 Q2; July 2022; $1.42,S11,filing,mosaic-finance.com,3,unattributed,,false,false,false,false,false,,none,,,filing,filing,true,false,false,1,false
20261007T081438124551Z-codex.archivist.RC06.r3-a1,archivist,reach,RC06,3,14,fact,2022 Q3: October 2022; dividend per common share (USD) $1.42.,2022 Q3; October 2022; $1.42,S12,filing,mosaic-finance.com,3,unattributed,,false,false,false,false,false,,none,,,filing,filing,true,false,false,1,false
20261007T081438124551Z-codex.archivist.RC06.r3-a1,archivist,reach,RC06,3,15,fact,2023 Q1: April 2023; dividend per common share (USD) $1.51.,2023 Q1; April 2023; $1.51,S13,filing,mosaic-finance.com,3,unattributed,,false,false,false,false,false,,none,,,filing,filing,true,false,false,1,false
20261007T081438124551Z-codex.archivist.RC06.r3-a1,archivist,reach,RC06,3,16,fact,2023 Q2: July 2023; dividend per common share (USD) $1.51.,2023 Q2; July 2023; $1.51,S14,filing,mosaic-finance.com,3,unattributed,,false,false,false,false,false,,none,,,filing,filing,true,false,false,1,false
20261007T081438124551Z-codex.archivist.RC06.r3-a1,archivist,reach,RC06,3,17,fact,2023 Q3: October 2023; dividend per common share (USD) $1.51.,2023 Q3; October 2023; $1.51,S15,filing,mosaic-finance.com,3,unattributed,,false,false,false,false,false,,none,,,filing,filing,true,false,false,1,false
20261007T081438124551Z-codex.archivist.RC06.r3-a1,archivist,reach,RC06,3,18,fact,2024 Q1: April 2024; dividend per common share (USD) $1.63.,2024 Q1; April 2024; $1.63,S16,filing,mosaic-finance.com,3,unattributed,,false,false,false,false,false,,none,,,filing,filing,true,false,false,1,false
20261007T081438124551Z-codex.archivist.RC06.r3-a1,archivist,reach,RC06,3,19,fact,2024 Q2: July 2024; dividend per common share (USD) $1.63.,2024 Q2; July 2024; $1.63,S17,filing,mosaic-finance.com,3,unattributed,,false,false,false,false,false,,none,,,filing,filing,true,false,false,1,false
20261007T081438124551Z-codex.archivist.RC06.r3-a1,archivist,reach,RC06,3,20,fact,2024 Q3: October 2024; dividend per common share (USD) $1.63.,2024 Q3; October 2024; $1.63,S18,filing,mosaic-finance.com,3,unattributed,,false,false,false,false,false,,none,,,filing,filing,true,false,false,1,false
20261007T081438124551Z-codex.archivist.RC06.r3-a1,archivist,reach,RC06,3,21,fact,2025 Q1: April 2025; dividend per common share (USD) $1.71.,2025 Q1; April 2025; $1.71,S19,filing,mosaic-finance.com,3,unattributed,,false,false,false,false,false,,none,,,filing,filing,true,false,false,1,false
20261007T081438124551Z-codex.archivist.RC06.r3-a1,archivist,reach,RC06,3,22,fact,2025 Q2: July 2025; dividend per common share (USD) $1.71.,2025 Q2; July 2025; $1.71,S20,filing,mosaic-finance.com,3,unattributed,,false,false,false,false,false,,none,,,filing,filing,true,false,false,1,false
20261007T081438124551Z-codex.archivist.RC06.r3-a1,archivist,reach,RC06,3,23,fact,2025 Q3: October 2025; dividend per common share (USD) $1.71.,2025 Q3; October 2025; $1.71,S21,filing,mosaic-finance.com,3,unattributed,,false,false,false,false,false,,none,,,filing,filing,true,false,false,1,false
20261007T081449704940Z-codex.both.RC06.r3-a1,both,reach,RC06,3,1,fact,The 21 Form 10-Qs are listed chronologically below.,21; Form 10-Qs,,,,2,unattributed,,false,false,false,false,false,,none,,,filing,filing,true,false,false,1,false
20261007T081449704940Z-codex.both.RC06.r3-a1,both,reach,RC06,3,2,fact,The 2022-05-04 Form 10-Q/A is excluded.,2022-05-04; Form 10-Q/A,,,,1,unattributed,,false,false,false,false,false,,none,,,unattributed,,false,false,false,1,false
20261007T081449704940Z-codex.both.RC06.r3-a1,both,reach,RC06,3,3,fact,2019 Q1: April 2019 dividend per common share (US$): $1.19.,2019 Q1; April 2019; US$; $1.19,S1,filing,mosaic-finance.com,4,unattributed,,false,false,false,false,false,,none,,,filing,filing,true,false,false,1,false
20261007T081449704940Z-codex.both.RC06.r3-a1,both,reach,RC06,3,4,fact,2019 Q2: July 2019 dividend per common share (US$): $1.19.,2019 Q2; July 2019; US$; $1.19,S2,filing,mosaic-finance.com,4,unattributed,,false,false,false,false,false,,none,,,filing,filing,true,false,false,1,false
20261007T081449704940Z-codex.both.RC06.r3-a1,both,reach,RC06,3,5,fact,2019 Q3: October 2019 dividend per common share (US$): $1.19.,2019 Q3; October 2019; US$; $1.19,S3,filing,mosaic-finance.com,4,unattributed,,false,false,false,false,false,,none,,,filing,filing,true,false,false,1,false
20261007T081449704940Z-codex.both.RC06.r3-a1,both,reach,RC06,3,6,fact,2020 Q1: April 2020 dividend per common share (US$): $1.29.,2020 Q1; April 2020; US$; $1.29,S4,filing,mosaic-finance.com,4,unattributed,,false,false,false,false,false,,none,,,filing,filing,true,false,false,1,false
20261007T081449704940Z-codex.both.RC06.r3-a1,both,reach,RC06,3,7,fact,2020 Q2: July 2020 dividend per common share (US$): $1.29.,2020 Q2; July 2020; US$; $1.29,S5,filing,mosaic-finance.com,4,unattributed,,false,false,false,false,false,,none,,,filing,filing,true,false,false,1,false
20261007T081449704940Z-codex.both.RC06.r3-a1,both,reach,RC06,3,8,fact,2020 Q3: October 2020 dividend per common share (US$): $1.29.,2020 Q3; October 2020; US$; $1.29,S6,filing,mosaic-finance.com,4,unattributed,,false,false,false,false,false,,none,,,filing,filing,true,false,false,1,false
20261007T081449704940Z-codex.both.RC06.r3-a1,both,reach,RC06,3,9,fact,2021 Q1: April 2021 dividend per common share (US$): $1.34.,2021 Q1; April 2021; US$; $1.34,S7,filing,mosaic-finance.com,4,unattributed,,false,false,false,false,false,,none,,,filing,filing,true,false,false,1,false
20261007T081449704940Z-codex.both.RC06.r3-a1,both,reach,RC06,3,10,fact,2021 Q2: July 2021 dividend per common share (US$): $1.34.,2021 Q2; July 2021; US$; $1.34,S8,filing,mosaic-finance.com,4,unattributed,,false,false,false,false,false,,none,,,filing,filing,true,false,false,1,false
20261007T081449704940Z-codex.both.RC06.r3-a1,both,reach,RC06,3,11,fact,2021 Q3: October 2021 dividend per common share (US$): $1.34.,2021 Q3; October 2021; US$; $1.34,S9,filing,mosaic-finance.com,4,unattributed,,false,false,false,false,false,,none,,,filing,filing,true,false,false,1,false
20261007T081449704940Z-codex.both.RC06.r3-a1,both,reach,RC06,3,12,fact,2022 Q1: April 2022 dividend per common share (US$): $1.42.,2022 Q1; April 2022; US$; $1.42,S10,filing,mosaic-finance.com,4,unattributed,,false,false,false,false,false,,none,,,filing,filing,true,false,false,1,false
20261007T081449704940Z-codex.both.RC06.r3-a1,both,reach,RC06,3,13,fact,2022 Q2: July 2022 dividend per common share (US$): $1.42.,2022 Q2; July 2022; US$; $1.42,S11,filing,mosaic-finance.com,4,unattributed,,false,false,false,false,false,,none,,,filing,filing,true,false,false,1,false
20261007T081449704940Z-codex.both.RC06.r3-a1,both,reach,RC06,3,14,fact,2022 Q3: October 2022 dividend per common share (US$): $1.42.,2022 Q3; October 2022; US$; $1.42,S12,filing,mosaic-finance.com,4,unattributed,,false,false,false,false,false,,none,,,filing,filing,true,false,false,1,false
20261007T081449704940Z-codex.both.RC06.r3-a1,both,reach,RC06,3,15,fact,2023 Q1: April 2023 dividend per common share (US$): $1.51.,2023 Q1; April 2023; US$; $1.51,S13,filing,mosaic-finance.com,4,unattributed,,false,false,false,false,false,,none,,,filing,filing,true,false,false,1,false
20261007T081449704940Z-codex.both.RC06.r3-a1,both,reach,RC06,3,16,fact,2023 Q2: July 2023 dividend per common share (US$): $1.51.,2023 Q2; July 2023; US$; $1.51,S14,filing,mosaic-finance.com,4,unattributed,,false,false,false,false,false,,none,,,filing,filing,true,false,false,1,false
20261007T081449704940Z-codex.both.RC06.r3-a1,both,reach,RC06,3,17,fact,2023 Q3: October 2023 dividend per common share (US$): $1.51.,2023 Q3; October 2023; US$; $1.51,S15,filing,mosaic-finance.com,4,unattributed,,false,false,false,false,false,,none,,,filing,filing,true,false,false,1,false
20261007T081449704940Z-codex.both.RC06.r3-a1,both,reach,RC06,3,18,fact,2024 Q1: April 2024 dividend per common share (US$): $1.63.,2024 Q1; April 2024; US$; $1.63,S16,filing,mosaic-finance.com,4,unattributed,,false,false,false,false,false,,none,,,filing,filing,true,false,false,1,false
20261007T081449704940Z-codex.both.RC06.r3-a1,both,reach,RC06,3,19,fact,2024 Q2: July 2024 dividend per common share (US$): $1.63.,2024 Q2; July 2024; US$; $1.63,S17,filing,mosaic-finance.com,4,unattributed,,false,false,false,false,false,,none,,,filing,filing,true,false,false,1,false
20261007T081449704940Z-codex.both.RC06.r3-a1,both,reach,RC06,3,20,fact,2024 Q3: October 2024 dividend per common share (US$): $1.63.,2024 Q3; October 2024; US$; $1.63,S18,filing,mosaic-finance.com,4,unattributed,,false,false,false,false,false,,none,,,filing,filing,true,false,false,1,false
20261007T081449704940Z-codex.both.RC06.r3-a1,both,reach,RC06,3,21,fact,2025 Q1: April 2025 dividend per common share (US$): $1.71.,2025 Q1; April 2025; US$; $1.71,S19,filing,mosaic-finance.com,4,unattributed,,false,false,false,false,false,,none,,,filing,filing,true,false,false,1,false
20261007T081449704940Z-codex.both.RC06.r3-a1,both,reach,RC06,3,22,fact,2025 Q2: July 2025 dividend per common share (US$): $1.71.,2025 Q2; July 2025; US$; $1.71,S20,filing,mosaic-finance.com,4,unattributed,,false,false,false,false,false,,none,,,filing,filing,true,false,false,1,false
20261007T081449704940Z-codex.both.RC06.r3-a1,both,reach,RC06,3,23,fact,2025 Q3: October 2025 dividend per common share (US$): $1.71.,2025 Q3; October 2025; US$; $1.71,S21,filing,mosaic-finance.com,4,unattributed,,false,false,false,false,false,,none,,,filing,filing,true,false,false,1,false
20261007T081558990949Z-codex.web.RC07.r3-a1,web,reach,RC07,3,1,fact,"The 24 reports show the following period-end system totals, in chronological order.",24,,,,1,filing,filing,false,false,true,true,false,issuer,none,,,filing,filing,true,true,false,1,false
20261007T081558990949Z-codex.web.RC07.r3-a1,web,reach,RC07,3,2,fact,Each report links to Marriott’s original filing.,Marriott,,,,1,filing,filing,false,false,true,true,false,issuer; forum; aggregator; reference,none,,,filing,filing,true,true,false,1,false
20261007T081558990949Z-codex.web.RC07.r3-a1,web,reach,RC07,3,3,fact,The 2021-04-02 Form 10-K/A is excluded.,2021-04-02; Form 10-K/A,,,,1,unattributed,,false,false,false,false,false,,none,,,unattributed,,false,false,false,1,false
20261007T081558990949Z-codex.web.RC07.r3-a1,web,reach,RC07,3,4,fact,"Q1 2020: 10-Q; 7,420 properties; 1,391,700 rooms.","Q1 2020; 10-Q; 7,420; 1,391,700",S1,issuer,marriott.gcs-web.com,4,secondary,issuer,false,true,false,true,false,issuer; aggregator,none,,,secondary,issuer,false,true,false,2,false
20261007T081558990949Z-codex.web.RC07.r3-a1,web,reach,RC07,3,5,fact,"Q2 2020: 10-Q; 7,484 properties; 1,400,693 rooms.","Q2 2020; 10-Q; 7,484; 1,400,693",S2,issuer,marriott.gcs-web.com,4,secondary,issuer,false,true,false,true,false,issuer; aggregator,none,,,secondary,issuer,false,true,false,2,false
20261007T081558990949Z-codex.web.RC07.r3-a1,web,reach,RC07,3,6,fact,"Q3 2020: 10-Q; 7,579 properties; 1,413,654 rooms.","Q3 2020; 10-Q; 7,579; 1,413,654",S3,issuer,marriott.gcs-web.com,4,secondary,issuer,false,true,false,true,false,issuer; aggregator,none,,,secondary,issuer,false,true,false,2,false
20261007T081558990949Z-codex.web.RC07.r3-a1,web,reach,RC07,3,7,fact,"FY 2020: 10-K; 7,642 properties; 1,423,044 rooms.","FY 2020; 10-K; 7,642; 1,423,044",S4,issuer,marriott.gcs-web.com,2,secondary,issuer,false,true,false,true,false,issuer,none,,,secondary,issuer,false,true,false,2,false
20261007T081558990949Z-codex.web.RC07.r3-a1,web,reach,RC07,3,8,fact,"Q1 2021: 10-Q; 7,662 properties; 1,429,171 rooms.","Q1 2021; 10-Q; 7,662; 1,429,171",S5,issuer,marriott.gcs-web.com,4,secondary,issuer,false,true,false,true,false,issuer; aggregator,none,,,secondary,issuer,false,true,false,2,false
20261007T081558990949Z-codex.web.RC07.r3-a1,web,reach,RC07,3,9,fact,"Q2 2021: 10-Q; 7,797 properties; 1,451,609 rooms.","Q2 2021; 10-Q; 7,797; 1,451,609",S6,issuer,marriott.gcs-web.com,4,secondary,issuer,false,true,false,true,false,issuer; aggregator,none,,,secondary,issuer,false,true,false,2,false
20261007T081558990949Z-codex.web.RC07.r3-a1,web,reach,RC07,3,10,fact,"Q3 2021: 10-Q; 7,892 properties; 1,463,692 rooms.","Q3 2021; 10-Q; 7,892; 1,463,692",S7,issuer,marriott.gcs-web.com,4,secondary,issuer,false,true,false,true,false,issuer; aggregator,none,,,secondary,issuer,false,true,false,2,false
20261007T081558990949Z-codex.web.RC07.r3-a1,web,reach,RC07,3,11,fact,"FY 2021: 10-K; 7,989 properties; 1,479,179 rooms.","FY 2021; 10-K; 7,989; 1,479,179",S8,issuer,marriott.gcs-web.com,2,secondary,issuer,false,true,false,true,false,issuer,none,,,secondary,issuer,false,true,false,2,false
20261007T081558990949Z-codex.web.RC07.r3-a1,web,reach,RC07,3,12,fact,"Q1 2022: 10-Q; 8,048 properties; 1,487,681 rooms.","Q1 2022; 10-Q; 8,048; 1,487,681",S9,issuer,marriott.gcs-web.com,4,secondary,issuer,false,true,false,true,false,issuer; aggregator,none,,,secondary,issuer,false,true,false,2,false
20261007T081558990949Z-codex.web.RC07.r3-a1,web,reach,RC07,3,13,fact,"Q2 2022: 10-Q; 8,120 properties; 1,500,744 rooms.","Q2 2022; 10-Q; 8,120; 1,500,744",S10,issuer,marriott.gcs-web.com,4,secondary,issuer,false,true,false,true,false,issuer; aggregator,none,,,secondary,issuer,false,true,false,2,false
20261007T081558990949Z-codex.web.RC07.r3-a1,web,reach,RC07,3,14,fact,"Q3 2022: 10-Q; 8,162 properties; 1,507,350 rooms.","Q3 2022; 10-Q; 8,162; 1,507,350",S11,issuer,marriott.gcs-web.com,4,secondary,issuer,false,true,false,true,false,issuer; aggregator,none,,,secondary,issuer,false,true,false,2,false
20261007T081558990949Z-codex.web.RC07.r3-a1,web,reach,RC07,3,15,fact,"FY 2022: 10-K; 8,288 properties; 1,525,407 rooms.","FY 2022; 10-K; 8,288; 1,525,407",S12,issuer,marriott.gcs-web.com,2,secondary,issuer,false,true,false,true,false,issuer,none,,,secondary,issuer,false,true,false,2,false
20261007T081558990949Z-codex.web.RC07.r3-a1,web,reach,RC07,3,16,fact,"Q1 2023: 10-Q; 8,353 properties; 1,534,072 rooms.","Q1 2023; 10-Q; 8,353; 1,534,072",S13,issuer,marriott.gcs-web.com,4,secondary,issuer,false,true,false,true,false,issuer; aggregator,none,,,secondary,issuer,false,true,false,2,false
20261007T081558990949Z-codex.web.RC07.r3-a1,web,reach,RC07,3,17,fact,"Q2 2023: 10-Q; 8,590 properties; 1,565,258 rooms.","Q2 2023; 10-Q; 8,590; 1,565,258",S14,issuer,marriott.gcs-web.com,4,secondary,issuer,false,true,false,true,false,issuer; aggregator,none,,,secondary,issuer,false,true,false,2,false
20261007T081558990949Z-codex.web.RC07.r3-a1,web,reach,RC07,3,18,fact,"Q3 2023: 10-Q; 8,675 properties; 1,581,002 rooms.","Q3 2023; 10-Q; 8,675; 1,581,002",S15,issuer,marriott.gcs-web.com,4,secondary,issuer,false,true,false,true,false,issuer; aggregator,none,,,secondary,issuer,false,true,false,2,false
20261007T081558990949Z-codex.web.RC07.r3-a1,web,reach,RC07,3,19,fact,"FY 2023: 10-K; 8,785 properties; 1,597,380 rooms.","FY 2023; 10-K; 8,785; 1,597,380",S16,issuer,marriott.gcs-web.com,2,secondary,issuer,false,true,false,true,false,issuer,none,,,secondary,issuer,false,true,false,2,false
20261007T081558990949Z-codex.web.RC07.r3-a1,web,reach,RC07,3,20,fact,"Q1 2024: 10-Q; 8,861 properties; 1,643,172 rooms.","Q1 2024; 10-Q; 8,861; 1,643,172",S17,issuer,marriott.gcs-web.com,4,secondary,issuer,false,true,false,true,false,issuer; aggregator,none,,,secondary,issuer,false,true,false,2,false
20261007T081558990949Z-codex.web.RC07.r3-a1,web,reach,RC07,3,21,fact,"Q2 2024: 10-Q; 8,969 properties; 1,658,659 rooms.","Q2 2024; 10-Q; 8,969; 1,658,659",S18,issuer,marriott.gcs-web.com,4,secondary,issuer,false,true,false,true,false,issuer; aggregator,none,,,secondary,issuer,false,true,false,2,false
20261007T081558990949Z-codex.web.RC07.r3-a1,web,reach,RC07,3,22,fact,"Q3 2024: 10-Q; 9,068 properties; 1,674,600 rooms.","Q3 2024; 10-Q; 9,068; 1,674,600",S19,issuer,marriott.gcs-web.com,4,secondary,issuer,false,true,false,true,false,issuer; aggregator,none,,,secondary,issuer,false,true,false,2,false
20261007T081558990949Z-codex.web.RC07.r3-a1,web,reach,RC07,3,23,fact,"FY 2024: 10-K; 9,361 properties; 1,706,331 rooms.","FY 2024; 10-K; 9,361; 1,706,331",S20,issuer,marriott.gcs-web.com,2,secondary,issuer,false,true,false,true,false,issuer,none,,,secondary,issuer,false,true,false,2,false
20261007T081558990949Z-codex.web.RC07.r3-a1,web,reach,RC07,3,24,fact,"Q1 2025: 10-Q; 9,463 properties; 1,718,542 rooms.","Q1 2025; 10-Q; 9,463; 1,718,542",S21,issuer,marriott.gcs-web.com,4,secondary,issuer,false,true,false,true,false,issuer; aggregator,none,,,secondary,issuer,false,true,false,2,false
20261007T081558990949Z-codex.web.RC07.r3-a1,web,reach,RC07,3,25,fact,"Q2 2025: 10-Q; 9,601 properties; 1,735,819 rooms.","Q2 2025; 10-Q; 9,601; 1,735,819",S22,issuer,marriott.gcs-web.com,4,secondary,issuer,false,true,false,true,false,issuer; forum; aggregator,none,,,secondary,issuer,false,true,false,2,false
20261007T081558990949Z-codex.web.RC07.r3-a1,web,reach,RC07,3,26,fact,"Q3 2025: 10-Q; 9,721 properties; 1,753,722 rooms.","Q3 2025; 10-Q; 9,721; 1,753,722",S23,issuer,marriott.gcs-web.com,4,secondary,issuer,false,true,false,true,false,issuer; forum; aggregator,none,,,secondary,issuer,false,true,false,2,false
20261007T081558990949Z-codex.web.RC07.r3-a1,web,reach,RC07,3,27,fact,"FY 2025: 10-K; 9,805 properties; 1,779,936 rooms.","FY 2025; 10-K; 9,805; 1,779,936",S24,issuer,marriott.gcs-web.com,2,secondary,issuer,false,true,false,true,false,issuer,none,,,secondary,issuer,false,true,false,2,false
20261007T081558990949Z-codex.web.RC07.r3-a1,web,reach,RC07,3,28,fact,Figures are the totals stated in each report’s “System Growth and Pipeline” section.,System Growth and Pipeline,,,,1,secondary,issuer,false,false,false,true,false,issuer,none,,,secondary,issuer,false,true,false,1,false
20261007T081607509010Z-codex.archivist.RC07.r3-a1,archivist,reach,RC07,3,1,fact,"Marriott’s reported period-end system totals are below, covering all 24 reports in chronological order and excluding the 2021-04-02 Form 10-K/A.",Marriott; 24; 2021-04-02; Form 10-K/A,,,,3,filing,filing,false,false,true,false,false,,none,,,filing,filing,true,false,false,1,false
20261007T081607509010Z-codex.archivist.RC07.r3-a1,archivist,reach,RC07,3,2,fact,"2020-03-31 | 10-Q | 2020-05-11 | 7,420 properties","2020-03-31; 10-Q; 2020-05-11; 7,420",S1,filing,mosaic-finance.com,4,filing,filing,false,false,true,false,false,,none,,,filing,filing,true,false,false,3,false
20261007T081607509010Z-codex.archivist.RC07.r3-a1,archivist,reach,RC07,3,3,fact,"2020-06-30 | 10-Q | 2020-08-10 | 7,484 properties","2020-06-30; 10-Q; 2020-08-10; 7,484",S2,filing,mosaic-finance.com,2,filing,filing,false,false,true,false,false,,none,,,filing,filing,true,false,false,1,false
20261007T081607509010Z-codex.archivist.RC07.r3-a1,archivist,reach,RC07,3,4,fact,"2020-09-30 | 10-Q | 2020-11-06 | 7,579 properties","2020-09-30; 10-Q; 2020-11-06; 7,579",S3,filing,mosaic-finance.com,3,filing,filing,false,false,true,false,false,,none,,,filing,filing,true,false,false,2,false
20261007T081607509010Z-codex.archivist.RC07.r3-a1,archivist,reach,RC07,3,5,fact,"2020-12-31 | 10-K | 2021-02-18 | 7,642 properties","2020-12-31; 10-K; 2021-02-18; 7,642",S4,filing,mosaic-finance.com,4,filing,filing,false,false,true,false,false,,none,,,filing,filing,true,false,false,4,false
20261007T081607509010Z-codex.archivist.RC07.r3-a1,archivist,reach,RC07,3,6,fact,"2021-03-31 | 10-Q | 2021-05-10 | 7,662 properties","2021-03-31; 10-Q; 2021-05-10; 7,662",S5,filing,mosaic-finance.com,3,filing,filing,false,false,true,false,false,,none,,,filing,filing,true,false,false,2,false
20261007T081607509010Z-codex.archivist.RC07.r3-a1,archivist,reach,RC07,3,7,fact,"2021-06-30 | 10-Q | 2021-08-03 | 7,797 properties","2021-06-30; 10-Q; 2021-08-03; 7,797",S6,filing,mosaic-finance.com,2,filing,filing,false,false,true,false,false,,none,,,filing,filing,true,false,false,1,false
20261007T081607509010Z-codex.archivist.RC07.r3-a1,archivist,reach,RC07,3,8,fact,"2021-09-30 | 10-Q | 2021-11-03 | 7,892 properties","2021-09-30; 10-Q; 2021-11-03; 7,892",S7,filing,mosaic-finance.com,3,filing,filing,false,false,true,false,false,,none,,,filing,filing,true,false,false,2,false
20261007T081607509010Z-codex.archivist.RC07.r3-a1,archivist,reach,RC07,3,9,fact,"2021-12-31 | 10-K | 2022-02-15 | 7,989 properties","2021-12-31; 10-K; 2022-02-15; 7,989",S8,filing,mosaic-finance.com,4,filing,filing,false,false,true,false,false,,none,,,filing,filing,true,false,false,4,false
20261007T081607509010Z-codex.archivist.RC07.r3-a1,archivist,reach,RC07,3,10,fact,"2022-03-31 | 10-Q | 2022-05-04 | 8,048 properties","2022-03-31; 10-Q; 2022-05-04; 8,048",S9,filing,mosaic-finance.com,3,filing,filing,false,false,true,false,false,,none,,,filing,filing,true,false,false,2,false
20261007T081607509010Z-codex.archivist.RC07.r3-a1,archivist,reach,RC07,3,11,fact,"2022-06-30 | 10-Q | 2022-08-02 | 8,120 properties","2022-06-30; 10-Q; 2022-08-02; 8,120",S10,filing,mosaic-finance.com,2,filing,filing,false,false,true,false,false,,none,,,filing,filing,true,false,false,1,false
20261007T081607509010Z-codex.archivist.RC07.r3-a1,archivist,reach,RC07,3,12,fact,"2022-09-30 | 10-Q | 2022-11-03 | 8,162 properties","2022-09-30; 10-Q; 2022-11-03; 8,162",S11,filing,mosaic-finance.com,3,filing,filing,false,false,true,false,false,,none,,,filing,filing,true,false,false,2,false
20261007T081607509010Z-codex.archivist.RC07.r3-a1,archivist,reach,RC07,3,13,fact,"2022-12-31 | 10-K | 2023-02-14 | 8,288 properties","2022-12-31; 10-K; 2023-02-14; 8,288",S12,filing,mosaic-finance.com,4,filing,filing,false,false,true,false,false,,none,,,filing,filing,true,false,false,4,false
20261007T081607509010Z-codex.archivist.RC07.r3-a1,archivist,reach,RC07,3,14,fact,"2023-03-31 | 10-Q | 2023-05-02 | 8,353 properties","2023-03-31; 10-Q; 2023-05-02; 8,353",S13,filing,mosaic-finance.com,3,filing,filing,false,false,true,false,false,,none,,,filing,filing,true,false,false,2,false
20261007T081607509010Z-codex.archivist.RC07.r3-a1,archivist,reach,RC07,3,15,fact,"2023-06-30 | 10-Q | 2023-08-01 | 8,590 properties","2023-06-30; 10-Q; 2023-08-01; 8,590",S14,filing,mosaic-finance.com,2,filing,filing,false,false,true,false,false,,none,,,filing,filing,true,false,false,1,false
20261007T081607509010Z-codex.archivist.RC07.r3-a1,archivist,reach,RC07,3,16,fact,"2023-09-30 | 10-Q | 2023-11-02 | 8,675 properties","2023-09-30; 10-Q; 2023-11-02; 8,675",S15,filing,mosaic-finance.com,3,filing,filing,false,false,true,false,false,,none,,,filing,filing,true,false,false,2,false
20261007T081607509010Z-codex.archivist.RC07.r3-a1,archivist,reach,RC07,3,17,fact,"2023-12-31 | 10-K | 2024-02-13 | 8,785 properties","2023-12-31; 10-K; 2024-02-13; 8,785",S16,filing,mosaic-finance.com,4,filing,filing,false,false,true,false,false,,none,,,filing,filing,true,false,false,4,false
20261007T081607509010Z-codex.archivist.RC07.r3-a1,archivist,reach,RC07,3,18,fact,"2024-03-31 | 10-Q | 2024-05-01 | 8,861 properties","2024-03-31; 10-Q; 2024-05-01; 8,861",S17,filing,mosaic-finance.com,3,filing,filing,false,false,true,false,false,,none,,,filing,filing,true,false,false,2,false
20261007T081607509010Z-codex.archivist.RC07.r3-a1,archivist,reach,RC07,3,19,fact,"2024-06-30 | 10-Q | 2024-07-31 | 8,969 properties","2024-06-30; 10-Q; 2024-07-31; 8,969",S18,filing,mosaic-finance.com,3,filing,filing,false,false,true,false,false,,none,,,filing,filing,true,false,false,2,false
20261007T081607509010Z-codex.archivist.RC07.r3-a1,archivist,reach,RC07,3,20,fact,"2024-09-30 | 10-Q | 2024-11-04 | 9,068 properties","2024-09-30; 10-Q; 2024-11-04; 9,068",S19,filing,mosaic-finance.com,3,filing,filing,false,false,true,false,false,,none,,,filing,filing,true,false,false,2,false
20261007T081607509010Z-codex.archivist.RC07.r3-a1,archivist,reach,RC07,3,21,fact,"2024-12-31 | 10-K | 2025-02-11 | 9,361 properties","2024-12-31; 10-K; 2025-02-11; 9,361",S20,filing,mosaic-finance.com,4,filing,filing,false,false,true,false,false,,none,,,filing,filing,true,false,false,4,false
20261007T081607509010Z-codex.archivist.RC07.r3-a1,archivist,reach,RC07,3,22,fact,"2025-03-31 | 10-Q | 2025-05-06 | 9,463 properties","2025-03-31; 10-Q; 2025-05-06; 9,463",S21,filing,mosaic-finance.com,3,filing,filing,false,false,true,false,false,,none,,,filing,filing,true,false,false,2,false
20261007T081607509010Z-codex.archivist.RC07.r3-a1,archivist,reach,RC07,3,23,fact,"2025-06-30 | 10-Q | 2025-08-05 | 9,601 properties","2025-06-30; 10-Q; 2025-08-05; 9,601",S22,filing,mosaic-finance.com,2,filing,filing,false,false,true,false,false,,none,,,filing,filing,true,false,false,1,false
20261007T081607509010Z-codex.archivist.RC07.r3-a1,archivist,reach,RC07,3,24,fact,"2025-09-30 | 10-Q | 2025-11-04 | 9,721 properties","2025-09-30; 10-Q; 2025-11-04; 9,721",S23,filing,mosaic-finance.com,3,filing,filing,false,false,true,false,false,,none,,,filing,filing,true,false,false,2,false
20261007T081607509010Z-codex.archivist.RC07.r3-a1,archivist,reach,RC07,3,25,fact,"2025-12-31 | 10-K | 2026-02-10 | 9,805 properties","2025-12-31; 10-K; 2026-02-10; 9,805",S24,filing,mosaic-finance.com,3,filing,filing,false,false,true,false,false,,none,,,filing,filing,true,false,false,3,false
20261007T081709003506Z-codex.both.RC07.r3-a1,both,reach,RC07,3,1,fact,"Marriott’s reported period-end system property counts, in chronological order (24 reports; the 2021-04-02 10-K/A excluded)",Marriott; 24; 2021-04-02; 10-K/A,,,,2,filing,filing,false,false,true,false,false,,none,,,filing,filing,true,false,false,1,false
20261007T081709003506Z-codex.both.RC07.r3-a1,both,reach,RC07,3,2,fact,"Period end: 2020-03-31; Report / filing date: 10-Q · 2020-05-11; Properties: 7,420","2020-03-31; 10-Q; 2020-05-11; 7,420",S1,filing,mosaic-finance.com,4,filing,filing,false,false,true,false,false,,none,,,filing,filing,true,false,false,3,false
20261007T081709003506Z-codex.both.RC07.r3-a1,both,reach,RC07,3,3,fact,"Period end: 2020-06-30; Report / filing date: 10-Q · 2020-08-10; Properties: 7,484","2020-06-30; 10-Q; 2020-08-10; 7,484",S2,filing,mosaic-finance.com,2,filing,filing,false,false,true,false,false,,none,,,filing,filing,true,false,false,1,false
20261007T081709003506Z-codex.both.RC07.r3-a1,both,reach,RC07,3,4,fact,"Period end: 2020-09-30; Report / filing date: 10-Q · 2020-11-06; Properties: 7,579","2020-09-30; 10-Q; 2020-11-06; 7,579",S3,filing,mosaic-finance.com,3,filing,filing,false,false,true,false,false,,none,,,filing,filing,true,false,false,2,false
20261007T081709003506Z-codex.both.RC07.r3-a1,both,reach,RC07,3,5,fact,"Period end: 2020-12-31; Report / filing date: 10-K · 2021-02-18; Properties: 7,642","2020-12-31; 10-K; 2021-02-18; 7,642",S4,filing,mosaic-finance.com,4,filing,filing,false,false,true,false,false,,none,,,filing,filing,true,false,false,4,false
20261007T081709003506Z-codex.both.RC07.r3-a1,both,reach,RC07,3,6,fact,"Period end: 2021-03-31; Report / filing date: 10-Q · 2021-05-10; Properties: 7,662","2021-03-31; 10-Q; 2021-05-10; 7,662",S5,filing,mosaic-finance.com,3,filing,filing,false,false,true,false,false,,none,,,filing,filing,true,false,false,2,false
20261007T081709003506Z-codex.both.RC07.r3-a1,both,reach,RC07,3,7,fact,"Period end: 2021-06-30; Report / filing date: 10-Q · 2021-08-03; Properties: 7,797","2021-06-30; 10-Q; 2021-08-03; 7,797",S6,filing,mosaic-finance.com,2,filing,filing,false,false,true,false,false,,none,,,filing,filing,true,false,false,1,false
20261007T081709003506Z-codex.both.RC07.r3-a1,both,reach,RC07,3,8,fact,"Period end: 2021-09-30; Report / filing date: 10-Q · 2021-11-03; Properties: 7,892","2021-09-30; 10-Q; 2021-11-03; 7,892",S7,filing,mosaic-finance.com,3,filing,filing,false,false,true,false,false,,none,,,filing,filing,true,false,false,2,false
20261007T081709003506Z-codex.both.RC07.r3-a1,both,reach,RC07,3,9,fact,"Period end: 2021-12-31; Report / filing date: 10-K · 2022-02-15; Properties: 7,989","2021-12-31; 10-K; 2022-02-15; 7,989",S8,filing,mosaic-finance.com,4,filing,filing,false,false,true,false,false,,none,,,filing,filing,true,false,false,4,false
20261007T081709003506Z-codex.both.RC07.r3-a1,both,reach,RC07,3,10,fact,"Period end: 2022-03-31; Report / filing date: 10-Q · 2022-05-04; Properties: 8,048","2022-03-31; 10-Q; 2022-05-04; 8,048",S9,filing,mosaic-finance.com,3,filing,filing,false,false,true,false,false,,none,,,filing,filing,true,false,false,2,false
20261007T081709003506Z-codex.both.RC07.r3-a1,both,reach,RC07,3,11,fact,"Period end: 2022-06-30; Report / filing date: 10-Q · 2022-08-02; Properties: 8,120","2022-06-30; 10-Q; 2022-08-02; 8,120",S10,filing,mosaic-finance.com,2,filing,filing,false,false,true,false,false,,none,,,filing,filing,true,false,false,1,false
20261007T081709003506Z-codex.both.RC07.r3-a1,both,reach,RC07,3,12,fact,"Period end: 2022-09-30; Report / filing date: 10-Q · 2022-11-03; Properties: 8,162","2022-09-30; 10-Q; 2022-11-03; 8,162",S11,filing,mosaic-finance.com,3,filing,filing,false,false,true,false,false,,none,,,filing,filing,true,false,false,2,false
20261007T081709003506Z-codex.both.RC07.r3-a1,both,reach,RC07,3,13,fact,"Period end: 2022-12-31; Report / filing date: 10-K · 2023-02-14; Properties: 8,288","2022-12-31; 10-K; 2023-02-14; 8,288",S12,filing,mosaic-finance.com,4,filing,filing,false,false,true,false,false,,none,,,filing,filing,true,false,false,4,false
20261007T081709003506Z-codex.both.RC07.r3-a1,both,reach,RC07,3,14,fact,"Period end: 2023-03-31; Report / filing date: 10-Q · 2023-05-02; Properties: 8,353","2023-03-31; 10-Q; 2023-05-02; 8,353",S13,filing,mosaic-finance.com,3,filing,filing,false,false,true,false,false,,none,,,filing,filing,true,false,false,2,false
20261007T081709003506Z-codex.both.RC07.r3-a1,both,reach,RC07,3,15,fact,"Period end: 2023-06-30; Report / filing date: 10-Q · 2023-08-01; Properties: 8,590","2023-06-30; 10-Q; 2023-08-01; 8,590",S14,filing,mosaic-finance.com,2,filing,filing,false,false,true,false,false,,none,,,filing,filing,true,false,false,1,false
20261007T081709003506Z-codex.both.RC07.r3-a1,both,reach,RC07,3,16,fact,"Period end: 2023-09-30; Report / filing date: 10-Q · 2023-11-02; Properties: 8,675","2023-09-30; 10-Q; 2023-11-02; 8,675",S15,filing,mosaic-finance.com,3,filing,filing,false,false,true,false,false,,none,,,filing,filing,true,false,false,2,false
20261007T081709003506Z-codex.both.RC07.r3-a1,both,reach,RC07,3,17,fact,"Period end: 2023-12-31; Report / filing date: 10-K · 2024-02-13; Properties: 8,785","2023-12-31; 10-K; 2024-02-13; 8,785",S16,filing,mosaic-finance.com,4,filing,filing,false,false,true,false,false,,none,,,filing,filing,true,false,false,4,false
20261007T081709003506Z-codex.both.RC07.r3-a1,both,reach,RC07,3,18,fact,"Period end: 2024-03-31; Report / filing date: 10-Q · 2024-05-01; Properties: 8,861","2024-03-31; 10-Q; 2024-05-01; 8,861",S17,filing,mosaic-finance.com,3,filing,filing,false,false,true,false,false,,none,,,filing,filing,true,false,false,2,false
20261007T081709003506Z-codex.both.RC07.r3-a1,both,reach,RC07,3,19,fact,"Period end: 2024-06-30; Report / filing date: 10-Q · 2024-07-31; Properties: 8,969","2024-06-30; 10-Q; 2024-07-31; 8,969",S18,filing,mosaic-finance.com,3,filing,filing,false,false,true,false,false,,none,,,filing,filing,true,false,false,2,false
20261007T081709003506Z-codex.both.RC07.r3-a1,both,reach,RC07,3,20,fact,"Period end: 2024-09-30; Report / filing date: 10-Q · 2024-11-04; Properties: 9,068","2024-09-30; 10-Q; 2024-11-04; 9,068",S19,filing,mosaic-finance.com,3,filing,filing,false,false,true,false,false,,none,,,filing,filing,true,false,false,2,false
20261007T081709003506Z-codex.both.RC07.r3-a1,both,reach,RC07,3,21,fact,"Period end: 2024-12-31; Report / filing date: 10-K · 2025-02-11; Properties: 9,361","2024-12-31; 10-K; 2025-02-11; 9,361",S20,filing,mosaic-finance.com,4,filing,filing,false,false,true,false,false,,none,,,filing,filing,true,false,false,4,false
20261007T081709003506Z-codex.both.RC07.r3-a1,both,reach,RC07,3,22,fact,"Period end: 2025-03-31; Report / filing date: 10-Q · 2025-05-06; Properties: 9,463","2025-03-31; 10-Q; 2025-05-06; 9,463",S21,filing,mosaic-finance.com,3,filing,filing,false,false,true,false,false,,none,,,filing,filing,true,false,false,2,false
20261007T081709003506Z-codex.both.RC07.r3-a1,both,reach,RC07,3,23,fact,"Period end: 2025-06-30; Report / filing date: 10-Q · 2025-08-05; Properties: 9,601","2025-06-30; 10-Q; 2025-08-05; 9,601",S22,filing,mosaic-finance.com,2,filing,filing,false,false,true,false,false,,none,,,filing,filing,true,false,false,1,false
20261007T081709003506Z-codex.both.RC07.r3-a1,both,reach,RC07,3,24,fact,"Period end: 2025-09-30; Report / filing date: 10-Q · 2025-11-04; Properties: 9,721","2025-09-30; 10-Q; 2025-11-04; 9,721",S23,filing,mosaic-finance.com,3,filing,filing,false,false,true,false,false,,none,,,filing,filing,true,false,false,2,false
20261007T081709003506Z-codex.both.RC07.r3-a1,both,reach,RC07,3,25,fact,"Period end: 2025-12-31; Report / filing date: 10-K · 2026-02-10; Properties: 9,805","2025-12-31; 10-K; 2026-02-10; 9,805",S24,filing,mosaic-finance.com,3,filing,filing,false,false,true,false,false,,none,,,filing,filing,true,false,false,3,false
20261007T081807404545Z-codex.web.RC08.r3-a1,web,reach,RC08,3,1,fact,"U.S. stores at each report’s period end, excluding Mexico and Brazil. All 24 original reports are included; amendments are excluded.",U.S.; Mexico; Brazil; 24,,,,4,filing,filing,false,false,true,true,false,issuer; forum; promotional; aggregator; news; reference,none,,,filing,filing,true,true,false,1,false
20261007T081807404545Z-codex.web.RC08.r3-a1,web,reach,RC08,3,2,fact,"2020 Q1 10-Q: 5,790 U.S. stores as of 2019-11-23.","Q1 10-Q; 5,790; U.S.; 2019-11-23",S1,filing,filing-source,5,secondary,issuer,false,false,false,false,false,issuer; forum; promotional; aggregator; news; reference; other,none,,,filing,filing,true,false,false,3,false
20261007T081807404545Z-codex.web.RC08.r3-a1,web,reach,RC08,3,3,fact,"2020 Q2 10-Q: 5,815 U.S. stores as of 2020-02-15.","Q2 10-Q; 5,815; U.S.; 2020-02-15",S2,filing,filing-source,4,secondary,issuer,false,false,false,false,false,issuer; forum; promotional; aggregator; reference; other,none,,,filing,filing,true,false,false,2,false
20261007T081807404545Z-codex.web.RC08.r3-a1,web,reach,RC08,3,4,fact,"2020 Q3 10-Q: 5,836 U.S. stores as of 2020-05-09.","Q3 10-Q; 5,836; U.S.; 2020-05-09",S3,filing,filing-source,3,secondary,issuer,false,false,false,false,false,issuer; forum; aggregator,none,,,filing,filing,true,false,false,1,false
20261007T081807404545Z-codex.web.RC08.r3-a1,web,reach,RC08,3,5,fact,"2020 10-K: 5,885 U.S. stores as of 2020-08-29.","10-K; 5,885; U.S.; 2020-08-29",S4,filing,filing-source,3,filing,filing,false,false,true,true,false,issuer; forum; promotional; aggregator,none,,,filing,filing,true,true,false,2,false
20261007T081807404545Z-codex.web.RC08.r3-a1,web,reach,RC08,3,6,fact,"2021 Q1 10-Q: 5,924 U.S. stores as of 2020-11-21.","Q1 10-Q; 5,924; U.S.; 2020-11-21",S5,filing,filing-source,5,secondary,issuer,false,false,false,false,false,issuer; forum; promotional; aggregator; news; reference,none,,,filing,filing,true,false,false,3,false
20261007T081807404545Z-codex.web.RC08.r3-a1,web,reach,RC08,3,7,fact,"2021 Q2 10-Q: 5,951 U.S. stores as of 2021-02-13.","Q2 10-Q; 5,951; U.S.; 2021-02-13",S6,filing,filing-source,4,secondary,issuer,false,false,false,false,false,issuer; forum; promotional; aggregator; reference,none,,,filing,filing,true,false,false,2,false
20261007T081807404545Z-codex.web.RC08.r3-a1,web,reach,RC08,3,8,fact,"2021 Q3 10-Q: 5,975 U.S. stores as of 2021-05-08.","Q3 10-Q; 5,975; U.S.; 2021-05-08",S7,filing,filing-source,3,secondary,issuer,false,false,false,false,false,issuer; forum; aggregator,none,,,filing,filing,true,false,false,1,false
20261007T081807404545Z-codex.web.RC08.r3-a1,web,reach,RC08,3,9,fact,"2021 10-K: 6,051 U.S. stores as of 2021-08-28.","10-K; 6,051; U.S.; 2021-08-28",S8,filing,filing-source,3,filing,filing,false,false,true,true,false,issuer; forum; promotional; aggregator,none,,,filing,filing,true,true,false,2,false
20261007T081807404545Z-codex.web.RC08.r3-a1,web,reach,RC08,3,10,fact,"2022 Q1 10-Q: 6,066 U.S. stores as of 2021-11-20.","Q1 10-Q; 6,066; U.S.; 2021-11-20",S9,filing,filing-source,4,secondary,issuer,false,false,false,false,false,issuer; forum; promotional; aggregator; news; reference,none,,,filing,filing,true,true,false,2,false
20261007T081807404545Z-codex.web.RC08.r3-a1,web,reach,RC08,3,11,fact,"2022 Q2 10-Q: 6,091 U.S. stores as of 2022-02-12.","Q2 10-Q; 6,091; U.S.; 2022-02-12",S10,filing,filing-source,4,secondary,issuer,false,false,false,false,false,issuer; forum; promotional; aggregator; news,none,,,filing,filing,true,false,false,2,false
20261007T081807404545Z-codex.web.RC08.r3-a1,web,reach,RC08,3,12,fact,"2022 Q3 10-Q: 6,115 U.S. stores as of 2022-05-07.","Q3 10-Q; 6,115; U.S.; 2022-05-07",S11,filing,filing-source,3,secondary,issuer,false,false,false,false,false,issuer; forum; aggregator,none,,,filing,filing,true,true,false,1,false
20261007T081807404545Z-codex.web.RC08.r3-a1,web,reach,RC08,3,13,fact,"2022 10-K: 6,168 U.S. stores as of 2022-08-27.","10-K; 6,168; U.S.; 2022-08-27",S12,filing,filing-source,3,filing,filing,false,false,true,true,false,issuer; forum; promotional; aggregator; news; reference,none,,,filing,filing,true,true,false,2,false
20261007T081807404545Z-codex.web.RC08.r3-a1,web,reach,RC08,3,14,fact,"2023 Q1 10-Q: 6,196 U.S. stores as of 2022-11-19.","Q1 10-Q; 6,196; U.S.; 2022-11-19",S13,filing,filing-source,5,secondary,issuer,false,false,false,false,false,issuer; forum; promotional; aggregator; news; reference,none,,,filing,filing,true,false,false,3,false
20261007T081807404545Z-codex.web.RC08.r3-a1,web,reach,RC08,3,15,fact,"2023 Q2 10-Q: 6,226 U.S. stores as of 2023-02-11.","Q2 10-Q; 6,226; U.S.; 2023-02-11",S14,issuer,investors.autozone.com,4,secondary,issuer,false,true,false,false,false,issuer; forum; promotional; aggregator; news; reference,none,,,secondary,issuer,false,true,false,2,false
20261007T081807404545Z-codex.web.RC08.r3-a1,web,reach,RC08,3,16,fact,"2023 Q3 10-Q: 6,248 U.S. stores as of 2023-05-06.","Q3 10-Q; 6,248; U.S.; 2023-05-06",S15,filing,filing-source,3,secondary,issuer,false,false,false,false,false,issuer; forum; aggregator,none,,,filing,filing,true,true,false,1,false
20261007T081807404545Z-codex.web.RC08.r3-a1,web,reach,RC08,3,17,fact,"2023 10-K: 6,300 U.S. stores as of 2023-08-26.","10-K; 6,300; U.S.; 2023-08-26",S16,filing,filing-source,3,filing,filing,false,false,true,true,false,issuer; forum; promotional; aggregator,none,,,filing,filing,true,true,false,2,false
20261007T081807404545Z-codex.web.RC08.r3-a1,web,reach,RC08,3,18,fact,"2024 Q1 10-Q: 6,316 U.S. stores as of 2023-11-18.","Q1 10-Q; 6,316; U.S.; 2023-11-18",S17,issuer,investors.autozone.com,5,secondary,issuer,false,true,false,false,false,issuer; forum; promotional; aggregator; news; reference,none,,,secondary,issuer,false,true,false,3,false
20261007T081807404545Z-codex.web.RC08.r3-a1,web,reach,RC08,3,19,fact,"2024 Q2 10-Q: 6,332 U.S. stores as of 2024-02-10.","Q2 10-Q; 6,332; U.S.; 2024-02-10",S18,filing,filing-source,3,secondary,issuer,false,false,false,false,false,issuer; forum; aggregator,none,,,filing,filing,true,true,false,1,false
20261007T081807404545Z-codex.web.RC08.r3-a1,web,reach,RC08,3,20,fact,"2024 Q3 10-Q: 6,364 U.S. stores as of 2024-05-04.","Q3 10-Q; 6,364; U.S.; 2024-05-04",S19,filing,filing-source,3,secondary,issuer,false,false,false,false,false,issuer; forum; aggregator,none,,,filing,filing,true,false,false,1,false
20261007T081807404545Z-codex.web.RC08.r3-a1,web,reach,RC08,3,21,fact,"2024 10-K: 6,432 U.S. stores as of 2024-08-31.","10-K; 6,432; U.S.; 2024-08-31",S20,issuer,investors.autozone.com,3,filing,filing,false,true,true,true,false,issuer; forum; aggregator; news; reference,none,,,filing,filing,true,true,false,2,false
20261007T081807404545Z-codex.web.RC08.r3-a1,web,reach,RC08,3,22,fact,"2025 Q1 10-Q: 6,455 U.S. stores as of 2024-11-23.","Q1 10-Q; 6,455; U.S.; 2024-11-23",S21,issuer,about.autozone.com,5,secondary,issuer,false,true,false,false,false,issuer; forum; promotional; aggregator; news; reference; other,none,,,secondary,issuer,false,true,false,3,false
20261007T081807404545Z-codex.web.RC08.r3-a1,web,reach,RC08,3,23,fact,"2025 Q2 10-Q: 6,483 U.S. stores as of 2025-02-15.","Q2 10-Q; 6,483; U.S.; 2025-02-15",S22,filing,filing-source,4,secondary,issuer,false,false,false,false,false,issuer; forum; promotional; aggregator; reference; other,none,,,filing,filing,true,true,false,2,false
20261007T081807404545Z-codex.web.RC08.r3-a1,web,reach,RC08,3,24,fact,"2025 Q3 10-Q: 6,537 U.S. stores as of 2025-05-10.","Q3 10-Q; 6,537; U.S.; 2025-05-10",S23,filing,filing-source,3,secondary,issuer,false,false,false,false,false,issuer; forum; aggregator,none,,,filing,filing,true,false,false,1,false
20261007T081807404545Z-codex.web.RC08.r3-a1,web,reach,RC08,3,25,fact,"2025 10-K: 6,627 U.S. stores as of 2025-08-30.","10-K; 6,627; U.S.; 2025-08-30",S24,filing,filing-source,2,filing,filing,false,false,true,false,false,issuer; forum; aggregator,none,,,filing,filing,true,false,false,1,false
20261007T081849975598Z-codex.archivist.RC08.r3-a1,archivist,reach,RC08,3,1,fact,"U.S. stores only, excluding Mexico and Brazil.",U.S.; Mexico; Brazil,,,,3,filing,filing,false,false,true,false,false,,none,,,filing,filing,true,false,false,3,false
20261007T081849975598Z-codex.archivist.RC08.r3-a1,archivist,reach,RC08,3,2,fact,All 24 original reports are listed chronologically; amendments are excluded.,24,,,,1,filing,filing,false,false,true,false,false,,none,,,filing,filing,true,false,false,1,false
20261007T081849975598Z-codex.archivist.RC08.r3-a1,archivist,reach,RC08,3,3,fact,"2020 Q1 — 10-Q | 2019-11-23 | 5,790 U.S. stores","2020 Q1; 10-Q; 2019-11-23; 5,790; U.S.",S1,filing,mosaic-finance.com,6,unattributed,,false,false,false,false,false,,none,,,filing,filing,true,false,false,3,false
20261007T081849975598Z-codex.archivist.RC08.r3-a1,archivist,reach,RC08,3,4,fact,"2020 Q2 — 10-Q | 2020-02-15 | 5,815 U.S. stores","2020 Q2; 10-Q; 2020-02-15; 5,815; U.S.",S2,filing,mosaic-finance.com,5,unattributed,,false,false,false,false,false,,none,,,filing,filing,true,false,false,2,false
20261007T081849975598Z-codex.archivist.RC08.r3-a1,archivist,reach,RC08,3,5,fact,"2020 Q3 — 10-Q | 2020-05-09 | 5,836 U.S. stores","2020 Q3; 10-Q; 2020-05-09; 5,836; U.S.",S3,filing,mosaic-finance.com,4,unattributed,,false,false,false,false,false,,none,,,filing,filing,true,false,false,1,false
20261007T081849975598Z-codex.archivist.RC08.r3-a1,archivist,reach,RC08,3,6,fact,"2020 FY — 10-K | 2020-08-29 | 5,885 U.S. stores","2020 FY; 10-K; 2020-08-29; 5,885; U.S.",S4,filing,mosaic-finance.com,4,unattributed,,false,false,false,false,false,,none,,,filing,filing,true,false,false,2,false
20261007T081849975598Z-codex.archivist.RC08.r3-a1,archivist,reach,RC08,3,7,fact,"2021 Q1 — 10-Q | 2020-11-21 | 5,924 U.S. stores","2021 Q1; 10-Q; 2020-11-21; 5,924; U.S.",S5,filing,mosaic-finance.com,6,unattributed,,false,false,false,false,false,,none,,,filing,filing,true,false,false,3,false
20261007T081849975598Z-codex.archivist.RC08.r3-a1,archivist,reach,RC08,3,8,fact,"2021 Q2 — 10-Q | 2021-02-13 | 5,951 U.S. stores","2021 Q2; 10-Q; 2021-02-13; 5,951; U.S.",S6,filing,mosaic-finance.com,5,unattributed,,false,false,false,false,false,,none,,,filing,filing,true,false,false,2,false
20261007T081849975598Z-codex.archivist.RC08.r3-a1,archivist,reach,RC08,3,9,fact,"2021 Q3 — 10-Q | 2021-05-08 | 5,975 U.S. stores","2021 Q3; 10-Q; 2021-05-08; 5,975; U.S.",S7,filing,mosaic-finance.com,4,unattributed,,false,false,false,false,false,,none,,,filing,filing,true,false,false,1,false
20261007T081849975598Z-codex.archivist.RC08.r3-a1,archivist,reach,RC08,3,10,fact,"2021 FY — 10-K | 2021-08-28 | 6,051 U.S. stores","2021 FY; 10-K; 2021-08-28; 6,051; U.S.",S8,filing,mosaic-finance.com,4,unattributed,,false,false,false,false,false,,none,,,filing,filing,true,false,false,2,false
20261007T081849975598Z-codex.archivist.RC08.r3-a1,archivist,reach,RC08,3,11,fact,"2022 Q1 — 10-Q | 2021-11-20 | 6,066 U.S. stores","2022 Q1; 10-Q; 2021-11-20; 6,066; U.S.",S9,filing,mosaic-finance.com,5,unattributed,,false,false,false,false,false,,none,,,filing,filing,true,false,false,2,false
20261007T081849975598Z-codex.archivist.RC08.r3-a1,archivist,reach,RC08,3,12,fact,"2022 Q2 — 10-Q | 2022-02-12 | 6,091 U.S. stores","2022 Q2; 10-Q; 2022-02-12; 6,091; U.S.",S10,filing,mosaic-finance.com,5,unattributed,,false,false,false,false,false,,none,,,filing,filing,true,false,false,2,false
20261007T081849975598Z-codex.archivist.RC08.r3-a1,archivist,reach,RC08,3,13,fact,"2022 Q3 — 10-Q | 2022-05-07 | 6,115 U.S. stores","2022 Q3; 10-Q; 2022-05-07; 6,115; U.S.",S11,filing,mosaic-finance.com,4,unattributed,,false,false,false,false,false,,none,,,filing,filing,true,false,false,1,false
20261007T081849975598Z-codex.archivist.RC08.r3-a1,archivist,reach,RC08,3,14,fact,"2022 FY — 10-K | 2022-08-27 | 6,168 U.S. stores","2022 FY; 10-K; 2022-08-27; 6,168; U.S.",S12,filing,mosaic-finance.com,4,unattributed,,false,false,false,false,false,,none,,,filing,filing,true,false,false,2,false
20261007T081849975598Z-codex.archivist.RC08.r3-a1,archivist,reach,RC08,3,15,fact,"2023 Q1 — 10-Q | 2022-11-19 | 6,196 U.S. stores","2023 Q1; 10-Q; 2022-11-19; 6,196; U.S.",S13,filing,mosaic-finance.com,6,unattributed,,false,false,false,false,false,,none,,,filing,filing,true,false,false,3,false
20261007T081849975598Z-codex.archivist.RC08.r3-a1,archivist,reach,RC08,3,16,fact,"2023 Q2 — 10-Q | 2023-02-11 | 6,226 U.S. stores","2023 Q2; 10-Q; 2023-02-11; 6,226; U.S.",S14,filing,mosaic-finance.com,5,unattributed,,false,false,false,false,false,,none,,,filing,filing,true,false,false,2,false
20261007T081849975598Z-codex.archivist.RC08.r3-a1,archivist,reach,RC08,3,17,fact,"2023 Q3 — 10-Q | 2023-05-06 | 6,248 U.S. stores","2023 Q3; 10-Q; 2023-05-06; 6,248; U.S.",S15,filing,mosaic-finance.com,4,unattributed,,false,false,false,false,false,,none,,,filing,filing,true,false,false,1,false
20261007T081849975598Z-codex.archivist.RC08.r3-a1,archivist,reach,RC08,3,18,fact,"2023 FY — 10-K | 2023-08-26 | 6,300 U.S. stores","2023 FY; 10-K; 2023-08-26; 6,300; U.S.",S16,filing,mosaic-finance.com,4,unattributed,,false,false,false,false,false,,none,,,filing,filing,true,false,false,2,false
20261007T081849975598Z-codex.archivist.RC08.r3-a1,archivist,reach,RC08,3,19,fact,"2024 Q1 — 10-Q | 2023-11-18 | 6,316 U.S. stores","2024 Q1; 10-Q; 2023-11-18; 6,316; U.S.",S17,filing,mosaic-finance.com,6,unattributed,,false,false,false,false,false,,none,,,filing,filing,true,false,false,3,false
20261007T081849975598Z-codex.archivist.RC08.r3-a1,archivist,reach,RC08,3,20,fact,"2024 Q2 — 10-Q | 2024-02-10 | 6,332 U.S. stores","2024 Q2; 10-Q; 2024-02-10; 6,332; U.S.",S18,filing,mosaic-finance.com,4,unattributed,,false,false,false,false,false,,none,,,filing,filing,true,false,false,1,false
20261007T081849975598Z-codex.archivist.RC08.r3-a1,archivist,reach,RC08,3,21,fact,"2024 Q3 — 10-Q | 2024-05-04 | 6,364 U.S. stores","2024 Q3; 10-Q; 2024-05-04; 6,364; U.S.",S19,filing,mosaic-finance.com,4,unattributed,,false,false,false,false,false,,none,,,filing,filing,true,false,false,1,false
20261007T081849975598Z-codex.archivist.RC08.r3-a1,archivist,reach,RC08,3,22,fact,"2024 FY — 10-K | 2024-08-31 | 6,432 U.S. stores","2024 FY; 10-K; 2024-08-31; 6,432; U.S.",S20,filing,mosaic-finance.com,4,unattributed,,false,false,false,false,false,,none,,,filing,filing,true,false,false,2,false
20261007T081849975598Z-codex.archivist.RC08.r3-a1,archivist,reach,RC08,3,23,fact,"2025 Q1 — 10-Q | 2024-11-23 | 6,455 U.S. stores","2025 Q1; 10-Q; 2024-11-23; 6,455; U.S.",S21,filing,mosaic-finance.com,6,unattributed,,false,false,false,false,false,,none,,,filing,filing,true,false,false,3,false
20261007T081849975598Z-codex.archivist.RC08.r3-a1,archivist,reach,RC08,3,24,fact,"2025 Q2 — 10-Q | 2025-02-15 | 6,483 U.S. stores","2025 Q2; 10-Q; 2025-02-15; 6,483; U.S.",S22,filing,mosaic-finance.com,5,unattributed,,false,false,false,false,false,,none,,,filing,filing,true,false,false,2,false
20261007T081849975598Z-codex.archivist.RC08.r3-a1,archivist,reach,RC08,3,25,fact,"2025 Q3 — 10-Q | 2025-05-10 | 6,537 U.S. stores","2025 Q3; 10-Q; 2025-05-10; 6,537; U.S.",S23,filing,mosaic-finance.com,4,unattributed,,false,false,false,false,false,,none,,,filing,filing,true,false,false,1,false
20261007T081849975598Z-codex.archivist.RC08.r3-a1,archivist,reach,RC08,3,26,fact,"2025 FY — 10-K | 2025-08-30 | 6,627 U.S. stores","2025 FY; 10-K; 2025-08-30; 6,627; U.S.",S24,filing,mosaic-finance.com,3,unattributed,,false,false,false,false,false,,none,,,filing,filing,true,false,false,1,false
20261007T081959428055Z-codex.both.RC08.r3-a1,both,reach,RC08,3,1,fact,"AutoZone’s reported U.S./domestic store counts, excluding Mexico and Brazil, for all 24 reports.",AutoZone; U.S.; Mexico; Brazil; 24,,,,5,filing,filing,false,false,true,false,false,,none,,,filing,filing,true,false,false,1,false
20261007T081959428055Z-codex.both.RC08.r3-a1,both,reach,RC08,3,2,fact,"AutoZone: 2020 Q1 — 10-Q, as of 2019-11-23, 5,790 U.S. stores.","AutoZone; 2020 Q1; 10-Q; 2019-11-23; 5,790; U.S.",S1,filing,mosaic-finance.com,7,unattributed,,false,false,false,false,false,,none,,,filing,filing,true,false,false,3,false
20261007T081959428055Z-codex.both.RC08.r3-a1,both,reach,RC08,3,3,fact,"AutoZone: 2020 Q2 — 10-Q, as of 2020-02-15, 5,815 U.S. stores.","AutoZone; 2020 Q2; 10-Q; 2020-02-15; 5,815; U.S.",S2,filing,mosaic-finance.com,6,unattributed,,false,false,false,false,false,,none,,,filing,filing,true,false,false,2,false
20261007T081959428055Z-codex.both.RC08.r3-a1,both,reach,RC08,3,4,fact,"AutoZone: 2020 Q3 — 10-Q, as of 2020-05-09, 5,836 U.S. stores.","AutoZone; 2020 Q3; 10-Q; 2020-05-09; 5,836; U.S.",S3,filing,mosaic-finance.com,5,unattributed,,false,false,false,false,false,,none,,,filing,filing,true,false,false,1,false
20261007T081959428055Z-codex.both.RC08.r3-a1,both,reach,RC08,3,5,fact,"AutoZone: 2020 — 10-K, as of 2020-08-29, 5,885 U.S. stores.","AutoZone; 2020 — 10-K; 2020-08-29; 5,885; U.S.",S4,filing,mosaic-finance.com,4,filing,filing,false,false,true,false,false,,none,,,filing,filing,true,false,false,2,false
20261007T081959428055Z-codex.both.RC08.r3-a1,both,reach,RC08,3,6,fact,"AutoZone: 2021 Q1 — 10-Q, as of 2020-11-21, 5,924 U.S. stores.","AutoZone; 2021 Q1; 10-Q; 2020-11-21; 5,924; U.S.",S5,filing,mosaic-finance.com,7,unattributed,,false,false,false,false,false,,none,,,filing,filing,true,false,false,3,false
20261007T081959428055Z-codex.both.RC08.r3-a1,both,reach,RC08,3,7,fact,"AutoZone: 2021 Q2 — 10-Q, as of 2021-02-13, 5,951 U.S. stores.","AutoZone; 2021 Q2; 10-Q; 2021-02-13; 5,951; U.S.",S6,filing,mosaic-finance.com,6,unattributed,,false,false,false,false,false,,none,,,filing,filing,true,false,false,2,false
20261007T081959428055Z-codex.both.RC08.r3-a1,both,reach,RC08,3,8,fact,"AutoZone: 2021 Q3 — 10-Q, as of 2021-05-08, 5,975 U.S. stores.","AutoZone; 2021 Q3; 10-Q; 2021-05-08; 5,975; U.S.",S7,filing,mosaic-finance.com,5,unattributed,,false,false,false,false,false,,none,,,filing,filing,true,false,false,1,false
20261007T081959428055Z-codex.both.RC08.r3-a1,both,reach,RC08,3,9,fact,"AutoZone: 2021 — 10-K, as of 2021-08-28, 6,051 U.S. stores.","AutoZone; 2021 — 10-K; 2021-08-28; 6,051; U.S.",S8,filing,mosaic-finance.com,4,filing,filing,false,false,true,false,false,,none,,,filing,filing,true,false,false,2,false
20261007T081959428055Z-codex.both.RC08.r3-a1,both,reach,RC08,3,10,fact,"AutoZone: 2022 Q1 — 10-Q, as of 2021-11-20, 6,066 U.S. stores.","AutoZone; 2022 Q1; 10-Q; 2021-11-20; 6,066; U.S.",S9,filing,mosaic-finance.com,6,unattributed,,false,false,false,false,false,,none,,,filing,filing,true,false,false,2,false
20261007T081959428055Z-codex.both.RC08.r3-a1,both,reach,RC08,3,11,fact,"AutoZone: 2022 Q2 — 10-Q, as of 2022-02-12, 6,091 U.S. stores.","AutoZone; 2022 Q2; 10-Q; 2022-02-12; 6,091; U.S.",S10,filing,mosaic-finance.com,6,unattributed,,false,false,false,false,false,,none,,,filing,filing,true,false,false,2,false
20261007T081959428055Z-codex.both.RC08.r3-a1,both,reach,RC08,3,12,fact,"AutoZone: 2022 Q3 — 10-Q, as of 2022-05-07, 6,115 U.S. stores.","AutoZone; 2022 Q3; 10-Q; 2022-05-07; 6,115; U.S.",S11,filing,mosaic-finance.com,5,unattributed,,false,false,false,false,false,,none,,,filing,filing,true,false,false,1,false
20261007T081959428055Z-codex.both.RC08.r3-a1,both,reach,RC08,3,13,fact,"AutoZone: 2022 — 10-K, as of 2022-08-27, 6,168 U.S. stores.","AutoZone; 2022 — 10-K; 2022-08-27; 6,168; U.S.",S12,filing,mosaic-finance.com,4,filing,filing,false,false,true,false,false,,none,,,filing,filing,true,false,false,2,false
20261007T081959428055Z-codex.both.RC08.r3-a1,both,reach,RC08,3,14,fact,"AutoZone: 2023 Q1 — 10-Q, as of 2022-11-19, 6,196 U.S. stores.","AutoZone; 2023 Q1; 10-Q; 2022-11-19; 6,196; U.S.",S13,filing,mosaic-finance.com,7,unattributed,,false,false,false,false,false,,none,,,filing,filing,true,false,false,3,false
20261007T081959428055Z-codex.both.RC08.r3-a1,both,reach,RC08,3,15,fact,"AutoZone: 2023 Q2 — 10-Q, as of 2023-02-11, 6,226 U.S. stores.","AutoZone; 2023 Q2; 10-Q; 2023-02-11; 6,226; U.S.",S14,filing,mosaic-finance.com,6,unattributed,,false,false,false,false,false,,none,,,filing,filing,true,false,false,2,false
20261007T081959428055Z-codex.both.RC08.r3-a1,both,reach,RC08,3,16,fact,"AutoZone: 2023 Q3 — 10-Q, as of 2023-05-06, 6,248 U.S. stores.","AutoZone; 2023 Q3; 10-Q; 2023-05-06; 6,248; U.S.",S15,filing,mosaic-finance.com,5,unattributed,,false,false,false,false,false,,none,,,filing,filing,true,false,false,1,false
20261007T081959428055Z-codex.both.RC08.r3-a1,both,reach,RC08,3,17,fact,"AutoZone: 2023 — 10-K, as of 2023-08-26, 6,300 U.S. stores.","AutoZone; 2023 — 10-K; 2023-08-26; 6,300; U.S.",S16,filing,mosaic-finance.com,4,filing,filing,false,false,true,false,false,,none,,,filing,filing,true,false,false,2,false
20261007T081959428055Z-codex.both.RC08.r3-a1,both,reach,RC08,3,18,fact,"AutoZone: 2024 Q1 — 10-Q, as of 2023-11-18, 6,316 U.S. stores.","AutoZone; 2024 Q1; 10-Q; 2023-11-18; 6,316; U.S.",S17,filing,mosaic-finance.com,7,unattributed,,false,false,false,false,false,,none,,,filing,filing,true,false,false,3,false
20261007T081959428055Z-codex.both.RC08.r3-a1,both,reach,RC08,3,19,fact,"AutoZone: 2024 Q2 — 10-Q, as of 2024-02-10, 6,332 U.S. stores.","AutoZone; 2024 Q2; 10-Q; 2024-02-10; 6,332; U.S.",S18,filing,mosaic-finance.com,5,unattributed,,false,false,false,false,false,,none,,,filing,filing,true,false,false,1,false
20261007T081959428055Z-codex.both.RC08.r3-a1,both,reach,RC08,3,20,fact,"AutoZone: 2024 Q3 — 10-Q, as of 2024-05-04, 6,364 U.S. stores.","AutoZone; 2024 Q3; 10-Q; 2024-05-04; 6,364; U.S.",S19,filing,mosaic-finance.com,5,unattributed,,false,false,false,false,false,,none,,,filing,filing,true,false,false,1,false
20261007T081959428055Z-codex.both.RC08.r3-a1,both,reach,RC08,3,21,fact,"AutoZone: 2024 — 10-K, as of 2024-08-31, 6,432 U.S. stores.","AutoZone; 2024 — 10-K; 2024-08-31; 6,432; U.S.",S20,filing,mosaic-finance.com,4,filing,filing,false,false,true,false,false,,none,,,filing,filing,true,false,false,2,false
20261007T081959428055Z-codex.both.RC08.r3-a1,both,reach,RC08,3,22,fact,"AutoZone: 2025 Q1 — 10-Q, as of 2024-11-23, 6,455 U.S. stores.","AutoZone; 2025 Q1; 10-Q; 2024-11-23; 6,455; U.S.",S21,filing,mosaic-finance.com,7,unattributed,,false,false,false,false,false,,none,,,filing,filing,true,false,false,3,false
20261007T081959428055Z-codex.both.RC08.r3-a1,both,reach,RC08,3,23,fact,"AutoZone: 2025 Q2 — 10-Q, as of 2025-02-15, 6,483 U.S. stores.","AutoZone; 2025 Q2; 10-Q; 2025-02-15; 6,483; U.S.",S22,filing,mosaic-finance.com,6,unattributed,,false,false,false,false,false,,none,,,filing,filing,true,false,false,2,false
20261007T081959428055Z-codex.both.RC08.r3-a1,both,reach,RC08,3,24,fact,"AutoZone: 2025 Q3 — 10-Q, as of 2025-05-10, 6,537 U.S. stores.","AutoZone; 2025 Q3; 10-Q; 2025-05-10; 6,537; U.S.",S23,filing,mosaic-finance.com,5,unattributed,,false,false,false,false,false,,none,,,filing,filing,true,false,false,1,false
20261007T081959428055Z-codex.both.RC08.r3-a1,both,reach,RC08,3,25,fact,"AutoZone: 2025 — 10-K, as of 2025-08-30, 6,627 U.S. stores.","AutoZone; 2025 — 10-K; 2025-08-30; 6,627; U.S.",S24,filing,mosaic-finance.com,3,filing,filing,false,false,true,false,false,,none,,,filing,filing,true,false,false,1,false
20261007T082025480900Z-codex.web.RC09.r3-a1,web,reach,RC09,3,1,fact,"The 22 reports below are in chronological order, excluding amendments.",22,,,,1,filing,filing,false,false,true,true,false,issuer; forum; aggregator; reference,none,,,filing,filing,true,true,false,1,false
20261007T082025480900Z-codex.web.RC09.r3-a1,web,reach,RC09,3,2,fact,"Figures reproduce the MD&A wording, including “approximately” and “million.”",,,,,0,unattributed,,true,false,false,false,false,,none,,,unattributed,,false,false,false,0,true
20261007T082025480900Z-codex.web.RC09.r3-a1,web,reach,RC09,3,3,fact,"2020-09-30 | 10-Q | 318,980 vehicles","2020-09-30; 10-Q; 318,980 vehicles",S1,issuer,ir.tesla.com,2,secondary,issuer,false,true,false,true,false,issuer; forum; aggregator; reference,none,,,secondary,issuer,false,true,false,2,false
20261007T082025480900Z-codex.web.RC09.r3-a1,web,reach,RC09,3,4,fact,"2020-12-31 | 10-K | 499,647 vehicles","2020-12-31; 10-K; 499,647 vehicles",S2,issuer,ir.tesla.com,3,secondary,issuer,false,true,false,true,false,issuer; forum; promotional; aggregator; news; reference; other,none,,,filing,filing,true,true,false,2,false
20261007T082025480900Z-codex.web.RC09.r3-a1,web,reach,RC09,3,5,fact,"2021-03-31 | 10-Q | 184,877 vehicles","2021-03-31; 10-Q; 184,877 vehicles",S3,filing,filing-source,3,filing,filing,false,false,true,false,false,issuer; forum; promotional; aggregator; reference; other,none,,,filing,filing,true,true,false,1,false
20261007T082025480900Z-codex.web.RC09.r3-a1,web,reach,RC09,3,6,fact,"2021-06-30 | 10-Q | 386,181 vehicles","2021-06-30; 10-Q; 386,181 vehicles",S4,filing,filing-source,2,filing,filing,false,false,true,true,false,issuer; forum; aggregator; reference,none,,,filing,filing,true,true,false,2,false
20261007T082025480900Z-codex.web.RC09.r3-a1,web,reach,RC09,3,7,fact,"2021-09-30 | 10-Q | 627,572 vehicles","2021-09-30; 10-Q; 627,572 vehicles",S5,issuer,ir.tesla.com,2,secondary,issuer,false,true,false,true,false,issuer; forum; aggregator; reference,none,,,secondary,issuer,false,true,false,2,false
20261007T082025480900Z-codex.web.RC09.r3-a1,web,reach,RC09,3,8,fact,"2021-12-31 | 10-K | 936,222 vehicles","2021-12-31; 10-K; 936,222 vehicles",S6,filing,filing-source,3,filing,filing,false,false,true,true,false,issuer; forum; promotional; aggregator; news; reference; other,none,,,filing,filing,true,true,false,2,false
20261007T082025480900Z-codex.web.RC09.r3-a1,web,reach,RC09,3,9,fact,"2022-03-31 | 10-Q | 310,048 vehicles","2022-03-31; 10-Q; 310,048 vehicles",S7,filing,filing-source,3,filing,filing,false,false,true,false,false,issuer; forum; promotional; aggregator; reference; other,none,,,filing,filing,true,true,false,1,false
20261007T082025480900Z-codex.web.RC09.r3-a1,web,reach,RC09,3,10,fact,"2022-06-30 | 10-Q | 564,743 vehicles","2022-06-30; 10-Q; 564,743 vehicles",S8,issuer,ir.tesla.com,2,secondary,issuer,false,true,false,true,false,issuer; forum; aggregator; reference,none,,,secondary,issuer,false,true,false,2,false
20261007T082025480900Z-codex.web.RC09.r3-a1,web,reach,RC09,3,11,fact,"2022-09-30 | 10-Q | 908,573 vehicles","2022-09-30; 10-Q; 908,573 vehicles",S9,issuer,ir.tesla.com,2,secondary,issuer,false,true,false,true,false,issuer; forum; aggregator; reference,none,,,secondary,issuer,false,true,false,2,false
20261007T082025480900Z-codex.web.RC09.r3-a1,web,reach,RC09,3,12,fact,"2022-12-31 | 10-K | 1,313,851 consumer vehicles","2022-12-31; 10-K; 1,313,851 consumer vehicles",S10,filing,filing-source,3,filing,filing,false,false,true,true,false,issuer; forum; promotional; aggregator; news; reference; other,none,,,filing,filing,true,true,false,2,false
20261007T082025480900Z-codex.web.RC09.r3-a1,web,reach,RC09,3,13,fact,"2023-03-31 | 10-Q | 422,875 consumer vehicles","2023-03-31; 10-Q; 422,875 consumer vehicles",S11,filing,filing-source,3,filing,filing,false,false,true,false,false,issuer; forum; promotional; aggregator; reference; other,none,,,filing,filing,true,true,false,1,false
20261007T082025480900Z-codex.web.RC09.r3-a1,web,reach,RC09,3,14,fact,"2023-06-30 | 10-Q | 889,015 consumer vehicles","2023-06-30; 10-Q; 889,015 consumer vehicles",S12,issuer,ir.tesla.com,2,secondary,issuer,false,true,false,true,false,issuer; forum; aggregator; reference,none,,,secondary,issuer,false,true,false,2,false
20261007T082025480900Z-codex.web.RC09.r3-a1,web,reach,RC09,3,15,fact,"2023-09-30 | 10-Q | 1,324,074 consumer vehicles","2023-09-30; 10-Q; 1,324,074 consumer vehicles",S13,filing,filing-source,2,filing,filing,false,false,true,false,false,issuer; forum; aggregator; reference,none,,,filing,filing,true,false,false,2,false
20261007T082025480900Z-codex.web.RC09.r3-a1,web,reach,RC09,3,16,fact,"2023-12-31 | 10-K | 1,808,581 consumer vehicles","2023-12-31; 10-K; 1,808,581 consumer vehicles",S14,filing,filing-source,3,filing,filing,false,false,true,false,false,issuer; forum; promotional; aggregator; news; reference; other,none,,,filing,filing,true,true,false,2,false
20261007T082025480900Z-codex.web.RC09.r3-a1,web,reach,RC09,3,17,fact,"2024-03-31 | 10-Q | approximately 387,000 consumer vehicles","2024-03-31; 10-Q; approximately 387,000 consumer vehicles",S15,filing,filing-source,3,filing,filing,false,false,true,false,false,issuer; forum; promotional; aggregator; reference; other,none,,,filing,filing,true,true,false,1,false
20261007T082025480900Z-codex.web.RC09.r3-a1,web,reach,RC09,3,18,fact,"2024-06-30 | 10-Q | approximately 831,000 consumer vehicles","2024-06-30; 10-Q; approximately 831,000 consumer vehicles",S16,filing,filing-source,2,filing,filing,false,false,true,false,false,issuer; forum; aggregator; reference,none,,,filing,filing,true,false,false,2,false
20261007T082025480900Z-codex.web.RC09.r3-a1,web,reach,RC09,3,19,fact,"2024-09-30 | 10-Q | approximately 1,294,000 consumer vehicles","2024-09-30; 10-Q; approximately 1,294,000 consumer vehicles",S17,filing,filing-source,2,filing,filing,false,false,true,false,false,issuer; forum; aggregator; reference,none,,,filing,filing,true,false,false,2,false
20261007T082025480900Z-codex.web.RC09.r3-a1,web,reach,RC09,3,20,fact,"2024-12-31 | 10-K | approximately 1,789,000 consumer vehicles","2024-12-31; 10-K; approximately 1,789,000 consumer vehicles",S18,filing,filing-source,3,filing,filing,false,false,true,false,false,issuer; forum; promotional; aggregator; news; reference; other,none,,,filing,filing,true,true,false,2,false
20261007T082025480900Z-codex.web.RC09.r3-a1,web,reach,RC09,3,21,fact,"2025-03-31 | 10-Q | approximately 337,000 consumer vehicles","2025-03-31; 10-Q; approximately 337,000 consumer vehicles",S19,filing,filing-source,3,filing,filing,false,false,true,false,false,issuer; forum; promotional; aggregator; reference; other,none,,,filing,filing,true,true,false,1,false
20261007T082025480900Z-codex.web.RC09.r3-a1,web,reach,RC09,3,22,fact,"2025-06-30 | 10-Q | approximately 721,000 consumer vehicles","2025-06-30; 10-Q; approximately 721,000 consumer vehicles",S20,filing,filing-source,2,filing,filing,false,false,true,false,false,issuer; forum; aggregator; reference,none,,,filing,filing,true,false,false,2,false
20261007T082025480900Z-codex.web.RC09.r3-a1,web,reach,RC09,3,23,fact,"2025-09-30 | 10-Q | approximately 1,218,000 consumer vehicles","2025-09-30; 10-Q; approximately 1,218,000 consumer vehicles",S21,filing,filing-source,2,filing,filing,false,false,true,false,false,issuer; forum; aggregator; reference,none,,,filing,filing,true,false,false,2,false
20261007T082025480900Z-codex.web.RC09.r3-a1,web,reach,RC09,3,24,fact,2025-12-31 | 10-K | approximately 1.64 million consumer vehicles,2025-12-31; 10-K; approximately 1.64 million consumer vehicles,S22,filing,filing-source,3,filing,filing,false,false,true,false,false,issuer; forum; promotional; aggregator; news; reference; other,none,,,filing,filing,true,true,false,2,false
20261007T082139011327Z-codex.archivist.RC09.r3-a1,archivist,reach,RC09,3,1,fact,"All 22 reports, excluding amendments.",22,,,,1,filing,filing,false,false,true,false,false,,none,,,filing,filing,true,false,false,1,false
20261007T082139011327Z-codex.archivist.RC09.r3-a1,archivist,reach,RC09,3,2,fact,"Figures below reproduce the MD&A wording; 10-Q figures are calendar year to date, and 10-K figures are full year.",MD&A; 10-Q; 10-K,,,,2,unattributed,,false,false,false,false,false,,none,,,unattributed,,false,false,false,2,false
20261007T082139011327Z-codex.archivist.RC09.r3-a1,archivist,reach,RC09,3,3,fact,"2020-09-30 | 10-Q | 2020-10-26 | 318,980 vehicles","2020-09-30; 10-Q; 2020-10-26; 318,980 vehicles",S1,filing,mosaic-finance.com,3,filing,filing,false,false,true,false,false,,none,,,filing,filing,true,false,false,1,false
20261007T082139011327Z-codex.archivist.RC09.r3-a1,archivist,reach,RC09,3,4,fact,"2020-12-31 | 10-K | 2021-02-08 | 499,647 vehicles","2020-12-31; 10-K; 2021-02-08; 499,647 vehicles",S2,filing,mosaic-finance.com,3,filing,filing,false,false,true,false,false,,none,,,filing,filing,true,false,false,2,false
20261007T082139011327Z-codex.archivist.RC09.r3-a1,archivist,reach,RC09,3,5,fact,"2021-03-31 | 10-Q | 2021-04-27 | 184,877 vehicles","2021-03-31; 10-Q; 2021-04-27; 184,877 vehicles",S3,filing,mosaic-finance.com,4,filing,filing,false,false,true,false,false,,none,,,filing,filing,true,false,false,2,false
20261007T082139011327Z-codex.archivist.RC09.r3-a1,archivist,reach,RC09,3,6,fact,"2021-06-30 | 10-Q | 2021-07-27 | 386,181 vehicles","2021-06-30; 10-Q; 2021-07-27; 386,181 vehicles",S4,filing,mosaic-finance.com,3,filing,filing,false,false,true,false,false,,none,,,filing,filing,true,false,false,1,false
20261007T082139011327Z-codex.archivist.RC09.r3-a1,archivist,reach,RC09,3,7,fact,"2021-09-30 | 10-Q | 2021-10-25 | 627,572 vehicles","2021-09-30; 10-Q; 2021-10-25; 627,572 vehicles",S5,filing,mosaic-finance.com,3,filing,filing,false,false,true,false,false,,none,,,filing,filing,true,false,false,1,false
20261007T082139011327Z-codex.archivist.RC09.r3-a1,archivist,reach,RC09,3,8,fact,"2021-12-31 | 10-K | 2022-02-07 | 936,222 vehicles","2021-12-31; 10-K; 2022-02-07; 936,222 vehicles",S6,filing,mosaic-finance.com,3,filing,filing,false,false,true,false,false,,none,,,filing,filing,true,false,false,2,false
20261007T082139011327Z-codex.archivist.RC09.r3-a1,archivist,reach,RC09,3,9,fact,"2022-03-31 | 10-Q | 2022-04-25 | 310,048 vehicles","2022-03-31; 10-Q; 2022-04-25; 310,048 vehicles",S7,filing,mosaic-finance.com,4,filing,filing,false,false,true,false,false,,none,,,filing,filing,true,false,false,2,false
20261007T082139011327Z-codex.archivist.RC09.r3-a1,archivist,reach,RC09,3,10,fact,"2022-06-30 | 10-Q | 2022-07-25 | 564,743 vehicles","2022-06-30; 10-Q; 2022-07-25; 564,743 vehicles",S8,filing,mosaic-finance.com,3,filing,filing,false,false,true,false,false,,none,,,filing,filing,true,false,false,1,false
20261007T082139011327Z-codex.archivist.RC09.r3-a1,archivist,reach,RC09,3,11,fact,"2022-09-30 | 10-Q | 2022-10-24 | 908,573 vehicles","2022-09-30; 10-Q; 2022-10-24; 908,573 vehicles",S9,filing,mosaic-finance.com,3,filing,filing,false,false,true,false,false,,none,,,filing,filing,true,false,false,1,false
20261007T082139011327Z-codex.archivist.RC09.r3-a1,archivist,reach,RC09,3,12,fact,"2022-12-31 | 10-K | 2023-01-31 | 1,313,851 consumer vehicles","2022-12-31; 10-K; 2023-01-31; 1,313,851 consumer vehicles",S10,filing,mosaic-finance.com,4,filing,filing,false,false,true,false,false,,none,,,filing,filing,true,false,false,3,false
20261007T082139011327Z-codex.archivist.RC09.r3-a1,archivist,reach,RC09,3,13,fact,"2023-03-31 | 10-Q | 2023-04-24 | 422,875 consumer vehicles","2023-03-31; 10-Q; 2023-04-24; 422,875 consumer vehicles",S11,filing,mosaic-finance.com,4,filing,filing,false,false,true,false,false,,none,,,filing,filing,true,false,false,2,false
20261007T082139011327Z-codex.archivist.RC09.r3-a1,archivist,reach,RC09,3,14,fact,"2023-06-30 | 10-Q | 2023-07-24 | 889,015 consumer vehicles","2023-06-30; 10-Q; 2023-07-24; 889,015 consumer vehicles",S12,filing,mosaic-finance.com,3,filing,filing,false,false,true,false,false,,none,,,filing,filing,true,false,false,1,false
20261007T082139011327Z-codex.archivist.RC09.r3-a1,archivist,reach,RC09,3,15,fact,"2023-09-30 | 10-Q | 2023-10-23 | 1,324,074 consumer vehicles","2023-09-30; 10-Q; 2023-10-23; 1,324,074 consumer vehicles",S13,filing,mosaic-finance.com,3,filing,filing,false,false,true,false,false,,none,,,filing,filing,true,false,false,1,false
20261007T082139011327Z-codex.archivist.RC09.r3-a1,archivist,reach,RC09,3,16,fact,"2023-12-31 | 10-K | 2024-01-29 | 1,808,581 consumer vehicles","2023-12-31; 10-K; 2024-01-29; 1,808,581 consumer vehicles",S14,filing,mosaic-finance.com,4,filing,filing,false,false,true,false,false,,none,,,filing,filing,true,false,false,3,false
20261007T082139011327Z-codex.archivist.RC09.r3-a1,archivist,reach,RC09,3,17,fact,"2024-03-31 | 10-Q | 2024-04-24 | approximately 387,000 consumer vehicles","2024-03-31; 10-Q; 2024-04-24; approximately 387,000 consumer vehicles",S15,filing,mosaic-finance.com,4,filing,filing,false,false,true,false,false,,none,,,filing,filing,true,false,false,2,false
20261007T082139011327Z-codex.archivist.RC09.r3-a1,archivist,reach,RC09,3,18,fact,"2024-06-30 | 10-Q | 2024-07-24 | approximately 831,000 consumer vehicles","2024-06-30; 10-Q; 2024-07-24; approximately 831,000 consumer vehicles",S16,filing,mosaic-finance.com,3,filing,filing,false,false,true,false,false,,none,,,filing,filing,true,false,false,1,false
20261007T082139011327Z-codex.archivist.RC09.r3-a1,archivist,reach,RC09,3,19,fact,"2024-09-30 | 10-Q | 2024-10-24 | approximately 1,294,000 consumer vehicles","2024-09-30; 10-Q; 2024-10-24; approximately 1,294,000 consumer vehicles",S17,filing,mosaic-finance.com,3,filing,filing,false,false,true,false,false,,none,,,filing,filing,true,false,false,1,false
20261007T082139011327Z-codex.archivist.RC09.r3-a1,archivist,reach,RC09,3,20,fact,"2024-12-31 | 10-K | 2025-01-30 | approximately 1,789,000 consumer vehicles","2024-12-31; 10-K; 2025-01-30; approximately 1,789,000 consumer vehicles",S18,filing,mosaic-finance.com,3,filing,filing,false,false,true,false,false,,none,,,filing,filing,true,false,false,2,false
20261007T082139011327Z-codex.archivist.RC09.r3-a1,archivist,reach,RC09,3,21,fact,"2025-03-31 | 10-Q | 2025-04-23 | approximately 337,000 consumer vehicles","2025-03-31; 10-Q; 2025-04-23; approximately 337,000 consumer vehicles",S19,filing,mosaic-finance.com,4,filing,filing,false,false,true,false,false,,none,,,filing,filing,true,false,false,2,false
20261007T082139011327Z-codex.archivist.RC09.r3-a1,archivist,reach,RC09,3,22,fact,"2025-06-30 | 10-Q | 2025-07-24 | approximately 721,000 consumer vehicles","2025-06-30; 10-Q; 2025-07-24; approximately 721,000 consumer vehicles",S20,filing,mosaic-finance.com,3,filing,filing,false,false,true,false,false,,none,,,filing,filing,true,false,false,1,false
20261007T082139011327Z-codex.archivist.RC09.r3-a1,archivist,reach,RC09,3,23,fact,"2025-09-30 | 10-Q | 2025-10-23 | approximately 1,218,000 consumer vehicles","2025-09-30; 10-Q; 2025-10-23; approximately 1,218,000 consumer vehicles",S21,filing,mosaic-finance.com,3,filing,filing,false,false,true,false,false,,none,,,filing,filing,true,false,false,1,false
20261007T082139011327Z-codex.archivist.RC09.r3-a1,archivist,reach,RC09,3,24,fact,2025-12-31 | 10-K | 2026-01-29 | approximately 1.64 million consumer vehicles,2025-12-31; 10-K; 2026-01-29; approximately 1.64 million consumer vehicles,S22,filing,mosaic-finance.com,4,filing,filing,false,false,true,false,false,,none,,,filing,filing,true,false,false,3,false
20261007T082201540034Z-codex.both.RC09.r3-a1,both,reach,RC09,3,1,fact,All 22 reports are listed below; 10-K/A amendments are excluded.,22; 10-K/A,,,,1,filing,filing,false,false,true,false,false,,none,,,filing,filing,true,false,false,1,false
20261007T082201540034Z-codex.both.RC09.r3-a1,both,reach,RC09,3,2,fact,Figures reproduce the MD&A wording: calendar-year-to-date for 10-Qs and full-year for 10-Ks.,MD&A; 10-Qs; 10-Ks,,,,3,unattributed,,false,false,false,false,false,,none,,,unattributed,,false,false,false,3,false
20261007T082201540034Z-codex.both.RC09.r3-a1,both,reach,RC09,3,3,fact,"2020-09-30 | 10-Q | 2020-10-26 | 318,980 vehicles","2020-09-30; 10-Q; 2020-10-26; 318,980 vehicles",S1,filing,mosaic-finance.com,3,filing,filing,false,false,true,false,false,,none,,,filing,filing,true,false,false,1,false
20261007T082201540034Z-codex.both.RC09.r3-a1,both,reach,RC09,3,4,fact,"2020-12-31 | 10-K | 2021-02-08 | 499,647 vehicles","2020-12-31; 10-K; 2021-02-08; 499,647 vehicles",S2,filing,mosaic-finance.com,3,filing,filing,false,false,true,false,false,,none,,,filing,filing,true,false,false,2,false
20261007T082201540034Z-codex.both.RC09.r3-a1,both,reach,RC09,3,5,fact,"2021-03-31 | 10-Q | 2021-04-27 | 184,877 vehicles","2021-03-31; 10-Q; 2021-04-27; 184,877 vehicles",S3,filing,mosaic-finance.com,4,filing,filing,false,false,true,false,false,,none,,,filing,filing,true,false,false,2,false
20261007T082201540034Z-codex.both.RC09.r3-a1,both,reach,RC09,3,6,fact,"2021-06-30 | 10-Q | 2021-07-27 | 386,181 vehicles","2021-06-30; 10-Q; 2021-07-27; 386,181 vehicles",S4,filing,mosaic-finance.com,3,filing,filing,false,false,true,false,false,,none,,,filing,filing,true,false,false,1,false
20261007T082201540034Z-codex.both.RC09.r3-a1,both,reach,RC09,3,7,fact,"2021-09-30 | 10-Q | 2021-10-25 | 627,572 vehicles","2021-09-30; 10-Q; 2021-10-25; 627,572 vehicles",S5,filing,mosaic-finance.com,3,filing,filing,false,false,true,false,false,,none,,,filing,filing,true,false,false,1,false
20261007T082201540034Z-codex.both.RC09.r3-a1,both,reach,RC09,3,8,fact,"2021-12-31 | 10-K | 2022-02-07 | 936,222 vehicles","2021-12-31; 10-K; 2022-02-07; 936,222 vehicles",S6,filing,mosaic-finance.com,3,filing,filing,false,false,true,false,false,,none,,,filing,filing,true,false,false,2,false
20261007T082201540034Z-codex.both.RC09.r3-a1,both,reach,RC09,3,9,fact,"2022-03-31 | 10-Q | 2022-04-25 | 310,048 vehicles","2022-03-31; 10-Q; 2022-04-25; 310,048 vehicles",S7,filing,mosaic-finance.com,4,filing,filing,false,false,true,false,false,,none,,,filing,filing,true,false,false,2,false
20261007T082201540034Z-codex.both.RC09.r3-a1,both,reach,RC09,3,10,fact,"2022-06-30 | 10-Q | 2022-07-25 | 564,743 vehicles","2022-06-30; 10-Q; 2022-07-25; 564,743 vehicles",S8,filing,mosaic-finance.com,3,filing,filing,false,false,true,false,false,,none,,,filing,filing,true,false,false,1,false
20261007T082201540034Z-codex.both.RC09.r3-a1,both,reach,RC09,3,11,fact,"2022-09-30 | 10-Q | 2022-10-24 | 908,573 vehicles","2022-09-30; 10-Q; 2022-10-24; 908,573 vehicles",S9,filing,mosaic-finance.com,3,filing,filing,false,false,true,false,false,,none,,,filing,filing,true,false,false,1,false
20261007T082201540034Z-codex.both.RC09.r3-a1,both,reach,RC09,3,12,fact,"2022-12-31 | 10-K | 2023-01-31 | 1,313,851 consumer vehicles","2022-12-31; 10-K; 2023-01-31; 1,313,851 consumer vehicles",S10,filing,mosaic-finance.com,4,filing,filing,false,false,true,false,false,,none,,,filing,filing,true,false,false,3,false
20261007T082201540034Z-codex.both.RC09.r3-a1,both,reach,RC09,3,13,fact,"2023-03-31 | 10-Q | 2023-04-24 | 422,875 consumer vehicles","2023-03-31; 10-Q; 2023-04-24; 422,875 consumer vehicles",S11,filing,mosaic-finance.com,4,filing,filing,false,false,true,false,false,,none,,,filing,filing,true,false,false,2,false
20261007T082201540034Z-codex.both.RC09.r3-a1,both,reach,RC09,3,14,fact,"2023-06-30 | 10-Q | 2023-07-24 | 889,015 consumer vehicles","2023-06-30; 10-Q; 2023-07-24; 889,015 consumer vehicles",S12,filing,mosaic-finance.com,3,filing,filing,false,false,true,false,false,,none,,,filing,filing,true,false,false,1,false
20261007T082201540034Z-codex.both.RC09.r3-a1,both,reach,RC09,3,15,fact,"2023-09-30 | 10-Q | 2023-10-23 | 1,324,074 consumer vehicles","2023-09-30; 10-Q; 2023-10-23; 1,324,074 consumer vehicles",S13,filing,mosaic-finance.com,3,filing,filing,false,false,true,false,false,,none,,,filing,filing,true,false,false,1,false
20261007T082201540034Z-codex.both.RC09.r3-a1,both,reach,RC09,3,16,fact,"2023-12-31 | 10-K | 2024-01-29 | 1,808,581 consumer vehicles","2023-12-31; 10-K; 2024-01-29; 1,808,581 consumer vehicles",S14,filing,mosaic-finance.com,4,filing,filing,false,false,true,false,false,,none,,,filing,filing,true,false,false,3,false
20261007T082201540034Z-codex.both.RC09.r3-a1,both,reach,RC09,3,17,fact,"2024-03-31 | 10-Q | 2024-04-24 | approximately 387,000 consumer vehicles","2024-03-31; 10-Q; 2024-04-24; approximately 387,000 consumer vehicles",S15,filing,mosaic-finance.com,4,filing,filing,false,false,true,false,false,,none,,,filing,filing,true,false,false,2,false
20261007T082201540034Z-codex.both.RC09.r3-a1,both,reach,RC09,3,18,fact,"2024-06-30 | 10-Q | 2024-07-24 | approximately 831,000 consumer vehicles","2024-06-30; 10-Q; 2024-07-24; approximately 831,000 consumer vehicles",S16,filing,mosaic-finance.com,3,filing,filing,false,false,true,false,false,,none,,,filing,filing,true,false,false,1,false
20261007T082201540034Z-codex.both.RC09.r3-a1,both,reach,RC09,3,19,fact,"2024-09-30 | 10-Q | 2024-10-24 | approximately 1,294,000 consumer vehicles","2024-09-30; 10-Q; 2024-10-24; approximately 1,294,000 consumer vehicles",S17,filing,mosaic-finance.com,3,filing,filing,false,false,true,false,false,,none,,,filing,filing,true,false,false,1,false
20261007T082201540034Z-codex.both.RC09.r3-a1,both,reach,RC09,3,20,fact,"2024-12-31 | 10-K | 2025-01-30 | approximately 1,789,000 consumer vehicles","2024-12-31; 10-K; 2025-01-30; approximately 1,789,000 consumer vehicles",S18,filing,mosaic-finance.com,3,filing,filing,false,false,true,false,false,,none,,,filing,filing,true,false,false,2,false
20261007T082201540034Z-codex.both.RC09.r3-a1,both,reach,RC09,3,21,fact,"2025-03-31 | 10-Q | 2025-04-23 | approximately 337,000 consumer vehicles","2025-03-31; 10-Q; 2025-04-23; approximately 337,000 consumer vehicles",S19,filing,mosaic-finance.com,4,filing,filing,false,false,true,false,false,,none,,,filing,filing,true,false,false,2,false
20261007T082201540034Z-codex.both.RC09.r3-a1,both,reach,RC09,3,22,fact,"2025-06-30 | 10-Q | 2025-07-24 | approximately 721,000 consumer vehicles","2025-06-30; 10-Q; 2025-07-24; approximately 721,000 consumer vehicles",S20,filing,mosaic-finance.com,3,filing,filing,false,false,true,false,false,,none,,,filing,filing,true,false,false,1,false
20261007T082201540034Z-codex.both.RC09.r3-a1,both,reach,RC09,3,23,fact,"2025-09-30 | 10-Q | 2025-10-23 | approximately 1,218,000 consumer vehicles","2025-09-30; 10-Q; 2025-10-23; approximately 1,218,000 consumer vehicles",S21,filing,mosaic-finance.com,3,filing,filing,false,false,true,false,false,,none,,,filing,filing,true,false,false,1,false
20261007T082201540034Z-codex.both.RC09.r3-a1,both,reach,RC09,3,24,fact,2025-12-31 | 10-K | 2026-01-29 | approximately 1.64 million consumer vehicles,2025-12-31; 10-K; 2026-01-29; approximately 1.64 million consumer vehicles,S22,filing,mosaic-finance.com,4,filing,filing,false,false,true,false,false,,none,,,filing,filing,true,false,false,3,false
20261007T082331250940Z-codex.web.RC10.r3-a1,web,reach,RC10,3,1,fact,"Sources link to English SEDAR+ MD&As where available, supplemented by CN’s copies and results releases.",SEDAR+; CN,,,,2,filing,filing,false,false,true,true,false,issuer; forum; promotional; aggregator; reference; other,none,,,filing,filing,true,true,false,2,false
20261007T082331250940Z-codex.web.RC10.r3-a1,web,reach,RC10,3,2,fact,"Q3 2021 revenues (C$ millions): 3,591.","Q3 2021; 3,591",S1,issuer,cn.ca,2,secondary,issuer,false,true,false,true,false,issuer; other,none,,,secondary,issuer,false,true,false,1,false
20261007T082331250940Z-codex.web.RC10.r3-a1,web,reach,RC10,3,3,fact,"FY 2021 revenues (C$ millions): 14,477.","FY 2021; 14,477",S2,issuer,cn.ca,1,filing,filing,false,true,true,true,false,issuer,none,,,filing,filing,true,true,false,1,false
20261007T082331250940Z-codex.web.RC10.r3-a1,web,reach,RC10,3,4,fact,"Q1 2022 revenues (C$ millions): 3,708.","Q1 2022; 3,708",S3,issuer,cn.ca,2,secondary,issuer,false,true,false,true,false,issuer; forum; aggregator; other,none,,,filing,filing,true,true,false,1,false
20261007T082331250940Z-codex.web.RC10.r3-a1,web,reach,RC10,3,5,fact,"Q2 2022 revenues (C$ millions): 4,344.","Q2 2022; 4,344",S4,issuer,cn.ca,2,secondary,issuer,false,true,false,true,false,issuer; forum; aggregator; reference,none,,,secondary,issuer,false,true,false,1,false
20261007T082331250940Z-codex.web.RC10.r3-a1,web,reach,RC10,3,6,fact,"Q3 2022 revenues (C$ millions): 4,513.","Q3 2022; 4,513",S5,issuer,cn.ca,2,secondary,issuer,false,true,false,true,false,issuer; forum; aggregator,none,,,filing,filing,true,true,false,1,false
20261007T082331250940Z-codex.web.RC10.r3-a1,web,reach,RC10,3,7,fact,"FY 2022 revenues (C$ millions): 17,107.","FY 2022; 17,107",S6,issuer,cn.ca,1,filing,filing,false,true,true,true,false,issuer; forum; other,none,,,filing,filing,true,true,false,1,false
20261007T082331250940Z-codex.web.RC10.r3-a1,web,reach,RC10,3,8,fact,"Q1 2023 revenues (C$ millions): 4,313.","Q1 2023; 4,313",S7,issuer,cn.ca,2,secondary,issuer,false,true,false,false,false,issuer; forum; promotional; aggregator; reference,none,,,filing,filing,true,true,false,1,false
20261007T082331250940Z-codex.web.RC10.r3-a1,web,reach,RC10,3,9,fact,"Q2 2023 revenues (C$ millions): 4,057.","Q2 2023; 4,057",S8,issuer,cn.ca,2,secondary,issuer,false,true,false,false,false,issuer; forum; reference,none,,,filing,filing,true,true,false,1,false
20261007T082331250940Z-codex.web.RC10.r3-a1,web,reach,RC10,3,10,fact,"Q3 2023 revenues (C$ millions): 3,987.","Q3 2023; 3,987",S9,filing,filing-source,2,secondary,issuer,false,false,false,false,false,issuer; forum,none,,,filing,filing,true,true,false,1,false
20261007T082331250940Z-codex.web.RC10.r3-a1,web,reach,RC10,3,11,fact,"FY 2023 revenues (C$ millions): 16,828.","FY 2023; 16,828",S10,filing,filing-source,1,filing,filing,false,false,true,true,false,issuer; forum; aggregator,none,,,filing,filing,true,true,false,1,false
20261007T082331250940Z-codex.web.RC10.r3-a1,web,reach,RC10,3,12,fact,"Q1 2024 revenues (C$ millions): 4,249.","Q1 2024; 4,249",S11,filing,filing-source,2,secondary,issuer,false,false,false,true,false,issuer; forum; aggregator,none,,,filing,filing,true,true,false,1,false
20261007T082331250940Z-codex.web.RC10.r3-a1,web,reach,RC10,3,13,fact,"Q2 2024 revenues (C$ millions): 4,329.","Q2 2024; 4,329",S12,filing,filing-source,2,secondary,forum,false,false,false,true,false,forum,none,,,filing,filing,true,true,false,1,false
20261007T082331250940Z-codex.web.RC10.r3-a1,web,reach,RC10,3,14,fact,"Q3 2024 revenues (C$ millions): 4,110.","Q3 2024; 4,110",S13,filing,filing-source,2,secondary,issuer,false,false,false,true,false,issuer; forum; aggregator,none,,,filing,filing,true,true,false,1,false
20261007T082331250940Z-codex.web.RC10.r3-a1,web,reach,RC10,3,15,fact,"FY 2024 revenues (C$ millions): 17,046.","FY 2024; 17,046",S14,issuer,cn.ca,1,filing,filing,false,true,true,true,false,issuer; aggregator,none,,,filing,filing,true,true,false,1,false
20261007T082331250940Z-codex.web.RC10.r3-a1,web,reach,RC10,3,16,fact,"Q1 2025 revenues (C$ millions): 4,403.","Q1 2025; 4,403",S15,filing,filing-source,2,filing,filing,false,false,true,true,false,issuer; forum,none,,,filing,filing,true,true,false,1,false
20261007T082331250940Z-codex.web.RC10.r3-a1,web,reach,RC10,3,17,fact,"Q2 2025 revenues (C$ millions): 4,272.","Q2 2025; 4,272",S16,filing,filing-source,2,secondary,issuer,false,false,false,true,false,issuer; forum,none,,,filing,filing,true,true,false,1,false
20261007T082331250940Z-codex.web.RC10.r3-a1,web,reach,RC10,3,18,fact,"Q3 2025 revenues (C$ millions): 4,165.","Q3 2025; 4,165",S17,filing,filing-source,2,secondary,issuer,false,false,false,true,false,issuer; forum,none,,,filing,filing,true,true,false,1,false
20261007T082331250940Z-codex.web.RC10.r3-a1,web,reach,RC10,3,19,fact,"FY 2025 revenues (C$ millions): 17,304.","FY 2025; 17,304",S18,filing,filing-source,1,filing,filing,false,false,true,true,false,issuer; aggregator,none,,,filing,filing,true,true,false,1,false
20261007T082331250940Z-codex.web.RC10.r3-a1,web,reach,RC10,3,20,fact,"Q1 2026 revenues (C$ millions): 4,379.","Q1 2026; 4,379",S19,filing,filing-source,2,filing,filing,false,false,true,true,false,issuer; forum,none,,,filing,filing,true,true,false,1,false
20261007T082331250940Z-codex.web.RC10.r3-a1,web,reach,RC10,3,21,fact,"Q2 2026 revenues (C$ millions): 4,753.","Q2 2026; 4,753",S20,issuer,cn.ca,2,filing,filing,false,true,true,true,false,issuer; forum,none,,,filing,filing,true,true,false,1,false
20261007T082351356573Z-codex.archivist.RC10.r3-a1,archivist,reach,RC10,3,1,fact,"CN’s revenues below are in millions of Canadian dollars, taken from the English MD&As.",CN; Canadian dollars,,,,2,filing,filing,false,false,true,false,false,,none,,,filing,filing,true,false,false,2,false
20261007T082351356573Z-codex.archivist.RC10.r3-a1,archivist,reach,RC10,3,2,fact,Interim figures cover the quarter only; annual figures cover the full fiscal year.,,,,,0,unattributed,,true,false,false,false,false,,none,,,unattributed,,false,false,false,0,true
20261007T082351356573Z-codex.archivist.RC10.r3-a1,archivist,reach,RC10,3,3,fact,"CN’s Q3 2021 revenues for the period ended September 30, 2021 were 3,591 million Canadian dollars.","CN; Q3 2021; September 30, 2021; 3,591; Canadian dollars",S1,filing,mosaic-finance.com,5,unattributed,,false,false,false,false,false,,none,,,filing,filing,true,false,false,1,false
20261007T082351356573Z-codex.archivist.RC10.r3-a1,archivist,reach,RC10,3,4,fact,"CN’s FY 2021 revenues for the period ended December 31, 2021 were 14,477 million Canadian dollars.","CN; FY 2021; December 31, 2021; 14,477; Canadian dollars",S2,filing,mosaic-finance.com,4,filing,filing,false,false,true,false,false,,none,,,filing,filing,true,false,false,1,false
20261007T082351356573Z-codex.archivist.RC10.r3-a1,archivist,reach,RC10,3,5,fact,"CN’s Q1 2022 revenues for the period ended March 31, 2022 were 3,708 million Canadian dollars.","CN; Q1 2022; March 31, 2022; 3,708; Canadian dollars",S3,filing,mosaic-finance.com,5,unattributed,,false,false,false,false,false,,none,,,filing,filing,true,false,false,1,false
20261007T082351356573Z-codex.archivist.RC10.r3-a1,archivist,reach,RC10,3,6,fact,"CN’s Q2 2022 revenues for the period ended June 30, 2022 were 4,344 million Canadian dollars.","CN; Q2 2022; June 30, 2022; 4,344; Canadian dollars",S4,filing,mosaic-finance.com,5,unattributed,,false,false,false,false,false,,none,,,filing,filing,true,false,false,1,false
20261007T082351356573Z-codex.archivist.RC10.r3-a1,archivist,reach,RC10,3,7,fact,"CN’s Q3 2022 revenues for the period ended September 30, 2022 were 4,513 million Canadian dollars.","CN; Q3 2022; September 30, 2022; 4,513; Canadian dollars",S5,filing,mosaic-finance.com,5,unattributed,,false,false,false,false,false,,none,,,filing,filing,true,false,false,1,false
20261007T082351356573Z-codex.archivist.RC10.r3-a1,archivist,reach,RC10,3,8,fact,"CN’s FY 2022 revenues for the period ended December 31, 2022 were 17,107 million Canadian dollars.","CN; FY 2022; December 31, 2022; 17,107; Canadian dollars",S6,filing,mosaic-finance.com,4,filing,filing,false,false,true,false,false,,none,,,filing,filing,true,false,false,1,false
20261007T082351356573Z-codex.archivist.RC10.r3-a1,archivist,reach,RC10,3,9,fact,"CN’s Q1 2023 revenues for the period ended March 31, 2023 were 4,313 million Canadian dollars.","CN; Q1 2023; March 31, 2023; 4,313; Canadian dollars",S7,filing,mosaic-finance.com,5,unattributed,,false,false,false,false,false,,none,,,filing,filing,true,false,false,1,false
20261007T082351356573Z-codex.archivist.RC10.r3-a1,archivist,reach,RC10,3,10,fact,"CN’s Q2 2023 revenues for the period ended June 30, 2023 were 4,057 million Canadian dollars.","CN; Q2 2023; June 30, 2023; 4,057; Canadian dollars",S8,filing,mosaic-finance.com,5,unattributed,,false,false,false,false,false,,none,,,filing,filing,true,false,false,1,false
20261007T082351356573Z-codex.archivist.RC10.r3-a1,archivist,reach,RC10,3,11,fact,"CN’s Q3 2023 revenues for the period ended September 30, 2023 were 3,987 million Canadian dollars.","CN; Q3 2023; September 30, 2023; 3,987; Canadian dollars",S9,filing,mosaic-finance.com,5,unattributed,,false,false,false,false,false,,none,,,filing,filing,true,false,false,1,false
20261007T082351356573Z-codex.archivist.RC10.r3-a1,archivist,reach,RC10,3,12,fact,"CN’s FY 2023 revenues for the period ended December 31, 2023 were 16,828 million Canadian dollars.","CN; FY 2023; December 31, 2023; 16,828; Canadian dollars",S10,filing,mosaic-finance.com,4,filing,filing,false,false,true,false,false,,none,,,filing,filing,true,false,false,1,false
20261007T082351356573Z-codex.archivist.RC10.r3-a1,archivist,reach,RC10,3,13,fact,"CN’s Q1 2024 revenues for the period ended March 31, 2024 were 4,249 million Canadian dollars.","CN; Q1 2024; March 31, 2024; 4,249; Canadian dollars",S11,filing,mosaic-finance.com,5,unattributed,,false,false,false,false,false,,none,,,filing,filing,true,false,false,1,false
20261007T082351356573Z-codex.archivist.RC10.r3-a1,archivist,reach,RC10,3,14,fact,"CN’s Q2 2024 revenues for the period ended June 30, 2024 were 4,329 million Canadian dollars.","CN; Q2 2024; June 30, 2024; 4,329; Canadian dollars",S12,filing,mosaic-finance.com,5,unattributed,,false,false,false,false,false,,none,,,filing,filing,true,false,false,1,false
20261007T082351356573Z-codex.archivist.RC10.r3-a1,archivist,reach,RC10,3,15,fact,"CN’s Q3 2024 revenues for the period ended September 30, 2024 were 4,110 million Canadian dollars.","CN; Q3 2024; September 30, 2024; 4,110; Canadian dollars",S13,filing,mosaic-finance.com,5,unattributed,,false,false,false,false,false,,none,,,filing,filing,true,false,false,1,false
20261007T082351356573Z-codex.archivist.RC10.r3-a1,archivist,reach,RC10,3,16,fact,"CN’s FY 2024 revenues for the period ended December 31, 2024 were 17,046 million Canadian dollars.","CN; FY 2024; December 31, 2024; 17,046; Canadian dollars",S14,filing,mosaic-finance.com,4,filing,filing,false,false,true,false,false,,none,,,filing,filing,true,false,false,1,false
20261007T082351356573Z-codex.archivist.RC10.r3-a1,archivist,reach,RC10,3,17,fact,"CN’s Q1 2025 revenues for the period ended March 31, 2025 were 4,403 million Canadian dollars.","CN; Q1 2025; March 31, 2025; 4,403; Canadian dollars",S15,filing,mosaic-finance.com,5,unattributed,,false,false,false,false,false,,none,,,filing,filing,true,false,false,1,false
20261007T082351356573Z-codex.archivist.RC10.r3-a1,archivist,reach,RC10,3,18,fact,"CN’s Q2 2025 revenues for the period ended June 30, 2025 were 4,272 million Canadian dollars.","CN; Q2 2025; June 30, 2025; 4,272; Canadian dollars",S16,filing,mosaic-finance.com,5,unattributed,,false,false,false,false,false,,none,,,filing,filing,true,false,false,1,false
20261007T082351356573Z-codex.archivist.RC10.r3-a1,archivist,reach,RC10,3,19,fact,"CN’s Q3 2025 revenues for the period ended September 30, 2025 were 4,165 million Canadian dollars.","CN; Q3 2025; September 30, 2025; 4,165; Canadian dollars",S17,filing,mosaic-finance.com,5,unattributed,,false,false,false,false,false,,none,,,filing,filing,true,false,false,1,false
20261007T082351356573Z-codex.archivist.RC10.r3-a1,archivist,reach,RC10,3,20,fact,"CN’s FY 2025 revenues for the period ended December 31, 2025 were 17,304 million Canadian dollars.","CN; FY 2025; December 31, 2025; 17,304; Canadian dollars",S18,filing,mosaic-finance.com,4,filing,filing,false,false,true,false,false,,none,,,filing,filing,true,false,false,1,false
20261007T082351356573Z-codex.archivist.RC10.r3-a1,archivist,reach,RC10,3,21,fact,"CN’s Q1 2026 revenues for the period ended March 31, 2026 were 4,379 million Canadian dollars.","CN; Q1 2026; March 31, 2026; 4,379; Canadian dollars",S19,filing,mosaic-finance.com,5,unattributed,,false,false,false,false,false,,none,,,filing,filing,true,false,false,1,false
20261007T082351356573Z-codex.archivist.RC10.r3-a1,archivist,reach,RC10,3,22,fact,"CN’s Q2 2026 revenues for the period ended June 30, 2026 were 4,753 million Canadian dollars.","CN; Q2 2026; June 30, 2026; 4,753; Canadian dollars",S20,filing,mosaic-finance.com,5,unattributed,,false,false,false,false,false,,none,,,filing,filing,true,false,false,1,false
20261007T082531688526Z-codex.both.RC10.r3-a1,both,reach,RC10,3,1,fact,"The 20 English MD&As report the following total revenues, in millions of Canadian dollars. Interim figures cover the quarter; annual figures cover the full fiscal year.",20,,,,0,unattributed,,true,false,false,false,false,,none,,,unattributed,,false,false,false,0,true
20261007T082531688526Z-codex.both.RC10.r3-a1,both,reach,RC10,3,2,fact,"Q3 2021 revenues (C$ millions): 3,591.","Q3 2021; 3,591",S1,filing,mosaic-finance.com,2,unattributed,,false,false,false,false,false,,none,,,filing,filing,true,false,false,1,false
20261007T082531688526Z-codex.both.RC10.r3-a1,both,reach,RC10,3,3,fact,"FY 2021 revenues (C$ millions): 14,477.","FY 2021; 14,477",S2,filing,mosaic-finance.com,1,filing,filing,false,false,true,false,false,,none,,,filing,filing,true,false,false,1,false
20261007T082531688526Z-codex.both.RC10.r3-a1,both,reach,RC10,3,4,fact,"Q1 2022 revenues (C$ millions): 3,708.","Q1 2022; 3,708",S3,filing,mosaic-finance.com,2,unattributed,,false,false,false,false,false,,none,,,filing,filing,true,false,false,1,false
20261007T082531688526Z-codex.both.RC10.r3-a1,both,reach,RC10,3,5,fact,"Q2 2022 revenues (C$ millions): 4,344.","Q2 2022; 4,344",S4,filing,mosaic-finance.com,2,unattributed,,false,false,false,false,false,,none,,,filing,filing,true,false,false,1,false
20261007T082531688526Z-codex.both.RC10.r3-a1,both,reach,RC10,3,6,fact,"Q3 2022 revenues (C$ millions): 4,513.","Q3 2022; 4,513",S5,filing,mosaic-finance.com,2,secondary,issuer,false,false,false,false,false,issuer,none,,,filing,filing,true,true,true,1,false
20261007T082531688526Z-codex.both.RC10.r3-a1,both,reach,RC10,3,7,fact,"FY 2022 revenues (C$ millions): 17,107.","FY 2022; 17,107",S6,filing,mosaic-finance.com,1,filing,filing,false,false,true,false,false,,none,,,filing,filing,true,false,false,1,false
20261007T082531688526Z-codex.both.RC10.r3-a1,both,reach,RC10,3,8,fact,"Q1 2023 revenues (C$ millions): 4,313.","Q1 2023; 4,313",S7,filing,mosaic-finance.com,2,unattributed,,false,false,false,false,false,,none,,,filing,filing,true,false,false,1,false
20261007T082531688526Z-codex.both.RC10.r3-a1,both,reach,RC10,3,9,fact,"Q2 2023 revenues (C$ millions): 4,057.","Q2 2023; 4,057",S8,filing,mosaic-finance.com,2,unattributed,,false,false,false,false,false,,none,,,filing,filing,true,false,false,1,false
20261007T082531688526Z-codex.both.RC10.r3-a1,both,reach,RC10,3,10,fact,"Q3 2023 revenues (C$ millions): 3,987.","Q3 2023; 3,987",S9,filing,mosaic-finance.com,2,unattributed,,false,false,false,false,false,,none,,,filing,filing,true,false,false,1,false
20261007T082531688526Z-codex.both.RC10.r3-a1,both,reach,RC10,3,11,fact,"FY 2023 revenues (C$ millions): 16,828.","FY 2023; 16,828",S10,filing,mosaic-finance.com,1,filing,filing,false,false,true,false,false,,none,,,filing,filing,true,false,false,1,false
20261007T082531688526Z-codex.both.RC10.r3-a1,both,reach,RC10,3,12,fact,"Q1 2024 revenues (C$ millions): 4,249.","Q1 2024; 4,249",S11,filing,mosaic-finance.com,2,unattributed,,false,false,false,false,false,,none,,,filing,filing,true,false,false,1,false
20261007T082531688526Z-codex.both.RC10.r3-a1,both,reach,RC10,3,13,fact,"Q2 2024 revenues (C$ millions): 4,329.","Q2 2024; 4,329",S12,filing,mosaic-finance.com,2,unattributed,,false,false,false,false,false,,none,,,filing,filing,true,false,false,1,false
20261007T082531688526Z-codex.both.RC10.r3-a1,both,reach,RC10,3,14,fact,"Q3 2024 revenues (C$ millions): 4,110.","Q3 2024; 4,110",S13,filing,mosaic-finance.com,2,unattributed,,false,false,false,false,false,,none,,,filing,filing,true,false,false,1,false
20261007T082531688526Z-codex.both.RC10.r3-a1,both,reach,RC10,3,15,fact,"FY 2024 revenues (C$ millions): 17,046.","FY 2024; 17,046",S14,filing,mosaic-finance.com,1,filing,filing,false,false,true,false,false,,none,,,filing,filing,true,false,false,1,false
20261007T082531688526Z-codex.both.RC10.r3-a1,both,reach,RC10,3,16,fact,"Q1 2025 revenues (C$ millions): 4,403.","Q1 2025; 4,403",S15,filing,mosaic-finance.com,2,unattributed,,false,false,false,false,false,,none,,,filing,filing,true,false,false,1,false
20261007T082531688526Z-codex.both.RC10.r3-a1,both,reach,RC10,3,17,fact,"Q2 2025 revenues (C$ millions): 4,272.","Q2 2025; 4,272",S16,filing,mosaic-finance.com,2,secondary,issuer,false,false,false,false,false,issuer,none,,,filing,filing,true,true,true,1,false
20261007T082531688526Z-codex.both.RC10.r3-a1,both,reach,RC10,3,18,fact,"Q3 2025 revenues (C$ millions): 4,165.","Q3 2025; 4,165",S17,filing,mosaic-finance.com,2,unattributed,,false,false,false,false,false,,none,,,filing,filing,true,false,false,1,false
20261007T082531688526Z-codex.both.RC10.r3-a1,both,reach,RC10,3,19,fact,"FY 2025 revenues (C$ millions): 17,304.","FY 2025; 17,304",S18,filing,mosaic-finance.com,1,filing,filing,false,false,true,false,false,,none,,,filing,filing,true,false,false,1,false
20261007T082531688526Z-codex.both.RC10.r3-a1,both,reach,RC10,3,20,fact,"Q1 2026 revenues (C$ millions): 4,379.","Q1 2026; 4,379",S19,filing,mosaic-finance.com,2,unattributed,,false,false,false,false,false,,none,,,filing,filing,true,false,false,1,false
20261007T082531688526Z-codex.both.RC10.r3-a1,both,reach,RC10,3,21,fact,"Q2 2026 revenues (C$ millions): 4,753.","Q2 2026; 4,753",S20,filing,mosaic-finance.com,2,secondary,issuer,false,false,false,false,false,issuer,none,,,filing,filing,true,true,true,1,false
20261007T140713808356Z-codex.web.RC11.r1-a1,web,reach,RC11,1,1,fact,The 20 English MD&As report the following counts in “Our Business.”,20; Our Business,,,,1,filing,filing,false,false,true,true,false,issuer; aggregator; other,none,,,filing,filing,true,true,false,1,false
20261007T140713808356Z-codex.web.RC11.r1-a1,web,reach,RC11,1,2,fact,"FY2022 Q2: North American convenience stores as of October 10, 2021: 9,199.","FY2022 Q2; October 10, 2021; 9,199",S1,filing,filing-source,3,secondary,issuer,false,false,false,false,false,issuer,none,,,secondary,issuer,false,true,false,1,false
20261007T140713808356Z-codex.web.RC11.r1-a1,web,reach,RC11,1,3,fact,"FY2022 Q3: North American convenience stores as of January 30, 2022: 9,166.","FY2022 Q3; January 30, 2022; 9,166",S2,issuer,corporate.couche-tard.com,3,secondary,issuer,false,true,false,false,false,issuer; aggregator; other,none,,,secondary,issuer,false,true,false,1,false
20261007T140713808356Z-codex.web.RC11.r1-a1,web,reach,RC11,1,4,fact,"FY2022 annual: North American convenience stores as of April 24, 2022: 9,094.","FY2022 annual; April 24, 2022; 9,094",S3,issuer,corporate.couche-tard.com,3,secondary,issuer,false,true,false,false,false,issuer; aggregator,none,,,filing,filing,true,false,false,1,false
20261007T140713808356Z-codex.web.RC11.r1-a1,web,reach,RC11,1,5,fact,"FY2023 Q1: North American convenience stores as of July 17, 2022: 9,087.","FY2023 Q1; July 17, 2022; 9,087",S4,filing,filing-source,3,unattributed,,false,false,false,false,false,,none,,,filing,filing,true,false,false,1,false
20261007T140713808356Z-codex.web.RC11.r1-a1,web,reach,RC11,1,6,fact,"FY2023 Q2: North American convenience stores as of October 9, 2022: 9,295.","FY2023 Q2; October 9, 2022; 9,295",S5,issuer,corporate.couche-tard.com,3,secondary,issuer,false,true,false,false,false,issuer; promotional; aggregator; other,none,,,secondary,issuer,false,true,false,1,false
20261007T140713808356Z-codex.web.RC11.r1-a1,web,reach,RC11,1,7,fact,"FY2023 Q3: North American convenience stores as of January 29, 2023: 9,255.","FY2023 Q3; January 29, 2023; 9,255",S6,issuer,corporate.couche-tard.com,3,secondary,issuer,false,true,false,false,false,issuer,none,,,secondary,issuer,false,true,false,1,false
20261007T140713808356Z-codex.web.RC11.r1-a1,web,reach,RC11,1,8,fact,"FY2023 annual: North American convenience stores as of April 30, 2023: 9,331.","FY2023 annual; April 30, 2023; 9,331",S7,filing,filing-source,3,secondary,forum,false,false,false,false,false,forum; promotional,none,,,filing,filing,true,true,false,1,false
20261007T140713808356Z-codex.web.RC11.r1-a1,web,reach,RC11,1,9,fact,"FY2024 Q1: North American convenience stores as of July 23, 2023: 9,239.","FY2024 Q1; July 23, 2023; 9,239",S8,issuer,corporate.couche-tard.com,3,secondary,issuer,false,true,false,false,false,issuer,none,,,secondary,issuer,false,true,false,1,false
20261007T140713808356Z-codex.web.RC11.r1-a1,web,reach,RC11,1,10,fact,"FY2024 Q2: North American convenience stores as of October 15, 2023: 9,209.","FY2024 Q2; October 15, 2023; 9,209",S9,issuer,corporate.couche-tard.com,3,secondary,issuer,false,true,false,false,false,issuer,none,,,secondary,issuer,false,true,false,1,false
20261007T140713808356Z-codex.web.RC11.r1-a1,web,reach,RC11,1,11,fact,"FY2024 Q3: North American convenience stores as of February 4, 2024: 9,307.","FY2024 Q3; February 4, 2024; 9,307",S10,issuer,corporate.couche-tard.com,3,secondary,issuer,false,true,false,false,false,issuer; aggregator,none,,,filing,filing,true,true,false,1,false
20261007T140713808356Z-codex.web.RC11.r1-a1,web,reach,RC11,1,12,fact,"FY2024 annual: North American convenience stores as of April 28, 2024: 9,273.","FY2024 annual; April 28, 2024; 9,273",S11,issuer,corporate.couche-tard.com,3,secondary,issuer,false,true,false,false,false,issuer; forum,none,,,secondary,issuer,false,true,false,1,false
20261007T140713808356Z-codex.web.RC11.r1-a1,web,reach,RC11,1,13,fact,"FY2025 Q1: North American convenience stores as of July 21, 2024: 9,239.","FY2025 Q1; July 21, 2024; 9,239",S12,issuer,corporate.couche-tard.com,3,secondary,issuer,false,true,false,false,false,issuer; aggregator,none,,,secondary,issuer,false,true,false,1,false
20261007T140713808356Z-codex.web.RC11.r1-a1,web,reach,RC11,1,14,fact,"FY2025 Q2: North American convenience stores as of October 13, 2024: 9,206.","FY2025 Q2; October 13, 2024; 9,206",S13,filing,filing-source,3,unattributed,,false,false,false,false,false,,none,,,filing,filing,true,false,false,1,false
20261007T140713808356Z-codex.web.RC11.r1-a1,web,reach,RC11,1,15,fact,"FY2025 Q3: North American convenience stores as of February 2, 2025: 9,217.","FY2025 Q3; February 2, 2025; 9,217",S14,issuer,filecache.investorroom.com,3,secondary,issuer,false,true,false,false,false,issuer; forum; aggregator,none,,,filing,filing,true,true,false,1,false
20261007T140713808356Z-codex.web.RC11.r1-a1,web,reach,RC11,1,16,fact,"FY2025 annual: North American convenience stores as of April 27, 2025: 9,217.","FY2025 annual; April 27, 2025; 9,217",S15,filing,filing-source,3,secondary,issuer,false,false,false,false,false,issuer; forum; aggregator,none,,,filing,filing,true,true,false,1,false
20261007T140713808356Z-codex.web.RC11.r1-a1,web,reach,RC11,1,17,fact,"FY2026 Q1: North American convenience stores as of July 20, 2025: 9,415.","FY2026 Q1; July 20, 2025; 9,415",S16,issuer,filecache.investorroom.com,3,secondary,issuer,false,true,false,false,false,issuer; aggregator,none,,,secondary,issuer,false,true,false,1,false
20261007T140713808356Z-codex.web.RC11.r1-a1,web,reach,RC11,1,18,fact,"FY2026 Q2: North American convenience stores as of October 12, 2025: 9,390.","FY2026 Q2; October 12, 2025; 9,390",S17,filing,filing-source,3,unattributed,,false,false,false,false,false,,none,,,filing,filing,true,false,false,1,false
20261007T140713808356Z-codex.web.RC11.r1-a1,web,reach,RC11,1,19,fact,"FY2026 Q3: North American convenience stores as of February 1, 2026: 9,377.","FY2026 Q3; February 1, 2026; 9,377",S18,issuer,corporate.couche-tard.com,3,secondary,issuer,false,true,false,false,false,forum; aggregator; other,none,,,secondary,issuer,false,true,false,1,false
20261007T140713808356Z-codex.web.RC11.r1-a1,web,reach,RC11,1,20,fact,"FY2026 annual: North American convenience stores as of April 26, 2026: 9,356.","FY2026 annual; April 26, 2026; 9,356",S19,issuer,filecache.investorroom.com,3,secondary,issuer,false,true,false,false,false,issuer; forum; aggregator,none,,,secondary,issuer,false,true,false,1,false
20261007T140713808356Z-codex.web.RC11.r1-a1,web,reach,RC11,1,21,fact,"FY2027 Q1: North American convenience stores as of July 19, 2026: 9,307.","FY2027 Q1; July 19, 2026; 9,307",S20,filing,filing-source,3,secondary,issuer,false,false,false,false,false,issuer; promotional; aggregator; news,none,,,filing,filing,true,true,false,1,false
20261007T140713808721Z-codex.archivist.RC11.r1-a1,archivist,reach,RC11,1,1,fact,The 20 English MD&As report the following North American convenience-store totals.,20; North American,,,,1,filing,filing,false,false,true,false,false,,none,,,filing,filing,true,false,false,1,false
20261007T140713808721Z-codex.archivist.RC11.r1-a1,archivist,reach,RC11,1,2,fact,Each figure links to the MD&A’s “Our Business” section.,Our Business,,,,1,filing,filing,false,false,true,false,false,,none,,,filing,filing,true,false,false,1,false
20261007T140713808721Z-codex.archivist.RC11.r1-a1,archivist,reach,RC11,1,3,fact,"Q2 2022 | October 10, 2021 | 9,199","Q2 2022; October 10, 2021; 9,199",S1,filing,mosaic-finance.com,3,filing,filing,false,false,true,false,false,,none,,,filing,filing,true,false,false,1,false
20261007T140713808721Z-codex.archivist.RC11.r1-a1,archivist,reach,RC11,1,4,fact,"Q3 2022 | January 30, 2022 | 9,166","Q3 2022; January 30, 2022; 9,166",S2,filing,mosaic-finance.com,3,filing,filing,false,false,true,false,false,,none,,,filing,filing,true,false,false,1,false
20261007T140713808721Z-codex.archivist.RC11.r1-a1,archivist,reach,RC11,1,5,fact,"Annual 2022 | April 24, 2022 | 9,094","Annual 2022; April 24, 2022; 9,094",S3,filing,mosaic-finance.com,3,unattributed,,false,false,false,false,false,,none,,,filing,filing,true,false,false,1,false
20261007T140713808721Z-codex.archivist.RC11.r1-a1,archivist,reach,RC11,1,6,fact,"Q1 2023 | July 17, 2022 | 9,087","Q1 2023; July 17, 2022; 9,087",S4,filing,mosaic-finance.com,3,filing,filing,false,false,true,false,false,,none,,,filing,filing,true,false,false,1,false
20261007T140713808721Z-codex.archivist.RC11.r1-a1,archivist,reach,RC11,1,7,fact,"Q2 2023 | October 9, 2022 | 9,295","Q2 2023; October 9, 2022; 9,295",S5,filing,mosaic-finance.com,3,filing,filing,false,false,true,false,false,,none,,,filing,filing,true,false,false,1,false
20261007T140713808721Z-codex.archivist.RC11.r1-a1,archivist,reach,RC11,1,8,fact,"Q3 2023 | January 29, 2023 | 9,255","Q3 2023; January 29, 2023; 9,255",S6,filing,mosaic-finance.com,3,filing,filing,false,false,true,false,false,,none,,,filing,filing,true,false,false,1,false
20261007T140713808721Z-codex.archivist.RC11.r1-a1,archivist,reach,RC11,1,9,fact,"Annual 2023 | April 30, 2023 | 9,331","Annual 2023; April 30, 2023; 9,331",S7,filing,mosaic-finance.com,3,unattributed,,false,false,false,false,false,,none,,,filing,filing,true,false,false,1,false
20261007T140713808721Z-codex.archivist.RC11.r1-a1,archivist,reach,RC11,1,10,fact,"Q1 2024 | July 23, 2023 | 9,239","Q1 2024; July 23, 2023; 9,239",S8,filing,mosaic-finance.com,3,filing,filing,false,false,true,false,false,,none,,,filing,filing,true,false,false,1,false
20261007T140713808721Z-codex.archivist.RC11.r1-a1,archivist,reach,RC11,1,11,fact,"Q2 2024 | October 15, 2023 | 9,209","Q2 2024; October 15, 2023; 9,209",S9,filing,mosaic-finance.com,3,filing,filing,false,false,true,false,false,,none,,,filing,filing,true,false,false,1,false
20261007T140713808721Z-codex.archivist.RC11.r1-a1,archivist,reach,RC11,1,12,fact,"Q3 2024 | February 4, 2024 | 9,307","Q3 2024; February 4, 2024; 9,307",S10,filing,mosaic-finance.com,3,unattributed,,false,false,false,false,false,,none,,,filing,filing,true,false,false,1,false
20261007T140713808721Z-codex.archivist.RC11.r1-a1,archivist,reach,RC11,1,13,fact,"Annual 2024 | April 28, 2024 | 9,273","Annual 2024; April 28, 2024; 9,273",S11,filing,mosaic-finance.com,3,unattributed,,false,false,false,false,false,,none,,,filing,filing,true,false,false,1,false
20261007T140713808721Z-codex.archivist.RC11.r1-a1,archivist,reach,RC11,1,14,fact,"Q1 2025 | July 21, 2024 | 9,239","Q1 2025; July 21, 2024; 9,239",S12,filing,mosaic-finance.com,3,unattributed,,false,false,false,false,false,,none,,,filing,filing,true,false,false,1,false
20261007T140713808721Z-codex.archivist.RC11.r1-a1,archivist,reach,RC11,1,15,fact,"Q2 2025 | October 13, 2024 | 9,206","Q2 2025; October 13, 2024; 9,206",S13,filing,mosaic-finance.com,3,unattributed,,false,false,false,false,false,,none,,,filing,filing,true,false,false,1,false
20261007T140713808721Z-codex.archivist.RC11.r1-a1,archivist,reach,RC11,1,16,fact,"Q3 2025 | February 2, 2025 | 9,217","Q3 2025; February 2, 2025; 9,217",S14,filing,mosaic-finance.com,3,unattributed,,false,false,false,false,false,,none,,,filing,filing,true,false,false,1,false
20261007T140713808721Z-codex.archivist.RC11.r1-a1,archivist,reach,RC11,1,17,fact,"Annual 2025 | April 27, 2025 | 9,217","Annual 2025; April 27, 2025; 9,217",S15,filing,mosaic-finance.com,3,unattributed,,false,false,false,false,false,,none,,,filing,filing,true,false,false,1,false
20261007T140713808721Z-codex.archivist.RC11.r1-a1,archivist,reach,RC11,1,18,fact,"Q1 2026 | July 20, 2025 | 9,415","Q1 2026; July 20, 2025; 9,415",S16,filing,mosaic-finance.com,3,filing,filing,false,false,true,false,false,,none,,,filing,filing,true,false,false,1,false
20261007T140713808721Z-codex.archivist.RC11.r1-a1,archivist,reach,RC11,1,19,fact,"Q2 2026 | October 12, 2025 | 9,390","Q2 2026; October 12, 2025; 9,390",S17,filing,mosaic-finance.com,3,filing,filing,false,false,true,false,false,,none,,,filing,filing,true,false,false,1,false
20261007T140713808721Z-codex.archivist.RC11.r1-a1,archivist,reach,RC11,1,20,fact,"Q3 2026 | February 1, 2026 | 9,377","Q3 2026; February 1, 2026; 9,377",S18,filing,mosaic-finance.com,3,unattributed,,false,false,false,false,false,,none,,,filing,filing,true,false,false,1,false
20261007T140713808721Z-codex.archivist.RC11.r1-a1,archivist,reach,RC11,1,21,fact,"Annual 2026 | April 26, 2026 | 9,356","Annual 2026; April 26, 2026; 9,356",S19,filing,mosaic-finance.com,3,unattributed,,false,false,false,false,false,,none,,,filing,filing,true,false,false,1,false
20261007T140713808721Z-codex.archivist.RC11.r1-a1,archivist,reach,RC11,1,22,fact,"Q1 2027 | July 19, 2026 | 9,307","Q1 2027; July 19, 2026; 9,307",S20,filing,mosaic-finance.com,3,unattributed,,false,false,false,false,false,,none,,,filing,filing,true,false,false,1,false
20261007T140917270031Z-codex.both.RC11.r1-a1,both,reach,RC11,1,1,fact,The 20 English MD&As report the following North American convenience-store totals.,20; North American,,,,1,filing,filing,false,false,true,true,true,issuer; forum; reference,none,,,filing,filing,true,true,true,1,false
20261007T140917270031Z-codex.both.RC11.r1-a1,both,reach,RC11,1,2,fact,"Q2 2022: North American convenience-store total of 9,199 as of October 10, 2021.","Q2 2022; North American; 9,199; October 10, 2021",S1,filing,mosaic-finance.com,4,filing,filing,false,false,true,false,false,issuer; forum; reference,none,,,filing,filing,true,false,false,1,false
20261007T140917270031Z-codex.both.RC11.r1-a1,both,reach,RC11,1,3,fact,"Q3 2022: North American convenience-store total of 9,166 as of January 30, 2022.","Q3 2022; North American; 9,166; January 30, 2022",S2,filing,mosaic-finance.com,4,filing,filing,false,false,true,false,false,issuer; forum; reference,none,,,filing,filing,true,false,false,1,false
20261007T140917270031Z-codex.both.RC11.r1-a1,both,reach,RC11,1,4,fact,"Annual 2022: North American convenience-store total of 9,094 as of April 24, 2022.","Annual 2022; North American; 9,094; April 24, 2022",S3,filing,mosaic-finance.com,4,secondary,issuer,false,false,false,false,false,issuer; forum; reference,none,,,filing,filing,true,false,false,1,false
20261007T140917270031Z-codex.both.RC11.r1-a1,both,reach,RC11,1,5,fact,"Q1 2023: North American convenience-store total of 9,087 as of July 17, 2022.","Q1 2023; North American; 9,087; July 17, 2022",S4,filing,mosaic-finance.com,4,filing,filing,false,false,true,false,false,issuer; forum; reference,none,,,filing,filing,true,false,false,1,false
20261007T140917270031Z-codex.both.RC11.r1-a1,both,reach,RC11,1,6,fact,"Q2 2023: North American convenience-store total of 9,295 as of October 9, 2022.","Q2 2023; North American; 9,295; October 9, 2022",S5,filing,mosaic-finance.com,4,filing,filing,false,false,true,false,false,issuer; forum; reference,none,,,filing,filing,true,false,false,1,false
20261007T140917270031Z-codex.both.RC11.r1-a1,both,reach,RC11,1,7,fact,"Q3 2023: North American convenience-store total of 9,255 as of January 29, 2023.","Q3 2023; North American; 9,255; January 29, 2023",S6,filing,mosaic-finance.com,4,filing,filing,false,false,true,false,false,issuer; forum; reference,none,,,filing,filing,true,true,true,1,false
20261007T140917270031Z-codex.both.RC11.r1-a1,both,reach,RC11,1,8,fact,"Annual 2023: North American convenience-store total of 9,331 as of April 30, 2023.","Annual 2023; North American; 9,331; April 30, 2023",S7,filing,mosaic-finance.com,4,secondary,issuer,false,false,false,false,false,issuer; forum; reference,none,,,filing,filing,true,false,false,1,false
20261007T140917270031Z-codex.both.RC11.r1-a1,both,reach,RC11,1,9,fact,"Q1 2024: North American convenience-store total of 9,239 as of July 23, 2023.","Q1 2024; North American; 9,239; July 23, 2023",S8,filing,mosaic-finance.com,4,filing,filing,false,false,true,false,false,issuer; forum; reference,none,,,filing,filing,true,false,false,1,false
20261007T140917270031Z-codex.both.RC11.r1-a1,both,reach,RC11,1,10,fact,"Q2 2024: North American convenience-store total of 9,209 as of October 15, 2023.","Q2 2024; North American; 9,209; October 15, 2023",S9,filing,mosaic-finance.com,4,filing,filing,false,false,true,false,false,issuer; forum; reference,none,,,filing,filing,true,false,false,1,false
20261007T140917270031Z-codex.both.RC11.r1-a1,both,reach,RC11,1,11,fact,"Q3 2024: North American convenience-store total of 9,307 as of February 4, 2024.","Q3 2024; North American; 9,307; February 4, 2024",S10,filing,mosaic-finance.com,4,secondary,issuer,false,false,false,false,false,issuer; forum; reference,none,,,filing,filing,true,false,false,1,false
20261007T140917270031Z-codex.both.RC11.r1-a1,both,reach,RC11,1,12,fact,"Annual 2024: North American convenience-store total of 9,273 as of April 28, 2024.","Annual 2024; North American; 9,273; April 28, 2024",S11,filing,mosaic-finance.com,4,secondary,issuer,false,false,false,false,false,issuer; forum; reference,none,,,filing,filing,true,false,false,1,false
20261007T140917270031Z-codex.both.RC11.r1-a1,both,reach,RC11,1,13,fact,"Q1 2025: North American convenience-store total of 9,239 as of July 21, 2024.","Q1 2025; North American; 9,239; July 21, 2024",S12,filing,mosaic-finance.com,4,secondary,issuer,false,false,false,false,false,issuer; forum; reference,none,,,filing,filing,true,false,false,1,false
20261007T140917270031Z-codex.both.RC11.r1-a1,both,reach,RC11,1,14,fact,"Q2 2025: North American convenience-store total of 9,206 as of October 13, 2024.","Q2 2025; North American; 9,206; October 13, 2024",S13,filing,mosaic-finance.com,4,secondary,issuer,false,false,false,false,false,issuer; forum; reference,none,,,filing,filing,true,false,false,1,false
20261007T140917270031Z-codex.both.RC11.r1-a1,both,reach,RC11,1,15,fact,"Q3 2025: North American convenience-store total of 9,217 as of February 2, 2025.","Q3 2025; North American; 9,217; February 2, 2025",S14,filing,mosaic-finance.com,4,secondary,issuer,false,false,false,false,false,issuer; forum; reference,none,,,filing,filing,true,false,false,1,false
20261007T140917270031Z-codex.both.RC11.r1-a1,both,reach,RC11,1,16,fact,"Annual 2025: North American convenience-store total of 9,217 as of April 27, 2025.","Annual 2025; North American; 9,217; April 27, 2025",S15,filing,mosaic-finance.com,4,secondary,issuer,false,false,false,false,false,issuer; forum; reference,none,,,filing,filing,true,false,false,1,false
20261007T140917270031Z-codex.both.RC11.r1-a1,both,reach,RC11,1,17,fact,"Q1 2026: North American convenience-store total of 9,415 as of July 20, 2025.","Q1 2026; North American; 9,415; July 20, 2025",S16,filing,mosaic-finance.com,4,filing,filing,false,false,true,false,false,issuer; forum; reference,none,,,filing,filing,true,false,false,1,false
20261007T140917270031Z-codex.both.RC11.r1-a1,both,reach,RC11,1,18,fact,"Q2 2026: North American convenience-store total of 9,390 as of October 12, 2025.","Q2 2026; North American; 9,390; October 12, 2025",S17,filing,mosaic-finance.com,4,filing,filing,false,false,true,false,false,issuer; forum; reference,none,,,filing,filing,true,false,false,1,false
20261007T140917270031Z-codex.both.RC11.r1-a1,both,reach,RC11,1,19,fact,"Q3 2026: North American convenience-store total of 9,377 as of February 1, 2026.","Q3 2026; North American; 9,377; February 1, 2026",S18,filing,mosaic-finance.com,4,secondary,issuer,false,false,false,false,false,issuer; forum; reference,none,,,filing,filing,true,false,false,1,false
20261007T140917270031Z-codex.both.RC11.r1-a1,both,reach,RC11,1,20,fact,"Annual 2026: North American convenience-store total of 9,356 as of April 26, 2026.","Annual 2026; North American; 9,356; April 26, 2026",S19,filing,mosaic-finance.com,4,secondary,issuer,false,false,false,false,false,issuer; forum; reference,none,,,filing,filing,true,false,false,1,false
20261007T140917270031Z-codex.both.RC11.r1-a1,both,reach,RC11,1,21,fact,"Q1 2027: North American convenience-store total of 9,307 as of July 19, 2026.","Q1 2027; North American; 9,307; July 19, 2026",S20,filing,mosaic-finance.com,4,secondary,issuer,false,false,false,false,false,issuer; forum; reference,none,,,filing,filing,true,false,false,1,false
20261007T140934770468Z-codex.web.RC11.r2-a1,web,reach,RC11,2,1,fact,The 20 English MD&As report the following figures in “Our Business.”,20; Our Business,,,,1,filing,filing,false,false,true,true,false,issuer; aggregator,none,,,filing,filing,true,true,false,1,false
20261007T140934770468Z-codex.web.RC11.r2-a1,web,reach,RC11,2,2,fact,"Q2 FY2022: As-of date October 10, 2021; North American convenience stores 9,199.","Q2 FY2022; October 10, 2021; 9,199",S1,filing,filing-source,3,secondary,issuer,false,false,false,false,false,issuer,none,,,secondary,issuer,false,true,false,1,false
20261007T140934770468Z-codex.web.RC11.r2-a1,web,reach,RC11,2,3,fact,"Q3 FY2022: As-of date January 30, 2022; North American convenience stores 9,166.","Q3 FY2022; January 30, 2022; 9,166",S2,issuer,corporate.couche-tard.com,3,secondary,issuer,false,true,false,false,false,issuer,none,,,secondary,issuer,false,true,false,1,false
20261007T140934770468Z-codex.web.RC11.r2-a1,web,reach,RC11,2,4,fact,"Annual FY2022: As-of date April 24, 2022; North American convenience stores 9,094.","Annual FY2022; April 24, 2022; 9,094",S3,issuer,corporate.couche-tard.com,3,secondary,issuer,false,true,false,false,false,issuer; aggregator,none,,,secondary,issuer,false,true,false,1,false
20261007T140934770468Z-codex.web.RC11.r2-a1,web,reach,RC11,2,5,fact,"Q1 FY2023: As-of date July 17, 2022; North American convenience stores 9,087.","Q1 FY2023; July 17, 2022; 9,087",S4,filing,filing-source,3,secondary,issuer,false,false,false,false,false,issuer,none,,,secondary,issuer,false,true,false,1,false
20261007T140934770468Z-codex.web.RC11.r2-a1,web,reach,RC11,2,6,fact,"Q2 FY2023: As-of date October 9, 2022; North American convenience stores 9,295.","Q2 FY2023; October 9, 2022; 9,295",S5,issuer,corporate.couche-tard.com,3,secondary,issuer,false,true,false,false,false,issuer,none,,,secondary,issuer,false,true,false,1,false
20261007T140934770468Z-codex.web.RC11.r2-a1,web,reach,RC11,2,7,fact,"Q3 FY2023: As-of date January 29, 2023; North American convenience stores 9,255.","Q3 FY2023; January 29, 2023; 9,255",S6,issuer,corporate.couche-tard.com,3,secondary,issuer,false,true,false,false,false,issuer,none,,,secondary,issuer,false,true,false,1,false
20261007T140934770468Z-codex.web.RC11.r2-a1,web,reach,RC11,2,8,fact,"Annual FY2023: As-of date April 30, 2023; North American convenience stores 9,331.","Annual FY2023; April 30, 2023; 9,331",S7,filing,filing-source,3,secondary,issuer,false,false,false,false,false,issuer; aggregator,none,,,filing,filing,true,false,false,1,false
20261007T140934770468Z-codex.web.RC11.r2-a1,web,reach,RC11,2,9,fact,"Q1 FY2024: As-of date July 23, 2023; North American convenience stores 9,239.","Q1 FY2024; July 23, 2023; 9,239",S8,issuer,corporate.couche-tard.com,3,secondary,issuer,false,true,false,false,false,issuer,none,,,secondary,issuer,false,true,false,1,false
20261007T140934770468Z-codex.web.RC11.r2-a1,web,reach,RC11,2,10,fact,"Q2 FY2024: As-of date October 15, 2023; North American convenience stores 9,209.","Q2 FY2024; October 15, 2023; 9,209",S9,issuer,corporate.couche-tard.com,3,secondary,issuer,false,true,false,false,false,issuer,none,,,secondary,issuer,false,true,false,1,false
20261007T140934770468Z-codex.web.RC11.r2-a1,web,reach,RC11,2,11,fact,"Q3 FY2024: As-of date February 4, 2024; North American convenience stores 9,307.","Q3 FY2024; February 4, 2024; 9,307",S10,issuer,corporate.couche-tard.com,3,secondary,issuer,false,true,false,false,false,issuer,none,,,filing,filing,true,true,false,1,false
20261007T140934770468Z-codex.web.RC11.r2-a1,web,reach,RC11,2,12,fact,"Annual FY2024: As-of date April 28, 2024; North American convenience stores 9,273.","Annual FY2024; April 28, 2024; 9,273",S11,issuer,corporate.couche-tard.com,3,secondary,issuer,false,true,false,false,false,issuer; aggregator,none,,,secondary,issuer,false,true,false,1,false
20261007T140934770468Z-codex.web.RC11.r2-a1,web,reach,RC11,2,13,fact,"Q1 FY2025: As-of date July 21, 2024; North American convenience stores 9,239.","Q1 FY2025; July 21, 2024; 9,239",S12,issuer,corporate.couche-tard.com,3,secondary,issuer,false,true,false,false,false,issuer,none,,,secondary,issuer,false,true,false,1,false
20261007T140934770468Z-codex.web.RC11.r2-a1,web,reach,RC11,2,14,fact,"Q2 FY2025: As-of date October 13, 2024; North American convenience stores 9,206.","Q2 FY2025; October 13, 2024; 9,206",S13,aggregator,newsfile.futunn.com,3,secondary,promotional,false,true,false,false,false,promotional; aggregator,none,,,secondary,aggregator,false,true,false,1,false
20261007T140934770468Z-codex.web.RC11.r2-a1,web,reach,RC11,2,15,fact,"Q3 FY2025: As-of date February 2, 2025; North American convenience stores 9,217.","Q3 FY2025; February 2, 2025; 9,217",S14,issuer,filecache.investorroom.com,3,secondary,issuer,false,true,false,false,false,issuer,none,,,secondary,issuer,false,true,false,1,false
20261007T140934770468Z-codex.web.RC11.r2-a1,web,reach,RC11,2,16,fact,"Annual FY2025: As-of date April 27, 2025; North American convenience stores 9,217.","Annual FY2025; April 27, 2025; 9,217",S15,issuer,filecache.investorroom.com,3,secondary,issuer,false,true,false,false,false,issuer,none,,,secondary,issuer,false,true,false,1,false
20261007T140934770468Z-codex.web.RC11.r2-a1,web,reach,RC11,2,17,fact,"Q1 FY2026: As-of date July 20, 2025; North American convenience stores 9,415.","Q1 FY2026; July 20, 2025; 9,415",S16,issuer,filecache.investorroom.com,3,secondary,issuer,false,true,false,false,false,issuer,none,,,secondary,issuer,false,true,false,1,false
20261007T140934770468Z-codex.web.RC11.r2-a1,web,reach,RC11,2,18,fact,"Q2 FY2026: As-of date October 12, 2025; North American convenience stores 9,390.","Q2 FY2026; October 12, 2025; 9,390",S17,issuer,filecache.investorroom.com,3,secondary,issuer,false,true,false,false,false,issuer,none,,,secondary,issuer,false,true,false,1,false
20261007T140934770468Z-codex.web.RC11.r2-a1,web,reach,RC11,2,19,fact,"Q3 FY2026: As-of date February 1, 2026; North American convenience stores 9,377.","Q3 FY2026; February 1, 2026; 9,377",S18,issuer,corporate.couche-tard.com,3,secondary,issuer,false,true,false,false,false,issuer,none,,,secondary,issuer,false,true,false,1,false
20261007T140934770468Z-codex.web.RC11.r2-a1,web,reach,RC11,2,20,fact,"Annual FY2026: As-of date April 26, 2026; North American convenience stores 9,356.","Annual FY2026; April 26, 2026; 9,356",S19,issuer,filecache.investorroom.com,3,secondary,issuer,false,true,false,false,false,issuer; forum; other,none,,,secondary,issuer,false,true,false,1,false
20261007T140934770468Z-codex.web.RC11.r2-a1,web,reach,RC11,2,21,fact,"Q1 FY2027: As-of date July 19, 2026; North American convenience stores 9,307.","Q1 FY2027; July 19, 2026; 9,307",S20,filing,filing-source,3,secondary,issuer,false,false,false,false,false,issuer; aggregator; news; other,none,,,filing,filing,true,true,false,1,false
20261007T141059395904Z-codex.archivist.RC11.r2-a1,archivist,reach,RC11,2,1,fact,The 20 English MD&As report the following total North American convenience stores in their “Our Business” sections.,20; North American; Our Business,,,,2,filing,filing,false,false,true,false,false,,none,,,filing,filing,true,false,false,2,false
20261007T141059395904Z-codex.archivist.RC11.r2-a1,archivist,reach,RC11,2,2,fact,"Q2 2022: 9,199 total North American convenience stores as of October 10, 2021.","Q2 2022; North American; October 10, 2021; 9,199",S1,filing,mosaic-finance.com,4,filing,filing,false,false,true,false,false,,none,,,filing,filing,true,false,false,1,false
20261007T141059395904Z-codex.archivist.RC11.r2-a1,archivist,reach,RC11,2,3,fact,"Q3 2022: 9,166 total North American convenience stores as of January 30, 2022.","Q3 2022; North American; January 30, 2022; 9,166",S2,filing,mosaic-finance.com,4,filing,filing,false,false,true,false,false,,none,,,filing,filing,true,false,false,1,false
20261007T141059395904Z-codex.archivist.RC11.r2-a1,archivist,reach,RC11,2,4,fact,"Annual 2022: 9,094 total North American convenience stores as of April 24, 2022.","Annual 2022; North American; April 24, 2022; 9,094",S3,filing,mosaic-finance.com,4,unattributed,,false,false,false,false,false,,none,,,filing,filing,true,false,false,1,false
20261007T141059395904Z-codex.archivist.RC11.r2-a1,archivist,reach,RC11,2,5,fact,"Q1 2023: 9,087 total North American convenience stores as of July 17, 2022.","Q1 2023; North American; July 17, 2022; 9,087",S4,filing,mosaic-finance.com,4,filing,filing,false,false,true,false,false,,none,,,filing,filing,true,false,false,1,false
20261007T141059395904Z-codex.archivist.RC11.r2-a1,archivist,reach,RC11,2,6,fact,"Q2 2023: 9,295 total North American convenience stores as of October 9, 2022.","Q2 2023; North American; October 9, 2022; 9,295",S5,filing,mosaic-finance.com,4,filing,filing,false,false,true,false,false,,none,,,filing,filing,true,false,false,1,false
20261007T141059395904Z-codex.archivist.RC11.r2-a1,archivist,reach,RC11,2,7,fact,"Q3 2023: 9,255 total North American convenience stores as of January 29, 2023.","Q3 2023; North American; January 29, 2023; 9,255",S6,filing,mosaic-finance.com,4,filing,filing,false,false,true,false,false,,none,,,filing,filing,true,false,false,1,false
20261007T141059395904Z-codex.archivist.RC11.r2-a1,archivist,reach,RC11,2,8,fact,"Annual 2023: 9,331 total North American convenience stores as of April 30, 2023.","Annual 2023; North American; April 30, 2023; 9,331",S7,filing,mosaic-finance.com,4,unattributed,,false,false,false,false,false,,none,,,filing,filing,true,false,false,1,false
20261007T141059395904Z-codex.archivist.RC11.r2-a1,archivist,reach,RC11,2,9,fact,"Q1 2024: 9,239 total North American convenience stores as of July 23, 2023.","Q1 2024; North American; July 23, 2023; 9,239",S8,filing,mosaic-finance.com,4,filing,filing,false,false,true,false,false,,none,,,filing,filing,true,false,false,1,false
20261007T141059395904Z-codex.archivist.RC11.r2-a1,archivist,reach,RC11,2,10,fact,"Q2 2024: 9,209 total North American convenience stores as of October 15, 2023.","Q2 2024; North American; October 15, 2023; 9,209",S9,filing,mosaic-finance.com,4,filing,filing,false,false,true,false,false,,none,,,filing,filing,true,false,false,1,false
20261007T141059395904Z-codex.archivist.RC11.r2-a1,archivist,reach,RC11,2,11,fact,"Q3 2024: 9,307 total North American convenience stores as of February 4, 2024.","Q3 2024; North American; February 4, 2024; 9,307",S10,filing,mosaic-finance.com,4,unattributed,,false,false,false,false,false,,none,,,filing,filing,true,false,false,1,false
20261007T141059395904Z-codex.archivist.RC11.r2-a1,archivist,reach,RC11,2,12,fact,"Annual 2024: 9,273 total North American convenience stores as of April 28, 2024.","Annual 2024; North American; April 28, 2024; 9,273",S11,filing,mosaic-finance.com,4,unattributed,,false,false,false,false,false,,none,,,filing,filing,true,false,false,1,false
20261007T141059395904Z-codex.archivist.RC11.r2-a1,archivist,reach,RC11,2,13,fact,"Q1 2025: 9,239 total North American convenience stores as of July 21, 2024.","Q1 2025; North American; July 21, 2024; 9,239",S12,filing,mosaic-finance.com,4,unattributed,,false,false,false,false,false,,none,,,filing,filing,true,false,false,1,false
20261007T141059395904Z-codex.archivist.RC11.r2-a1,archivist,reach,RC11,2,14,fact,"Q2 2025: 9,206 total North American convenience stores as of October 13, 2024.","Q2 2025; North American; October 13, 2024; 9,206",S13,filing,mosaic-finance.com,4,unattributed,,false,false,false,false,false,,none,,,filing,filing,true,false,false,1,false
20261007T141059395904Z-codex.archivist.RC11.r2-a1,archivist,reach,RC11,2,15,fact,"Q3 2025: 9,217 total North American convenience stores as of February 2, 2025.","Q3 2025; North American; February 2, 2025; 9,217",S14,filing,mosaic-finance.com,4,unattributed,,false,false,false,false,false,,none,,,filing,filing,true,false,false,1,false
20261007T141059395904Z-codex.archivist.RC11.r2-a1,archivist,reach,RC11,2,16,fact,"Annual 2025: 9,217 total North American convenience stores as of April 27, 2025.","Annual 2025; North American; April 27, 2025; 9,217",S15,filing,mosaic-finance.com,4,unattributed,,false,false,false,false,false,,none,,,filing,filing,true,false,false,1,false
20261007T141059395904Z-codex.archivist.RC11.r2-a1,archivist,reach,RC11,2,17,fact,"Q1 2026: 9,415 total North American convenience stores as of July 20, 2025.","Q1 2026; North American; July 20, 2025; 9,415",S16,filing,mosaic-finance.com,4,filing,filing,false,false,true,false,false,,none,,,filing,filing,true,false,false,1,false
20261007T141059395904Z-codex.archivist.RC11.r2-a1,archivist,reach,RC11,2,18,fact,"Q2 2026: 9,390 total North American convenience stores as of October 12, 2025.","Q2 2026; North American; October 12, 2025; 9,390",S17,filing,mosaic-finance.com,4,filing,filing,false,false,true,false,false,,none,,,filing,filing,true,false,false,1,false
20261007T141059395904Z-codex.archivist.RC11.r2-a1,archivist,reach,RC11,2,19,fact,"Q3 2026: 9,377 total North American convenience stores as of February 1, 2026.","Q3 2026; North American; February 1, 2026; 9,377",S18,filing,mosaic-finance.com,4,unattributed,,false,false,false,false,false,,none,,,filing,filing,true,false,false,1,false
20261007T141059395904Z-codex.archivist.RC11.r2-a1,archivist,reach,RC11,2,20,fact,"Annual 2026: 9,356 total North American convenience stores as of April 26, 2026.","Annual 2026; North American; April 26, 2026; 9,356",S19,filing,mosaic-finance.com,4,unattributed,,false,false,false,false,false,,none,,,filing,filing,true,false,false,1,false
20261007T141059395904Z-codex.archivist.RC11.r2-a1,archivist,reach,RC11,2,21,fact,"Q1 2027: 9,307 total North American convenience stores as of July 19, 2026.","Q1 2027; North American; July 19, 2026; 9,307",S20,filing,mosaic-finance.com,4,unattributed,,false,false,false,false,false,,none,,,filing,filing,true,false,false,1,false
20261007T141155784870Z-codex.both.RC11.r2-a1,both,reach,RC11,2,1,fact,"The 20 English MD&As report the following total North American convenience-store counts, in chronological order.",20; North American,,,,1,filing,filing,false,false,true,false,false,,none,,,filing,filing,true,false,false,1,false
20261007T141155784870Z-codex.both.RC11.r2-a1,both,reach,RC11,2,2,fact,"Q2 2022 | October 10, 2021 | 9,199","Q2 2022; October 10, 2021; 9,199",S1,filing,mosaic-finance.com,3,filing,filing,false,false,true,false,false,,none,,,filing,filing,true,false,false,1,false
20261007T141155784870Z-codex.both.RC11.r2-a1,both,reach,RC11,2,3,fact,"Q3 2022 | January 30, 2022 | 9,166","Q3 2022; January 30, 2022; 9,166",S2,filing,mosaic-finance.com,3,filing,filing,false,false,true,false,false,,none,,,filing,filing,true,false,false,1,false
20261007T141155784870Z-codex.both.RC11.r2-a1,both,reach,RC11,2,4,fact,"Annual 2022 | April 24, 2022 | 9,094","Annual 2022; April 24, 2022; 9,094",S3,filing,mosaic-finance.com,3,unattributed,,false,false,false,false,false,,none,,,filing,filing,true,false,false,1,false
20261007T141155784870Z-codex.both.RC11.r2-a1,both,reach,RC11,2,5,fact,"Q1 2023 | July 17, 2022 | 9,087","Q1 2023; July 17, 2022; 9,087",S4,filing,mosaic-finance.com,3,filing,filing,false,false,true,false,false,,none,,,filing,filing,true,false,false,1,false
20261007T141155784870Z-codex.both.RC11.r2-a1,both,reach,RC11,2,6,fact,"Q2 2023 | October 9, 2022 | 9,295","Q2 2023; October 9, 2022; 9,295",S5,filing,mosaic-finance.com,3,filing,filing,false,false,true,false,false,,none,,,filing,filing,true,false,false,1,false
20261007T141155784870Z-codex.both.RC11.r2-a1,both,reach,RC11,2,7,fact,"Q3 2023 | January 29, 2023 | 9,255","Q3 2023; January 29, 2023; 9,255",S6,filing,mosaic-finance.com,3,filing,filing,false,false,true,false,false,,none,,,filing,filing,true,false,false,1,false
20261007T141155784870Z-codex.both.RC11.r2-a1,both,reach,RC11,2,8,fact,"Annual 2023 | April 30, 2023 | 9,331","Annual 2023; April 30, 2023; 9,331",S7,filing,mosaic-finance.com,3,unattributed,,false,false,false,false,false,,none,,,filing,filing,true,false,false,1,false
20261007T141155784870Z-codex.both.RC11.r2-a1,both,reach,RC11,2,9,fact,"Q1 2024 | July 23, 2023 | 9,239","Q1 2024; July 23, 2023; 9,239",S8,filing,mosaic-finance.com,3,filing,filing,false,false,true,false,false,,none,,,filing,filing,true,false,false,1,false
20261007T141155784870Z-codex.both.RC11.r2-a1,both,reach,RC11,2,10,fact,"Q2 2024 | October 15, 2023 | 9,209","Q2 2024; October 15, 2023; 9,209",S9,filing,mosaic-finance.com,3,filing,filing,false,false,true,false,false,,none,,,filing,filing,true,false,false,1,false
20261007T141155784870Z-codex.both.RC11.r2-a1,both,reach,RC11,2,11,fact,"Q3 2024 | February 4, 2024 | 9,307","Q3 2024; February 4, 2024; 9,307",S10,filing,mosaic-finance.com,3,unattributed,,false,false,false,false,false,,none,,,filing,filing,true,false,false,1,false
20261007T141155784870Z-codex.both.RC11.r2-a1,both,reach,RC11,2,12,fact,"Annual 2024 | April 28, 2024 | 9,273","Annual 2024; April 28, 2024; 9,273",S11,filing,mosaic-finance.com,3,unattributed,,false,false,false,false,false,,none,,,filing,filing,true,false,false,1,false
20261007T141155784870Z-codex.both.RC11.r2-a1,both,reach,RC11,2,13,fact,"Q1 2025 | July 21, 2024 | 9,239","Q1 2025; July 21, 2024; 9,239",S12,filing,mosaic-finance.com,3,unattributed,,false,false,false,false,false,,none,,,filing,filing,true,false,false,1,false
20261007T141155784870Z-codex.both.RC11.r2-a1,both,reach,RC11,2,14,fact,"Q2 2025 | October 13, 2024 | 9,206","Q2 2025; October 13, 2024; 9,206",S13,filing,mosaic-finance.com,3,unattributed,,false,false,false,false,false,,none,,,filing,filing,true,false,false,1,false
20261007T141155784870Z-codex.both.RC11.r2-a1,both,reach,RC11,2,15,fact,"Q3 2025 | February 2, 2025 | 9,217","Q3 2025; February 2, 2025; 9,217",S14,filing,mosaic-finance.com,3,unattributed,,false,false,false,false,false,,none,,,filing,filing,true,false,false,1,false
20261007T141155784870Z-codex.both.RC11.r2-a1,both,reach,RC11,2,16,fact,"Annual 2025 | April 27, 2025 | 9,217","Annual 2025; April 27, 2025; 9,217",S15,filing,mosaic-finance.com,3,unattributed,,false,false,false,false,false,,none,,,filing,filing,true,false,false,1,false
20261007T141155784870Z-codex.both.RC11.r2-a1,both,reach,RC11,2,17,fact,"Q1 2026 | July 20, 2025 | 9,415","Q1 2026; July 20, 2025; 9,415",S16,filing,mosaic-finance.com,3,filing,filing,false,false,true,false,false,,none,,,filing,filing,true,false,false,1,false
20261007T141155784870Z-codex.both.RC11.r2-a1,both,reach,RC11,2,18,fact,"Q2 2026 | October 12, 2025 | 9,390","Q2 2026; October 12, 2025; 9,390",S17,filing,mosaic-finance.com,3,filing,filing,false,false,true,false,false,,none,,,filing,filing,true,false,false,1,false
20261007T141155784870Z-codex.both.RC11.r2-a1,both,reach,RC11,2,19,fact,"Q3 2026 | February 1, 2026 | 9,377","Q3 2026; February 1, 2026; 9,377",S18,filing,mosaic-finance.com,3,unattributed,,false,false,false,false,false,,none,,,filing,filing,true,false,false,1,false
20261007T141155784870Z-codex.both.RC11.r2-a1,both,reach,RC11,2,20,fact,"Annual 2026 | April 26, 2026 | 9,356","Annual 2026; April 26, 2026; 9,356",S19,filing,mosaic-finance.com,3,unattributed,,false,false,false,false,false,,none,,,filing,filing,true,false,false,1,false
20261007T141155784870Z-codex.both.RC11.r2-a1,both,reach,RC11,2,21,fact,"Q1 2027 | July 19, 2026 | 9,307","Q1 2027; July 19, 2026; 9,307",S20,filing,mosaic-finance.com,3,unattributed,,false,false,false,false,false,,none,,,filing,filing,true,false,false,1,false
20261007T141259366162Z-codex.web.RC11.r3-a1,web,reach,RC11,3,1,fact,The 20 English MD&As report the following North American convenience-store counts in “Our Business.”,20; North American; Our Business,,,,2,filing,filing,false,false,true,true,false,issuer; forum; aggregator,none,,,filing,filing,true,true,false,2,false
20261007T141259366162Z-codex.web.RC11.r3-a1,web,reach,RC11,3,2,fact,"2022 Q2 | October 10, 2021 | 9,199","2022 Q2; October 10, 2021; 9,199",S1,filing,filing-source,3,secondary,issuer,false,false,false,true,false,issuer,none,,,secondary,issuer,false,true,false,1,false
20261007T141259366162Z-codex.web.RC11.r3-a1,web,reach,RC11,3,3,fact,"2022 Q3 | January 30, 2022 | 9,166","2022 Q3; January 30, 2022; 9,166",S2,issuer,filecache.investorroom.com,3,secondary,issuer,false,true,false,true,false,issuer,none,,,filing,filing,true,true,false,1,false
20261007T141259366162Z-codex.web.RC11.r3-a1,web,reach,RC11,3,4,fact,"2022 Annual | April 24, 2022 | 9,094","2022 Annual; April 24, 2022; 9,094",S3,filing,filing-source,3,filing,filing,false,false,true,false,false,issuer,none,,,filing,filing,true,false,false,1,false
20261007T141259366162Z-codex.web.RC11.r3-a1,web,reach,RC11,3,5,fact,"2023 Q1 | July 17, 2022 | 9,087","2023 Q1; July 17, 2022; 9,087",S4,filing,filing-source,3,secondary,issuer,false,false,false,false,false,issuer,none,,,secondary,issuer,false,true,false,1,false
20261007T141259366162Z-codex.web.RC11.r3-a1,web,reach,RC11,3,6,fact,"2023 Q2 | October 9, 2022 | 9,295","2023 Q2; October 9, 2022; 9,295",S5,issuer,corporate.couche-tard.com,3,secondary,issuer,false,true,false,true,false,issuer; news,none,,,secondary,issuer,false,true,false,1,false
20261007T141259366162Z-codex.web.RC11.r3-a1,web,reach,RC11,3,7,fact,"2023 Q3 | January 29, 2023 | 9,255","2023 Q3; January 29, 2023; 9,255",S6,issuer,corporate.couche-tard.com,3,secondary,issuer,false,true,false,true,false,issuer,none,,,secondary,issuer,false,true,false,1,false
20261007T141259366162Z-codex.web.RC11.r3-a1,web,reach,RC11,3,8,fact,"2023 Annual | April 30, 2023 | 9,331","2023 Annual; April 30, 2023; 9,331",S7,issuer,corporate.couche-tard.com,3,secondary,issuer,false,true,false,true,false,issuer,none,,,secondary,issuer,false,true,false,1,false
20261007T141259366162Z-codex.web.RC11.r3-a1,web,reach,RC11,3,9,fact,"2024 Q1 | July 23, 2023 | 9,239","2024 Q1; July 23, 2023; 9,239",S8,issuer,corporate.couche-tard.com,3,secondary,issuer,false,true,false,false,false,issuer,none,,,secondary,issuer,false,true,false,1,false
20261007T141259366162Z-codex.web.RC11.r3-a1,web,reach,RC11,3,10,fact,"2024 Q2 | October 15, 2023 | 9,209","2024 Q2; October 15, 2023; 9,209",S9,filing,filing-source,3,filing,filing,false,false,true,false,false,issuer,none,,,filing,filing,true,false,false,1,false
20261007T141259366162Z-codex.web.RC11.r3-a1,web,reach,RC11,3,11,fact,"2024 Q3 | February 4, 2024 | 9,307","2024 Q3; February 4, 2024; 9,307",S10,issuer,corporate.couche-tard.com,3,filing,filing,false,true,true,true,false,issuer,none,,,filing,filing,true,true,false,1,false
20261007T141259366162Z-codex.web.RC11.r3-a1,web,reach,RC11,3,12,fact,"2024 Annual | April 28, 2024 | 9,273","2024 Annual; April 28, 2024; 9,273",S11,issuer,corporate.couche-tard.com,3,secondary,issuer,false,true,false,true,false,issuer; aggregator,none,,,secondary,issuer,false,true,false,1,false
20261007T141259366162Z-codex.web.RC11.r3-a1,web,reach,RC11,3,13,fact,"2025 Q1 | July 21, 2024 | 9,239","2025 Q1; July 21, 2024; 9,239",S12,issuer,corporate.couche-tard.com,3,secondary,issuer,false,true,false,false,false,issuer; aggregator,none,,,secondary,issuer,false,true,false,1,false
20261007T141259366162Z-codex.web.RC11.r3-a1,web,reach,RC11,3,14,fact,"2025 Q2 | October 13, 2024 | 9,206","2025 Q2; October 13, 2024; 9,206",S13,issuer,filecache.investorroom.com,3,secondary,issuer,false,true,false,true,false,issuer; aggregator,none,,,secondary,issuer,false,true,false,1,false
20261007T141259366162Z-codex.web.RC11.r3-a1,web,reach,RC11,3,15,fact,"2025 Q3 | February 2, 2025 | 9,217","2025 Q3; February 2, 2025; 9,217",S14,issuer,filecache.investorroom.com,3,secondary,issuer,false,true,false,true,false,issuer; aggregator,none,,,filing,filing,true,true,false,1,false
20261007T141259366162Z-codex.web.RC11.r3-a1,web,reach,RC11,3,16,fact,"2025 Annual | April 27, 2025 | 9,217","2025 Annual; April 27, 2025; 9,217",S15,filing,filing-source,3,filing,filing,false,false,true,true,false,issuer; forum; aggregator,none,,,filing,filing,true,true,false,1,false
20261007T141259366162Z-codex.web.RC11.r3-a1,web,reach,RC11,3,17,fact,"2026 Q1 | July 20, 2025 | 9,415","2026 Q1; July 20, 2025; 9,415",S16,filing,filing-source,3,secondary,issuer,false,false,false,false,false,issuer,none,,,filing,filing,true,false,false,1,false
20261007T141259366162Z-codex.web.RC11.r3-a1,web,reach,RC11,3,18,fact,"2026 Q2 | October 12, 2025 | 9,390","2026 Q2; October 12, 2025; 9,390",S17,filing,filing-source,3,filing,filing,false,false,true,false,false,issuer; aggregator,none,,,filing,filing,true,false,false,1,false
20261007T141259366162Z-codex.web.RC11.r3-a1,web,reach,RC11,3,19,fact,"2026 Q3 | February 1, 2026 | 9,377","2026 Q3; February 1, 2026; 9,377",S18,issuer,corporate.couche-tard.com,3,secondary,issuer,false,true,false,true,false,issuer,none,,,secondary,issuer,false,true,false,1,false
20261007T141259366162Z-codex.web.RC11.r3-a1,web,reach,RC11,3,20,fact,"2026 Annual | April 26, 2026 | 9,356","2026 Annual; April 26, 2026; 9,356",S19,issuer,filecache.investorroom.com,3,secondary,issuer,false,true,false,true,false,issuer; forum; aggregator,none,,,secondary,issuer,false,true,false,1,false
20261007T141259366162Z-codex.web.RC11.r3-a1,web,reach,RC11,3,21,fact,"2027 Q1 | July 19, 2026 | 9,307","2027 Q1; July 19, 2026; 9,307",S20,filing,filing-source,3,secondary,issuer,false,false,false,true,false,issuer; forum; aggregator,none,,,filing,filing,true,true,false,1,false
20261007T141405043363Z-codex.archivist.RC11.r3-a1,archivist,reach,RC11,3,1,fact,The 20 English MD&As report the following total North American convenience-store counts in “Our Business.”,20; North American; Our Business,,,,2,filing,filing,false,false,true,false,false,,none,,,filing,filing,true,false,false,2,false
20261007T141405043363Z-codex.archivist.RC11.r3-a1,archivist,reach,RC11,3,2,fact,"Q2 2022 | October 10, 2021 | 9,199","Q2 2022; October 10, 2021; 9,199",S1,filing,mosaic-finance.com,3,filing,filing,false,false,true,false,false,,none,,,filing,filing,true,false,false,1,false
20261007T141405043363Z-codex.archivist.RC11.r3-a1,archivist,reach,RC11,3,3,fact,"Q3 2022 | January 30, 2022 | 9,166","Q3 2022; January 30, 2022; 9,166",S2,filing,mosaic-finance.com,3,filing,filing,false,false,true,false,false,,none,,,filing,filing,true,false,false,1,false
20261007T141405043363Z-codex.archivist.RC11.r3-a1,archivist,reach,RC11,3,4,fact,"Annual 2022 | April 24, 2022 | 9,094","Annual 2022; April 24, 2022; 9,094",S3,filing,mosaic-finance.com,3,unattributed,,false,false,false,false,false,,none,,,filing,filing,true,false,false,1,false
20261007T141405043363Z-codex.archivist.RC11.r3-a1,archivist,reach,RC11,3,5,fact,"Q1 2023 | July 17, 2022 | 9,087","Q1 2023; July 17, 2022; 9,087",S4,filing,mosaic-finance.com,3,filing,filing,false,false,true,false,false,,none,,,filing,filing,true,false,false,1,false
20261007T141405043363Z-codex.archivist.RC11.r3-a1,archivist,reach,RC11,3,6,fact,"Q2 2023 | October 9, 2022 | 9,295","Q2 2023; October 9, 2022; 9,295",S5,filing,mosaic-finance.com,3,filing,filing,false,false,true,false,false,,none,,,filing,filing,true,false,false,1,false
20261007T141405043363Z-codex.archivist.RC11.r3-a1,archivist,reach,RC11,3,7,fact,"Q3 2023 | January 29, 2023 | 9,255","Q3 2023; January 29, 2023; 9,255",S6,filing,mosaic-finance.com,3,filing,filing,false,false,true,false,false,,none,,,filing,filing,true,false,false,1,false
20261007T141405043363Z-codex.archivist.RC11.r3-a1,archivist,reach,RC11,3,8,fact,"Annual 2023 | April 30, 2023 | 9,331","Annual 2023; April 30, 2023; 9,331",S7,filing,mosaic-finance.com,3,unattributed,,false,false,false,false,false,,none,,,filing,filing,true,false,false,1,false
20261007T141405043363Z-codex.archivist.RC11.r3-a1,archivist,reach,RC11,3,9,fact,"Q1 2024 | July 23, 2023 | 9,239","Q1 2024; July 23, 2023; 9,239",S8,filing,mosaic-finance.com,3,filing,filing,false,false,true,false,false,,none,,,filing,filing,true,false,false,1,false
20261007T141405043363Z-codex.archivist.RC11.r3-a1,archivist,reach,RC11,3,10,fact,"Q2 2024 | October 15, 2023 | 9,209","Q2 2024; October 15, 2023; 9,209",S9,filing,mosaic-finance.com,3,filing,filing,false,false,true,false,false,,none,,,filing,filing,true,false,false,1,false
20261007T141405043363Z-codex.archivist.RC11.r3-a1,archivist,reach,RC11,3,11,fact,"Q3 2024 | February 4, 2024 | 9,307","Q3 2024; February 4, 2024; 9,307",S10,filing,mosaic-finance.com,3,unattributed,,false,false,false,false,false,,none,,,filing,filing,true,false,false,1,false
20261007T141405043363Z-codex.archivist.RC11.r3-a1,archivist,reach,RC11,3,12,fact,"Annual 2024 | April 28, 2024 | 9,273","Annual 2024; April 28, 2024; 9,273",S11,filing,mosaic-finance.com,3,unattributed,,false,false,false,false,false,,none,,,filing,filing,true,false,false,1,false
20261007T141405043363Z-codex.archivist.RC11.r3-a1,archivist,reach,RC11,3,13,fact,"Q1 2025 | July 21, 2024 | 9,239","Q1 2025; July 21, 2024; 9,239",S12,filing,mosaic-finance.com,3,unattributed,,false,false,false,false,false,,none,,,filing,filing,true,false,false,1,false
20261007T141405043363Z-codex.archivist.RC11.r3-a1,archivist,reach,RC11,3,14,fact,"Q2 2025 | October 13, 2024 | 9,206","Q2 2025; October 13, 2024; 9,206",S13,filing,mosaic-finance.com,3,unattributed,,false,false,false,false,false,,none,,,filing,filing,true,false,false,1,false
20261007T141405043363Z-codex.archivist.RC11.r3-a1,archivist,reach,RC11,3,15,fact,"Q3 2025 | February 2, 2025 | 9,217","Q3 2025; February 2, 2025; 9,217",S14,filing,mosaic-finance.com,3,unattributed,,false,false,false,false,false,,none,,,filing,filing,true,false,false,1,false
20261007T141405043363Z-codex.archivist.RC11.r3-a1,archivist,reach,RC11,3,16,fact,"Annual 2025 | April 27, 2025 | 9,217","Annual 2025; April 27, 2025; 9,217",S15,filing,mosaic-finance.com,3,unattributed,,false,false,false,false,false,,none,,,filing,filing,true,false,false,1,false
20261007T141405043363Z-codex.archivist.RC11.r3-a1,archivist,reach,RC11,3,17,fact,"Q1 2026 | July 20, 2025 | 9,415","Q1 2026; July 20, 2025; 9,415",S16,filing,mosaic-finance.com,3,filing,filing,false,false,true,false,false,,none,,,filing,filing,true,false,false,1,false
20261007T141405043363Z-codex.archivist.RC11.r3-a1,archivist,reach,RC11,3,18,fact,"Q2 2026 | October 12, 2025 | 9,390","Q2 2026; October 12, 2025; 9,390",S17,filing,mosaic-finance.com,3,filing,filing,false,false,true,false,false,,none,,,filing,filing,true,false,false,1,false
20261007T141405043363Z-codex.archivist.RC11.r3-a1,archivist,reach,RC11,3,19,fact,"Q3 2026 | February 1, 2026 | 9,377","Q3 2026; February 1, 2026; 9,377",S18,filing,mosaic-finance.com,3,unattributed,,false,false,false,false,false,,none,,,filing,filing,true,false,false,1,false
20261007T141405043363Z-codex.archivist.RC11.r3-a1,archivist,reach,RC11,3,20,fact,"Annual 2026 | April 26, 2026 | 9,356","Annual 2026; April 26, 2026; 9,356",S19,filing,mosaic-finance.com,3,unattributed,,false,false,false,false,false,,none,,,filing,filing,true,false,false,1,false
20261007T141405043363Z-codex.archivist.RC11.r3-a1,archivist,reach,RC11,3,21,fact,"Q1 2027 | July 19, 2026 | 9,307","Q1 2027; July 19, 2026; 9,307",S20,filing,mosaic-finance.com,3,unattributed,,false,false,false,false,false,,none,,,filing,filing,true,false,false,1,false
20261007T141534742198Z-codex.both.RC11.r3-a1,both,reach,RC11,3,1,fact,The 20 English MD&As report the following total North American convenience-store counts.,20; North American,,,,1,filing,filing,false,false,true,false,false,,none,,,filing,filing,true,false,false,1,false
20261007T141534742198Z-codex.both.RC11.r3-a1,both,reach,RC11,3,2,fact,"Q2 FY2022: October 10, 2021 — 9,199 North American convenience stores.","Q2 FY2022; October 10, 2021; 9,199; North American",S1,filing,mosaic-finance.com,4,unattributed,,false,false,false,false,false,,none,,,filing,filing,true,false,false,1,false
20261007T141534742198Z-codex.both.RC11.r3-a1,both,reach,RC11,3,3,fact,"Q3 FY2022: January 30, 2022 — 9,166 North American convenience stores.","Q3 FY2022; January 30, 2022; 9,166; North American",S2,filing,mosaic-finance.com,4,unattributed,,false,false,false,false,false,,none,,,filing,filing,true,false,false,1,false
20261007T141534742198Z-codex.both.RC11.r3-a1,both,reach,RC11,3,4,fact,"FY2022: April 24, 2022 — 9,094 North American convenience stores.","FY2022; April 24, 2022; 9,094; North American",S3,filing,mosaic-finance.com,3,filing,filing,false,false,true,false,false,,none,,,filing,filing,true,false,false,1,false
20261007T141534742198Z-codex.both.RC11.r3-a1,both,reach,RC11,3,5,fact,"Q1 FY2023: July 17, 2022 — 9,087 North American convenience stores.","Q1 FY2023; July 17, 2022; 9,087; North American",S4,filing,mosaic-finance.com,4,unattributed,,false,false,false,false,false,,none,,,filing,filing,true,false,false,1,false
20261007T141534742198Z-codex.both.RC11.r3-a1,both,reach,RC11,3,6,fact,"Q2 FY2023: October 9, 2022 — 9,295 North American convenience stores.","Q2 FY2023; October 9, 2022; 9,295; North American",S5,filing,mosaic-finance.com,4,unattributed,,false,false,false,false,false,,none,,,filing,filing,true,false,false,1,false
20261007T141534742198Z-codex.both.RC11.r3-a1,both,reach,RC11,3,7,fact,"Q3 FY2023: January 29, 2023 — 9,255 North American convenience stores.","Q3 FY2023; January 29, 2023; 9,255; North American",S6,filing,mosaic-finance.com,4,unattributed,,false,false,false,false,false,,none,,,filing,filing,true,false,false,1,false
20261007T141534742198Z-codex.both.RC11.r3-a1,both,reach,RC11,3,8,fact,"FY2023: April 30, 2023 — 9,331 North American convenience stores.","FY2023; April 30, 2023; 9,331; North American",S7,filing,mosaic-finance.com,3,filing,filing,false,false,true,false,false,,none,,,filing,filing,true,false,false,1,false
20261007T141534742198Z-codex.both.RC11.r3-a1,both,reach,RC11,3,9,fact,"Q1 FY2024: July 23, 2023 — 9,239 North American convenience stores.","Q1 FY2024; July 23, 2023; 9,239; North American",S8,filing,mosaic-finance.com,4,unattributed,,false,false,false,false,false,,none,,,filing,filing,true,false,false,1,false
20261007T141534742198Z-codex.both.RC11.r3-a1,both,reach,RC11,3,10,fact,"Q2 FY2024: October 15, 2023 — 9,209 North American convenience stores.","Q2 FY2024; October 15, 2023; 9,209; North American",S9,filing,mosaic-finance.com,4,unattributed,,false,false,false,false,false,,none,,,filing,filing,true,false,false,1,false
20261007T141534742198Z-codex.both.RC11.r3-a1,both,reach,RC11,3,11,fact,"Q3 FY2024: February 4, 2024 — 9,307 North American convenience stores.","Q3 FY2024; February 4, 2024; 9,307; North American",S10,filing,mosaic-finance.com,4,unattributed,,false,false,false,false,false,,none,,,filing,filing,true,false,false,1,false
20261007T141534742198Z-codex.both.RC11.r3-a1,both,reach,RC11,3,12,fact,"FY2024: April 28, 2024 — 9,273 North American convenience stores.","FY2024; April 28, 2024; 9,273; North American",S11,filing,mosaic-finance.com,3,filing,filing,false,false,true,false,false,,none,,,filing,filing,true,false,false,1,false
20261007T141534742198Z-codex.both.RC11.r3-a1,both,reach,RC11,3,13,fact,"Q1 FY2025: July 21, 2024 — 9,239 North American convenience stores.","Q1 FY2025; July 21, 2024; 9,239; North American",S12,filing,mosaic-finance.com,4,unattributed,,false,false,false,false,false,,none,,,filing,filing,true,false,false,1,false
20261007T141534742198Z-codex.both.RC11.r3-a1,both,reach,RC11,3,14,fact,"Q2 FY2025: October 13, 2024 — 9,206 North American convenience stores.","Q2 FY2025; October 13, 2024; 9,206; North American",S13,filing,mosaic-finance.com,4,unattributed,,false,false,false,false,false,,none,,,filing,filing,true,false,false,1,false
20261007T141534742198Z-codex.both.RC11.r3-a1,both,reach,RC11,3,15,fact,"Q3 FY2025: February 2, 2025 — 9,217 North American convenience stores.","Q3 FY2025; February 2, 2025; 9,217; North American",S14,filing,mosaic-finance.com,4,unattributed,,false,false,false,false,false,,none,,,filing,filing,true,false,false,1,false
20261007T141534742198Z-codex.both.RC11.r3-a1,both,reach,RC11,3,16,fact,"FY2025: April 27, 2025 — 9,217 North American convenience stores.","FY2025; April 27, 2025; 9,217; North American",S15,filing,mosaic-finance.com,3,filing,filing,false,false,true,false,false,,none,,,filing,filing,true,false,false,1,false
20261007T141534742198Z-codex.both.RC11.r3-a1,both,reach,RC11,3,17,fact,"Q1 FY2026: July 20, 2025 — 9,415 North American convenience stores.","Q1 FY2026; July 20, 2025; 9,415; North American",S16,filing,mosaic-finance.com,4,unattributed,,false,false,false,false,false,,none,,,filing,filing,true,false,false,1,false
20261007T141534742198Z-codex.both.RC11.r3-a1,both,reach,RC11,3,18,fact,"Q2 FY2026: October 12, 2025 — 9,390 North American convenience stores.","Q2 FY2026; October 12, 2025; 9,390; North American",S17,filing,mosaic-finance.com,4,unattributed,,false,false,false,false,false,,none,,,filing,filing,true,false,false,1,false
20261007T141534742198Z-codex.both.RC11.r3-a1,both,reach,RC11,3,19,fact,"Q3 FY2026: February 1, 2026 — 9,377 North American convenience stores.","Q3 FY2026; February 1, 2026; 9,377; North American",S18,filing,mosaic-finance.com,4,unattributed,,false,false,false,false,false,,none,,,filing,filing,true,false,false,1,false
20261007T141534742198Z-codex.both.RC11.r3-a1,both,reach,RC11,3,20,fact,"FY2026: April 26, 2026 — 9,356 North American convenience stores.","FY2026; April 26, 2026; 9,356; North American",S19,filing,mosaic-finance.com,3,filing,filing,false,false,true,false,false,,none,,,filing,filing,true,false,false,1,false
20261007T141534742198Z-codex.both.RC11.r3-a1,both,reach,RC11,3,21,fact,"Q1 FY2027: July 19, 2026 — 9,307 North American convenience stores.","Q1 FY2027; July 19, 2026; 9,307; North American",S20,filing,mosaic-finance.com,4,unattributed,,false,false,false,false,false,,none,,,filing,filing,true,false,false,1,false
20261007T141730784425Z-codex.web.RC12.r1-a1,web,reach,RC12,1,1,fact,"SDTTR published 26 “Yeni İş İlişkisi” disclosures from 2025-07-26 through 2026-09-30, inclusive.",SDTTR; 26; Yeni İş İlişkisi; 2025-07-26; 2026-09-30,,,,4,filing,filing,false,false,true,true,false,aggregator,none,,,filing,filing,true,true,false,2,false
20261007T141730784425Z-codex.web.RC12.r1-a1,web,reach,RC12,1,2,fact,Dates below are KAP publication dates.,KAP,,,,1,filing,filing,false,false,true,true,false,aggregator,none,,,filing,filing,true,true,false,1,false
20261007T141730784425Z-codex.web.RC12.r1-a1,web,reach,RC12,1,3,fact,All amounts were stated in US dollars.,US dollars,,,,1,unattributed,,false,false,false,false,false,,none,,,unattributed,,false,false,false,1,false
20261007T141730784425Z-codex.web.RC12.r1-a1,web,reach,RC12,1,4,fact,"2025-08-27: $2,565,420.","2025-08-27; $2,565,420",S1,filing,filing-source,2,filing,filing,false,false,true,false,false,aggregator,none,,,filing,filing,true,false,false,2,false
20261007T141730784425Z-codex.web.RC12.r1-a1,web,reach,RC12,1,5,fact,"2025-09-03: $3,950,000.","2025-09-03; $3,950,000",S2,filing,filing-source,1,filing,filing,false,false,true,true,false,aggregator,none,,,filing,filing,true,true,false,1,false
20261007T141730784425Z-codex.web.RC12.r1-a1,web,reach,RC12,1,6,fact,"2025-09-09: $11,010,000.","2025-09-09; $11,010,000",S3,filing,filing-source,1,filing,filing,false,false,true,false,false,,none,,,filing,filing,true,false,false,1,false
20261007T141730784425Z-codex.web.RC12.r1-a1,web,reach,RC12,1,7,fact,"2025-09-22: $1,259,750.","2025-09-22; $1,259,750",S4,filing,filing-source,2,filing,filing,false,false,true,false,false,aggregator,none,,,filing,filing,true,false,false,2,false
20261007T141730784425Z-codex.web.RC12.r1-a1,web,reach,RC12,1,8,fact,"2025-10-21: $2,000,000 total; SDT’s share $1,000,000.","2025-10-21; $2,000,000; SDT; $1,000,000",S5,filing,filing-source,2,filing,filing,false,false,true,true,false,aggregator,none,,,filing,filing,true,true,false,1,false
20261007T141730784425Z-codex.web.RC12.r1-a1,web,reach,RC12,1,9,fact,"2025-10-30: $2,600,000.","2025-10-30; $2,600,000",S6,filing,filing-source,1,filing,filing,false,false,true,true,false,aggregator,none,,,filing,filing,true,true,false,1,false
20261007T141730784425Z-codex.web.RC12.r1-a1,web,reach,RC12,1,10,fact,"2025-11-03: $1,014,860.","2025-11-03; $1,014,860",S7,filing,filing-source,2,filing,filing,false,false,true,false,false,aggregator,none,,,filing,filing,true,false,false,2,false
20261007T141730784425Z-codex.web.RC12.r1-a1,web,reach,RC12,1,11,fact,"2025-11-21: $800,000.","2025-11-21; $800,000",S8,filing,filing-source,2,filing,filing,false,false,true,true,false,aggregator,none,,,filing,filing,true,true,false,2,false
20261007T141730784425Z-codex.web.RC12.r1-a1,web,reach,RC12,1,12,fact,"2025-11-25: $799,890.","2025-11-25; $799,890",S9,filing,filing-source,3,filing,filing,false,false,true,false,false,aggregator,none,,,filing,filing,true,false,false,3,false
20261007T141730784425Z-codex.web.RC12.r1-a1,web,reach,RC12,1,13,fact,"2025-12-23: $1,335,000.","2025-12-23; $1,335,000",S10,filing,filing-source,3,filing,filing,false,false,true,false,false,aggregator,none,,,filing,filing,true,false,false,3,false
20261007T141730784425Z-codex.web.RC12.r1-a1,web,reach,RC12,1,14,fact,"2026-02-05: $896,400.","2026-02-05; $896,400",S11,filing,filing-source,1,filing,filing,false,false,true,true,false,aggregator,none,,,filing,filing,true,true,false,1,false
20261007T141730784425Z-codex.web.RC12.r1-a1,web,reach,RC12,1,15,fact,"2026-03-23 (first): $3,900,000.","2026-03-23; $3,900,000",S12,filing,filing-source,2,filing,filing,false,false,true,false,false,aggregator,none,,,filing,filing,true,false,false,2,false
20261007T141730784425Z-codex.web.RC12.r1-a1,web,reach,RC12,1,16,fact,"2026-03-23 (second): $2,104,908.","2026-03-23; $2,104,908",S13,filing,filing-source,2,filing,filing,false,false,true,false,false,aggregator,none,,,filing,filing,true,false,false,2,false
20261007T141730784425Z-codex.web.RC12.r1-a1,web,reach,RC12,1,17,fact,"2026-04-07: $1,900,000.","2026-04-07; $1,900,000",S14,filing,filing-source,1,filing,filing,false,false,true,false,false,,none,,,filing,filing,true,false,false,1,false
20261007T141730784425Z-codex.web.RC12.r1-a1,web,reach,RC12,1,18,fact,"2026-04-15: $2,030,000.","2026-04-15; $2,030,000",S15,filing,filing-source,2,filing,filing,false,false,true,false,false,aggregator,none,,,filing,filing,true,false,false,2,false
20261007T141730784425Z-codex.web.RC12.r1-a1,web,reach,RC12,1,19,fact,"2026-05-12: $4,950,000.","2026-05-12; $4,950,000",S16,filing,filing-source,2,filing,filing,false,false,true,false,false,aggregator,none,,,filing,filing,true,false,false,2,false
20261007T141730784425Z-codex.web.RC12.r1-a1,web,reach,RC12,1,20,fact,"2026-05-13: $6,450,000.","2026-05-13; $6,450,000",S17,filing,filing-source,2,filing,filing,false,false,true,false,false,aggregator,none,,,filing,filing,true,false,false,2,false
20261007T141730784425Z-codex.web.RC12.r1-a1,web,reach,RC12,1,21,fact,"2026-05-14: $562,500.","2026-05-14; $562,500",S18,filing,filing-source,2,filing,filing,false,false,true,false,false,aggregator,none,,,filing,filing,true,false,false,2,false
20261007T141730784425Z-codex.web.RC12.r1-a1,web,reach,RC12,1,22,fact,"2026-06-22: $1,065,866.","2026-06-22; $1,065,866",S19,filing,filing-source,2,filing,filing,false,false,true,false,false,aggregator,none,,,filing,filing,true,false,false,2,false
20261007T141730784425Z-codex.web.RC12.r1-a1,web,reach,RC12,1,23,fact,"2026-07-09: $1,271,060.","2026-07-09; $1,271,060",S20,filing,filing-source,1,filing,filing,false,false,true,false,false,,none,,,filing,filing,true,false,false,1,false
20261007T141730784425Z-codex.web.RC12.r1-a1,web,reach,RC12,1,24,fact,"2026-07-13: $5,350,000.","2026-07-13; $5,350,000",S21,filing,filing-source,2,filing,filing,false,false,true,false,false,aggregator,none,,,filing,filing,true,false,false,2,false
20261007T141730784425Z-codex.web.RC12.r1-a1,web,reach,RC12,1,25,fact,"2026-08-03: $5,732,300.","2026-08-03; $5,732,300",S22,filing,filing-source,1,filing,filing,false,false,true,false,false,,none,,,filing,filing,true,false,false,1,false
20261007T141730784425Z-codex.web.RC12.r1-a1,web,reach,RC12,1,26,fact,"2026-08-24: $4,776,240.","2026-08-24; $4,776,240",S23,filing,filing-source,2,filing,filing,false,false,true,false,false,aggregator,none,,,filing,filing,true,false,false,2,false
20261007T141730784425Z-codex.web.RC12.r1-a1,web,reach,RC12,1,27,fact,"2026-08-26: $1,406,000.","2026-08-26; $1,406,000",S24,filing,filing-source,2,filing,filing,false,false,true,false,false,aggregator,none,,,filing,filing,true,false,false,2,false
20261007T141730784425Z-codex.web.RC12.r1-a1,web,reach,RC12,1,28,fact,"2026-09-15: $14,625,000.","2026-09-15; $14,625,000",S25,filing,filing-source,2,filing,filing,false,false,true,true,false,aggregator,none,,,filing,filing,true,true,false,2,false
20261007T141730784425Z-codex.web.RC12.r1-a1,web,reach,RC12,1,29,fact,"2026-09-17: $2,213,250.","2026-09-17; $2,213,250",S26,filing,filing-source,2,filing,filing,false,false,true,false,false,aggregator,none,,,filing,filing,true,false,false,2,false
20261007T141730784750Z-codex.archivist.RC12.r1-a1,archivist,reach,RC12,1,1,fact,Found 26 “Yeni İş İlişkisi” disclosures in the inclusive period 2025-07-26–2026-09-30.,26; Yeni İş İlişkisi; 2025-07-26–2026-09-30,,,,3,filing,filing,false,false,true,false,false,,none,,,filing,filing,true,false,false,2,false
20261007T141730784750Z-codex.archivist.RC12.r1-a1,archivist,reach,RC12,1,2,fact,Dates below are publication dates.,,,,,0,unattributed,,true,false,false,false,false,,none,,,unattributed,,false,false,false,0,true
20261007T141730784750Z-codex.archivist.RC12.r1-a1,archivist,reach,RC12,1,3,fact,All amounts were explicitly stated in US dollars.,US dollars,,,,1,unattributed,,false,false,false,false,false,,none,,,unattributed,,false,false,false,1,false
20261007T141730784750Z-codex.archivist.RC12.r1-a1,archivist,reach,RC12,1,4,fact,"2025-08-27 | SDT order | 2,565,420","2025-08-27; SDT; 2,565,420",S1,filing,mosaic-finance.com,3,filing,filing,false,false,true,false,false,,none,,,filing,filing,true,false,false,2,false
20261007T141730784750Z-codex.archivist.RC12.r1-a1,archivist,reach,RC12,1,5,fact,"2025-09-03 | BKM Bursa Kalıp contract | 3,950,000","2025-09-03; BKM Bursa Kalıp; 3,950,000",S2,filing,mosaic-finance.com,2,filing,filing,false,false,true,false,false,,none,,,filing,filing,true,false,false,1,false
20261007T141730784750Z-codex.archivist.RC12.r1-a1,archivist,reach,RC12,1,6,fact,"2025-09-09 | SDT order | 11,010,000","2025-09-09; SDT; 11,010,000",S3,filing,mosaic-finance.com,2,filing,filing,false,false,true,false,false,,none,,,filing,filing,true,false,false,1,false
20261007T141730784750Z-codex.archivist.RC12.r1-a1,archivist,reach,RC12,1,7,fact,"2025-09-22 | BKM Bursa Kalıp order | 1,259,750","2025-09-22; BKM Bursa Kalıp; 1,259,750",S4,filing,mosaic-finance.com,3,filing,filing,false,false,true,false,false,,none,,,filing,filing,true,false,false,2,false
20261007T141730784750Z-codex.archivist.RC12.r1-a1,archivist,reach,RC12,1,8,fact,"2025-10-21 | SDT–TAMGÖR joint contract | 2,000,000 total; SDT’s share 1,000,000","2025-10-21; SDT; TAMGÖR; 2,000,000; 1,000,000",S5,filing,mosaic-finance.com,3,filing,filing,false,false,true,false,false,,none,,,filing,filing,true,false,false,1,false
20261007T141730784750Z-codex.archivist.RC12.r1-a1,archivist,reach,RC12,1,9,fact,"2025-10-30 | SDT service contract | 2,600,000","2025-10-30; SDT; 2,600,000",S6,filing,mosaic-finance.com,2,filing,filing,false,false,true,false,false,,none,,,filing,filing,true,false,false,1,false
20261007T141730784750Z-codex.archivist.RC12.r1-a1,archivist,reach,RC12,1,10,fact,"2025-11-03 | BKM Bursa Kalıp order | 1,014,860","2025-11-03; BKM Bursa Kalıp; 1,014,860",S7,filing,mosaic-finance.com,3,filing,filing,false,false,true,false,false,,none,,,filing,filing,true,false,false,2,false
20261007T141730784750Z-codex.archivist.RC12.r1-a1,archivist,reach,RC12,1,11,fact,"2025-11-21 | SDT contract with TUSAŞ | 800,000","2025-11-21; SDT; TUSAŞ; 800,000",S8,filing,mosaic-finance.com,4,filing,filing,false,false,true,false,false,,none,,,filing,filing,true,false,false,2,false
20261007T141730784750Z-codex.archivist.RC12.r1-a1,archivist,reach,RC12,1,12,fact,"2025-11-25 | SDT order | 799,890","2025-11-25; SDT; 799,890",S9,filing,mosaic-finance.com,4,filing,filing,false,false,true,false,false,,none,,,filing,filing,true,false,false,3,false
20261007T141730784750Z-codex.archivist.RC12.r1-a1,archivist,reach,RC12,1,13,fact,"2025-12-23 | SDT order | 1,335,000","2025-12-23; SDT; 1,335,000",S10,filing,mosaic-finance.com,4,filing,filing,false,false,true,false,false,,none,,,filing,filing,true,false,false,3,false
20261007T141730784750Z-codex.archivist.RC12.r1-a1,archivist,reach,RC12,1,14,fact,"2026-02-05 | SDT contract | 896,400","2026-02-05; SDT; 896,400",S11,filing,mosaic-finance.com,2,filing,filing,false,false,true,false,false,,none,,,filing,filing,true,false,false,1,false
20261007T141730784750Z-codex.archivist.RC12.r1-a1,archivist,reach,RC12,1,15,fact,"2026-03-23 | SDT order — KAP 1574640 | 3,900,000","2026-03-23; SDT; KAP; 1574640; 3,900,000",S12,filing,mosaic-finance.com,5,filing,filing,false,false,true,false,false,,none,,,filing,filing,true,false,false,3,false
20261007T141730784750Z-codex.archivist.RC12.r1-a1,archivist,reach,RC12,1,16,fact,"2026-03-23 | SDT order — KAP 1574665 | 2,104,908","2026-03-23; SDT; KAP; 1574665; 2,104,908",S13,filing,mosaic-finance.com,5,filing,filing,false,false,true,false,false,,none,,,filing,filing,true,false,false,3,false
20261007T141730784750Z-codex.archivist.RC12.r1-a1,archivist,reach,RC12,1,17,fact,"2026-04-07 | BKM Bursa Kalıp order | 1,900,000","2026-04-07; BKM Bursa Kalıp; 1,900,000",S14,filing,mosaic-finance.com,2,filing,filing,false,false,true,false,false,,none,,,filing,filing,true,false,false,1,false
20261007T141730784750Z-codex.archivist.RC12.r1-a1,archivist,reach,RC12,1,18,fact,"2026-04-15 | SDT contract | 2,030,000","2026-04-15; SDT; 2,030,000",S15,filing,mosaic-finance.com,3,filing,filing,false,false,true,false,false,,none,,,filing,filing,true,false,false,2,false
20261007T141730784750Z-codex.archivist.RC12.r1-a1,archivist,reach,RC12,1,19,fact,"2026-05-12 | SDT contract | 4,950,000","2026-05-12; SDT; 4,950,000",S16,filing,mosaic-finance.com,3,filing,filing,false,false,true,false,false,,none,,,filing,filing,true,false,false,2,false
20261007T141730784750Z-codex.archivist.RC12.r1-a1,archivist,reach,RC12,1,20,fact,"2026-05-13 | SDT order | 6,450,000","2026-05-13; SDT; 6,450,000",S17,filing,mosaic-finance.com,3,filing,filing,false,false,true,false,false,,none,,,filing,filing,true,false,false,2,false
20261007T141730784750Z-codex.archivist.RC12.r1-a1,archivist,reach,RC12,1,21,fact,"2026-05-14 | SDT contract with SSB | 562,500","2026-05-14; SDT; SSB; 562,500",S18,filing,mosaic-finance.com,4,filing,filing,false,false,true,false,false,,none,,,filing,filing,true,false,false,2,false
20261007T141730784750Z-codex.archivist.RC12.r1-a1,archivist,reach,RC12,1,22,fact,"2026-06-22 | SDT order | 1,065,866","2026-06-22; SDT; 1,065,866",S19,filing,mosaic-finance.com,3,filing,filing,false,false,true,false,false,,none,,,filing,filing,true,false,false,2,false
20261007T141730784750Z-codex.archivist.RC12.r1-a1,archivist,reach,RC12,1,23,fact,"2026-07-09 | BKM Bursa Kalıp order | 1,271,060","2026-07-09; BKM Bursa Kalıp; 1,271,060",S20,filing,mosaic-finance.com,2,filing,filing,false,false,true,false,false,,none,,,filing,filing,true,false,false,1,false
20261007T141730784750Z-codex.archivist.RC12.r1-a1,archivist,reach,RC12,1,24,fact,"2026-07-13 | SDT contract | 5,350,000","2026-07-13; SDT; 5,350,000",S21,filing,mosaic-finance.com,3,filing,filing,false,false,true,false,false,,none,,,filing,filing,true,false,false,2,false
20261007T141730784750Z-codex.archivist.RC12.r1-a1,archivist,reach,RC12,1,25,fact,"2026-08-03 | BKM Bursa Kalıp order | 5,732,300","2026-08-03; BKM Bursa Kalıp; 5,732,300",S22,filing,mosaic-finance.com,2,filing,filing,false,false,true,false,false,,none,,,filing,filing,true,false,false,1,false
20261007T141730784750Z-codex.archivist.RC12.r1-a1,archivist,reach,RC12,1,26,fact,"2026-08-24 | SDT overseas customer order | 4,776,240","2026-08-24; SDT; 4,776,240",S23,filing,mosaic-finance.com,3,filing,filing,false,false,true,false,false,,none,,,filing,filing,true,false,false,2,false
20261007T141730784750Z-codex.archivist.RC12.r1-a1,archivist,reach,RC12,1,27,fact,"2026-08-26 | SDT order | 1,406,000","2026-08-26; SDT; 1,406,000",S24,filing,mosaic-finance.com,3,filing,filing,false,false,true,false,false,,none,,,filing,filing,true,false,false,2,false
20261007T141730784750Z-codex.archivist.RC12.r1-a1,archivist,reach,RC12,1,28,fact,"2026-09-15 | SDT contract | 14,625,000","2026-09-15; SDT; 14,625,000",S25,filing,mosaic-finance.com,3,filing,filing,false,false,true,false,false,,none,,,filing,filing,true,false,false,2,false
20261007T141730784750Z-codex.archivist.RC12.r1-a1,archivist,reach,RC12,1,29,fact,"2026-09-17 | SDT order | 2,213,250","2026-09-17; SDT; 2,213,250",S26,filing,mosaic-finance.com,3,filing,filing,false,false,true,false,false,,none,,,filing,filing,true,false,false,2,false
20261007T141842097408Z-codex.both.RC12.r1-a1,both,reach,RC12,1,1,fact,I found 26 “Yeni İş İlişkisi” disclosures in the inclusive period 2025-07-26–2026-09-30.,26; Yeni İş İlişkisi; 2025-07-26–2026-09-30,,,,3,filing,filing,false,false,true,true,true,issuer; aggregator,none,,,filing,filing,true,true,true,2,false
20261007T141842097408Z-codex.both.RC12.r1-a1,both,reach,RC12,1,2,fact,"Published: 2025-08-27; Order or contract amount (USD): $2,565,420; KAP disclosure ID: 1482925.","2025-08-27; $2,565,420; KAP; 1482925",S1,filing,mosaic-finance.com,4,filing,filing,false,false,true,false,false,issuer; aggregator,none,,,filing,filing,true,false,false,3,false
20261007T141842097408Z-codex.both.RC12.r1-a1,both,reach,RC12,1,3,fact,"Published: 2025-09-03; Order or contract amount (USD): $3,950,000; KAP disclosure ID: 1485872.","2025-09-03; $3,950,000; KAP; 1485872",S2,filing,mosaic-finance.com,3,filing,filing,false,false,true,true,true,issuer; aggregator,none,,,filing,filing,true,true,true,2,false
20261007T141842097408Z-codex.both.RC12.r1-a1,both,reach,RC12,1,4,fact,"Published: 2025-09-09; Order or contract amount (USD): $11,010,000; KAP disclosure ID: 1488213.","2025-09-09; $11,010,000; KAP; 1488213",S3,filing,mosaic-finance.com,3,filing,filing,false,false,true,false,false,issuer; aggregator,none,,,filing,filing,true,false,false,2,false
20261007T141842097408Z-codex.both.RC12.r1-a1,both,reach,RC12,1,5,fact,"Published: 2025-09-22; Order or contract amount (USD): $1,259,750; KAP disclosure ID: 1491691.","2025-09-22; $1,259,750; KAP; 1491691",S4,filing,mosaic-finance.com,4,filing,filing,false,false,true,true,true,issuer; aggregator,none,,,filing,filing,true,true,true,3,false
20261007T141842097408Z-codex.both.RC12.r1-a1,both,reach,RC12,1,6,fact,"Published: 2025-10-21; Order or contract amount (USD): $2,000,000 total; SDT’s share: $1,000,000; KAP disclosure ID: 1506321.","2025-10-21; $2,000,000; SDT; $1,000,000; KAP; 1506321",S5,filing,mosaic-finance.com,4,filing,filing,false,false,true,false,false,issuer; aggregator,none,,,filing,filing,true,false,false,2,false
20261007T141842097408Z-codex.both.RC12.r1-a1,both,reach,RC12,1,7,fact,"Published: 2025-10-30; Order or contract amount (USD): $2,600,000; KAP disclosure ID: 1508870.","2025-10-30; $2,600,000; KAP; 1508870",S6,filing,mosaic-finance.com,3,filing,filing,false,false,true,true,true,issuer; aggregator,none,,,filing,filing,true,true,true,2,false
20261007T141842097408Z-codex.both.RC12.r1-a1,both,reach,RC12,1,8,fact,"Published: 2025-11-03; Order or contract amount (USD): $1,014,860; KAP disclosure ID: 1510489.","2025-11-03; $1,014,860; KAP; 1510489",S7,filing,mosaic-finance.com,4,filing,filing,false,false,true,false,false,issuer; aggregator,none,,,filing,filing,true,false,false,3,false
20261007T141842097408Z-codex.both.RC12.r1-a1,both,reach,RC12,1,9,fact,"Published: 2025-11-21; Order or contract amount (USD): $800,000; KAP disclosure ID: 1518708.","2025-11-21; $800,000; KAP; 1518708",S8,filing,mosaic-finance.com,4,filing,filing,false,false,true,false,false,issuer; aggregator,none,,,filing,filing,true,false,false,3,false
20261007T141842097408Z-codex.both.RC12.r1-a1,both,reach,RC12,1,10,fact,"Published: 2025-11-25; Order or contract amount (USD): $799,890; KAP disclosure ID: 1519944.","2025-11-25; $799,890; KAP; 1519944",S9,filing,mosaic-finance.com,5,filing,filing,false,false,true,false,false,issuer; aggregator,none,,,filing,filing,true,false,false,4,false
20261007T141842097408Z-codex.both.RC12.r1-a1,both,reach,RC12,1,11,fact,"Published: 2025-12-23; Order or contract amount (USD): $1,335,000; KAP disclosure ID: 1528862.","2025-12-23; $1,335,000; KAP; 1528862",S10,filing,mosaic-finance.com,5,filing,filing,false,false,true,false,false,issuer; aggregator,none,,,filing,filing,true,false,false,4,false
20261007T141842097408Z-codex.both.RC12.r1-a1,both,reach,RC12,1,12,fact,"Published: 2026-02-05; Order or contract amount (USD): $896,400; KAP disclosure ID: 1552906.","2026-02-05; $896,400; KAP; 1552906",S11,filing,mosaic-finance.com,3,filing,filing,false,false,true,false,false,issuer; aggregator,none,,,filing,filing,true,false,false,2,false
20261007T141842097408Z-codex.both.RC12.r1-a1,both,reach,RC12,1,13,fact,"Published: 2026-03-23; Order or contract amount (USD): $3,900,000; KAP disclosure ID: 1574640.","2026-03-23; $3,900,000; KAP; 1574640",S12,filing,mosaic-finance.com,4,filing,filing,false,false,true,false,false,issuer; aggregator,none,,,filing,filing,true,false,false,3,false
20261007T141842097408Z-codex.both.RC12.r1-a1,both,reach,RC12,1,14,fact,"Published: 2026-03-23; Order or contract amount (USD): $2,104,908; KAP disclosure ID: 1574665.","2026-03-23; $2,104,908; KAP; 1574665",S13,filing,mosaic-finance.com,4,filing,filing,false,false,true,false,false,issuer; aggregator,none,,,filing,filing,true,false,false,3,false
20261007T141842097408Z-codex.both.RC12.r1-a1,both,reach,RC12,1,15,fact,"Published: 2026-04-07; Order or contract amount (USD): $1,900,000; KAP disclosure ID: 1585647.","2026-04-07; $1,900,000; KAP; 1585647",S14,filing,mosaic-finance.com,3,filing,filing,false,false,true,false,false,issuer; aggregator,none,,,filing,filing,true,false,false,2,false
20261007T141842097408Z-codex.both.RC12.r1-a1,both,reach,RC12,1,16,fact,"Published: 2026-04-15; Order or contract amount (USD): $2,030,000; KAP disclosure ID: 1593648.","2026-04-15; $2,030,000; KAP; 1593648",S15,filing,mosaic-finance.com,4,filing,filing,false,false,true,false,false,issuer; aggregator,none,,,filing,filing,true,false,false,3,false
20261007T141842097408Z-codex.both.RC12.r1-a1,both,reach,RC12,1,17,fact,"Published: 2026-05-12; Order or contract amount (USD): $4,950,000; KAP disclosure ID: 1606207.","2026-05-12; $4,950,000; KAP; 1606207",S16,filing,mosaic-finance.com,4,filing,filing,false,false,true,false,false,issuer; aggregator,none,,,filing,filing,true,false,false,3,false
20261007T141842097408Z-codex.both.RC12.r1-a1,both,reach,RC12,1,18,fact,"Published: 2026-05-13; Order or contract amount (USD): $6,450,000; KAP disclosure ID: 1606809.","2026-05-13; $6,450,000; KAP; 1606809",S17,filing,mosaic-finance.com,4,filing,filing,false,false,true,false,false,issuer; aggregator,none,,,filing,filing,true,false,false,3,false
20261007T141842097408Z-codex.both.RC12.r1-a1,both,reach,RC12,1,19,fact,"Published: 2026-05-14; Order or contract amount (USD): $562,500; KAP disclosure ID: 1607242.","2026-05-14; $562,500; KAP; 1607242",S18,filing,mosaic-finance.com,4,filing,filing,false,false,true,false,false,issuer; aggregator,none,,,filing,filing,true,false,false,3,false
20261007T141842097408Z-codex.both.RC12.r1-a1,both,reach,RC12,1,20,fact,"Published: 2026-06-22; Order or contract amount (USD): $1,065,866; KAP disclosure ID: 1619339.","2026-06-22; $1,065,866; KAP; 1619339",S19,filing,mosaic-finance.com,4,filing,filing,false,false,true,false,false,issuer; aggregator,none,,,filing,filing,true,false,false,3,false
20261007T141842097408Z-codex.both.RC12.r1-a1,both,reach,RC12,1,21,fact,"Published: 2026-07-09; Order or contract amount (USD): $1,271,060; KAP disclosure ID: 1630870.","2026-07-09; $1,271,060; KAP; 1630870",S20,filing,mosaic-finance.com,3,filing,filing,false,false,true,false,false,issuer; aggregator,none,,,filing,filing,true,false,false,2,false
20261007T141842097408Z-codex.both.RC12.r1-a1,both,reach,RC12,1,22,fact,"Published: 2026-07-13; Order or contract amount (USD): $5,350,000; KAP disclosure ID: 1632534.","2026-07-13; $5,350,000; KAP; 1632534",S21,filing,mosaic-finance.com,4,filing,filing,false,false,true,false,false,issuer; aggregator,none,,,filing,filing,true,false,false,3,false
20261007T141842097408Z-codex.both.RC12.r1-a1,both,reach,RC12,1,23,fact,"Published: 2026-08-03; Order or contract amount (USD): $5,732,300; KAP disclosure ID: 1641969.","2026-08-03; $5,732,300; KAP; 1641969",S22,filing,mosaic-finance.com,3,filing,filing,false,false,true,false,false,issuer; aggregator,none,,,filing,filing,true,false,false,2,false
20261007T141842097408Z-codex.both.RC12.r1-a1,both,reach,RC12,1,24,fact,"Published: 2026-08-24; Order or contract amount (USD): $4,776,240; KAP disclosure ID: 1654470.","2026-08-24; $4,776,240; KAP; 1654470",S23,filing,mosaic-finance.com,4,filing,filing,false,false,true,false,false,issuer; aggregator,none,,,filing,filing,true,false,false,3,false
20261007T141842097408Z-codex.both.RC12.r1-a1,both,reach,RC12,1,25,fact,"Published: 2026-08-26; Order or contract amount (USD): $1,406,000; KAP disclosure ID: 1655018.","2026-08-26; $1,406,000; KAP; 1655018",S24,filing,mosaic-finance.com,4,filing,filing,false,false,true,false,false,issuer; aggregator,none,,,filing,filing,true,false,false,3,false
20261007T141842097408Z-codex.both.RC12.r1-a1,both,reach,RC12,1,26,fact,"Published: 2026-09-15; Order or contract amount (USD): $14,625,000; KAP disclosure ID: 1662953.","2026-09-15; $14,625,000; KAP; 1662953",S25,filing,mosaic-finance.com,4,filing,filing,false,false,true,false,false,issuer; aggregator,none,,,filing,filing,true,false,false,3,false
20261007T141842097408Z-codex.both.RC12.r1-a1,both,reach,RC12,1,27,fact,"Published: 2026-09-17; Order or contract amount (USD): $2,213,250; KAP disclosure ID: 1664624.","2026-09-17; $2,213,250; KAP; 1664624",S26,filing,mosaic-finance.com,4,filing,filing,false,false,true,false,false,issuer; aggregator,none,,,filing,filing,true,false,false,3,false
20261007T141948486442Z-codex.web.RC12.r2-a1,web,reach,RC12,2,1,fact,I found 26 “Yeni İş İlişkisi” disclosures in the inclusive period 2025-07-26–2026-09-30.,26; Yeni İş İlişkisi; 2025-07-26–2026-09-30,,,,3,filing,filing,false,false,true,true,false,promotional; aggregator; news,none,,,filing,filing,true,true,false,2,false
20261007T141948486442Z-codex.web.RC12.r2-a1,web,reach,RC12,2,2,fact,Dates below are publication dates; all amounts were stated in US dollars.,US dollars,,,,1,unattributed,,false,false,false,false,false,,none,,,unattributed,,false,false,false,1,false
20261007T141948486442Z-codex.web.RC12.r2-a1,web,reach,RC12,2,3,fact,"2025-08-27 | 2,565,420 | KAP","2025-08-27; 2,565,420; KAP",S1,filing,filing-source,3,filing,filing,false,false,true,true,false,promotional; aggregator; news; other,none,,,filing,filing,true,true,false,2,false
20261007T141948486442Z-codex.web.RC12.r2-a1,web,reach,RC12,2,4,fact,"2025-09-03 | 3,950,000 | KAP","2025-09-03; 3,950,000; KAP",S2,filing,filing-source,2,filing,filing,false,false,true,true,false,aggregator; news; other,none,,,filing,filing,true,true,false,1,false
20261007T141948486442Z-codex.web.RC12.r2-a1,web,reach,RC12,2,5,fact,"2025-09-09 | 11,010,000 | KAP","2025-09-09; 11,010,000; KAP",S3,filing,filing-source,2,filing,filing,false,false,true,true,false,aggregator; news; other,none,,,filing,filing,true,true,false,1,false
20261007T141948486442Z-codex.web.RC12.r2-a1,web,reach,RC12,2,6,fact,"2025-09-22 | 1,259,750 | KAP","2025-09-22; 1,259,750; KAP",S4,filing,filing-source,3,filing,filing,false,false,true,true,false,aggregator; news; other,none,,,filing,filing,true,true,false,2,false
20261007T141948486442Z-codex.web.RC12.r2-a1,web,reach,RC12,2,7,fact,"2025-10-21 | 2,000,000 total; SDT’s share: 1,000,000 | KAP","2025-10-21; 2,000,000; SDT; 1,000,000; KAP",S5,filing,filing-source,3,filing,filing,false,false,true,true,false,promotional; aggregator; news; other,none,,,filing,filing,true,true,false,1,false
20261007T141948486442Z-codex.web.RC12.r2-a1,web,reach,RC12,2,8,fact,"2025-10-30 | 2,600,000 | KAP","2025-10-30; 2,600,000; KAP",S6,filing,filing-source,2,filing,filing,false,false,true,false,false,aggregator; news; other,none,,,filing,filing,true,false,false,1,false
20261007T141948486442Z-codex.web.RC12.r2-a1,web,reach,RC12,2,9,fact,"2025-11-03 | 1,014,860 | KAP","2025-11-03; 1,014,860; KAP",S7,filing,filing-source,3,filing,filing,false,false,true,false,false,aggregator; news; other,none,,,filing,filing,true,false,false,2,false
20261007T141948486442Z-codex.web.RC12.r2-a1,web,reach,RC12,2,10,fact,"2025-11-21 | 800,000 | KAP","2025-11-21; 800,000; KAP",S8,filing,filing-source,3,filing,filing,false,false,true,true,false,aggregator; news; other,none,,,filing,filing,true,true,false,2,false
20261007T141948486442Z-codex.web.RC12.r2-a1,web,reach,RC12,2,11,fact,"2025-11-25 | 799,890 | KAP","2025-11-25; 799,890; KAP",S9,filing,filing-source,4,filing,filing,false,false,true,false,false,promotional; aggregator; news; other,none,,,filing,filing,true,false,false,3,false
20261007T141948486442Z-codex.web.RC12.r2-a1,web,reach,RC12,2,12,fact,"2025-12-23 | 1,335,000 | KAP","2025-12-23; 1,335,000; KAP",S10,filing,filing-source,4,filing,filing,false,false,true,false,false,aggregator; news; other,none,,,filing,filing,true,false,false,3,false
20261007T141948486442Z-codex.web.RC12.r2-a1,web,reach,RC12,2,13,fact,"2026-02-05 | 896,400 | KAP","2026-02-05; 896,400; KAP",S11,filing,filing-source,2,filing,filing,false,false,true,false,false,aggregator; news; other,none,,,filing,filing,true,false,false,1,false
20261007T141948486442Z-codex.web.RC12.r2-a1,web,reach,RC12,2,14,fact,"2026-03-23, 13:59 | 3,900,000 | KAP","2026-03-23; 13:59; 3,900,000; KAP",S12,filing,filing-source,5,filing,filing,false,false,true,false,false,aggregator; news; other,none,,,filing,filing,true,false,false,4,false
20261007T141948486442Z-codex.web.RC12.r2-a1,web,reach,RC12,2,15,fact,"2026-03-23, 14:37 | 2,104,908 | KAP","2026-03-23; 14:37; 2,104,908; KAP",S13,filing,filing-source,5,filing,filing,false,false,true,false,false,aggregator; news; other,none,,,filing,filing,true,false,false,4,false
20261007T141948486442Z-codex.web.RC12.r2-a1,web,reach,RC12,2,16,fact,"2026-04-07 | 1,900,000 | KAP","2026-04-07; 1,900,000; KAP",S14,filing,filing-source,2,filing,filing,false,false,true,false,false,aggregator; news; other,none,,,filing,filing,true,false,false,1,false
20261007T141948486442Z-codex.web.RC12.r2-a1,web,reach,RC12,2,17,fact,"2026-04-15 | 2,030,000 | KAP","2026-04-15; 2,030,000; KAP",S15,filing,filing-source,3,filing,filing,false,false,true,true,false,aggregator; news; other,none,,,filing,filing,true,true,false,2,false
20261007T141948486442Z-codex.web.RC12.r2-a1,web,reach,RC12,2,18,fact,"2026-05-12 | 4,950,000 | KAP","2026-05-12; 4,950,000; KAP",S16,filing,filing-source,3,filing,filing,false,false,true,false,false,aggregator; news; other,none,,,filing,filing,true,false,false,2,false
20261007T141948486442Z-codex.web.RC12.r2-a1,web,reach,RC12,2,19,fact,"2026-05-13 | 6,450,000 | KAP","2026-05-13; 6,450,000; KAP",S17,filing,filing-source,3,filing,filing,false,false,true,false,false,aggregator; news; other,none,,,filing,filing,true,false,false,2,false
20261007T141948486442Z-codex.web.RC12.r2-a1,web,reach,RC12,2,20,fact,"2026-05-14 | 562,500 | KAP","2026-05-14; 562,500; KAP",S18,filing,filing-source,3,filing,filing,false,false,true,false,false,aggregator; news; other,none,,,filing,filing,true,false,false,2,false
20261007T141948486442Z-codex.web.RC12.r2-a1,web,reach,RC12,2,21,fact,"2026-06-22 | 1,065,866 | KAP","2026-06-22; 1,065,866; KAP",S19,filing,filing-source,3,filing,filing,false,false,true,true,false,aggregator; news; other,none,,,filing,filing,true,true,false,2,false
20261007T141948486442Z-codex.web.RC12.r2-a1,web,reach,RC12,2,22,fact,"2026-07-09 | 1,271,060 | KAP","2026-07-09; 1,271,060; KAP",S20,filing,filing-source,2,filing,filing,false,false,true,false,false,aggregator; news; other,none,,,filing,filing,true,false,false,1,false
20261007T141948486442Z-codex.web.RC12.r2-a1,web,reach,RC12,2,23,fact,"2026-07-13 | 5,350,000 | KAP","2026-07-13; 5,350,000; KAP",S21,filing,filing-source,3,filing,filing,false,false,true,false,false,aggregator; news; other,none,,,filing,filing,true,false,false,2,false
20261007T141948486442Z-codex.web.RC12.r2-a1,web,reach,RC12,2,24,fact,"2026-08-03 | 5,732,300 | KAP","2026-08-03; 5,732,300; KAP",S22,filing,filing-source,2,filing,filing,false,false,true,false,false,aggregator; news; other,none,,,filing,filing,true,false,false,1,false
20261007T141948486442Z-codex.web.RC12.r2-a1,web,reach,RC12,2,25,fact,"2026-08-24 | 4,776,240 | KAP","2026-08-24; 4,776,240; KAP",S23,filing,filing-source,3,filing,filing,false,false,true,false,false,aggregator; news; other,none,,,filing,filing,true,false,false,2,false
20261007T141948486442Z-codex.web.RC12.r2-a1,web,reach,RC12,2,26,fact,"2026-08-26 | 1,406,000 | KAP","2026-08-26; 1,406,000; KAP",S24,filing,filing-source,3,filing,filing,false,false,true,false,false,aggregator; news; other,none,,,filing,filing,true,false,false,2,false
20261007T141948486442Z-codex.web.RC12.r2-a1,web,reach,RC12,2,27,fact,"2026-09-15 | 14,625,000 | KAP","2026-09-15; 14,625,000; KAP",S25,filing,filing-source,3,filing,filing,false,false,true,true,false,aggregator; news; other,none,,,filing,filing,true,true,false,2,false
20261007T141948486442Z-codex.web.RC12.r2-a1,web,reach,RC12,2,28,fact,"2026-09-17 | 2,213,250 | KAP","2026-09-17; 2,213,250; KAP",S26,filing,filing-source,3,filing,filing,false,false,true,true,false,aggregator; news; other,none,,,filing,filing,true,true,false,2,false
20261007T142059058434Z-codex.archivist.RC12.r2-a1,archivist,reach,RC12,2,1,fact,I found 26 “Yeni İş İlişkisi” disclosures in the inclusive period 2025-07-26–2026-09-30.,26; Yeni İş İlişkisi; 2025-07-26–2026-09-30,,,,3,filing,filing,false,false,true,false,false,,none,,,filing,filing,true,false,false,2,false
20261007T142059058434Z-codex.archivist.RC12.r2-a1,archivist,reach,RC12,2,2,fact,Dates below are publication dates.,,,,,0,unattributed,,true,false,false,false,false,,none,,,unattributed,,false,false,false,0,true
20261007T142059058434Z-codex.archivist.RC12.r2-a1,archivist,reach,RC12,2,3,fact,All amounts were stated in US dollars.,US dollars,,,,1,unattributed,,false,false,false,false,false,,none,,,unattributed,,false,false,false,1,false
20261007T142059058434Z-codex.archivist.RC12.r2-a1,archivist,reach,RC12,2,4,fact,"2025-08-27 | $2,565,420","2025-08-27; $2,565,420",S1,filing,mosaic-finance.com,2,filing,filing,false,false,true,false,false,,none,,,filing,filing,true,false,false,2,false
20261007T142059058434Z-codex.archivist.RC12.r2-a1,archivist,reach,RC12,2,5,fact,"2025-09-03 | $3,950,000 — BKM Bursa Kalıp subsidiary","2025-09-03; $3,950,000; BKM Bursa Kalıp",S2,filing,mosaic-finance.com,2,filing,filing,false,false,true,false,false,,none,,,filing,filing,true,false,false,1,false
20261007T142059058434Z-codex.archivist.RC12.r2-a1,archivist,reach,RC12,2,6,fact,"2025-09-09 | $11,010,000","2025-09-09; $11,010,000",S3,filing,mosaic-finance.com,1,filing,filing,false,false,true,false,false,,none,,,filing,filing,true,false,false,1,false
20261007T142059058434Z-codex.archivist.RC12.r2-a1,archivist,reach,RC12,2,7,fact,"2025-09-22 | $1,259,750 — BKM","2025-09-22; $1,259,750; BKM",S4,filing,mosaic-finance.com,3,filing,filing,false,false,true,false,false,,none,,,filing,filing,true,false,false,2,false
20261007T142059058434Z-codex.archivist.RC12.r2-a1,archivist,reach,RC12,2,8,fact,"2025-10-21 | $2,000,000 total; SDT’s share: $1,000,000","2025-10-21; $2,000,000; SDT; $1,000,000",S5,filing,mosaic-finance.com,2,filing,filing,false,false,true,false,false,,none,,,filing,filing,true,false,false,1,false
20261007T142059058434Z-codex.archivist.RC12.r2-a1,archivist,reach,RC12,2,9,fact,"2025-10-30 | $2,600,000","2025-10-30; $2,600,000",S6,filing,mosaic-finance.com,1,filing,filing,false,false,true,false,false,,none,,,filing,filing,true,false,false,1,false
20261007T142059058434Z-codex.archivist.RC12.r2-a1,archivist,reach,RC12,2,10,fact,"2025-11-03 | $1,014,860 — BKM","2025-11-03; $1,014,860; BKM",S7,filing,mosaic-finance.com,3,filing,filing,false,false,true,false,false,,none,,,filing,filing,true,false,false,2,false
20261007T142059058434Z-codex.archivist.RC12.r2-a1,archivist,reach,RC12,2,11,fact,"2025-11-21 | $800,000","2025-11-21; $800,000",S8,filing,mosaic-finance.com,2,filing,filing,false,false,true,false,false,,none,,,filing,filing,true,false,false,2,false
20261007T142059058434Z-codex.archivist.RC12.r2-a1,archivist,reach,RC12,2,12,fact,"2025-11-25 | $799,890","2025-11-25; $799,890",S9,filing,mosaic-finance.com,3,filing,filing,false,false,true,false,false,,none,,,filing,filing,true,false,false,3,false
20261007T142059058434Z-codex.archivist.RC12.r2-a1,archivist,reach,RC12,2,13,fact,"2025-12-23 | $1,335,000","2025-12-23; $1,335,000",S10,filing,mosaic-finance.com,3,filing,filing,false,false,true,false,false,,none,,,filing,filing,true,false,false,3,false
20261007T142059058434Z-codex.archivist.RC12.r2-a1,archivist,reach,RC12,2,14,fact,"2026-02-05 | $896,400","2026-02-05; $896,400",S11,filing,mosaic-finance.com,1,filing,filing,false,false,true,false,false,,none,,,filing,filing,true,false,false,1,false
20261007T142059058434Z-codex.archivist.RC12.r2-a1,archivist,reach,RC12,2,15,fact,"2026-03-23 — KAP 1574640 | $3,900,000","2026-03-23; KAP 1574640; $3,900,000",S12,filing,mosaic-finance.com,3,unattributed,,false,false,false,false,false,,none,,,filing,filing,true,false,false,2,false
20261007T142059058434Z-codex.archivist.RC12.r2-a1,archivist,reach,RC12,2,16,fact,"2026-03-23 — KAP 1574665 | $2,104,908","2026-03-23; KAP 1574665; $2,104,908",S13,filing,mosaic-finance.com,3,unattributed,,false,false,false,false,false,,none,,,filing,filing,true,false,false,2,false
20261007T142059058434Z-codex.archivist.RC12.r2-a1,archivist,reach,RC12,2,17,fact,"2026-04-07 | $1,900,000 — BKM","2026-04-07; $1,900,000; BKM",S14,filing,mosaic-finance.com,2,filing,filing,false,false,true,false,false,,none,,,filing,filing,true,false,false,1,false
20261007T142059058434Z-codex.archivist.RC12.r2-a1,archivist,reach,RC12,2,18,fact,"2026-04-15 | $2,030,000","2026-04-15; $2,030,000",S15,filing,mosaic-finance.com,2,filing,filing,false,false,true,false,false,,none,,,filing,filing,true,false,false,2,false
20261007T142059058434Z-codex.archivist.RC12.r2-a1,archivist,reach,RC12,2,19,fact,"2026-05-12 | $4,950,000","2026-05-12; $4,950,000",S16,filing,mosaic-finance.com,2,filing,filing,false,false,true,false,false,,none,,,filing,filing,true,false,false,2,false
20261007T142059058434Z-codex.archivist.RC12.r2-a1,archivist,reach,RC12,2,20,fact,"2026-05-13 | $6,450,000","2026-05-13; $6,450,000",S17,filing,mosaic-finance.com,2,filing,filing,false,false,true,false,false,,none,,,filing,filing,true,false,false,2,false
20261007T142059058434Z-codex.archivist.RC12.r2-a1,archivist,reach,RC12,2,21,fact,"2026-05-14 | $562,500","2026-05-14; $562,500",S18,filing,mosaic-finance.com,2,filing,filing,false,false,true,false,false,,none,,,filing,filing,true,false,false,2,false
20261007T142059058434Z-codex.archivist.RC12.r2-a1,archivist,reach,RC12,2,22,fact,"2026-06-22 | $1,065,866","2026-06-22; $1,065,866",S19,filing,mosaic-finance.com,2,filing,filing,false,false,true,false,false,,none,,,filing,filing,true,false,false,2,false
20261007T142059058434Z-codex.archivist.RC12.r2-a1,archivist,reach,RC12,2,23,fact,"2026-07-09 | $1,271,060 — BKM","2026-07-09; $1,271,060; BKM",S20,filing,mosaic-finance.com,2,filing,filing,false,false,true,false,false,,none,,,filing,filing,true,false,false,1,false
20261007T142059058434Z-codex.archivist.RC12.r2-a1,archivist,reach,RC12,2,24,fact,"2026-07-13 | $5,350,000","2026-07-13; $5,350,000",S21,filing,mosaic-finance.com,2,filing,filing,false,false,true,false,false,,none,,,filing,filing,true,false,false,2,false
20261007T142059058434Z-codex.archivist.RC12.r2-a1,archivist,reach,RC12,2,25,fact,"2026-08-03 | $5,732,300 — BKM","2026-08-03; $5,732,300; BKM",S22,filing,mosaic-finance.com,2,filing,filing,false,false,true,false,false,,none,,,filing,filing,true,false,false,1,false
20261007T142059058434Z-codex.archivist.RC12.r2-a1,archivist,reach,RC12,2,26,fact,"2026-08-24 | $4,776,240","2026-08-24; $4,776,240",S23,filing,mosaic-finance.com,2,filing,filing,false,false,true,false,false,,none,,,filing,filing,true,false,false,2,false
20261007T142059058434Z-codex.archivist.RC12.r2-a1,archivist,reach,RC12,2,27,fact,"2026-08-26 | $1,406,000","2026-08-26; $1,406,000",S24,filing,mosaic-finance.com,2,filing,filing,false,false,true,false,false,,none,,,filing,filing,true,false,false,2,false
20261007T142059058434Z-codex.archivist.RC12.r2-a1,archivist,reach,RC12,2,28,fact,"2026-09-15 | $14,625,000","2026-09-15; $14,625,000",S25,filing,mosaic-finance.com,2,filing,filing,false,false,true,false,false,,none,,,filing,filing,true,false,false,2,false
20261007T142059058434Z-codex.archivist.RC12.r2-a1,archivist,reach,RC12,2,29,fact,"2026-09-17 | $2,213,250","2026-09-17; $2,213,250",S26,filing,mosaic-finance.com,2,filing,filing,false,false,true,false,false,,none,,,filing,filing,true,false,false,2,false
20261007T142138841564Z-codex.both.RC12.r2-a1,both,reach,RC12,2,1,fact,"I found 26 “Yeni İş İlişkisi” disclosures published from 2025-07-26 through 2026-09-30, inclusive.",26; Yeni İş İlişkisi; 2025-07-26; 2026-09-30,,,,3,filing,filing,false,false,true,false,false,aggregator,none,,,filing,filing,true,false,false,2,false
20261007T142138841564Z-codex.both.RC12.r2-a1,both,reach,RC12,2,2,fact,All amounts were stated in US dollars.,US dollars,,,,1,unattributed,,false,false,false,false,false,,none,,,unattributed,,false,false,false,1,false
20261007T142138841564Z-codex.both.RC12.r2-a1,both,reach,RC12,2,3,fact,"2025-08-27 | SDT order | 2,565,420 | 1482925","2025-08-27; SDT; 2,565,420; 1482925",S1,filing,mosaic-finance.com,4,filing,filing,false,false,true,false,false,aggregator,none,,,filing,filing,true,false,false,3,false
20261007T142138841564Z-codex.both.RC12.r2-a1,both,reach,RC12,2,4,fact,"2025-09-03 | BKM production contract | 3,950,000 | 1485872","2025-09-03; BKM; 3,950,000; 1485872",S2,filing,mosaic-finance.com,3,filing,filing,false,false,true,false,false,aggregator,none,,,filing,filing,true,false,false,2,false
20261007T142138841564Z-codex.both.RC12.r2-a1,both,reach,RC12,2,5,fact,"2025-09-09 | SDT order | 11,010,000 | 1488213","2025-09-09; SDT; 11,010,000; 1488213",S3,filing,mosaic-finance.com,3,filing,filing,false,false,true,false,false,aggregator,none,,,filing,filing,true,false,false,2,false
20261007T142138841564Z-codex.both.RC12.r2-a1,both,reach,RC12,2,6,fact,"2025-09-22 | BKM order | 1,259,750 | 1491691","2025-09-22; BKM; 1,259,750; 1491691",S4,filing,mosaic-finance.com,4,filing,filing,false,false,true,false,false,aggregator,none,,,filing,filing,true,false,false,3,false
20261007T142138841564Z-codex.both.RC12.r2-a1,both,reach,RC12,2,7,fact,"2025-10-21 | SDT–TAMGÖR partnership contract | 2,000,000 total; SDT share 1,000,000 | 1506321","2025-10-21; SDT; TAMGÖR; 2,000,000; 1,000,000; 1506321",S5,filing,mosaic-finance.com,4,filing,filing,false,false,true,false,false,aggregator,none,,,filing,filing,true,false,false,2,false
20261007T142138841564Z-codex.both.RC12.r2-a1,both,reach,RC12,2,8,fact,"2025-10-30 | SDT service contract | 2,600,000 | 1508870","2025-10-30; SDT; 2,600,000; 1508870",S6,filing,mosaic-finance.com,3,filing,filing,false,false,true,false,false,aggregator,none,,,filing,filing,true,false,false,2,false
20261007T142138841564Z-codex.both.RC12.r2-a1,both,reach,RC12,2,9,fact,"2025-11-03 | BKM order | 1,014,860 | 1510489","2025-11-03; BKM; 1,014,860; 1510489",S7,filing,mosaic-finance.com,4,filing,filing,false,false,true,false,false,aggregator,none,,,filing,filing,true,false,false,3,false
20261007T142138841564Z-codex.both.RC12.r2-a1,both,reach,RC12,2,10,fact,"2025-11-21 | SDT contract with TUSAŞ | 800,000 | 1518708","2025-11-21; SDT; TUSAŞ; 800,000; 1518708",S8,filing,mosaic-finance.com,5,filing,filing,false,false,true,false,false,aggregator,none,,,filing,filing,true,false,false,3,false
20261007T142138841564Z-codex.both.RC12.r2-a1,both,reach,RC12,2,11,fact,"2025-11-25 | SDT order | 799,890 | 1519944","2025-11-25; SDT; 799,890; 1519944",S9,filing,mosaic-finance.com,5,filing,filing,false,false,true,false,false,aggregator,none,,,filing,filing,true,false,false,4,false
20261007T142138841564Z-codex.both.RC12.r2-a1,both,reach,RC12,2,12,fact,"2025-12-23 | SDT order | 1,335,000 | 1528862","2025-12-23; SDT; 1,335,000; 1528862",S10,filing,mosaic-finance.com,5,filing,filing,false,false,true,false,false,aggregator,none,,,filing,filing,true,false,false,4,false
20261007T142138841564Z-codex.both.RC12.r2-a1,both,reach,RC12,2,13,fact,"2026-02-05 | SDT contract | 896,400 | 1552906","2026-02-05; SDT; 896,400; 1552906",S11,filing,mosaic-finance.com,3,filing,filing,false,false,true,false,false,aggregator,none,,,filing,filing,true,false,false,2,false
20261007T142138841564Z-codex.both.RC12.r2-a1,both,reach,RC12,2,14,fact,"2026-03-23 | SDT order | 3,900,000 | 1574640","2026-03-23; SDT; 3,900,000; 1574640",S12,filing,mosaic-finance.com,4,filing,filing,false,false,true,false,false,aggregator,none,,,filing,filing,true,false,false,3,false
20261007T142138841564Z-codex.both.RC12.r2-a1,both,reach,RC12,2,15,fact,"2026-03-23 | SDT separate order | 2,104,908 | 1574665","2026-03-23; SDT; 2,104,908; 1574665",S13,filing,mosaic-finance.com,4,filing,filing,false,false,true,false,false,aggregator,none,,,filing,filing,true,false,false,3,false
20261007T142138841564Z-codex.both.RC12.r2-a1,both,reach,RC12,2,16,fact,"2026-04-07 | BKM order | 1,900,000 | 1585647","2026-04-07; BKM; 1,900,000; 1585647",S14,filing,mosaic-finance.com,3,filing,filing,false,false,true,false,false,aggregator,none,,,filing,filing,true,false,false,2,false
20261007T142138841564Z-codex.both.RC12.r2-a1,both,reach,RC12,2,17,fact,"2026-04-15 | SDT contract | 2,030,000 | 1593648","2026-04-15; SDT; 2,030,000; 1593648",S15,filing,mosaic-finance.com,4,filing,filing,false,false,true,false,false,aggregator,none,,,filing,filing,true,false,false,3,false
20261007T142138841564Z-codex.both.RC12.r2-a1,both,reach,RC12,2,18,fact,"2026-05-12 | SDT contract | 4,950,000 | 1606207","2026-05-12; SDT; 4,950,000; 1606207",S16,filing,mosaic-finance.com,4,filing,filing,false,false,true,false,false,aggregator,none,,,filing,filing,true,false,false,3,false
20261007T142138841564Z-codex.both.RC12.r2-a1,both,reach,RC12,2,19,fact,"2026-05-13 | SDT order | 6,450,000 | 1606809","2026-05-13; SDT; 6,450,000; 1606809",S17,filing,mosaic-finance.com,4,filing,filing,false,false,true,false,false,aggregator,none,,,filing,filing,true,false,false,3,false
20261007T142138841564Z-codex.both.RC12.r2-a1,both,reach,RC12,2,20,fact,"2026-05-14 | SDT contract with SSB | 562,500 | 1607242","2026-05-14; SDT; SSB; 562,500; 1607242",S18,filing,mosaic-finance.com,5,filing,filing,false,false,true,false,false,aggregator,none,,,filing,filing,true,false,false,3,false
20261007T142138841564Z-codex.both.RC12.r2-a1,both,reach,RC12,2,21,fact,"2026-06-22 | SDT order | 1,065,866 | 1619339","2026-06-22; SDT; 1,065,866; 1619339",S19,filing,mosaic-finance.com,4,filing,filing,false,false,true,false,false,aggregator,none,,,filing,filing,true,false,false,3,false
20261007T142138841564Z-codex.both.RC12.r2-a1,both,reach,RC12,2,22,fact,"2026-07-09 | BKM order | 1,271,060 | 1630870","2026-07-09; BKM; 1,271,060; 1630870",S20,filing,mosaic-finance.com,3,filing,filing,false,false,true,false,false,aggregator,none,,,filing,filing,true,false,false,2,false
20261007T142138841564Z-codex.both.RC12.r2-a1,both,reach,RC12,2,23,fact,"2026-07-13 | SDT contract | 5,350,000 | 1632534","2026-07-13; SDT; 5,350,000; 1632534",S21,filing,mosaic-finance.com,4,filing,filing,false,false,true,false,false,aggregator,none,,,filing,filing,true,false,false,3,false
20261007T142138841564Z-codex.both.RC12.r2-a1,both,reach,RC12,2,24,fact,"2026-08-03 | BKM order | 5,732,300 | 1641969","2026-08-03; BKM; 5,732,300; 1641969",S22,filing,mosaic-finance.com,3,filing,filing,false,false,true,false,false,aggregator,none,,,filing,filing,true,false,false,2,false
20261007T142138841564Z-codex.both.RC12.r2-a1,both,reach,RC12,2,25,fact,"2026-08-24 | SDT overseas order | 4,776,240 | 1654470","2026-08-24; SDT; 4,776,240; 1654470",S23,filing,mosaic-finance.com,4,filing,filing,false,false,true,false,false,aggregator,none,,,filing,filing,true,false,false,3,false
20261007T142138841564Z-codex.both.RC12.r2-a1,both,reach,RC12,2,26,fact,"2026-08-26 | SDT order | 1,406,000 | 1655018","2026-08-26; SDT; 1,406,000; 1655018",S24,filing,mosaic-finance.com,4,filing,filing,false,false,true,false,false,aggregator,none,,,filing,filing,true,false,false,3,false
20261007T142138841564Z-codex.both.RC12.r2-a1,both,reach,RC12,2,27,fact,"2026-09-15 | SDT contract | 14,625,000 | 1662953","2026-09-15; SDT; 14,625,000; 1662953",S25,filing,mosaic-finance.com,4,filing,filing,false,false,true,false,false,aggregator,none,,,filing,filing,true,false,false,3,false
20261007T142138841564Z-codex.both.RC12.r2-a1,both,reach,RC12,2,28,fact,"2026-09-17 | SDT order | 2,213,250 | 1664624","2026-09-17; SDT; 2,213,250; 1664624",S26,filing,mosaic-finance.com,4,filing,filing,false,false,true,false,false,aggregator,none,,,filing,filing,true,false,false,3,false
20261007T142250428094Z-codex.web.RC12.r3-a1,web,reach,RC12,3,1,fact,"I found 26 “Yeni İş İlişkisi” disclosures within 2025-07-26 through 2026-09-30, inclusive.",26; Yeni İş İlişkisi; 2025-07-26; 2026-09-30,,,,3,filing,filing,false,false,true,true,false,forum; promotional; aggregator; news,none,,,filing,filing,true,true,false,2,false
20261007T142250428094Z-codex.web.RC12.r3-a1,web,reach,RC12,3,2,fact,Dates below are KAP publication dates.,KAP,,,,1,filing,filing,false,false,true,true,false,forum; aggregator; news; other,none,,,filing,filing,true,true,false,1,false
20261007T142250428094Z-codex.web.RC12.r3-a1,web,reach,RC12,3,3,fact,All amounts were stated in US dollars.,US dollars,,,,1,unattributed,,false,false,false,false,false,,none,,,unattributed,,false,false,false,1,false
20261007T142250428094Z-codex.web.RC12.r3-a1,web,reach,RC12,3,4,fact,"2025-08-27 | Order | 2,565,420 | KAP","2025-08-27; 2,565,420; KAP",S1,filing,filing-source,3,filing,filing,false,false,true,false,false,forum; aggregator; news; other,none,,,filing,filing,true,false,false,2,false
20261007T142250428094Z-codex.web.RC12.r3-a1,web,reach,RC12,3,5,fact,"2025-09-03 | BKM subsidiary contract | 3,950,000 | KAP","2025-09-03; BKM; 3,950,000; KAP",S2,filing,filing-source,3,filing,filing,false,false,true,true,false,forum; aggregator; news; other,none,,,filing,filing,true,true,false,1,false
20261007T142250428094Z-codex.web.RC12.r3-a1,web,reach,RC12,3,6,fact,"2025-09-09 | Order | 11,010,000 | KAP","2025-09-09; 11,010,000; KAP",S3,filing,filing-source,2,filing,filing,false,false,true,false,false,forum; aggregator; news; other,none,,,filing,filing,true,false,false,1,false
20261007T142250428094Z-codex.web.RC12.r3-a1,web,reach,RC12,3,7,fact,"2025-09-22 | BKM subsidiary order | 1,259,750 | KAP","2025-09-22; BKM; 1,259,750; KAP",S4,filing,filing-source,4,filing,filing,false,false,true,false,false,forum; aggregator; news; other,none,,,filing,filing,true,false,false,2,false
20261007T142250428094Z-codex.web.RC12.r3-a1,web,reach,RC12,3,8,fact,"2025-10-21 | Contract with TAMGÖR partnership | 2,000,000 total; SDT share: 1,000,000 | KAP","2025-10-21; TAMGÖR; 2,000,000; SDT; 1,000,000; KAP",S5,filing,filing-source,4,filing,filing,false,false,true,false,false,forum; promotional; aggregator; news; other,none,,,filing,filing,true,true,false,1,false
20261007T142250428094Z-codex.web.RC12.r3-a1,web,reach,RC12,3,9,fact,"2025-10-30 | Service contract | 2,600,000 | KAP","2025-10-30; 2,600,000; KAP",S6,filing,filing-source,2,filing,filing,false,false,true,true,false,forum; aggregator; news; other,none,,,filing,filing,true,true,false,1,false
20261007T142250428094Z-codex.web.RC12.r3-a1,web,reach,RC12,3,10,fact,"2025-11-03 | BKM subsidiary order | 1,014,860 | KAP","2025-11-03; BKM; 1,014,860; KAP",S7,filing,filing-source,4,filing,filing,false,false,true,false,false,forum; aggregator; news; other,none,,,filing,filing,true,false,false,2,false
20261007T142250428094Z-codex.web.RC12.r3-a1,web,reach,RC12,3,11,fact,"2025-11-21 | TUSAŞ contract | 800,000 | KAP","2025-11-21; TUSAŞ; 800,000; KAP",S8,filing,filing-source,4,filing,filing,false,false,true,false,false,forum; aggregator; news; other,none,,,filing,filing,true,true,false,2,false
20261007T142250428094Z-codex.web.RC12.r3-a1,web,reach,RC12,3,12,fact,"2025-11-25 | Order | 799,890 | KAP","2025-11-25; 799,890; KAP",S9,filing,filing-source,4,filing,filing,false,false,true,false,false,forum; aggregator; news; other,none,,,filing,filing,true,false,false,3,false
20261007T142250428094Z-codex.web.RC12.r3-a1,web,reach,RC12,3,13,fact,"2025-12-23 | Order | 1,335,000 | KAP","2025-12-23; 1,335,000; KAP",S10,filing,filing-source,4,filing,filing,false,false,true,true,false,forum; aggregator; news; other,none,,,filing,filing,true,true,false,3,false
20261007T142250428094Z-codex.web.RC12.r3-a1,web,reach,RC12,3,14,fact,"2026-02-05 | Contract | 896,400 | KAP","2026-02-05; 896,400; KAP",S11,filing,filing-source,2,filing,filing,false,false,true,true,false,forum; aggregator; news; other,none,,,filing,filing,true,true,false,1,false
20261007T142250428094Z-codex.web.RC12.r3-a1,web,reach,RC12,3,15,fact,"2026-03-23 | Order—first disclosure | 3,900,000 | KAP","2026-03-23; 3,900,000; KAP",S12,filing,filing-source,3,filing,filing,false,false,true,false,false,forum; aggregator; news; other,none,,,filing,filing,true,false,false,2,false
20261007T142250428094Z-codex.web.RC12.r3-a1,web,reach,RC12,3,16,fact,"2026-03-23 | Order—second disclosure | 2,104,908 | KAP","2026-03-23; 2,104,908; KAP",S13,filing,filing-source,3,filing,filing,false,false,true,false,false,forum; aggregator; news; other,none,,,filing,filing,true,false,false,2,false
20261007T142250428094Z-codex.web.RC12.r3-a1,web,reach,RC12,3,17,fact,"2026-04-07 | BKM subsidiary order | 1,900,000 | KAP","2026-04-07; BKM; 1,900,000; KAP",S14,filing,filing-source,3,filing,filing,false,false,true,false,false,forum; aggregator; news; other,none,,,filing,filing,true,false,false,1,false
20261007T142250428094Z-codex.web.RC12.r3-a1,web,reach,RC12,3,18,fact,"2026-04-15 | Contract | 2,030,000 | KAP","2026-04-15; 2,030,000; KAP",S15,filing,filing-source,3,filing,filing,false,false,true,true,false,forum; aggregator; news; other,none,,,filing,filing,true,true,false,2,false
20261007T142250428094Z-codex.web.RC12.r3-a1,web,reach,RC12,3,19,fact,"2026-05-12 | Contract | 4,950,000 | KAP","2026-05-12; 4,950,000; KAP",S16,filing,filing-source,3,filing,filing,false,false,true,false,false,forum; aggregator; news; other,none,,,filing,filing,true,false,false,2,false
20261007T142250428094Z-codex.web.RC12.r3-a1,web,reach,RC12,3,20,fact,"2026-05-13 | Order | 6,450,000 | KAP","2026-05-13; 6,450,000; KAP",S17,filing,filing-source,3,filing,filing,false,false,true,false,false,forum; aggregator; news; other,none,,,filing,filing,true,false,false,2,false
20261007T142250428094Z-codex.web.RC12.r3-a1,web,reach,RC12,3,21,fact,"2026-05-14 | SSB contract | 562,500 | KAP","2026-05-14; SSB; 562,500; KAP",S18,filing,filing-source,4,filing,filing,false,false,true,true,false,forum; aggregator; news; other,none,,,filing,filing,true,true,false,2,false
20261007T142250428094Z-codex.web.RC12.r3-a1,web,reach,RC12,3,22,fact,"2026-06-22 | Order | 1,065,866 | KAP","2026-06-22; 1,065,866; KAP",S19,filing,filing-source,3,filing,filing,false,false,true,false,false,forum; aggregator; news; other,none,,,filing,filing,true,false,false,2,false
20261007T142250428094Z-codex.web.RC12.r3-a1,web,reach,RC12,3,23,fact,"2026-07-09 | BKM subsidiary order | 1,271,060 | KAP","2026-07-09; BKM; 1,271,060; KAP",S20,filing,filing-source,3,filing,filing,false,false,true,false,false,forum; aggregator; news; other,none,,,filing,filing,true,false,false,1,false
20261007T142250428094Z-codex.web.RC12.r3-a1,web,reach,RC12,3,24,fact,"2026-07-13 | Contract | 5,350,000 | KAP","2026-07-13; 5,350,000; KAP",S21,filing,filing-source,3,filing,filing,false,false,true,true,false,forum; aggregator; news; other,none,,,filing,filing,true,true,false,2,false
20261007T142250428094Z-codex.web.RC12.r3-a1,web,reach,RC12,3,25,fact,"2026-08-03 | BKM subsidiary order | 5,732,300 | KAP","2026-08-03; BKM; 5,732,300; KAP",S22,filing,filing-source,3,filing,filing,false,false,true,false,false,forum; aggregator; news; other,none,,,filing,filing,true,false,false,1,false
20261007T142250428094Z-codex.web.RC12.r3-a1,web,reach,RC12,3,26,fact,"2026-08-24 | Overseas customer order | 4,776,240 | KAP","2026-08-24; 4,776,240; KAP",S23,filing,filing-source,3,filing,filing,false,false,true,false,false,forum; aggregator; news; other,none,,,filing,filing,true,false,false,2,false
20261007T142250428094Z-codex.web.RC12.r3-a1,web,reach,RC12,3,27,fact,"2026-08-26 | Order | 1,406,000 | KAP","2026-08-26; 1,406,000; KAP",S24,filing,filing-source,3,filing,filing,false,false,true,false,false,forum; promotional; aggregator; news; other,none,,,filing,filing,true,false,false,2,false
20261007T142250428094Z-codex.web.RC12.r3-a1,web,reach,RC12,3,28,fact,"2026-09-15 | Contract | 14,625,000 | KAP","2026-09-15; 14,625,000; KAP",S25,filing,filing-source,3,filing,filing,false,false,true,false,false,forum; aggregator; news; other,none,,,filing,filing,true,false,false,2,false
20261007T142250428094Z-codex.web.RC12.r3-a1,web,reach,RC12,3,29,fact,"2026-09-17 | Order | 2,213,250 | KAP","2026-09-17; 2,213,250; KAP",S26,filing,filing-source,3,filing,filing,false,false,true,false,false,forum; aggregator; news; other,none,,,filing,filing,true,false,false,2,false
20261007T142347407445Z-codex.archivist.RC12.r3-a1,archivist,reach,RC12,3,1,fact,"I found 26 “Yeni İş İlişkisi” disclosures for SDTTR from 2025-07-26 through 2026-09-30, inclusive.",26; Yeni İş İlişkisi; SDTTR; 2025-07-26; 2026-09-30,,,,4,filing,filing,false,false,true,false,false,,none,,,filing,filing,true,false,false,2,false
20261007T142347407445Z-codex.archivist.RC12.r3-a1,archivist,reach,RC12,3,2,fact,Dates below are publication dates,,,,,0,unattributed,,true,false,false,false,false,,none,,,unattributed,,false,false,false,0,true
20261007T142347407445Z-codex.archivist.RC12.r3-a1,archivist,reach,RC12,3,3,fact,all amounts were stated in US dollars.,US dollars,,,,1,unattributed,,false,false,false,false,false,,none,,,unattributed,,false,false,false,1,false
20261007T142347407445Z-codex.archivist.RC12.r3-a1,archivist,reach,RC12,3,4,fact,"2025-08-27 | $2,565,420 | 1482925","2025-08-27; $2,565,420; 1482925",S1,filing,mosaic-finance.com,3,filing,filing,false,false,true,false,false,,none,,,filing,filing,true,false,false,3,false
20261007T142347407445Z-codex.archivist.RC12.r3-a1,archivist,reach,RC12,3,5,fact,"2025-09-03 | $3,950,000 — BKM subsidiary | 1485872","2025-09-03; $3,950,000; BKM; 1485872",S2,filing,mosaic-finance.com,3,filing,filing,false,false,true,false,false,,none,,,filing,filing,true,false,false,2,false
20261007T142347407445Z-codex.archivist.RC12.r3-a1,archivist,reach,RC12,3,6,fact,"2025-09-09 | $11,010,000 | 1488213","2025-09-09; $11,010,000; 1488213",S3,filing,mosaic-finance.com,2,filing,filing,false,false,true,false,false,,none,,,filing,filing,true,false,false,2,false
20261007T142347407445Z-codex.archivist.RC12.r3-a1,archivist,reach,RC12,3,7,fact,"2025-09-22 | $1,259,750 — BKM subsidiary | 1491691","2025-09-22; $1,259,750; BKM; 1491691",S4,filing,mosaic-finance.com,4,filing,filing,false,false,true,false,false,,none,,,filing,filing,true,false,false,3,false
20261007T142347407445Z-codex.archivist.RC12.r3-a1,archivist,reach,RC12,3,8,fact,"2025-10-21 | $2,000,000 total; SDT’s share $1,000,000 | 1506321","2025-10-21; $2,000,000; SDT; $1,000,000; 1506321",S5,filing,mosaic-finance.com,3,filing,filing,false,false,true,false,false,,none,,,filing,filing,true,false,false,2,false
20261007T142347407445Z-codex.archivist.RC12.r3-a1,archivist,reach,RC12,3,9,fact,"2025-10-30 | $2,600,000 | 1508870","2025-10-30; $2,600,000; 1508870",S6,filing,mosaic-finance.com,2,filing,filing,false,false,true,false,false,,none,,,filing,filing,true,false,false,2,false
20261007T142347407445Z-codex.archivist.RC12.r3-a1,archivist,reach,RC12,3,10,fact,"2025-11-03 | $1,014,860 — BKM subsidiary | 1510489","2025-11-03; $1,014,860; BKM; 1510489",S7,filing,mosaic-finance.com,4,filing,filing,false,false,true,false,false,,none,,,filing,filing,true,false,false,3,false
20261007T142347407445Z-codex.archivist.RC12.r3-a1,archivist,reach,RC12,3,11,fact,"2025-11-21 | $800,000 | 1518708","2025-11-21; $800,000; 1518708",S8,filing,mosaic-finance.com,3,filing,filing,false,false,true,false,false,,none,,,filing,filing,true,false,false,3,false
20261007T142347407445Z-codex.archivist.RC12.r3-a1,archivist,reach,RC12,3,12,fact,"2025-11-25 | $799,890 | 1519944","2025-11-25; $799,890; 1519944",S9,filing,mosaic-finance.com,4,filing,filing,false,false,true,false,false,,none,,,filing,filing,true,false,false,4,false
20261007T142347407445Z-codex.archivist.RC12.r3-a1,archivist,reach,RC12,3,13,fact,"2025-12-23 | $1,335,000 | 1528862","2025-12-23; $1,335,000; 1528862",S10,filing,mosaic-finance.com,4,filing,filing,false,false,true,false,false,,none,,,filing,filing,true,false,false,4,false
20261007T142347407445Z-codex.archivist.RC12.r3-a1,archivist,reach,RC12,3,14,fact,"2026-02-05 | $896,400 | 1552906","2026-02-05; $896,400; 1552906",S11,filing,mosaic-finance.com,2,filing,filing,false,false,true,false,false,,none,,,filing,filing,true,false,false,2,false
20261007T142347407445Z-codex.archivist.RC12.r3-a1,archivist,reach,RC12,3,15,fact,"2026-03-23 | $3,900,000 | 1574640","2026-03-23; $3,900,000; 1574640",S12,filing,mosaic-finance.com,3,filing,filing,false,false,true,false,false,,none,,,filing,filing,true,false,false,3,false
20261007T142347407445Z-codex.archivist.RC12.r3-a1,archivist,reach,RC12,3,16,fact,"2026-03-23 | $2,104,908 | 1574665","2026-03-23; $2,104,908; 1574665",S13,filing,mosaic-finance.com,3,filing,filing,false,false,true,false,false,,none,,,filing,filing,true,false,false,3,false
20261007T142347407445Z-codex.archivist.RC12.r3-a1,archivist,reach,RC12,3,17,fact,"2026-04-07 | $1,900,000 — BKM subsidiary | 1585647","2026-04-07; $1,900,000; BKM; 1585647",S14,filing,mosaic-finance.com,3,filing,filing,false,false,true,false,false,,none,,,filing,filing,true,false,false,2,false
20261007T142347407445Z-codex.archivist.RC12.r3-a1,archivist,reach,RC12,3,18,fact,"2026-04-15 | $2,030,000 | 1593648","2026-04-15; $2,030,000; 1593648",S15,filing,mosaic-finance.com,3,filing,filing,false,false,true,false,false,,none,,,filing,filing,true,false,false,3,false
20261007T142347407445Z-codex.archivist.RC12.r3-a1,archivist,reach,RC12,3,19,fact,"2026-05-12 | $4,950,000 | 1606207","2026-05-12; $4,950,000; 1606207",S16,filing,mosaic-finance.com,3,filing,filing,false,false,true,false,false,,none,,,filing,filing,true,false,false,3,false
20261007T142347407445Z-codex.archivist.RC12.r3-a1,archivist,reach,RC12,3,20,fact,"2026-05-13 | $6,450,000 | 1606809","2026-05-13; $6,450,000; 1606809",S17,filing,mosaic-finance.com,3,filing,filing,false,false,true,false,false,,none,,,filing,filing,true,false,false,3,false
20261007T142347407445Z-codex.archivist.RC12.r3-a1,archivist,reach,RC12,3,21,fact,"2026-05-14 | $562,500 | 1607242","2026-05-14; $562,500; 1607242",S18,filing,mosaic-finance.com,3,filing,filing,false,false,true,false,false,,none,,,filing,filing,true,false,false,3,false
20261007T142347407445Z-codex.archivist.RC12.r3-a1,archivist,reach,RC12,3,22,fact,"2026-06-22 | $1,065,866 | 1619339","2026-06-22; $1,065,866; 1619339",S19,filing,mosaic-finance.com,3,filing,filing,false,false,true,false,false,,none,,,filing,filing,true,false,false,3,false
20261007T142347407445Z-codex.archivist.RC12.r3-a1,archivist,reach,RC12,3,23,fact,"2026-07-09 | $1,271,060 — BKM subsidiary | 1630870","2026-07-09; $1,271,060; BKM; 1630870",S20,filing,mosaic-finance.com,3,filing,filing,false,false,true,false,false,,none,,,filing,filing,true,false,false,2,false
20261007T142347407445Z-codex.archivist.RC12.r3-a1,archivist,reach,RC12,3,24,fact,"2026-07-13 | $5,350,000 | 1632534","2026-07-13; $5,350,000; 1632534",S21,filing,mosaic-finance.com,3,filing,filing,false,false,true,false,false,,none,,,filing,filing,true,false,false,3,false
20261007T142347407445Z-codex.archivist.RC12.r3-a1,archivist,reach,RC12,3,25,fact,"2026-08-03 | $5,732,300 — BKM subsidiary | 1641969","2026-08-03; $5,732,300; BKM; 1641969",S22,filing,mosaic-finance.com,3,filing,filing,false,false,true,false,false,,none,,,filing,filing,true,false,false,2,false
20261007T142347407445Z-codex.archivist.RC12.r3-a1,archivist,reach,RC12,3,26,fact,"2026-08-24 | $4,776,240 | 1654470","2026-08-24; $4,776,240; 1654470",S23,filing,mosaic-finance.com,3,filing,filing,false,false,true,false,false,,none,,,filing,filing,true,false,false,3,false
20261007T142347407445Z-codex.archivist.RC12.r3-a1,archivist,reach,RC12,3,27,fact,"2026-08-26 | $1,406,000 | 1655018","2026-08-26; $1,406,000; 1655018",S24,filing,mosaic-finance.com,3,filing,filing,false,false,true,false,false,,none,,,filing,filing,true,false,false,3,false
20261007T142347407445Z-codex.archivist.RC12.r3-a1,archivist,reach,RC12,3,28,fact,"2026-09-15 | $14,625,000 | 1662953","2026-09-15; $14,625,000; 1662953",S25,filing,mosaic-finance.com,3,filing,filing,false,false,true,false,false,,none,,,filing,filing,true,false,false,3,false
20261007T142347407445Z-codex.archivist.RC12.r3-a1,archivist,reach,RC12,3,29,fact,"2026-09-17 | $2,213,250 | 1664624","2026-09-17; $2,213,250; 1664624",S26,filing,mosaic-finance.com,3,filing,filing,false,false,true,false,false,,none,,,filing,filing,true,false,false,3,false
20261007T142430021473Z-codex.both.RC12.r3-a1,both,reach,RC12,3,1,fact,I found 26 “Yeni İş İlişkisi” disclosures in the inclusive period 2025-07-26–2026-09-30.,26; Yeni İş İlişkisi; 2025-07-26–2026-09-30,,,,3,filing,filing,false,false,true,true,true,issuer; aggregator,none,,,filing,filing,true,true,true,2,false
20261007T142430021473Z-codex.both.RC12.r3-a1,both,reach,RC12,3,2,fact,"2025-08-27 | $2,565,420 | 1482925","2025-08-27; $2,565,420; 1482925",S1,filing,mosaic-finance.com,3,filing,filing,false,false,true,false,false,aggregator,none,,,filing,filing,true,false,false,3,false
20261007T142430021473Z-codex.both.RC12.r3-a1,both,reach,RC12,3,3,fact,"2025-09-03 | $3,950,000 | 1485872","2025-09-03; $3,950,000; 1485872",S2,filing,mosaic-finance.com,2,filing,filing,false,false,true,true,true,aggregator,none,,,filing,filing,true,true,true,2,false
20261007T142430021473Z-codex.both.RC12.r3-a1,both,reach,RC12,3,4,fact,"2025-09-09 | $11,010,000 | 1488213","2025-09-09; $11,010,000; 1488213",S3,filing,mosaic-finance.com,2,filing,filing,false,false,true,false,false,,none,,,filing,filing,true,false,false,2,false
20261007T142430021473Z-codex.both.RC12.r3-a1,both,reach,RC12,3,5,fact,"2025-09-22 | $1,259,750 | 1491691","2025-09-22; $1,259,750; 1491691",S4,filing,mosaic-finance.com,3,filing,filing,false,false,true,false,false,aggregator,none,,,filing,filing,true,false,false,3,false
20261007T142430021473Z-codex.both.RC12.r3-a1,both,reach,RC12,3,6,fact,"2025-10-21 | $2,000,000 total; SDT share $1,000,000 | 1506321","2025-10-21; $2,000,000; SDT; $1,000,000; 1506321",S5,filing,mosaic-finance.com,3,filing,filing,false,false,true,false,false,aggregator,none,,,filing,filing,true,false,false,2,false
20261007T142430021473Z-codex.both.RC12.r3-a1,both,reach,RC12,3,7,fact,"2025-10-30 | $2,600,000 | 1508870","2025-10-30; $2,600,000; 1508870",S6,filing,mosaic-finance.com,2,filing,filing,false,false,true,true,true,aggregator,none,,,filing,filing,true,true,true,2,false
20261007T142430021473Z-codex.both.RC12.r3-a1,both,reach,RC12,3,8,fact,"2025-11-03 | $1,014,860 | 1510489","2025-11-03; $1,014,860; 1510489",S7,filing,mosaic-finance.com,3,filing,filing,false,false,true,false,false,aggregator,none,,,filing,filing,true,false,false,3,false
20261007T142430021473Z-codex.both.RC12.r3-a1,both,reach,RC12,3,9,fact,"2025-11-21 | $800,000 | 1518708","2025-11-21; $800,000; 1518708",S8,filing,mosaic-finance.com,3,filing,filing,false,false,true,false,false,aggregator,none,,,filing,filing,true,false,false,3,false
20261007T142430021473Z-codex.both.RC12.r3-a1,both,reach,RC12,3,10,fact,"2025-11-25 | $799,890 | 1519944","2025-11-25; $799,890; 1519944",S9,filing,mosaic-finance.com,4,filing,filing,false,false,true,false,false,aggregator,none,,,filing,filing,true,false,false,4,false
20261007T142430021473Z-codex.both.RC12.r3-a1,both,reach,RC12,3,11,fact,"2025-12-23 | $1,335,000 | 1528862","2025-12-23; $1,335,000; 1528862",S10,filing,mosaic-finance.com,4,filing,filing,false,false,true,true,true,aggregator,none,,,filing,filing,true,true,true,4,false
20261007T142430021473Z-codex.both.RC12.r3-a1,both,reach,RC12,3,12,fact,"2026-02-05 | $896,400 | 1552906","2026-02-05; $896,400; 1552906",S11,filing,mosaic-finance.com,2,filing,filing,false,false,true,false,false,,none,,,filing,filing,true,false,false,2,false
20261007T142430021473Z-codex.both.RC12.r3-a1,both,reach,RC12,3,13,fact,"2026-03-23 | $3,900,000 | 1574640","2026-03-23; $3,900,000; 1574640",S12,filing,mosaic-finance.com,3,filing,filing,false,false,true,false,false,aggregator,none,,,filing,filing,true,false,false,3,false
20261007T142430021473Z-codex.both.RC12.r3-a1,both,reach,RC12,3,14,fact,"2026-03-23 | $2,104,908 | 1574665","2026-03-23; $2,104,908; 1574665",S13,filing,mosaic-finance.com,3,filing,filing,false,false,true,false,false,aggregator,none,,,filing,filing,true,false,false,3,false
20261007T142430021473Z-codex.both.RC12.r3-a1,both,reach,RC12,3,15,fact,"2026-04-07 | $1,900,000 | 1585647","2026-04-07; $1,900,000; 1585647",S14,filing,mosaic-finance.com,2,filing,filing,false,false,true,false,false,,none,,,filing,filing,true,false,false,2,false
20261007T142430021473Z-codex.both.RC12.r3-a1,both,reach,RC12,3,16,fact,"2026-04-15 | $2,030,000 | 1593648","2026-04-15; $2,030,000; 1593648",S15,filing,mosaic-finance.com,3,filing,filing,false,false,true,false,false,aggregator,none,,,filing,filing,true,false,false,3,false
20261007T142430021473Z-codex.both.RC12.r3-a1,both,reach,RC12,3,17,fact,"2026-05-12 | $4,950,000 | 1606207","2026-05-12; $4,950,000; 1606207",S16,filing,mosaic-finance.com,3,filing,filing,false,false,true,false,false,aggregator,none,,,filing,filing,true,false,false,3,false
20261007T142430021473Z-codex.both.RC12.r3-a1,both,reach,RC12,3,18,fact,"2026-05-13 | $6,450,000 | 1606809","2026-05-13; $6,450,000; 1606809",S17,filing,mosaic-finance.com,3,filing,filing,false,false,true,false,false,aggregator,none,,,filing,filing,true,false,false,3,false
20261007T142430021473Z-codex.both.RC12.r3-a1,both,reach,RC12,3,19,fact,"2026-05-14 | $562,500 | 1607242","2026-05-14; $562,500; 1607242",S18,filing,mosaic-finance.com,3,filing,filing,false,false,true,false,false,aggregator,none,,,filing,filing,true,false,false,3,false
20261007T142430021473Z-codex.both.RC12.r3-a1,both,reach,RC12,3,20,fact,"2026-06-22 | $1,065,866 | 1619339","2026-06-22; $1,065,866; 1619339",S19,filing,mosaic-finance.com,3,filing,filing,false,false,true,true,true,aggregator,none,,,filing,filing,true,true,true,3,false
20261007T142430021473Z-codex.both.RC12.r3-a1,both,reach,RC12,3,21,fact,"2026-07-09 | $1,271,060 | 1630870","2026-07-09; $1,271,060; 1630870",S20,filing,mosaic-finance.com,2,filing,filing,false,false,true,false,false,aggregator,none,,,filing,filing,true,false,false,2,false
20261007T142430021473Z-codex.both.RC12.r3-a1,both,reach,RC12,3,22,fact,"2026-07-13 | $5,350,000 | 1632534","2026-07-13; $5,350,000; 1632534",S21,filing,mosaic-finance.com,3,filing,filing,false,false,true,false,false,aggregator,none,,,filing,filing,true,false,false,3,false
20261007T142430021473Z-codex.both.RC12.r3-a1,both,reach,RC12,3,23,fact,"2026-08-03 | $5,732,300 | 1641969","2026-08-03; $5,732,300; 1641969",S22,filing,mosaic-finance.com,2,filing,filing,false,false,true,false,false,,none,,,filing,filing,true,false,false,2,false
20261007T142430021473Z-codex.both.RC12.r3-a1,both,reach,RC12,3,24,fact,"2026-08-24 | $4,776,240 | 1654470","2026-08-24; $4,776,240; 1654470",S23,filing,mosaic-finance.com,3,filing,filing,false,false,true,false,false,aggregator,none,,,filing,filing,true,false,false,3,false
20261007T142430021473Z-codex.both.RC12.r3-a1,both,reach,RC12,3,25,fact,"2026-08-26 | $1,406,000 | 1655018","2026-08-26; $1,406,000; 1655018",S24,filing,mosaic-finance.com,3,filing,filing,false,false,true,false,false,aggregator,none,,,filing,filing,true,false,false,3,false
20261007T142430021473Z-codex.both.RC12.r3-a1,both,reach,RC12,3,26,fact,"2026-09-15 | $14,625,000 | 1662953","2026-09-15; $14,625,000; 1662953",S25,filing,mosaic-finance.com,3,filing,filing,false,false,true,false,false,aggregator,none,,,filing,filing,true,false,false,3,false
20261007T142430021473Z-codex.both.RC12.r3-a1,both,reach,RC12,3,27,fact,"2026-09-17 | $2,213,250 | 1664624","2026-09-17; $2,213,250; 1664624",S26,filing,mosaic-finance.com,3,filing,filing,false,false,true,false,false,aggregator,none,,,filing,filing,true,false,false,3,false
20261007T142623688928Z-codex.web.RC13.r1-a1,web,reach,RC13,1,1,fact,"Found 23 “Yeni İş İlişkisi” disclosures, including one correction.",23; Yeni İş İlişkisi; one correction,,,,3,secondary,forum,false,false,false,false,false,forum; promotional; aggregator; news,none,,,filing,filing,true,true,false,1,false
20261007T142623688928Z-codex.web.RC13.r1-a1,web,reach,RC13,1,2,fact,"Amounts below are the original contract amounts, excluding VAT—not TL conversions.",VAT; TL,,,,2,secondary,promotional,false,false,false,false,false,promotional; aggregator; news,none,,,secondary,promotional,false,false,false,2,false
20261007T142623688928Z-codex.web.RC13.r1-a1,web,reach,RC13,1,3,fact,"2025-08-18: contract amount 4,235,127.36 USD.","2025-08-18; 4,235,127.36; USD",S1,filing,filing-source,3,secondary,promotional,false,false,false,true,false,promotional; aggregator; news,none,,,secondary,promotional,false,true,false,2,false
20261007T142623688928Z-codex.web.RC13.r1-a1,web,reach,RC13,1,4,fact,"2025-08-28: contract amount 37,192,591.43 USD.","2025-08-28; 37,192,591.43; USD",S2,filing,filing-source,3,secondary,promotional,false,false,false,true,false,promotional; aggregator; news,none,,,secondary,aggregator,false,true,false,2,false
20261007T142623688928Z-codex.web.RC13.r1-a1,web,reach,RC13,1,5,fact,"2025-09-04: contract amount 1,880,000.00 USD.","2025-09-04; 1,880,000.00; USD",S3,filing,filing-source,2,secondary,promotional,false,false,false,true,false,promotional; aggregator; news,none,,,secondary,aggregator,false,true,false,1,false
20261007T142623688928Z-codex.web.RC13.r1-a1,web,reach,RC13,1,6,fact,"2025-09-09: contract amount 1,914,095.94 USD.","2025-09-09; 1,914,095.94; USD",S4,filing,filing-source,2,secondary,promotional,false,false,false,true,false,promotional; aggregator; news,none,,,secondary,aggregator,false,true,false,1,false
20261007T142623688928Z-codex.web.RC13.r1-a1,web,reach,RC13,1,7,fact,"2025-09-16: contract amount 3,627,936.00 USD.","2025-09-16; 3,627,936.00; USD",S5,filing,filing-source,3,secondary,forum,false,false,false,true,false,forum; promotional; aggregator; news,none,,,secondary,forum,false,true,false,2,false
20261007T142623688928Z-codex.web.RC13.r1-a1,web,reach,RC13,1,8,fact,"2025-10-07: contract amount 1,586,694.00 USD.","2025-10-07; 1,586,694.00; USD",S6,filing,filing-source,2,filing,filing,false,false,true,true,false,promotional; aggregator; news,none,,,filing,filing,true,true,false,1,false
20261007T142623688928Z-codex.web.RC13.r1-a1,web,reach,RC13,1,9,fact,"2025-10-08: contract amount 9,600,000.00 USD.","2025-10-08; 9,600,000.00; USD",S7,filing,filing-source,2,secondary,promotional,false,false,false,true,false,promotional; aggregator; news,none,,,secondary,aggregator,false,true,false,1,false
20261007T142623688928Z-codex.web.RC13.r1-a1,web,reach,RC13,1,10,fact,"2025-10-10: contract amount 2,974,771.80 USD.","2025-10-10; 2,974,771.80; USD",S8,filing,filing-source,2,secondary,promotional,false,false,false,true,false,promotional; aggregator; news,none,,,secondary,aggregator,false,true,false,1,false
20261007T142623688928Z-codex.web.RC13.r1-a1,web,reach,RC13,1,11,fact,"2025-10-13 — correction: contract amount 2,974,771.80 USD.","2025-10-13; 2,974,771.80; USD",S9,filing,filing-source,3,secondary,forum,false,false,false,true,false,forum; promotional; aggregator; news,none,,,secondary,forum,false,true,false,2,false
20261007T142623688928Z-codex.web.RC13.r1-a1,web,reach,RC13,1,12,fact,"2025-11-03: contract amount 1,667,608.80 USD.","2025-11-03; 1,667,608.80; USD",S10,filing,filing-source,3,secondary,forum,false,false,false,true,false,forum; promotional; aggregator; news,none,,,secondary,forum,false,true,false,2,false
20261007T142623688928Z-codex.web.RC13.r1-a1,web,reach,RC13,1,13,fact,"2025-11-06: contract amount 13,217,490.00 USD.","2025-11-06; 13,217,490.00; USD",S11,filing,filing-source,3,secondary,forum,false,false,false,true,false,forum; promotional; aggregator; news,none,,,secondary,forum,false,true,false,2,false
20261007T142623688928Z-codex.web.RC13.r1-a1,web,reach,RC13,1,14,fact,"2025-11-13: contract amount 2,100,000,000.00 TRY.","2025-11-13; 2,100,000,000.00; TRY",S12,filing,filing-source,4,secondary,forum,false,false,false,false,false,forum; promotional; aggregator; news,none,,,secondary,forum,false,true,false,3,false
20261007T142623688928Z-codex.web.RC13.r1-a1,web,reach,RC13,1,15,fact,"2025-11-14: contract amount 26,507,250.00 USD.","2025-11-14; 26,507,250.00; USD",S13,filing,filing-source,4,secondary,forum,false,false,false,true,false,forum; promotional; aggregator; news,none,,,secondary,forum,false,true,false,3,false
20261007T142623688928Z-codex.web.RC13.r1-a1,web,reach,RC13,1,16,fact,"2025-11-17: contract amount 2,400,000,000.00 TRY.","2025-11-17; 2,400,000,000.00; TRY",S14,filing,filing-source,4,secondary,forum,false,false,false,false,false,forum; promotional; aggregator; news,none,,,secondary,forum,false,true,false,3,false
20261007T142623688928Z-codex.web.RC13.r1-a1,web,reach,RC13,1,17,fact,"2025-11-20: contract amount 2,064,575.50 USD.","2025-11-20; 2,064,575.50; USD",S15,filing,filing-source,3,secondary,forum,false,false,false,true,false,forum; promotional; aggregator; news,none,,,secondary,forum,false,true,false,2,false
20261007T142623688928Z-codex.web.RC13.r1-a1,web,reach,RC13,1,18,fact,"2025-12-03: contract amount 15,644,210.40 USD.","2025-12-03; 15,644,210.40; USD",S16,filing,filing-source,3,secondary,forum,false,false,false,true,false,forum; promotional; aggregator; news,none,,,secondary,forum,false,true,false,2,false
20261007T142623688928Z-codex.web.RC13.r1-a1,web,reach,RC13,1,19,fact,"2025-12-11: contract amount 3,130,616.36 USD.","2025-12-11; 3,130,616.36; USD",S17,filing,filing-source,4,secondary,forum,false,false,false,true,false,forum; promotional; aggregator; news,none,,,secondary,forum,false,true,false,3,false
20261007T142623688928Z-codex.web.RC13.r1-a1,web,reach,RC13,1,20,fact,"2025-12-29: contract amount 13,766,860.80 USD.","2025-12-29; 13,766,860.80; USD",S18,filing,filing-source,4,filing,filing,false,false,true,false,false,forum; promotional; aggregator; news,none,,,filing,filing,true,false,false,3,false
20261007T142623688928Z-codex.web.RC13.r1-a1,web,reach,RC13,1,21,fact,"2026-01-27: contract amount 10,724,896.00 USD.","2026-01-27; 10,724,896.00; USD",S19,filing,filing-source,3,secondary,promotional,false,false,false,true,false,promotional; aggregator; news,none,,,secondary,promotional,false,true,false,2,false
20261007T142623688928Z-codex.web.RC13.r1-a1,web,reach,RC13,1,22,fact,"2026-01-30 09:02: contract amount 51,384,996.00 USD.","2026-01-30; 09:02; 51,384,996.00; USD",S20,filing,filing-source,2,secondary,promotional,false,false,false,true,false,promotional; aggregator; news,none,,,secondary,aggregator,false,true,false,1,false
20261007T142623688928Z-codex.web.RC13.r1-a1,web,reach,RC13,1,23,fact,"2026-01-30 10:55: contract amount 3,602,451.30 USD.","2026-01-30; 10:55; 3,602,451.30; USD",S21,filing,filing-source,3,secondary,promotional,false,false,false,true,false,promotional; aggregator; news,none,,,secondary,aggregator,false,true,false,2,false
20261007T142623688928Z-codex.web.RC13.r1-a1,web,reach,RC13,1,24,fact,"2026-01-30 10:56: contract amount 24,226,465.54 USD.","2026-01-30; 10:56; 24,226,465.54; USD",S22,filing,filing-source,3,filing,filing,false,false,true,false,false,promotional; aggregator; news,none,,,filing,filing,true,false,false,2,false
20261007T142623688928Z-codex.web.RC13.r1-a1,web,reach,RC13,1,25,fact,"2026-03-31: contract amount 48,000,000.00 USD.","2026-03-31; 48,000,000.00; USD",S23,filing,filing-source,3,filing,filing,false,false,true,true,false,forum; promotional; aggregator; news,none,,,filing,filing,true,true,false,2,false
20261007T142623688928Z-codex.web.RC13.r1-a1,web,reach,RC13,1,26,fact,The 13 October correction changes only the TL conversion.,13 October; TL,,,,2,secondary,promotional,false,false,false,false,false,promotional; aggregator; news,none,,,secondary,promotional,false,false,false,2,false
20261007T142623688928Z-codex.web.RC13.r1-a1,web,reach,RC13,1,27,fact,The 14 November export disclosure states the contract amount without explicitly specifying VAT treatment.,14 November; VAT,S24,aggregator,borsacoo.com,2,secondary,aggregator,false,true,false,false,false,,none,,,secondary,aggregator,false,false,false,2,false
20261007T142623689481Z-codex.archivist.RC13.r1-a1,archivist,reach,RC13,1,1,fact,"CWENE published 23 “Yeni İş İlişkisi” disclosures in the inclusive period, including one correction.",CWENE; 23; Yeni İş İlişkisi; one,,,,4,filing,filing,false,false,true,false,false,,none,,,filing,filing,true,false,false,1,false
20261007T142623689481Z-codex.archivist.RC13.r1-a1,archivist,reach,RC13,1,2,fact,"Amounts below are the stated contract amounts, excluding VAT and currency conversions.",,,,,0,unattributed,,true,false,false,false,false,,none,,,unattributed,,false,false,false,0,true
20261007T142623689481Z-codex.archivist.RC13.r1-a1,archivist,reach,RC13,1,3,fact,"2025-08-18 | USD 4,235,127.36 | 1479590","2025-08-18; USD; 4,235,127.36; 1479590",S1,filing,mosaic-finance.com,4,filing,filing,false,false,true,false,false,,none,,,filing,filing,true,false,false,3,false
20261007T142623689481Z-codex.archivist.RC13.r1-a1,archivist,reach,RC13,1,4,fact,"2025-08-28 | USD 37,192,591.43 | 1483561","2025-08-28; USD; 37,192,591.43; 1483561",S2,filing,mosaic-finance.com,4,filing,filing,false,false,true,false,false,,none,,,filing,filing,true,false,false,3,false
20261007T142623689481Z-codex.archivist.RC13.r1-a1,archivist,reach,RC13,1,5,fact,"2025-09-04 | USD 1,880,000.00 | 1486600","2025-09-04; USD; 1,880,000.00; 1486600",S3,filing,mosaic-finance.com,3,filing,filing,false,false,true,false,false,,none,,,filing,filing,true,false,false,2,false
20261007T142623689481Z-codex.archivist.RC13.r1-a1,archivist,reach,RC13,1,6,fact,"2025-09-09 | USD 1,914,095.94 | 1488218","2025-09-09; USD; 1,914,095.94; 1488218",S4,filing,mosaic-finance.com,3,filing,filing,false,false,true,false,false,,none,,,filing,filing,true,false,false,2,false
20261007T142623689481Z-codex.archivist.RC13.r1-a1,archivist,reach,RC13,1,7,fact,"2025-09-16 | USD 3,627,936.00 | 1490213","2025-09-16; USD; 3,627,936.00; 1490213",S5,filing,mosaic-finance.com,4,filing,filing,false,false,true,false,false,,none,,,filing,filing,true,false,false,3,false
20261007T142623689481Z-codex.archivist.RC13.r1-a1,archivist,reach,RC13,1,8,fact,"2025-10-07 | USD 1,586,694.00 | 1497679","2025-10-07; USD; 1,586,694.00; 1497679",S6,filing,mosaic-finance.com,3,filing,filing,false,false,true,false,false,,none,,,filing,filing,true,false,false,2,false
20261007T142623689481Z-codex.archivist.RC13.r1-a1,archivist,reach,RC13,1,9,fact,"2025-10-08 | USD 9,600,000.00 | 1500598","2025-10-08; USD; 9,600,000.00; 1500598",S7,filing,mosaic-finance.com,3,filing,filing,false,false,true,false,false,,none,,,filing,filing,true,false,false,2,false
20261007T142623689481Z-codex.archivist.RC13.r1-a1,archivist,reach,RC13,1,10,fact,"2025-10-10 | USD 2,974,771.80 | 1502587","2025-10-10; USD; 2,974,771.80; 1502587",S8,filing,mosaic-finance.com,3,filing,filing,false,false,true,false,false,,none,,,filing,filing,true,false,false,2,false
20261007T142623689481Z-codex.archivist.RC13.r1-a1,archivist,reach,RC13,1,11,fact,"2025-10-13 — correction | USD 2,974,771.80 | 1502725","2025-10-13; USD; 2,974,771.80; 1502725",S9,filing,mosaic-finance.com,4,filing,filing,false,false,true,false,false,,none,,,filing,filing,true,false,false,3,false
20261007T142623689481Z-codex.archivist.RC13.r1-a1,archivist,reach,RC13,1,12,fact,"2025-11-03 | USD 1,667,608.80 | 1510760","2025-11-03; USD; 1,667,608.80; 1510760",S10,filing,mosaic-finance.com,4,filing,filing,false,false,true,false,false,,none,,,filing,filing,true,false,false,3,false
20261007T142623689481Z-codex.archivist.RC13.r1-a1,archivist,reach,RC13,1,13,fact,"2025-11-06 | USD 13,217,490.00 | 1512399","2025-11-06; USD; 13,217,490.00; 1512399",S11,filing,mosaic-finance.com,4,filing,filing,false,false,true,false,false,,none,,,filing,filing,true,false,false,3,false
20261007T142623689481Z-codex.archivist.RC13.r1-a1,archivist,reach,RC13,1,14,fact,"2025-11-13 | TRY 2,100,000,000.00 | 1516644","2025-11-13; TRY; 2,100,000,000.00; 1516644",S12,filing,mosaic-finance.com,5,unattributed,,false,false,false,false,false,,none,,,filing,filing,true,false,false,4,false
20261007T142623689481Z-codex.archivist.RC13.r1-a1,archivist,reach,RC13,1,15,fact,"2025-11-14 | USD 26,507,250.00 | 1517085","2025-11-14; USD; 26,507,250.00; 1517085",S13,filing,mosaic-finance.com,5,filing,filing,false,false,true,false,false,,none,,,filing,filing,true,false,false,4,false
20261007T142623689481Z-codex.archivist.RC13.r1-a1,archivist,reach,RC13,1,16,fact,"2025-11-17 | TRY 2,400,000,000.00 | 1517478","2025-11-17; TRY; 2,400,000,000.00; 1517478",S14,filing,mosaic-finance.com,5,unattributed,,false,false,false,false,false,,none,,,filing,filing,true,false,false,4,false
20261007T142623689481Z-codex.archivist.RC13.r1-a1,archivist,reach,RC13,1,17,fact,"2025-11-20 | USD 2,064,575.50 | 1518443","2025-11-20; USD; 2,064,575.50; 1518443",S15,filing,mosaic-finance.com,4,filing,filing,false,false,true,false,false,,none,,,filing,filing,true,false,false,3,false
20261007T142623689481Z-codex.archivist.RC13.r1-a1,archivist,reach,RC13,1,18,fact,"2025-12-03 | USD 15,644,210.40 | 1522803","2025-12-03; USD; 15,644,210.40; 1522803",S16,filing,mosaic-finance.com,4,filing,filing,false,false,true,false,false,,none,,,filing,filing,true,false,false,3,false
20261007T142623689481Z-codex.archivist.RC13.r1-a1,archivist,reach,RC13,1,19,fact,"2025-12-11 | USD 3,130,616.36 | 1525848","2025-12-11; USD; 3,130,616.36; 1525848",S17,filing,mosaic-finance.com,5,filing,filing,false,false,true,false,false,,none,,,filing,filing,true,false,false,4,false
20261007T142623689481Z-codex.archivist.RC13.r1-a1,archivist,reach,RC13,1,20,fact,"2025-12-29 | USD 13,766,860.80 | 1530572","2025-12-29; USD; 13,766,860.80; 1530572",S18,filing,mosaic-finance.com,5,unattributed,,false,false,false,false,false,,none,,,unattributed,,false,false,false,4,false
20261007T142623689481Z-codex.archivist.RC13.r1-a1,archivist,reach,RC13,1,21,fact,"2026-01-27 | USD 10,724,896.00 | 1547398","2026-01-27; USD; 10,724,896.00; 1547398",S19,filing,mosaic-finance.com,4,filing,filing,false,false,true,false,false,,none,,,filing,filing,true,false,false,3,false
20261007T142623689481Z-codex.archivist.RC13.r1-a1,archivist,reach,RC13,1,22,fact,"2026-01-30 | USD 51,384,996.00 | 1549108","2026-01-30; USD; 51,384,996.00; 1549108",S20,filing,mosaic-finance.com,3,filing,filing,false,false,true,false,false,,none,,,filing,filing,true,false,false,2,false
20261007T142623689481Z-codex.archivist.RC13.r1-a1,archivist,reach,RC13,1,23,fact,"2026-01-30 | USD 3,602,451.30 | 1549301","2026-01-30; USD; 3,602,451.30; 1549301",S21,filing,mosaic-finance.com,3,filing,filing,false,false,true,false,false,,none,,,filing,filing,true,false,false,2,false
20261007T142623689481Z-codex.archivist.RC13.r1-a1,archivist,reach,RC13,1,24,fact,"2026-01-30 | USD 24,226,465.54 | 1549307","2026-01-30; USD; 24,226,465.54; 1549307",S22,filing,mosaic-finance.com,3,filing,filing,false,false,true,false,false,,none,,,filing,filing,true,false,false,2,false
20261007T142623689481Z-codex.archivist.RC13.r1-a1,archivist,reach,RC13,1,25,fact,"2026-03-31 | USD 48,000,000.00 | 1580728","2026-03-31; USD; 48,000,000.00; 1580728",S23,filing,mosaic-finance.com,4,filing,filing,false,false,true,false,false,,none,,,filing,filing,true,false,false,3,false
20261007T142623689481Z-codex.archivist.RC13.r1-a1,archivist,reach,RC13,1,26,fact,Corrects only the October 10 disclosure’s TL conversion; the USD contract amount is unchanged.,October 10; TL; USD,,,,3,unattributed,,false,false,false,false,false,,none,,,unattributed,,false,false,false,3,false
20261007T142623689481Z-codex.archivist.RC13.r1-a1,archivist,reach,RC13,1,27,fact,The November 14 export disclosure states this contract amount without explicitly saying “excluding VAT.”,November 14,,,,1,unattributed,,false,false,false,false,false,,none,,,unattributed,,false,false,false,1,false
20261007T142812862996Z-codex.both.RC13.r1-a1,both,reach,RC13,1,1,fact,Found 23 “Yeni İş İlişkisi” disclosures in the inclusive date range.,23; Yeni İş İlişkisi,,,,2,filing,filing,false,false,true,true,true,aggregator; news,none,,,filing,filing,true,true,true,1,false
20261007T142812862996Z-codex.both.RC13.r1-a1,both,reach,RC13,1,2,fact,"2025-08-18 | USD 4,235,127.36 excluding VAT | KAP ID 1479590","2025-08-18; USD; 4,235,127.36; KAP; 1479590",S1,filing,mosaic-finance.com,5,filing,filing,false,false,true,false,false,aggregator; other,none,,,filing,filing,true,false,false,3,false
20261007T142812862996Z-codex.both.RC13.r1-a1,both,reach,RC13,1,3,fact,"2025-08-28 | USD 37,192,591.43 excluding VAT | KAP ID 1483561","2025-08-28; USD; 37,192,591.43; KAP; 1483561",S2,filing,mosaic-finance.com,5,filing,filing,false,false,true,false,false,aggregator; other,none,,,filing,filing,true,false,false,3,false
20261007T142812862996Z-codex.both.RC13.r1-a1,both,reach,RC13,1,4,fact,"2025-09-04 | USD 1,880,000.00 excluding VAT | KAP ID 1486600","2025-09-04; USD; 1,880,000.00; KAP; 1486600",S3,filing,mosaic-finance.com,4,filing,filing,false,false,true,false,false,aggregator; other,none,,,filing,filing,true,false,false,2,false
20261007T142812862996Z-codex.both.RC13.r1-a1,both,reach,RC13,1,5,fact,"2025-09-09 | USD 1,914,095.94 excluding VAT | KAP ID 1488218","2025-09-09; USD; 1,914,095.94; KAP; 1488218",S4,filing,mosaic-finance.com,4,filing,filing,false,false,true,false,false,aggregator; other,none,,,filing,filing,true,false,false,2,false
20261007T142812862996Z-codex.both.RC13.r1-a1,both,reach,RC13,1,6,fact,"2025-09-16 | USD 3,627,936.00 excluding VAT | KAP ID 1490213","2025-09-16; USD; 3,627,936.00; KAP; 1490213",S5,filing,mosaic-finance.com,5,filing,filing,false,false,true,false,false,aggregator; other,none,,,filing,filing,true,false,false,3,false
20261007T142812862996Z-codex.both.RC13.r1-a1,both,reach,RC13,1,7,fact,"2025-10-07 | USD 1,586,694.00 excluding VAT | KAP ID 1497679","2025-10-07; USD; 1,586,694.00; KAP; 1497679",S6,filing,mosaic-finance.com,4,filing,filing,false,false,true,false,false,aggregator; other,none,,,filing,filing,true,false,false,2,false
20261007T142812862996Z-codex.both.RC13.r1-a1,both,reach,RC13,1,8,fact,"2025-10-08 | USD 9,600,000.00 excluding VAT | KAP ID 1500598","2025-10-08; USD; 9,600,000.00; KAP; 1500598",S7,filing,mosaic-finance.com,4,filing,filing,false,false,true,false,false,aggregator; other,none,,,filing,filing,true,false,false,2,false
20261007T142812862996Z-codex.both.RC13.r1-a1,both,reach,RC13,1,9,fact,"2025-10-10 | USD 2,974,771.80 excluding VAT | KAP ID 1502587","2025-10-10; USD; 2,974,771.80; KAP; 1502587",S8,filing,mosaic-finance.com,4,filing,filing,false,false,true,false,false,aggregator; other,none,,,filing,filing,true,false,false,2,false
20261007T142812862996Z-codex.both.RC13.r1-a1,both,reach,RC13,1,10,fact,"2025-10-13 — correction | USD 2,974,771.80 excluding VAT | KAP ID 1502725","2025-10-13; USD; 2,974,771.80; KAP; 1502725",S9,filing,mosaic-finance.com,5,filing,filing,false,false,true,false,false,aggregator; other,none,,,filing,filing,true,false,false,3,false
20261007T142812862996Z-codex.both.RC13.r1-a1,both,reach,RC13,1,11,fact,"2025-11-03 | USD 1,667,608.80 excluding VAT | KAP ID 1510760","2025-11-03; USD; 1,667,608.80; KAP; 1510760",S10,filing,mosaic-finance.com,5,filing,filing,false,false,true,false,false,aggregator; other,none,,,filing,filing,true,false,false,3,false
20261007T142812862996Z-codex.both.RC13.r1-a1,both,reach,RC13,1,12,fact,"2025-11-06 | USD 13,217,490.00 excluding VAT | KAP ID 1512399","2025-11-06; USD; 13,217,490.00; KAP; 1512399",S11,filing,mosaic-finance.com,5,filing,filing,false,false,true,false,false,aggregator; other,none,,,filing,filing,true,false,false,3,false
20261007T142812862996Z-codex.both.RC13.r1-a1,both,reach,RC13,1,13,fact,"2025-11-13 | TRY 2,100,000,000.00 excluding VAT | KAP ID 1516644","2025-11-13; TRY; 2,100,000,000.00; KAP; 1516644",S12,filing,mosaic-finance.com,6,filing,filing,false,false,true,false,false,aggregator; other,none,,,filing,filing,true,false,false,4,false
20261007T142812862996Z-codex.both.RC13.r1-a1,both,reach,RC13,1,14,fact,"2025-11-14 | USD 26,507,250.00* | KAP ID 1517085","2025-11-14; USD; 26,507,250.00; KAP; 1517085",S13,filing,mosaic-finance.com,6,filing,filing,false,false,true,false,false,aggregator; other,none,,,filing,filing,true,false,false,4,false
20261007T142812862996Z-codex.both.RC13.r1-a1,both,reach,RC13,1,15,fact,"2025-11-17 | TRY 2,400,000,000.00 excluding VAT | KAP ID 1517478","2025-11-17; TRY; 2,400,000,000.00; KAP; 1517478",S14,filing,mosaic-finance.com,6,filing,filing,false,false,true,false,false,aggregator; other,none,,,filing,filing,true,false,false,4,false
20261007T142812862996Z-codex.both.RC13.r1-a1,both,reach,RC13,1,16,fact,"2025-11-20 | USD 2,064,575.50 excluding VAT | KAP ID 1518443","2025-11-20; USD; 2,064,575.50; KAP; 1518443",S15,filing,mosaic-finance.com,5,filing,filing,false,false,true,false,false,aggregator; other,none,,,filing,filing,true,false,false,3,false
20261007T142812862996Z-codex.both.RC13.r1-a1,both,reach,RC13,1,17,fact,"2025-12-03 | USD 15,644,210.40 excluding VAT | KAP ID 1522803","2025-12-03; USD; 15,644,210.40; KAP; 1522803",S16,filing,mosaic-finance.com,5,filing,filing,false,false,true,false,false,aggregator; other,none,,,filing,filing,true,false,false,3,false
20261007T142812862996Z-codex.both.RC13.r1-a1,both,reach,RC13,1,18,fact,"2025-12-11 | USD 3,130,616.36 excluding VAT | KAP ID 1525848","2025-12-11; USD; 3,130,616.36; KAP; 1525848",S17,filing,mosaic-finance.com,6,filing,filing,false,false,true,false,false,aggregator; other,none,,,filing,filing,true,false,false,4,false
20261007T142812862996Z-codex.both.RC13.r1-a1,both,reach,RC13,1,19,fact,"2025-12-29 | USD 13,766,860.80 excluding VAT | KAP ID 1530572","2025-12-29; USD; 13,766,860.80; KAP; 1530572",S18,filing,mosaic-finance.com,6,filing,filing,false,false,true,false,false,aggregator; other,none,,,filing,filing,true,false,false,4,false
20261007T142812862996Z-codex.both.RC13.r1-a1,both,reach,RC13,1,20,fact,"2026-01-27 | USD 10,724,896.00 excluding VAT | KAP ID 1547398","2026-01-27; USD; 10,724,896.00; KAP; 1547398",S19,filing,mosaic-finance.com,5,filing,filing,false,false,true,false,false,aggregator; other,none,,,filing,filing,true,false,false,3,false
20261007T142812862996Z-codex.both.RC13.r1-a1,both,reach,RC13,1,21,fact,"2026-01-30 | USD 51,384,996.00 excluding VAT | KAP ID 1549108","2026-01-30; USD; 51,384,996.00; KAP; 1549108",S20,filing,mosaic-finance.com,4,filing,filing,false,false,true,false,false,aggregator; other,none,,,filing,filing,true,false,false,2,false
20261007T142812862996Z-codex.both.RC13.r1-a1,both,reach,RC13,1,22,fact,"2026-01-30 | USD 3,602,451.30 excluding VAT | KAP ID 1549301","2026-01-30; USD; 3,602,451.30; KAP; 1549301",S21,filing,mosaic-finance.com,4,filing,filing,false,false,true,false,false,aggregator; other,none,,,filing,filing,true,false,false,2,false
20261007T142812862996Z-codex.both.RC13.r1-a1,both,reach,RC13,1,23,fact,"2026-01-30 | USD 24,226,465.54 excluding VAT | KAP ID 1549307","2026-01-30; USD; 24,226,465.54; KAP; 1549307",S22,filing,mosaic-finance.com,4,filing,filing,false,false,true,false,false,aggregator; other,none,,,filing,filing,true,false,false,2,false
20261007T142812862996Z-codex.both.RC13.r1-a1,both,reach,RC13,1,24,fact,"2026-03-31 | USD 48,000,000.00 excluding VAT | KAP ID 1580728","2026-03-31; USD; 48,000,000.00; KAP; 1580728",S23,filing,mosaic-finance.com,5,filing,filing,false,false,true,false,false,aggregator; other,none,,,filing,filing,true,false,false,3,false
20261007T142812862996Z-codex.both.RC13.r1-a1,both,reach,RC13,1,25,fact,The 13 October correction only changes the TL conversion.,13 October; TL,,,,2,secondary,aggregator,false,false,false,false,false,aggregator; news,none,,,secondary,aggregator,false,false,false,2,false
20261007T142812862996Z-codex.both.RC13.r1-a1,both,reach,RC13,1,26,fact,The two TRY amounts are original contract amounts.,two; TRY,,,,2,unattributed,,false,false,false,false,false,,none,,,unattributed,,false,false,false,2,false
20261007T142812862996Z-codex.both.RC13.r1-a1,both,reach,RC13,1,27,fact,"The 14 November export disclosure states USD 26,507,250.00 without explicitly specifying VAT treatment.","14 November; USD; 26,507,250.00",,,,3,secondary,aggregator,false,false,false,false,false,aggregator,none,,,filing,filing,true,false,false,1,false
20261007T142853583014Z-codex.web.RC13.r2-a1,web,reach,RC13,2,1,fact,"Found 23 disclosures under KAP’s “Yeni İş İlişkisi” form in the inclusive period, including one correction.",23; KAP; Yeni İş İlişkisi; one,,,,4,filing,filing,false,false,true,true,false,issuer; promotional; aggregator; news,none,,,filing,filing,true,true,false,1,false
20261007T142853583014Z-codex.web.RC13.r2-a1,web,reach,RC13,2,2,fact,Amounts below use the original contract currency.,,,,,0,unattributed,,true,false,false,false,false,,none,,,unattributed,,false,false,false,0,true
20261007T142853583014Z-codex.web.RC13.r2-a1,web,reach,RC13,2,3,fact,"Publication date: 2025-08-18; Contract amount excluding VAT: USD 4,235,127.36; KAP source: 1479590.","2025-08-18; USD 4,235,127.36; KAP; 1479590",S1,filing,filing-source,4,secondary,issuer,false,false,false,true,false,issuer; aggregator; news,none,,,secondary,aggregator,false,true,false,3,false
20261007T142853583014Z-codex.web.RC13.r2-a1,web,reach,RC13,2,4,fact,"Publication date: 2025-08-28; Contract amount excluding VAT: USD 37,192,591.43; KAP source: 1483561.","2025-08-28; USD 37,192,591.43; KAP; 1483561",S2,filing,filing-source,4,secondary,issuer,false,false,false,false,false,issuer; aggregator; news,none,,,secondary,aggregator,false,false,false,3,false
20261007T142853583014Z-codex.web.RC13.r2-a1,web,reach,RC13,2,5,fact,"Publication date: 2025-09-04; Contract amount excluding VAT: USD 1,880,000.00; KAP source: 1486600.","2025-09-04; USD 1,880,000.00; KAP; 1486600",S3,filing,filing-source,3,secondary,issuer,false,false,false,false,false,issuer; aggregator; news,none,,,secondary,aggregator,false,false,false,2,false
20261007T142853583014Z-codex.web.RC13.r2-a1,web,reach,RC13,2,6,fact,"Publication date: 2025-09-09; Contract amount excluding VAT: USD 1,914,095.94; KAP source: 1488218.","2025-09-09; USD 1,914,095.94; KAP; 1488218",S4,filing,filing-source,3,secondary,issuer,false,false,false,false,false,issuer; aggregator; news,none,,,secondary,aggregator,false,false,false,2,false
20261007T142853583014Z-codex.web.RC13.r2-a1,web,reach,RC13,2,7,fact,"Publication date: 2025-09-16; Contract amount excluding VAT: USD 3,627,936.00; KAP source: 1490213.","2025-09-16; USD 3,627,936.00; KAP; 1490213",S5,filing,filing-source,4,secondary,issuer,false,false,false,false,false,issuer; aggregator; news,none,,,secondary,aggregator,false,false,false,3,false
20261007T142853583014Z-codex.web.RC13.r2-a1,web,reach,RC13,2,8,fact,"Publication date: 2025-10-07; Contract amount excluding VAT: USD 1,586,694.00; KAP source: 1497679.","2025-10-07; USD 1,586,694.00; KAP; 1497679",S6,filing,filing-source,3,secondary,issuer,false,false,false,false,false,issuer; aggregator; news,none,,,secondary,aggregator,false,false,false,2,false
20261007T142853583014Z-codex.web.RC13.r2-a1,web,reach,RC13,2,9,fact,"Publication date: 2025-10-08; Contract amount excluding VAT: USD 9,600,000.00; KAP source: 1500598.","2025-10-08; USD 9,600,000.00; KAP; 1500598",S7,filing,filing-source,3,secondary,issuer,false,false,false,false,false,issuer; aggregator; news,none,,,secondary,aggregator,false,false,false,2,false
20261007T142853583014Z-codex.web.RC13.r2-a1,web,reach,RC13,2,10,fact,"Publication date: 2025-10-10; Contract amount excluding VAT: USD 2,974,771.80; KAP source: 1502587.","2025-10-10; USD 2,974,771.80; KAP; 1502587",S8,filing,filing-source,3,secondary,issuer,false,false,false,false,false,issuer; aggregator; news,none,,,secondary,aggregator,false,false,false,2,false
20261007T142853583014Z-codex.web.RC13.r2-a1,web,reach,RC13,2,11,fact,"Publication date: 2025-10-13 — correction; Contract amount excluding VAT: USD 2,974,771.80; KAP source: 1502725.","2025-10-13; USD 2,974,771.80; KAP; 1502725",S9,filing,filing-source,4,secondary,issuer,false,false,false,false,false,issuer; aggregator; news,none,,,secondary,aggregator,false,false,false,3,false
20261007T142853583014Z-codex.web.RC13.r2-a1,web,reach,RC13,2,12,fact,"Publication date: 2025-11-03; Contract amount excluding VAT: USD 1,667,608.80; KAP source: 1510760.","2025-11-03; USD 1,667,608.80; KAP; 1510760",S10,filing,filing-source,4,secondary,issuer,false,false,false,false,false,issuer; promotional; aggregator; news,none,,,secondary,promotional,false,false,false,3,false
20261007T142853583014Z-codex.web.RC13.r2-a1,web,reach,RC13,2,13,fact,"Publication date: 2025-11-06; Contract amount excluding VAT: USD 13,217,490.00; KAP source: 1512399.","2025-11-06; USD 13,217,490.00; KAP; 1512399",S11,filing,filing-source,4,filing,filing,false,false,true,false,false,issuer; promotional; aggregator; news,none,,,filing,filing,true,false,false,3,false
20261007T142853583014Z-codex.web.RC13.r2-a1,web,reach,RC13,2,14,fact,"Publication date: 2025-11-13; Contract amount excluding VAT: TRY 2,100,000,000.00; KAP source: 1516644.","2025-11-13; TRY 2,100,000,000.00; KAP; 1516644",S12,filing,filing-source,5,secondary,issuer,false,false,false,false,false,issuer; promotional; aggregator; news,none,,,secondary,promotional,false,false,false,4,false
20261007T142853583014Z-codex.web.RC13.r2-a1,web,reach,RC13,2,15,fact,"Publication date: 2025-11-14; Contract amount excluding VAT: USD 26,507,250.00; KAP source: 1517085.","2025-11-14; USD 26,507,250.00; KAP; 1517085",S13,filing,filing-source,5,filing,filing,false,false,true,false,false,issuer; promotional; aggregator; news,none,,,filing,filing,true,false,false,4,false
20261007T142853583014Z-codex.web.RC13.r2-a1,web,reach,RC13,2,16,fact,"Publication date: 2025-11-17; Contract amount excluding VAT: TRY 2,400,000,000.00; KAP source: 1517478.","2025-11-17; TRY 2,400,000,000.00; KAP; 1517478",S14,filing,filing-source,5,secondary,issuer,false,false,false,false,false,issuer; promotional; aggregator; news,none,,,secondary,issuer,false,false,false,4,false
20261007T142853583014Z-codex.web.RC13.r2-a1,web,reach,RC13,2,17,fact,"Publication date: 2025-11-20; Contract amount excluding VAT: USD 2,064,575.50; KAP source: 1518443.","2025-11-20; USD 2,064,575.50; KAP; 1518443",S15,filing,filing-source,4,secondary,issuer,false,false,false,false,false,issuer; promotional; aggregator; news,none,,,secondary,promotional,false,false,false,3,false
20261007T142853583014Z-codex.web.RC13.r2-a1,web,reach,RC13,2,18,fact,"Publication date: 2025-12-03; Contract amount excluding VAT: USD 15,644,210.40; KAP source: 1522803.","2025-12-03; USD 15,644,210.40; KAP; 1522803",S16,filing,filing-source,4,secondary,issuer,false,false,false,false,false,issuer; promotional; aggregator; news,none,,,secondary,promotional,false,false,false,3,false
20261007T142853583014Z-codex.web.RC13.r2-a1,web,reach,RC13,2,19,fact,"Publication date: 2025-12-11; Contract amount excluding VAT: USD 3,130,616.36; KAP source: 1525848.","2025-12-11; USD 3,130,616.36; KAP; 1525848",S17,filing,filing-source,5,secondary,issuer,false,false,false,false,false,issuer; promotional; aggregator; news,none,,,secondary,promotional,false,false,false,4,false
20261007T142853583014Z-codex.web.RC13.r2-a1,web,reach,RC13,2,20,fact,"Publication date: 2025-12-29; Contract amount excluding VAT: USD 13,766,860.80; KAP source: 1530572.","2025-12-29; USD 13,766,860.80; KAP; 1530572",S18,filing,filing-source,5,secondary,issuer,false,false,false,false,false,issuer; promotional; aggregator; news,none,,,secondary,promotional,false,false,false,4,false
20261007T142853583014Z-codex.web.RC13.r2-a1,web,reach,RC13,2,21,fact,"Publication date: 2026-01-27; Contract amount excluding VAT: USD 10,724,896.00; KAP source: 1547398.","2026-01-27; USD 10,724,896.00; KAP; 1547398",S19,filing,filing-source,4,secondary,issuer,false,false,false,false,false,issuer; aggregator; news,none,,,secondary,aggregator,false,false,false,3,false
20261007T142853583014Z-codex.web.RC13.r2-a1,web,reach,RC13,2,22,fact,"Publication date: 2026-01-30 — first; Contract amount excluding VAT: USD 51,384,996.00; KAP source: 1549108.","2026-01-30; first; USD 51,384,996.00; KAP; 1549108",S20,filing,filing-source,4,secondary,issuer,false,false,false,false,false,issuer; aggregator; news,none,,,unattributed,,false,false,false,2,false
20261007T142853583014Z-codex.web.RC13.r2-a1,web,reach,RC13,2,23,fact,"Publication date: 2026-01-30 — second; Contract amount excluding VAT: USD 3,602,451.30; KAP source: 1549301.","2026-01-30; second; USD 3,602,451.30; KAP; 1549301",S21,filing,filing-source,4,secondary,issuer,false,false,false,false,false,issuer; aggregator; news,none,,,unattributed,,false,false,false,2,false
20261007T142853583014Z-codex.web.RC13.r2-a1,web,reach,RC13,2,24,fact,"Publication date: 2026-01-30 — third; Contract amount excluding VAT: USD 24,226,465.54; KAP source: 1549307.","2026-01-30; third; USD 24,226,465.54; KAP; 1549307",S22,filing,filing-source,4,secondary,issuer,false,false,false,false,false,issuer; aggregator; news,none,,,unattributed,,false,false,false,2,false
20261007T142853583014Z-codex.web.RC13.r2-a1,web,reach,RC13,2,25,fact,"Publication date: 2026-03-31; Contract amount excluding VAT: USD 48,000,000.00; KAP source: 1580728.","2026-03-31; USD 48,000,000.00; KAP; 1580728",S23,filing,filing-source,4,secondary,issuer,false,false,false,true,false,issuer; aggregator; news,none,,,secondary,aggregator,false,true,false,3,false
20261007T142853583014Z-codex.web.RC13.r2-a1,web,reach,RC13,2,26,fact,Corrects only the TRY conversion of the October 10 disclosure; the USD amount is unchanged.,TRY; October 10; USD,,,,3,secondary,issuer,false,false,false,false,false,issuer; aggregator; news,none,,,secondary,issuer,false,false,false,3,false
20261007T142853583014Z-codex.web.RC13.r2-a1,web,reach,RC13,2,27,fact,The export disclosure states this contract amount but does not explicitly label its VAT treatment.,,,,,0,unattributed,,true,false,false,false,false,,none,,,unattributed,,false,false,false,0,true
20261007T143025114096Z-codex.archivist.RC13.r2-a1,archivist,reach,RC13,2,1,fact,"Found 23 “Yeni İş İlişkisi” disclosures in the inclusive period 2025-07-26–2026-03-31, including one correction.",23; Yeni İş İlişkisi; 2025-07-26–2026-03-31; one,,,,5,filing,filing,false,false,true,false,false,,none,,,filing,filing,true,false,false,3,false
20261007T143025114096Z-codex.archivist.RC13.r2-a1,archivist,reach,RC13,2,2,fact,"Amounts below are the stated contract values, excluding VAT where specified, in their original currencies.",,,,,0,unattributed,,true,false,false,false,false,,none,,,unattributed,,false,false,false,0,true
20261007T143025114096Z-codex.archivist.RC13.r2-a1,archivist,reach,RC13,2,3,fact,"2025-08-18 | 1479590 | USD 4,235,127.36","2025-08-18; 1479590; USD 4,235,127.36",S1,filing,mosaic-finance.com,3,filing,filing,false,false,true,false,false,,none,,,filing,filing,true,false,false,3,false
20261007T143025114096Z-codex.archivist.RC13.r2-a1,archivist,reach,RC13,2,4,fact,"2025-08-28 | 1483561 | USD 37,192,591.43","2025-08-28; 1483561; USD 37,192,591.43",S2,filing,mosaic-finance.com,3,filing,filing,false,false,true,false,false,,none,,,filing,filing,true,false,false,3,false
20261007T143025114096Z-codex.archivist.RC13.r2-a1,archivist,reach,RC13,2,5,fact,"2025-09-04 | 1486600 | USD 1,880,000.00","2025-09-04; 1486600; USD 1,880,000.00",S3,filing,mosaic-finance.com,2,filing,filing,false,false,true,false,false,,none,,,filing,filing,true,false,false,2,false
20261007T143025114096Z-codex.archivist.RC13.r2-a1,archivist,reach,RC13,2,6,fact,"2025-09-09 | 1488218 | USD 1,914,095.94","2025-09-09; 1488218; USD 1,914,095.94",S4,filing,mosaic-finance.com,2,filing,filing,false,false,true,false,false,,none,,,filing,filing,true,false,false,2,false
20261007T143025114096Z-codex.archivist.RC13.r2-a1,archivist,reach,RC13,2,7,fact,"2025-09-16 | 1490213 | USD 3,627,936.00","2025-09-16; 1490213; USD 3,627,936.00",S5,filing,mosaic-finance.com,3,filing,filing,false,false,true,false,false,,none,,,filing,filing,true,false,false,3,false
20261007T143025114096Z-codex.archivist.RC13.r2-a1,archivist,reach,RC13,2,8,fact,"2025-10-07 | 1497679 | USD 1,586,694.00","2025-10-07; 1497679; USD 1,586,694.00",S6,filing,mosaic-finance.com,2,filing,filing,false,false,true,false,false,,none,,,filing,filing,true,false,false,2,false
20261007T143025114096Z-codex.archivist.RC13.r2-a1,archivist,reach,RC13,2,9,fact,"2025-10-08 | 1500598 | USD 9,600,000.00","2025-10-08; 1500598; USD 9,600,000.00",S7,filing,mosaic-finance.com,2,filing,filing,false,false,true,false,false,,none,,,filing,filing,true,false,false,2,false
20261007T143025114096Z-codex.archivist.RC13.r2-a1,archivist,reach,RC13,2,10,fact,"2025-10-10 | 1502587 | USD 2,974,771.80","2025-10-10; 1502587; USD 2,974,771.80",S8,filing,mosaic-finance.com,2,filing,filing,false,false,true,false,false,,none,,,filing,filing,true,false,false,2,false
20261007T143025114096Z-codex.archivist.RC13.r2-a1,archivist,reach,RC13,2,11,fact,"2025-10-13 | 1502725 — correction | USD 2,974,771.80","2025-10-13; 1502725; USD 2,974,771.80",S9,filing,mosaic-finance.com,3,filing,filing,false,false,true,false,false,,none,,,filing,filing,true,false,false,3,false
20261007T143025114096Z-codex.archivist.RC13.r2-a1,archivist,reach,RC13,2,12,fact,"2025-11-03 | 1510760 | USD 1,667,608.80","2025-11-03; 1510760; USD 1,667,608.80",S10,filing,mosaic-finance.com,3,filing,filing,false,false,true,false,false,,none,,,filing,filing,true,false,false,3,false
20261007T143025114096Z-codex.archivist.RC13.r2-a1,archivist,reach,RC13,2,13,fact,"2025-11-06 | 1512399 | USD 13,217,490.00","2025-11-06; 1512399; USD 13,217,490.00",S11,filing,mosaic-finance.com,3,filing,filing,false,false,true,false,false,,none,,,filing,filing,true,false,false,3,false
20261007T143025114096Z-codex.archivist.RC13.r2-a1,archivist,reach,RC13,2,14,fact,"2025-11-13 | 1516644 | TRY 2,100,000,000.00","2025-11-13; 1516644; TRY 2,100,000,000.00",S12,filing,mosaic-finance.com,4,filing,filing,false,false,true,false,false,,none,,,filing,filing,true,false,false,4,false
20261007T143025114096Z-codex.archivist.RC13.r2-a1,archivist,reach,RC13,2,15,fact,"2025-11-14 | 1517085 | USD 26,507,250.00","2025-11-14; 1517085; USD 26,507,250.00",S13,filing,mosaic-finance.com,4,filing,filing,false,false,true,false,false,,none,,,filing,filing,true,false,false,4,false
20261007T143025114096Z-codex.archivist.RC13.r2-a1,archivist,reach,RC13,2,16,fact,"2025-11-17 | 1517478 | TRY 2,400,000,000.00","2025-11-17; 1517478; TRY 2,400,000,000.00",S14,filing,mosaic-finance.com,4,filing,filing,false,false,true,false,false,,none,,,filing,filing,true,false,false,4,false
20261007T143025114096Z-codex.archivist.RC13.r2-a1,archivist,reach,RC13,2,17,fact,"2025-11-20 | 1518443 | USD 2,064,575.50","2025-11-20; 1518443; USD 2,064,575.50",S15,filing,mosaic-finance.com,3,filing,filing,false,false,true,false,false,,none,,,filing,filing,true,false,false,3,false
20261007T143025114096Z-codex.archivist.RC13.r2-a1,archivist,reach,RC13,2,18,fact,"2025-12-03 | 1522803 | USD 15,644,210.40","2025-12-03; 1522803; USD 15,644,210.40",S16,filing,mosaic-finance.com,3,filing,filing,false,false,true,false,false,,none,,,filing,filing,true,false,false,3,false
20261007T143025114096Z-codex.archivist.RC13.r2-a1,archivist,reach,RC13,2,19,fact,"2025-12-11 | 1525848 | USD 3,130,616.36","2025-12-11; 1525848; USD 3,130,616.36",S17,filing,mosaic-finance.com,4,filing,filing,false,false,true,false,false,,none,,,filing,filing,true,false,false,4,false
20261007T143025114096Z-codex.archivist.RC13.r2-a1,archivist,reach,RC13,2,20,fact,"2025-12-29 | 1530572 | USD 13,766,860.80","2025-12-29; 1530572; USD 13,766,860.80",S18,filing,mosaic-finance.com,4,unattributed,,false,false,false,false,false,,none,,,unattributed,,false,false,false,4,false
20261007T143025114096Z-codex.archivist.RC13.r2-a1,archivist,reach,RC13,2,21,fact,"2026-01-27 | 1547398 | USD 10,724,896.00","2026-01-27; 1547398; USD 10,724,896.00",S19,filing,mosaic-finance.com,3,filing,filing,false,false,true,false,false,,none,,,filing,filing,true,false,false,3,false
20261007T143025114096Z-codex.archivist.RC13.r2-a1,archivist,reach,RC13,2,22,fact,"2026-01-30 | 1549108 | USD 51,384,996.00","2026-01-30; 1549108; USD 51,384,996.00",S20,filing,mosaic-finance.com,2,filing,filing,false,false,true,false,false,,none,,,filing,filing,true,false,false,2,false
20261007T143025114096Z-codex.archivist.RC13.r2-a1,archivist,reach,RC13,2,23,fact,"2026-01-30 | 1549301 | USD 3,602,451.30","2026-01-30; 1549301; USD 3,602,451.30",S21,filing,mosaic-finance.com,2,filing,filing,false,false,true,false,false,,none,,,filing,filing,true,false,false,2,false
20261007T143025114096Z-codex.archivist.RC13.r2-a1,archivist,reach,RC13,2,24,fact,"2026-01-30 | 1549307 | USD 24,226,465.54","2026-01-30; 1549307; USD 24,226,465.54",S22,filing,mosaic-finance.com,2,filing,filing,false,false,true,false,false,,none,,,filing,filing,true,false,false,2,false
20261007T143025114096Z-codex.archivist.RC13.r2-a1,archivist,reach,RC13,2,25,fact,"2026-03-31 | 1580728 | USD 48,000,000.00","2026-03-31; 1580728; USD 48,000,000.00",S23,filing,mosaic-finance.com,3,filing,filing,false,false,true,false,false,,none,,,filing,filing,true,false,false,3,false
20261007T143025114096Z-codex.archivist.RC13.r2-a1,archivist,reach,RC13,2,26,fact,Corrects only the TL conversion of the October 10 disclosure; the USD contract amount is unchanged.,TL; October 10; USD,S9,filing,mosaic-finance.com,3,unattributed,,false,false,false,false,false,,none,,,unattributed,,false,false,false,3,false
20261007T143025114096Z-codex.archivist.RC13.r2-a1,archivist,reach,RC13,2,27,fact,States an export contract amount but does not explicitly specify VAT treatment.,,S13,filing,mosaic-finance.com,0,filing,filing,true,false,false,false,false,,none,,,filing,filing,false,false,false,0,true
20261007T143055298252Z-codex.both.RC13.r2-a1,both,reach,RC13,2,1,fact,"Found 23 “Yeni İş İlişkisi” disclosures in the inclusive period, including one correction.",23; Yeni İş İlişkisi; one,,,,3,filing,filing,false,false,true,false,false,,none,,,filing,filing,true,false,false,1,false
20261007T143055298252Z-codex.both.RC13.r2-a1,both,reach,RC13,2,2,fact,"2025-08-18 | 4,235,127.36 | USD | 1479590","2025-08-18; 4,235,127.36; USD; 1479590",S1,filing,mosaic-finance.com,4,filing,filing,false,false,true,false,false,,none,,,filing,filing,true,false,false,3,false
20261007T143055298252Z-codex.both.RC13.r2-a1,both,reach,RC13,2,3,fact,"2025-08-28 | 37,192,591.43 | USD | 1483561","2025-08-28; 37,192,591.43; USD; 1483561",S2,filing,mosaic-finance.com,4,filing,filing,false,false,true,false,false,,none,,,filing,filing,true,false,false,3,false
20261007T143055298252Z-codex.both.RC13.r2-a1,both,reach,RC13,2,4,fact,"2025-09-04 | 1,880,000.00 | USD | 1486600","2025-09-04; 1,880,000.00; USD; 1486600",S3,filing,mosaic-finance.com,3,filing,filing,false,false,true,false,false,,none,,,filing,filing,true,false,false,2,false
20261007T143055298252Z-codex.both.RC13.r2-a1,both,reach,RC13,2,5,fact,"2025-09-09 | 1,914,095.94 | USD | 1488218","2025-09-09; 1,914,095.94; USD; 1488218",S4,filing,mosaic-finance.com,3,filing,filing,false,false,true,false,false,,none,,,filing,filing,true,false,false,2,false
20261007T143055298252Z-codex.both.RC13.r2-a1,both,reach,RC13,2,6,fact,"2025-09-16 | 3,627,936.00 | USD | 1490213","2025-09-16; 3,627,936.00; USD; 1490213",S5,filing,mosaic-finance.com,4,filing,filing,false,false,true,false,false,,none,,,filing,filing,true,false,false,3,false
20261007T143055298252Z-codex.both.RC13.r2-a1,both,reach,RC13,2,7,fact,"2025-10-07 | 1,586,694.00 | USD | 1497679","2025-10-07; 1,586,694.00; USD; 1497679",S6,filing,mosaic-finance.com,3,filing,filing,false,false,true,false,false,,none,,,filing,filing,true,false,false,2,false
20261007T143055298252Z-codex.both.RC13.r2-a1,both,reach,RC13,2,8,fact,"2025-10-08 | 9,600,000.00 | USD | 1500598","2025-10-08; 9,600,000.00; USD; 1500598",S7,filing,mosaic-finance.com,3,filing,filing,false,false,true,false,false,,none,,,filing,filing,true,false,false,2,false
20261007T143055298252Z-codex.both.RC13.r2-a1,both,reach,RC13,2,9,fact,"2025-10-10 | 2,974,771.80 | USD | 1502587","2025-10-10; 2,974,771.80; USD; 1502587",S8,filing,mosaic-finance.com,3,filing,filing,false,false,true,false,false,,none,,,filing,filing,true,false,false,2,false
20261007T143055298252Z-codex.both.RC13.r2-a1,both,reach,RC13,2,10,fact,"2025-10-13 — correction | 2,974,771.80 | USD | 1502725","2025-10-13; 2,974,771.80; USD; 1502725",S9,filing,mosaic-finance.com,4,filing,filing,false,false,true,false,false,,none,,,filing,filing,true,false,false,3,false
20261007T143055298252Z-codex.both.RC13.r2-a1,both,reach,RC13,2,11,fact,"2025-11-03 | 1,667,608.80 | USD | 1510760","2025-11-03; 1,667,608.80; USD; 1510760",S10,filing,mosaic-finance.com,4,filing,filing,false,false,true,false,false,,none,,,filing,filing,true,false,false,3,false
20261007T143055298252Z-codex.both.RC13.r2-a1,both,reach,RC13,2,12,fact,"2025-11-06 | 13,217,490.00 | USD | 1512399","2025-11-06; 13,217,490.00; USD; 1512399",S11,filing,mosaic-finance.com,4,filing,filing,false,false,true,false,false,,none,,,filing,filing,true,false,false,3,false
20261007T143055298252Z-codex.both.RC13.r2-a1,both,reach,RC13,2,13,fact,"2025-11-13 | 2,100,000,000.00 | TRY (TL) | 1516644","2025-11-13; 2,100,000,000.00; TRY (TL); 1516644",S12,filing,mosaic-finance.com,5,unattributed,,false,false,false,false,false,,none,,,filing,filing,true,false,false,4,false
20261007T143055298252Z-codex.both.RC13.r2-a1,both,reach,RC13,2,14,fact,"2025-11-14 | 26,507,250.00 | USD | 1517085","2025-11-14; 26,507,250.00; USD; 1517085",S13,filing,mosaic-finance.com,5,filing,filing,false,false,true,false,false,,none,,,filing,filing,true,false,false,4,false
20261007T143055298252Z-codex.both.RC13.r2-a1,both,reach,RC13,2,15,fact,"2025-11-17 | 2,400,000,000.00 | TRY (TL) | 1517478","2025-11-17; 2,400,000,000.00; TRY (TL); 1517478",S14,filing,mosaic-finance.com,5,unattributed,,false,false,false,false,false,,none,,,filing,filing,true,false,false,4,false
20261007T143055298252Z-codex.both.RC13.r2-a1,both,reach,RC13,2,16,fact,"2025-11-20 | 2,064,575.50 | USD | 1518443","2025-11-20; 2,064,575.50; USD; 1518443",S15,filing,mosaic-finance.com,4,filing,filing,false,false,true,false,false,,none,,,filing,filing,true,false,false,3,false
20261007T143055298252Z-codex.both.RC13.r2-a1,both,reach,RC13,2,17,fact,"2025-12-03 | 15,644,210.40 | USD | 1522803","2025-12-03; 15,644,210.40; USD; 1522803",S16,filing,mosaic-finance.com,4,filing,filing,false,false,true,false,false,,none,,,filing,filing,true,false,false,3,false
20261007T143055298252Z-codex.both.RC13.r2-a1,both,reach,RC13,2,18,fact,"2025-12-11 | 3,130,616.36 | USD | 1525848","2025-12-11; 3,130,616.36; USD; 1525848",S17,filing,mosaic-finance.com,5,filing,filing,false,false,true,false,false,,none,,,filing,filing,true,false,false,4,false
20261007T143055298252Z-codex.both.RC13.r2-a1,both,reach,RC13,2,19,fact,"2025-12-29 | 13,766,860.80 | USD | 1530572","2025-12-29; 13,766,860.80; USD; 1530572",S18,filing,mosaic-finance.com,5,unattributed,,false,false,false,false,false,,none,,,unattributed,,false,false,false,4,false
20261007T143055298252Z-codex.both.RC13.r2-a1,both,reach,RC13,2,20,fact,"2026-01-27 | 10,724,896.00 | USD | 1547398","2026-01-27; 10,724,896.00; USD; 1547398",S19,filing,mosaic-finance.com,4,filing,filing,false,false,true,false,false,,none,,,filing,filing,true,false,false,3,false
20261007T143055298252Z-codex.both.RC13.r2-a1,both,reach,RC13,2,21,fact,"2026-01-30 | 51,384,996.00 | USD | 1549108","2026-01-30; 51,384,996.00; USD; 1549108",S20,filing,mosaic-finance.com,3,filing,filing,false,false,true,false,false,,none,,,filing,filing,true,false,false,2,false
20261007T143055298252Z-codex.both.RC13.r2-a1,both,reach,RC13,2,22,fact,"2026-01-30 | 3,602,451.30 | USD | 1549301","2026-01-30; 3,602,451.30; USD; 1549301",S21,filing,mosaic-finance.com,3,filing,filing,false,false,true,false,false,,none,,,filing,filing,true,false,false,2,false
20261007T143055298252Z-codex.both.RC13.r2-a1,both,reach,RC13,2,23,fact,"2026-01-30 | 24,226,465.54 | USD | 1549307","2026-01-30; 24,226,465.54; USD; 1549307",S22,filing,mosaic-finance.com,3,filing,filing,false,false,true,false,false,,none,,,filing,filing,true,false,false,2,false
20261007T143055298252Z-codex.both.RC13.r2-a1,both,reach,RC13,2,24,fact,"2026-03-31 | 48,000,000.00 | USD | 1580728","2026-03-31; 48,000,000.00; USD; 1580728",S23,filing,mosaic-finance.com,4,filing,filing,false,false,true,false,false,,none,,,filing,filing,true,false,false,3,false
20261007T143055298252Z-codex.both.RC13.r2-a1,both,reach,RC13,2,25,fact,Corrects only the October 10 disclosure’s TL conversion; the USD contract amount is unchanged.,October 10; TL; USD,,,,3,unattributed,,false,false,false,false,false,,none,,,unattributed,,false,false,false,3,false
20261007T143055298252Z-codex.both.RC13.r2-a1,both,reach,RC13,2,26,fact,The November 14 export disclosure states this contract amount but does not explicitly label it “excluding VAT.”,November 14,,,,1,unattributed,,false,false,false,false,false,,none,,,unattributed,,false,false,false,1,false
20261007T143055298252Z-codex.both.RC13.r2-a1,both,reach,RC13,2,27,fact,All other amounts are expressly stated as excluding VAT.,,,,,0,unattributed,,true,false,false,false,false,,none,,,unattributed,,false,false,false,0,true
20261007T143211271241Z-codex.web.RC13.r3-a1,web,reach,RC13,3,1,fact,"CWENE published 23 “Yeni İş İlişkisi” disclosures during 2025-07-26–2026-03-31, including one correction.",CWENE; 23; Yeni İş İlişkisi; 2025-07-26–2026-03-31; one,,,,6,filing,filing,false,false,true,true,false,issuer; promotional; aggregator; news; other,none,,,filing,filing,true,true,false,3,false
20261007T143211271241Z-codex.web.RC13.r3-a1,web,reach,RC13,3,2,fact,"Amounts below are the stated contract values, excluding VAT, in their original currencies.",,,,,0,unattributed,,true,false,false,false,false,,none,,,unattributed,,false,false,false,0,true
20261007T143211271241Z-codex.web.RC13.r3-a1,web,reach,RC13,3,3,fact,"2025-08-18 | USD 4,235,127.36 | 1479590","2025-08-18; USD; 4,235,127.36; 1479590",S1,filing,filing-source,4,secondary,issuer,false,false,false,true,false,issuer; aggregator; news,none,,,secondary,aggregator,false,true,false,3,false
20261007T143211271241Z-codex.web.RC13.r3-a1,web,reach,RC13,3,4,fact,"2025-08-28 | USD 37,192,591.43 | 1483561","2025-08-28; USD; 37,192,591.43; 1483561",S2,filing,filing-source,4,secondary,issuer,false,false,false,false,false,issuer; aggregator; news,none,,,secondary,aggregator,false,false,false,3,false
20261007T143211271241Z-codex.web.RC13.r3-a1,web,reach,RC13,3,5,fact,"2025-09-04 | USD 1,880,000.00 | 1486600","2025-09-04; USD; 1,880,000.00; 1486600",S3,filing,filing-source,3,secondary,issuer,false,false,false,false,false,issuer; aggregator; news,none,,,secondary,aggregator,false,false,false,2,false
20261007T143211271241Z-codex.web.RC13.r3-a1,web,reach,RC13,3,6,fact,"2025-09-09 | USD 1,914,095.94 | 1488218","2025-09-09; USD; 1,914,095.94; 1488218",S4,filing,filing-source,3,filing,filing,false,false,true,false,false,issuer; aggregator; news,none,,,filing,filing,true,false,false,2,false
20261007T143211271241Z-codex.web.RC13.r3-a1,web,reach,RC13,3,7,fact,"2025-09-16 | USD 3,627,936.00 | 1490213","2025-09-16; USD; 3,627,936.00; 1490213",S5,filing,filing-source,4,filing,filing,false,false,true,false,false,issuer; aggregator; news,none,,,filing,filing,true,false,false,3,false
20261007T143211271241Z-codex.web.RC13.r3-a1,web,reach,RC13,3,8,fact,"2025-10-07 | USD 1,586,694.00 | 1497679","2025-10-07; USD; 1,586,694.00; 1497679",S6,filing,filing-source,3,secondary,issuer,false,false,false,false,false,issuer; aggregator; news,none,,,unattributed,,false,false,false,2,false
20261007T143211271241Z-codex.web.RC13.r3-a1,web,reach,RC13,3,9,fact,"2025-10-08 | USD 9,600,000.00 | 1500598","2025-10-08; USD; 9,600,000.00; 1500598",S7,filing,filing-source,3,secondary,issuer,false,false,false,false,false,issuer; aggregator; news,none,,,unattributed,,false,false,false,2,false
20261007T143211271241Z-codex.web.RC13.r3-a1,web,reach,RC13,3,10,fact,"2025-10-10 | USD 2,974,771.80 | 1502587","2025-10-10; USD; 2,974,771.80; 1502587",S8,filing,filing-source,3,secondary,issuer,false,false,false,false,false,issuer; aggregator; news,none,,,unattributed,,false,false,false,2,false
20261007T143211271241Z-codex.web.RC13.r3-a1,web,reach,RC13,3,11,fact,"2025-10-13 — correction | USD 2,974,771.80 | 1502725","2025-10-13; USD; 2,974,771.80; 1502725",S9,filing,filing-source,4,filing,filing,false,false,true,false,false,issuer; aggregator; news,none,,,filing,filing,true,false,false,3,false
20261007T143211271241Z-codex.web.RC13.r3-a1,web,reach,RC13,3,12,fact,"2025-11-03 | USD 1,667,608.80 | 1510760","2025-11-03; USD; 1,667,608.80; 1510760",S10,filing,filing-source,4,filing,filing,false,false,true,false,false,issuer; promotional; aggregator; news,none,,,filing,filing,true,false,false,3,false
20261007T143211271241Z-codex.web.RC13.r3-a1,web,reach,RC13,3,13,fact,"2025-11-06 | USD 13,217,490.00 | 1512399","2025-11-06; USD; 13,217,490.00; 1512399",S11,filing,filing-source,4,filing,filing,false,false,true,false,false,issuer; promotional; aggregator; news,none,,,filing,filing,true,false,false,3,false
20261007T143211271241Z-codex.web.RC13.r3-a1,web,reach,RC13,3,14,fact,"2025-11-13 | TRY 2,100,000,000.00 | 1516644","2025-11-13; TRY; 2,100,000,000.00; 1516644",S12,filing,filing-source,5,filing,filing,false,false,true,false,false,promotional; aggregator; news,none,,,filing,filing,true,false,false,4,false
20261007T143211271241Z-codex.web.RC13.r3-a1,web,reach,RC13,3,15,fact,"2025-11-14 | USD 26,507,250.00 | 1517085","2025-11-14; USD; 26,507,250.00; 1517085",S13,filing,filing-source,5,filing,filing,false,false,true,false,false,issuer; promotional; aggregator; news,none,,,filing,filing,true,false,false,4,false
20261007T143211271241Z-codex.web.RC13.r3-a1,web,reach,RC13,3,16,fact,"2025-11-17 | TRY 2,400,000,000.00 | 1517478","2025-11-17; TRY; 2,400,000,000.00; 1517478",S14,filing,filing-source,5,filing,filing,false,false,true,false,false,issuer; promotional; aggregator; news,none,,,filing,filing,true,false,false,4,false
20261007T143211271241Z-codex.web.RC13.r3-a1,web,reach,RC13,3,17,fact,"2025-11-20 | USD 2,064,575.50 | 1518443","2025-11-20; USD; 2,064,575.50; 1518443",S15,filing,filing-source,4,filing,filing,false,false,true,false,false,issuer; promotional; aggregator; news,none,,,filing,filing,true,false,false,3,false
20261007T143211271241Z-codex.web.RC13.r3-a1,web,reach,RC13,3,18,fact,"2025-12-03 | USD 15,644,210.40 | 1522803","2025-12-03; USD; 15,644,210.40; 1522803",S16,filing,filing-source,4,filing,filing,false,false,true,false,false,issuer; promotional; aggregator; news,none,,,filing,filing,true,false,false,3,false
20261007T143211271241Z-codex.web.RC13.r3-a1,web,reach,RC13,3,19,fact,"2025-12-11 | USD 3,130,616.36 | 1525848","2025-12-11; USD; 3,130,616.36; 1525848",S17,filing,filing-source,5,filing,filing,false,false,true,false,false,issuer; promotional; aggregator; news,none,,,filing,filing,true,false,false,4,false
20261007T143211271241Z-codex.web.RC13.r3-a1,web,reach,RC13,3,20,fact,"2025-12-29 | USD 13,766,860.80 | 1530572","2025-12-29; USD; 13,766,860.80; 1530572",S18,filing,filing-source,5,filing,filing,false,false,true,false,false,issuer; promotional; aggregator; news,none,,,filing,filing,true,false,false,4,false
20261007T143211271241Z-codex.web.RC13.r3-a1,web,reach,RC13,3,21,fact,"2026-01-27 | USD 10,724,896.00 | 1547398","2026-01-27; USD; 10,724,896.00; 1547398",S19,filing,filing-source,4,filing,filing,false,false,true,false,false,issuer; aggregator; news,none,,,filing,filing,true,false,false,3,false
20261007T143211271241Z-codex.web.RC13.r3-a1,web,reach,RC13,3,22,fact,"2026-01-30 09:02:14 | USD 51,384,996.00 | 1549108","2026-01-30; 09:02:14; USD; 51,384,996.00; 1549108",S20,filing,filing-source,4,filing,filing,false,false,true,false,false,issuer; aggregator; news,none,,,filing,filing,true,false,false,3,false
20261007T143211271241Z-codex.web.RC13.r3-a1,web,reach,RC13,3,23,fact,"2026-01-30 10:55:26 | USD 3,602,451.30 | 1549301","2026-01-30; 10:55:26; USD; 3,602,451.30; 1549301",S21,filing,filing-source,5,filing,filing,false,false,true,false,false,issuer; aggregator; news,none,,,filing,filing,true,false,false,4,false
20261007T143211271241Z-codex.web.RC13.r3-a1,web,reach,RC13,3,24,fact,"2026-01-30 10:56:22 | USD 24,226,465.54 | 1549307","2026-01-30; 10:56:22; USD; 24,226,465.54; 1549307",S22,filing,filing-source,5,filing,filing,false,false,true,true,false,issuer; aggregator; news,none,,,filing,filing,true,true,false,4,false
20261007T143211271241Z-codex.web.RC13.r3-a1,web,reach,RC13,3,25,fact,"2026-03-31 | USD 48,000,000.00 | 1580728","2026-03-31; USD; 48,000,000.00; 1580728",S23,filing,filing-source,4,filing,filing,false,false,true,false,false,issuer; aggregator; news,none,,,filing,filing,true,false,false,3,false
20261007T143211271241Z-codex.web.RC13.r3-a1,web,reach,RC13,3,26,fact,Corrects only the TL conversion of the 10 October contract; the USD amount is unchanged.,TL; 10 October; USD,S9,filing,filing-source,3,secondary,issuer,false,false,false,false,false,issuer; aggregator; news,none,,,secondary,issuer,false,false,false,3,false
20261007T143211271241Z-codex.web.RC13.r3-a1,web,reach,RC13,3,27,fact,Stated as an export contract value; this disclosure does not explicitly say “excluding VAT.”,,S13,filing,filing-source,0,filing,filing,true,false,false,false,false,,none,,,filing,filing,false,false,false,0,true
20261007T143252401385Z-codex.archivist.RC13.r3-a1,archivist,reach,RC13,3,1,fact,"Found 23 “Yeni İş İlişkisi” disclosures in the inclusive date range, including one correction.",23; Yeni İş İlişkisi; one,,,,3,filing,filing,false,false,true,false,false,,none,,,filing,filing,true,false,false,1,false
20261007T143252401385Z-codex.archivist.RC13.r3-a1,archivist,reach,RC13,3,2,fact,"Amounts below are the stated contract values in their original currencies, using English number formatting.",,,,,0,unattributed,,true,false,false,false,false,,none,,,unattributed,,false,false,false,0,true
20261007T143252401385Z-codex.archivist.RC13.r3-a1,archivist,reach,RC13,3,3,fact,"2025-08-18 | 4,235,127.36 | USD | 1479590","2025-08-18; 4,235,127.36; USD; 1479590",S1,filing,mosaic-finance.com,4,filing,filing,false,false,true,false,false,,none,,,filing,filing,true,false,false,3,false
20261007T143252401385Z-codex.archivist.RC13.r3-a1,archivist,reach,RC13,3,4,fact,"2025-08-28 | 37,192,591.43 | USD | 1483561","2025-08-28; 37,192,591.43; USD; 1483561",S2,filing,mosaic-finance.com,4,filing,filing,false,false,true,false,false,,none,,,filing,filing,true,false,false,3,false
20261007T143252401385Z-codex.archivist.RC13.r3-a1,archivist,reach,RC13,3,5,fact,"2025-09-04 | 1,880,000.00 | USD | 1486600","2025-09-04; 1,880,000.00; USD; 1486600",S3,filing,mosaic-finance.com,3,filing,filing,false,false,true,false,false,,none,,,filing,filing,true,false,false,2,false
20261007T143252401385Z-codex.archivist.RC13.r3-a1,archivist,reach,RC13,3,6,fact,"2025-09-09 | 1,914,095.94 | USD | 1488218","2025-09-09; 1,914,095.94; USD; 1488218",S4,filing,mosaic-finance.com,3,filing,filing,false,false,true,false,false,,none,,,filing,filing,true,false,false,2,false
20261007T143252401385Z-codex.archivist.RC13.r3-a1,archivist,reach,RC13,3,7,fact,"2025-09-16 | 3,627,936.00 | USD | 1490213","2025-09-16; 3,627,936.00; USD; 1490213",S5,filing,mosaic-finance.com,4,filing,filing,false,false,true,false,false,,none,,,filing,filing,true,false,false,3,false
20261007T143252401385Z-codex.archivist.RC13.r3-a1,archivist,reach,RC13,3,8,fact,"2025-10-07 | 1,586,694.00 | USD | 1497679","2025-10-07; 1,586,694.00; USD; 1497679",S6,filing,mosaic-finance.com,3,filing,filing,false,false,true,false,false,,none,,,filing,filing,true,false,false,2,false
20261007T143252401385Z-codex.archivist.RC13.r3-a1,archivist,reach,RC13,3,9,fact,"2025-10-08 | 9,600,000.00 | USD | 1500598","2025-10-08; 9,600,000.00; USD; 1500598",S7,filing,mosaic-finance.com,3,filing,filing,false,false,true,false,false,,none,,,filing,filing,true,false,false,2,false
20261007T143252401385Z-codex.archivist.RC13.r3-a1,archivist,reach,RC13,3,10,fact,"2025-10-10 | 2,974,771.80 | USD | 1502587","2025-10-10; 2,974,771.80; USD; 1502587",S8,filing,mosaic-finance.com,3,filing,filing,false,false,true,false,false,,none,,,filing,filing,true,false,false,2,false
20261007T143252401385Z-codex.archivist.RC13.r3-a1,archivist,reach,RC13,3,11,fact,"2025-10-13 — correction | 2,974,771.80 | USD | 1502725","2025-10-13; 2,974,771.80; USD; 1502725",S9,filing,mosaic-finance.com,4,filing,filing,false,false,true,false,false,,none,,,filing,filing,true,false,false,3,false
20261007T143252401385Z-codex.archivist.RC13.r3-a1,archivist,reach,RC13,3,12,fact,"2025-11-03 | 1,667,608.80 | USD | 1510760","2025-11-03; 1,667,608.80; USD; 1510760",S10,filing,mosaic-finance.com,4,filing,filing,false,false,true,false,false,,none,,,filing,filing,true,false,false,3,false
20261007T143252401385Z-codex.archivist.RC13.r3-a1,archivist,reach,RC13,3,13,fact,"2025-11-06 | 13,217,490.00 | USD | 1512399","2025-11-06; 13,217,490.00; USD; 1512399",S11,filing,mosaic-finance.com,4,filing,filing,false,false,true,false,false,,none,,,filing,filing,true,false,false,3,false
20261007T143252401385Z-codex.archivist.RC13.r3-a1,archivist,reach,RC13,3,14,fact,"2025-11-13 | 2,100,000,000.00 | TL (TRY) | 1516644","2025-11-13; 2,100,000,000.00; TL (TRY); 1516644",S12,filing,mosaic-finance.com,5,unattributed,,false,false,false,false,false,,none,,,filing,filing,true,false,false,4,false
20261007T143252401385Z-codex.archivist.RC13.r3-a1,archivist,reach,RC13,3,15,fact,"2025-11-14 | 26,507,250.00 | USD | 1517085","2025-11-14; 26,507,250.00; USD; 1517085",S13,filing,mosaic-finance.com,5,filing,filing,false,false,true,false,false,,none,,,filing,filing,true,false,false,4,false
20261007T143252401385Z-codex.archivist.RC13.r3-a1,archivist,reach,RC13,3,16,fact,"2025-11-17 | 2,400,000,000.00 | TL (TRY) | 1517478","2025-11-17; 2,400,000,000.00; TL (TRY); 1517478",S14,filing,mosaic-finance.com,5,unattributed,,false,false,false,false,false,,none,,,filing,filing,true,false,false,4,false
20261007T143252401385Z-codex.archivist.RC13.r3-a1,archivist,reach,RC13,3,17,fact,"2025-11-20 | 2,064,575.50 | USD | 1518443","2025-11-20; 2,064,575.50; USD; 1518443",S15,filing,mosaic-finance.com,4,filing,filing,false,false,true,false,false,,none,,,filing,filing,true,false,false,3,false
20261007T143252401385Z-codex.archivist.RC13.r3-a1,archivist,reach,RC13,3,18,fact,"2025-12-03 | 15,644,210.40 | USD | 1522803","2025-12-03; 15,644,210.40; USD; 1522803",S16,filing,mosaic-finance.com,4,filing,filing,false,false,true,false,false,,none,,,filing,filing,true,false,false,3,false
20261007T143252401385Z-codex.archivist.RC13.r3-a1,archivist,reach,RC13,3,19,fact,"2025-12-11 | 3,130,616.36 | USD | 1525848","2025-12-11; 3,130,616.36; USD; 1525848",S17,filing,mosaic-finance.com,5,filing,filing,false,false,true,false,false,,none,,,filing,filing,true,false,false,4,false
20261007T143252401385Z-codex.archivist.RC13.r3-a1,archivist,reach,RC13,3,20,fact,"2025-12-29 | 13,766,860.80 | USD | 1530572","2025-12-29; 13,766,860.80; USD; 1530572",S18,filing,mosaic-finance.com,5,unattributed,,false,false,false,false,false,,none,,,unattributed,,false,false,false,4,false
20261007T143252401385Z-codex.archivist.RC13.r3-a1,archivist,reach,RC13,3,21,fact,"2026-01-27 | 10,724,896.00 | USD | 1547398","2026-01-27; 10,724,896.00; USD; 1547398",S19,filing,mosaic-finance.com,4,filing,filing,false,false,true,false,false,,none,,,filing,filing,true,false,false,3,false
20261007T143252401385Z-codex.archivist.RC13.r3-a1,archivist,reach,RC13,3,22,fact,"2026-01-30 | 51,384,996.00 | USD | 1549108","2026-01-30; 51,384,996.00; USD; 1549108",S20,filing,mosaic-finance.com,3,filing,filing,false,false,true,false,false,,none,,,filing,filing,true,false,false,2,false
20261007T143252401385Z-codex.archivist.RC13.r3-a1,archivist,reach,RC13,3,23,fact,"2026-01-30 | 3,602,451.30 | USD | 1549301","2026-01-30; 3,602,451.30; USD; 1549301",S21,filing,mosaic-finance.com,3,filing,filing,false,false,true,false,false,,none,,,filing,filing,true,false,false,2,false
20261007T143252401385Z-codex.archivist.RC13.r3-a1,archivist,reach,RC13,3,24,fact,"2026-01-30 | 24,226,465.54 | USD | 1549307","2026-01-30; 24,226,465.54; USD; 1549307",S22,filing,mosaic-finance.com,3,filing,filing,false,false,true,false,false,,none,,,filing,filing,true,false,false,2,false
20261007T143252401385Z-codex.archivist.RC13.r3-a1,archivist,reach,RC13,3,25,fact,"2026-03-31 | 48,000,000.00 | USD | 1580728","2026-03-31; 48,000,000.00; USD; 1580728",S23,filing,mosaic-finance.com,4,filing,filing,false,false,true,false,false,,none,,,filing,filing,true,false,false,3,false
20261007T143252401385Z-codex.archivist.RC13.r3-a1,archivist,reach,RC13,3,26,fact,Corrects only the October 10 disclosure’s TL conversion; the USD contract amount is unchanged.,October 10; TL; USD,,,,3,unattributed,,false,false,false,false,false,,none,,,unattributed,,false,false,false,3,false
20261007T143252401385Z-codex.archivist.RC13.r3-a1,archivist,reach,RC13,3,27,fact,The November 14 export disclosure states this contract amount without explicitly saying “excluding VAT.”,November 14; VAT,,,,2,unattributed,,false,false,false,false,false,,none,,,unattributed,,false,false,false,2,false
20261007T143252401385Z-codex.archivist.RC13.r3-a1,archivist,reach,RC13,3,28,fact,All other rows explicitly state KDV hariç (excluding VAT).,KDV; VAT,,,,2,unattributed,,false,false,false,false,false,,none,,,unattributed,,false,false,false,2,false
20261007T143346400208Z-codex.both.RC13.r3-a1,both,reach,RC13,3,1,fact,"Found 23 “Yeni İş İlişkisi” disclosures in the inclusive period 2025-07-26–2026-03-31, including one correction.",23; Yeni İş İlişkisi; 2025-07-26–2026-03-31; one,,,,5,filing,filing,false,false,true,true,true,promotional; aggregator; other,none,,,filing,filing,true,true,true,3,false
20261007T143346400208Z-codex.both.RC13.r3-a1,both,reach,RC13,3,2,fact,"Amounts below are the stated contract amounts, excluding VAT where specified.",VAT,,,,1,unattributed,,false,false,false,false,false,,none,,,unattributed,,false,false,false,1,false
20261007T143346400208Z-codex.both.RC13.r3-a1,both,reach,RC13,3,3,fact,"2025-08-18 | 4,235,127.36 | USD | 1479590","2025-08-18; 4,235,127.36; USD; 1479590",S1,filing,mosaic-finance.com,4,filing,filing,false,false,true,true,false,aggregator; other,none,,,filing,filing,true,true,false,3,false
20261007T143346400208Z-codex.both.RC13.r3-a1,both,reach,RC13,3,4,fact,"2025-08-28 | 37,192,591.43 | USD | 1483561","2025-08-28; 37,192,591.43; USD; 1483561",S2,filing,mosaic-finance.com,4,filing,filing,false,false,true,false,false,aggregator; other,none,,,filing,filing,true,false,false,3,false
20261007T143346400208Z-codex.both.RC13.r3-a1,both,reach,RC13,3,5,fact,"2025-09-04 | 1,880,000.00 | USD | 1486600","2025-09-04; 1,880,000.00; USD; 1486600",S3,filing,mosaic-finance.com,3,filing,filing,false,false,true,false,false,aggregator; other,none,,,filing,filing,true,false,false,2,false
20261007T143346400208Z-codex.both.RC13.r3-a1,both,reach,RC13,3,6,fact,"2025-09-09 | 1,914,095.94 | USD | 1488218","2025-09-09; 1,914,095.94; USD; 1488218",S4,filing,mosaic-finance.com,3,filing,filing,false,false,true,false,false,aggregator; other,none,,,filing,filing,true,false,false,2,false
20261007T143346400208Z-codex.both.RC13.r3-a1,both,reach,RC13,3,7,fact,"2025-09-16 | 3,627,936.00 | USD | 1490213","2025-09-16; 3,627,936.00; USD; 1490213",S5,filing,mosaic-finance.com,4,filing,filing,false,false,true,false,false,aggregator; other,none,,,filing,filing,true,false,false,3,false
20261007T143346400208Z-codex.both.RC13.r3-a1,both,reach,RC13,3,8,fact,"2025-10-07 | 1,586,694.00 | USD | 1497679","2025-10-07; 1,586,694.00; USD; 1497679",S6,filing,mosaic-finance.com,3,filing,filing,false,false,true,false,false,aggregator; other,none,,,filing,filing,true,false,false,2,false
20261007T143346400208Z-codex.both.RC13.r3-a1,both,reach,RC13,3,9,fact,"2025-10-08 | 9,600,000.00 | USD | 1500598","2025-10-08; 9,600,000.00; USD; 1500598",S7,filing,mosaic-finance.com,3,filing,filing,false,false,true,false,false,aggregator; other,none,,,filing,filing,true,false,false,2,false
20261007T143346400208Z-codex.both.RC13.r3-a1,both,reach,RC13,3,10,fact,"2025-10-10 | 2,974,771.80 | USD | 1502587","2025-10-10; 2,974,771.80; USD; 1502587",S8,filing,mosaic-finance.com,3,filing,filing,false,false,true,false,false,aggregator; other,none,,,filing,filing,true,false,false,2,false
20261007T143346400208Z-codex.both.RC13.r3-a1,both,reach,RC13,3,11,fact,"2025-10-13 — correction¹ | 2,974,771.80 | USD | 1502725","2025-10-13; 2,974,771.80; USD; 1502725",S9,filing,mosaic-finance.com,4,filing,filing,false,false,true,false,false,aggregator; other,none,,,filing,filing,true,false,false,3,false
20261007T143346400208Z-codex.both.RC13.r3-a1,both,reach,RC13,3,12,fact,"2025-11-03 | 1,667,608.80 | USD | 1510760","2025-11-03; 1,667,608.80; USD; 1510760",S10,filing,mosaic-finance.com,4,filing,filing,false,false,true,false,false,promotional; aggregator; other,none,,,filing,filing,true,false,false,3,false
20261007T143346400208Z-codex.both.RC13.r3-a1,both,reach,RC13,3,13,fact,"2025-11-06 | 13,217,490.00 | USD | 1512399","2025-11-06; 13,217,490.00; USD; 1512399",S11,filing,mosaic-finance.com,4,filing,filing,false,false,true,false,false,promotional; aggregator; other,none,,,filing,filing,true,false,false,3,false
20261007T143346400208Z-codex.both.RC13.r3-a1,both,reach,RC13,3,14,fact,"2025-11-13 | 2,100,000,000.00 | TL | 1516644","2025-11-13; 2,100,000,000.00; TL; 1516644",S12,filing,mosaic-finance.com,5,filing,filing,false,false,true,false,false,promotional; aggregator; other,none,,,filing,filing,true,false,false,4,false
20261007T143346400208Z-codex.both.RC13.r3-a1,both,reach,RC13,3,15,fact,"2025-11-14² | 26,507,250.00 | USD | 1517085","2025-11-14; 26,507,250.00; USD; 1517085",S13,filing,mosaic-finance.com,5,filing,filing,false,false,true,false,false,promotional; aggregator; other,none,,,filing,filing,true,false,false,4,false
20261007T143346400208Z-codex.both.RC13.r3-a1,both,reach,RC13,3,16,fact,"2025-11-17 | 2,400,000,000.00 | TL | 1517478","2025-11-17; 2,400,000,000.00; TL; 1517478",S14,filing,mosaic-finance.com,5,filing,filing,false,false,true,false,false,promotional; aggregator; other,none,,,filing,filing,true,false,false,4,false
20261007T143346400208Z-codex.both.RC13.r3-a1,both,reach,RC13,3,17,fact,"2025-11-20 | 2,064,575.50 | USD | 1518443","2025-11-20; 2,064,575.50; USD; 1518443",S15,filing,mosaic-finance.com,4,filing,filing,false,false,true,false,false,promotional; aggregator; other,none,,,filing,filing,true,false,false,3,false
20261007T143346400208Z-codex.both.RC13.r3-a1,both,reach,RC13,3,18,fact,"2025-12-03 | 15,644,210.40 | USD | 1522803","2025-12-03; 15,644,210.40; USD; 1522803",S16,filing,mosaic-finance.com,4,filing,filing,false,false,true,false,false,aggregator; other,none,,,filing,filing,true,false,false,3,false
20261007T143346400208Z-codex.both.RC13.r3-a1,both,reach,RC13,3,19,fact,"2025-12-11 | 3,130,616.36 | USD | 1525848","2025-12-11; 3,130,616.36; USD; 1525848",S17,filing,mosaic-finance.com,5,filing,filing,false,false,true,false,false,promotional; aggregator; other,none,,,filing,filing,true,false,false,4,false
20261007T143346400208Z-codex.both.RC13.r3-a1,both,reach,RC13,3,20,fact,"2025-12-29 | 13,766,860.80 | USD | 1530572","2025-12-29; 13,766,860.80; USD; 1530572",S18,filing,mosaic-finance.com,5,filing,filing,false,false,true,false,false,aggregator; other,none,,,filing,filing,true,false,false,4,false
20261007T143346400208Z-codex.both.RC13.r3-a1,both,reach,RC13,3,21,fact,"2026-01-27 | 10,724,896.00 | USD | 1547398","2026-01-27; 10,724,896.00; USD; 1547398",S19,filing,mosaic-finance.com,4,filing,filing,false,false,true,false,false,aggregator; other,none,,,filing,filing,true,false,false,3,false
20261007T143346400208Z-codex.both.RC13.r3-a1,both,reach,RC13,3,22,fact,"2026-01-30 | 51,384,996.00 | USD | 1549108","2026-01-30; 51,384,996.00; USD; 1549108",S20,filing,mosaic-finance.com,3,filing,filing,false,false,true,false,false,aggregator; other,none,,,filing,filing,true,false,false,2,false
20261007T143346400208Z-codex.both.RC13.r3-a1,both,reach,RC13,3,23,fact,"2026-01-30 | 3,602,451.30 | USD | 1549301","2026-01-30; 3,602,451.30; USD; 1549301",S21,filing,mosaic-finance.com,3,filing,filing,false,false,true,false,false,aggregator; other,none,,,filing,filing,true,false,false,2,false
20261007T143346400208Z-codex.both.RC13.r3-a1,both,reach,RC13,3,24,fact,"2026-01-30 | 24,226,465.54 | USD | 1549307","2026-01-30; 24,226,465.54; USD; 1549307",S22,filing,mosaic-finance.com,3,filing,filing,false,false,true,false,false,aggregator; other,none,,,filing,filing,true,false,false,2,false
20261007T143346400208Z-codex.both.RC13.r3-a1,both,reach,RC13,3,25,fact,"2026-03-31 | 48,000,000.00 | USD | 1580728","2026-03-31; 48,000,000.00; USD; 1580728",S23,filing,mosaic-finance.com,4,filing,filing,false,false,true,false,false,aggregator; other,none,,,filing,filing,true,false,false,3,false
20261007T143346400208Z-codex.both.RC13.r3-a1,both,reach,RC13,3,26,fact,Corrects only the October 10 disclosure’s TL conversion; the USD contract amount is unchanged.,October 10; TL; USD,,,,3,secondary,aggregator,false,false,false,false,false,aggregator; other,none,,,secondary,aggregator,false,false,false,3,false
20261007T143346400208Z-codex.both.RC13.r3-a1,both,reach,RC13,3,27,fact,The November 14 export disclosure states this contract amount but does not explicitly specify VAT treatment.,November 14; VAT,,,,2,unattributed,,false,false,false,false,false,,none,,,unattributed,,false,false,false,2,false
20261007T143346400208Z-codex.both.RC13.r3-a1,both,reach,RC13,3,28,fact,"The two TL rows are original contract totals, not conversions.",two; TL,,,,2,secondary,aggregator,false,false,false,false,false,aggregator; other,none,,,secondary,aggregator,false,false,false,2,false
20261007T143546085104Z-codex.web.RC14.r1-a1,web,reach,RC14,1,1,fact,"All figures are year-to-date GMV in US$ billions, at the one-decimal precision stated in the MD&As.",US$ billions; one-decimal,,,,2,unattributed,,false,false,false,false,false,,none,,,unattributed,,false,false,false,2,false
20261007T143546085104Z-codex.web.RC14.r1-a1,web,reach,RC14,1,2,fact,Source links point to accessible copies of the reports on Shopify’s investor site or EDGAR.,Shopify; EDGAR,,,,2,filing,filing,false,false,true,true,false,issuer; forum; promotional; aggregator; news; reference; other,none,,,filing,filing,true,true,false,2,false
20261007T143546085104Z-codex.web.RC14.r1-a1,web,reach,RC14,1,3,fact,"Three months ended March 31, 2020: GMV 17.4 US$ billions.","Three months; March 31, 2020; 17.4",S1,issuer,s27.q4cdn.com,3,filing,filing,false,true,true,true,false,issuer; forum; aggregator; news,none,,,filing,filing,true,true,false,1,false
20261007T143546085104Z-codex.web.RC14.r1-a1,web,reach,RC14,1,4,fact,"Six months ended June 30, 2020: GMV 47.5 US$ billions.","Six months; June 30, 2020; 47.5",S2,filing,filing-source,3,filing,filing,false,false,true,true,false,issuer; forum; promotional; aggregator; reference,none,,,filing,filing,true,true,false,1,false
20261007T143546085104Z-codex.web.RC14.r1-a1,web,reach,RC14,1,5,fact,"Nine months ended September 30, 2020: GMV 78.4 US$ billions.","Nine months; September 30, 2020; 78.4",S3,issuer,s27.q4cdn.com,3,secondary,issuer,false,true,false,true,false,issuer; forum; aggregator; news,none,,,secondary,issuer,false,true,false,1,false
20261007T143546085104Z-codex.web.RC14.r1-a1,web,reach,RC14,1,6,fact,"Year ended December 31, 2020: GMV 119.6 US$ billions.","December 31, 2020; 119.6",S4,issuer,shopifyinvestors.gcs-web.com,2,secondary,issuer,false,true,false,true,false,issuer,none,,,secondary,issuer,false,true,false,1,false
20261007T143546085104Z-codex.web.RC14.r1-a1,web,reach,RC14,1,7,fact,"Three months ended March 31, 2021: GMV 37.3 US$ billions.","Three months; March 31, 2021; 37.3",S5,filing,filing-source,3,filing,filing,false,false,true,true,false,issuer; promotional; aggregator; news,none,,,filing,filing,true,true,false,1,false
20261007T143546085104Z-codex.web.RC14.r1-a1,web,reach,RC14,1,8,fact,"Six months ended June 30, 2021: GMV 79.5 US$ billions.","Six months; June 30, 2021; 79.5",S6,filing,filing-source,3,filing,filing,false,false,true,true,false,issuer; forum; promotional; aggregator; reference,none,,,filing,filing,true,true,false,1,false
20261007T143546085104Z-codex.web.RC14.r1-a1,web,reach,RC14,1,9,fact,"Nine months ended September 30, 2021: GMV 121.3 US$ billions.","Nine months; September 30, 2021; 121.3",S7,issuer,s27.q4cdn.com,3,secondary,issuer,false,true,false,true,false,issuer; forum; aggregator; news,none,,,secondary,issuer,false,true,false,1,false
20261007T143546085104Z-codex.web.RC14.r1-a1,web,reach,RC14,1,10,fact,"Year ended December 31, 2021: GMV 175.4 US$ billions.","December 31, 2021; 175.4",S8,issuer,shopifyinvestors.gcs-web.com,2,secondary,issuer,false,true,false,true,false,issuer,none,,,secondary,issuer,false,true,false,1,false
20261007T143546085104Z-codex.web.RC14.r1-a1,web,reach,RC14,1,11,fact,"Three months ended March 31, 2022: GMV 43.2 US$ billions.","Three months; March 31, 2022; 43.2",S9,issuer,s27.q4cdn.com,3,filing,filing,false,true,true,true,false,issuer; aggregator; news,none,,,filing,filing,true,true,false,1,false
20261007T143546085104Z-codex.web.RC14.r1-a1,web,reach,RC14,1,12,fact,"Six months ended June 30, 2022: GMV 90.1 US$ billions.","Six months; June 30, 2022; 90.1",S10,issuer,s27.q4cdn.com,3,secondary,issuer,false,true,false,true,false,issuer; forum; promotional; aggregator; reference,none,,,secondary,issuer,false,true,false,1,false
20261007T143546085104Z-codex.web.RC14.r1-a1,web,reach,RC14,1,13,fact,"Nine months ended September 30, 2022: GMV 136.2 US$ billions.","Nine months; September 30, 2022; 136.2",S11,issuer,shopifyinvestors.gcs-web.com,3,secondary,issuer,false,true,false,true,false,issuer; forum; aggregator; news,none,,,secondary,issuer,false,true,false,1,false
20261007T143546085104Z-codex.web.RC14.r1-a1,web,reach,RC14,1,14,fact,"Year ended December 31, 2022: GMV 197.2 US$ billions.","December 31, 2022; 197.2",S12,issuer,shopifyinvestors.gcs-web.com,2,secondary,issuer,false,true,false,true,false,issuer; aggregator,none,,,secondary,issuer,false,true,false,1,false
20261007T143546085104Z-codex.web.RC14.r1-a1,web,reach,RC14,1,15,fact,"Three months ended March 31, 2023: GMV 49.6 US$ billions.","Three months; March 31, 2023; 49.6",S13,issuer,s27.q4cdn.com,3,filing,filing,false,true,true,true,false,issuer; aggregator; news; other,none,,,filing,filing,true,true,false,1,false
20261007T143546085104Z-codex.web.RC14.r1-a1,web,reach,RC14,1,16,fact,"Six months ended June 30, 2023: GMV 104.6 US$ billions.","Six months; June 30, 2023; 104.6",S14,filing,filing-source,3,filing,filing,false,false,true,true,false,issuer; forum; promotional; aggregator; reference,none,,,filing,filing,true,true,false,1,false
20261007T143546085104Z-codex.web.RC14.r1-a1,web,reach,RC14,1,17,fact,"Nine months ended September 30, 2023: GMV 160.8 US$ billions.","Nine months; September 30, 2023; 160.8",S15,issuer,s27.q4cdn.com,3,secondary,issuer,false,true,false,true,false,issuer; forum; aggregator; news,none,,,secondary,issuer,false,true,false,1,false
20261007T143546085104Z-codex.web.RC14.r1-a1,web,reach,RC14,1,18,fact,"Year ended December 31, 2023: GMV 235.9 US$ billions.","December 31, 2023; 235.9",S16,issuer,shopifyinvestors.gcs-web.com,2,secondary,issuer,false,true,false,true,false,issuer,none,,,secondary,issuer,false,true,false,1,false
20261007T143546085104Z-codex.web.RC14.r1-a1,web,reach,RC14,1,19,fact,"Three months ended March 31, 2024: GMV 60.9 US$ billions.","Three months; March 31, 2024; 60.9",S17,filing,filing-source,3,filing,filing,false,false,true,true,false,issuer; forum; aggregator; news,none,,,filing,filing,true,true,false,1,false
20261007T143546085104Z-codex.web.RC14.r1-a1,web,reach,RC14,1,20,fact,"Six months ended June 30, 2024: GMV 128.1 US$ billions.","Six months; June 30, 2024; 128.1",S18,issuer,s27.q4cdn.com,3,filing,filing,false,true,true,true,false,issuer; forum; promotional; aggregator; reference,none,,,filing,filing,true,true,false,1,false
20261007T143546085104Z-codex.web.RC14.r1-a1,web,reach,RC14,1,21,fact,"Nine months ended September 30, 2024: GMV 197.8 US$ billions.","Nine months; September 30, 2024; 197.8",S19,filing,filing-source,3,filing,filing,false,false,true,false,false,issuer; forum; aggregator; news,none,,,filing,filing,true,false,false,1,false
20261007T143546085104Z-codex.web.RC14.r1-a1,web,reach,RC14,1,22,fact,"Year ended December 31, 2024: GMV 292.3 US$ billions.","December 31, 2024; 292.3",S20,filing,filing-source,2,filing,filing,false,false,true,true,false,issuer; aggregator,none,,,filing,filing,true,true,false,1,false
20261007T143546085104Z-codex.web.RC14.r1-a1,web,reach,RC14,1,23,fact,"Three months ended March 31, 2025: GMV 74.8 US$ billions.","Three months; March 31, 2025; 74.8",S21,filing,filing-source,3,filing,filing,false,false,true,true,false,issuer; aggregator; news,none,,,filing,filing,true,true,false,1,false
20261007T143546085104Z-codex.web.RC14.r1-a1,web,reach,RC14,1,24,fact,"Six months ended June 30, 2025: GMV 162.6 US$ billions.","Six months; June 30, 2025; 162.6",S22,filing,filing-source,3,filing,filing,false,false,true,false,false,issuer; forum; promotional; aggregator; reference,none,,,filing,filing,true,false,false,1,false
20261007T143546085104Z-codex.web.RC14.r1-a1,web,reach,RC14,1,25,fact,"Nine months ended September 30, 2025: GMV 254.6 US$ billions.","Nine months; September 30, 2025; 254.6",S23,filing,filing-source,3,filing,filing,false,false,true,true,false,issuer; forum; aggregator; news,none,,,filing,filing,true,true,false,1,false
20261007T143546085104Z-codex.web.RC14.r1-a1,web,reach,RC14,1,26,fact,"Year ended December 31, 2025: GMV 378.4 US$ billions.","December 31, 2025; 378.4",S24,filing,filing-source,2,secondary,issuer,false,false,false,true,false,issuer; aggregator,none,,,secondary,issuer,false,true,false,1,false
20261007T143546085601Z-codex.archivist.RC14.r1-a1,archivist,reach,RC14,1,1,fact,"All figures are year-to-date GMV in billions of US dollars, using the rounding reported in each MD&A’s “Gross Merchandise Volume” section.",,,,,0,unattributed,,true,false,false,false,false,,none,,,unattributed,,false,false,false,0,true
20261007T143546085601Z-codex.archivist.RC14.r1-a1,archivist,reach,RC14,1,2,fact,"3 months ended March 31, 2020; MD&A filed 2020-05-06; GMV (US$bn): 17.4.","3 months; March 31, 2020; 2020-05-06; 17.4",S1,filing,mosaic-finance.com,3,unattributed,,false,false,false,false,false,,none,,,filing,filing,true,false,false,1,false
20261007T143546085601Z-codex.archivist.RC14.r1-a1,archivist,reach,RC14,1,3,fact,"6 months ended June 30, 2020; MD&A filed 2020-07-29; GMV (US$bn): 47.5.","6 months; June 30, 2020; 2020-07-29; 47.5",S2,filing,mosaic-finance.com,4,unattributed,,false,false,false,false,false,,none,,,filing,filing,true,false,false,2,false
20261007T143546085601Z-codex.archivist.RC14.r1-a1,archivist,reach,RC14,1,4,fact,"9 months ended September 30, 2020; MD&A filed 2020-10-29; GMV (US$bn): 78.4.","9 months; September 30, 2020; 2020-10-29; 78.4",S3,filing,mosaic-finance.com,4,unattributed,,false,false,false,false,false,,none,,,filing,filing,true,false,false,2,false
20261007T143546085601Z-codex.archivist.RC14.r1-a1,archivist,reach,RC14,1,5,fact,"Year ended December 31, 2020; MD&A filed 2021-02-17; GMV (US$bn): 119.6.","December 31, 2020; 2021-02-17; 119.6",S4,filing,mosaic-finance.com,3,filing,filing,false,false,true,false,false,,none,,,filing,filing,true,false,false,2,false
20261007T143546085601Z-codex.archivist.RC14.r1-a1,archivist,reach,RC14,1,6,fact,"3 months ended March 31, 2021; MD&A filed 2021-04-28; GMV (US$bn): 37.3.","3 months; March 31, 2021; 2021-04-28; 37.3",S5,filing,mosaic-finance.com,4,unattributed,,false,false,false,false,false,,none,,,filing,filing,true,false,false,2,false
20261007T143546085601Z-codex.archivist.RC14.r1-a1,archivist,reach,RC14,1,7,fact,"6 months ended June 30, 2021; MD&A filed 2021-07-28; GMV (US$bn): 79.5.","6 months; June 30, 2021; 2021-07-28; 79.5",S6,filing,mosaic-finance.com,4,unattributed,,false,false,false,false,false,,none,,,filing,filing,true,false,false,2,false
20261007T143546085601Z-codex.archivist.RC14.r1-a1,archivist,reach,RC14,1,8,fact,"9 months ended September 30, 2021; MD&A filed 2021-10-28; GMV (US$bn): 121.3.","9 months; September 30, 2021; 2021-10-28; 121.3",S7,filing,mosaic-finance.com,4,unattributed,,false,false,false,false,false,,none,,,filing,filing,true,false,false,2,false
20261007T143546085601Z-codex.archivist.RC14.r1-a1,archivist,reach,RC14,1,9,fact,"Year ended December 31, 2021; MD&A filed 2022-02-16; GMV (US$bn): 175.4.","December 31, 2021; 2022-02-16; 175.4",S8,filing,mosaic-finance.com,3,filing,filing,false,false,true,false,false,,none,,,filing,filing,true,false,false,2,false
20261007T143546085601Z-codex.archivist.RC14.r1-a1,archivist,reach,RC14,1,10,fact,"3 months ended March 31, 2022; MD&A filed 2022-05-05; GMV (US$bn): 43.2.","3 months; March 31, 2022; 2022-05-05; 43.2",S9,filing,mosaic-finance.com,3,unattributed,,false,false,false,false,false,,none,,,filing,filing,true,false,false,1,false
20261007T143546085601Z-codex.archivist.RC14.r1-a1,archivist,reach,RC14,1,11,fact,"6 months ended June 30, 2022; MD&A filed 2022-07-27; GMV (US$bn): 90.1.","6 months; June 30, 2022; 2022-07-27; 90.1",S10,filing,mosaic-finance.com,4,unattributed,,false,false,false,false,false,,none,,,filing,filing,true,false,false,2,false
20261007T143546085601Z-codex.archivist.RC14.r1-a1,archivist,reach,RC14,1,12,fact,"9 months ended September 30, 2022; MD&A filed 2022-10-27; GMV (US$bn): 136.2.","9 months; September 30, 2022; 2022-10-27; 136.2",S11,filing,mosaic-finance.com,4,unattributed,,false,false,false,false,false,,none,,,filing,filing,true,false,false,2,false
20261007T143546085601Z-codex.archivist.RC14.r1-a1,archivist,reach,RC14,1,13,fact,"Year ended December 31, 2022; MD&A filed 2023-02-16; GMV (US$bn): 197.2.","December 31, 2022; 2023-02-16; 197.2",S12,filing,mosaic-finance.com,3,filing,filing,false,false,true,false,false,,none,,,filing,filing,true,false,false,2,false
20261007T143546085601Z-codex.archivist.RC14.r1-a1,archivist,reach,RC14,1,14,fact,"3 months ended March 31, 2023; MD&A filed 2023-05-04; GMV (US$bn): 50.","3 months; March 31, 2023; 2023-05-04; 50",S13,filing,mosaic-finance.com,2,unattributed,,false,false,false,false,false,,none,,,unattributed,,false,false,false,2,false
20261007T143546085601Z-codex.archivist.RC14.r1-a1,archivist,reach,RC14,1,15,fact,"6 months ended June 30, 2023; MD&A filed 2023-08-03; GMV (US$bn): 105.","6 months; June 30, 2023; 2023-08-03; 105",S14,filing,mosaic-finance.com,3,unattributed,,false,false,false,false,false,,none,,,filing,filing,true,false,false,1,false
20261007T143546085601Z-codex.archivist.RC14.r1-a1,archivist,reach,RC14,1,16,fact,"9 months ended September 30, 2023; MD&A filed 2023-11-02; GMV (US$bn): 161.","9 months; September 30, 2023; 2023-11-02; 161",S15,filing,mosaic-finance.com,4,unattributed,,false,false,false,false,false,,none,,,filing,filing,true,false,false,2,false
20261007T143546085601Z-codex.archivist.RC14.r1-a1,archivist,reach,RC14,1,17,fact,"Year ended December 31, 2023; MD&A filed 2024-02-13; GMV (US$bn): 236.","December 31, 2023; 2024-02-13; 236",S16,filing,mosaic-finance.com,3,filing,filing,false,false,true,false,false,,none,,,filing,filing,true,false,false,2,false
20261007T143546085601Z-codex.archivist.RC14.r1-a1,archivist,reach,RC14,1,18,fact,"3 months ended March 31, 2024; MD&A filed 2024-05-08; GMV (US$bn): 60.9.","3 months; March 31, 2024; 2024-05-08; 60.9",S17,filing,mosaic-finance.com,3,unattributed,,false,false,false,false,false,,none,,,filing,filing,true,false,false,1,false
20261007T143546085601Z-codex.archivist.RC14.r1-a1,archivist,reach,RC14,1,19,fact,"6 months ended June 30, 2024; MD&A filed 2024-08-07; GMV (US$bn): 128.1.","6 months; June 30, 2024; 2024-08-07; 128.1",S18,filing,mosaic-finance.com,3,unattributed,,false,false,false,false,false,,none,,,filing,filing,true,false,false,1,false
20261007T143546085601Z-codex.archivist.RC14.r1-a1,archivist,reach,RC14,1,20,fact,"9 months ended September 30, 2024; MD&A filed 2024-11-12; GMV (US$bn): 197.8.","9 months; September 30, 2024; 2024-11-12; 197.8",S19,filing,mosaic-finance.com,5,unattributed,,false,false,false,false,false,,none,,,filing,filing,true,false,false,3,false
20261007T143546085601Z-codex.archivist.RC14.r1-a1,archivist,reach,RC14,1,21,fact,"Year ended December 31, 2024; MD&A filed 2025-02-11; GMV (US$bn): 292.3.","December 31, 2024; 2025-02-11; 292.3",S20,filing,mosaic-finance.com,3,filing,filing,false,false,true,false,false,,none,,,filing,filing,true,false,false,2,false
20261007T143546085601Z-codex.archivist.RC14.r1-a1,archivist,reach,RC14,1,22,fact,"3 months ended March 31, 2025; MD&A filed 2025-05-08; GMV (US$bn): 74.8.","3 months; March 31, 2025; 2025-05-08; 74.8",S21,filing,mosaic-finance.com,3,unattributed,,false,false,false,false,false,,none,,,filing,filing,true,false,false,1,false
20261007T143546085601Z-codex.archivist.RC14.r1-a1,archivist,reach,RC14,1,23,fact,"6 months ended June 30, 2025; MD&A filed 2025-08-06; GMV (US$bn): 162.6.","6 months; June 30, 2025; 2025-08-06; 162.6",S22,filing,mosaic-finance.com,3,unattributed,,false,false,false,false,false,,none,,,filing,filing,true,false,false,1,false
20261007T143546085601Z-codex.archivist.RC14.r1-a1,archivist,reach,RC14,1,24,fact,"9 months ended September 30, 2025; MD&A filed 2025-11-04; GMV (US$bn): 254.6.","9 months; September 30, 2025; 2025-11-04; 254.6",S23,filing,mosaic-finance.com,4,unattributed,,false,false,false,false,false,,none,,,filing,filing,true,false,false,2,false
20261007T143546085601Z-codex.archivist.RC14.r1-a1,archivist,reach,RC14,1,25,fact,"Year ended December 31, 2025; MD&A filed 2026-02-11; GMV (US$bn): 378.4.","December 31, 2025; 2026-02-11; 378.4",S24,filing,mosaic-finance.com,3,filing,filing,false,false,true,false,false,,none,,,filing,filing,true,false,false,2,false
20261007T143722503130Z-codex.both.RC14.r1-a1,both,reach,RC14,1,1,fact,"All figures are year-to-date GMV in US$ billions, using the precision stated in each MD&A’s “Gross Merchandise Volume” section.",,,,,0,unattributed,,true,false,false,false,false,,none,,,unattributed,,false,false,false,0,true
20261007T143722503130Z-codex.both.RC14.r1-a1,both,reach,RC14,1,2,fact,"3 months ended March 31, 2020 | 17.4 | 2020-05-06","3 months; March 31, 2020; 17.4; 2020-05-06",S1,filing,mosaic-finance.com,3,unattributed,,false,false,false,false,false,,none,,,filing,filing,true,false,false,1,false
20261007T143722503130Z-codex.both.RC14.r1-a1,both,reach,RC14,1,3,fact,"6 months ended June 30, 2020 | 47.5 | 2020-07-29","6 months; June 30, 2020; 47.5; 2020-07-29",S2,filing,mosaic-finance.com,4,unattributed,,false,false,false,false,false,,none,,,filing,filing,true,false,false,2,false
20261007T143722503130Z-codex.both.RC14.r1-a1,both,reach,RC14,1,4,fact,"9 months ended September 30, 2020 | 78.4 | 2020-10-29","9 months; September 30, 2020; 78.4; 2020-10-29",S3,filing,mosaic-finance.com,4,unattributed,,false,false,false,false,false,,none,,,filing,filing,true,false,false,2,false
20261007T143722503130Z-codex.both.RC14.r1-a1,both,reach,RC14,1,5,fact,"Year ended December 31, 2020 | 119.6 | 2021-02-17","December 31, 2020; 119.6; 2021-02-17",S4,filing,mosaic-finance.com,3,filing,filing,false,false,true,false,false,,none,,,filing,filing,true,false,false,2,false
20261007T143722503130Z-codex.both.RC14.r1-a1,both,reach,RC14,1,6,fact,"3 months ended March 31, 2021 | 37.3 | 2021-04-28","3 months; March 31, 2021; 37.3; 2021-04-28",S5,filing,mosaic-finance.com,4,unattributed,,false,false,false,false,false,,none,,,filing,filing,true,false,false,2,false
20261007T143722503130Z-codex.both.RC14.r1-a1,both,reach,RC14,1,7,fact,"6 months ended June 30, 2021 | 79.5 | 2021-07-28","6 months; June 30, 2021; 79.5; 2021-07-28",S6,filing,mosaic-finance.com,4,unattributed,,false,false,false,false,false,,none,,,filing,filing,true,false,false,2,false
20261007T143722503130Z-codex.both.RC14.r1-a1,both,reach,RC14,1,8,fact,"9 months ended September 30, 2021 | 121.3 | 2021-10-28","9 months; September 30, 2021; 121.3; 2021-10-28",S7,filing,mosaic-finance.com,4,unattributed,,false,false,false,false,false,,none,,,filing,filing,true,false,false,2,false
20261007T143722503130Z-codex.both.RC14.r1-a1,both,reach,RC14,1,9,fact,"Year ended December 31, 2021 | 175.4 | 2022-02-16","December 31, 2021; 175.4; 2022-02-16",S8,filing,mosaic-finance.com,3,filing,filing,false,false,true,false,false,,none,,,filing,filing,true,false,false,2,false
20261007T143722503130Z-codex.both.RC14.r1-a1,both,reach,RC14,1,10,fact,"3 months ended March 31, 2022 | 43.2 | 2022-05-05","3 months; March 31, 2022; 43.2; 2022-05-05",S9,filing,mosaic-finance.com,3,unattributed,,false,false,false,false,false,,none,,,filing,filing,true,false,false,1,false
20261007T143722503130Z-codex.both.RC14.r1-a1,both,reach,RC14,1,11,fact,"6 months ended June 30, 2022 | 90.1 | 2022-07-27","6 months; June 30, 2022; 90.1; 2022-07-27",S10,filing,mosaic-finance.com,4,unattributed,,false,false,false,false,false,,none,,,filing,filing,true,false,false,2,false
20261007T143722503130Z-codex.both.RC14.r1-a1,both,reach,RC14,1,12,fact,"9 months ended September 30, 2022 | 136.2 | 2022-10-27","9 months; September 30, 2022; 136.2; 2022-10-27",S11,filing,mosaic-finance.com,4,unattributed,,false,false,false,false,false,,none,,,filing,filing,true,false,false,2,false
20261007T143722503130Z-codex.both.RC14.r1-a1,both,reach,RC14,1,13,fact,"Year ended December 31, 2022 | 197.2 | 2023-02-16","December 31, 2022; 197.2; 2023-02-16",S12,filing,mosaic-finance.com,3,filing,filing,false,false,true,false,false,,none,,,filing,filing,true,false,false,2,false
20261007T143722503130Z-codex.both.RC14.r1-a1,both,reach,RC14,1,14,fact,"3 months ended March 31, 2023 | 50 | 2023-05-04","3 months; March 31, 2023; 50; 2023-05-04",S13,filing,mosaic-finance.com,2,unattributed,,false,false,false,false,false,,none,,,unattributed,,false,false,false,2,false
20261007T143722503130Z-codex.both.RC14.r1-a1,both,reach,RC14,1,15,fact,"6 months ended June 30, 2023 | 105 | 2023-08-03","6 months; June 30, 2023; 105; 2023-08-03",S14,filing,mosaic-finance.com,3,unattributed,,false,false,false,false,false,,none,,,filing,filing,true,false,false,1,false
20261007T143722503130Z-codex.both.RC14.r1-a1,both,reach,RC14,1,16,fact,"9 months ended September 30, 2023 | 161 | 2023-11-02","9 months; September 30, 2023; 161; 2023-11-02",S15,filing,mosaic-finance.com,4,unattributed,,false,false,false,false,false,,none,,,filing,filing,true,false,false,2,false
20261007T143722503130Z-codex.both.RC14.r1-a1,both,reach,RC14,1,17,fact,"Year ended December 31, 2023 | 236 | 2024-02-13","December 31, 2023; 236; 2024-02-13",S16,filing,mosaic-finance.com,3,filing,filing,false,false,true,false,false,,none,,,filing,filing,true,false,false,2,false
20261007T143722503130Z-codex.both.RC14.r1-a1,both,reach,RC14,1,18,fact,"3 months ended March 31, 2024 | 60.9 | 2024-05-08","3 months; March 31, 2024; 60.9; 2024-05-08",S17,filing,mosaic-finance.com,3,unattributed,,false,false,false,false,false,,none,,,filing,filing,true,false,false,1,false
20261007T143722503130Z-codex.both.RC14.r1-a1,both,reach,RC14,1,19,fact,"6 months ended June 30, 2024 | 128.1 | 2024-08-07","6 months; June 30, 2024; 128.1; 2024-08-07",S18,filing,mosaic-finance.com,3,unattributed,,false,false,false,false,false,,none,,,filing,filing,true,false,false,1,false
20261007T143722503130Z-codex.both.RC14.r1-a1,both,reach,RC14,1,20,fact,"9 months ended September 30, 2024 | 197.8 | 2024-11-12","9 months; September 30, 2024; 197.8; 2024-11-12",S19,filing,mosaic-finance.com,5,unattributed,,false,false,false,false,false,,none,,,filing,filing,true,false,false,3,false
20261007T143722503130Z-codex.both.RC14.r1-a1,both,reach,RC14,1,21,fact,"Year ended December 31, 2024 | 292.3 | 2025-02-11","December 31, 2024; 292.3; 2025-02-11",S20,filing,mosaic-finance.com,3,filing,filing,false,false,true,false,false,,none,,,filing,filing,true,false,false,2,false
20261007T143722503130Z-codex.both.RC14.r1-a1,both,reach,RC14,1,22,fact,"3 months ended March 31, 2025 | 74.8 | 2025-05-08","3 months; March 31, 2025; 74.8; 2025-05-08",S21,filing,mosaic-finance.com,3,unattributed,,false,false,false,false,false,,none,,,filing,filing,true,false,false,1,false
20261007T143722503130Z-codex.both.RC14.r1-a1,both,reach,RC14,1,23,fact,"6 months ended June 30, 2025 | 162.6 | 2025-08-06","6 months; June 30, 2025; 162.6; 2025-08-06",S22,filing,mosaic-finance.com,3,unattributed,,false,false,false,false,false,,none,,,filing,filing,true,false,false,1,false
20261007T143722503130Z-codex.both.RC14.r1-a1,both,reach,RC14,1,24,fact,"9 months ended September 30, 2025 | 254.6 | 2025-11-04","9 months; September 30, 2025; 254.6; 2025-11-04",S23,filing,mosaic-finance.com,4,unattributed,,false,false,false,false,false,,none,,,filing,filing,true,false,false,2,false
20261007T143722503130Z-codex.both.RC14.r1-a1,both,reach,RC14,1,25,fact,"Year ended December 31, 2025 | 378.4 | 2026-02-11","December 31, 2025; 378.4; 2026-02-11",S24,filing,mosaic-finance.com,3,filing,filing,false,false,true,false,false,,none,,,filing,filing,true,false,false,2,false
20261007T143754570077Z-codex.web.RC14.r2-a1,web,reach,RC14,2,1,fact,"Three months ended March 31, 2020: year-to-date GMV of 17.4 US$ billions.","Three months; March 31, 2020; 17.4",S1,issuer,d18rn0p25nwr6d.cloudfront.net,3,filing,filing,false,true,true,true,false,issuer; promotional; aggregator,none,,,filing,filing,true,true,false,1,false
20261007T143754570077Z-codex.web.RC14.r2-a1,web,reach,RC14,2,2,fact,"Six months ended June 30, 2020: year-to-date GMV of 47.5 US$ billions.","Six months; June 30, 2020; 47.5",S2,filing,filing-source,3,filing,filing,false,false,true,false,false,issuer; promotional; aggregator; news; reference,none,,,filing,filing,true,false,false,1,false
20261007T143754570077Z-codex.web.RC14.r2-a1,web,reach,RC14,2,3,fact,"Nine months ended September 30, 2020: year-to-date GMV of 78.4 US$ billions.","Nine months; September 30, 2020; 78.4",S3,filing,filing-source,3,filing,filing,false,false,true,true,false,issuer; forum; aggregator,none,,,filing,filing,true,true,false,1,false
20261007T143754570077Z-codex.web.RC14.r2-a1,web,reach,RC14,2,4,fact,"Year ended December 31, 2020: year-to-date GMV of 119.6 US$ billions.","December 31, 2020; 119.6",S4,filing,filing-source,2,filing,filing,false,false,true,true,false,issuer; aggregator,none,,,filing,filing,true,true,false,1,false
20261007T143754570077Z-codex.web.RC14.r2-a1,web,reach,RC14,2,5,fact,"Three months ended March 31, 2021: year-to-date GMV of 37.3 US$ billions.","Three months; March 31, 2021; 37.3",S5,filing,filing-source,3,filing,filing,false,false,true,true,false,issuer; promotional; aggregator; news,none,,,filing,filing,true,true,false,1,false
20261007T143754570077Z-codex.web.RC14.r2-a1,web,reach,RC14,2,6,fact,"Six months ended June 30, 2021: year-to-date GMV of 79.5 US$ billions.","Six months; June 30, 2021; 79.5",S6,filing,filing-source,3,filing,filing,false,false,true,false,false,issuer; promotional; aggregator; news; reference,none,,,filing,filing,true,false,false,1,false
20261007T143754570077Z-codex.web.RC14.r2-a1,web,reach,RC14,2,7,fact,"Nine months ended September 30, 2021: year-to-date GMV of 121.3 US$ billions.","Nine months; September 30, 2021; 121.3",S7,filing,filing-source,3,filing,filing,false,false,true,true,false,issuer; forum; aggregator,none,,,filing,filing,true,true,false,1,false
20261007T143754570077Z-codex.web.RC14.r2-a1,web,reach,RC14,2,8,fact,"Year ended December 31, 2021: year-to-date GMV of 175.4 US$ billions.","December 31, 2021; 175.4",S8,issuer,s27.q4cdn.com,2,filing,filing,false,true,true,true,false,issuer; aggregator,none,,,filing,filing,true,true,false,1,false
20261007T143754570077Z-codex.web.RC14.r2-a1,web,reach,RC14,2,9,fact,"Three months ended March 31, 2022: year-to-date GMV of 43.2 US$ billions.","Three months; March 31, 2022; 43.2",S9,issuer,s27.q4cdn.com,3,secondary,issuer,false,true,false,true,false,issuer; promotional; aggregator,none,,,secondary,issuer,false,true,false,1,false
20261007T143754570077Z-codex.web.RC14.r2-a1,web,reach,RC14,2,10,fact,"Six months ended June 30, 2022: year-to-date GMV of 90.1 US$ billions.","Six months; June 30, 2022; 90.1",S10,filing,filing-source,3,filing,filing,false,false,true,true,false,issuer; promotional; aggregator; news; reference,none,,,filing,filing,true,true,false,1,false
20261007T143754570077Z-codex.web.RC14.r2-a1,web,reach,RC14,2,11,fact,"Nine months ended September 30, 2022: year-to-date GMV of 136.2 US$ billions.","Nine months; September 30, 2022; 136.2",S11,issuer,s27.q4cdn.com,3,secondary,issuer,false,true,false,true,false,issuer; forum; aggregator,none,,,secondary,issuer,false,true,false,1,false
20261007T143754570077Z-codex.web.RC14.r2-a1,web,reach,RC14,2,12,fact,"Year ended December 31, 2022: year-to-date GMV of 197.2 US$ billions.","December 31, 2022; 197.2",S12,filing,filing-source,2,filing,filing,false,false,true,true,false,issuer; forum; aggregator,none,,,filing,filing,true,true,false,1,false
20261007T143754570077Z-codex.web.RC14.r2-a1,web,reach,RC14,2,13,fact,"Three months ended March 31, 2023: year-to-date GMV of 49.6 US$ billions.","Three months; March 31, 2023; 49.6",S13,issuer,d18rn0p25nwr6d.cloudfront.net,3,filing,filing,false,true,true,true,false,issuer; promotional; aggregator,none,,,filing,filing,true,true,false,1,false
20261007T143754570077Z-codex.web.RC14.r2-a1,web,reach,RC14,2,14,fact,"Six months ended June 30, 2023: year-to-date GMV of 104.6 US$ billions.","Six months; June 30, 2023; 104.6",S14,filing,filing-source,3,filing,filing,false,false,true,false,false,issuer; promotional; aggregator; news; reference,none,,,filing,filing,true,false,false,1,false
20261007T143754570077Z-codex.web.RC14.r2-a1,web,reach,RC14,2,15,fact,"Nine months ended September 30, 2023: year-to-date GMV of 160.8 US$ billions.","Nine months; September 30, 2023; 160.8",S15,issuer,s27.q4cdn.com,3,filing,filing,false,true,true,true,false,issuer; forum; aggregator,none,,,filing,filing,true,true,false,1,false
20261007T143754570077Z-codex.web.RC14.r2-a1,web,reach,RC14,2,16,fact,"Year ended December 31, 2023: year-to-date GMV of 235.9 US$ billions.","December 31, 2023; 235.9",S16,filing,filing-source,2,secondary,issuer,false,false,false,true,false,issuer; aggregator,none,,,secondary,issuer,false,true,false,1,false
20261007T143754570077Z-codex.web.RC14.r2-a1,web,reach,RC14,2,17,fact,"Three months ended March 31, 2024: year-to-date GMV of 60.9 US$ billions.","Three months; March 31, 2024; 60.9",S17,filing,filing-source,3,filing,filing,false,false,true,false,false,issuer; forum; promotional; aggregator,none,,,filing,filing,true,false,false,1,false
20261007T143754570077Z-codex.web.RC14.r2-a1,web,reach,RC14,2,18,fact,"Six months ended June 30, 2024: year-to-date GMV of 128.1 US$ billions.","Six months; June 30, 2024; 128.1",S18,issuer,s27.q4cdn.com,3,filing,filing,false,true,true,true,false,issuer; promotional; aggregator; news; reference,none,,,filing,filing,true,true,false,1,false
20261007T143754570077Z-codex.web.RC14.r2-a1,web,reach,RC14,2,19,fact,"Nine months ended September 30, 2024: year-to-date GMV of 197.8 US$ billions.","Nine months; September 30, 2024; 197.8",S19,filing,filing-source,3,filing,filing,false,false,true,true,false,issuer; forum; aggregator,none,,,filing,filing,true,true,false,1,false
20261007T143754570077Z-codex.web.RC14.r2-a1,web,reach,RC14,2,20,fact,"Year ended December 31, 2024: year-to-date GMV of 292.3 US$ billions.","December 31, 2024; 292.3",S20,filing,filing-source,2,filing,filing,false,false,true,true,false,issuer; promotional; aggregator,none,,,filing,filing,true,true,false,1,false
20261007T143754570077Z-codex.web.RC14.r2-a1,web,reach,RC14,2,21,fact,"Three months ended March 31, 2025: year-to-date GMV of 74.8 US$ billions.","Three months; March 31, 2025; 74.8",S21,filing,filing-source,3,filing,filing,false,false,true,true,false,issuer; promotional; aggregator,none,,,filing,filing,true,true,false,1,false
20261007T143754570077Z-codex.web.RC14.r2-a1,web,reach,RC14,2,22,fact,"Six months ended June 30, 2025: year-to-date GMV of 162.6 US$ billions.","Six months; June 30, 2025; 162.6",S22,filing,filing-source,3,filing,filing,false,false,true,false,false,issuer; forum; promotional; aggregator; news; reference,none,,,filing,filing,true,false,false,1,false
20261007T143754570077Z-codex.web.RC14.r2-a1,web,reach,RC14,2,23,fact,"Nine months ended September 30, 2025: year-to-date GMV of 254.6 US$ billions.","Nine months; September 30, 2025; 254.6",S23,issuer,s27.q4cdn.com,3,secondary,issuer,false,true,false,true,false,issuer; forum; aggregator,none,,,secondary,issuer,false,true,false,1,false
20261007T143754570077Z-codex.web.RC14.r2-a1,web,reach,RC14,2,24,fact,"Year ended December 31, 2025: year-to-date GMV of 378.4 US$ billions.","December 31, 2025; 378.4",S24,filing,filing-source,2,filing,filing,false,false,true,true,false,issuer; aggregator,none,,,filing,filing,true,true,false,1,false
20261007T143754570077Z-codex.web.RC14.r2-a1,web,reach,RC14,2,25,fact,"All figures are year-to-date GMV in US$ billions, rounded to one decimal from the MD&A’s KPI tables.",one decimal,,,,1,unattributed,,false,false,false,false,false,,none,,,unattributed,,false,false,false,1,false
20261007T143914951477Z-codex.archivist.RC14.r2-a1,archivist,reach,RC14,2,1,fact,"All figures are year-to-date GMV in US$ billions, using the precision reported in each MD&A.",,,,,0,unattributed,,true,false,false,false,false,,none,,,unattributed,,false,false,false,0,true
20261007T143914951477Z-codex.archivist.RC14.r2-a1,archivist,reach,RC14,2,2,fact,MD&A filed 2020-05-06; period covered: 3 months ended 2020-03-31; year-to-date GMV in US$ billions: 17.4.,2020-05-06; 3; 2020-03-31; 17.4,S1,filing,mosaic-finance.com,2,filing,filing,false,false,true,false,false,,none,,,filing,filing,true,false,false,2,false
20261007T143914951477Z-codex.archivist.RC14.r2-a1,archivist,reach,RC14,2,3,fact,MD&A filed 2020-07-29; period covered: 6 months ended 2020-06-30; year-to-date GMV in US$ billions: 47.5.,2020-07-29; 6; 2020-06-30; 47.5,S2,filing,mosaic-finance.com,2,filing,filing,false,false,true,false,false,,none,,,filing,filing,true,false,false,2,false
20261007T143914951477Z-codex.archivist.RC14.r2-a1,archivist,reach,RC14,2,4,fact,MD&A filed 2020-10-29; period covered: 9 months ended 2020-09-30; year-to-date GMV in US$ billions: 78.4.,2020-10-29; 9; 2020-09-30; 78.4,S3,filing,mosaic-finance.com,2,filing,filing,false,false,true,false,false,,none,,,filing,filing,true,false,false,2,false
20261007T143914951477Z-codex.archivist.RC14.r2-a1,archivist,reach,RC14,2,5,fact,MD&A filed 2021-02-17; period covered: Year ended 2020-12-31; year-to-date GMV in US$ billions: 119.6.,2021-02-17; 2020-12-31; 119.6,S4,filing,mosaic-finance.com,4,filing,filing,false,false,true,false,false,,none,,,filing,filing,true,false,false,4,false
20261007T143914951477Z-codex.archivist.RC14.r2-a1,archivist,reach,RC14,2,6,fact,MD&A filed 2021-04-28; period covered: 3 months ended 2021-03-31; year-to-date GMV in US$ billions: 37.3.,2021-04-28; 3; 2021-03-31; 37.3,S5,filing,mosaic-finance.com,3,filing,filing,false,false,true,false,false,,none,,,filing,filing,true,false,false,3,false
20261007T143914951477Z-codex.archivist.RC14.r2-a1,archivist,reach,RC14,2,7,fact,MD&A filed 2021-07-28; period covered: 6 months ended 2021-06-30; year-to-date GMV in US$ billions: 79.5.,2021-07-28; 6; 2021-06-30; 79.5,S6,filing,mosaic-finance.com,2,filing,filing,false,false,true,false,false,,none,,,filing,filing,true,false,false,2,false
20261007T143914951477Z-codex.archivist.RC14.r2-a1,archivist,reach,RC14,2,8,fact,MD&A filed 2021-10-28; period covered: 9 months ended 2021-09-30; year-to-date GMV in US$ billions: 121.3.,2021-10-28; 9; 2021-09-30; 121.3,S7,filing,mosaic-finance.com,2,filing,filing,false,false,true,false,false,,none,,,filing,filing,true,false,false,2,false
20261007T143914951477Z-codex.archivist.RC14.r2-a1,archivist,reach,RC14,2,9,fact,MD&A filed 2022-02-16; period covered: Year ended 2021-12-31; year-to-date GMV in US$ billions: 175.4.,2022-02-16; 2021-12-31; 175.4,S8,filing,mosaic-finance.com,4,filing,filing,false,false,true,false,false,,none,,,filing,filing,true,false,false,4,false
20261007T143914951477Z-codex.archivist.RC14.r2-a1,archivist,reach,RC14,2,10,fact,MD&A filed 2022-05-05; period covered: 3 months ended 2022-03-31; year-to-date GMV in US$ billions: 43.2.,2022-05-05; 3; 2022-03-31; 43.2,S9,filing,mosaic-finance.com,2,filing,filing,false,false,true,false,false,,none,,,filing,filing,true,false,false,2,false
20261007T143914951477Z-codex.archivist.RC14.r2-a1,archivist,reach,RC14,2,11,fact,MD&A filed 2022-07-27; period covered: 6 months ended 2022-06-30; year-to-date GMV in US$ billions: 90.1.,2022-07-27; 6; 2022-06-30; 90.1,S10,filing,mosaic-finance.com,2,filing,filing,false,false,true,false,false,,none,,,filing,filing,true,false,false,2,false
20261007T143914951477Z-codex.archivist.RC14.r2-a1,archivist,reach,RC14,2,12,fact,MD&A filed 2022-10-27; period covered: 9 months ended 2022-09-30; year-to-date GMV in US$ billions: 136.2.,2022-10-27; 9; 2022-09-30; 136.2,S11,filing,mosaic-finance.com,2,filing,filing,false,false,true,false,false,,none,,,filing,filing,true,false,false,2,false
20261007T143914951477Z-codex.archivist.RC14.r2-a1,archivist,reach,RC14,2,13,fact,MD&A filed 2023-02-16; period covered: Year ended 2022-12-31; year-to-date GMV in US$ billions: 197.2.,2023-02-16; 2022-12-31; 197.2,S12,filing,mosaic-finance.com,4,filing,filing,false,false,true,false,false,,none,,,filing,filing,true,false,false,4,false
20261007T143914951477Z-codex.archivist.RC14.r2-a1,archivist,reach,RC14,2,14,fact,MD&A filed 2023-05-04; period covered: 3 months ended 2023-03-31; year-to-date GMV in US$ billions: 50.,2023-05-04; 3; 2023-03-31; 50,S13,filing,mosaic-finance.com,1,filing,filing,false,false,true,false,false,,none,,,filing,filing,true,false,false,1,false
20261007T143914951477Z-codex.archivist.RC14.r2-a1,archivist,reach,RC14,2,15,fact,MD&A filed 2023-08-03; period covered: 6 months ended 2023-06-30; year-to-date GMV in US$ billions: 105.,2023-08-03; 6; 2023-06-30; 105,S14,filing,mosaic-finance.com,1,filing,filing,false,false,true,false,false,,none,,,filing,filing,true,false,false,1,false
20261007T143914951477Z-codex.archivist.RC14.r2-a1,archivist,reach,RC14,2,16,fact,MD&A filed 2023-11-02; period covered: 9 months ended 2023-09-30; year-to-date GMV in US$ billions: 161.,2023-11-02; 9; 2023-09-30; 161,S15,filing,mosaic-finance.com,2,filing,filing,false,false,true,false,false,,none,,,filing,filing,true,false,false,2,false
20261007T143914951477Z-codex.archivist.RC14.r2-a1,archivist,reach,RC14,2,17,fact,MD&A filed 2024-02-13; period covered: Year ended 2023-12-31; year-to-date GMV in US$ billions: 236.,2024-02-13; 2023-12-31; 236,S16,filing,mosaic-finance.com,4,filing,filing,false,false,true,false,false,,none,,,filing,filing,true,false,false,4,false
20261007T143914951477Z-codex.archivist.RC14.r2-a1,archivist,reach,RC14,2,18,fact,MD&A filed 2024-05-08; period covered: 3 months ended 2024-03-31; year-to-date GMV in US$ billions: 60.9.,2024-05-08; 3; 2024-03-31; 60.9,S17,filing,mosaic-finance.com,2,filing,filing,false,false,true,false,false,,none,,,filing,filing,true,false,false,2,false
20261007T143914951477Z-codex.archivist.RC14.r2-a1,archivist,reach,RC14,2,19,fact,MD&A filed 2024-08-07; period covered: 6 months ended 2024-06-30; year-to-date GMV in US$ billions: 128.1.,2024-08-07; 6; 2024-06-30; 128.1,S18,filing,mosaic-finance.com,1,filing,filing,false,false,true,false,false,,none,,,filing,filing,true,false,false,1,false
20261007T143914951477Z-codex.archivist.RC14.r2-a1,archivist,reach,RC14,2,20,fact,MD&A filed 2024-11-12; period covered: 9 months ended 2024-09-30; year-to-date GMV in US$ billions: 197.8.,2024-11-12; 9; 2024-09-30; 197.8,S19,filing,mosaic-finance.com,3,filing,filing,false,false,true,false,false,,none,,,filing,filing,true,false,false,3,false
20261007T143914951477Z-codex.archivist.RC14.r2-a1,archivist,reach,RC14,2,21,fact,MD&A filed 2025-02-11; period covered: Year ended 2024-12-31; year-to-date GMV in US$ billions: 292.3.,2025-02-11; 2024-12-31; 292.3,S20,filing,mosaic-finance.com,4,filing,filing,false,false,true,false,false,,none,,,filing,filing,true,false,false,4,false
20261007T143914951477Z-codex.archivist.RC14.r2-a1,archivist,reach,RC14,2,22,fact,MD&A filed 2025-05-08; period covered: 3 months ended 2025-03-31; year-to-date GMV in US$ billions: 74.8.,2025-05-08; 3; 2025-03-31; 74.8,S21,filing,mosaic-finance.com,2,filing,filing,false,false,true,false,false,,none,,,filing,filing,true,false,false,2,false
20261007T143914951477Z-codex.archivist.RC14.r2-a1,archivist,reach,RC14,2,23,fact,MD&A filed 2025-08-06; period covered: 6 months ended 2025-06-30; year-to-date GMV in US$ billions: 162.6.,2025-08-06; 6; 2025-06-30; 162.6,S22,filing,mosaic-finance.com,1,filing,filing,false,false,true,false,false,,none,,,filing,filing,true,false,false,1,false
20261007T143914951477Z-codex.archivist.RC14.r2-a1,archivist,reach,RC14,2,24,fact,MD&A filed 2025-11-04; period covered: 9 months ended 2025-09-30; year-to-date GMV in US$ billions: 254.6.,2025-11-04; 9; 2025-09-30; 254.6,S23,filing,mosaic-finance.com,2,filing,filing,false,false,true,false,false,,none,,,filing,filing,true,false,false,2,false
20261007T143914951477Z-codex.archivist.RC14.r2-a1,archivist,reach,RC14,2,25,fact,MD&A filed 2026-02-11; period covered: Year ended 2025-12-31; year-to-date GMV in US$ billions: 378.4.,2026-02-11; 2025-12-31; 378.4,S24,filing,mosaic-finance.com,4,filing,filing,false,false,true,false,false,,none,,,filing,filing,true,false,false,4,false
20261007T144033371623Z-codex.both.RC14.r2-a1,both,reach,RC14,2,1,fact,"All figures are year-to-date GMV in US$ billions, preserving the rounding in each MD&A’s “Gross Merchandise Volume” section.",,,,,0,unattributed,,true,false,false,false,false,,none,,,unattributed,,false,false,false,0,true
20261007T144033371623Z-codex.both.RC14.r2-a1,both,reach,RC14,2,2,fact,"2020-05-06 | 3 months ended March 31, 2020 | 17.4","2020-05-06; 3 months; March 31, 2020; 17.4",S1,filing,mosaic-finance.com,3,unattributed,,false,false,false,false,false,,none,,,filing,filing,true,false,false,1,false
20261007T144033371623Z-codex.both.RC14.r2-a1,both,reach,RC14,2,3,fact,"2020-07-29 | 6 months ended June 30, 2020 | 47.5","2020-07-29; 6 months; June 30, 2020; 47.5",S2,filing,mosaic-finance.com,4,unattributed,,false,false,false,false,false,,none,,,filing,filing,true,false,false,2,false
20261007T144033371623Z-codex.both.RC14.r2-a1,both,reach,RC14,2,4,fact,"2020-10-29 | 9 months ended September 30, 2020 | 78.4","2020-10-29; 9 months; September 30, 2020; 78.4",S3,filing,mosaic-finance.com,4,unattributed,,false,false,false,false,false,,none,,,filing,filing,true,false,false,2,false
20261007T144033371623Z-codex.both.RC14.r2-a1,both,reach,RC14,2,5,fact,"2021-02-17 | Year ended December 31, 2020 | 119.6","2021-02-17; December 31, 2020; 119.6",S4,filing,mosaic-finance.com,3,filing,filing,false,false,true,false,false,,none,,,filing,filing,true,false,false,2,false
20261007T144033371623Z-codex.both.RC14.r2-a1,both,reach,RC14,2,6,fact,"2021-04-28 | 3 months ended March 31, 2021 | 37.3","2021-04-28; 3 months; March 31, 2021; 37.3",S5,filing,mosaic-finance.com,4,unattributed,,false,false,false,false,false,,none,,,filing,filing,true,false,false,2,false
20261007T144033371623Z-codex.both.RC14.r2-a1,both,reach,RC14,2,7,fact,"2021-07-28 | 6 months ended June 30, 2021 | 79.5","2021-07-28; 6 months; June 30, 2021; 79.5",S6,filing,mosaic-finance.com,4,unattributed,,false,false,false,false,false,,none,,,filing,filing,true,false,false,2,false
20261007T144033371623Z-codex.both.RC14.r2-a1,both,reach,RC14,2,8,fact,"2021-10-28 | 9 months ended September 30, 2021 | 121.3","2021-10-28; 9 months; September 30, 2021; 121.3",S7,filing,mosaic-finance.com,4,unattributed,,false,false,false,false,false,,none,,,filing,filing,true,false,false,2,false
20261007T144033371623Z-codex.both.RC14.r2-a1,both,reach,RC14,2,9,fact,"2022-02-16 | Year ended December 31, 2021 | 175.4","2022-02-16; December 31, 2021; 175.4",S8,filing,mosaic-finance.com,3,filing,filing,false,false,true,false,false,,none,,,filing,filing,true,false,false,2,false
20261007T144033371623Z-codex.both.RC14.r2-a1,both,reach,RC14,2,10,fact,"2022-05-05 | 3 months ended March 31, 2022 | 43.2","2022-05-05; 3 months; March 31, 2022; 43.2",S9,filing,mosaic-finance.com,3,unattributed,,false,false,false,false,false,,none,,,filing,filing,true,false,false,1,false
20261007T144033371623Z-codex.both.RC14.r2-a1,both,reach,RC14,2,11,fact,"2022-07-27 | 6 months ended June 30, 2022 | 90.1","2022-07-27; 6 months; June 30, 2022; 90.1",S10,filing,mosaic-finance.com,4,unattributed,,false,false,false,false,false,,none,,,filing,filing,true,false,false,2,false
20261007T144033371623Z-codex.both.RC14.r2-a1,both,reach,RC14,2,12,fact,"2022-10-27 | 9 months ended September 30, 2022 | 136.2","2022-10-27; 9 months; September 30, 2022; 136.2",S11,filing,mosaic-finance.com,4,unattributed,,false,false,false,false,false,,none,,,filing,filing,true,false,false,2,false
20261007T144033371623Z-codex.both.RC14.r2-a1,both,reach,RC14,2,13,fact,"2023-02-16 | Year ended December 31, 2022 | 197.2","2023-02-16; December 31, 2022; 197.2",S12,filing,mosaic-finance.com,3,filing,filing,false,false,true,false,false,,none,,,filing,filing,true,false,false,2,false
20261007T144033371623Z-codex.both.RC14.r2-a1,both,reach,RC14,2,14,fact,"2023-05-04 | 3 months ended March 31, 2023 | 50","2023-05-04; 3 months; March 31, 2023; 50",S13,filing,mosaic-finance.com,2,unattributed,,false,false,false,false,false,,none,,,unattributed,,false,false,false,2,false
20261007T144033371623Z-codex.both.RC14.r2-a1,both,reach,RC14,2,15,fact,"2023-08-03 | 6 months ended June 30, 2023 | 105","2023-08-03; 6 months; June 30, 2023; 105",S14,filing,mosaic-finance.com,3,unattributed,,false,false,false,false,false,,none,,,filing,filing,true,false,false,1,false
20261007T144033371623Z-codex.both.RC14.r2-a1,both,reach,RC14,2,16,fact,"2023-11-02 | 9 months ended September 30, 2023 | 161","2023-11-02; 9 months; September 30, 2023; 161",S15,filing,mosaic-finance.com,4,unattributed,,false,false,false,false,false,,none,,,filing,filing,true,false,false,2,false
20261007T144033371623Z-codex.both.RC14.r2-a1,both,reach,RC14,2,17,fact,"2024-02-13 | Year ended December 31, 2023 | 236","2024-02-13; December 31, 2023; 236",S16,filing,mosaic-finance.com,3,filing,filing,false,false,true,false,false,,none,,,filing,filing,true,false,false,2,false
20261007T144033371623Z-codex.both.RC14.r2-a1,both,reach,RC14,2,18,fact,"2024-05-08 | 3 months ended March 31, 2024 | 60.9","2024-05-08; 3 months; March 31, 2024; 60.9",S17,filing,mosaic-finance.com,3,unattributed,,false,false,false,false,false,,none,,,filing,filing,true,false,false,1,false
20261007T144033371623Z-codex.both.RC14.r2-a1,both,reach,RC14,2,19,fact,"2024-08-07 | 6 months ended June 30, 2024 | 128.1","2024-08-07; 6 months; June 30, 2024; 128.1",S18,filing,mosaic-finance.com,3,unattributed,,false,false,false,false,false,,none,,,filing,filing,true,false,false,1,false
20261007T144033371623Z-codex.both.RC14.r2-a1,both,reach,RC14,2,20,fact,"2024-11-12 | 9 months ended September 30, 2024 | 197.8","2024-11-12; 9 months; September 30, 2024; 197.8",S19,filing,mosaic-finance.com,5,unattributed,,false,false,false,false,false,,none,,,filing,filing,true,false,false,3,false
20261007T144033371623Z-codex.both.RC14.r2-a1,both,reach,RC14,2,21,fact,"2025-02-11 | Year ended December 31, 2024 | 292.3","2025-02-11; December 31, 2024; 292.3",S20,filing,mosaic-finance.com,3,filing,filing,false,false,true,false,false,,none,,,filing,filing,true,false,false,2,false
20261007T144033371623Z-codex.both.RC14.r2-a1,both,reach,RC14,2,22,fact,"2025-05-08 | 3 months ended March 31, 2025 | 74.8","2025-05-08; 3 months; March 31, 2025; 74.8",S21,filing,mosaic-finance.com,3,unattributed,,false,false,false,false,false,,none,,,filing,filing,true,false,false,1,false
20261007T144033371623Z-codex.both.RC14.r2-a1,both,reach,RC14,2,23,fact,"2025-08-06 | 6 months ended June 30, 2025 | 162.6","2025-08-06; 6 months; June 30, 2025; 162.6",S22,filing,mosaic-finance.com,3,unattributed,,false,false,false,false,false,,none,,,filing,filing,true,false,false,1,false
20261007T144033371623Z-codex.both.RC14.r2-a1,both,reach,RC14,2,24,fact,"2025-11-04 | 9 months ended September 30, 2025 | 254.6","2025-11-04; 9 months; September 30, 2025; 254.6",S23,filing,mosaic-finance.com,4,unattributed,,false,false,false,false,false,,none,,,filing,filing,true,false,false,2,false
20261007T144033371623Z-codex.both.RC14.r2-a1,both,reach,RC14,2,25,fact,"2026-02-11 | Year ended December 31, 2025 | 378.4","2026-02-11; December 31, 2025; 378.4",S24,filing,mosaic-finance.com,3,filing,filing,false,false,true,false,false,,none,,,filing,filing,true,false,false,2,false
20261007T144052772228Z-codex.web.RC14.r3-a1,web,reach,RC14,3,1,fact,"All figures are year-to-date GMV in US$ billions, using the MD&As’ reported precision of one decimal place.",US$ billions; one decimal place,,,,2,unattributed,,false,false,false,false,false,,none,,,unattributed,,false,false,false,2,false
20261007T144052772228Z-codex.web.RC14.r3-a1,web,reach,RC14,3,2,fact,Sources link to SEDAR+ documents or copies of the MD&As on Shopify’s investor site and EDGAR.,SEDAR+; Shopify; EDGAR,,,,3,filing,filing,false,false,true,true,false,issuer; forum; promotional; aggregator; news; reference; other,none,,,filing,filing,true,true,false,3,false
20261007T144052772228Z-codex.web.RC14.r3-a1,web,reach,RC14,3,3,fact,"Three months ended March 31, 2020: year-to-date GMV of 17.4 US$ billions.","Three months; March 31, 2020; 17.4; US$ billions",S1,filing,filing-source,4,secondary,issuer,false,false,false,false,false,issuer; forum; promotional; aggregator; news; reference; other,none,,,filing,filing,true,true,false,1,false
20261007T144052772228Z-codex.web.RC14.r3-a1,web,reach,RC14,3,4,fact,"Six months ended June 30, 2020: year-to-date GMV of 47.5 US$ billions.","Six months; June 30, 2020; 47.5; US$ billions",S2,filing,filing-source,4,secondary,issuer,false,false,false,false,false,issuer; aggregator; reference; other,none,,,filing,filing,true,true,false,1,false
20261007T144052772228Z-codex.web.RC14.r3-a1,web,reach,RC14,3,5,fact,"Nine months ended September 30, 2020: year-to-date GMV of 78.4 US$ billions.","Nine months; September 30, 2020; 78.4; US$ billions",S3,issuer,s27.q4cdn.com,4,secondary,issuer,false,true,false,false,false,issuer; aggregator; reference; other,none,,,secondary,issuer,false,true,false,1,false
20261007T144052772228Z-codex.web.RC14.r3-a1,web,reach,RC14,3,6,fact,"Year ended December 31, 2020: year-to-date GMV of 119.6 US$ billions.","December 31, 2020; 119.6; US$ billions",S4,filing,filing-source,3,secondary,issuer,false,false,false,false,false,issuer; aggregator,none,,,filing,filing,true,true,false,1,false
20261007T144052772228Z-codex.web.RC14.r3-a1,web,reach,RC14,3,7,fact,"Three months ended March 31, 2021: year-to-date GMV of 37.3 US$ billions.","Three months; March 31, 2021; 37.3; US$ billions",S5,filing,filing-source,4,secondary,issuer,false,false,false,false,false,issuer; promotional; aggregator; news; other,none,,,filing,filing,true,true,false,1,false
20261007T144052772228Z-codex.web.RC14.r3-a1,web,reach,RC14,3,8,fact,"Six months ended June 30, 2021: year-to-date GMV of 79.5 US$ billions.","Six months; June 30, 2021; 79.5; US$ billions",S6,filing,filing-source,4,secondary,issuer,false,false,false,false,false,issuer; aggregator; reference; other,none,,,filing,filing,true,false,false,1,false
20261007T144052772228Z-codex.web.RC14.r3-a1,web,reach,RC14,3,9,fact,"Nine months ended September 30, 2021: year-to-date GMV of 121.3 US$ billions.","Nine months; September 30, 2021; 121.3; US$ billions",S7,filing,filing-source,4,secondary,issuer,false,false,false,false,false,issuer; aggregator; other,none,,,filing,filing,true,true,false,1,false
20261007T144052772228Z-codex.web.RC14.r3-a1,web,reach,RC14,3,10,fact,"Year ended December 31, 2021: year-to-date GMV of 175.4 US$ billions.","December 31, 2021; 175.4; US$ billions",S8,filing,filing-source,3,secondary,issuer,false,false,false,false,false,issuer; promotional; aggregator,none,,,filing,filing,true,true,false,1,false
20261007T144052772228Z-codex.web.RC14.r3-a1,web,reach,RC14,3,11,fact,"Three months ended March 31, 2022: year-to-date GMV of 43.2 US$ billions.","Three months; March 31, 2022; 43.2; US$ billions",S9,issuer,s27.q4cdn.com,4,secondary,issuer,false,true,false,false,false,issuer; promotional; aggregator; other,none,,,secondary,issuer,false,true,false,1,false
20261007T144052772228Z-codex.web.RC14.r3-a1,web,reach,RC14,3,12,fact,"Six months ended June 30, 2022: year-to-date GMV of 90.1 US$ billions.","Six months; June 30, 2022; 90.1; US$ billions",S10,issuer,d18rn0p25nwr6d.cloudfront.net,4,secondary,issuer,false,true,false,false,false,issuer; aggregator; reference; other,none,,,secondary,issuer,false,true,false,1,false
20261007T144052772228Z-codex.web.RC14.r3-a1,web,reach,RC14,3,13,fact,"Nine months ended September 30, 2022: year-to-date GMV of 136.2 US$ billions.","Nine months; September 30, 2022; 136.2; US$ billions",S11,issuer,s27.q4cdn.com,4,secondary,issuer,false,true,false,false,false,issuer; aggregator; other,none,,,secondary,issuer,false,true,false,1,false
20261007T144052772228Z-codex.web.RC14.r3-a1,web,reach,RC14,3,14,fact,"Year ended December 31, 2022: year-to-date GMV of 197.2 US$ billions.","December 31, 2022; 197.2; US$ billions",S12,issuer,shopifyinvestors.gcs-web.com,3,secondary,issuer,false,true,false,false,false,issuer; forum; promotional; aggregator,none,,,filing,filing,true,true,false,1,false
20261007T144052772228Z-codex.web.RC14.r3-a1,web,reach,RC14,3,15,fact,"Three months ended March 31, 2023: year-to-date GMV of 49.6 US$ billions.","Three months; March 31, 2023; 49.6; US$ billions",S13,issuer,s27.q4cdn.com,4,secondary,issuer,false,true,false,false,false,issuer; promotional; aggregator; other,none,,,secondary,issuer,false,true,false,1,false
20261007T144052772228Z-codex.web.RC14.r3-a1,web,reach,RC14,3,16,fact,"Six months ended June 30, 2023: year-to-date GMV of 104.6 US$ billions.","Six months; June 30, 2023; 104.6; US$ billions",S14,filing,filing-source,4,secondary,issuer,false,false,false,false,false,issuer; aggregator; reference; other,none,,,filing,filing,true,true,false,1,false
20261007T144052772228Z-codex.web.RC14.r3-a1,web,reach,RC14,3,17,fact,"Nine months ended September 30, 2023: year-to-date GMV of 160.8 US$ billions.","Nine months; September 30, 2023; 160.8; US$ billions",S15,issuer,s27.q4cdn.com,4,secondary,issuer,false,true,false,false,false,issuer; aggregator; other,none,,,secondary,issuer,false,true,false,1,false
20261007T144052772228Z-codex.web.RC14.r3-a1,web,reach,RC14,3,18,fact,"Year ended December 31, 2023: year-to-date GMV of 235.9 US$ billions.","December 31, 2023; 235.9; US$ billions",S16,filing,filing-source,3,secondary,issuer,false,false,false,false,false,issuer; promotional; aggregator,none,,,filing,filing,true,true,false,1,false
20261007T144052772228Z-codex.web.RC14.r3-a1,web,reach,RC14,3,19,fact,"Three months ended March 31, 2024: year-to-date GMV of 60.9 US$ billions.","Three months; March 31, 2024; 60.9; US$ billions",S17,filing,filing-source,4,secondary,issuer,false,false,false,false,false,issuer; forum; promotional; aggregator; reference; other,none,,,secondary,issuer,false,true,false,1,false
20261007T144052772228Z-codex.web.RC14.r3-a1,web,reach,RC14,3,20,fact,"Six months ended June 30, 2024: year-to-date GMV of 128.1 US$ billions.","Six months; June 30, 2024; 128.1; US$ billions",S18,issuer,s27.q4cdn.com,4,secondary,issuer,false,true,false,false,false,issuer; aggregator; reference; other,none,,,filing,filing,true,true,false,1,false
20261007T144052772228Z-codex.web.RC14.r3-a1,web,reach,RC14,3,21,fact,"Nine months ended September 30, 2024: year-to-date GMV of 197.8 US$ billions.","Nine months; September 30, 2024; 197.8; US$ billions",S19,filing,filing-source,4,secondary,issuer,false,false,false,false,false,issuer; aggregator; other,none,,,filing,filing,true,false,false,1,false
20261007T144052772228Z-codex.web.RC14.r3-a1,web,reach,RC14,3,22,fact,"Year ended December 31, 2024: year-to-date GMV of 292.3 US$ billions.","December 31, 2024; 292.3; US$ billions",S20,filing,filing-source,3,secondary,issuer,false,false,false,false,false,issuer,none,,,filing,filing,true,true,false,1,false
20261007T144052772228Z-codex.web.RC14.r3-a1,web,reach,RC14,3,23,fact,"Three months ended March 31, 2025: year-to-date GMV of 74.8 US$ billions.","Three months; March 31, 2025; 74.8; US$ billions",S21,issuer,d18rn0p25nwr6d.cloudfront.net,4,secondary,issuer,false,true,false,false,false,issuer; promotional; aggregator; other,none,,,secondary,issuer,false,true,false,1,false
20261007T144052772228Z-codex.web.RC14.r3-a1,web,reach,RC14,3,24,fact,"Six months ended June 30, 2025: year-to-date GMV of 162.6 US$ billions.","Six months; June 30, 2025; 162.6; US$ billions",S22,filing,filing-source,4,secondary,issuer,false,false,false,false,false,issuer; aggregator; reference; other,none,,,filing,filing,true,true,false,1,false
20261007T144052772228Z-codex.web.RC14.r3-a1,web,reach,RC14,3,25,fact,"Nine months ended September 30, 2025: year-to-date GMV of 254.6 US$ billions.","Nine months; September 30, 2025; 254.6; US$ billions",S23,filing,filing-source,4,secondary,issuer,false,false,false,false,false,issuer; aggregator; other,none,,,filing,filing,true,true,false,1,false
20261007T144052772228Z-codex.web.RC14.r3-a1,web,reach,RC14,3,26,fact,"Year ended December 31, 2025: year-to-date GMV of 378.4 US$ billions.","December 31, 2025; 378.4; US$ billions",S24,filing,filing-source,3,secondary,issuer,false,false,false,false,false,issuer,none,,,filing,filing,true,true,false,1,false
20261007T144210677818Z-codex.archivist.RC14.r3-a1,archivist,reach,RC14,3,1,fact,"All figures are year-to-date GMV in billions of US dollars, as reported in the corresponding English MD&A.",US dollars,,,,1,unattributed,,false,false,false,false,false,,none,,,unattributed,,false,false,false,1,false
20261007T144210677818Z-codex.archivist.RC14.r3-a1,archivist,reach,RC14,3,2,fact,"3 months ended March 31, 2020; MD&A filed 2020-05-06; GMV (US$bn): 17.4.","3 months; March 31, 2020; 2020-05-06; 17.4",S1,filing,mosaic-finance.com,3,unattributed,,false,false,false,false,false,,none,,,filing,filing,true,false,false,1,false
20261007T144210677818Z-codex.archivist.RC14.r3-a1,archivist,reach,RC14,3,3,fact,"6 months ended June 30, 2020; MD&A filed 2020-07-29; GMV (US$bn): 47.5.","6 months; June 30, 2020; 2020-07-29; 47.5",S2,filing,mosaic-finance.com,4,unattributed,,false,false,false,false,false,,none,,,filing,filing,true,false,false,2,false
20261007T144210677818Z-codex.archivist.RC14.r3-a1,archivist,reach,RC14,3,4,fact,"9 months ended September 30, 2020; MD&A filed 2020-10-29; GMV (US$bn): 78.4.","9 months; September 30, 2020; 2020-10-29; 78.4",S3,filing,mosaic-finance.com,4,unattributed,,false,false,false,false,false,,none,,,filing,filing,true,false,false,2,false
20261007T144210677818Z-codex.archivist.RC14.r3-a1,archivist,reach,RC14,3,5,fact,"Year ended December 31, 2020; MD&A filed 2021-02-17; GMV (US$bn): 119.6.","December 31, 2020; 2021-02-17; 119.6",S4,filing,mosaic-finance.com,3,filing,filing,false,false,true,false,false,,none,,,filing,filing,true,false,false,2,false
20261007T144210677818Z-codex.archivist.RC14.r3-a1,archivist,reach,RC14,3,6,fact,"3 months ended March 31, 2021; MD&A filed 2021-04-28; GMV (US$bn): 37.3.","3 months; March 31, 2021; 2021-04-28; 37.3",S5,filing,mosaic-finance.com,4,unattributed,,false,false,false,false,false,,none,,,filing,filing,true,false,false,2,false
20261007T144210677818Z-codex.archivist.RC14.r3-a1,archivist,reach,RC14,3,7,fact,"6 months ended June 30, 2021; MD&A filed 2021-07-28; GMV (US$bn): 79.5.","6 months; June 30, 2021; 2021-07-28; 79.5",S6,filing,mosaic-finance.com,4,unattributed,,false,false,false,false,false,,none,,,filing,filing,true,false,false,2,false
20261007T144210677818Z-codex.archivist.RC14.r3-a1,archivist,reach,RC14,3,8,fact,"9 months ended September 30, 2021; MD&A filed 2021-10-28; GMV (US$bn): 121.3.","9 months; September 30, 2021; 2021-10-28; 121.3",S7,filing,mosaic-finance.com,4,unattributed,,false,false,false,false,false,,none,,,filing,filing,true,false,false,2,false
20261007T144210677818Z-codex.archivist.RC14.r3-a1,archivist,reach,RC14,3,9,fact,"Year ended December 31, 2021; MD&A filed 2022-02-16; GMV (US$bn): 175.4.","December 31, 2021; 2022-02-16; 175.4",S8,filing,mosaic-finance.com,3,filing,filing,false,false,true,false,false,,none,,,filing,filing,true,false,false,2,false
20261007T144210677818Z-codex.archivist.RC14.r3-a1,archivist,reach,RC14,3,10,fact,"3 months ended March 31, 2022; MD&A filed 2022-05-05; GMV (US$bn): 43.2.","3 months; March 31, 2022; 2022-05-05; 43.2",S9,filing,mosaic-finance.com,3,unattributed,,false,false,false,false,false,,none,,,filing,filing,true,false,false,1,false
20261007T144210677818Z-codex.archivist.RC14.r3-a1,archivist,reach,RC14,3,11,fact,"6 months ended June 30, 2022; MD&A filed 2022-07-27; GMV (US$bn): 90.1.","6 months; June 30, 2022; 2022-07-27; 90.1",S10,filing,mosaic-finance.com,4,unattributed,,false,false,false,false,false,,none,,,filing,filing,true,false,false,2,false
20261007T144210677818Z-codex.archivist.RC14.r3-a1,archivist,reach,RC14,3,12,fact,"9 months ended September 30, 2022; MD&A filed 2022-10-27; GMV (US$bn): 136.2.","9 months; September 30, 2022; 2022-10-27; 136.2",S11,filing,mosaic-finance.com,4,unattributed,,false,false,false,false,false,,none,,,filing,filing,true,false,false,2,false
20261007T144210677818Z-codex.archivist.RC14.r3-a1,archivist,reach,RC14,3,13,fact,"Year ended December 31, 2022; MD&A filed 2023-02-16; GMV (US$bn): 197.2.","December 31, 2022; 2023-02-16; 197.2",S12,filing,mosaic-finance.com,3,filing,filing,false,false,true,false,false,,none,,,filing,filing,true,false,false,2,false
20261007T144210677818Z-codex.archivist.RC14.r3-a1,archivist,reach,RC14,3,14,fact,"3 months ended March 31, 2023; MD&A filed 2023-05-04; GMV (US$bn): 49.6.","3 months; March 31, 2023; 2023-05-04; 49.6",S13,filing,mosaic-finance.com,3,unattributed,,false,false,false,false,false,,none,,,filing,filing,true,false,false,1,false
20261007T144210677818Z-codex.archivist.RC14.r3-a1,archivist,reach,RC14,3,15,fact,"6 months ended June 30, 2023; MD&A filed 2023-08-03; GMV (US$bn): 104.6.","6 months; June 30, 2023; 2023-08-03; 104.6",S14,filing,mosaic-finance.com,3,unattributed,,false,false,false,false,false,,none,,,filing,filing,true,false,false,1,false
20261007T144210677818Z-codex.archivist.RC14.r3-a1,archivist,reach,RC14,3,16,fact,"9 months ended September 30, 2023; MD&A filed 2023-11-02; GMV (US$bn): 160.8.","9 months; September 30, 2023; 2023-11-02; 160.8",S15,filing,mosaic-finance.com,4,unattributed,,false,false,false,false,false,,none,,,filing,filing,true,false,false,2,false
20261007T144210677818Z-codex.archivist.RC14.r3-a1,archivist,reach,RC14,3,17,fact,"Year ended December 31, 2023; MD&A filed 2024-02-13; GMV (US$bn): 235.9.","December 31, 2023; 2024-02-13; 235.9",S16,filing,mosaic-finance.com,3,filing,filing,false,false,true,false,false,,none,,,filing,filing,true,false,false,2,false
20261007T144210677818Z-codex.archivist.RC14.r3-a1,archivist,reach,RC14,3,18,fact,"3 months ended March 31, 2024; MD&A filed 2024-05-08; GMV (US$bn): 60.9.","3 months; March 31, 2024; 2024-05-08; 60.9",S17,filing,mosaic-finance.com,3,unattributed,,false,false,false,false,false,,none,,,filing,filing,true,false,false,1,false
20261007T144210677818Z-codex.archivist.RC14.r3-a1,archivist,reach,RC14,3,19,fact,"6 months ended June 30, 2024; MD&A filed 2024-08-07; GMV (US$bn): 128.1.","6 months; June 30, 2024; 2024-08-07; 128.1",S18,filing,mosaic-finance.com,3,unattributed,,false,false,false,false,false,,none,,,filing,filing,true,false,false,1,false
20261007T144210677818Z-codex.archivist.RC14.r3-a1,archivist,reach,RC14,3,20,fact,"9 months ended September 30, 2024; MD&A filed 2024-11-12; GMV (US$bn): 197.8.","9 months; September 30, 2024; 2024-11-12; 197.8",S19,filing,mosaic-finance.com,5,unattributed,,false,false,false,false,false,,none,,,filing,filing,true,false,false,3,false
20261007T144210677818Z-codex.archivist.RC14.r3-a1,archivist,reach,RC14,3,21,fact,"Year ended December 31, 2024; MD&A filed 2025-02-11; GMV (US$bn): 292.3.","December 31, 2024; 2025-02-11; 292.3",S20,filing,mosaic-finance.com,3,filing,filing,false,false,true,false,false,,none,,,filing,filing,true,false,false,2,false
20261007T144210677818Z-codex.archivist.RC14.r3-a1,archivist,reach,RC14,3,22,fact,"3 months ended March 31, 2025; MD&A filed 2025-05-08; GMV (US$bn): 74.8.","3 months; March 31, 2025; 2025-05-08; 74.8",S21,filing,mosaic-finance.com,3,unattributed,,false,false,false,false,false,,none,,,filing,filing,true,false,false,1,false
20261007T144210677818Z-codex.archivist.RC14.r3-a1,archivist,reach,RC14,3,23,fact,"6 months ended June 30, 2025; MD&A filed 2025-08-06; GMV (US$bn): 162.6.","6 months; June 30, 2025; 2025-08-06; 162.6",S22,filing,mosaic-finance.com,3,unattributed,,false,false,false,false,false,,none,,,filing,filing,true,false,false,1,false
20261007T144210677818Z-codex.archivist.RC14.r3-a1,archivist,reach,RC14,3,24,fact,"9 months ended September 30, 2025; MD&A filed 2025-11-04; GMV (US$bn): 254.6.","9 months; September 30, 2025; 2025-11-04; 254.6",S23,filing,mosaic-finance.com,4,unattributed,,false,false,false,false,false,,none,,,filing,filing,true,false,false,2,false
20261007T144210677818Z-codex.archivist.RC14.r3-a1,archivist,reach,RC14,3,25,fact,"Year ended December 31, 2025; MD&A filed 2026-02-11; GMV (US$bn): 378.4.","December 31, 2025; 2026-02-11; 378.4",S24,filing,mosaic-finance.com,3,filing,filing,false,false,true,false,false,,none,,,filing,filing,true,false,false,2,false
20261007T144313550210Z-codex.both.RC14.r3-a1,both,reach,RC14,3,1,fact,"All figures are year-to-date GMV in US$ billions, using the rounding stated in each MD&A’s “Gross Merchandise Volume” section.",,,,,0,unattributed,,true,false,false,false,false,,none,,,unattributed,,false,false,false,0,true
20261007T144313550210Z-codex.both.RC14.r3-a1,both,reach,RC14,3,2,fact,"MD&A filed 2020-05-06; 3 months ended March 31, 2020; GMV 17.4 US$ billions.","2020-05-06; 3 months; March 31, 2020; 17.4",S1,filing,mosaic-finance.com,3,unattributed,,false,false,false,false,false,,none,,,filing,filing,true,false,false,1,false
20261007T144313550210Z-codex.both.RC14.r3-a1,both,reach,RC14,3,3,fact,"MD&A filed 2020-07-29; 6 months ended June 30, 2020; GMV 47.5 US$ billions.","2020-07-29; 6 months; June 30, 2020; 47.5",S2,filing,mosaic-finance.com,4,unattributed,,false,false,false,false,false,,none,,,filing,filing,true,false,false,2,false
20261007T144313550210Z-codex.both.RC14.r3-a1,both,reach,RC14,3,4,fact,"MD&A filed 2020-10-29; 9 months ended September 30, 2020; GMV 78.4 US$ billions.","2020-10-29; 9 months; September 30, 2020; 78.4",S3,filing,mosaic-finance.com,4,unattributed,,false,false,false,false,false,,none,,,filing,filing,true,false,false,2,false
20261007T144313550210Z-codex.both.RC14.r3-a1,both,reach,RC14,3,5,fact,"MD&A filed 2021-02-17; Year ended December 31, 2020; GMV 119.6 US$ billions.","2021-02-17; December 31, 2020; 119.6",S4,filing,mosaic-finance.com,3,filing,filing,false,false,true,false,false,,none,,,filing,filing,true,false,false,2,false
20261007T144313550210Z-codex.both.RC14.r3-a1,both,reach,RC14,3,6,fact,"MD&A filed 2021-04-28; 3 months ended March 31, 2021; GMV 37.3 US$ billions.","2021-04-28; 3 months; March 31, 2021; 37.3",S5,filing,mosaic-finance.com,4,unattributed,,false,false,false,false,false,,none,,,filing,filing,true,false,false,2,false
20261007T144313550210Z-codex.both.RC14.r3-a1,both,reach,RC14,3,7,fact,"MD&A filed 2021-07-28; 6 months ended June 30, 2021; GMV 79.5 US$ billions.","2021-07-28; 6 months; June 30, 2021; 79.5",S6,filing,mosaic-finance.com,4,unattributed,,false,false,false,false,false,,none,,,filing,filing,true,false,false,2,false
20261007T144313550210Z-codex.both.RC14.r3-a1,both,reach,RC14,3,8,fact,"MD&A filed 2021-10-28; 9 months ended September 30, 2021; GMV 121.3 US$ billions.","2021-10-28; 9 months; September 30, 2021; 121.3",S7,filing,mosaic-finance.com,4,unattributed,,false,false,false,false,false,,none,,,filing,filing,true,false,false,2,false
20261007T144313550210Z-codex.both.RC14.r3-a1,both,reach,RC14,3,9,fact,"MD&A filed 2022-02-16; Year ended December 31, 2021; GMV 175.4 US$ billions.","2022-02-16; December 31, 2021; 175.4",S8,filing,mosaic-finance.com,3,filing,filing,false,false,true,false,false,,none,,,filing,filing,true,false,false,2,false
20261007T144313550210Z-codex.both.RC14.r3-a1,both,reach,RC14,3,10,fact,"MD&A filed 2022-05-05; 3 months ended March 31, 2022; GMV 43.2 US$ billions.","2022-05-05; 3 months; March 31, 2022; 43.2",S9,filing,mosaic-finance.com,3,unattributed,,false,false,false,false,false,,none,,,filing,filing,true,false,false,1,false
20261007T144313550210Z-codex.both.RC14.r3-a1,both,reach,RC14,3,11,fact,"MD&A filed 2022-07-27; 6 months ended June 30, 2022; GMV 90.1 US$ billions.","2022-07-27; 6 months; June 30, 2022; 90.1",S10,filing,mosaic-finance.com,4,unattributed,,false,false,false,false,false,,none,,,filing,filing,true,false,false,2,false
20261007T144313550210Z-codex.both.RC14.r3-a1,both,reach,RC14,3,12,fact,"MD&A filed 2022-10-27; 9 months ended September 30, 2022; GMV 136.2 US$ billions.","2022-10-27; 9 months; September 30, 2022; 136.2",S11,filing,mosaic-finance.com,4,unattributed,,false,false,false,false,false,,none,,,filing,filing,true,false,false,2,false
20261007T144313550210Z-codex.both.RC14.r3-a1,both,reach,RC14,3,13,fact,"MD&A filed 2023-02-16; Year ended December 31, 2022; GMV 197.2 US$ billions.","2023-02-16; December 31, 2022; 197.2",S12,filing,mosaic-finance.com,3,filing,filing,false,false,true,false,false,,none,,,filing,filing,true,false,false,2,false
20261007T144313550210Z-codex.both.RC14.r3-a1,both,reach,RC14,3,14,fact,"MD&A filed 2023-05-04; 3 months ended March 31, 2023; GMV 50 US$ billions.","2023-05-04; 3 months; March 31, 2023; 50",S13,filing,mosaic-finance.com,2,unattributed,,false,false,false,false,false,,none,,,unattributed,,false,false,false,2,false
20261007T144313550210Z-codex.both.RC14.r3-a1,both,reach,RC14,3,15,fact,"MD&A filed 2023-08-03; 6 months ended June 30, 2023; GMV 105 US$ billions.","2023-08-03; 6 months; June 30, 2023; 105",S14,filing,mosaic-finance.com,3,unattributed,,false,false,false,false,false,,none,,,filing,filing,true,false,false,1,false
20261007T144313550210Z-codex.both.RC14.r3-a1,both,reach,RC14,3,16,fact,"MD&A filed 2023-11-02; 9 months ended September 30, 2023; GMV 161 US$ billions.","2023-11-02; 9 months; September 30, 2023; 161",S15,filing,mosaic-finance.com,4,unattributed,,false,false,false,false,false,,none,,,filing,filing,true,false,false,2,false
20261007T144313550210Z-codex.both.RC14.r3-a1,both,reach,RC14,3,17,fact,"MD&A filed 2024-02-13; Year ended December 31, 2023; GMV 236 US$ billions.","2024-02-13; December 31, 2023; 236",S16,filing,mosaic-finance.com,3,filing,filing,false,false,true,false,false,,none,,,filing,filing,true,false,false,2,false
20261007T144313550210Z-codex.both.RC14.r3-a1,both,reach,RC14,3,18,fact,"MD&A filed 2024-05-08; 3 months ended March 31, 2024; GMV 60.9 US$ billions.","2024-05-08; 3 months; March 31, 2024; 60.9",S17,filing,mosaic-finance.com,3,unattributed,,false,false,false,false,false,,none,,,filing,filing,true,false,false,1,false
20261007T144313550210Z-codex.both.RC14.r3-a1,both,reach,RC14,3,19,fact,"MD&A filed 2024-08-07; 6 months ended June 30, 2024; GMV 128.1 US$ billions.","2024-08-07; 6 months; June 30, 2024; 128.1",S18,filing,mosaic-finance.com,3,unattributed,,false,false,false,false,false,,none,,,filing,filing,true,false,false,1,false
20261007T144313550210Z-codex.both.RC14.r3-a1,both,reach,RC14,3,20,fact,"MD&A filed 2024-11-12; 9 months ended September 30, 2024; GMV 197.8 US$ billions.","2024-11-12; 9 months; September 30, 2024; 197.8",S19,filing,mosaic-finance.com,5,unattributed,,false,false,false,false,false,,none,,,filing,filing,true,false,false,3,false
20261007T144313550210Z-codex.both.RC14.r3-a1,both,reach,RC14,3,21,fact,"MD&A filed 2025-02-11; Year ended December 31, 2024; GMV 292.3 US$ billions.","2025-02-11; December 31, 2024; 292.3",S20,filing,mosaic-finance.com,3,filing,filing,false,false,true,false,false,,none,,,filing,filing,true,false,false,2,false
20261007T144313550210Z-codex.both.RC14.r3-a1,both,reach,RC14,3,22,fact,"MD&A filed 2025-05-08; 3 months ended March 31, 2025; GMV 74.8 US$ billions.","2025-05-08; 3 months; March 31, 2025; 74.8",S21,filing,mosaic-finance.com,3,unattributed,,false,false,false,false,false,,none,,,filing,filing,true,false,false,1,false
20261007T144313550210Z-codex.both.RC14.r3-a1,both,reach,RC14,3,23,fact,"MD&A filed 2025-08-06; 6 months ended June 30, 2025; GMV 162.6 US$ billions.","2025-08-06; 6 months; June 30, 2025; 162.6",S22,filing,mosaic-finance.com,3,unattributed,,false,false,false,false,false,,none,,,filing,filing,true,false,false,1,false
20261007T144313550210Z-codex.both.RC14.r3-a1,both,reach,RC14,3,24,fact,"MD&A filed 2025-11-04; 9 months ended September 30, 2025; GMV 254.6 US$ billions.","2025-11-04; 9 months; September 30, 2025; 254.6",S23,filing,mosaic-finance.com,4,unattributed,,false,false,false,false,false,,none,,,filing,filing,true,false,false,2,false
20261007T144313550210Z-codex.both.RC14.r3-a1,both,reach,RC14,3,25,fact,"MD&A filed 2026-02-11; Year ended December 31, 2025; GMV 378.4 US$ billions.","2026-02-11; December 31, 2025; 378.4",S24,filing,mosaic-finance.com,3,filing,filing,false,false,true,false,false,,none,,,filing,filing,true,false,false,2,false
20261007T144500975805Z-codex.web.RC15.r1-a1,web,reach,RC15,1,1,fact,"Total comparable-sales changes, in chronological order across the 24 reports.",24,,,,1,filing,filing,false,false,true,true,false,issuer; news,none,,,filing,filing,true,true,false,1,false
20261007T144500975805Z-codex.web.RC15.r1-a1,web,reach,RC15,1,2,fact,"10-Q figures cover the quarter, and 10-K figures cover the full fiscal year.",10-Q; 10-K,,,,1,filing,filing,false,false,true,true,false,issuer; forum; reference,none,,,filing,filing,true,true,false,1,false
20261007T144500975805Z-codex.web.RC15.r1-a1,web,reach,RC15,1,3,fact,Amendments are excluded.,,,,,0,unattributed,,true,false,false,false,false,,none,,,unattributed,,false,false,false,0,true
20261007T144500975805Z-codex.web.RC15.r1-a1,web,reach,RC15,1,4,fact,2020 Q1 — 10-Q total comparable-sales change: +6.4%.,+6.4%,S1,issuer,ir.homedepot.com,1,filing,filing,false,true,true,true,false,issuer,none,,,filing,filing,true,true,false,1,false
20261007T144500975805Z-codex.web.RC15.r1-a1,web,reach,RC15,1,5,fact,2020 Q2 — 10-Q total comparable-sales change: +23.4%.,+23.4%,S2,issuer,ir.homedepot.com,1,secondary,issuer,false,true,false,true,false,issuer; reference,none,,,secondary,issuer,false,true,false,1,false
20261007T144500975805Z-codex.web.RC15.r1-a1,web,reach,RC15,1,6,fact,2020 Q3 — 10-Q total comparable-sales change: +24.1%.,+24.1%,S3,issuer,ir.homedepot.com,1,secondary,issuer,false,true,false,true,false,issuer,none,,,secondary,issuer,false,true,false,1,false
20261007T144500975805Z-codex.web.RC15.r1-a1,web,reach,RC15,1,7,fact,2020 Full year — 10-K total comparable-sales change: +19.7%.,+19.7%,S4,issuer,ir.homedepot.com,1,filing,filing,false,true,true,true,false,issuer; aggregator,none,,,filing,filing,true,true,false,1,false
20261007T144500975805Z-codex.web.RC15.r1-a1,web,reach,RC15,1,8,fact,2021 Q1 — 10-Q total comparable-sales change: +31.0%.,+31.0%,S5,issuer,ir.homedepot.com,1,secondary,issuer,false,true,false,true,false,issuer; aggregator,none,,,secondary,issuer,false,true,false,1,false
20261007T144500975805Z-codex.web.RC15.r1-a1,web,reach,RC15,1,9,fact,2021 Q2 — 10-Q total comparable-sales change: +4.5%.,+4.5%,S6,issuer,ir.homedepot.com,1,filing,filing,false,true,true,true,false,issuer; forum; news,none,,,filing,filing,true,true,false,1,false
20261007T144500975805Z-codex.web.RC15.r1-a1,web,reach,RC15,1,10,fact,2021 Q3 — 10-Q total comparable-sales change: +6.1%.,+6.1%,S7,issuer,ir.homedepot.com,1,secondary,issuer,false,true,false,true,false,issuer,none,,,secondary,issuer,false,true,false,1,false
20261007T144500975805Z-codex.web.RC15.r1-a1,web,reach,RC15,1,11,fact,2021 Full year — 10-K total comparable-sales change: +11.4%.,+11.4%,S8,issuer,ir.homedepot.com,1,secondary,issuer,false,true,false,true,false,issuer,none,,,secondary,issuer,false,true,false,1,false
20261007T144500975805Z-codex.web.RC15.r1-a1,web,reach,RC15,1,12,fact,2022 Q1 — 10-Q total comparable-sales change: +2.2%.,+2.2%,S9,issuer,ir.homedepot.com,1,filing,filing,false,true,true,true,false,issuer,none,,,filing,filing,true,true,false,1,false
20261007T144500975805Z-codex.web.RC15.r1-a1,web,reach,RC15,1,13,fact,2022 Q2 — 10-Q total comparable-sales change: +5.8%.,+5.8%,S10,issuer,ir.homedepot.com,1,secondary,issuer,false,true,false,true,false,issuer,none,,,secondary,issuer,false,true,false,1,false
20261007T144500975805Z-codex.web.RC15.r1-a1,web,reach,RC15,1,14,fact,2022 Q3 — 10-Q total comparable-sales change: +4.3%.,+4.3%,S11,issuer,ir.homedepot.com,1,secondary,issuer,false,true,false,true,false,issuer,none,,,secondary,issuer,false,true,false,1,false
20261007T144500975805Z-codex.web.RC15.r1-a1,web,reach,RC15,1,15,fact,2022 Full year — 10-K total comparable-sales change: +3.1%.,+3.1%,S12,issuer,ir.homedepot.com,1,secondary,issuer,false,true,false,true,false,issuer,none,,,secondary,issuer,false,true,false,1,false
20261007T144500975805Z-codex.web.RC15.r1-a1,web,reach,RC15,1,16,fact,2023 Q1 — 10-Q total comparable-sales change: −4.5%.,−4.5%,S13,issuer,ir.homedepot.com,1,filing,filing,false,true,true,true,false,issuer; forum; news,none,,,filing,filing,true,true,false,1,false
20261007T144500975805Z-codex.web.RC15.r1-a1,web,reach,RC15,1,17,fact,2023 Q2 — 10-Q total comparable-sales change: −2.0%.,−2.0%,S14,issuer,ir.homedepot.com,1,filing,filing,false,true,true,true,false,issuer; forum; aggregator; news; reference,none,,,filing,filing,true,true,false,1,false
20261007T144500975805Z-codex.web.RC15.r1-a1,web,reach,RC15,1,18,fact,2023 Q3 — 10-Q total comparable-sales change: −3.1%.,−3.1%,S15,issuer,ir.homedepot.com,1,secondary,issuer,false,true,false,true,false,issuer,none,,,secondary,issuer,false,true,false,1,false
20261007T144500975805Z-codex.web.RC15.r1-a1,web,reach,RC15,1,19,fact,2023 Full year — 10-K total comparable-sales change: −3.2%.,−3.2%,S16,issuer,ir.homedepot.com,1,secondary,issuer,false,true,false,true,false,issuer; forum,none,,,secondary,issuer,false,true,false,1,false
20261007T144500975805Z-codex.web.RC15.r1-a1,web,reach,RC15,1,20,fact,2024 Q1 — 10-Q total comparable-sales change: −2.8%.,−2.8%,S17,issuer,ir.homedepot.com,1,secondary,issuer,false,true,false,true,false,issuer,none,,,secondary,issuer,false,true,false,1,false
20261007T144500975805Z-codex.web.RC15.r1-a1,web,reach,RC15,1,21,fact,2024 Q2 — 10-Q total comparable-sales change: −3.3%.,−3.3%,S18,issuer,ir.homedepot.com,1,filing,filing,false,true,true,true,false,issuer,none,,,filing,filing,true,true,false,1,false
20261007T144500975805Z-codex.web.RC15.r1-a1,web,reach,RC15,1,22,fact,2024 Q3 — 10-Q total comparable-sales change: −1.3%.,−1.3%,S19,issuer,ir.homedepot.com,1,secondary,issuer,false,true,false,true,false,issuer; forum; news,none,,,secondary,issuer,false,true,false,1,false
20261007T144500975805Z-codex.web.RC15.r1-a1,web,reach,RC15,1,23,fact,2024 Full year — 10-K total comparable-sales change: −1.8%.,−1.8%,S20,issuer,ir.homedepot.com,1,filing,filing,false,true,true,true,false,issuer,none,,,filing,filing,true,true,false,1,false
20261007T144500975805Z-codex.web.RC15.r1-a1,web,reach,RC15,1,24,fact,2025 Q1 — 10-Q total comparable-sales change: −0.3%.,−0.3%,S21,issuer,ir.homedepot.com,0,secondary,issuer,true,true,false,false,false,,none,,,secondary,issuer,false,false,false,0,true
20261007T144500975805Z-codex.web.RC15.r1-a1,web,reach,RC15,1,25,fact,2025 Q2 — 10-Q total comparable-sales change: +1.0%.,+1.0%,S22,issuer,ir.homedepot.com,1,filing,filing,false,true,true,true,false,issuer; forum; news; reference,none,,,filing,filing,true,true,false,1,false
20261007T144500975805Z-codex.web.RC15.r1-a1,web,reach,RC15,1,26,fact,2025 Q3 — 10-Q total comparable-sales change: +0.2%.,+0.2%,S23,issuer,ir.homedepot.com,0,secondary,issuer,true,true,false,false,false,,none,,,secondary,issuer,false,false,false,0,true
20261007T144500975805Z-codex.web.RC15.r1-a1,web,reach,RC15,1,27,fact,2025 Full year — 10-K total comparable-sales change: +0.3%.,+0.3%,S24,issuer,ir.homedepot.com,0,secondary,issuer,true,true,false,false,false,,none,,,secondary,issuer,false,false,false,0,true
20261007T144500976122Z-codex.archivist.RC15.r1-a1,archivist,reach,RC15,1,1,fact,2020 Q1 | 10-Q | 2020-05-27 | +6.4%,2020 Q1; 10-Q; 2020-05-27; +6.4%,S1,filing,mosaic-finance.com,4,unattributed,,false,false,false,false,false,,none,,,filing,filing,true,false,false,2,false
20261007T144500976122Z-codex.archivist.RC15.r1-a1,archivist,reach,RC15,1,2,fact,2020 Q2 | 10-Q | 2020-08-25 | +23.4%,2020 Q2; 10-Q; 2020-08-25; +23.4%,S2,filing,mosaic-finance.com,4,unattributed,,false,false,false,false,false,,none,,,filing,filing,true,false,false,2,false
20261007T144500976122Z-codex.archivist.RC15.r1-a1,archivist,reach,RC15,1,3,fact,2020 Q3 | 10-Q | 2020-11-24 | +24.1%,2020 Q3; 10-Q; 2020-11-24; +24.1%,S3,filing,mosaic-finance.com,5,unattributed,,false,false,false,false,false,,none,,,filing,filing,true,false,false,3,false
20261007T144500976122Z-codex.archivist.RC15.r1-a1,archivist,reach,RC15,1,4,fact,2020 full year | 10-K | 2021-03-24 | +19.7%,2020 full year; 10-K; 2021-03-24; +19.7%,S4,filing,mosaic-finance.com,3,unattributed,,false,false,false,false,false,,none,,,filing,filing,true,false,false,2,false
20261007T144500976122Z-codex.archivist.RC15.r1-a1,archivist,reach,RC15,1,5,fact,2021 Q1 | 10-Q | 2021-05-24 | +31.0%,2021 Q1; 10-Q; 2021-05-24; +31.0%,S5,filing,mosaic-finance.com,4,unattributed,,false,false,false,false,false,,none,,,filing,filing,true,false,false,2,false
20261007T144500976122Z-codex.archivist.RC15.r1-a1,archivist,reach,RC15,1,6,fact,2021 Q2 | 10-Q | 2021-08-24 | +4.5%,2021 Q2; 10-Q; 2021-08-24; +4.5%,S6,filing,mosaic-finance.com,4,unattributed,,false,false,false,false,false,,none,,,filing,filing,true,false,false,2,false
20261007T144500976122Z-codex.archivist.RC15.r1-a1,archivist,reach,RC15,1,7,fact,2021 Q3 | 10-Q | 2021-11-23 | +6.1%,2021 Q3; 10-Q; 2021-11-23; +6.1%,S7,filing,mosaic-finance.com,5,unattributed,,false,false,false,false,false,,none,,,filing,filing,true,false,false,3,false
20261007T144500976122Z-codex.archivist.RC15.r1-a1,archivist,reach,RC15,1,8,fact,2021 full year | 10-K | 2022-03-23 | +11.4%,2021 full year; 10-K; 2022-03-23; +11.4%,S8,filing,mosaic-finance.com,3,unattributed,,false,false,false,false,false,,none,,,filing,filing,true,false,false,2,false
20261007T144500976122Z-codex.archivist.RC15.r1-a1,archivist,reach,RC15,1,9,fact,2022 Q1 | 10-Q | 2022-05-24 | +2.2%,2022 Q1; 10-Q; 2022-05-24; +2.2%,S9,filing,mosaic-finance.com,4,unattributed,,false,false,false,false,false,,none,,,filing,filing,true,false,false,2,false
20261007T144500976122Z-codex.archivist.RC15.r1-a1,archivist,reach,RC15,1,10,fact,2022 Q2 | 10-Q | 2022-08-23 | +5.8%,2022 Q2; 10-Q; 2022-08-23; +5.8%,S10,filing,mosaic-finance.com,4,unattributed,,false,false,false,false,false,,none,,,filing,filing,true,false,false,2,false
20261007T144500976122Z-codex.archivist.RC15.r1-a1,archivist,reach,RC15,1,11,fact,2022 Q3 | 10-Q | 2022-11-22 | +4.3%,2022 Q3; 10-Q; 2022-11-22; +4.3%,S11,filing,mosaic-finance.com,5,unattributed,,false,false,false,false,false,,none,,,filing,filing,true,false,false,3,false
20261007T144500976122Z-codex.archivist.RC15.r1-a1,archivist,reach,RC15,1,12,fact,2022 full year | 10-K | 2023-03-15 | +3.1%,2022 full year; 10-K; 2023-03-15; +3.1%,S12,filing,mosaic-finance.com,3,unattributed,,false,false,false,false,false,,none,,,filing,filing,true,false,false,2,false
20261007T144500976122Z-codex.archivist.RC15.r1-a1,archivist,reach,RC15,1,13,fact,2023 Q1 | 10-Q | 2023-05-23 | −4.5%,2023 Q1; 10-Q; 2023-05-23; −4.5%,S13,filing,mosaic-finance.com,4,unattributed,,false,false,false,false,false,,none,,,filing,filing,true,false,false,2,false
20261007T144500976122Z-codex.archivist.RC15.r1-a1,archivist,reach,RC15,1,14,fact,2023 Q2 | 10-Q | 2023-08-22 | −2.0%,2023 Q2; 10-Q; 2023-08-22; −2.0%,S14,filing,mosaic-finance.com,4,unattributed,,false,false,false,false,false,,none,,,filing,filing,true,false,false,2,false
20261007T144500976122Z-codex.archivist.RC15.r1-a1,archivist,reach,RC15,1,15,fact,2023 Q3 | 10-Q | 2023-11-21 | −3.1%,2023 Q3; 10-Q; 2023-11-21; −3.1%,S15,filing,mosaic-finance.com,5,unattributed,,false,false,false,false,false,,none,,,filing,filing,true,false,false,3,false
20261007T144500976122Z-codex.archivist.RC15.r1-a1,archivist,reach,RC15,1,16,fact,2023 full year | 10-K | 2024-03-13 | −3.2%,2023 full year; 10-K; 2024-03-13; −3.2%,S16,filing,mosaic-finance.com,3,unattributed,,false,false,false,false,false,,none,,,filing,filing,true,false,false,2,false
20261007T144500976122Z-codex.archivist.RC15.r1-a1,archivist,reach,RC15,1,17,fact,2024 Q1 | 10-Q | 2024-05-21 | −2.8%,2024 Q1; 10-Q; 2024-05-21; −2.8%,S17,filing,mosaic-finance.com,4,unattributed,,false,false,false,false,false,,none,,,filing,filing,true,false,false,2,false
20261007T144500976122Z-codex.archivist.RC15.r1-a1,archivist,reach,RC15,1,18,fact,2024 Q2 | 10-Q | 2024-08-20 | −3.3%,2024 Q2; 10-Q; 2024-08-20; −3.3%,S18,filing,mosaic-finance.com,3,unattributed,,false,false,false,false,false,,none,,,filing,filing,true,false,false,1,false
20261007T144500976122Z-codex.archivist.RC15.r1-a1,archivist,reach,RC15,1,19,fact,2024 Q3 | 10-Q | 2024-11-19 | −1.3%,2024 Q3; 10-Q; 2024-11-19; −1.3%,S19,filing,mosaic-finance.com,5,unattributed,,false,false,false,false,false,,none,,,filing,filing,true,false,false,3,false
20261007T144500976122Z-codex.archivist.RC15.r1-a1,archivist,reach,RC15,1,20,fact,2024 full year | 10-K | 2025-03-21 | −1.8%,2024 full year; 10-K; 2025-03-21; −1.8%,S20,filing,mosaic-finance.com,3,unattributed,,false,false,false,false,false,,none,,,filing,filing,true,false,false,2,false
20261007T144500976122Z-codex.archivist.RC15.r1-a1,archivist,reach,RC15,1,21,fact,2025 Q1 | 10-Q | 2025-05-28 | −0.3%,2025 Q1; 10-Q; 2025-05-28; −0.3%,S21,filing,mosaic-finance.com,3,unattributed,,false,false,false,false,false,,none,,,filing,filing,true,false,false,1,false
20261007T144500976122Z-codex.archivist.RC15.r1-a1,archivist,reach,RC15,1,22,fact,2025 Q2 | 10-Q | 2025-08-26 | +1.0%,2025 Q2; 10-Q; 2025-08-26; +1.0%,S22,filing,mosaic-finance.com,4,unattributed,,false,false,false,false,false,,none,,,filing,filing,true,false,false,2,false
20261007T144500976122Z-codex.archivist.RC15.r1-a1,archivist,reach,RC15,1,23,fact,2025 Q3 | 10-Q | 2025-11-25 | +0.2%,2025 Q3; 10-Q; 2025-11-25; +0.2%,S23,filing,mosaic-finance.com,4,unattributed,,false,false,false,false,false,,none,,,filing,filing,true,false,false,2,false
20261007T144500976122Z-codex.archivist.RC15.r1-a1,archivist,reach,RC15,1,24,fact,2025 full year | 10-K | 2026-03-18 | +0.3%,2025 full year; 10-K; 2026-03-18; +0.3%,S24,filing,mosaic-finance.com,2,unattributed,,false,false,false,false,false,,none,,,filing,filing,true,false,false,1,false
20261007T144634951566Z-codex.both.RC15.r1-a1,both,reach,RC15,1,1,fact,2020 Q1 | 10-Q · 2020-05-27 | +6.4% total company comparable-sales change.,2020 Q1; 10-Q; 2020-05-27; +6.4%,S1,filing,mosaic-finance.com,4,unattributed,,false,false,false,false,false,,none,,,filing,filing,true,false,false,2,false
20261007T144634951566Z-codex.both.RC15.r1-a1,both,reach,RC15,1,2,fact,2020 Q2 | 10-Q · 2020-08-25 | +23.4% total company comparable-sales change.,2020 Q2; 10-Q; 2020-08-25; +23.4%,S2,filing,mosaic-finance.com,4,unattributed,,false,false,false,false,false,,none,,,filing,filing,true,false,false,2,false
20261007T144634951566Z-codex.both.RC15.r1-a1,both,reach,RC15,1,3,fact,2020 Q3 | 10-Q · 2020-11-24 | +24.1% total company comparable-sales change.,2020 Q3; 10-Q; 2020-11-24; +24.1%,S3,filing,mosaic-finance.com,5,unattributed,,false,false,false,false,false,,none,,,filing,filing,true,false,false,3,false
20261007T144634951566Z-codex.both.RC15.r1-a1,both,reach,RC15,1,4,fact,2020 year | 10-K · 2021-03-24 | +19.7% total company comparable-sales change.,2020 year; 10-K; 2021-03-24; +19.7%,S4,filing,mosaic-finance.com,3,unattributed,,false,false,false,false,false,,none,,,filing,filing,true,false,false,2,false
20261007T144634951566Z-codex.both.RC15.r1-a1,both,reach,RC15,1,5,fact,2021 Q1 | 10-Q · 2021-05-24 | +31.0% total company comparable-sales change.,2021 Q1; 10-Q; 2021-05-24; +31.0%,S5,filing,mosaic-finance.com,4,unattributed,,false,false,false,false,false,,none,,,filing,filing,true,false,false,2,false
20261007T144634951566Z-codex.both.RC15.r1-a1,both,reach,RC15,1,6,fact,2021 Q2 | 10-Q · 2021-08-24 | +4.5% total company comparable-sales change.,2021 Q2; 10-Q; 2021-08-24; +4.5%,S6,filing,mosaic-finance.com,4,unattributed,,false,false,false,false,false,,none,,,filing,filing,true,false,false,2,false
20261007T144634951566Z-codex.both.RC15.r1-a1,both,reach,RC15,1,7,fact,2021 Q3 | 10-Q · 2021-11-23 | +6.1% total company comparable-sales change.,2021 Q3; 10-Q; 2021-11-23; +6.1%,S7,filing,mosaic-finance.com,5,unattributed,,false,false,false,false,false,,none,,,filing,filing,true,false,false,3,false
20261007T144634951566Z-codex.both.RC15.r1-a1,both,reach,RC15,1,8,fact,2021 year | 10-K · 2022-03-23 | +11.4% total company comparable-sales change.,2021 year; 10-K; 2022-03-23; +11.4%,S8,filing,mosaic-finance.com,3,unattributed,,false,false,false,false,false,,none,,,filing,filing,true,false,false,2,false
20261007T144634951566Z-codex.both.RC15.r1-a1,both,reach,RC15,1,9,fact,2022 Q1 | 10-Q · 2022-05-24 | +2.2% total company comparable-sales change.,2022 Q1; 10-Q; 2022-05-24; +2.2%,S9,filing,mosaic-finance.com,4,unattributed,,false,false,false,false,false,,none,,,filing,filing,true,false,false,2,false
20261007T144634951566Z-codex.both.RC15.r1-a1,both,reach,RC15,1,10,fact,2022 Q2 | 10-Q · 2022-08-23 | +5.8% total company comparable-sales change.,2022 Q2; 10-Q; 2022-08-23; +5.8%,S10,filing,mosaic-finance.com,4,unattributed,,false,false,false,false,false,,none,,,filing,filing,true,false,false,2,false
20261007T144634951566Z-codex.both.RC15.r1-a1,both,reach,RC15,1,11,fact,2022 Q3 | 10-Q · 2022-11-22 | +4.3% total company comparable-sales change.,2022 Q3; 10-Q; 2022-11-22; +4.3%,S11,filing,mosaic-finance.com,5,unattributed,,false,false,false,false,false,,none,,,filing,filing,true,false,false,3,false
20261007T144634951566Z-codex.both.RC15.r1-a1,both,reach,RC15,1,12,fact,2022 year | 10-K · 2023-03-15 | +3.1% total company comparable-sales change.,2022 year; 10-K; 2023-03-15; +3.1%,S12,filing,mosaic-finance.com,3,unattributed,,false,false,false,false,false,,none,,,filing,filing,true,false,false,2,false
20261007T144634951566Z-codex.both.RC15.r1-a1,both,reach,RC15,1,13,fact,2023 Q1 | 10-Q · 2023-05-23 | −4.5% total company comparable-sales change.,2023 Q1; 10-Q; 2023-05-23; −4.5%,S13,filing,mosaic-finance.com,4,unattributed,,false,false,false,false,false,,none,,,filing,filing,true,false,false,2,false
20261007T144634951566Z-codex.both.RC15.r1-a1,both,reach,RC15,1,14,fact,2023 Q2 | 10-Q · 2023-08-22 | −2.0% total company comparable-sales change.,2023 Q2; 10-Q; 2023-08-22; −2.0%,S14,filing,mosaic-finance.com,4,unattributed,,false,false,false,false,false,,none,,,filing,filing,true,false,false,2,false
20261007T144634951566Z-codex.both.RC15.r1-a1,both,reach,RC15,1,15,fact,2023 Q3 | 10-Q · 2023-11-21 | −3.1% total company comparable-sales change.,2023 Q3; 10-Q; 2023-11-21; −3.1%,S15,filing,mosaic-finance.com,5,unattributed,,false,false,false,false,false,,none,,,filing,filing,true,false,false,3,false
20261007T144634951566Z-codex.both.RC15.r1-a1,both,reach,RC15,1,16,fact,2023 year | 10-K · 2024-03-13 | −3.2% total company comparable-sales change.,2023 year; 10-K; 2024-03-13; −3.2%,S16,filing,mosaic-finance.com,3,unattributed,,false,false,false,false,false,,none,,,filing,filing,true,false,false,2,false
20261007T144634951566Z-codex.both.RC15.r1-a1,both,reach,RC15,1,17,fact,2024 Q1 | 10-Q · 2024-05-21 | −2.8% total company comparable-sales change.,2024 Q1; 10-Q; 2024-05-21; −2.8%,S17,filing,mosaic-finance.com,4,unattributed,,false,false,false,false,false,,none,,,filing,filing,true,false,false,2,false
20261007T144634951566Z-codex.both.RC15.r1-a1,both,reach,RC15,1,18,fact,2024 Q2 | 10-Q · 2024-08-20 | −3.3% total company comparable-sales change.,2024 Q2; 10-Q; 2024-08-20; −3.3%,S18,filing,mosaic-finance.com,3,unattributed,,false,false,false,false,false,,none,,,filing,filing,true,false,false,1,false
20261007T144634951566Z-codex.both.RC15.r1-a1,both,reach,RC15,1,19,fact,2024 Q3 | 10-Q · 2024-11-19 | −1.3% total company comparable-sales change.,2024 Q3; 10-Q; 2024-11-19; −1.3%,S19,filing,mosaic-finance.com,5,unattributed,,false,false,false,false,false,,none,,,filing,filing,true,false,false,3,false
20261007T144634951566Z-codex.both.RC15.r1-a1,both,reach,RC15,1,20,fact,2024 year | 10-K · 2025-03-21 | −1.8% total company comparable-sales change.,2024 year; 10-K; 2025-03-21; −1.8%,S20,filing,mosaic-finance.com,3,unattributed,,false,false,false,false,false,,none,,,filing,filing,true,false,false,2,false
20261007T144634951566Z-codex.both.RC15.r1-a1,both,reach,RC15,1,21,fact,2025 Q1 | 10-Q · 2025-05-28 | −0.3% total company comparable-sales change.,2025 Q1; 10-Q; 2025-05-28; −0.3%,S21,filing,mosaic-finance.com,3,unattributed,,false,false,false,false,false,,none,,,filing,filing,true,false,false,1,false
20261007T144634951566Z-codex.both.RC15.r1-a1,both,reach,RC15,1,22,fact,2025 Q2 | 10-Q · 2025-08-26 | +1.0% total company comparable-sales change.,2025 Q2; 10-Q; 2025-08-26; +1.0%,S22,filing,mosaic-finance.com,4,unattributed,,false,false,false,false,false,,none,,,filing,filing,true,false,false,2,false
20261007T144634951566Z-codex.both.RC15.r1-a1,both,reach,RC15,1,23,fact,2025 Q3 | 10-Q · 2025-11-25 | +0.2% total company comparable-sales change.,2025 Q3; 10-Q; 2025-11-25; +0.2%,S23,filing,mosaic-finance.com,4,unattributed,,false,false,false,false,false,,none,,,filing,filing,true,false,false,2,false
20261007T144634951566Z-codex.both.RC15.r1-a1,both,reach,RC15,1,24,fact,2025 year | 10-K · 2026-03-18 | +0.3% total company comparable-sales change.,2025 year; 10-K; 2026-03-18; +0.3%,S24,filing,mosaic-finance.com,2,unattributed,,false,false,false,false,false,,none,,,filing,filing,true,false,false,1,false
20261007T144700139380Z-codex.web.RC15.r2-a1,web,reach,RC15,2,1,fact,"Fiscal year 2020, Q1 — 10-Q: +6.4% total comparable-sales change, year over year.",Q1; +6.4%,S1,issuer,ir.homedepot.com,2,secondary,issuer,false,true,false,true,false,issuer; forum; aggregator,none,,,secondary,issuer,false,true,false,1,false
20261007T144700139380Z-codex.web.RC15.r2-a1,web,reach,RC15,2,2,fact,"Fiscal year 2020, Q2 — 10-Q: +23.4% total comparable-sales change, year over year.",Q2; +23.4%,S2,issuer,ir.homedepot.com,2,secondary,issuer,false,true,false,true,false,issuer; forum,none,,,secondary,issuer,false,true,false,1,false
20261007T144700139380Z-codex.web.RC15.r2-a1,web,reach,RC15,2,3,fact,"Fiscal year 2020, Q3 — 10-Q: +24.1% total comparable-sales change, year over year.",Q3; +24.1%,S3,issuer,ir.homedepot.com,2,secondary,issuer,false,true,false,true,false,issuer; forum,none,,,secondary,issuer,false,true,false,1,false
20261007T144700139380Z-codex.web.RC15.r2-a1,web,reach,RC15,2,4,fact,"Fiscal year 2020, Full year — 10-K: +19.7% total comparable-sales change, year over year.",+19.7%,S4,issuer,ir.homedepot.com,1,secondary,issuer,false,true,false,false,false,,none,,,secondary,issuer,false,false,false,1,false
20261007T144700139380Z-codex.web.RC15.r2-a1,web,reach,RC15,2,5,fact,"Fiscal year 2021, Q1 — 10-Q: +31.0% total comparable-sales change, year over year.",Q1; +31.0%,S5,issuer,ir.homedepot.com,2,secondary,issuer,false,true,false,true,false,issuer; forum; aggregator,none,,,secondary,issuer,false,true,false,1,false
20261007T144700139380Z-codex.web.RC15.r2-a1,web,reach,RC15,2,6,fact,"Fiscal year 2021, Q2 — 10-Q: +4.5% total comparable-sales change, year over year.",Q2; +4.5%,S6,issuer,ir.homedepot.com,2,secondary,issuer,false,true,false,true,false,issuer; forum; news,none,,,secondary,issuer,false,true,false,1,false
20261007T144700139380Z-codex.web.RC15.r2-a1,web,reach,RC15,2,7,fact,"Fiscal year 2021, Q3 — 10-Q: +6.1% total comparable-sales change, year over year.",Q3; +6.1%,S7,issuer,ir.homedepot.com,2,secondary,issuer,false,true,false,true,false,issuer; forum; aggregator,none,,,secondary,issuer,false,true,false,1,false
20261007T144700139380Z-codex.web.RC15.r2-a1,web,reach,RC15,2,8,fact,"Fiscal year 2021, Full year — 10-K: +11.4% total comparable-sales change, year over year.",+11.4%,S8,issuer,ir.homedepot.com,1,secondary,issuer,false,true,false,false,false,,none,,,secondary,issuer,false,false,false,1,false
20261007T144700139380Z-codex.web.RC15.r2-a1,web,reach,RC15,2,9,fact,"Fiscal year 2022, Q1 — 10-Q: +2.2% total comparable-sales change, year over year.",Q1; +2.2%,S9,issuer,ir.homedepot.com,2,secondary,issuer,false,true,false,true,false,issuer; forum; aggregator,none,,,secondary,issuer,false,true,false,1,false
20261007T144700139380Z-codex.web.RC15.r2-a1,web,reach,RC15,2,10,fact,"Fiscal year 2022, Q2 — 10-Q: +5.8% total comparable-sales change, year over year.",Q2; +5.8%,S10,issuer,ir.homedepot.com,2,secondary,issuer,false,true,false,true,false,issuer; forum,none,,,secondary,issuer,false,true,false,1,false
20261007T144700139380Z-codex.web.RC15.r2-a1,web,reach,RC15,2,11,fact,"Fiscal year 2022, Q3 — 10-Q: +4.3% total comparable-sales change, year over year.",Q3; +4.3%,S11,issuer,ir.homedepot.com,2,secondary,issuer,false,true,false,true,false,issuer; forum,none,,,secondary,issuer,false,true,false,1,false
20261007T144700139380Z-codex.web.RC15.r2-a1,web,reach,RC15,2,12,fact,"Fiscal year 2022, Full year — 10-K: +3.1% total comparable-sales change, year over year.",+3.1%,S12,issuer,ir.homedepot.com,1,secondary,issuer,false,true,false,true,false,issuer,none,,,secondary,issuer,false,true,false,1,false
20261007T144700139380Z-codex.web.RC15.r2-a1,web,reach,RC15,2,13,fact,"Fiscal year 2023, Q1 — 10-Q: −4.5% total comparable-sales change, year over year.",Q1; −4.5%,S13,issuer,ir.homedepot.com,2,secondary,issuer,false,true,false,true,false,issuer; forum; aggregator; news,none,,,secondary,issuer,false,true,false,1,false
20261007T144700139380Z-codex.web.RC15.r2-a1,web,reach,RC15,2,14,fact,"Fiscal year 2023, Q2 — 10-Q: −2.0% total comparable-sales change, year over year.",Q2; −2.0%,S14,issuer,ir.homedepot.com,2,secondary,issuer,false,true,false,true,false,issuer; forum; aggregator; news; reference,none,,,secondary,issuer,false,true,false,1,false
20261007T144700139380Z-codex.web.RC15.r2-a1,web,reach,RC15,2,15,fact,"Fiscal year 2023, Q3 — 10-Q: −3.1% total comparable-sales change, year over year.",Q3; −3.1%,S15,issuer,ir.homedepot.com,2,secondary,issuer,false,true,false,true,false,issuer; forum,none,,,secondary,issuer,false,true,false,1,false
20261007T144700139380Z-codex.web.RC15.r2-a1,web,reach,RC15,2,16,fact,"Fiscal year 2023, Full year — 10-K: −3.2% total comparable-sales change, year over year.",−3.2%,S16,issuer,ir.homedepot.com,1,secondary,issuer,false,true,false,true,false,issuer; aggregator,none,,,secondary,issuer,false,true,false,1,false
20261007T144700139380Z-codex.web.RC15.r2-a1,web,reach,RC15,2,17,fact,"Fiscal year 2024, Q1 — 10-Q: −2.8% total comparable-sales change, year over year.",Q1; −2.8%,S17,issuer,ir.homedepot.com,2,secondary,issuer,false,true,false,true,false,issuer; forum; aggregator,none,,,secondary,issuer,false,true,false,1,false
20261007T144700139380Z-codex.web.RC15.r2-a1,web,reach,RC15,2,18,fact,"Fiscal year 2024, Q2 — 10-Q: −3.3% total comparable-sales change, year over year.",Q2; −3.3%,S18,issuer,ir.homedepot.com,2,secondary,issuer,false,true,false,true,false,issuer; forum,none,,,secondary,issuer,false,true,false,1,false
20261007T144700139380Z-codex.web.RC15.r2-a1,web,reach,RC15,2,19,fact,"Fiscal year 2024, Q3 — 10-Q: −1.3% total comparable-sales change, year over year.",Q3; −1.3%,S19,issuer,ir.homedepot.com,2,secondary,issuer,false,true,false,true,false,issuer; forum; news,none,,,secondary,issuer,false,true,false,1,false
20261007T144700139380Z-codex.web.RC15.r2-a1,web,reach,RC15,2,20,fact,"Fiscal year 2024, Full year — 10-K: −1.8% total comparable-sales change, year over year.",−1.8%,S20,issuer,ir.homedepot.com,1,secondary,issuer,false,true,false,true,false,issuer,none,,,secondary,issuer,false,true,false,1,false
20261007T144700139380Z-codex.web.RC15.r2-a1,web,reach,RC15,2,21,fact,"Fiscal year 2025, Q1 — 10-Q: −0.3% total comparable-sales change, year over year.",Q1; −0.3%,S21,issuer,ir.homedepot.com,1,secondary,issuer,false,true,false,true,false,issuer; forum; aggregator,none,,,secondary,issuer,false,true,false,1,false
20261007T144700139380Z-codex.web.RC15.r2-a1,web,reach,RC15,2,22,fact,"Fiscal year 2025, Q2 — 10-Q: +1.0% total comparable-sales change, year over year.",Q2; +1.0%,S22,issuer,ir.homedepot.com,2,secondary,issuer,false,true,false,true,false,issuer; forum; reference,none,,,secondary,issuer,false,true,false,1,false
20261007T144700139380Z-codex.web.RC15.r2-a1,web,reach,RC15,2,23,fact,"Fiscal year 2025, Q3 — 10-Q: +0.2% total comparable-sales change, year over year.",Q3; +0.2%,S23,issuer,ir.homedepot.com,1,secondary,issuer,false,true,false,true,false,issuer; forum,none,,,secondary,issuer,false,true,false,1,false
20261007T144700139380Z-codex.web.RC15.r2-a1,web,reach,RC15,2,24,fact,"Fiscal year 2025, Full year — 10-K: +0.3% total comparable-sales change, year over year.",+0.3%,S24,issuer,ir.homedepot.com,0,secondary,issuer,true,true,false,false,false,,none,,,secondary,issuer,false,false,false,0,true
20261007T144825274293Z-codex.archivist.RC15.r2-a1,archivist,reach,RC15,2,1,fact,2020-05-27 | 10-Q: Q1 FY2020 | +6.4%,2020-05-27; 10-Q; Q1 FY2020; +6.4%,S1,filing,mosaic-finance.com,4,unattributed,,false,false,false,false,false,,none,,,filing,filing,true,false,false,2,false
20261007T144825274293Z-codex.archivist.RC15.r2-a1,archivist,reach,RC15,2,2,fact,2020-08-25 | 10-Q: Q2 FY2020 | +23.4%,2020-08-25; 10-Q; Q2 FY2020; +23.4%,S2,filing,mosaic-finance.com,4,unattributed,,false,false,false,false,false,,none,,,filing,filing,true,false,false,2,false
20261007T144825274293Z-codex.archivist.RC15.r2-a1,archivist,reach,RC15,2,3,fact,2020-11-24 | 10-Q: Q3 FY2020 | +24.1%,2020-11-24; 10-Q; Q3 FY2020; +24.1%,S3,filing,mosaic-finance.com,5,unattributed,,false,false,false,false,false,,none,,,filing,filing,true,false,false,3,false
20261007T144825274293Z-codex.archivist.RC15.r2-a1,archivist,reach,RC15,2,4,fact,2021-03-24 | 10-K: FY2020 | +19.7%,2021-03-24; 10-K; FY2020; +19.7%,S4,filing,mosaic-finance.com,2,filing,filing,false,false,true,false,false,,none,,,filing,filing,true,false,false,2,false
20261007T144825274293Z-codex.archivist.RC15.r2-a1,archivist,reach,RC15,2,5,fact,2021-05-24 | 10-Q: Q1 FY2021 | +31.0%,2021-05-24; 10-Q; Q1 FY2021; +31.0%,S5,filing,mosaic-finance.com,4,unattributed,,false,false,false,false,false,,none,,,filing,filing,true,false,false,2,false
20261007T144825274293Z-codex.archivist.RC15.r2-a1,archivist,reach,RC15,2,6,fact,2021-08-24 | 10-Q: Q2 FY2021 | +4.5%,2021-08-24; 10-Q; Q2 FY2021; +4.5%,S6,filing,mosaic-finance.com,4,unattributed,,false,false,false,false,false,,none,,,filing,filing,true,false,false,2,false
20261007T144825274293Z-codex.archivist.RC15.r2-a1,archivist,reach,RC15,2,7,fact,2021-11-23 | 10-Q: Q3 FY2021 | +6.1%,2021-11-23; 10-Q; Q3 FY2021; +6.1%,S7,filing,mosaic-finance.com,5,unattributed,,false,false,false,false,false,,none,,,filing,filing,true,false,false,3,false
20261007T144825274293Z-codex.archivist.RC15.r2-a1,archivist,reach,RC15,2,8,fact,2022-03-23 | 10-K: FY2021 | +11.4%,2022-03-23; 10-K; FY2021; +11.4%,S8,filing,mosaic-finance.com,2,filing,filing,false,false,true,false,false,,none,,,filing,filing,true,false,false,2,false
20261007T144825274293Z-codex.archivist.RC15.r2-a1,archivist,reach,RC15,2,9,fact,2022-05-24 | 10-Q: Q1 FY2022 | +2.2%,2022-05-24; 10-Q; Q1 FY2022; +2.2%,S9,filing,mosaic-finance.com,4,unattributed,,false,false,false,false,false,,none,,,filing,filing,true,false,false,2,false
20261007T144825274293Z-codex.archivist.RC15.r2-a1,archivist,reach,RC15,2,10,fact,2022-08-23 | 10-Q: Q2 FY2022 | +5.8%,2022-08-23; 10-Q; Q2 FY2022; +5.8%,S10,filing,mosaic-finance.com,4,unattributed,,false,false,false,false,false,,none,,,filing,filing,true,false,false,2,false
20261007T144825274293Z-codex.archivist.RC15.r2-a1,archivist,reach,RC15,2,11,fact,2022-11-22 | 10-Q: Q3 FY2022 | +4.3%,2022-11-22; 10-Q; Q3 FY2022; +4.3%,S11,filing,mosaic-finance.com,5,unattributed,,false,false,false,false,false,,none,,,filing,filing,true,false,false,3,false
20261007T144825274293Z-codex.archivist.RC15.r2-a1,archivist,reach,RC15,2,12,fact,2023-03-15 | 10-K: FY2022 | +3.1%,2023-03-15; 10-K; FY2022; +3.1%,S12,filing,mosaic-finance.com,2,filing,filing,false,false,true,false,false,,none,,,filing,filing,true,false,false,2,false
20261007T144825274293Z-codex.archivist.RC15.r2-a1,archivist,reach,RC15,2,13,fact,2023-05-23 | 10-Q: Q1 FY2023 | −4.5%,2023-05-23; 10-Q; Q1 FY2023; −4.5%,S13,filing,mosaic-finance.com,4,unattributed,,false,false,false,false,false,,none,,,filing,filing,true,false,false,2,false
20261007T144825274293Z-codex.archivist.RC15.r2-a1,archivist,reach,RC15,2,14,fact,2023-08-22 | 10-Q: Q2 FY2023 | −2.0%,2023-08-22; 10-Q; Q2 FY2023; −2.0%,S14,filing,mosaic-finance.com,4,unattributed,,false,false,false,false,false,,none,,,filing,filing,true,false,false,2,false
20261007T144825274293Z-codex.archivist.RC15.r2-a1,archivist,reach,RC15,2,15,fact,2023-11-21 | 10-Q: Q3 FY2023 | −3.1%,2023-11-21; 10-Q; Q3 FY2023; −3.1%,S15,filing,mosaic-finance.com,5,unattributed,,false,false,false,false,false,,none,,,filing,filing,true,false,false,3,false
20261007T144825274293Z-codex.archivist.RC15.r2-a1,archivist,reach,RC15,2,16,fact,2024-03-13 | 10-K: FY2023 | −3.2%,2024-03-13; 10-K; FY2023; −3.2%,S16,filing,mosaic-finance.com,2,filing,filing,false,false,true,false,false,,none,,,filing,filing,true,false,false,2,false
20261007T144825274293Z-codex.archivist.RC15.r2-a1,archivist,reach,RC15,2,17,fact,2024-05-21 | 10-Q: Q1 FY2024 | −2.8%,2024-05-21; 10-Q; Q1 FY2024; −2.8%,S17,filing,mosaic-finance.com,4,unattributed,,false,false,false,false,false,,none,,,filing,filing,true,false,false,2,false
20261007T144825274293Z-codex.archivist.RC15.r2-a1,archivist,reach,RC15,2,18,fact,2024-08-20 | 10-Q: Q2 FY2024 | −3.3%,2024-08-20; 10-Q; Q2 FY2024; −3.3%,S18,filing,mosaic-finance.com,3,unattributed,,false,false,false,false,false,,none,,,filing,filing,true,false,false,1,false
20261007T144825274293Z-codex.archivist.RC15.r2-a1,archivist,reach,RC15,2,19,fact,2024-11-19 | 10-Q: Q3 FY2024 | −1.3%,2024-11-19; 10-Q; Q3 FY2024; −1.3%,S19,filing,mosaic-finance.com,5,unattributed,,false,false,false,false,false,,none,,,filing,filing,true,false,false,3,false
20261007T144825274293Z-codex.archivist.RC15.r2-a1,archivist,reach,RC15,2,20,fact,2025-03-21 | 10-K: FY2024 | −1.8%,2025-03-21; 10-K; FY2024; −1.8%,S20,filing,mosaic-finance.com,2,filing,filing,false,false,true,false,false,,none,,,filing,filing,true,false,false,2,false
20261007T144825274293Z-codex.archivist.RC15.r2-a1,archivist,reach,RC15,2,21,fact,2025-05-28 | 10-Q: Q1 FY2025 | −0.3%,2025-05-28; 10-Q; Q1 FY2025; −0.3%,S21,filing,mosaic-finance.com,3,unattributed,,false,false,false,false,false,,none,,,filing,filing,true,false,false,1,false
20261007T144825274293Z-codex.archivist.RC15.r2-a1,archivist,reach,RC15,2,22,fact,2025-08-26 | 10-Q: Q2 FY2025 | +1.0%,2025-08-26; 10-Q; Q2 FY2025; +1.0%,S22,filing,mosaic-finance.com,4,unattributed,,false,false,false,false,false,,none,,,filing,filing,true,false,false,2,false
20261007T144825274293Z-codex.archivist.RC15.r2-a1,archivist,reach,RC15,2,23,fact,2025-11-25 | 10-Q: Q3 FY2025 | +0.2%,2025-11-25; 10-Q; Q3 FY2025; +0.2%,S23,filing,mosaic-finance.com,4,unattributed,,false,false,false,false,false,,none,,,filing,filing,true,false,false,2,false
20261007T144825274293Z-codex.archivist.RC15.r2-a1,archivist,reach,RC15,2,24,fact,2026-03-18 | 10-K: FY2025 | +0.3%,2026-03-18; 10-K; FY2025; +0.3%,S24,filing,mosaic-finance.com,1,filing,filing,false,false,true,false,false,,none,,,filing,filing,true,false,false,1,false
20261007T144838570760Z-codex.both.RC15.r2-a1,both,reach,RC15,2,1,fact,2020 Q1 total company comparable-sales change: +6.4%; period ended 2020-05-03; filed 2020-05-27 / 10-Q.,2020 Q1; 2020-05-03; 2020-05-27; 10-Q; +6.4%,S1,filing,mosaic-finance.com,4,secondary,issuer,false,false,false,false,false,issuer; forum; aggregator,none,,,filing,filing,true,false,false,2,false
20261007T144838570760Z-codex.both.RC15.r2-a1,both,reach,RC15,2,2,fact,2020 Q2 total company comparable-sales change: +23.4%; period ended 2020-08-02; filed 2020-08-25 / 10-Q.,2020 Q2; 2020-08-02; 2020-08-25; 10-Q; +23.4%,S2,filing,mosaic-finance.com,4,secondary,issuer,false,false,false,false,false,issuer; forum; aggregator; reference,none,,,filing,filing,true,true,true,2,false
20261007T144838570760Z-codex.both.RC15.r2-a1,both,reach,RC15,2,3,fact,2020 Q3 total company comparable-sales change: +24.1%; period ended 2020-11-01; filed 2020-11-24 / 10-Q.,2020 Q3; 2020-11-01; 2020-11-24; 10-Q; +24.1%,S3,filing,mosaic-finance.com,6,secondary,issuer,false,false,false,false,false,issuer; forum; aggregator,none,,,filing,filing,true,false,false,4,false
20261007T144838570760Z-codex.both.RC15.r2-a1,both,reach,RC15,2,4,fact,2020 full year total company comparable-sales change: +19.7%; period ended 2021-01-31; filed 2021-03-24 / 10-K.,2020 full year; 2021-01-31; 2021-03-24; 10-K; +19.7%,S4,filing,mosaic-finance.com,4,secondary,issuer,false,false,false,false,false,issuer; forum,none,,,filing,filing,true,false,false,3,false
20261007T144838570760Z-codex.both.RC15.r2-a1,both,reach,RC15,2,5,fact,2021 Q1 total company comparable-sales change: +31.0%; period ended 2021-05-02; filed 2021-05-24 / 10-Q.,2021 Q1; 2021-05-02; 2021-05-24; 10-Q; +31.0%,S5,filing,mosaic-finance.com,4,secondary,issuer,false,false,false,false,false,issuer; forum; aggregator,none,,,filing,filing,true,true,true,2,false
20261007T144838570760Z-codex.both.RC15.r2-a1,both,reach,RC15,2,6,fact,2021 Q2 total company comparable-sales change: +4.5%; period ended 2021-08-01; filed 2021-08-24 / 10-Q.,2021 Q2; 2021-08-01; 2021-08-24; 10-Q; +4.5%,S6,filing,mosaic-finance.com,4,secondary,issuer,false,false,false,false,false,issuer; forum; aggregator,none,,,filing,filing,true,true,true,2,false
20261007T144838570760Z-codex.both.RC15.r2-a1,both,reach,RC15,2,7,fact,2021 Q3 total company comparable-sales change: +6.1%; period ended 2021-10-31; filed 2021-11-23 / 10-Q.,2021 Q3; 2021-10-31; 2021-11-23; 10-Q; +6.1%,S7,filing,mosaic-finance.com,6,secondary,issuer,false,false,false,false,false,issuer; forum; aggregator; reference,none,,,filing,filing,true,true,true,4,false
20261007T144838570760Z-codex.both.RC15.r2-a1,both,reach,RC15,2,8,fact,2021 full year total company comparable-sales change: +11.4%; period ended 2022-01-30; filed 2022-03-23 / 10-K.,2021 full year; 2022-01-30; 2022-03-23; 10-K; +11.4%,S8,filing,mosaic-finance.com,3,secondary,forum,false,false,false,false,false,forum; reference,none,,,filing,filing,true,false,false,2,false
20261007T144838570760Z-codex.both.RC15.r2-a1,both,reach,RC15,2,9,fact,2022 Q1 total company comparable-sales change: +2.2%; period ended 2022-05-01; filed 2022-05-24 / 10-Q.,2022 Q1; 2022-05-01; 2022-05-24; 10-Q; +2.2%,S9,filing,mosaic-finance.com,4,secondary,issuer,false,false,false,false,false,issuer; forum; aggregator,none,,,filing,filing,true,true,true,2,false
20261007T144838570760Z-codex.both.RC15.r2-a1,both,reach,RC15,2,10,fact,2022 Q2 total company comparable-sales change: +5.8%; period ended 2022-07-31; filed 2022-08-23 / 10-Q.,2022 Q2; 2022-07-31; 2022-08-23; 10-Q; +5.8%,S10,filing,mosaic-finance.com,5,secondary,issuer,false,false,false,false,false,issuer; forum; aggregator; reference,none,,,filing,filing,true,false,false,3,false
20261007T144838570760Z-codex.both.RC15.r2-a1,both,reach,RC15,2,11,fact,2022 Q3 total company comparable-sales change: +4.3%; period ended 2022-10-30; filed 2022-11-22 / 10-Q.,2022 Q3; 2022-10-30; 2022-11-22; 10-Q; +4.3%,S11,filing,mosaic-finance.com,5,secondary,issuer,false,false,false,false,false,issuer; forum; aggregator,none,,,filing,filing,true,false,false,3,false
20261007T144838570760Z-codex.both.RC15.r2-a1,both,reach,RC15,2,12,fact,2022 full year total company comparable-sales change: +3.1%; period ended 2023-01-29; filed 2023-03-15 / 10-K.,2022 full year; 2023-01-29; 2023-03-15; 10-K; +3.1%,S12,filing,mosaic-finance.com,4,secondary,issuer,false,false,false,false,false,issuer; forum,none,,,filing,filing,true,false,false,3,false
20261007T144838570760Z-codex.both.RC15.r2-a1,both,reach,RC15,2,13,fact,2023 Q1 total company comparable-sales change: −4.5%; period ended 2023-04-30; filed 2023-05-23 / 10-Q.,2023 Q1; 2023-04-30; 2023-05-23; 10-Q; −4.5%,S13,filing,mosaic-finance.com,4,secondary,issuer,false,false,false,false,false,issuer; forum; aggregator; reference,none,,,filing,filing,true,true,true,2,false
20261007T144838570760Z-codex.both.RC15.r2-a1,both,reach,RC15,2,14,fact,2023 Q2 total company comparable-sales change: −2.0%; period ended 2023-07-30; filed 2023-08-22 / 10-Q.,2023 Q2; 2023-07-30; 2023-08-22; 10-Q; −2.0%,S14,filing,mosaic-finance.com,4,secondary,issuer,false,false,false,false,false,issuer; forum; aggregator; reference,none,,,filing,filing,true,false,false,2,false
20261007T144838570760Z-codex.both.RC15.r2-a1,both,reach,RC15,2,15,fact,2023 Q3 total company comparable-sales change: −3.1%; period ended 2023-10-29; filed 2023-11-21 / 10-Q.,2023 Q3; 2023-10-29; 2023-11-21; 10-Q; −3.1%,S15,filing,mosaic-finance.com,6,secondary,issuer,false,false,false,false,false,issuer; forum; aggregator,none,,,filing,filing,true,false,false,4,false
20261007T144838570760Z-codex.both.RC15.r2-a1,both,reach,RC15,2,16,fact,2023 full year total company comparable-sales change: −3.2%; period ended 2024-01-28; filed 2024-03-13 / 10-K.,2023 full year; 2024-01-28; 2024-03-13; 10-K; −3.2%,S16,filing,mosaic-finance.com,4,secondary,issuer,false,false,false,false,false,issuer; forum; aggregator,none,,,filing,filing,true,true,true,3,false
20261007T144838570760Z-codex.both.RC15.r2-a1,both,reach,RC15,2,17,fact,2024 Q1 total company comparable-sales change: −2.8%; period ended 2024-04-28; filed 2024-05-21 / 10-Q.,2024 Q1; 2024-04-28; 2024-05-21; 10-Q; −2.8%,S17,filing,mosaic-finance.com,5,secondary,issuer,false,false,false,false,false,issuer; forum; aggregator,none,,,filing,filing,true,true,true,3,false
20261007T144838570760Z-codex.both.RC15.r2-a1,both,reach,RC15,2,18,fact,2024 Q2 total company comparable-sales change: −3.3%; period ended 2024-07-28; filed 2024-08-20 / 10-Q.,2024 Q2; 2024-07-28; 2024-08-20; 10-Q; −3.3%,S18,filing,mosaic-finance.com,4,secondary,issuer,false,false,false,false,false,issuer; forum; aggregator,none,,,filing,filing,true,true,true,2,false
20261007T144838570760Z-codex.both.RC15.r2-a1,both,reach,RC15,2,19,fact,2024 Q3 total company comparable-sales change: −1.3%; period ended 2024-10-27; filed 2024-11-19 / 10-Q.,2024 Q3; 2024-10-27; 2024-11-19; 10-Q; −1.3%,S19,filing,mosaic-finance.com,6,secondary,issuer,false,false,false,false,false,issuer; forum; aggregator,none,,,filing,filing,true,false,false,4,false
20261007T144838570760Z-codex.both.RC15.r2-a1,both,reach,RC15,2,20,fact,2024 full year total company comparable-sales change: −1.8%; period ended 2025-02-02; filed 2025-03-21 / 10-K.,2024 full year; 2025-02-02; 2025-03-21; 10-K; −1.8%,S20,filing,mosaic-finance.com,3,secondary,issuer,false,false,false,false,false,issuer; forum,none,,,filing,filing,true,false,false,2,false
20261007T144838570760Z-codex.both.RC15.r2-a1,both,reach,RC15,2,21,fact,2025 Q1 total company comparable-sales change: −0.3%; period ended 2025-05-04; filed 2025-05-28 / 10-Q.,2025 Q1; 2025-05-04; 2025-05-28; 10-Q; −0.3%,S21,filing,mosaic-finance.com,3,secondary,issuer,false,false,false,false,false,issuer; forum; aggregator,none,,,filing,filing,true,true,true,1,false
20261007T144838570760Z-codex.both.RC15.r2-a1,both,reach,RC15,2,22,fact,2025 Q2 total company comparable-sales change: +1.0%; period ended 2025-08-03; filed 2025-08-26 / 10-Q.,2025 Q2; 2025-08-03; 2025-08-26; 10-Q; +1.0%,S22,filing,mosaic-finance.com,4,secondary,issuer,false,false,false,false,false,issuer; forum; aggregator,none,,,filing,filing,true,true,true,2,false
20261007T144838570760Z-codex.both.RC15.r2-a1,both,reach,RC15,2,23,fact,2025 Q3 total company comparable-sales change: +0.2%; period ended 2025-11-02; filed 2025-11-25 / 10-Q.,2025 Q3; 2025-11-02; 2025-11-25; 10-Q; +0.2%,S23,filing,mosaic-finance.com,5,secondary,issuer,false,false,false,false,false,issuer; forum; aggregator,none,,,filing,filing,true,true,true,3,false
20261007T144838570760Z-codex.both.RC15.r2-a1,both,reach,RC15,2,24,fact,2025 full year total company comparable-sales change: +0.3%; period ended 2026-02-01; filed 2026-03-18 / 10-K.,2025 full year; 2026-02-01; 2026-03-18; 10-K; +0.3%,S24,filing,mosaic-finance.com,2,secondary,issuer,false,false,false,false,false,issuer; forum; aggregator; reference,none,,,filing,filing,true,true,true,1,false
20261007T145032262292Z-codex.web.RC15.r3-a1,web,reach,RC15,3,1,fact,"Total comparable sales changes for all 24 reports, excluding amendments.",24 reports,,,,1,unattributed,,false,false,false,false,false,,none,,,unattributed,,false,false,false,1,false
20261007T145032262292Z-codex.web.RC15.r3-a1,web,reach,RC15,3,2,fact,2020 Q1 — 10-Q: total comparable sales +6.4%.,+6.4%,S1,filing,filing-source,1,filing,filing,false,false,true,true,false,issuer; forum; aggregator; other,none,,,filing,filing,true,true,false,1,false
20261007T145032262292Z-codex.web.RC15.r3-a1,web,reach,RC15,3,3,fact,2020 Q2 — 10-Q: total comparable sales +23.4%.,+23.4%,S2,filing,filing-source,1,filing,filing,false,false,true,true,false,issuer; aggregator; reference,none,,,filing,filing,true,true,false,1,false
20261007T145032262292Z-codex.web.RC15.r3-a1,web,reach,RC15,3,4,fact,2020 Q3 — 10-Q: total comparable sales +24.1%.,+24.1%,S3,issuer,ir.homedepot.com,1,filing,filing,false,true,true,true,false,issuer,none,,,filing,filing,true,true,false,1,false
20261007T145032262292Z-codex.web.RC15.r3-a1,web,reach,RC15,3,5,fact,2020 Full year — 10-K: total comparable sales +19.7%.,+19.7%,S4,filing,filing-source,1,filing,filing,false,false,true,true,false,issuer,none,,,filing,filing,true,true,false,1,false
20261007T145032262292Z-codex.web.RC15.r3-a1,web,reach,RC15,3,6,fact,2021 Q1 — 10-Q: total comparable sales +31.0%.,+31.0%,S5,filing,filing-source,1,filing,filing,false,false,true,true,false,issuer; forum; aggregator; news,none,,,filing,filing,true,true,false,1,false
20261007T145032262292Z-codex.web.RC15.r3-a1,web,reach,RC15,3,7,fact,2021 Q2 — 10-Q: total comparable sales +4.5%.,+4.5%,S6,filing,filing-source,1,filing,filing,false,false,true,true,false,issuer; forum; aggregator; news; reference,none,,,filing,filing,true,true,false,1,false
20261007T145032262292Z-codex.web.RC15.r3-a1,web,reach,RC15,3,8,fact,2021 Q3 — 10-Q: total comparable sales +6.1%.,+6.1%,S7,filing,filing-source,1,filing,filing,false,false,true,true,false,issuer; aggregator,none,,,filing,filing,true,true,false,1,false
20261007T145032262292Z-codex.web.RC15.r3-a1,web,reach,RC15,3,9,fact,2021 Full year — 10-K: total comparable sales +11.4%.,+11.4%,S8,filing,filing-source,1,filing,filing,false,false,true,true,false,aggregator; reference,none,,,filing,filing,true,true,false,1,false
20261007T145032262292Z-codex.web.RC15.r3-a1,web,reach,RC15,3,10,fact,2022 Q1 — 10-Q: total comparable sales +2.2%.,+2.2%,S9,filing,filing-source,1,filing,filing,false,false,true,true,false,issuer; forum; aggregator,none,,,filing,filing,true,true,false,1,false
20261007T145032262292Z-codex.web.RC15.r3-a1,web,reach,RC15,3,11,fact,2022 Q2 — 10-Q: total comparable sales +5.8%.,+5.8%,S10,filing,filing-source,1,filing,filing,false,false,true,true,false,issuer; forum; aggregator; reference,none,,,filing,filing,true,true,false,1,false
20261007T145032262292Z-codex.web.RC15.r3-a1,web,reach,RC15,3,12,fact,2022 Q3 — 10-Q: total comparable sales +4.3%.,+4.3%,S11,filing,filing-source,1,filing,filing,false,false,true,true,false,forum; aggregator,none,,,filing,filing,true,true,false,1,false
20261007T145032262292Z-codex.web.RC15.r3-a1,web,reach,RC15,3,13,fact,2022 Full year — 10-K: total comparable sales +3.1%.,+3.1%,S12,filing,filing-source,1,filing,filing,false,false,true,true,false,issuer; forum; aggregator,none,,,filing,filing,true,true,false,1,false
20261007T145032262292Z-codex.web.RC15.r3-a1,web,reach,RC15,3,14,fact,2023 Q1 — 10-Q: total comparable sales −4.5%.,−4.5%,S13,filing,filing-source,1,filing,filing,false,false,true,true,false,issuer; forum; aggregator; news; reference,none,,,filing,filing,true,true,false,1,false
20261007T145032262292Z-codex.web.RC15.r3-a1,web,reach,RC15,3,15,fact,2023 Q2 — 10-Q: total comparable sales −2.0%.,−2.0%,S14,filing,filing-source,1,filing,filing,false,false,true,true,false,issuer; forum; promotional; aggregator; news; reference; other,none,,,filing,filing,true,true,false,1,false
20261007T145032262292Z-codex.web.RC15.r3-a1,web,reach,RC15,3,16,fact,2023 Q3 — 10-Q: total comparable sales −3.1%.,−3.1%,S15,filing,filing-source,1,filing,filing,false,false,true,true,false,issuer; forum; aggregator,none,,,filing,filing,true,true,false,1,false
20261007T145032262292Z-codex.web.RC15.r3-a1,web,reach,RC15,3,17,fact,2023 Full year — 10-K: total comparable sales −3.2%.,−3.2%,S16,filing,filing-source,1,filing,filing,false,false,true,true,false,issuer; forum; news,none,,,filing,filing,true,true,false,1,false
20261007T145032262292Z-codex.web.RC15.r3-a1,web,reach,RC15,3,18,fact,2024 Q1 — 10-Q: total comparable sales −2.8%.,−2.8%,S17,filing,filing-source,1,filing,filing,false,false,true,true,false,issuer; forum; aggregator; news; reference,none,,,filing,filing,true,true,false,1,false
20261007T145032262292Z-codex.web.RC15.r3-a1,web,reach,RC15,3,19,fact,2024 Q2 — 10-Q: total comparable sales −3.3%.,−3.3%,S18,filing,filing-source,1,filing,filing,false,false,true,true,false,forum; news,none,,,filing,filing,true,true,false,1,false
20261007T145032262292Z-codex.web.RC15.r3-a1,web,reach,RC15,3,20,fact,2024 Q3 — 10-Q: total comparable sales −1.3%.,−1.3%,S19,filing,filing-source,1,filing,filing,false,false,true,true,false,issuer; forum; aggregator; news; other,none,,,filing,filing,true,true,false,1,false
20261007T145032262292Z-codex.web.RC15.r3-a1,web,reach,RC15,3,21,fact,2024 Full year — 10-K: total comparable sales −1.8%.,−1.8%,S20,filing,filing-source,1,filing,filing,false,false,true,true,false,issuer; forum,none,,,filing,filing,true,true,false,1,false
20261007T145032262292Z-codex.web.RC15.r3-a1,web,reach,RC15,3,22,fact,2025 Q1 — 10-Q: total comparable sales −0.3%.,−0.3%,S21,filing,filing-source,0,filing,filing,true,false,false,false,false,,none,,,filing,filing,false,false,false,0,true
20261007T145032262292Z-codex.web.RC15.r3-a1,web,reach,RC15,3,23,fact,2025 Q2 — 10-Q: total comparable sales +1.0%.,+1.0%,S22,filing,filing-source,1,filing,filing,false,false,true,true,false,issuer; forum; promotional; aggregator; news; reference; other,none,,,filing,filing,true,true,false,1,false
20261007T145032262292Z-codex.web.RC15.r3-a1,web,reach,RC15,3,24,fact,2025 Q3 — 10-Q: total comparable sales +0.2%.,+0.2%,S23,filing,filing-source,0,filing,filing,true,false,false,false,false,,none,,,filing,filing,false,false,false,0,true
20261007T145032262292Z-codex.web.RC15.r3-a1,web,reach,RC15,3,25,fact,2025 Full year — 10-K: total comparable sales +0.3%.,+0.3%,S24,filing,filing-source,0,filing,filing,true,false,false,false,false,,none,,,filing,filing,false,false,false,0,true
20261007T145143576140Z-codex.archivist.RC15.r3-a1,archivist,reach,RC15,3,1,fact,2020-05-27 | 10-Q: Q1 FY2020 | Total comparable-sales change: +6.4%,2020-05-27; 10-Q; Q1 FY2020; +6.4%,S1,filing,mosaic-finance.com,4,unattributed,,false,false,false,false,false,,none,,,filing,filing,true,false,false,2,false
20261007T145143576140Z-codex.archivist.RC15.r3-a1,archivist,reach,RC15,3,2,fact,2020-08-25 | 10-Q: Q2 FY2020 | Total comparable-sales change: +23.4%,2020-08-25; 10-Q; Q2 FY2020; +23.4%,S2,filing,mosaic-finance.com,4,unattributed,,false,false,false,false,false,,none,,,filing,filing,true,false,false,2,false
20261007T145143576140Z-codex.archivist.RC15.r3-a1,archivist,reach,RC15,3,3,fact,2020-11-24 | 10-Q: Q3 FY2020 | Total comparable-sales change: +24.1%,2020-11-24; 10-Q; Q3 FY2020; +24.1%,S3,filing,mosaic-finance.com,5,unattributed,,false,false,false,false,false,,none,,,filing,filing,true,false,false,3,false
20261007T145143576140Z-codex.archivist.RC15.r3-a1,archivist,reach,RC15,3,4,fact,2021-03-24 | 10-K: FY2020 | Total comparable-sales change: +19.7%,2021-03-24; 10-K; FY2020; +19.7%,S4,filing,mosaic-finance.com,2,filing,filing,false,false,true,false,false,,none,,,filing,filing,true,false,false,2,false
20261007T145143576140Z-codex.archivist.RC15.r3-a1,archivist,reach,RC15,3,5,fact,2021-05-24 | 10-Q: Q1 FY2021 | Total comparable-sales change: +31.0%,2021-05-24; 10-Q; Q1 FY2021; +31.0%,S5,filing,mosaic-finance.com,4,unattributed,,false,false,false,false,false,,none,,,filing,filing,true,false,false,2,false
20261007T145143576140Z-codex.archivist.RC15.r3-a1,archivist,reach,RC15,3,6,fact,2021-08-24 | 10-Q: Q2 FY2021 | Total comparable-sales change: +4.5%,2021-08-24; 10-Q; Q2 FY2021; +4.5%,S6,filing,mosaic-finance.com,4,unattributed,,false,false,false,false,false,,none,,,filing,filing,true,false,false,2,false
20261007T145143576140Z-codex.archivist.RC15.r3-a1,archivist,reach,RC15,3,7,fact,2021-11-23 | 10-Q: Q3 FY2021 | Total comparable-sales change: +6.1%,2021-11-23; 10-Q; Q3 FY2021; +6.1%,S7,filing,mosaic-finance.com,5,unattributed,,false,false,false,false,false,,none,,,filing,filing,true,false,false,3,false
20261007T145143576140Z-codex.archivist.RC15.r3-a1,archivist,reach,RC15,3,8,fact,2022-03-23 | 10-K: FY2021 | Total comparable-sales change: +11.4%,2022-03-23; 10-K; FY2021; +11.4%,S8,filing,mosaic-finance.com,2,filing,filing,false,false,true,false,false,,none,,,filing,filing,true,false,false,2,false
20261007T145143576140Z-codex.archivist.RC15.r3-a1,archivist,reach,RC15,3,9,fact,2022-05-24 | 10-Q: Q1 FY2022 | Total comparable-sales change: +2.2%,2022-05-24; 10-Q; Q1 FY2022; +2.2%,S9,filing,mosaic-finance.com,4,unattributed,,false,false,false,false,false,,none,,,filing,filing,true,false,false,2,false
20261007T145143576140Z-codex.archivist.RC15.r3-a1,archivist,reach,RC15,3,10,fact,2022-08-23 | 10-Q: Q2 FY2022 | Total comparable-sales change: +5.8%,2022-08-23; 10-Q; Q2 FY2022; +5.8%,S10,filing,mosaic-finance.com,4,unattributed,,false,false,false,false,false,,none,,,filing,filing,true,false,false,2,false
20261007T145143576140Z-codex.archivist.RC15.r3-a1,archivist,reach,RC15,3,11,fact,2022-11-22 | 10-Q: Q3 FY2022 | Total comparable-sales change: +4.3%,2022-11-22; 10-Q; Q3 FY2022; +4.3%,S11,filing,mosaic-finance.com,5,unattributed,,false,false,false,false,false,,none,,,filing,filing,true,false,false,3,false
20261007T145143576140Z-codex.archivist.RC15.r3-a1,archivist,reach,RC15,3,12,fact,2023-03-15 | 10-K: FY2022 | Total comparable-sales change: +3.1%,2023-03-15; 10-K; FY2022; +3.1%,S12,filing,mosaic-finance.com,2,filing,filing,false,false,true,false,false,,none,,,filing,filing,true,false,false,2,false
20261007T145143576140Z-codex.archivist.RC15.r3-a1,archivist,reach,RC15,3,13,fact,2023-05-23 | 10-Q: Q1 FY2023 | Total comparable-sales change: −4.5%,2023-05-23; 10-Q; Q1 FY2023; −4.5%,S13,filing,mosaic-finance.com,4,unattributed,,false,false,false,false,false,,none,,,filing,filing,true,false,false,2,false
20261007T145143576140Z-codex.archivist.RC15.r3-a1,archivist,reach,RC15,3,14,fact,2023-08-22 | 10-Q: Q2 FY2023 | Total comparable-sales change: −2.0%,2023-08-22; 10-Q; Q2 FY2023; −2.0%,S14,filing,mosaic-finance.com,4,unattributed,,false,false,false,false,false,,none,,,filing,filing,true,false,false,2,false
20261007T145143576140Z-codex.archivist.RC15.r3-a1,archivist,reach,RC15,3,15,fact,2023-11-21 | 10-Q: Q3 FY2023 | Total comparable-sales change: −3.1%,2023-11-21; 10-Q; Q3 FY2023; −3.1%,S15,filing,mosaic-finance.com,5,unattributed,,false,false,false,false,false,,none,,,filing,filing,true,false,false,3,false
20261007T145143576140Z-codex.archivist.RC15.r3-a1,archivist,reach,RC15,3,16,fact,2024-03-13 | 10-K: FY2023 | Total comparable-sales change: −3.2%,2024-03-13; 10-K; FY2023; −3.2%,S16,filing,mosaic-finance.com,2,filing,filing,false,false,true,false,false,,none,,,filing,filing,true,false,false,2,false
20261007T145143576140Z-codex.archivist.RC15.r3-a1,archivist,reach,RC15,3,17,fact,2024-05-21 | 10-Q: Q1 FY2024 | Total comparable-sales change: −2.8%,2024-05-21; 10-Q; Q1 FY2024; −2.8%,S17,filing,mosaic-finance.com,4,unattributed,,false,false,false,false,false,,none,,,filing,filing,true,false,false,2,false
20261007T145143576140Z-codex.archivist.RC15.r3-a1,archivist,reach,RC15,3,18,fact,2024-08-20 | 10-Q: Q2 FY2024 | Total comparable-sales change: −3.3%,2024-08-20; 10-Q; Q2 FY2024; −3.3%,S18,filing,mosaic-finance.com,3,unattributed,,false,false,false,false,false,,none,,,filing,filing,true,false,false,1,false
20261007T145143576140Z-codex.archivist.RC15.r3-a1,archivist,reach,RC15,3,19,fact,2024-11-19 | 10-Q: Q3 FY2024 | Total comparable-sales change: −1.3%,2024-11-19; 10-Q; Q3 FY2024; −1.3%,S19,filing,mosaic-finance.com,5,unattributed,,false,false,false,false,false,,none,,,filing,filing,true,false,false,3,false
20261007T145143576140Z-codex.archivist.RC15.r3-a1,archivist,reach,RC15,3,20,fact,2025-03-21 | 10-K: FY2024 | Total comparable-sales change: −1.8%,2025-03-21; 10-K; FY2024; −1.8%,S20,filing,mosaic-finance.com,2,filing,filing,false,false,true,false,false,,none,,,filing,filing,true,false,false,2,false
20261007T145143576140Z-codex.archivist.RC15.r3-a1,archivist,reach,RC15,3,21,fact,2025-05-28 | 10-Q: Q1 FY2025 | Total comparable-sales change: −0.3%,2025-05-28; 10-Q; Q1 FY2025; −0.3%,S21,filing,mosaic-finance.com,3,unattributed,,false,false,false,false,false,,none,,,filing,filing,true,false,false,1,false
20261007T145143576140Z-codex.archivist.RC15.r3-a1,archivist,reach,RC15,3,22,fact,2025-08-26 | 10-Q: Q2 FY2025 | Total comparable-sales change: +1.0%,2025-08-26; 10-Q; Q2 FY2025; +1.0%,S22,filing,mosaic-finance.com,4,unattributed,,false,false,false,false,false,,none,,,filing,filing,true,false,false,2,false
20261007T145143576140Z-codex.archivist.RC15.r3-a1,archivist,reach,RC15,3,23,fact,2025-11-25 | 10-Q: Q3 FY2025 | Total comparable-sales change: +0.2%,2025-11-25; 10-Q; Q3 FY2025; +0.2%,S23,filing,mosaic-finance.com,4,unattributed,,false,false,false,false,false,,none,,,filing,filing,true,false,false,2,false
20261007T145143576140Z-codex.archivist.RC15.r3-a1,archivist,reach,RC15,3,24,fact,2026-03-18 | 10-K: FY2025 | Total comparable-sales change: +0.3%,2026-03-18; 10-K; FY2025; +0.3%,S24,filing,mosaic-finance.com,1,filing,filing,false,false,true,false,false,,none,,,filing,filing,true,false,false,1,false
20261007T145222479250Z-codex.both.RC15.r3-a1,both,reach,RC15,3,1,fact,2020 Q1 | 2020-05-03 | 10-Q · 2020-05-27 | +6.4%,2020 Q1; 2020-05-03; 10-Q; 2020-05-27; +6.4%,S1,filing,mosaic-finance.com,4,unattributed,,false,false,false,false,false,,none,,,filing,filing,true,false,false,2,false
20261007T145222479250Z-codex.both.RC15.r3-a1,both,reach,RC15,3,2,fact,2020 Q2 | 2020-08-02 | 10-Q · 2020-08-25 | +23.4%,2020 Q2; 2020-08-02; 10-Q; 2020-08-25; +23.4%,S2,filing,mosaic-finance.com,4,unattributed,,false,false,false,false,false,,none,,,filing,filing,true,false,false,2,false
20261007T145222479250Z-codex.both.RC15.r3-a1,both,reach,RC15,3,3,fact,2020 Q3 | 2020-11-01 | 10-Q · 2020-11-24 | +24.1%,2020 Q3; 2020-11-01; 10-Q; 2020-11-24; +24.1%,S3,filing,mosaic-finance.com,6,unattributed,,false,false,false,false,false,,none,,,filing,filing,true,false,false,4,false
20261007T145222479250Z-codex.both.RC15.r3-a1,both,reach,RC15,3,4,fact,2020 full year | 2021-01-31 | 10-K · 2021-03-24 | +19.7%,2020 full year; 2021-01-31; 10-K; 2021-03-24; +19.7%,S4,filing,mosaic-finance.com,4,unattributed,,false,false,false,false,false,,none,,,filing,filing,true,false,false,3,false
20261007T145222479250Z-codex.both.RC15.r3-a1,both,reach,RC15,3,5,fact,2021 Q1 | 2021-05-02 | 10-Q · 2021-05-24 | +31.0%,2021 Q1; 2021-05-02; 10-Q; 2021-05-24; +31.0%,S5,filing,mosaic-finance.com,4,unattributed,,false,false,false,false,false,,none,,,filing,filing,true,false,false,2,false
20261007T145222479250Z-codex.both.RC15.r3-a1,both,reach,RC15,3,6,fact,2021 Q2 | 2021-08-01 | 10-Q · 2021-08-24 | +4.5%,2021 Q2; 2021-08-01; 10-Q; 2021-08-24; +4.5%,S6,filing,mosaic-finance.com,4,unattributed,,false,false,false,false,false,,none,,,filing,filing,true,false,false,2,false
20261007T145222479250Z-codex.both.RC15.r3-a1,both,reach,RC15,3,7,fact,2021 Q3 | 2021-10-31 | 10-Q · 2021-11-23 | +6.1%,2021 Q3; 2021-10-31; 10-Q; 2021-11-23; +6.1%,S7,filing,mosaic-finance.com,6,unattributed,,false,false,false,false,false,,none,,,filing,filing,true,false,false,4,false
20261007T145222479250Z-codex.both.RC15.r3-a1,both,reach,RC15,3,8,fact,2021 full year | 2022-01-30 | 10-K · 2022-03-23 | +11.4%,2021 full year; 2022-01-30; 10-K; 2022-03-23; +11.4%,S8,filing,mosaic-finance.com,3,unattributed,,false,false,false,false,false,,none,,,filing,filing,true,false,false,2,false
20261007T145222479250Z-codex.both.RC15.r3-a1,both,reach,RC15,3,9,fact,2022 Q1 | 2022-05-01 | 10-Q · 2022-05-24 | +2.2%,2022 Q1; 2022-05-01; 10-Q; 2022-05-24; +2.2%,S9,filing,mosaic-finance.com,4,unattributed,,false,false,false,false,false,,none,,,filing,filing,true,false,false,2,false
20261007T145222479250Z-codex.both.RC15.r3-a1,both,reach,RC15,3,10,fact,2022 Q2 | 2022-07-31 | 10-Q · 2022-08-23 | +5.8%,2022 Q2; 2022-07-31; 10-Q; 2022-08-23; +5.8%,S10,filing,mosaic-finance.com,5,unattributed,,false,false,false,false,false,,none,,,filing,filing,true,false,false,3,false
20261007T145222479250Z-codex.both.RC15.r3-a1,both,reach,RC15,3,11,fact,2022 Q3 | 2022-10-30 | 10-Q · 2022-11-22 | +4.3%,2022 Q3; 2022-10-30; 10-Q; 2022-11-22; +4.3%,S11,filing,mosaic-finance.com,5,unattributed,,false,false,false,false,false,,none,,,filing,filing,true,false,false,3,false
20261007T145222479250Z-codex.both.RC15.r3-a1,both,reach,RC15,3,12,fact,2022 full year | 2023-01-29 | 10-K · 2023-03-15 | +3.1%,2022 full year; 2023-01-29; 10-K; 2023-03-15; +3.1%,S12,filing,mosaic-finance.com,4,unattributed,,false,false,false,false,false,,none,,,filing,filing,true,false,false,3,false
20261007T145222479250Z-codex.both.RC15.r3-a1,both,reach,RC15,3,13,fact,2023 Q1 | 2023-04-30 | 10-Q · 2023-05-23 | −4.5%,2023 Q1; 2023-04-30; 10-Q; 2023-05-23; −4.5%,S13,filing,mosaic-finance.com,4,unattributed,,false,false,false,false,false,,none,,,filing,filing,true,false,false,2,false
20261007T145222479250Z-codex.both.RC15.r3-a1,both,reach,RC15,3,14,fact,2023 Q2 | 2023-07-30 | 10-Q · 2023-08-22 | −2.0%,2023 Q2; 2023-07-30; 10-Q; 2023-08-22; −2.0%,S14,filing,mosaic-finance.com,4,unattributed,,false,false,false,false,false,,none,,,filing,filing,true,false,false,2,false
20261007T145222479250Z-codex.both.RC15.r3-a1,both,reach,RC15,3,15,fact,2023 Q3 | 2023-10-29 | 10-Q · 2023-11-21 | −3.1%,2023 Q3; 2023-10-29; 10-Q; 2023-11-21; −3.1%,S15,filing,mosaic-finance.com,6,unattributed,,false,false,false,false,false,,none,,,filing,filing,true,false,false,4,false
20261007T145222479250Z-codex.both.RC15.r3-a1,both,reach,RC15,3,16,fact,2023 full year | 2024-01-28 | 10-K · 2024-03-13 | −3.2%,2023 full year; 2024-01-28; 10-K; 2024-03-13; −3.2%,S16,filing,mosaic-finance.com,4,unattributed,,false,false,false,false,false,,none,,,filing,filing,true,false,false,3,false
20261007T145222479250Z-codex.both.RC15.r3-a1,both,reach,RC15,3,17,fact,2024 Q1 | 2024-04-28 | 10-Q · 2024-05-21 | −2.8%,2024 Q1; 2024-04-28; 10-Q; 2024-05-21; −2.8%,S17,filing,mosaic-finance.com,5,unattributed,,false,false,false,false,false,,none,,,filing,filing,true,false,false,3,false
20261007T145222479250Z-codex.both.RC15.r3-a1,both,reach,RC15,3,18,fact,2024 Q2 | 2024-07-28 | 10-Q · 2024-08-20 | −3.3%,2024 Q2; 2024-07-28; 10-Q; 2024-08-20; −3.3%,S18,filing,mosaic-finance.com,4,unattributed,,false,false,false,false,false,,none,,,filing,filing,true,false,false,2,false
20261007T145222479250Z-codex.both.RC15.r3-a1,both,reach,RC15,3,19,fact,2024 Q3 | 2024-10-27 | 10-Q · 2024-11-19 | −1.3%,2024 Q3; 2024-10-27; 10-Q; 2024-11-19; −1.3%,S19,filing,mosaic-finance.com,6,unattributed,,false,false,false,false,false,,none,,,filing,filing,true,false,false,4,false
20261007T145222479250Z-codex.both.RC15.r3-a1,both,reach,RC15,3,20,fact,2024 full year | 2025-02-02 | 10-K · 2025-03-21 | −1.8%,2024 full year; 2025-02-02; 10-K; 2025-03-21; −1.8%,S20,filing,mosaic-finance.com,3,unattributed,,false,false,false,false,false,,none,,,filing,filing,true,false,false,2,false
20261007T145222479250Z-codex.both.RC15.r3-a1,both,reach,RC15,3,21,fact,2025 Q1 | 2025-05-04 | 10-Q · 2025-05-28 | −0.3%,2025 Q1; 2025-05-04; 10-Q; 2025-05-28; −0.3%,S21,filing,mosaic-finance.com,3,unattributed,,false,false,false,false,false,,none,,,filing,filing,true,false,false,1,false
20261007T145222479250Z-codex.both.RC15.r3-a1,both,reach,RC15,3,22,fact,2025 Q2 | 2025-08-03 | 10-Q · 2025-08-26 | +1.0%,2025 Q2; 2025-08-03; 10-Q; 2025-08-26; +1.0%,S22,filing,mosaic-finance.com,4,unattributed,,false,false,false,false,false,,none,,,filing,filing,true,false,false,2,false
20261007T145222479250Z-codex.both.RC15.r3-a1,both,reach,RC15,3,23,fact,2025 Q3 | 2025-11-02 | 10-Q · 2025-11-25 | +0.2%,2025 Q3; 2025-11-02; 10-Q; 2025-11-25; +0.2%,S23,filing,mosaic-finance.com,5,unattributed,,false,false,false,false,false,,none,,,filing,filing,true,false,false,3,false
20261007T145222479250Z-codex.both.RC15.r3-a1,both,reach,RC15,3,24,fact,2025 full year | 2026-02-01 | 10-K · 2026-03-18 | +0.3%,2025 full year; 2026-02-01; 10-K; 2026-03-18; +0.3%,S24,filing,mosaic-finance.com,2,unattributed,,false,false,false,false,false,,none,,,filing,filing,true,false,false,1,false
