run_id,arm,stratum,question_id,repetition,claim_index,type,text,values,sources,cited_categories,cited_hosts,usable_values,label,category,citation_only,secondary_use,primary_read,values_in_nonfiling_source,verified_by_archivist,matching_nonfiling_categories,attributed_to,phrase,absent_from_filing,numbers_only_label,numbers_only_category,numbers_only_primary_read,numbers_only_values_in_nonfiling_source,numbers_only_verified_by_archivist,numbers_only_usable_values,numbers_only_citation_only
20261007T032914399858Z-codex.web.LK01.r1-a1,web,lookup,LK01,1,1,fact,"Costco’s fiscal 2025 Form 10-K reported: Membership fee revenue: US$5,323 million.","Costco; fiscal 2025 Form 10-K; US$5,323 million",S1,filing,filing-source,3,secondary,issuer,false,false,false,false,false,issuer; forum; aggregator; news,none,,,filing,filing,true,true,false,1,false
20261007T032914399858Z-codex.web.LK01.r1-a1,web,lookup,LK01,1,2,fact,Costco’s fiscal 2025 Form 10-K reported: Year-end member renewal rates: 92.3% for the U.S. and Canada.,Costco; fiscal 2025 Form 10-K; 92.3%; U.S.; Canada,S1,filing,filing-source,5,secondary,issuer,false,false,false,false,false,issuer; forum; aggregator; news,none,,,filing,filing,true,true,false,1,false
20261007T032914399858Z-codex.web.LK01.r1-a1,web,lookup,LK01,1,3,fact,Costco’s fiscal 2025 Form 10-K reported: Year-end member renewal rates: 89.8% worldwide.,Costco; fiscal 2025 Form 10-K; 89.8%,S1,filing,filing-source,3,secondary,issuer,false,false,false,false,false,issuer; forum; aggregator; news,none,,,filing,filing,true,true,false,1,false
20261007T033929469570Z-codex.archivist.LK01.r1-a1,archivist,lookup,LK01,1,1,fact,"Costco reported for fiscal 2025 (52 weeks ended August 31, 2025).","Costco; fiscal 2025; 52 weeks; August 31, 2025",S1,filing,mosaic-finance.com,3,unattributed,,false,false,false,false,false,,none,,,unattributed,,false,false,false,3,false
20261007T033929469570Z-codex.archivist.LK01.r1-a1,archivist,lookup,LK01,1,2,fact,"Membership fee revenue: US$5,323 million","US$5,323 million",S1,filing,mosaic-finance.com,1,filing,filing,false,false,true,false,false,,none,,,filing,filing,true,false,false,1,false
20261007T033929469570Z-codex.archivist.LK01.r1-a1,archivist,lookup,LK01,1,3,fact,Member renewal rates at year-end: 92.3% in the U.S. and Canada,92.3%; U.S.; Canada,S1,filing,mosaic-finance.com,3,filing,filing,false,false,true,false,false,,none,,,filing,filing,true,false,false,1,false
20261007T033929469570Z-codex.archivist.LK01.r1-a1,archivist,lookup,LK01,1,4,fact,Member renewal rates at year-end: 89.8% worldwide,89.8%,S1,filing,mosaic-finance.com,1,filing,filing,false,false,true,false,false,,none,,,filing,filing,true,false,false,1,false
20261007T033929469570Z-codex.archivist.LK01.r1-a1,archivist,lookup,LK01,1,5,fact,"Fiscal 2025 Form 10-K, filed October 8, 2025, Item 7—Membership Fees","Fiscal 2025 Form 10-K; October 8, 2025; Item 7—Membership Fees",S1,filing,mosaic-finance.com,3,unattributed,,false,false,false,false,false,,none,,,unattributed,,false,false,false,3,false
20261007T033937782273Z-codex.both.LK01.r1-a1,both,lookup,LK01,1,1,fact,"Costco reported fiscal 2025 membership fee revenue of US$5,323 million.","Costco; fiscal 2025; US$5,323 million",S1,filing,filing-source,2,filing,filing,false,false,true,true,false,issuer; forum; aggregator,none,,,filing,filing,true,true,false,1,false
20261007T033937782273Z-codex.both.LK01.r1-a1,both,lookup,LK01,1,2,fact,"At fiscal year-end, member renewal rates were 92.3% in the U.S. and Canada.",92.3%; U.S.; Canada,S1,filing,filing-source,3,filing,filing,false,false,true,true,false,issuer; forum; aggregator,none,,,filing,filing,true,true,false,1,false
20261007T033937782273Z-codex.both.LK01.r1-a1,both,lookup,LK01,1,3,fact,"At fiscal year-end, member renewal rates were 89.8% worldwide.",89.8%,S1,filing,filing-source,1,filing,filing,false,false,true,true,false,issuer; forum; aggregator,none,,,filing,filing,true,true,false,1,false
20261007T033952728216Z-codex.web.LK02.r1-a1,web,lookup,LK02,1,1,fact,"According to the cover page of Caterpillar’s 2025 Form 10-K: Common stock outstanding as of December 31, 2025: 465,287,332 shares.","Caterpillar; 2025 Form 10-K; December 31, 2025; 465,287,332 shares",S1,filing,filing-source,4,secondary,issuer,false,false,false,false,false,issuer; aggregator; reference,none,,,filing,filing,true,true,false,1,false
20261007T033952728216Z-codex.web.LK02.r1-a1,web,lookup,LK02,1,2,fact,"According to the cover page of Caterpillar’s 2025 Form 10-K: Aggregate market value of voting stock held by non-affiliates as of June 30, 2025: approximately US$180.9 billion.","Caterpillar; 2025 Form 10-K; June 30, 2025; US$180.9 billion",S1,filing,filing-source,4,secondary,issuer,false,false,false,false,false,issuer; aggregator; reference,none,,,filing,filing,true,false,false,1,false
20261007T034002441782Z-codex.archivist.LK02.r1-a1,archivist,lookup,LK02,1,1,fact,"Caterpillar’s 2025 Form 10-K, filed February 13, 2026","Caterpillar; 2025 Form 10-K; February 13, 2026",S1,filing,mosaic-finance.com,3,unattributed,,false,false,false,false,false,,none,,,unattributed,,false,false,false,3,false
20261007T034002441782Z-codex.archivist.LK02.r1-a1,archivist,lookup,LK02,1,2,fact,"Common stock outstanding as of December 31, 2025: 465,287,332 shares.","December 31, 2025; 465,287,332 shares",S1,filing,mosaic-finance.com,2,filing,filing,false,false,true,false,false,,none,,,filing,filing,true,false,false,1,false
20261007T034002441782Z-codex.archivist.LK02.r1-a1,archivist,lookup,LK02,1,3,fact,"Aggregate market value of voting stock held by non-affiliates as of June 30, 2025: approximately US$180.9 billion.","June 30, 2025; US$180.9 billion",S1,filing,mosaic-finance.com,2,filing,filing,false,false,true,false,false,,none,,,filing,filing,true,false,false,1,false
20261007T034003228040Z-codex.both.LK02.r1-a1,both,lookup,LK02,1,1,fact,"According to the cover page of Caterpillar’s 2025 Form 10-K: Common shares outstanding at December 31, 2025: 465,287,332.","Caterpillar; 2025 Form 10-K; December 31, 2025; 465,287,332",S1,filing,filing-source,4,filing,filing,false,false,true,false,false,issuer; aggregator; reference,none,,,filing,filing,true,false,false,1,false
20261007T034003228040Z-codex.both.LK02.r1-a1,both,lookup,LK02,1,2,fact,"According to the cover page of Caterpillar’s 2025 Form 10-K: Aggregate market value of voting stock held by non-affiliates at June 30, 2025: approximately US$180.9 billion.","Caterpillar; 2025 Form 10-K; June 30, 2025; US$180.9 billion",S1,filing,filing-source,4,filing,filing,false,false,true,false,false,issuer; aggregator; reference,none,,,filing,filing,true,false,false,1,false
20261007T034014045820Z-codex.web.LK03.r1-a1,web,lookup,LK03,1,1,fact,"PricewaterhouseCoopers LLP signed the report in Florham Park, New Jersey, dated February 11, 2026.","PricewaterhouseCoopers LLP; Florham Park; New Jersey; February 11, 2026",S1,filing,filing-source,4,filing,filing,false,false,true,false,false,issuer; aggregator; reference,none,,,filing,filing,true,false,false,4,false
20261007T034014045820Z-codex.web.LK03.r1-a1,web,lookup,LK03,1,2,fact,"It states it has served as JNJ’s auditor “since at least 1920,”",JNJ; since at least 1920,S1,filing,filing-source,2,filing,filing,false,false,true,false,false,aggregator,none,,,filing,filing,true,false,false,2,false
20261007T034014045820Z-codex.web.LK03.r1-a1,web,lookup,LK03,1,3,fact,the exact starting year could not be determined.,,S1,filing,filing-source,0,filing,filing,true,false,false,false,false,,none,,,filing,filing,false,false,false,0,true
20261007T034024463253Z-codex.archivist.LK03.r1-a1,archivist,lookup,LK03,1,1,fact,"PricewaterhouseCoopers LLP signed the report in Florham Park, New Jersey.",PricewaterhouseCoopers LLP; Florham Park; New Jersey,S1,filing,mosaic-finance.com,3,filing,filing,false,false,true,false,false,,none,,,filing,filing,true,false,false,3,false
20261007T034024463253Z-codex.archivist.LK03.r1-a1,archivist,lookup,LK03,1,2,fact,It states it has served as JNJ’s auditor “since at least 1920.”,JNJ; since at least 1920,S1,filing,mosaic-finance.com,2,filing,filing,false,false,true,false,false,,none,,,filing,filing,true,false,false,2,false
20261007T034024463253Z-codex.archivist.LK03.r1-a1,archivist,lookup,LK03,1,3,fact,It could not determine the exact starting year.,,S1,filing,mosaic-finance.com,0,filing,filing,true,false,false,false,false,,none,,,filing,filing,false,false,false,0,true
20261007T034035982081Z-codex.both.LK03.r1-a1,both,lookup,LK03,1,1,fact,"PricewaterhouseCoopers LLP signed the report in Florham Park, New Jersey.",PricewaterhouseCoopers LLP; Florham Park; New Jersey,S1,filing,filing-source,3,filing,filing,false,false,true,false,false,issuer,none,,,filing,filing,true,false,false,3,false
20261007T034035982081Z-codex.both.LK03.r1-a1,both,lookup,LK03,1,2,fact,"It states it has served as JNJ’s auditor since at least 1920, noting that it could not determine the specific starting year.",JNJ; since at least 1920,S1,filing,filing-source,2,filing,filing,false,false,true,true,false,issuer; aggregator,none,,,filing,filing,true,true,false,2,false
20261007T034046535551Z-codex.web.LK04.r1-a1,web,lookup,LK04,1,1,fact,"Union Pacific’s July 29, 2025 Form 8-K, Item 1.01, pages 2–3","Union Pacific; July 29, 2025; Form 8-K; Item 1.01; 2–3",S1,issuer,investor.unionpacific.com,4,secondary,issuer,false,true,false,true,false,issuer; forum; aggregator; news; reference,none,,,secondary,issuer,false,true,false,4,false
20261007T034046535551Z-codex.web.LK04.r1-a1,web,lookup,LK04,1,2,fact,"$88.82 per Norfolk Southern share, without interest, plus one Union Pacific share.",$88.82; Norfolk Southern; one; Union Pacific,S1,issuer,investor.unionpacific.com,4,filing,filing,false,true,true,true,false,issuer; forum; aggregator; news; reference,none,,,filing,filing,true,true,false,1,false
20261007T034046535551Z-codex.web.LK04.r1-a1,web,lookup,LK04,1,3,fact,$2.5 billion in cash payable by Union Pacific to Norfolk Southern under the specified regulatory approval failure circumstances.,$2.5 billion; Union Pacific; Norfolk Southern,S1,issuer,investor.unionpacific.com,3,filing,filing,false,true,true,true,false,issuer; forum; aggregator; news; reference,none,,,filing,filing,true,true,false,1,false
20261007T034046535551Z-codex.web.LK04.r1-a1,web,lookup,LK04,1,4,fact,"End Date before automatic extensions: January 28, 2028.","January 28, 2028",S1,issuer,investor.unionpacific.com,1,secondary,issuer,false,true,false,true,false,issuer; aggregator; reference,none,,,secondary,issuer,false,true,false,1,false
20261007T034050839780Z-codex.archivist.LK04.r1-a1,archivist,lookup,LK04,1,1,fact,"According to Item 1.01 of UNP’s July 29, 2025 Form 8-K","Item 1.01; UNP; July 29, 2025; Form 8-K",,,,4,filing,filing,false,false,true,false,false,,none,,,filing,filing,true,false,false,4,false
20261007T034050839780Z-codex.archivist.LK04.r1-a1,archivist,lookup,LK04,1,2,fact,"$88.82 per Norfolk Southern share, without interest, plus one Union Pacific share.",$88.82; Norfolk Southern; one; Union Pacific,S1,filing,mosaic-finance.com,4,filing,filing,false,false,true,false,false,,none,,,filing,filing,true,false,false,1,false
20261007T034050839780Z-codex.archivist.LK04.r1-a1,archivist,lookup,LK04,1,3,fact,Union Pacific would pay Norfolk Southern $2.5 billion in cash under specified circumstances involving failure to obtain regulatory approvals.,Union Pacific; Norfolk Southern; $2.5 billion,,,,3,filing,filing,false,false,true,false,false,,none,,,filing,filing,true,false,false,1,false
20261007T034050839780Z-codex.archivist.LK04.r1-a1,archivist,lookup,LK04,1,4,fact,"End Date before automatic extensions: January 28, 2028.","January 28, 2028",S2,filing,mosaic-finance.com,1,filing,filing,false,false,true,false,false,,none,,,filing,filing,true,false,false,1,false
20261007T034100120662Z-codex.both.LK04.r1-a1,both,lookup,LK04,1,1,fact,"Item 1.01 of Union Pacific’s July 29, 2025 Form 8-K","Item 1.01; Union Pacific; July 29, 2025; Form 8-K",S1,filing,filing-source,4,filing,filing,false,false,true,false,false,issuer; forum; aggregator; news; reference,none,,,filing,filing,true,false,false,4,false
20261007T034100120662Z-codex.both.LK04.r1-a1,both,lookup,LK04,1,2,fact,"$88.82 per Norfolk Southern share, without interest, plus one Union Pacific share.",$88.82; Norfolk Southern; one; Union Pacific,S1,filing,filing-source,4,filing,filing,false,false,true,true,false,issuer; forum; aggregator; news; reference,none,,,filing,filing,true,true,false,1,false
20261007T034100120662Z-codex.both.LK04.r1-a1,both,lookup,LK04,1,3,fact,$2.5 billion in cash payable by Union Pacific to Norfolk Southern under specified circumstances involving failure to obtain regulatory approvals.,$2.5 billion; Union Pacific; Norfolk Southern,S1,filing,filing-source,3,filing,filing,false,false,true,true,false,issuer; forum; aggregator; news; reference,none,,,filing,filing,true,true,false,1,false
20261007T034100120662Z-codex.both.LK04.r1-a1,both,lookup,LK04,1,4,fact,"End Date before automatic extensions: January 28, 2028.","January 28, 2028",S1,filing,filing-source,1,filing,filing,false,false,true,true,false,issuer; reference,none,,,filing,filing,true,true,false,1,false
20261007T034112416292Z-codex.web.LK05.r1-a1,web,lookup,LK05,1,1,fact,"2025 profit sharing expense: US$1,337 million, reported in the Consolidated Statements of Operations (p. 56).","US$1,337 million; Consolidated Statements of Operations; p. 56",S1,filing,filing-source,3,unattributed,,false,false,false,false,false,,none,,,filing,filing,true,false,false,1,false
20261007T034112416292Z-codex.web.LK05.r1-a1,web,lookup,LK05,1,2,fact,"Shared Rewards earned by employees in 2025: US$67 million, disclosed under Culture and Human Capital.",Shared Rewards; US$67 million; Culture and Human Capital,S1,filing,filing-source,3,secondary,issuer,false,false,false,false,false,issuer; forum,none,,,filing,filing,true,true,false,1,false
20261007T034112416292Z-codex.web.LK05.r1-a1,web,lookup,LK05,1,3,fact,"Delta’s fiscal 2025 Form 10-K, filed February 11, 2026.","Delta; fiscal 2025 Form 10-K; February 11, 2026",S1; S2,filing,filing-source,3,secondary,issuer,false,false,false,false,false,issuer; forum; reference,none,,,secondary,issuer,false,false,false,3,false
20261007T034117143132Z-codex.archivist.LK05.r1-a1,archivist,lookup,LK05,1,1,fact,"Delta’s fiscal 2025 Form 10-K, filed February 11, 2026","Delta; Form 10-K; February 11, 2026",,,,3,unattributed,,false,false,false,false,false,,none,,,unattributed,,false,false,false,3,false
20261007T034117143132Z-codex.archivist.LK05.r1-a1,archivist,lookup,LK05,1,2,fact,"Profit sharing expense: US$1,337 million for 2025.","US$1,337 million",S1,filing,mosaic-finance.com,1,filing,filing,false,false,true,false,false,,none,,,filing,filing,true,false,false,1,false
20261007T034117143132Z-codex.archivist.LK05.r1-a1,archivist,lookup,LK05,1,3,fact,Employees earned US$67 million under Shared Rewards in 2025.,US$67 million; Shared Rewards,S2,filing,mosaic-finance.com,2,filing,filing,false,false,true,false,false,,none,,,filing,filing,true,false,false,1,false
20261007T034126608871Z-codex.both.LK05.r1-a1,both,lookup,LK05,1,1,fact,"Profit sharing expense for 2025: US$1,337 million, reported in the Consolidated Statements of Operations, page 56.","US$1,337 million; Consolidated Statements of Operations; page 56; Delta",S1,filing,filing-source,4,secondary,issuer,false,false,false,false,false,issuer; forum; reference,none,,,filing,filing,true,false,false,1,false
20261007T034126608871Z-codex.both.LK05.r1-a1,both,lookup,LK05,1,2,fact,"Employees earned US$67 million under Shared Rewards in 2025, disclosed in the employee discussion.",US$67 million; Shared Rewards; Delta,S1,filing,filing-source,3,filing,filing,false,false,true,true,false,issuer; forum; reference,none,,,filing,filing,true,true,false,1,false
20261007T034213092454Z-codex.web.LK01.r2-a1,web,lookup,LK01,2,1,fact,"For fiscal 2025 (52 weeks ended August 31, 2025), Costco reported.","fiscal 2025; 52 weeks; August 31, 2025; Costco",S1,filing,filing-source,3,filing,filing,false,false,true,false,false,issuer; forum; aggregator; reference,none,,,filing,filing,true,false,false,3,false
20261007T034213092454Z-codex.web.LK01.r2-a1,web,lookup,LK01,2,2,fact,"Membership fee revenue: US$5,323 million","Costco; US$5,323 million",S1,filing,filing-source,2,filing,filing,false,false,true,true,false,issuer; forum; aggregator; reference,none,,,filing,filing,true,true,false,1,false
20261007T034213092454Z-codex.web.LK01.r2-a1,web,lookup,LK01,2,3,fact,Member renewal rates at fiscal year-end: (a) 92.3% in the U.S. and Canada,Costco; 92.3%; U.S.; Canada,S1,filing,filing-source,4,filing,filing,false,false,true,true,false,issuer; forum; aggregator; reference,none,,,filing,filing,true,true,false,1,false
20261007T034213092454Z-codex.web.LK01.r2-a1,web,lookup,LK01,2,4,fact,Member renewal rates at fiscal year-end: (b) 89.8% worldwide.,Costco; 89.8%,S1,filing,filing-source,2,filing,filing,false,false,true,true,false,issuer; forum; aggregator; reference,none,,,filing,filing,true,true,false,1,false
20261007T034213092454Z-codex.web.LK01.r2-a1,web,lookup,LK01,2,5,fact,"Source: Costco fiscal 2025 Form 10-K, Item 7, “Membership Fees,” p. 26",Costco; fiscal 2025 Form 10-K; Item 7; Membership Fees; p. 26,S1,filing,filing-source,5,secondary,issuer,false,false,false,false,false,issuer; forum; aggregator; reference,none,,,secondary,issuer,false,false,false,5,false
20261007T034213092454Z-codex.web.LK01.r2-a1,web,lookup,LK01,2,6,fact,"Costco fiscal 2025 Form 10-K, filed October 8, 2025","Costco; fiscal 2025 Form 10-K; October 8, 2025",S2,filing,filing-source,3,secondary,issuer,false,false,false,false,false,issuer; forum; aggregator; reference,none,,,secondary,issuer,false,false,false,3,false
20261007T034214719637Z-codex.archivist.LK01.r2-a1,archivist,lookup,LK01,2,1,fact,"For fiscal 2025 (52 weeks ended August 31, 2025), Costco reported membership fee revenue of US$5,323 million.","fiscal 2025; 52 weeks; August 31, 2025; Costco; US$5,323 million",S1,filing,mosaic-finance.com,4,unattributed,,false,false,false,false,false,,none,,,filing,filing,true,false,false,1,false
20261007T034214719637Z-codex.archivist.LK01.r2-a1,archivist,lookup,LK01,2,2,fact,Costco reported member renewal rates at year-end of 92.3% in the U.S. and Canada for fiscal 2025.,Costco; 92.3%; U.S.; Canada; fiscal 2025,S1,filing,mosaic-finance.com,4,filing,filing,false,false,true,false,false,,none,,,filing,filing,true,false,false,1,false
20261007T034214719637Z-codex.archivist.LK01.r2-a1,archivist,lookup,LK01,2,3,fact,Costco reported member renewal rates at year-end of 89.8% worldwide for fiscal 2025.,Costco; 89.8%; fiscal 2025,S1,filing,mosaic-finance.com,2,filing,filing,false,false,true,false,false,,none,,,filing,filing,true,false,false,1,false
20261007T034214719637Z-codex.archivist.LK01.r2-a1,archivist,lookup,LK01,2,4,fact,"Costco FY2025 Form 10-K, filed October 8, 2025, Item 7—Membership Fees.","Costco; FY2025; Form 10-K; October 8, 2025; Item 7—Membership Fees",S1,filing,mosaic-finance.com,4,unattributed,,false,false,false,false,false,,none,,,unattributed,,false,false,false,4,false
20261007T034226632131Z-codex.both.LK01.r2-a1,both,lookup,LK01,2,1,fact,"For fiscal 2025 (52 weeks ended August 31, 2025), Costco reported membership fee revenue: US$5,323 million.","fiscal 2025; 52 weeks; August 31, 2025; Costco; US$5,323 million",S1,filing,filing-source,4,filing,filing,false,false,true,false,false,issuer; forum; aggregator,none,,,filing,filing,true,true,false,1,false
20261007T034226632131Z-codex.both.LK01.r2-a1,both,lookup,LK01,2,2,fact,"For fiscal 2025, Costco reported member renewal rates at fiscal year-end: 92.3% in the U.S. and Canada.",fiscal 2025; Costco; 92.3%; U.S.; Canada,S1,filing,filing-source,4,filing,filing,false,false,true,true,false,issuer; forum; aggregator,none,,,filing,filing,true,true,false,1,false
20261007T034226632131Z-codex.both.LK01.r2-a1,both,lookup,LK01,2,3,fact,"For fiscal 2025, Costco reported member renewal rates at fiscal year-end: 89.8% worldwide.",fiscal 2025; Costco; 89.8%,S1,filing,filing-source,2,filing,filing,false,false,true,true,false,issuer; forum; aggregator,none,,,filing,filing,true,true,false,1,false
20261007T034243347318Z-codex.web.LK02.r2-a1,web,lookup,LK02,2,1,fact,"Common shares outstanding at December 31, 2025: 465,287,332.","Caterpillar; December 31, 2025; 465,287,332",S1,filing,filing-source,3,filing,filing,false,false,true,true,false,issuer; aggregator; reference,none,,,filing,filing,true,true,false,1,false
20261007T034243347318Z-codex.web.LK02.r2-a1,web,lookup,LK02,2,2,fact,"Aggregate market value of voting stock held by non-affiliates at June 30, 2025: approximately US$180.9 billion.","Caterpillar; June 30, 2025; US$180.9 billion",S1,filing,filing-source,3,filing,filing,false,false,true,false,false,issuer; aggregator; reference,none,,,filing,filing,true,false,false,1,false
20261007T034247290947Z-codex.archivist.LK02.r2-a1,archivist,lookup,LK02,2,1,fact,"Caterpillar’s FY2025 Form 10-K, filed February 13, 2026","Caterpillar; FY2025; Form 10-K; February 13, 2026",S1,filing,mosaic-finance.com,3,unattributed,,false,false,false,false,false,,none,,,unattributed,,false,false,false,3,false
20261007T034247290947Z-codex.archivist.LK02.r2-a1,archivist,lookup,LK02,2,2,fact,"465,287,332 common shares outstanding as of December 31, 2025.","465,287,332; December 31, 2025",S1,filing,mosaic-finance.com,2,filing,filing,false,false,true,false,false,,none,,,filing,filing,true,false,false,1,false
20261007T034247290947Z-codex.archivist.LK02.r2-a1,archivist,lookup,LK02,2,3,fact,"Approximately US$180.9 billion in aggregate market value of voting stock held by non-affiliates as of June 30, 2025.","US$180.9 billion; June 30, 2025",S1,filing,mosaic-finance.com,2,filing,filing,false,false,true,false,false,,none,,,filing,filing,true,false,false,1,false
20261007T034251804602Z-codex.both.LK02.r2-a1,both,lookup,LK02,2,1,fact,"Common stock outstanding at December 31, 2025: 465,287,332 shares.","Caterpillar; December 31, 2025; 465,287,332 shares",S1,filing,filing-source,3,filing,filing,false,false,true,true,false,issuer; aggregator; reference,none,,,filing,filing,true,true,false,1,false
20261007T034251804602Z-codex.both.LK02.r2-a1,both,lookup,LK02,2,2,fact,"Aggregate market value of voting stock held by non-affiliates at June 30, 2025: approximately US$180.9 billion.","Caterpillar; June 30, 2025; US$180.9 billion",S1,filing,filing-source,3,filing,filing,false,false,true,false,false,issuer; aggregator; reference,none,,,filing,filing,true,false,false,1,false
20261007T034302957679Z-codex.web.LK03.r2-a1,web,lookup,LK03,2,1,fact,"PricewaterhouseCoopers LLP signed the report in Florham Park, New Jersey.",PricewaterhouseCoopers LLP; Florham Park; New Jersey,S1,issuer,s203.q4cdn.com,3,secondary,issuer,false,true,false,true,false,issuer; aggregator,none,,,secondary,issuer,false,true,false,3,false
20261007T034302957679Z-codex.web.LK03.r2-a1,web,lookup,LK03,2,2,fact,It states it has served as J&J’s auditor since at least 1920.,J&J; since at least 1920,S1,issuer,s203.q4cdn.com,2,secondary,issuer,false,true,false,true,false,issuer,none,,,secondary,issuer,false,true,false,2,false
20261007T034302957679Z-codex.web.LK03.r2-a1,web,lookup,LK03,2,3,fact,it could not determine the specific starting year.,,S1,issuer,s203.q4cdn.com,0,secondary,issuer,true,true,false,false,false,,none,,,secondary,issuer,false,false,false,0,true
20261007T034303658468Z-codex.archivist.LK03.r2-a1,archivist,lookup,LK03,2,1,fact,"PricewaterhouseCoopers LLP signed the report in Florham Park, New Jersey.",PricewaterhouseCoopers LLP; Florham Park; New Jersey,S1,filing,mosaic-finance.com,3,filing,filing,false,false,true,false,false,,none,,,filing,filing,true,false,false,3,false
20261007T034303658468Z-codex.archivist.LK03.r2-a1,archivist,lookup,LK03,2,2,fact,It states it has served as JNJ’s auditor “since at least 1920.”,JNJ; since at least 1920,S1,filing,mosaic-finance.com,2,filing,filing,false,false,true,false,false,,none,,,filing,filing,true,false,false,2,false
20261007T034303658468Z-codex.archivist.LK03.r2-a1,archivist,lookup,LK03,2,3,fact,It could not determine the exact starting year.,,S1,filing,mosaic-finance.com,0,filing,filing,true,false,false,false,false,,none,,,filing,filing,false,false,false,0,true
20261007T034319803624Z-codex.both.LK03.r2-a1,both,lookup,LK03,2,1,fact,"PricewaterhouseCoopers LLP signed the report in Florham Park, New Jersey, dated February 11, 2026.","PricewaterhouseCoopers LLP; Florham Park; New Jersey; February 11, 2026",S1,filing,filing-source,4,filing,filing,false,false,true,false,false,issuer; aggregator; reference,none,,,filing,filing,true,false,false,4,false
20261007T034319803624Z-codex.both.LK03.r2-a1,both,lookup,LK03,2,2,fact,It states it has served as J&J’s auditor since at least 1920.,J&J; since at least 1920,S1,filing,filing-source,2,filing,filing,false,false,true,true,false,issuer; forum,none,,,filing,filing,true,true,false,2,false
20261007T034319803624Z-codex.both.LK03.r2-a1,both,lookup,LK03,2,3,fact,It could not determine the exact starting year.,,S1,filing,filing-source,0,filing,filing,true,false,false,false,false,,none,,,filing,filing,false,false,false,0,true
20261007T034324589615Z-codex.web.LK04.r2-a1,web,lookup,LK04,2,1,fact,"According to Item 1.01 of Union Pacific’s July 29, 2025 Form 8-K","Item 1.01; Union Pacific; July 29, 2025; Form 8-K",S1,filing,filing-source,4,filing,filing,false,false,true,true,false,issuer; forum; aggregator; news; reference,none,,,filing,filing,true,true,false,4,false
20261007T034324589615Z-codex.web.LK04.r2-a1,web,lookup,LK04,2,2,fact,"$88.82 per Norfolk Southern share, without interest, plus one Union Pacific share.",$88.82; Norfolk Southern; one; Union Pacific,S1,filing,filing-source,4,filing,filing,false,false,true,true,false,issuer; forum; aggregator; news; reference,none,,,filing,filing,true,true,false,1,false
20261007T034324589615Z-codex.web.LK04.r2-a1,web,lookup,LK04,2,3,fact,$2.5 billion in cash payable by Union Pacific to Norfolk Southern under the specified circumstances involving failure to obtain regulatory approvals.,$2.5 billion; Union Pacific; Norfolk Southern,S1,filing,filing-source,3,filing,filing,false,false,true,true,false,issuer; forum; aggregator; news; reference,none,,,filing,filing,true,true,false,1,false
20261007T034324589615Z-codex.web.LK04.r2-a1,web,lookup,LK04,2,4,fact,"End Date before automatic extensions: January 28, 2028.","January 28, 2028",S1,filing,filing-source,1,filing,filing,false,false,true,true,false,issuer; aggregator; reference,none,,,filing,filing,true,true,false,1,false
20261007T034333985993Z-codex.archivist.LK04.r2-a1,archivist,lookup,LK04,2,1,fact,"UNP’s July 29, 2025 Form 8-K, Item 1.01, states:","UNP; July 29, 2025; Form 8-K; Item 1.01",,,,4,filing,filing,false,false,true,false,false,,none,,,filing,filing,true,false,false,4,false
20261007T034333985993Z-codex.archivist.LK04.r2-a1,archivist,lookup,LK04,2,2,fact,"$88.82 per Norfolk Southern share, without interest, plus one Union Pacific share.",$88.82; Norfolk Southern; one; Union Pacific,S1,filing,mosaic-finance.com,4,filing,filing,false,false,true,false,false,,none,,,filing,filing,true,false,false,1,false
20261007T034333985993Z-codex.archivist.LK04.r2-a1,archivist,lookup,LK04,2,3,fact,Union Pacific would pay Norfolk Southern $2.5 billion in cash under specified circumstances involving failure to obtain regulatory approvals.,Union Pacific; Norfolk Southern; $2.5 billion,,,,3,filing,filing,false,false,true,false,false,,none,,,filing,filing,true,false,false,1,false
20261007T034333985993Z-codex.archivist.LK04.r2-a1,archivist,lookup,LK04,2,4,fact,"End Date before automatic extensions: January 28, 2028.","January 28, 2028",S2,filing,mosaic-finance.com,1,filing,filing,false,false,true,false,false,,none,,,filing,filing,true,false,false,1,false
20261007T034336945898Z-codex.both.LK04.r2-a1,both,lookup,LK04,2,1,fact,"Union Pacific’s July 29, 2025 Form 8-K, Item 1.01","Union Pacific; July 29, 2025; Form 8-K; Item 1.01",S1,filing,filing-source,4,filing,filing,false,false,true,false,false,issuer; forum; aggregator; news; reference,none,,,filing,filing,true,false,false,4,false
20261007T034336945898Z-codex.both.LK04.r2-a1,both,lookup,LK04,2,2,fact,"Cash consideration: $88.82 per Norfolk Southern share, without interest, plus one Union Pacific share.",$88.82; Norfolk Southern; one; Union Pacific,S1,filing,filing-source,4,filing,filing,false,false,true,true,false,issuer; forum; aggregator; news; reference,none,,,filing,filing,true,true,false,1,false
20261007T034336945898Z-codex.both.LK04.r2-a1,both,lookup,LK04,2,3,fact,Regulatory termination fee: $2.5 billion in cash payable by Union Pacific to Norfolk Southern under specified circumstances involving failure to obtain regulatory approvals.,$2.5 billion; Union Pacific; Norfolk Southern,S1,filing,filing-source,3,filing,filing,false,false,true,true,false,issuer; forum; aggregator; news; reference,none,,,filing,filing,true,true,false,1,false
20261007T034336945898Z-codex.both.LK04.r2-a1,both,lookup,LK04,2,4,fact,"End Date before automatic extensions: January 28, 2028.","January 28, 2028",S1,filing,filing-source,1,filing,filing,false,false,true,true,false,issuer; reference,none,,,filing,filing,true,true,false,1,false
20261007T034351372289Z-codex.web.LK05.r2-a1,web,lookup,LK05,2,1,fact,"2025 profit sharing expense: US$1,337 million, reported in the Consolidated Statements of Operations (p. 56).","US$1,337 million; Consolidated Statements of Operations; p. 56; Delta; 2025 Form 10-K",S1,filing,filing-source,5,secondary,issuer,false,false,false,false,false,issuer; forum; reference,none,,,filing,filing,true,false,false,1,false
20261007T034351372289Z-codex.web.LK05.r2-a1,web,lookup,LK05,2,2,fact,"Employees earned US$67 million under Shared Rewards in 2025, disclosed in the employee discussion.",US$67 million; Shared Rewards; Delta; 2025 Form 10-K,S1,filing,filing-source,4,filing,filing,false,false,true,true,false,issuer; forum; reference,none,,,filing,filing,true,true,false,1,false
20261007T034351824627Z-codex.archivist.LK05.r2-a1,archivist,lookup,LK05,2,1,fact,"Delta’s FY2025 Form 10-K, filed February 11, 2026","Delta; FY2025; Form 10-K; February 11, 2026",,,,3,unattributed,,false,false,false,false,false,,none,,,unattributed,,false,false,false,3,false
20261007T034351824627Z-codex.archivist.LK05.r2-a1,archivist,lookup,LK05,2,2,fact,"Profit sharing expense: US$1,337 million for 2025, in the Consolidated Statements of Operations","US$1,337 million; Consolidated Statements of Operations",S1,filing,mosaic-finance.com,2,filing,filing,false,false,true,false,false,,none,,,filing,filing,true,false,false,1,false
20261007T034351824627Z-codex.archivist.LK05.r2-a1,archivist,lookup,LK05,2,3,fact,"Shared Rewards: Employees earned US$67 million in 2025, according to Item 1, “People and Culture”",Shared Rewards; US$67 million; Item 1; People and Culture,S2,filing,mosaic-finance.com,4,filing,filing,false,false,true,false,false,,none,,,filing,filing,true,false,false,1,false
20261007T034407765842Z-codex.both.LK05.r2-a1,both,lookup,LK05,2,1,fact,"Profit sharing expense for 2025: US$1,337 million, reported in the Consolidated Statements of Operations (p. 56).","US$1,337 million; Consolidated Statements of Operations; p. 56; 2025 Form 10-K",S1,filing,filing-source,4,secondary,issuer,false,false,false,false,false,issuer,none,,,filing,filing,true,false,false,1,false
20261007T034407765842Z-codex.both.LK05.r2-a1,both,lookup,LK05,2,2,fact,"Employees earned US$67 million under Shared Rewards in 2025, disclosed under “People and Culture” (p. 2).",US$67 million; Shared Rewards; People and Culture; p. 2; 2025 Form 10-K,S1,filing,filing-source,5,secondary,issuer,false,false,false,false,false,issuer; forum; aggregator,none,,,filing,filing,true,true,false,1,false
20261007T034503800668Z-codex.web.LK01.r3-a1,web,lookup,LK01,3,1,fact,"Costco reported for fiscal 2025 (52 weeks ended August 31, 2025): Membership fee revenue: US$5,323 million.","Costco; fiscal 2025; 52 weeks; August 31, 2025; US$5,323 million",S1,filing,filing-source,4,filing,filing,false,false,true,true,false,issuer; forum; aggregator; news; reference,none,,,filing,filing,true,true,false,1,false
20261007T034503800668Z-codex.web.LK01.r3-a1,web,lookup,LK01,3,2,fact,Year-end member renewal rates: 92.3% in the U.S. and Canada.,92.3%; U.S.; Canada,S1,filing,filing-source,3,filing,filing,false,false,true,true,false,issuer; forum; aggregator; news,none,,,filing,filing,true,true,false,1,false
20261007T034503800668Z-codex.web.LK01.r3-a1,web,lookup,LK01,3,3,fact,Year-end member renewal rates: 89.8% worldwide.,89.8%,S1,filing,filing-source,1,filing,filing,false,false,true,true,false,issuer; aggregator,none,,,filing,filing,true,true,false,1,false
20261007T034505195999Z-codex.archivist.LK01.r3-a1,archivist,lookup,LK01,3,1,fact,"For fiscal 2025 (52 weeks ended August 31, 2025), Costco reported","fiscal 2025; 52 weeks; August 31, 2025; Costco",S1,filing,mosaic-finance.com,3,unattributed,,false,false,false,false,false,,none,,,unattributed,,false,false,false,3,false
20261007T034505195999Z-codex.archivist.LK01.r3-a1,archivist,lookup,LK01,3,2,fact,"Membership fee revenue: US$5,323 million.","US$5,323 million",S1,filing,mosaic-finance.com,1,filing,filing,false,false,true,false,false,,none,,,filing,filing,true,false,false,1,false
20261007T034505195999Z-codex.archivist.LK01.r3-a1,archivist,lookup,LK01,3,3,fact,Year-end member renewal rates: 92.3% in the U.S. and Canada,92.3%; U.S.; Canada,S1,filing,mosaic-finance.com,3,filing,filing,false,false,true,false,false,,none,,,filing,filing,true,false,false,1,false
20261007T034505195999Z-codex.archivist.LK01.r3-a1,archivist,lookup,LK01,3,4,fact,89.8% worldwide.,89.8%,S1,filing,mosaic-finance.com,1,filing,filing,false,false,true,false,false,,none,,,filing,filing,true,false,false,1,false
20261007T034505195999Z-codex.archivist.LK01.r3-a1,archivist,lookup,LK01,3,5,fact,"Costco’s Form 10-K, filed October 8, 2025, Item 7—Membership Fees","Costco; Form 10-K; October 8, 2025; Item 7—Membership Fees",S1,filing,mosaic-finance.com,4,unattributed,,false,false,false,false,false,,none,,,unattributed,,false,false,false,4,false
20261007T034517592154Z-codex.both.LK01.r3-a1,both,lookup,LK01,3,1,fact,"For fiscal 2025 (52 weeks ended August 31, 2025), Costco reported membership fee revenue of US$5,323 million.","fiscal 2025; 52 weeks; August 31, 2025; Costco; US$5,323 million",S1,filing,filing-source,4,filing,filing,false,false,true,true,false,issuer; forum; aggregator,none,,,filing,filing,true,true,false,1,false
20261007T034517592154Z-codex.both.LK01.r3-a1,both,lookup,LK01,3,2,fact,Costco reported member renewal rates at year-end of fiscal 2025 of 92.3% in the U.S. and Canada.,Costco; fiscal 2025; 92.3%; U.S.; Canada,S1,filing,filing-source,4,filing,filing,false,false,true,true,false,issuer; forum; aggregator,none,,,filing,filing,true,true,false,1,false
20261007T034517592154Z-codex.both.LK01.r3-a1,both,lookup,LK01,3,3,fact,Costco reported member renewal rates at year-end of fiscal 2025 of 89.8% worldwide.,Costco; fiscal 2025; 89.8%,S1,filing,filing-source,2,filing,filing,false,false,true,true,false,issuer; forum; aggregator,none,,,filing,filing,true,true,false,1,false
20261007T034524287792Z-codex.web.LK02.r3-a1,web,lookup,LK02,3,1,fact,"According to the cover page of Caterpillar’s FY2025 Form 10-K: Common shares outstanding on December 31, 2025: 465,287,332.","Caterpillar; FY2025 Form 10-K; December 31, 2025; 465,287,332",S1,filing,filing-source,4,secondary,issuer,false,false,false,false,false,issuer; aggregator; reference,none,,,filing,filing,true,false,false,1,false
20261007T034524287792Z-codex.web.LK02.r3-a1,web,lookup,LK02,3,2,fact,"According to the cover page of Caterpillar’s FY2025 Form 10-K: Aggregate market value of voting stock held by non-affiliates on June 30, 2025: approximately US$180.9 billion.","Caterpillar; FY2025 Form 10-K; June 30, 2025; US$180.9 billion",S1,filing,filing-source,4,secondary,issuer,false,false,false,false,false,issuer; aggregator; reference,none,,,filing,filing,true,false,false,1,false
20261007T034533483259Z-codex.archivist.LK02.r3-a1,archivist,lookup,LK02,3,1,fact,"Caterpillar’s FY2025 Form 10-K, filed February 13, 2026","Caterpillar; FY2025 Form 10-K; February 13, 2026",S1,filing,mosaic-finance.com,3,unattributed,,false,false,false,false,false,,none,,,unattributed,,false,false,false,3,false
20261007T034533483259Z-codex.archivist.LK02.r3-a1,archivist,lookup,LK02,3,2,fact,"Common shares outstanding at December 31, 2025: 465,287,332.","December 31, 2025; 465,287,332",S1,filing,mosaic-finance.com,2,filing,filing,false,false,true,false,false,,none,,,filing,filing,true,false,false,1,false
20261007T034533483259Z-codex.archivist.LK02.r3-a1,archivist,lookup,LK02,3,3,fact,"Aggregate market value of voting stock held by non-affiliates at June 30, 2025: approximately US$180.9 billion.","June 30, 2025; US$180.9 billion",S1,filing,mosaic-finance.com,2,filing,filing,false,false,true,false,false,,none,,,filing,filing,true,false,false,1,false
20261007T034537943673Z-codex.both.LK02.r3-a1,both,lookup,LK02,3,1,fact,"Common shares outstanding as of December 31, 2025: 465,287,332.","December 31, 2025; 465,287,332",S1,filing,filing-source,2,filing,filing,false,false,true,false,false,aggregator,none,,,filing,filing,true,false,false,1,false
20261007T034537943673Z-codex.both.LK02.r3-a1,both,lookup,LK02,3,2,fact,"Aggregate market value of voting stock held by non-affiliates as of June 30, 2025: approximately US$180.9 billion.","June 30, 2025; US$180.9 billion",S1,filing,filing-source,2,filing,filing,false,false,true,false,false,issuer,none,,,filing,filing,true,false,false,1,false
20261007T034547916597Z-codex.web.LK03.r3-a1,web,lookup,LK03,3,1,fact,"PricewaterhouseCoopers LLP signed the report in Florham Park, New Jersey, on February 11, 2026.","PricewaterhouseCoopers LLP; Florham Park; New Jersey; February 11, 2026",S1,filing,filing-source,4,filing,filing,false,false,true,false,false,issuer; aggregator; reference,none,,,filing,filing,true,false,false,4,false
20261007T034547916597Z-codex.web.LK03.r3-a1,web,lookup,LK03,3,2,fact,"It states it has served as JNJ’s auditor since at least 1920, while noting that it cannot determine the exact starting year.",JNJ; since at least 1920,S1,filing,filing-source,2,filing,filing,false,false,true,true,false,issuer; aggregator; reference,none,,,filing,filing,true,true,false,2,false
20261007T034557006781Z-codex.archivist.LK03.r3-a1,archivist,lookup,LK03,3,1,fact,"PricewaterhouseCoopers LLP signed the report in Florham Park, New Jersey.",PricewaterhouseCoopers LLP; Florham Park; New Jersey,S1,filing,mosaic-finance.com,3,filing,filing,false,false,true,false,false,,none,,,filing,filing,true,false,false,3,false
20261007T034557006781Z-codex.archivist.LK03.r3-a1,archivist,lookup,LK03,3,2,fact,It states it has served as JNJ’s auditor since at least 1920.,JNJ; since at least 1920,S1,filing,mosaic-finance.com,2,filing,filing,false,false,true,false,false,,none,,,filing,filing,true,false,false,2,false
20261007T034557006781Z-codex.archivist.LK03.r3-a1,archivist,lookup,LK03,3,3,fact,It could not determine the exact starting year.,,S1,filing,mosaic-finance.com,0,filing,filing,true,false,false,false,false,,none,,,filing,filing,false,false,false,0,true
20261007T034604309116Z-codex.both.LK03.r3-a1,both,lookup,LK03,3,1,fact,"PricewaterhouseCoopers LLP signed the report in Florham Park, New Jersey, on February 11, 2026.","PricewaterhouseCoopers LLP; Florham Park; New Jersey; February 11, 2026",S1,filing,filing-source,4,filing,filing,false,false,true,false,false,issuer; aggregator; reference,none,,,filing,filing,true,false,false,4,false
20261007T034604309116Z-codex.both.LK03.r3-a1,both,lookup,LK03,3,2,fact,It states it has served as JNJ’s auditor since at least 1920.,JNJ; since at least 1920,S1,filing,filing-source,2,filing,filing,false,false,true,true,false,issuer,none,,,filing,filing,true,true,false,2,false
20261007T034604309116Z-codex.both.LK03.r3-a1,both,lookup,LK03,3,3,fact,It could not determine the exact starting year.,,S1,filing,filing-source,0,filing,filing,true,false,false,false,false,,none,,,filing,filing,false,false,false,0,true
20261007T034617023163Z-codex.web.LK04.r3-a1,web,lookup,LK04,3,1,fact,"Union Pacific’s July 29, 2025 Form 8-K, Item 1.01","Union Pacific; July 29, 2025; Form 8-K; Item 1.01",S1,filing,filing-source,4,filing,filing,false,false,true,false,false,issuer; forum; news; reference,none,,,filing,filing,true,false,false,4,false
20261007T034617023163Z-codex.web.LK04.r3-a1,web,lookup,LK04,3,2,fact,"$88.82 per Norfolk Southern share, without interest, plus one Union Pacific share.",$88.82; Norfolk Southern; one; Union Pacific,S1,filing,filing-source,4,filing,filing,false,false,true,true,false,issuer; forum; news; reference,none,,,filing,filing,true,true,false,1,false
20261007T034617023163Z-codex.web.LK04.r3-a1,web,lookup,LK04,3,3,fact,$2.5 billion in cash payable by Union Pacific to Norfolk Southern under specified circumstances involving failure to obtain regulatory approvals.,$2.5 billion; Union Pacific; Norfolk Southern,S1,filing,filing-source,3,filing,filing,false,false,true,true,false,issuer; forum; news; reference,none,,,filing,filing,true,true,false,1,false
20261007T034617023163Z-codex.web.LK04.r3-a1,web,lookup,LK04,3,4,fact,"Initial End Date: January 28, 2028, before automatic extensions.","January 28, 2028",S1,filing,filing-source,1,filing,filing,false,false,true,true,false,issuer; reference,none,,,filing,filing,true,true,false,1,false
20261007T034619053858Z-codex.archivist.LK04.r3-a1,archivist,lookup,LK04,3,1,fact,"UNP’s July 29, 2025 Form 8-K, Item 1.01, states:","UNP; July 29, 2025; Form 8-K; Item 1.01",,,,4,filing,filing,false,false,true,false,false,,none,,,filing,filing,true,false,false,4,false
20261007T034619053858Z-codex.archivist.LK04.r3-a1,archivist,lookup,LK04,3,2,fact,"$88.82 per Norfolk Southern share, without interest, plus one Union Pacific share.",$88.82; Norfolk Southern; one; Union Pacific,S1,filing,mosaic-finance.com,4,filing,filing,false,false,true,false,false,,none,,,filing,filing,true,false,false,1,false
20261007T034619053858Z-codex.archivist.LK04.r3-a1,archivist,lookup,LK04,3,3,fact,Union Pacific would pay Norfolk Southern $2.5 billion in cash under specified circumstances involving failure to obtain regulatory approvals.,Union Pacific; Norfolk Southern; $2.5 billion,S2,filing,mosaic-finance.com,3,filing,filing,false,false,true,false,false,,none,,,filing,filing,true,false,false,1,false
20261007T034619053858Z-codex.archivist.LK04.r3-a1,archivist,lookup,LK04,3,4,fact,"End Date before automatic extensions: January 28, 2028.","January 28, 2028",S2,filing,mosaic-finance.com,1,filing,filing,false,false,true,false,false,,none,,,filing,filing,true,false,false,1,false
20261007T034629134358Z-codex.both.LK04.r3-a1,both,lookup,LK04,3,1,fact,"Union Pacific’s July 29, 2025 Form 8-K, Item 1.01","Union Pacific; July 29, 2025; Form 8-K; Item 1.01",S1,filing,filing-source,4,filing,filing,false,false,true,false,false,issuer; forum; aggregator; news; reference,none,,,filing,filing,true,false,false,4,false
20261007T034629134358Z-codex.both.LK04.r3-a1,both,lookup,LK04,3,2,fact,"Cash consideration: $88.82 per Norfolk Southern share, without interest, plus one Union Pacific share.",$88.82; Norfolk Southern; one Union Pacific share; Union Pacific,S1,filing,filing-source,4,secondary,issuer,false,false,false,true,false,issuer; forum; aggregator; news; reference,none,,,filing,filing,true,true,false,1,false
20261007T034629134358Z-codex.both.LK04.r3-a1,both,lookup,LK04,3,3,fact,Regulatory termination fee: $2.5 billion in cash payable by Union Pacific to Norfolk Southern under the specified regulatory-failure termination circumstances.,$2.5 billion; Union Pacific; Norfolk Southern,S1,filing,filing-source,3,filing,filing,false,false,true,true,false,issuer; forum; aggregator; news; reference,none,,,filing,filing,true,true,false,1,false
20261007T034629134358Z-codex.both.LK04.r3-a1,both,lookup,LK04,3,4,fact,"End Date before automatic extensions: January 28, 2028.","January 28, 2028",S1,filing,filing-source,1,filing,filing,false,false,true,true,false,issuer; aggregator; reference,none,,,filing,filing,true,true,false,1,false
20261007T034637629040Z-codex.web.LK05.r3-a1,web,lookup,LK05,3,1,fact,"2025 profit sharing expense: US$1,337 million, reported in the Consolidated Statements of Operations (p. 56).","US$1,337 million; Consolidated Statements of Operations; p. 56",S1,filing,filing-source,3,unattributed,,false,false,false,false,false,,none,,,filing,filing,true,false,false,1,false
20261007T034637629040Z-codex.web.LK05.r3-a1,web,lookup,LK05,3,2,fact,2025 Shared Rewards earnings: Employees earned US$67 million.,Shared Rewards; US$67 million,S1,filing,filing-source,2,filing,filing,false,false,true,true,false,issuer,none,,,filing,filing,true,true,false,1,false
20261007T034637629040Z-codex.web.LK05.r3-a1,web,lookup,LK05,3,3,fact,"Delta’s fiscal 2025 Form 10-K, filed February 11, 2026.","Delta; fiscal 2025 Form 10-K; February 11, 2026",S1,filing,filing-source,3,secondary,issuer,false,false,false,false,false,issuer; forum; aggregator; reference,none,,,secondary,issuer,false,false,false,3,false
20261007T034641972140Z-codex.archivist.LK05.r3-a1,archivist,lookup,LK05,3,1,fact,"Delta’s 2025 Form 10-K, filed February 11, 2026","Delta; 2025 Form 10-K; February 11, 2026",,,,3,unattributed,,false,false,false,false,false,,none,,,unattributed,,false,false,false,3,false
20261007T034641972140Z-codex.archivist.LK05.r3-a1,archivist,lookup,LK05,3,2,fact,"Profit sharing expense: US$1,337 million for 2025 in the Consolidated Statements of Operations","US$1,337 million; Consolidated Statements of Operations",S1,filing,mosaic-finance.com,2,filing,filing,false,false,true,false,false,,none,,,filing,filing,true,false,false,1,false
20261007T034641972140Z-codex.archivist.LK05.r3-a1,archivist,lookup,LK05,3,3,fact,"Shared Rewards earnings: US$67 million earned by employees in 2025, per Item 1, “People and Culture”",Shared Rewards; US$67 million; Item 1; People and Culture,S2,filing,mosaic-finance.com,4,filing,filing,false,false,true,false,false,,none,,,filing,filing,true,false,false,1,false
20261007T034657375163Z-codex.both.LK05.r3-a1,both,lookup,LK05,3,1,fact,"2025 profit sharing expense: US$1,337 million, reported in the Consolidated Statements of Operations, p. 56. Delta 2025 Form 10-K","US$1,337 million; Consolidated Statements of Operations; p. 56; Delta 2025 Form 10-K",S1,filing,filing-source,4,unattributed,,false,false,false,false,false,,none,,,filing,filing,true,false,false,1,false
20261007T034657375163Z-codex.both.LK05.r3-a1,both,lookup,LK05,3,2,fact,"Employees earned US$67 million under Shared Rewards in 2025, disclosed in Item 1, “People and Culture,” p. 2. Same filing",US$67 million; Shared Rewards; Item 1; People and Culture; p. 2,S1,filing,filing-source,5,secondary,issuer,false,false,false,false,false,issuer; forum,none,,,filing,filing,true,true,false,1,false
20261007T034821229567Z-codex.web.LK06.r1-a1,web,lookup,LK06,1,1,fact,"As of December 31, 2025, Lockheed Martin reported total backlog of US$193.6 billion.","December 31, 2025; Lockheed Martin; US$193.6 billion",S1,filing,filing-source,3,filing,filing,false,false,true,true,false,issuer; forum; aggregator; reference,none,,,filing,filing,true,true,false,1,false
20261007T034821229567Z-codex.web.LK06.r1-a1,web,lookup,LK06,1,2,fact,"As of December 31, 2025, Lockheed Martin reported 1,293 production F-35 aircraft delivered since program inception.","December 31, 2025; Lockheed Martin; 1,293 aircraft; F-35",,,,4,secondary,issuer,false,false,false,false,false,issuer; forum; aggregator; reference,none,,,secondary,issuer,false,false,false,4,false
20261007T034821229567Z-codex.web.LK06.r1-a1,web,lookup,LK06,1,3,fact,"As of December 31, 2025, Lockheed Martin reported F-35 backlog of 368 aircraft.","December 31, 2025; Lockheed Martin; F-35; 368 aircraft",S1,filing,filing-source,4,filing,filing,false,false,true,true,false,issuer; forum; aggregator; reference,none,,,filing,filing,true,true,false,4,false
20261007T034821230232Z-codex.archivist.LK06.r1-a1,archivist,lookup,LK06,1,1,fact,"LMT’s FY2025 Form 10-K, filed January 29, 2026","LMT; FY2025; Form 10-K; January 29, 2026",,,,3,unattributed,,false,false,false,false,false,,none,,,unattributed,,false,false,false,3,false
20261007T034821230232Z-codex.archivist.LK06.r1-a1,archivist,lookup,LK06,1,2,fact,"As of December 31, 2025: Total backlog: US$193.6 billion.","December 31, 2025; US$193.6 billion",S1,filing,mosaic-finance.com,2,filing,filing,false,false,true,false,false,,none,,,filing,filing,true,false,false,1,false
20261007T034821230232Z-codex.archivist.LK06.r1-a1,archivist,lookup,LK06,1,3,fact,"As of December 31, 2025: Production F-35 aircraft delivered since program inception: 1,293 aircraft.","December 31, 2025; F-35; 1,293 aircraft",S2,filing,mosaic-finance.com,3,unattributed,,false,false,false,false,false,,none,,,unattributed,,false,false,false,3,false
20261007T034821230232Z-codex.archivist.LK06.r1-a1,archivist,lookup,LK06,1,4,fact,"As of December 31, 2025: F-35 backlog: 368 aircraft.","December 31, 2025; F-35; 368 aircraft",S2,filing,mosaic-finance.com,3,filing,filing,false,false,true,false,false,,none,,,filing,filing,true,false,false,3,false
20261007T034834260708Z-codex.both.LK06.r1-a1,both,lookup,LK06,1,1,fact,"As of December 31, 2025: Total backlog: US$193.6 billion.","December 31, 2025; US$193.6 billion",S1,filing,filing-source,2,filing,filing,false,false,true,true,false,issuer; aggregator,none,,,filing,filing,true,true,false,1,false
20261007T034834260708Z-codex.both.LK06.r1-a1,both,lookup,LK06,1,2,fact,"As of December 31, 2025: Production F-35 aircraft delivered since program inception: 1,293.","December 31, 2025; F-35; 1,293",,,,3,filing,filing,false,false,true,true,false,issuer; forum; aggregator; reference,none,,,filing,filing,true,true,false,1,false
20261007T034834260708Z-codex.both.LK06.r1-a1,both,lookup,LK06,1,3,fact,"As of December 31, 2025: F-35 backlog: 368 aircraft.","December 31, 2025; F-35; 368 aircraft",S1,filing,filing-source,3,filing,filing,false,false,true,true,false,issuer; forum; aggregator; reference,none,,,filing,filing,true,true,false,3,false
20261007T034855708595Z-codex.web.LK07.r1-a1,web,lookup,LK07,1,1,fact,"For the three months ended June 30, 2026, Netflix reported revenues of $12,559,938 (in thousands of US dollars).","June 30, 2026; Netflix; $12,559,938; US dollars",S1,filing,filing-source,4,secondary,issuer,false,false,false,false,false,issuer; forum; aggregator,none,,,filing,filing,true,false,false,1,false
20261007T034855708595Z-codex.web.LK07.r1-a1,web,lookup,LK07,1,2,fact,"For the three months ended June 30, 2026, Netflix reported operating income of $4,192,610 (in thousands of US dollars).","June 30, 2026; Netflix; $4,192,610; US dollars",S1,filing,filing-source,4,secondary,issuer,false,false,false,false,false,issuer; forum; aggregator,none,,,filing,filing,true,true,false,1,false
20261007T034855708595Z-codex.web.LK07.r1-a1,web,lookup,LK07,1,3,fact,"Netflix’s Form 10-Q, filed July 17, 2026.","Netflix; Form 10-Q; July 17, 2026",S1,filing,filing-source,3,secondary,issuer,false,false,false,false,false,issuer; forum; aggregator,none,,,secondary,issuer,false,false,false,3,false
20261007T034856139144Z-codex.archivist.LK07.r1-a1,archivist,lookup,LK07,1,1,fact,"For the three months ended June 30, 2026, Netflix reported revenues of 12,559,938 in thousands of US dollars.","June 30, 2026; Netflix; 12,559,938; thousands of US dollars",S1,filing,mosaic-finance.com,4,unattributed,,false,false,false,false,false,,none,,,filing,filing,true,false,false,1,false
20261007T034856139144Z-codex.archivist.LK07.r1-a1,archivist,lookup,LK07,1,2,fact,"For the three months ended June 30, 2026, Netflix reported operating income of 4,192,610 in thousands of US dollars.","June 30, 2026; Netflix; 4,192,610; thousands of US dollars",S1,filing,mosaic-finance.com,4,unattributed,,false,false,false,false,false,,none,,,filing,filing,true,false,false,1,false
20261007T034856139144Z-codex.archivist.LK07.r1-a1,archivist,lookup,LK07,1,3,fact,"Netflix Form 10-Q, filed July 17, 2026 — Results of Operations.","Netflix; Form 10-Q; July 17, 2026; Results of Operations",S1,filing,mosaic-finance.com,4,unattributed,,false,false,false,false,false,,none,,,unattributed,,false,false,false,4,false
20261007T034907335113Z-codex.both.LK07.r1-a1,both,lookup,LK07,1,1,fact,"For the three months ended June 30, 2026, Netflix reported revenues of $12,559,938 (in thousands of US dollars).","June 30, 2026; Netflix; $12,559,938; US dollars",S1,filing,filing-source,4,secondary,issuer,false,false,false,false,false,issuer; forum; aggregator,none,,,filing,filing,true,false,false,1,false
20261007T034907335113Z-codex.both.LK07.r1-a1,both,lookup,LK07,1,2,fact,"For the three months ended June 30, 2026, Netflix reported operating income of $4,192,610 (in thousands of US dollars).","June 30, 2026; Netflix; $4,192,610; US dollars",S1,filing,filing-source,4,secondary,issuer,false,false,false,false,false,issuer; forum; aggregator,none,,,filing,filing,true,true,false,1,false
20261007T034907335113Z-codex.both.LK07.r1-a1,both,lookup,LK07,1,3,fact,"Netflix’s Form 10-Q, filed July 17, 2026.","Netflix; Form 10-Q; July 17, 2026",S1,filing,filing-source,3,secondary,issuer,false,false,false,false,false,issuer; forum; aggregator,none,,,secondary,issuer,false,false,false,3,false
20261007T034919736299Z-codex.web.LK08.r1-a1,web,lookup,LK08,1,1,fact,"For fiscal 2025, Home Depot reported median-paid associate’s annual total compensation: $37,881.","fiscal 2025; Home Depot; $37,881",S1,filing,filing-source,2,filing,filing,false,false,true,true,false,issuer; forum; aggregator; reference,none,,,filing,filing,true,true,false,1,false
20261007T034919736299Z-codex.web.LK08.r1-a1,web,lookup,LK08,1,2,fact,"For fiscal 2025, Home Depot reported CEO Edward P. Decker’s annual total compensation: $16,191,127.","fiscal 2025; Home Depot; Edward P. Decker; $16,191,127",S1,filing,filing-source,3,filing,filing,false,false,true,true,false,issuer; forum; aggregator; reference,none,,,filing,filing,true,true,false,1,false
20261007T034919736299Z-codex.web.LK08.r1-a1,web,lookup,LK08,1,3,fact,"For fiscal 2025, Home Depot reported CEO-to-median-associate pay ratio: 427:1.",fiscal 2025; Home Depot; 427:1,S1,filing,filing-source,2,filing,filing,false,false,true,true,false,issuer; forum; aggregator; reference,none,,,filing,filing,true,true,false,1,false
20261007T034919736299Z-codex.web.LK08.r1-a1,web,lookup,LK08,1,4,fact,"Source: 2026 DEF 14A proxy statement, “CEO Pay Ratio,” p. 90.",2026 DEF 14A proxy statement; CEO Pay Ratio; p. 90,S1,filing,filing-source,3,secondary,forum,false,false,false,false,false,forum; aggregator,none,,,secondary,forum,false,false,false,3,false
20261007T034919924044Z-codex.archivist.LK08.r1-a1,archivist,lookup,LK08,1,1,fact,"Home Depot’s 2026 proxy statement (DEF 14A, filed April 7, 2026) reports for fiscal 2025.","Home Depot; 2026 proxy statement; DEF 14A; April 7, 2026; fiscal 2025",S1,filing,mosaic-finance.com,4,unattributed,,false,false,false,false,false,,none,,,unattributed,,false,false,false,4,false
20261007T034919924044Z-codex.archivist.LK08.r1-a1,archivist,lookup,LK08,1,2,fact,"Median-paid associate’s annual total compensation: $37,881 for fiscal 2025.","$37,881; fiscal 2025",S1,filing,mosaic-finance.com,1,filing,filing,false,false,true,false,false,,none,,,filing,filing,true,false,false,1,false
20261007T034919924044Z-codex.archivist.LK08.r1-a1,archivist,lookup,LK08,1,3,fact,"CEO Edward P. Decker’s annual total compensation: $16,191,127 for fiscal 2025.","Edward P. Decker; $16,191,127; fiscal 2025",S1,filing,mosaic-finance.com,2,filing,filing,false,false,true,false,false,,none,,,filing,filing,true,false,false,1,false
20261007T034919924044Z-codex.archivist.LK08.r1-a1,archivist,lookup,LK08,1,4,fact,CEO-to-median-associate pay ratio: 427 to 1 for fiscal 2025.,427 to 1; fiscal 2025,S1,filing,mosaic-finance.com,1,filing,filing,false,false,true,false,false,,none,,,filing,filing,true,false,false,1,false
20261007T034930974986Z-codex.both.LK08.r1-a1,both,lookup,LK08,1,1,fact,"Home Depot’s 2026 proxy statement reports for fiscal 2025: Median-paid associate’s annual total compensation: $37,881.","Home Depot; 2026 proxy statement; fiscal 2025; $37,881",S1,filing,filing-source,3,filing,filing,false,false,true,true,false,issuer; forum; aggregator; reference,none,,,filing,filing,true,true,false,1,false
20261007T034930974986Z-codex.both.LK08.r1-a1,both,lookup,LK08,1,2,fact,"Home Depot’s 2026 proxy statement reports for fiscal 2025: CEO Edward P. Decker’s annual total compensation: $16,191,127.","Home Depot; 2026 proxy statement; fiscal 2025; Edward P. Decker; $16,191,127",S1,filing,filing-source,4,filing,filing,false,false,true,true,false,issuer; forum; aggregator; reference,none,,,filing,filing,true,true,false,1,false
20261007T034930974986Z-codex.both.LK08.r1-a1,both,lookup,LK08,1,3,fact,Home Depot’s 2026 proxy statement reports for fiscal 2025: CEO pay ratio: 427 to 1.,Home Depot; 2026 proxy statement; fiscal 2025; 427 to 1,S1,filing,filing-source,3,filing,filing,false,false,true,true,false,issuer; forum; aggregator; reference,none,,,filing,filing,true,true,false,1,false
20261007T034938083020Z-codex.web.LK09.r1-a1,web,lookup,LK09,1,1,fact,The Board declared $1.0885 per common share.,$1.0885,S1,filing,filing-source,1,filing,filing,false,false,true,true,false,issuer; forum; aggregator,none,,,filing,filing,true,true,false,1,false
20261007T034938083020Z-codex.web.LK09.r1-a1,web,lookup,LK09,1,2,fact,"Payable on or after May 15, 2026.","May 15, 2026",S1,filing,filing-source,1,filing,filing,false,false,true,true,false,aggregator,none,,,filing,filing,true,true,false,1,false
20261007T034938083020Z-codex.web.LK09.r1-a1,web,lookup,LK09,1,3,fact,"To common shareholders of record at the close of business on April 24, 2026.","April 24, 2026",S1,filing,filing-source,1,filing,filing,false,false,true,true,false,aggregator,none,,,filing,filing,true,true,false,1,false
20261007T034946741690Z-codex.archivist.LK09.r1-a1,archivist,lookup,LK09,1,1,fact,The Board declared a quarterly dividend of $1.0885 per common share.,$1.0885,S1,filing,mosaic-finance.com,1,filing,filing,false,false,true,false,false,,none,,,filing,filing,true,false,false,1,false
20261007T034946741690Z-codex.archivist.LK09.r1-a1,archivist,lookup,LK09,1,2,fact,"The quarterly dividend is payable on or after May 15, 2026.","May 15, 2026",S1,filing,mosaic-finance.com,1,filing,filing,false,false,true,false,false,,none,,,filing,filing,true,false,false,1,false
20261007T034946741690Z-codex.archivist.LK09.r1-a1,archivist,lookup,LK09,1,3,fact,"The quarterly dividend is payable to common shareholders of record at the close of business on April 24, 2026.","April 24, 2026",S1,filing,mosaic-finance.com,1,filing,filing,false,false,true,false,false,,none,,,filing,filing,true,false,false,1,false
20261007T034946880524Z-codex.both.LK09.r1-a1,both,lookup,LK09,1,1,fact,The Board declared a quarterly dividend of $1.0885 per common share.,$1.0885,S1,filing,filing-source,1,filing,filing,false,false,true,true,false,issuer; forum; aggregator,none,,,filing,filing,true,true,false,1,false
20261007T034946880524Z-codex.both.LK09.r1-a1,both,lookup,LK09,1,2,fact,"Payable on or after May 15, 2026.","May 15, 2026",S1,filing,filing-source,1,filing,filing,false,false,true,true,false,issuer; aggregator,none,,,filing,filing,true,true,false,1,false
20261007T034946880524Z-codex.both.LK09.r1-a1,both,lookup,LK09,1,3,fact,"To common shareholders of record at the close of business on April 24, 2026.","April 24, 2026",S1,filing,filing-source,1,filing,filing,false,false,true,true,false,issuer; aggregator,none,,,filing,filing,true,true,false,1,false
20261007T034946880524Z-codex.both.LK09.r1-a1,both,lookup,LK09,1,4,fact,"Source: PG’s April 14, 2026 Form 8-K, Item 7.01.","PG; April 14, 2026; Form 8-K; Item 7.01",S1,filing,filing-source,4,filing,filing,false,false,true,true,false,issuer; forum; aggregator,none,,,filing,filing,true,true,false,4,false
20261007T034956182437Z-codex.web.LK10.r1-a1,web,lookup,LK10,1,1,fact,"The “Financial Information” summary table (page 30) reports for 2025: Net income attributable to ExxonMobil: US$28,844 million","Financial Information; 30; ExxonMobil; US$28,844 million",S1,issuer,ir.exxonmobil.com,3,secondary,issuer,false,true,false,true,false,issuer; aggregator,none,,,secondary,issuer,false,true,false,1,false
20261007T034956182437Z-codex.web.LK10.r1-a1,web,lookup,LK10,1,2,fact,The “Financial Information” summary table (page 30) reports for 2025: Regular employees at year end: 57.9 thousand,Financial Information; 30; 57.9 thousand,S1,issuer,ir.exxonmobil.com,2,secondary,issuer,false,true,false,true,false,issuer; aggregator; other,none,,,secondary,issuer,false,true,false,1,false
20261007T034956182437Z-codex.web.LK10.r1-a1,web,lookup,LK10,1,3,fact,"ExxonMobil’s 2025 Form 10-K, filed February 18, 2026","ExxonMobil; 2025 Form 10-K; February 18, 2026",S1,issuer,ir.exxonmobil.com,3,secondary,issuer,false,true,false,true,false,issuer; aggregator,none,,,secondary,issuer,false,true,false,3,false
20261007T035005790048Z-codex.archivist.LK10.r1-a1,archivist,lookup,LK10,1,1,fact,"ExxonMobil’s 2025 Form 10-K, filed February 18, 2026","ExxonMobil; 2025 Form 10-K; February 18, 2026",S1,filing,mosaic-finance.com,3,unattributed,,false,false,false,false,false,,none,,,unattributed,,false,false,false,3,false
20261007T035005790048Z-codex.archivist.LK10.r1-a1,archivist,lookup,LK10,1,2,fact,"Net income attributable to ExxonMobil: US$28,844 million for 2025.","ExxonMobil; US$28,844 million",S1,filing,mosaic-finance.com,2,unattributed,,false,false,false,false,false,,none,,,unattributed,,false,false,false,1,false
20261007T035005790048Z-codex.archivist.LK10.r1-a1,archivist,lookup,LK10,1,3,fact,Regular employees at year-end 2025: 57.9 thousand.,57.9 thousand,S1,filing,mosaic-finance.com,1,unattributed,,false,false,false,false,false,,none,,,unattributed,,false,false,false,1,false
20261007T035005790048Z-codex.archivist.LK10.r1-a1,archivist,lookup,LK10,1,4,fact,"Source: “Financial Information” summary table, page 30",“Financial Information”; page 30,S1,filing,mosaic-finance.com,2,unattributed,,false,false,false,false,false,,none,,,unattributed,,false,false,false,2,false
20261007T035008685409Z-codex.both.LK10.r1-a1,both,lookup,LK10,1,1,fact,"The 2025 “Financial Information” summary table reports net income attributable to ExxonMobil of US$28,844 million.","ExxonMobil; US$28,844 million",S1,filing,filing-source,2,filing,filing,false,false,true,false,false,issuer; aggregator; reference; other,none,,,filing,filing,true,false,false,1,false
20261007T035008685409Z-codex.both.LK10.r1-a1,both,lookup,LK10,1,2,fact,The 2025 “Financial Information” summary table reports regular employees at year end of 57.9 thousand.,57.9 thousand,S1,filing,filing-source,1,filing,filing,false,false,true,true,false,aggregator,none,,,filing,filing,true,true,false,1,false
20261007T035008685409Z-codex.both.LK10.r1-a1,both,lookup,LK10,1,3,fact,"Source: ExxonMobil 2025 Form 10-K, p. 30, filed February 18, 2026.","ExxonMobil 2025 Form 10-K; p. 30; February 18, 2026",S1,filing,filing-source,3,secondary,issuer,false,false,false,false,false,issuer; aggregator; reference,none,,,secondary,issuer,false,false,false,3,false
20261007T035027122487Z-codex.web.LK06.r2-a1,web,lookup,LK06,2,1,fact,"As of December 31, 2025, total backlog: US$193.6 billion.","December 31, 2025; US$193.6 billion",S1,filing,filing-source,2,filing,filing,false,false,true,true,false,issuer; aggregator,none,,,filing,filing,true,true,false,1,false
20261007T035027122487Z-codex.web.LK06.r2-a1,web,lookup,LK06,2,2,fact,"As of December 31, 2025, production F-35s delivered since program inception: 1,293 aircraft.","December 31, 2025; F-35s; 1,293 aircraft",,,,3,secondary,issuer,false,false,false,false,false,issuer; aggregator,none,,,secondary,issuer,false,false,false,3,false
20261007T035027122487Z-codex.web.LK06.r2-a1,web,lookup,LK06,2,3,fact,"As of December 31, 2025, F-35 backlog: 368 aircraft.","December 31, 2025; F-35; 368 aircraft",S1,filing,filing-source,3,filing,filing,false,false,true,false,false,issuer; forum; aggregator; news; reference,none,,,filing,filing,true,false,false,3,false
20261007T035040949894Z-codex.archivist.LK06.r2-a1,archivist,lookup,LK06,2,1,fact,"LMT’s FY2025 Form 10-K, filed January 29, 2026","LMT; FY2025; Form 10-K; January 29, 2026",,,,3,unattributed,,false,false,false,false,false,,none,,,unattributed,,false,false,false,3,false
20261007T035040949894Z-codex.archivist.LK06.r2-a1,archivist,lookup,LK06,2,2,fact,"Total backlog at December 31, 2025: US$193.6 billion.","December 31, 2025; US$193.6 billion",S1,filing,mosaic-finance.com,2,filing,filing,false,false,true,false,false,,none,,,filing,filing,true,false,false,1,false
20261007T035040949894Z-codex.archivist.LK06.r2-a1,archivist,lookup,LK06,2,3,fact,"Production F-35 aircraft delivered from program inception through that date: 1,293.","F-35; 1,293",S2,filing,mosaic-finance.com,2,filing,filing,false,false,true,false,false,,none,,,filing,filing,true,false,false,1,false
20261007T035040949894Z-codex.archivist.LK06.r2-a1,archivist,lookup,LK06,2,4,fact,F-35 backlog at that date: 368 aircraft.,F-35; 368 aircraft,S2,filing,mosaic-finance.com,2,filing,filing,false,false,true,false,false,,none,,,filing,filing,true,false,false,2,false
20261007T035042335351Z-codex.both.LK06.r2-a1,both,lookup,LK06,2,1,fact,"As of December 31, 2025, Lockheed Martin reported total backlog: US$193.6 billion.","December 31, 2025; Lockheed Martin; US$193.6 billion",S1,filing,filing-source,3,filing,filing,false,false,true,true,false,issuer; forum; aggregator; reference,none,,,filing,filing,true,true,false,1,false
20261007T035042335351Z-codex.both.LK06.r2-a1,both,lookup,LK06,2,2,fact,"As of December 31, 2025, Lockheed Martin reported production F-35 aircraft delivered since program inception: 1,293 aircraft.","December 31, 2025; Lockheed Martin; F-35; 1,293 aircraft",,,,4,secondary,issuer,false,false,false,false,false,issuer; forum; aggregator; reference,none,,,secondary,issuer,false,false,false,4,false
20261007T035042335351Z-codex.both.LK06.r2-a1,both,lookup,LK06,2,3,fact,"As of December 31, 2025, Lockheed Martin reported F-35 backlog: 368 aircraft.","December 31, 2025; Lockheed Martin; F-35; 368 aircraft",S1,filing,filing-source,4,filing,filing,false,false,true,true,false,issuer; forum; aggregator; reference,none,,,filing,filing,true,true,false,4,false
20261007T035057560762Z-codex.web.LK07.r2-a1,web,lookup,LK07,2,1,fact,"For the three months ended June 30, 2026, Netflix reported revenues of $12,559,938 (in thousands of US dollars).","three months; June 30, 2026; Netflix; $12,559,938; thousands of US dollars",S1,filing,filing-source,5,secondary,issuer,false,false,false,false,false,issuer; forum; aggregator,none,,,filing,filing,true,false,false,1,false
20261007T035057560762Z-codex.web.LK07.r2-a1,web,lookup,LK07,2,2,fact,"For the three months ended June 30, 2026, Netflix reported operating income of $4,192,610 (in thousands of US dollars).","three months; June 30, 2026; Netflix; $4,192,610; thousands of US dollars",S1,filing,filing-source,5,secondary,issuer,false,false,false,false,false,issuer; forum; aggregator,none,,,filing,filing,true,true,false,1,false
20261007T035057560762Z-codex.web.LK07.r2-a1,web,lookup,LK07,2,3,fact,"Source: Netflix’s Form 10-Q, Consolidated Statements of Operations.",Netflix; Form 10-Q; Consolidated Statements of Operations,S1,filing,filing-source,3,filing,filing,false,false,true,false,false,issuer; forum; aggregator,none,,,filing,filing,true,false,false,3,false
20261007T035057560762Z-codex.web.LK07.r2-a1,web,lookup,LK07,2,4,fact,"Netflix’s Form 10-Q, filed July 17, 2026.","Netflix; Form 10-Q; July 17, 2026",S2,filing,filing-source,3,secondary,issuer,false,false,false,false,false,issuer; forum; aggregator,none,,,secondary,issuer,false,false,false,3,false
20261007T035106387497Z-codex.archivist.LK07.r2-a1,archivist,lookup,LK07,2,1,fact,"For the three months ended June 30, 2026, Netflix reported revenues of $12,559,938 (in thousands of US dollars).","June 30, 2026; Netflix; $12,559,938; thousands of US dollars",S1,filing,mosaic-finance.com,4,unattributed,,false,false,false,false,false,,none,,,filing,filing,true,false,false,1,false
20261007T035106387497Z-codex.archivist.LK07.r2-a1,archivist,lookup,LK07,2,2,fact,"For the three months ended June 30, 2026, Netflix reported operating income of $4,192,610 (in thousands of US dollars).","June 30, 2026; Netflix; $4,192,610; thousands of US dollars",S1,filing,mosaic-finance.com,4,unattributed,,false,false,false,false,false,,none,,,filing,filing,true,false,false,1,false
20261007T035106387497Z-codex.archivist.LK07.r2-a1,archivist,lookup,LK07,2,3,fact,"Netflix Form 10-Q, filed July 17, 2026, Results of Operations.","Netflix; Form 10-Q; July 17, 2026; Results of Operations",S1,filing,mosaic-finance.com,4,unattributed,,false,false,false,false,false,,none,,,unattributed,,false,false,false,4,false
20261007T035111589022Z-codex.both.LK07.r2-a1,both,lookup,LK07,2,1,fact,"For the three months ended June 30, 2026, Netflix reported revenues of $12,559,938 thousand, in US dollars.","three months; June 30, 2026; Netflix; $12,559,938 thousand; US dollars",S1,filing,mosaic-finance.com,5,secondary,issuer,false,false,false,false,false,issuer; aggregator,none,,,filing,filing,true,false,false,1,false
20261007T035111589022Z-codex.both.LK07.r2-a1,both,lookup,LK07,2,2,fact,"For the three months ended June 30, 2026, Netflix reported operating income of $4,192,610 thousand, in US dollars.","three months; June 30, 2026; Netflix; $4,192,610 thousand; US dollars",S1,filing,mosaic-finance.com,5,secondary,issuer,false,false,false,false,false,issuer; aggregator,none,,,filing,filing,true,true,true,1,false
20261007T035111589022Z-codex.both.LK07.r2-a1,both,lookup,LK07,2,3,fact,"Form 10-Q filed July 17, 2026, Consolidated Statements of Operations","Form 10-Q; July 17, 2026; Consolidated Statements of Operations",S1,filing,mosaic-finance.com,3,secondary,issuer,false,false,false,false,false,issuer; aggregator,none,,,secondary,issuer,false,false,false,3,false
20261007T035126794698Z-codex.web.LK08.r2-a1,web,lookup,LK08,2,1,fact,"For fiscal 2025, Home Depot reported: Median-paid associate annual total compensation: $37,881.","fiscal 2025; Home Depot; $37,881",S1,filing,filing-source,2,filing,filing,false,false,true,true,false,issuer; forum; aggregator; reference,none,,,filing,filing,true,true,false,1,false
20261007T035126794698Z-codex.web.LK08.r2-a1,web,lookup,LK08,2,2,fact,"For fiscal 2025, Home Depot reported: CEO Edward P. Decker annual total compensation: $16,191,127.","fiscal 2025; Home Depot; Edward P. Decker; $16,191,127",S1,filing,filing-source,3,filing,filing,false,false,true,true,false,issuer; forum; aggregator; reference,none,,,filing,filing,true,true,false,1,false
20261007T035126794698Z-codex.web.LK08.r2-a1,web,lookup,LK08,2,3,fact,"For fiscal 2025, Home Depot reported: CEO-to-median-associate pay ratio: 427:1.",fiscal 2025; Home Depot; 427:1,S1,filing,filing-source,2,filing,filing,false,false,true,true,false,issuer; forum; aggregator; reference,none,,,filing,filing,true,true,false,1,false
20261007T035130741088Z-codex.archivist.LK08.r2-a1,archivist,lookup,LK08,2,1,fact,"Home Depot’s 2026 proxy statement (DEF 14A, filed April 7, 2026) reports for fiscal 2025.","Home Depot; 2026 proxy statement; DEF 14A; April 7, 2026; fiscal 2025",S1,filing,mosaic-finance.com,4,unattributed,,false,false,false,false,false,,none,,,unattributed,,false,false,false,4,false
20261007T035130741088Z-codex.archivist.LK08.r2-a1,archivist,lookup,LK08,2,2,fact,"For fiscal 2025, median-paid associate’s annual total compensation: $37,881.","fiscal 2025; $37,881",S1,filing,mosaic-finance.com,1,filing,filing,false,false,true,false,false,,none,,,filing,filing,true,false,false,1,false
20261007T035130741088Z-codex.archivist.LK08.r2-a1,archivist,lookup,LK08,2,3,fact,"For fiscal 2025, CEO Edward P. Decker’s annual total compensation: $16,191,127.","fiscal 2025; Edward P. Decker; $16,191,127",S1,filing,mosaic-finance.com,2,filing,filing,false,false,true,false,false,,none,,,filing,filing,true,false,false,1,false
20261007T035130741088Z-codex.archivist.LK08.r2-a1,archivist,lookup,LK08,2,4,fact,"For fiscal 2025, CEO-to-median-associate pay ratio: 427 to 1.",fiscal 2025; 427 to 1,S1,filing,mosaic-finance.com,1,filing,filing,false,false,true,false,false,,none,,,filing,filing,true,false,false,1,false
20261007T035139068980Z-codex.both.LK08.r2-a1,both,lookup,LK08,2,1,fact,"For fiscal 2025, Home Depot reported median-paid associate annual total compensation of $37,881.","fiscal 2025; Home Depot; $37,881",S1,filing,filing-source,2,filing,filing,false,false,true,true,false,issuer; forum; aggregator; reference,none,,,filing,filing,true,true,false,1,false
20261007T035139068980Z-codex.both.LK08.r2-a1,both,lookup,LK08,2,2,fact,"For fiscal 2025, Home Depot reported CEO Edward P. Decker annual total compensation of $16,191,127.","fiscal 2025; Home Depot; Edward P. Decker; $16,191,127",S1,filing,filing-source,3,filing,filing,false,false,true,false,false,issuer; forum; aggregator; reference,none,,,filing,filing,true,true,false,1,false
20261007T035139068980Z-codex.both.LK08.r2-a1,both,lookup,LK08,2,3,fact,"For fiscal 2025, Home Depot reported a CEO pay ratio of 427 to 1.",fiscal 2025; Home Depot; 427 to 1,S1,filing,filing-source,2,filing,filing,false,false,true,true,false,issuer; forum; aggregator; reference,none,,,filing,filing,true,true,false,1,false
20261007T035154959788Z-codex.web.LK09.r2-a1,web,lookup,LK09,2,1,fact,The Board declared a quarterly dividend of $1.0885 per common share,$1.0885 per common share,S1,filing,filing-source,1,unattributed,,false,false,false,false,false,,none,,,unattributed,,false,false,false,1,false
20261007T035154959788Z-codex.web.LK09.r2-a1,web,lookup,LK09,2,2,fact,"payable on or after May 15, 2026","May 15, 2026",S1,filing,filing-source,1,filing,filing,false,false,true,true,false,issuer; aggregator,none,,,filing,filing,true,true,false,1,false
20261007T035154959788Z-codex.web.LK09.r2-a1,web,lookup,LK09,2,3,fact,"to common shareholders of record at the close of business on April 24, 2026","April 24, 2026",S1,filing,filing-source,1,filing,filing,false,false,true,true,false,issuer; aggregator,none,,,filing,filing,true,true,false,1,false
20261007T035154959788Z-codex.web.LK09.r2-a1,web,lookup,LK09,2,4,fact,"P&G Form 8-K, Item 7.01, filed April 14, 2026","P&G; Form 8-K; Item 7.01; April 14, 2026",S1,filing,filing-source,4,secondary,issuer,false,false,false,true,false,issuer; aggregator,none,,,secondary,issuer,false,true,false,4,false
20261007T035155834043Z-codex.archivist.LK09.r2-a1,archivist,lookup,LK09,2,1,fact,The Board declared a quarterly dividend of $1.0885 per common share,$1.0885,S1,filing,mosaic-finance.com,1,filing,filing,false,false,true,false,false,,none,,,filing,filing,true,false,false,1,false
20261007T035155834043Z-codex.archivist.LK09.r2-a1,archivist,lookup,LK09,2,2,fact,"payable on or after May 15, 2026","May 15, 2026",S1,filing,mosaic-finance.com,1,filing,filing,false,false,true,false,false,,none,,,filing,filing,true,false,false,1,false
20261007T035155834043Z-codex.archivist.LK09.r2-a1,archivist,lookup,LK09,2,3,fact,"to common shareholders of record at the close of business on April 24, 2026","April 24, 2026",S1,filing,mosaic-finance.com,1,filing,filing,false,false,true,false,false,,none,,,filing,filing,true,false,false,1,false
20261007T035155834043Z-codex.archivist.LK09.r2-a1,archivist,lookup,LK09,2,4,fact,"Source: PG’s April 14, 2026 Form 8-K, Item 7.01","PG; April 14, 2026; Form 8-K; Item 7.01",S1,filing,mosaic-finance.com,4,unattributed,,false,false,false,false,false,,none,,,unattributed,,false,false,false,4,false
20261007T035205088088Z-codex.both.LK09.r2-a1,both,lookup,LK09,2,1,fact,The Board declared a quarterly dividend of $1.0885 per common share.,$1.0885,S1,filing,filing-source,1,filing,filing,false,false,true,true,false,issuer; forum; aggregator,none,,,filing,filing,true,true,false,1,false
20261007T035205088088Z-codex.both.LK09.r2-a1,both,lookup,LK09,2,2,fact,"Payable on or after May 15, 2026.","May 15, 2026",S1,filing,filing-source,1,filing,filing,false,false,true,true,false,issuer; aggregator,none,,,filing,filing,true,true,false,1,false
20261007T035205088088Z-codex.both.LK09.r2-a1,both,lookup,LK09,2,3,fact,"To common shareholders of record at the close of business on April 24, 2026.","April 24, 2026",S1,filing,filing-source,1,filing,filing,false,false,true,true,false,issuer; aggregator,none,,,filing,filing,true,true,false,1,false
20261007T035205088088Z-codex.both.LK09.r2-a1,both,lookup,LK09,2,4,fact,"PG’s April 14, 2026 Form 8-K, Item 7.01.","PG; April 14, 2026; Form 8-K; Item 7.01",S1,filing,filing-source,4,filing,filing,false,false,true,true,false,issuer; forum; aggregator,none,,,filing,filing,true,true,false,4,false
20261007T035212971881Z-codex.web.LK10.r2-a1,web,lookup,LK10,2,1,fact,"The 2025 “Financial Information” summary table reports net income attributable to ExxonMobil of US$28,844 million.","2025 “Financial Information” summary table; ExxonMobil; US$28,844 million",S1,issuer,ir.exxonmobil.com,3,secondary,issuer,false,true,false,false,false,issuer; promotional; aggregator; other,none,,,secondary,issuer,false,true,false,1,false
20261007T035212971881Z-codex.web.LK10.r2-a1,web,lookup,LK10,2,2,fact,The 2025 “Financial Information” summary table reports regular employees at year-end of 57.9 thousand.,2025 “Financial Information” summary table; 57.9 thousand,S1,issuer,ir.exxonmobil.com,2,secondary,issuer,false,true,false,false,false,issuer; promotional; other,none,,,secondary,issuer,false,true,false,1,false
20261007T035212971881Z-codex.web.LK10.r2-a1,web,lookup,LK10,2,3,fact,"ExxonMobil’s 2025 Form 10-K, filed February 18, 2026, p. 30.","ExxonMobil; 2025 Form 10-K; February 18, 2026; p. 30",S1,issuer,ir.exxonmobil.com,4,secondary,issuer,false,true,false,false,false,issuer; promotional; aggregator; other,none,,,secondary,issuer,false,false,false,4,false
20261007T035214643197Z-codex.archivist.LK10.r2-a1,archivist,lookup,LK10,2,1,fact,"ExxonMobil’s 2025 Form 10-K, filed February 18, 2026","ExxonMobil; 2025 Form 10-K; February 18, 2026",S1,filing,mosaic-finance.com,3,unattributed,,false,false,false,false,false,,none,,,unattributed,,false,false,false,3,false
20261007T035214643197Z-codex.archivist.LK10.r2-a1,archivist,lookup,LK10,2,2,fact,"Net income attributable to ExxonMobil: US$28,844 million.","ExxonMobil; US$28,844 million",S1,filing,mosaic-finance.com,2,unattributed,,false,false,false,false,false,,none,,,unattributed,,false,false,false,1,false
20261007T035214643197Z-codex.archivist.LK10.r2-a1,archivist,lookup,LK10,2,3,fact,Regular employees at year-end 2025: 57.9 thousand.,year-end 2025; 57.9 thousand,S1,filing,mosaic-finance.com,2,unattributed,,false,false,false,false,false,,none,,,unattributed,,false,false,false,1,false
20261007T035214643197Z-codex.archivist.LK10.r2-a1,archivist,lookup,LK10,2,4,fact,"Source: “Financial Information” summary table, page 30.",Financial Information; page 30,S1,filing,mosaic-finance.com,2,unattributed,,false,false,false,false,false,,none,,,unattributed,,false,false,false,2,false
20261007T035228370369Z-codex.both.LK10.r2-a1,both,lookup,LK10,2,1,fact,"The 2025 “Financial Information” summary table reports net income attributable to ExxonMobil of US$28,844 million.","ExxonMobil; US$28,844 million",S1,filing,filing-source,2,filing,filing,false,false,true,true,false,issuer; aggregator; other,none,,,filing,filing,true,true,false,1,false
20261007T035228370369Z-codex.both.LK10.r2-a1,both,lookup,LK10,2,2,fact,The 2025 “Financial Information” summary table reports regular employees at year-end of 57.9 thousand.,57.9 thousand,S1,filing,filing-source,1,filing,filing,false,false,true,true,false,issuer; aggregator,none,,,filing,filing,true,true,false,1,false
20261007T035240733903Z-codex.web.LK06.r3-a1,web,lookup,LK06,3,1,fact,"As of December 31, 2025: Total backlog: US$193.6 billion — 2025 Form 10-K, “Backlog”.","December 31, 2025; US$193.6 billion; 2025 Form 10-K",S1,filing,filing-source,3,secondary,issuer,false,false,false,false,false,issuer; aggregator,none,,,filing,filing,true,true,false,1,false
20261007T035240733903Z-codex.web.LK06.r3-a1,web,lookup,LK06,3,2,fact,"As of December 31, 2025: Production F-35s delivered since program inception: 1,293 aircraft.","December 31, 2025; F-35s; 1,293 aircraft",,,,3,secondary,issuer,false,false,false,false,false,issuer; aggregator,none,,,secondary,issuer,false,false,false,3,false
20261007T035240733903Z-codex.web.LK06.r3-a1,web,lookup,LK06,3,3,fact,"As of December 31, 2025: F-35 backlog: 368 aircraft — 2025 Form 10-K, Aeronautics “Backlog”.","December 31, 2025; F-35; 368 aircraft; 2025 Form 10-K; Aeronautics",S1,filing,filing-source,5,secondary,issuer,false,false,false,false,false,issuer; forum; aggregator; reference,none,,,secondary,issuer,false,false,false,5,false
20261007T035254446148Z-codex.archivist.LK06.r3-a1,archivist,lookup,LK06,3,1,fact,"LMT’s FY2025 Form 10-K, filed January 29, 2026","LMT; FY2025; Form 10-K; January 29, 2026",,,,3,unattributed,,false,false,false,false,false,,none,,,unattributed,,false,false,false,3,false
20261007T035254446148Z-codex.archivist.LK06.r3-a1,archivist,lookup,LK06,3,2,fact,"Total backlog at December 31, 2025: US$193.6 billion.","December 31, 2025; US$193.6 billion",S1,filing,mosaic-finance.com,2,filing,filing,false,false,true,false,false,,none,,,filing,filing,true,false,false,1,false
20261007T035254446148Z-codex.archivist.LK06.r3-a1,archivist,lookup,LK06,3,3,fact,"Production F-35 aircraft delivered from program inception through that date: 1,293.","F-35; 1,293",S2,filing,mosaic-finance.com,2,filing,filing,false,false,true,false,false,,none,,,filing,filing,true,false,false,1,false
20261007T035254446148Z-codex.archivist.LK06.r3-a1,archivist,lookup,LK06,3,4,fact,F-35 backlog at that date: 368 aircraft.,F-35; 368 aircraft,S2,filing,mosaic-finance.com,2,filing,filing,false,false,true,false,false,,none,,,filing,filing,true,false,false,2,false
20261007T035314949891Z-codex.both.LK06.r3-a1,both,lookup,LK06,3,1,fact,"As of December 31, 2025: Total backlog: US$193.6 billion.","December 31, 2025; US$193.6 billion",S1,filing,filing-source,2,filing,filing,false,false,true,true,false,issuer; aggregator,none,,,filing,filing,true,true,false,1,false
20261007T035314949891Z-codex.both.LK06.r3-a1,both,lookup,LK06,3,2,fact,"As of December 31, 2025: Production F-35 aircraft delivered since program inception: 1,293 aircraft.","December 31, 2025; F-35; 1,293 aircraft",,,,3,secondary,issuer,false,false,false,false,false,issuer; forum; aggregator; news; reference,none,,,secondary,issuer,false,false,false,3,false
20261007T035314949891Z-codex.both.LK06.r3-a1,both,lookup,LK06,3,3,fact,"As of December 31, 2025: F-35 backlog: 368 aircraft.","December 31, 2025; F-35; 368 aircraft",S1,filing,filing-source,3,filing,filing,false,false,true,true,false,issuer; forum; aggregator; news; reference,none,,,filing,filing,true,true,false,3,false
20261007T035315599225Z-codex.web.LK07.r3-a1,web,lookup,LK07,3,1,fact,"For the three months ended June 30, 2026, Netflix reported (in thousands of US dollars): Revenues: $12,559,938","three months; June 30, 2026; Netflix; thousands of US dollars; $12,559,938",S1,filing,filing-source,5,secondary,issuer,false,false,false,false,false,issuer; forum; aggregator,none,,,filing,filing,true,false,false,1,false
20261007T035315599225Z-codex.web.LK07.r3-a1,web,lookup,LK07,3,2,fact,"For the three months ended June 30, 2026, Netflix reported (in thousands of US dollars): Operating income: $4,192,610","three months; June 30, 2026; Netflix; thousands of US dollars; $4,192,610",S1,filing,filing-source,5,secondary,issuer,false,false,false,false,false,issuer; forum; aggregator,none,,,filing,filing,true,true,false,1,false
20261007T035315599225Z-codex.web.LK07.r3-a1,web,lookup,LK07,3,3,fact,"Netflix’s Form 10-Q, filed July 17, 2026","Netflix; Form 10-Q; July 17, 2026",S1,filing,filing-source,3,secondary,issuer,false,false,false,false,false,issuer; forum; aggregator,none,,,secondary,issuer,false,false,false,3,false
20261007T035328585926Z-codex.archivist.LK07.r3-a1,archivist,lookup,LK07,3,1,fact,"For the three months ended June 30, 2026, Netflix reported (in thousands of US dollars): Revenues: 12,559,938","June 30, 2026; Netflix; thousands of US dollars; 12,559,938",S1,filing,mosaic-finance.com,4,unattributed,,false,false,false,false,false,,none,,,filing,filing,true,false,false,1,false
20261007T035328585926Z-codex.archivist.LK07.r3-a1,archivist,lookup,LK07,3,2,fact,"For the three months ended June 30, 2026, Netflix reported (in thousands of US dollars): Operating income: 4,192,610","June 30, 2026; Netflix; thousands of US dollars; 4,192,610",S1,filing,mosaic-finance.com,4,unattributed,,false,false,false,false,false,,none,,,filing,filing,true,false,false,1,false
20261007T035328585926Z-codex.archivist.LK07.r3-a1,archivist,lookup,LK07,3,3,fact,"Netflix Form 10-Q, filed July 17, 2026 — Consolidated Statements of Operations","Netflix; Form 10-Q; July 17, 2026; Consolidated Statements of Operations",S1,filing,mosaic-finance.com,4,unattributed,,false,false,false,false,false,,none,,,unattributed,,false,false,false,4,false
20261007T035329260228Z-codex.both.LK07.r3-a1,both,lookup,LK07,3,1,fact,"For the three months ended June 30, 2026, Netflix reported revenues of $12,559,938 (in thousands of US dollars).","June 30, 2026; Netflix; $12,559,938",S1,filing,filing-source,3,filing,filing,false,false,true,false,false,issuer; forum; aggregator,none,,,filing,filing,true,false,false,1,false
20261007T035329260228Z-codex.both.LK07.r3-a1,both,lookup,LK07,3,2,fact,"For the three months ended June 30, 2026, Netflix reported operating income of $4,192,610 (in thousands of US dollars).","June 30, 2026; Netflix; $4,192,610",S1,filing,filing-source,3,filing,filing,false,false,true,true,false,issuer; forum; aggregator,none,,,filing,filing,true,true,false,1,false
20261007T035329260228Z-codex.both.LK07.r3-a1,both,lookup,LK07,3,3,fact,"Netflix’s Form 10-Q, Consolidated Statements of Operations, filed July 17, 2026.","Netflix; Form 10-Q; Consolidated Statements of Operations; July 17, 2026",S1,filing,filing-source,4,secondary,issuer,false,false,false,false,false,issuer; forum; aggregator,none,,,secondary,issuer,false,false,false,4,false
20261007T035341373830Z-codex.web.LK08.r3-a1,web,lookup,LK08,3,1,fact,"For fiscal 2025, Home Depot reported median-paid associate’s annual total compensation of $37,881.","fiscal 2025; Home Depot; $37,881",S1,filing,filing-source,2,filing,filing,false,false,true,true,false,issuer; forum; aggregator,none,,,filing,filing,true,true,false,1,false
20261007T035341373830Z-codex.web.LK08.r3-a1,web,lookup,LK08,3,2,fact,"For fiscal 2025, Home Depot reported CEO Edward P. Decker’s annual total compensation of $16,191,127.","fiscal 2025; Home Depot; Edward P. Decker; $16,191,127",S1,filing,filing-source,3,filing,filing,false,false,true,true,false,issuer; forum; aggregator,none,,,filing,filing,true,true,false,1,false
20261007T035341373830Z-codex.web.LK08.r3-a1,web,lookup,LK08,3,3,fact,"For fiscal 2025, Home Depot reported a CEO-to-median-associate pay ratio of 427:1.",fiscal 2025; Home Depot; 427:1,S1,filing,filing-source,2,filing,filing,false,false,true,true,false,issuer; forum; aggregator,none,,,filing,filing,true,true,false,1,false
20261007T035347780993Z-codex.archivist.LK08.r3-a1,archivist,lookup,LK08,3,1,fact,"Home Depot’s 2026 proxy statement (DEF 14A, filed April 7, 2026) reports for fiscal 2025.","Home Depot; 2026 proxy statement; DEF 14A; April 7, 2026; fiscal 2025",S1,filing,mosaic-finance.com,4,unattributed,,false,false,false,false,false,,none,,,unattributed,,false,false,false,4,false
20261007T035347780993Z-codex.archivist.LK08.r3-a1,archivist,lookup,LK08,3,2,fact,"Median-paid associate annual total compensation: $37,881.","$37,881",S1,filing,mosaic-finance.com,1,filing,filing,false,false,true,false,false,,none,,,filing,filing,true,false,false,1,false
20261007T035347780993Z-codex.archivist.LK08.r3-a1,archivist,lookup,LK08,3,3,fact,"CEO Edward P. Decker annual total compensation: $16,191,127.","Edward P. Decker; $16,191,127",S1,filing,mosaic-finance.com,2,filing,filing,false,false,true,false,false,,none,,,filing,filing,true,false,false,1,false
20261007T035347780993Z-codex.archivist.LK08.r3-a1,archivist,lookup,LK08,3,4,fact,CEO-to-median-associate pay ratio: 427 to 1.,427 to 1,S1,filing,mosaic-finance.com,1,filing,filing,false,false,true,false,false,,none,,,filing,filing,true,false,false,1,false
20261007T035347780993Z-codex.archivist.LK08.r3-a1,archivist,lookup,LK08,3,5,fact,"Source: “CEO Pay Ratio” disclosure, pp. 89–90.",CEO Pay Ratio; pp. 89–90,S1,filing,mosaic-finance.com,2,unattributed,,false,false,false,false,false,,none,,,unattributed,,false,false,false,1,false
20261007T035353854359Z-codex.both.LK08.r3-a1,both,lookup,LK08,3,1,fact,"For fiscal 2025, Home Depot reported median-paid associate’s annual total compensation: $37,881.","fiscal 2025; Home Depot; $37,881",S1,filing,filing-source,2,filing,filing,false,false,true,true,false,issuer; forum; aggregator; reference,none,,,filing,filing,true,true,false,1,false
20261007T035353854359Z-codex.both.LK08.r3-a1,both,lookup,LK08,3,2,fact,"For fiscal 2025, Home Depot reported CEO Edward P. Decker’s annual total compensation: $16,191,127.","fiscal 2025; Home Depot; Edward P. Decker; $16,191,127",S1,filing,filing-source,3,filing,filing,false,false,true,true,false,issuer; forum; aggregator; reference,none,,,filing,filing,true,true,false,1,false
20261007T035353854359Z-codex.both.LK08.r3-a1,both,lookup,LK08,3,3,fact,"For fiscal 2025, Home Depot reported CEO-to-median-associate pay ratio: 427:1.",fiscal 2025; Home Depot; 427:1,S1,filing,filing-source,2,filing,filing,false,false,true,true,false,issuer; forum; aggregator; reference,none,,,filing,filing,true,true,false,1,false
20261007T035353854359Z-codex.both.LK08.r3-a1,both,lookup,LK08,3,4,fact,"Source: 2026 proxy statement, “CEO Pay Ratio,” pp. 89–90.",2026 proxy statement; CEO Pay Ratio; pp. 89–90,S1,filing,filing-source,3,filing,filing,false,false,true,true,false,issuer; forum; aggregator,none,,,filing,filing,true,true,false,1,false
20261007T035405711575Z-codex.web.LK09.r3-a1,web,lookup,LK09,3,1,fact,The Board declared a quarterly dividend of $1.0885 per common share,$1.0885,S1,filing,filing-source,1,filing,filing,false,false,true,true,false,issuer; forum; aggregator,none,,,filing,filing,true,true,false,1,false
20261007T035405711575Z-codex.web.LK09.r3-a1,web,lookup,LK09,3,2,fact,"payable on or after May 15, 2026","May 15, 2026",S1,filing,filing-source,1,filing,filing,false,false,true,true,false,issuer; aggregator,none,,,filing,filing,true,true,false,1,false
20261007T035405711575Z-codex.web.LK09.r3-a1,web,lookup,LK09,3,3,fact,"to common shareholders of record at the close of business on April 24, 2026","April 24, 2026",S1,filing,filing-source,1,filing,filing,false,false,true,true,false,issuer; aggregator,none,,,filing,filing,true,true,false,1,false
20261007T035405711575Z-codex.web.LK09.r3-a1,web,lookup,LK09,3,4,fact,"Source: PG’s April 14, 2026 Form 8-K, Item 7.01","PG; April 14, 2026; Form 8-K; Item 7.01",S1,filing,filing-source,4,filing,filing,false,false,true,true,false,issuer; forum; aggregator,none,,,filing,filing,true,true,false,4,false
20261007T035409124101Z-codex.archivist.LK09.r3-a1,archivist,lookup,LK09,3,1,fact,The Board declared a quarterly dividend of $1.0885 per common share,$1.0885,S1,filing,mosaic-finance.com,1,filing,filing,false,false,true,false,false,,none,,,filing,filing,true,false,false,1,false
20261007T035409124101Z-codex.archivist.LK09.r3-a1,archivist,lookup,LK09,3,2,fact,"payable on or after May 15, 2026","May 15, 2026",S1,filing,mosaic-finance.com,1,filing,filing,false,false,true,false,false,,none,,,filing,filing,true,false,false,1,false
20261007T035409124101Z-codex.archivist.LK09.r3-a1,archivist,lookup,LK09,3,3,fact,"to common shareholders of record at the close of business on April 24, 2026","April 24, 2026",S1,filing,mosaic-finance.com,1,filing,filing,false,false,true,false,false,,none,,,filing,filing,true,false,false,1,false
20261007T035409124101Z-codex.archivist.LK09.r3-a1,archivist,lookup,LK09,3,4,fact,"Source: PG’s April 14, 2026 Form 8-K, Item 7.01","PG; April 14, 2026; Form 8-K; Item 7.01",S1,filing,mosaic-finance.com,4,unattributed,,false,false,false,false,false,,none,,,unattributed,,false,false,false,4,false
20261007T035415406681Z-codex.both.LK09.r3-a1,both,lookup,LK09,3,1,fact,The Board declared a quarterly dividend of $1.0885 per common share.,$1.0885,S1,filing,filing-source,1,filing,filing,false,false,true,true,false,issuer; forum; aggregator,none,,,filing,filing,true,true,false,1,false
20261007T035415406681Z-codex.both.LK09.r3-a1,both,lookup,LK09,3,2,fact,"The dividend is payable on or after May 15, 2026.","May 15, 2026",S1,filing,filing-source,1,filing,filing,false,false,true,true,false,issuer; aggregator,none,,,filing,filing,true,true,false,1,false
20261007T035415406681Z-codex.both.LK09.r3-a1,both,lookup,LK09,3,3,fact,"The dividend is payable to common shareholders of record at the close of business on April 24, 2026.","April 24, 2026",S1,filing,filing-source,1,filing,filing,false,false,true,true,false,issuer; aggregator,none,,,filing,filing,true,true,false,1,false
20261007T035415406681Z-codex.both.LK09.r3-a1,both,lookup,LK09,3,4,fact,"PG’s April 14, 2026 Form 8-K, Item 7.01","PG; April 14, 2026; Form 8-K; Item 7.01",S1,filing,filing-source,4,secondary,issuer,false,false,false,true,false,issuer; forum; aggregator,none,,,secondary,issuer,false,true,false,4,false
20261007T035423322403Z-codex.web.LK10.r3-a1,web,lookup,LK10,3,1,fact,"Net income attributable to ExxonMobil: US$28,844 million","ExxonMobil; US$28,844 million",S1,issuer,ir.exxonmobil.com,2,secondary,issuer,false,true,false,true,false,issuer; aggregator; other,none,,,secondary,issuer,false,true,false,1,false
20261007T035423322403Z-codex.web.LK10.r3-a1,web,lookup,LK10,3,2,fact,Regular employees at year-end: 57.9 thousand,57.9 thousand,S1,issuer,ir.exxonmobil.com,1,secondary,issuer,false,true,false,true,false,issuer,none,,,secondary,issuer,false,true,false,1,false
20261007T035423322403Z-codex.web.LK10.r3-a1,web,lookup,LK10,3,3,fact,"ExxonMobil 2025 Form 10-K, filed February 18, 2026, page 30","ExxonMobil; 2025 Form 10-K; February 18, 2026; page 30",S1,issuer,ir.exxonmobil.com,4,secondary,issuer,false,true,false,false,false,issuer; aggregator; other,none,,,secondary,issuer,false,false,false,4,false
20261007T035425736366Z-codex.archivist.LK10.r3-a1,archivist,lookup,LK10,3,1,fact,"ExxonMobil’s 2025 Form 10-K, filed February 18, 2026","ExxonMobil; 2025 Form 10-K; February 18, 2026",S1,filing,mosaic-finance.com,3,unattributed,,false,false,false,false,false,,none,,,unattributed,,false,false,false,3,false
20261007T035425736366Z-codex.archivist.LK10.r3-a1,archivist,lookup,LK10,3,2,fact,"Net income attributable to ExxonMobil: US$28,844 million for 2025.","ExxonMobil; US$28,844 million",S1,filing,mosaic-finance.com,2,unattributed,,false,false,false,false,false,,none,,,unattributed,,false,false,false,1,false
20261007T035425736366Z-codex.archivist.LK10.r3-a1,archivist,lookup,LK10,3,3,fact,Regular employees at year-end 2025: 57.9 thousand.,57.9 thousand,S1,filing,mosaic-finance.com,1,unattributed,,false,false,false,false,false,,none,,,unattributed,,false,false,false,1,false
20261007T035440579545Z-codex.both.LK10.r3-a1,both,lookup,LK10,3,1,fact,"The “Financial Information” summary table (p. 30) reports for 2025: Net income attributable to ExxonMobil: US$28,844 million.","p. 30; ExxonMobil; US$28,844 million",S1,issuer,ir.exxonmobil.com,3,secondary,issuer,false,true,false,false,false,issuer; promotional; aggregator; other,none,,,secondary,issuer,false,true,false,1,false
20261007T035440579545Z-codex.both.LK10.r3-a1,both,lookup,LK10,3,2,fact,The “Financial Information” summary table (p. 30) reports for 2025: Regular employees at year-end: 57.9 thousand.,p. 30; 57.9 thousand,S1,issuer,ir.exxonmobil.com,2,secondary,issuer,false,true,false,false,false,issuer; aggregator; other,none,,,filing,filing,true,true,false,1,false
20261007T035440579545Z-codex.both.LK10.r3-a1,both,lookup,LK10,3,3,fact,"ExxonMobil’s 2025 Form 10-K, filed February 18, 2026.","ExxonMobil; 2025 Form 10-K; February 18, 2026",S1,issuer,ir.exxonmobil.com,3,secondary,issuer,false,true,false,false,false,issuer; promotional; aggregator,none,,,secondary,issuer,false,false,false,3,false
20261007T035507242295Z-codex.web.LK11.r1-a1,web,lookup,LK11,1,1,fact,"As at December 31, 2025, Barrick reported approximately 27,000 employees worldwide, excluding contractors and including employees at jointly owned and operated operations.","December 31, 2025; Barrick; 27,000",S1,filing,filing-source,3,filing,filing,false,false,true,true,false,issuer; forum; aggregator; reference; other,none,,,filing,filing,true,true,false,1,false
20261007T035507242295Z-codex.web.LK11.r1-a1,web,lookup,LK11,1,2,fact,"As at December 31, 2025, Barrick reported approximately 32,300 contractors.","December 31, 2025; Barrick; 32,300",S1,filing,filing-source,3,filing,filing,false,false,true,false,false,issuer; forum; aggregator; reference; other,none,,,filing,filing,true,false,false,1,false
20261007T035507242295Z-codex.web.LK11.r1-a1,web,lookup,LK11,1,3,fact,"As at December 31, 2025, Barrick reported approximately 13,000 employees represented by a labor union or covered by collective bargaining agreements.","December 31, 2025; Barrick; 13,000",S1,filing,filing-source,3,filing,filing,false,false,true,true,false,issuer; forum; aggregator; reference; other,none,,,filing,filing,true,true,false,1,false
20261007T035507242295Z-codex.web.LK11.r1-a1,web,lookup,LK11,1,4,fact,"The AIF notes that Mali employment figures included in these totals were current as of June 30, 2025.","AIF; Mali; June 30, 2025",S1,filing,filing-source,3,filing,filing,false,false,true,false,false,issuer; aggregator; other,none,,,filing,filing,true,false,false,3,false
20261007T035507243426Z-codex.archivist.LK11.r1-a1,archivist,lookup,LK11,1,1,fact,"As at December 31, 2025, Barrick reported approximately 27,000 employees worldwide, excluding contractors.","December 31, 2025; Barrick; 27,000",S1,filing,mosaic-finance.com,3,filing,filing,false,false,true,false,false,,none,,,filing,filing,true,false,false,1,false
20261007T035507243426Z-codex.archivist.LK11.r1-a1,archivist,lookup,LK11,1,2,fact,"As at December 31, 2025, Barrick reported approximately 32,300 contractors.","December 31, 2025; Barrick; 32,300",S1,filing,mosaic-finance.com,3,filing,filing,false,false,true,false,false,,none,,,filing,filing,true,false,false,1,false
20261007T035507243426Z-codex.archivist.LK11.r1-a1,archivist,lookup,LK11,1,3,fact,"As at December 31, 2025, Barrick reported approximately 13,000 employees represented by a labor union or covered by collective bargaining agreements.","December 31, 2025; Barrick; 13,000",S1,filing,mosaic-finance.com,3,filing,filing,false,false,true,false,false,,none,,,filing,filing,true,false,false,1,false
20261007T035507243426Z-codex.archivist.LK11.r1-a1,archivist,lookup,LK11,1,4,fact,"Source: 2025 Annual Information Form, dated February 27, 2026, “Employees and Labor Relations,” p. 48.","2025 Annual Information Form; February 27, 2026; Employees and Labor Relations; 48",S1,filing,mosaic-finance.com,4,unattributed,,false,false,false,false,false,,none,,,filing,filing,true,false,false,1,false
20261007T035507243426Z-codex.archivist.LK11.r1-a1,archivist,lookup,LK11,1,5,fact,The totals include jointly owned and operated operations.,,,,,0,unattributed,,true,false,false,false,false,,none,,,unattributed,,false,false,false,0,true
20261007T035507243426Z-codex.archivist.LK11.r1-a1,archivist,lookup,LK11,1,6,fact,"Mali’s included employment figures are as of June 30, 2025.","Mali; June 30, 2025",,,,2,filing,filing,false,false,true,false,false,,none,,,filing,filing,true,false,false,2,false
20261007T035528130154Z-codex.both.LK11.r1-a1,both,lookup,LK11,1,1,fact,"Barrick’s 2025 Annual Information Form, p. 48 (“Employees and Labor Relations”), reports approximately:",Barrick’s 2025 Annual Information Form; 48; Employees and Labor Relations,S1,issuer,s25.q4cdn.com,3,secondary,issuer,false,true,false,true,false,issuer; forum; other,none,,,secondary,issuer,false,true,false,1,false
20261007T035528130154Z-codex.both.LK11.r1-a1,both,lookup,LK11,1,2,fact,"27,000 employees worldwide, excluding contractors.","27,000",S1,issuer,s25.q4cdn.com,1,filing,filing,false,true,true,true,false,issuer; forum; aggregator; reference,none,,,filing,filing,true,true,false,1,false
20261007T035528130154Z-codex.both.LK11.r1-a1,both,lookup,LK11,1,3,fact,"32,300 contractors.","32,300",S1,issuer,s25.q4cdn.com,1,secondary,issuer,false,true,false,true,false,issuer,none,,,secondary,issuer,false,true,false,1,false
20261007T035528130154Z-codex.both.LK11.r1-a1,both,lookup,LK11,1,4,fact,"13,000 employees represented by a labor union or covered by collective bargaining agreements.","13,000",S1,issuer,s25.q4cdn.com,1,filing,filing,false,true,true,true,false,issuer,none,,,filing,filing,true,true,false,1,false
20261007T035528130154Z-codex.both.LK11.r1-a1,both,lookup,LK11,1,5,fact,"These are the reported December 31, 2025 totals","December 31, 2025",S1,issuer,s25.q4cdn.com,1,filing,filing,false,true,true,true,false,issuer; aggregator,none,,,filing,filing,true,true,false,1,false
20261007T035528130154Z-codex.both.LK11.r1-a1,both,lookup,LK11,1,6,fact,"the included Mali workforce figures are as of June 30, 2025.","Mali; June 30, 2025",S1,issuer,s25.q4cdn.com,2,secondary,issuer,false,true,false,true,false,issuer,none,,,secondary,issuer,false,true,false,2,false
20261007T035529536004Z-codex.web.LK12.r1-a1,web,lookup,LK12,1,1,fact,"BCE reported 57,627 total mobile phone net subscriber activations in Q2 2026: 41,594 postpaid and 16,033 prepaid.","BCE; 57,627; Q2 2026; 41,594; 16,033",S1,filing,filing-source,5,filing,filing,false,false,true,true,false,issuer; aggregator,none,,,filing,filing,true,true,false,3,false
20261007T035529536004Z-codex.web.LK12.r1-a1,web,lookup,LK12,1,2,fact,"See section 2.2, “Customer connections,” in BCE’s Q2 2026 MD&A.",2.2; Customer connections; BCE; Q2 2026,S1,filing,filing-source,4,filing,filing,false,false,true,true,false,issuer; aggregator,none,,,filing,filing,true,true,false,1,false
20261007T035540740705Z-codex.archivist.LK12.r1-a1,archivist,lookup,LK12,1,1,fact,"Q2 2026 (ended June 30, 2026)","Q2 2026; June 30, 2026",S1,filing,mosaic-finance.com,2,filing,filing,false,false,true,false,false,,none,,,filing,filing,true,false,false,2,false
20261007T035540740705Z-codex.archivist.LK12.r1-a1,archivist,lookup,LK12,1,2,fact,"BCE reported 57,627 total mobile phone net subscriber activations","BCE; 57,627",S1,filing,mosaic-finance.com,2,filing,filing,false,false,true,false,false,,none,,,filing,filing,true,false,false,1,false
20261007T035540740705Z-codex.archivist.LK12.r1-a1,archivist,lookup,LK12,1,3,fact,"comprising 41,594 postpaid","41,594",S1,filing,mosaic-finance.com,1,unattributed,,false,false,false,false,false,,none,,,unattributed,,false,false,false,1,false
20261007T035540740705Z-codex.archivist.LK12.r1-a1,archivist,lookup,LK12,1,4,fact,"and 16,033 prepaid","16,033",S1,filing,mosaic-finance.com,1,unattributed,,false,false,false,false,false,,none,,,unattributed,,false,false,false,1,false
20261007T035540740705Z-codex.archivist.LK12.r1-a1,archivist,lookup,LK12,1,5,fact,"BCE’s MD&A filed August 6, 2026, mobile phones table","BCE; August 6, 2026",S1,filing,mosaic-finance.com,2,unattributed,,false,false,false,false,false,,none,,,unattributed,,false,false,false,2,false
20261007T035544433231Z-codex.both.LK12.r1-a1,both,lookup,LK12,1,1,fact,"BCE reported 57,627 total mobile phone net subscriber activations in Q2 2026","BCE; 57,627; Q2 2026",S1,filing,filing-source,3,filing,filing,false,false,true,true,false,issuer; aggregator,none,,,filing,filing,true,true,false,1,false
20261007T035544433231Z-codex.both.LK12.r1-a1,both,lookup,LK12,1,2,fact,"41,594 postpaid","41,594",S1,filing,filing-source,1,filing,filing,false,false,true,true,false,issuer; aggregator,none,,,filing,filing,true,true,false,1,false
20261007T035544433231Z-codex.both.LK12.r1-a1,both,lookup,LK12,1,3,fact,"16,033 prepaid","16,033",S1,filing,filing-source,1,filing,filing,false,false,true,true,false,issuer; aggregator,none,,,filing,filing,true,true,false,1,false
20261007T035556083933Z-codex.web.LK13.r1-a1,web,lookup,LK13,1,1,fact,RBC returned C$4.0 billion to shareholders in Q3 2026,RBC; C$4.0 billion; Q3 2026,S1,issuer,rbc.com,3,filing,filing,false,true,true,true,false,issuer; forum; aggregator,none,,,filing,filing,true,true,false,1,false
20261007T035556083933Z-codex.web.LK13.r1-a1,web,lookup,LK13,1,2,fact,C$1.6 billion in share buybacks,RBC; C$1.6 billion; Q3 2026,S1,issuer,rbc.com,3,filing,filing,false,true,true,true,false,issuer; forum; aggregator,none,,,filing,filing,true,true,false,1,false
20261007T035556083933Z-codex.web.LK13.r1-a1,web,lookup,LK13,1,3,fact,C$2.4 billion in common share dividends,RBC; C$2.4 billion; Q3 2026,S1,issuer,rbc.com,3,filing,filing,false,true,true,true,false,issuer; forum; aggregator,none,,,filing,filing,true,true,false,1,false
20261007T035556083933Z-codex.web.LK13.r1-a1,web,lookup,LK13,1,4,fact,"RBC’s August 27, 2026 earnings release, page 1","RBC; August 27, 2026; page 1",S1,issuer,rbc.com,3,secondary,issuer,false,true,false,false,false,issuer; forum; aggregator,none,,,secondary,issuer,false,false,false,3,false
20261007T035557837909Z-codex.archivist.LK13.r1-a1,archivist,lookup,LK13,1,1,fact,"RBC returned C$4.0 billion to shareholders in the quarter ended July 31, 2026.","RBC; C$4.0 billion; July 31, 2026",S1,filing,mosaic-finance.com,3,filing,filing,false,false,true,false,false,,none,,,filing,filing,true,false,false,1,false
20261007T035557837909Z-codex.archivist.LK13.r1-a1,archivist,lookup,LK13,1,2,fact,C$1.6 billion in share buybacks,C$1.6 billion,S1,filing,mosaic-finance.com,1,filing,filing,false,false,true,false,false,,none,,,filing,filing,true,false,false,1,false
20261007T035557837909Z-codex.archivist.LK13.r1-a1,archivist,lookup,LK13,1,3,fact,C$2.4 billion in common share dividends,C$2.4 billion,S1,filing,mosaic-finance.com,1,filing,filing,false,false,true,false,false,,none,,,filing,filing,true,false,false,1,false
20261007T035557837909Z-codex.archivist.LK13.r1-a1,archivist,lookup,LK13,1,4,fact,"RBC’s August 27, 2026 results news release","RBC; August 27, 2026",S1,filing,mosaic-finance.com,2,unattributed,,false,false,false,false,false,,none,,,unattributed,,false,false,false,2,false
20261007T035611526688Z-codex.both.LK13.r1-a1,both,lookup,LK13,1,1,fact,"RBC returned C$4.0 billion to shareholders in Q3 2026, according to its August 27, 2026 earnings release.","RBC; C$4.0 billion; Q3 2026; August 27, 2026",S1,filing,filing-source,4,filing,filing,false,false,true,true,false,issuer; forum; aggregator; news,none,,,filing,filing,true,true,false,1,false
20261007T035611526688Z-codex.both.LK13.r1-a1,both,lookup,LK13,1,2,fact,C$1.6 billion in share buybacks,C$1.6 billion,S1,filing,filing-source,1,filing,filing,false,false,true,true,false,issuer; forum; aggregator,none,,,filing,filing,true,true,false,1,false
20261007T035611526688Z-codex.both.LK13.r1-a1,both,lookup,LK13,1,3,fact,C$2.4 billion in common share dividends,C$2.4 billion,S1,filing,filing-source,1,filing,filing,false,false,true,true,false,issuer,none,,,filing,filing,true,true,false,1,false
20261007T035616933459Z-codex.web.LK14.r1-a1,web,lookup,LK14,1,1,fact,"The contract covers 9 power transformers, according to the April 28, 2026 disclosure.","9; April 28, 2026",S1,aggregator,finans.mynet.com,1,secondary,aggregator,false,true,false,false,false,,none,,,secondary,aggregator,false,false,false,1,false
20261007T035616933459Z-codex.web.LK14.r1-a1,web,lookup,LK14,1,2,fact,"with a total value of US$51,531,000","US$51,531,000",S1,aggregator,finans.mynet.com,1,secondary,aggregator,false,true,false,true,false,aggregator,none,,,secondary,aggregator,false,true,false,1,false
20261007T035616933459Z-codex.web.LK14.r1-a1,web,lookup,LK14,1,3,fact,representing 6.57% of Astor Enerji’s 2025 revenue,6.57%; Astor Enerji; 2025 revenue,S1,aggregator,finans.mynet.com,3,secondary,issuer,false,true,false,false,false,issuer; forum; aggregator; news,none,,,secondary,aggregator,false,true,false,1,false
20261007T035616933459Z-codex.web.LK14.r1-a1,web,lookup,LK14,1,4,fact,KAP disclosure reproduced by Mynet,KAP; Mynet,S1,aggregator,finans.mynet.com,2,secondary,issuer,false,true,false,true,false,issuer; forum; aggregator; news; other,none,,,secondary,issuer,false,true,false,2,false
20261007T035624399716Z-codex.archivist.LK14.r1-a1,archivist,lookup,LK14,1,1,fact,"Astor Enerji’s April 28, 2026 disclosure states that the US customer contract covers 9 power transformers.","Astor Enerji; April 28, 2026; US; 9 power transformers",S1,filing,mosaic-finance.com,4,unattributed,,false,false,false,false,false,,none,,,unattributed,,false,false,false,4,false
20261007T035624399716Z-codex.archivist.LK14.r1-a1,archivist,lookup,LK14,1,2,fact,"The US customer contract has a total value of US$51,531,000.","US; US$51,531,000",S1,filing,mosaic-finance.com,2,filing,filing,false,false,true,false,false,,none,,,filing,filing,true,false,false,1,false
20261007T035624399716Z-codex.archivist.LK14.r1-a1,archivist,lookup,LK14,1,3,fact,The contract represents 6.57% of the company’s 2025 revenue.,6.57%; 2025 revenue,S1,filing,mosaic-finance.com,2,unattributed,,false,false,false,false,false,,none,,,filing,filing,true,false,false,1,false
20261007T035624399716Z-codex.archivist.LK14.r1-a1,archivist,lookup,LK14,1,4,fact,"Source: KAP disclosure No. 1597903, “Yeni İş İlişkisi”",KAP; 1597903; Yeni İş İlişkisi,S1,filing,mosaic-finance.com,3,filing,filing,false,false,true,false,false,,none,,,filing,filing,true,false,false,1,false
20261007T035630024147Z-codex.both.LK14.r1-a1,both,lookup,LK14,1,1,fact,The contract covers 9 power transformers.,9 power transformers,S1,filing,mosaic-finance.com,1,unattributed,,false,false,false,false,false,,none,,,unattributed,,false,false,false,1,false
20261007T035630024147Z-codex.both.LK14.r1-a1,both,lookup,LK14,1,2,fact,"The contract has a total value of US$51,531,000.","US$51,531,000",S1,filing,mosaic-finance.com,1,filing,filing,false,false,true,true,true,promotional; aggregator; news,none,,,filing,filing,true,true,true,1,false
20261007T035630024147Z-codex.both.LK14.r1-a1,both,lookup,LK14,1,3,fact,The contract represents 6.57% of Astor Enerji’s 2025 revenue.,6.57%; Astor Enerji; 2025 revenue,S1,filing,mosaic-finance.com,3,secondary,forum,false,false,false,false,false,forum; promotional; aggregator; news; reference,none,,,filing,filing,true,true,true,1,false
20261007T035630024147Z-codex.both.LK14.r1-a1,both,lookup,LK14,1,4,fact,"KAP disclosure dated April 28, 2026.","KAP; April 28, 2026",S1,filing,mosaic-finance.com,2,secondary,forum,false,false,false,false,false,forum; promotional; aggregator; news,none,,,secondary,forum,false,false,false,2,false
20261007T035644770594Z-codex.web.LK15.r1-a1,web,lookup,LK15,1,1,fact,Güney Bağımsız Denetim ve Serbest Muhasebeci Mali Müşavirlik A.Ş. was selected for 1 January–31 December 2026.,Güney Bağımsız Denetim ve Serbest Muhasebeci Mali Müşavirlik A.Ş.; 1 January–31 December 2026,S1,aggregator,mbigpara.hurriyet.com.tr,2,secondary,aggregator,false,true,false,false,false,aggregator,none,,,secondary,aggregator,false,false,false,2,false
20261007T035644770594Z-codex.web.LK15.r1-a1,web,lookup,LK15,1,2,fact,It was elected at the general assembly on 11 March 2026.,11 March 2026,S1,aggregator,mbigpara.hurriyet.com.tr,1,secondary,aggregator,false,true,false,false,false,,none,,,secondary,aggregator,false,false,false,1,false
20261007T035644770594Z-codex.web.LK15.r1-a1,web,lookup,LK15,1,3,fact,The election was registered on 23 March 2026.,23 March 2026,S1,aggregator,mbigpara.hurriyet.com.tr,1,secondary,aggregator,false,true,false,false,false,,none,,,secondary,aggregator,false,false,false,1,false
20261007T035644770594Z-codex.web.LK15.r1-a1,web,lookup,LK15,1,4,fact,Publication in the Trade Registry Gazette followed on 24 March.,Trade Registry Gazette; 24 March,S1,aggregator,mbigpara.hurriyet.com.tr,2,secondary,aggregator,false,true,false,false,false,,none,,,secondary,aggregator,false,false,false,2,false
20261007T035657790045Z-codex.archivist.LK15.r1-a1,archivist,lookup,LK15,1,1,fact,Tüpraş selected Güney Bağımsız Denetim ve Serbest Muhasebeci Mali Müşavirlik A.Ş. for 1 January–31 December 2026.,Tüpraş; Güney Bağımsız Denetim ve Serbest Muhasebeci Mali Müşavirlik A.Ş.; 1 January–31 December 2026,S1,filing,mosaic-finance.com,3,unattributed,,false,false,false,false,false,,none,,,unattributed,,false,false,false,3,false
20261007T035657790045Z-codex.archivist.LK15.r1-a1,archivist,lookup,LK15,1,2,fact,It was elected at the general assembly on 11 March 2026,11 March 2026,S1,filing,mosaic-finance.com,1,unattributed,,false,false,false,false,false,,none,,,unattributed,,false,false,false,1,false
20261007T035657790045Z-codex.archivist.LK15.r1-a1,archivist,lookup,LK15,1,3,fact,the election was registered on 23 March 2026.,23 March 2026,S1,filing,mosaic-finance.com,1,unattributed,,false,false,false,false,false,,none,,,unattributed,,false,false,false,1,false
20261007T035657790045Z-codex.archivist.LK15.r1-a1,archivist,lookup,LK15,1,4,fact,"KAP disclosure filed 24 March 2026, no. 1575233",KAP; 24 March 2026; 1575233,S1,filing,mosaic-finance.com,3,unattributed,,false,false,false,false,false,,none,,,filing,filing,true,false,false,1,false
20261007T035710562142Z-codex.both.LK15.r1-a1,both,lookup,LK15,1,1,fact,Tüpraş selected Güney Bağımsız Denetim ve Serbest Muhasebeci Mali Müşavirlik A.Ş. for the 1 January–31 December 2026 reporting period.,Tüpraş; Güney Bağımsız Denetim ve Serbest Muhasebeci Mali Müşavirlik A.Ş.; 1 January–31 December 2026,S1,filing,mosaic-finance.com,3,secondary,issuer,false,false,false,false,false,issuer; aggregator,none,,,secondary,issuer,false,false,false,3,false
20261007T035710562142Z-codex.both.LK15.r1-a1,both,lookup,LK15,1,2,fact,It was elected at the general assembly on 11 March 2026,11 March 2026,S1,filing,mosaic-finance.com,1,unattributed,,false,false,false,false,false,,none,,,unattributed,,false,false,false,1,false
20261007T035710562142Z-codex.both.LK15.r1-a1,both,lookup,LK15,1,3,fact,the election was registered on 23 March 2026.,23 March 2026,S1,filing,mosaic-finance.com,1,unattributed,,false,false,false,false,false,,none,,,unattributed,,false,false,false,1,false
20261007T035710562142Z-codex.both.LK15.r1-a1,both,lookup,LK15,1,4,fact,"KAP disclosure No. 1575233, filed 24 March 2026",KAP; 1575233; 24 March 2026,S1,filing,mosaic-finance.com,3,secondary,issuer,false,false,false,false,false,issuer; forum; promotional; aggregator; reference; other,none,,,filing,filing,true,true,true,1,false
20261007T035714222648Z-codex.web.LK11.r2-a1,web,lookup,LK11,2,1,fact,"Barrick’s 2025 Annual Information Form, p. 48 (“Employees and Labor Relations”), reports approximately 27,000 employees worldwide, excluding contractors.","Barrick; 2025 Annual Information Form; p. 48; Employees and Labor Relations; 27,000",S1,filing,filing-source,5,secondary,issuer,false,false,false,false,false,issuer; forum; aggregator; reference,none,,,filing,filing,true,true,false,1,false
20261007T035714222648Z-codex.web.LK11.r2-a1,web,lookup,LK11,2,2,fact,"32,300 contractors.","32,300",S1,filing,filing-source,1,filing,filing,false,false,true,false,false,,none,,,filing,filing,true,false,false,1,false
20261007T035714222648Z-codex.web.LK11.r2-a1,web,lookup,LK11,2,3,fact,"13,000 employees represented by a labor union or covered by collective bargaining agreements.","13,000",S1,filing,filing-source,1,filing,filing,false,false,true,true,false,issuer; aggregator,none,,,filing,filing,true,true,false,1,false
20261007T035714222648Z-codex.web.LK11.r2-a1,web,lookup,LK11,2,4,fact,"These are reported as at December 31, 2025.","December 31, 2025",S1,filing,filing-source,1,filing,filing,false,false,true,true,false,issuer; aggregator,none,,,filing,filing,true,true,false,1,false
20261007T035714222648Z-codex.web.LK11.r2-a1,web,lookup,LK11,2,5,fact,"The included Mali workforce figures are current as of June 30, 2025.","Mali; June 30, 2025",S1,filing,filing-source,2,filing,filing,false,false,true,false,false,issuer,none,,,filing,filing,true,false,false,2,false
20261007T035714222648Z-codex.web.LK11.r2-a1,web,lookup,LK11,2,6,fact,"Barrick’s 2025 AIF, filed with the SEC.",Barrick; 2025 AIF; SEC,S1,filing,filing-source,3,secondary,issuer,false,false,false,false,false,issuer; forum; aggregator; reference,none,,,secondary,issuer,false,false,false,3,false
20261007T035727290956Z-codex.archivist.LK11.r2-a1,archivist,lookup,LK11,2,1,fact,"As at December 31, 2025, Barrick reported approximately 27,000 employees worldwide, excluding contractors.","December 31, 2025; Barrick; 27,000",S1,filing,mosaic-finance.com,3,filing,filing,false,false,true,false,false,,none,,,filing,filing,true,false,false,1,false
20261007T035727290956Z-codex.archivist.LK11.r2-a1,archivist,lookup,LK11,2,2,fact,"As at December 31, 2025, Barrick reported approximately 32,300 contractors.","December 31, 2025; Barrick; 32,300",S1,filing,mosaic-finance.com,3,filing,filing,false,false,true,false,false,,none,,,filing,filing,true,false,false,1,false
20261007T035727290956Z-codex.archivist.LK11.r2-a1,archivist,lookup,LK11,2,3,fact,"As at December 31, 2025, Barrick reported approximately 13,000 employees represented by a labor union or covered by collective bargaining agreements.","December 31, 2025; Barrick; 13,000",S1,filing,mosaic-finance.com,3,filing,filing,false,false,true,false,false,,none,,,filing,filing,true,false,false,1,false
20261007T035727290956Z-codex.archivist.LK11.r2-a1,archivist,lookup,LK11,2,4,fact,"2025 Annual Information Form, dated February 27, 2026, “Employees and Labor Relations,” p. 48","2025 Annual Information Form; February 27, 2026; Employees and Labor Relations; 48",S1,filing,mosaic-finance.com,4,unattributed,,false,false,false,false,false,,none,,,filing,filing,true,false,false,1,false
20261007T035727290956Z-codex.archivist.LK11.r2-a1,archivist,lookup,LK11,2,5,fact,The totals include jointly owned and operated operations.,,,,,0,unattributed,,true,false,false,false,false,,none,,,unattributed,,false,false,false,0,true
20261007T035727290956Z-codex.archivist.LK11.r2-a1,archivist,lookup,LK11,2,6,fact,"Mali employment figures are current as of June 30, 2025.","Mali; June 30, 2025",,,,2,filing,filing,false,false,true,false,false,,none,,,filing,filing,true,false,false,2,false
20261007T035746957758Z-codex.both.LK11.r2-a1,both,lookup,LK11,2,1,fact,"As at December 31, 2025, Barrick reported approximately 27,000 employees worldwide, excluding contractors.","December 31, 2025; Barrick; 27,000",S1,filing,filing-source,3,filing,filing,false,false,true,true,false,issuer; forum; aggregator; reference; other,none,,,filing,filing,true,true,false,1,false
20261007T035746957758Z-codex.both.LK11.r2-a1,both,lookup,LK11,2,2,fact,"As at December 31, 2025, Barrick reported approximately 32,300 contractors.","December 31, 2025; Barrick; 32,300",S1,filing,filing-source,3,filing,filing,false,false,true,false,false,issuer; forum; aggregator; reference; other,none,,,filing,filing,true,false,false,1,false
20261007T035746957758Z-codex.both.LK11.r2-a1,both,lookup,LK11,2,3,fact,"As at December 31, 2025, Barrick reported approximately 13,000 employees represented by a labor union or covered by collective bargaining agreements.","December 31, 2025; Barrick; 13,000",S1,filing,filing-source,3,filing,filing,false,false,true,true,false,issuer; forum; aggregator; reference; other,none,,,filing,filing,true,true,false,1,false
20261007T035746957758Z-codex.both.LK11.r2-a1,both,lookup,LK11,2,4,fact,The totals include jointly owned and operated operations.,,,,,0,unattributed,,true,false,false,false,false,,none,,,unattributed,,false,false,false,0,true
20261007T035746957758Z-codex.both.LK11.r2-a1,both,lookup,LK11,2,5,fact,"Mali’s included headcount is as of June 30, 2025.","Mali; June 30, 2025",,,,2,filing,filing,false,false,true,false,false,issuer,none,,,filing,filing,true,false,false,2,false
20261007T035753688659Z-codex.web.LK12.r2-a1,web,lookup,LK12,2,1,fact,"BCE reported 57,627 total mobile phone net subscriber activations in Q2 2026","BCE; 57,627; Q2 2026",S1,filing,filing-source,3,filing,filing,false,false,true,true,false,issuer; aggregator,none,,,filing,filing,true,true,false,1,false
20261007T035753688659Z-codex.web.LK12.r2-a1,web,lookup,LK12,2,2,fact,"41,594 postpaid","41,594",S1,filing,filing-source,1,filing,filing,false,false,true,true,false,issuer; aggregator,none,,,filing,filing,true,true,false,1,false
20261007T035753688659Z-codex.web.LK12.r2-a1,web,lookup,LK12,2,3,fact,"16,033 prepaid","16,033",S1,filing,filing-source,1,filing,filing,false,false,true,true,false,issuer; aggregator,none,,,filing,filing,true,true,false,1,false
20261007T035805118423Z-codex.archivist.LK12.r2-a1,archivist,lookup,LK12,2,1,fact,"In Q2 2026 (ended June 30), BCE reported 57,627 total mobile phone net subscriber activations","Q2 2026; June 30; BCE; 57,627",S1,filing,mosaic-finance.com,4,filing,filing,false,false,true,false,false,,none,,,filing,filing,true,false,false,1,false
20261007T035805118423Z-codex.archivist.LK12.r2-a1,archivist,lookup,LK12,2,2,fact,"41,594 postpaid","41,594",S1,filing,mosaic-finance.com,1,unattributed,,false,false,false,false,false,,none,,,unattributed,,false,false,false,1,false
20261007T035805118423Z-codex.archivist.LK12.r2-a1,archivist,lookup,LK12,2,3,fact,"16,033 prepaid","16,033",S1,filing,mosaic-finance.com,1,unattributed,,false,false,false,false,false,,none,,,unattributed,,false,false,false,1,false
20261007T035805118423Z-codex.archivist.LK12.r2-a1,archivist,lookup,LK12,2,4,fact,"BCE MD&A filed August 6, 2026, §2.2 “Customer connections”","BCE; MD&A; August 6, 2026; §2.2; Customer connections",S1,filing,mosaic-finance.com,5,unattributed,,false,false,false,false,false,,none,,,filing,filing,true,false,false,1,false
20261007T035812158141Z-codex.both.LK12.r2-a1,both,lookup,LK12,2,1,fact,"BCE reported 57,627 mobile phone net subscriber activations in Q2 2026, comprising 41,594 postpaid and 16,033 prepaid.","BCE; 57,627; Q2 2026; 41,594; 16,033",S1,filing,filing-source,5,filing,filing,false,false,true,true,false,issuer; aggregator,none,,,filing,filing,true,true,false,3,false
20261007T035824716083Z-codex.web.LK13.r2-a1,web,lookup,LK13,2,1,fact,RBC returned C$4.0 billion to shareholders in Q3 2026.,RBC; C$4.0 billion; Q3 2026,S1,filing,filing-source,3,filing,filing,false,false,true,true,false,issuer; forum; aggregator; news,none,,,filing,filing,true,true,false,1,false
20261007T035824716083Z-codex.web.LK13.r2-a1,web,lookup,LK13,2,2,fact,C$1.6 billion in share buybacks,C$1.6 billion,S1,filing,filing-source,1,filing,filing,false,false,true,true,false,issuer; aggregator,none,,,filing,filing,true,true,false,1,false
20261007T035824716083Z-codex.web.LK13.r2-a1,web,lookup,LK13,2,3,fact,C$2.4 billion in common share dividends,C$2.4 billion,S1,filing,filing-source,1,filing,filing,false,false,true,true,false,issuer; aggregator,none,,,filing,filing,true,true,false,1,false
20261007T035824716083Z-codex.web.LK13.r2-a1,web,lookup,LK13,2,4,fact,"its August 27, 2026 earnings release","August 27, 2026",S1,filing,filing-source,1,filing,filing,false,false,true,true,false,issuer; aggregator; news,none,,,filing,filing,true,true,false,1,false
20261007T035830000694Z-codex.archivist.LK13.r2-a1,archivist,lookup,LK13,2,1,fact,RBC returned C$4.0 billion to shareholders in Q3 2026,RBC; C$4.0 billion; Q3 2026,S1,filing,mosaic-finance.com,3,unattributed,,false,false,false,false,false,,none,,,filing,filing,true,false,false,1,false
20261007T035830000694Z-codex.archivist.LK13.r2-a1,archivist,lookup,LK13,2,2,fact,C$1.6 billion in share buybacks,C$1.6 billion,S1,filing,mosaic-finance.com,1,filing,filing,false,false,true,false,false,,none,,,filing,filing,true,false,false,1,false
20261007T035830000694Z-codex.archivist.LK13.r2-a1,archivist,lookup,LK13,2,3,fact,C$2.4 billion in common share dividends,C$2.4 billion,S1,filing,mosaic-finance.com,1,filing,filing,false,false,true,false,false,,none,,,filing,filing,true,false,false,1,false
20261007T035830000694Z-codex.archivist.LK13.r2-a1,archivist,lookup,LK13,2,4,fact,"its August 27, 2026 results release","August 27, 2026",S1,filing,mosaic-finance.com,1,unattributed,,false,false,false,false,false,,none,,,unattributed,,false,false,false,1,false
20261007T035836797015Z-codex.both.LK13.r2-a1,both,lookup,LK13,2,1,fact,RBC returned C$4.0 billion to shareholders in Q3 2026,RBC; C$4.0 billion; Q3 2026,S1,filing,filing-source,3,filing,filing,false,false,true,true,false,issuer; forum; aggregator,none,,,filing,filing,true,true,false,1,false
20261007T035836797015Z-codex.both.LK13.r2-a1,both,lookup,LK13,2,2,fact,C$1.6 billion in share buybacks,C$1.6 billion,S1,filing,filing-source,1,filing,filing,false,false,true,true,false,issuer; aggregator,none,,,filing,filing,true,true,false,1,false
20261007T035836797015Z-codex.both.LK13.r2-a1,both,lookup,LK13,2,3,fact,C$2.4 billion in common share dividends,C$2.4 billion,S1,filing,filing-source,1,filing,filing,false,false,true,true,false,issuer; aggregator,none,,,filing,filing,true,true,false,1,false
20261007T035836797015Z-codex.both.LK13.r2-a1,both,lookup,LK13,2,4,fact,"its August 27, 2026 earnings release","August 27, 2026",S1,filing,filing-source,1,filing,filing,false,false,true,true,false,issuer; forum; aggregator,none,,,filing,filing,true,true,false,1,false
20261007T035849164102Z-codex.web.LK14.r2-a1,web,lookup,LK14,2,1,fact,Astor Enerji’s 28 April 2026 disclosure states that the contract covers 9 power transformers.,Astor Enerji; 28 April 2026; 9 power transformers,S1,filing,filing-source,3,secondary,issuer,false,false,false,false,false,issuer; forum; aggregator; news,none,,,secondary,issuer,false,false,false,3,false
20261007T035849164102Z-codex.web.LK14.r2-a1,web,lookup,LK14,2,2,fact,"The contract has a total value of US$51,531,000.","US$51,531,000",S1,filing,filing-source,1,filing,filing,false,false,true,true,false,aggregator,none,,,filing,filing,true,true,false,1,false
20261007T035849164102Z-codex.web.LK14.r2-a1,web,lookup,LK14,2,3,fact,The contract represents 6.57% of the company’s 2025 revenue.,6.57%; 2025 revenue,S1,filing,filing-source,2,secondary,news,false,false,false,false,false,news,none,,,filing,filing,true,true,false,1,false
20261007T035850052807Z-codex.archivist.LK14.r2-a1,archivist,lookup,LK14,2,1,fact,"Astor Enerji’s April 28, 2026 disclosure states that the contract covers 9 power transformers. Source: KAP “Yeni İş İlişkisi,” disclosure 1597903","Astor Enerji; April 28, 2026; 9 power transformers; KAP; Yeni İş İlişkisi; 1597903",S1,filing,mosaic-finance.com,6,unattributed,,false,false,false,false,false,,none,,,filing,filing,true,false,false,1,false
20261007T035850052807Z-codex.archivist.LK14.r2-a1,archivist,lookup,LK14,2,2,fact,"The contract has a total value of US$51,531,000.","US$51,531,000",S1,filing,mosaic-finance.com,1,filing,filing,false,false,true,false,false,,none,,,filing,filing,true,false,false,1,false
20261007T035850052807Z-codex.archivist.LK14.r2-a1,archivist,lookup,LK14,2,3,fact,The contract represents 6.57% of its 2025 revenue.,6.57%; 2025 revenue,S1,filing,mosaic-finance.com,2,unattributed,,false,false,false,false,false,,none,,,filing,filing,true,false,false,1,false
20261007T035902553641Z-codex.both.LK14.r2-a1,both,lookup,LK14,2,1,fact,The contract covers 9 power transformers,9 power transformers,S1,filing,filing-source,1,filing,filing,false,false,true,false,false,,none,,,filing,filing,true,false,false,1,false
20261007T035902553641Z-codex.both.LK14.r2-a1,both,lookup,LK14,2,2,fact,"with a total value of US$51,531,000","US$51,531,000",S1,filing,filing-source,1,filing,filing,false,false,true,true,false,aggregator,none,,,filing,filing,true,true,false,1,false
20261007T035902553641Z-codex.both.LK14.r2-a1,both,lookup,LK14,2,3,fact,representing 6.57% of Astor Enerji’s 2025 revenue,6.57%; Astor Enerji; 2025 revenue,S1,filing,filing-source,3,secondary,issuer,false,false,false,false,false,issuer; forum; aggregator; news,none,,,filing,filing,true,true,false,1,false
20261007T035902553641Z-codex.both.LK14.r2-a1,both,lookup,LK14,2,4,fact,its KAP disclosure filed 28 April 2026,KAP; 28 April 2026,S1,filing,filing-source,2,secondary,aggregator,false,false,false,false,false,aggregator; news,none,,,secondary,aggregator,false,false,false,2,false
20261007T035913395581Z-codex.web.LK15.r2-a1,web,lookup,LK15,2,1,fact,Tüpraş selected Güney Bağımsız Denetim ve Serbest Muhasebeci Mali Müşavirlik A.Ş. for 1 January–31 December 2026.,Tüpraş; Güney Bağımsız Denetim ve Serbest Muhasebeci Mali Müşavirlik A.Ş.; 1 January–31 December 2026,S1,filing,filing-source,3,secondary,issuer,false,false,false,false,false,issuer; aggregator,none,,,secondary,issuer,false,false,false,3,false
20261007T035913395581Z-codex.web.LK15.r2-a1,web,lookup,LK15,2,2,fact,It was elected at the general assembly on 11 March 2026,11 March 2026,S1,filing,filing-source,1,unattributed,,false,false,false,false,false,,none,,,unattributed,,false,false,false,1,false
20261007T035913395581Z-codex.web.LK15.r2-a1,web,lookup,LK15,2,3,fact,the election was registered on 23 March 2026.,23 March 2026,S1,filing,filing-source,1,unattributed,,false,false,false,false,false,,none,,,unattributed,,false,false,false,1,false
20261007T035913395581Z-codex.web.LK15.r2-a1,web,lookup,LK15,2,4,fact,KAP disclosure filed 24 March 2026,KAP; 24 March 2026,S1,filing,filing-source,2,secondary,issuer,false,false,false,false,false,issuer; aggregator; other,none,,,secondary,issuer,false,false,false,2,false
20261007T035917969913Z-codex.archivist.LK15.r2-a1,archivist,lookup,LK15,2,1,fact,Tüpraş selected Güney Bağımsız Denetim ve Serbest Muhasebeci Mali Müşavirlik A.Ş. for the 1 January–31 December 2026 reporting period.,Tüpraş; Güney Bağımsız Denetim ve Serbest Muhasebeci Mali Müşavirlik A.Ş.; 1 January–31 December 2026,S1,filing,mosaic-finance.com,3,unattributed,,false,false,false,false,false,,none,,,unattributed,,false,false,false,3,false
20261007T035917969913Z-codex.archivist.LK15.r2-a1,archivist,lookup,LK15,2,2,fact,It was elected at the general assembly on 11 March 2026.,11 March 2026,S1,filing,mosaic-finance.com,1,unattributed,,false,false,false,false,false,,none,,,unattributed,,false,false,false,1,false
20261007T035917969913Z-codex.archivist.LK15.r2-a1,archivist,lookup,LK15,2,3,fact,The election was registered on 23 March 2026.,23 March 2026,S1,filing,mosaic-finance.com,1,unattributed,,false,false,false,false,false,,none,,,unattributed,,false,false,false,1,false
20261007T035917969913Z-codex.archivist.LK15.r2-a1,archivist,lookup,LK15,2,4,fact,"KAP disclosure filed 24 March 2026, no. 1575233",KAP; 24 March 2026; 1575233,S1,filing,mosaic-finance.com,3,unattributed,,false,false,false,false,false,,none,,,filing,filing,true,false,false,1,false
20261007T035938355087Z-codex.both.LK15.r2-a1,both,lookup,LK15,2,1,fact,Tüpraş selected Güney Bağımsız Denetim ve Serbest Muhasebeci Mali Müşavirlik A.Ş. for the 1 January–31 December 2026 reporting period.,Tüpraş; Güney Bağımsız Denetim ve Serbest Muhasebeci Mali Müşavirlik A.Ş.; 1 January–31 December 2026,S1,filing,filing-source,3,secondary,issuer,false,false,false,false,false,issuer; aggregator,none,,,secondary,issuer,false,false,false,3,false
20261007T035938355087Z-codex.both.LK15.r2-a1,both,lookup,LK15,2,2,fact,It was elected at the general assembly on 11 March 2026,11 March 2026,S1,filing,filing-source,1,unattributed,,false,false,false,false,false,,none,,,unattributed,,false,false,false,1,false
20261007T035938355087Z-codex.both.LK15.r2-a1,both,lookup,LK15,2,3,fact,the election was registered on 23 March 2026.,23 March 2026,S1,filing,filing-source,1,unattributed,,false,false,false,false,false,,none,,,unattributed,,false,false,false,1,false
20261007T035938355087Z-codex.both.LK15.r2-a1,both,lookup,LK15,2,4,fact,KAP disclosure filed 24 March 2026,KAP; 24 March 2026,S1,filing,filing-source,2,secondary,issuer,false,false,false,false,false,issuer; aggregator,none,,,secondary,issuer,false,false,false,2,false
20261007T035938870344Z-codex.web.LK11.r3-a1,web,lookup,LK11,3,1,fact,"Barrick’s 2025 AIF, under “Employees and Labor Relations” (p. 48), reports approximately:",Barrick; 2025 AIF; Employees and Labor Relations; p. 48,S1,issuer,s25.q4cdn.com,4,secondary,issuer,false,true,false,false,false,issuer; forum; aggregator; reference; other,none,,,secondary,issuer,false,false,false,4,false
20261007T035938870344Z-codex.web.LK11.r3-a1,web,lookup,LK11,3,2,fact,"27,000 employees worldwide, excluding contractors.","27,000",S1,issuer,s25.q4cdn.com,1,filing,filing,false,true,true,true,false,issuer; forum; aggregator; reference; other,none,,,filing,filing,true,true,false,1,false
20261007T035938870344Z-codex.web.LK11.r3-a1,web,lookup,LK11,3,3,fact,"32,300 contractors.","32,300",S1,issuer,s25.q4cdn.com,1,secondary,issuer,false,true,false,true,false,issuer,none,,,secondary,issuer,false,true,false,1,false
20261007T035938870344Z-codex.web.LK11.r3-a1,web,lookup,LK11,3,4,fact,"13,000 employees represented by a labor union or covered by collective bargaining agreements.","13,000",S1,issuer,s25.q4cdn.com,1,filing,filing,false,true,true,true,false,issuer,none,,,filing,filing,true,true,false,1,false
20261007T035938870344Z-codex.web.LK11.r3-a1,web,lookup,LK11,3,5,fact,"These are the figures reported as at December 31, 2025","December 31, 2025",S1,issuer,s25.q4cdn.com,1,filing,filing,false,true,true,true,false,issuer; aggregator,none,,,filing,filing,true,true,false,1,false
20261007T035938870344Z-codex.web.LK11.r3-a1,web,lookup,LK11,3,6,fact,"the included Mali workforce figures are current as of June 30, 2025.","Mali; June 30, 2025",S1,issuer,s25.q4cdn.com,2,secondary,issuer,false,true,false,true,false,issuer,none,,,secondary,issuer,false,true,false,2,false
20261007T035957774770Z-codex.archivist.LK11.r3-a1,archivist,lookup,LK11,3,1,fact,"As at December 31, 2025, Barrick reported approximately 27,000 employees worldwide, excluding contractors.","December 31, 2025; Barrick; 27,000",S1,filing,mosaic-finance.com,3,filing,filing,false,false,true,false,false,,none,,,filing,filing,true,false,false,1,false
20261007T035957774770Z-codex.archivist.LK11.r3-a1,archivist,lookup,LK11,3,2,fact,"As at December 31, 2025, Barrick reported approximately 32,300 contractors.","December 31, 2025; Barrick; 32,300",S1,filing,mosaic-finance.com,3,filing,filing,false,false,true,false,false,,none,,,filing,filing,true,false,false,1,false
20261007T035957774770Z-codex.archivist.LK11.r3-a1,archivist,lookup,LK11,3,3,fact,"As at December 31, 2025, Barrick reported approximately 13,000 employees represented by a labor union or covered by collective bargaining agreements.","December 31, 2025; Barrick; 13,000",S1,filing,mosaic-finance.com,3,filing,filing,false,false,true,false,false,,none,,,filing,filing,true,false,false,1,false
20261007T035957774770Z-codex.archivist.LK11.r3-a1,archivist,lookup,LK11,3,4,fact,"2025 Annual Information Form, dated February 27, 2026, “Employees and Labor Relations”","2025 Annual Information Form; February 27, 2026; Employees and Labor Relations",S1,filing,mosaic-finance.com,3,unattributed,,false,false,false,false,false,,none,,,unattributed,,false,false,false,3,false
20261007T035957774770Z-codex.archivist.LK11.r3-a1,archivist,lookup,LK11,3,5,fact,"The totals include Mali operations’ employment figures as of June 30, 2025.","Mali; June 30, 2025",,,,2,filing,filing,false,false,true,false,false,,none,,,filing,filing,true,false,false,2,false
20261007T035958729646Z-codex.both.LK11.r3-a1,both,lookup,LK11,3,1,fact,"As at December 31, 2025, Barrick reported approximately 27,000 employees worldwide, excluding contractors and including employees at jointly owned and operated operations.","December 31, 2025; Barrick; 27,000",S1,issuer,s25.q4cdn.com,3,filing,filing,false,true,true,true,false,issuer; forum; aggregator; reference; other,none,,,filing,filing,true,true,false,1,false
20261007T035958729646Z-codex.both.LK11.r3-a1,both,lookup,LK11,3,2,fact,"As at December 31, 2025, Barrick reported approximately 32,300 contractors.","December 31, 2025; Barrick; 32,300",S1,issuer,s25.q4cdn.com,3,secondary,issuer,false,true,false,true,false,issuer; forum; aggregator; reference; other,none,,,secondary,issuer,false,true,false,1,false
20261007T035958729646Z-codex.both.LK11.r3-a1,both,lookup,LK11,3,3,fact,"As at December 31, 2025, Barrick reported approximately 13,000 employees represented by a labor union or covered by collective bargaining agreements.","December 31, 2025; Barrick; 13,000",S1,issuer,s25.q4cdn.com,3,secondary,issuer,false,true,false,true,false,issuer; forum; aggregator; reference; other,none,,,secondary,issuer,false,true,false,1,false
20261007T035958729646Z-codex.both.LK11.r3-a1,both,lookup,LK11,3,4,fact,"Barrick’s 2025 Annual Information Form, “Employees” section, dated February 27, 2026.","Barrick; 2025 Annual Information Form; Employees; February 27, 2026",S1,issuer,s25.q4cdn.com,4,secondary,issuer,false,true,false,true,false,issuer; forum; aggregator; reference; other,none,,,secondary,issuer,false,true,false,4,false
20261007T040017620411Z-codex.web.LK12.r3-a1,web,lookup,LK12,3,1,fact,"BCE reported 57,627 total mobile phone net subscriber activations in Q2 2026.","BCE; 57,627; Q2 2026",S1,filing,filing-source,3,filing,filing,false,false,true,true,false,issuer; forum; aggregator,none,,,filing,filing,true,true,false,1,false
20261007T040017620411Z-codex.web.LK12.r3-a1,web,lookup,LK12,3,2,fact,"BCE reported 41,594 postpaid mobile phone net subscriber activations in Q2 2026.","BCE; 41,594; Q2 2026",S1,filing,filing-source,3,filing,filing,false,false,true,true,false,issuer; forum; aggregator,none,,,filing,filing,true,true,false,1,false
20261007T040017620411Z-codex.web.LK12.r3-a1,web,lookup,LK12,3,3,fact,"BCE reported 16,033 prepaid mobile phone net subscriber activations in Q2 2026.","BCE; 16,033; Q2 2026",S1,filing,filing-source,3,filing,filing,false,false,true,true,false,issuer; forum; aggregator,none,,,filing,filing,true,true,false,1,false
20261007T040017620411Z-codex.web.LK12.r3-a1,web,lookup,LK12,3,4,fact,"The “Total BCE net activations” table is in section 2.2, page 12 of its Q2 2026 MD&A.",Total BCE net activations; 2.2; 12; Q2 2026 MD&A,S1,filing,filing-source,4,secondary,issuer,false,false,false,false,false,issuer; forum,none,,,filing,filing,true,true,false,2,false
20261007T040025029080Z-codex.archivist.LK12.r3-a1,archivist,lookup,LK12,3,1,fact,"In Q2 2026 (quarter ended June 30), BCE recorded 57,627 total mobile phone net subscriber activations","Q2 2026; June 30; BCE; 57,627",S1,filing,mosaic-finance.com,4,filing,filing,false,false,true,false,false,,none,,,filing,filing,true,false,false,1,false
20261007T040025029080Z-codex.archivist.LK12.r3-a1,archivist,lookup,LK12,3,2,fact,"41,594 postpaid","41,594",S1,filing,mosaic-finance.com,1,unattributed,,false,false,false,false,false,,none,,,unattributed,,false,false,false,1,false
20261007T040025029080Z-codex.archivist.LK12.r3-a1,archivist,lookup,LK12,3,3,fact,"16,033 prepaid","16,033",S1,filing,mosaic-finance.com,1,unattributed,,false,false,false,false,false,,none,,,unattributed,,false,false,false,1,false
20261007T040025029080Z-codex.archivist.LK12.r3-a1,archivist,lookup,LK12,3,4,fact,"BCE’s MD&A filed August 6, 2026, mobile subscriber table","BCE; August 6, 2026",S1,filing,mosaic-finance.com,2,unattributed,,false,false,false,false,false,,none,,,unattributed,,false,false,false,2,false
20261007T040029824280Z-codex.both.LK12.r3-a1,both,lookup,LK12,3,1,fact,"BCE reported 57,627 total mobile phone net subscriber activations in Q2 2026","BCE; 57,627; Q2 2026",S1,filing,filing-source,3,filing,filing,false,false,true,true,false,issuer; forum; aggregator,none,,,filing,filing,true,true,false,1,false
20261007T040029824280Z-codex.both.LK12.r3-a1,both,lookup,LK12,3,2,fact,"41,594 postpaid","41,594",S1,filing,filing-source,1,filing,filing,false,false,true,true,false,issuer; forum; aggregator,none,,,filing,filing,true,true,false,1,false
20261007T040029824280Z-codex.both.LK12.r3-a1,both,lookup,LK12,3,3,fact,"16,033 prepaid","16,033",S1,filing,filing-source,1,filing,filing,false,false,true,true,false,issuer; forum,none,,,filing,filing,true,true,false,1,false
20261007T040041481390Z-codex.web.LK13.r3-a1,web,lookup,LK13,3,1,fact,RBC returned C$4.0 billion to shareholders in Q3 2026,RBC; C$4.0 billion; Q3 2026,S1,issuer,rbc.com,3,filing,filing,false,true,true,true,false,issuer; forum; aggregator,none,,,filing,filing,true,true,false,1,false
20261007T040041481390Z-codex.web.LK13.r3-a1,web,lookup,LK13,3,2,fact,C$1.6 billion in share buybacks,C$1.6 billion,S1,issuer,rbc.com,1,filing,filing,false,true,true,true,false,issuer,none,,,filing,filing,true,true,false,1,false
20261007T040041481390Z-codex.web.LK13.r3-a1,web,lookup,LK13,3,3,fact,C$2.4 billion in common share dividends,C$2.4 billion,S1,issuer,rbc.com,1,filing,filing,false,true,true,true,false,issuer,none,,,filing,filing,true,true,false,1,false
20261007T040041481390Z-codex.web.LK13.r3-a1,web,lookup,LK13,3,4,fact,"RBC’s August 27, 2026 earnings release, p. 1","RBC; August 27, 2026; p. 1",S1,issuer,rbc.com,3,secondary,issuer,false,true,false,false,false,issuer; forum; aggregator,none,,,secondary,issuer,false,false,false,3,false
20261007T040042247092Z-codex.archivist.LK13.r3-a1,archivist,lookup,LK13,3,1,fact,"For the quarter ended July 31, 2026, RBC returned C$4.0 billion to shareholders.","July 31, 2026; RBC; C$4.0 billion",S1,filing,mosaic-finance.com,3,filing,filing,false,false,true,false,false,,none,,,filing,filing,true,false,false,1,false
20261007T040042247092Z-codex.archivist.LK13.r3-a1,archivist,lookup,LK13,3,2,fact,"For the quarter ended July 31, 2026, RBC returned C$1.6 billion in share buybacks.","July 31, 2026; RBC; C$1.6 billion",S1,filing,mosaic-finance.com,3,filing,filing,false,false,true,false,false,,none,,,filing,filing,true,false,false,1,false
20261007T040042247092Z-codex.archivist.LK13.r3-a1,archivist,lookup,LK13,3,3,fact,"For the quarter ended July 31, 2026, RBC returned C$2.4 billion in common share dividends.","July 31, 2026; RBC; C$2.4 billion",S1,filing,mosaic-finance.com,3,filing,filing,false,false,true,false,false,,none,,,filing,filing,true,false,false,1,false
20261007T040042247092Z-codex.archivist.LK13.r3-a1,archivist,lookup,LK13,3,4,fact,"RBC's results release was dated August 27, 2026.","RBC; August 27, 2026",S1,filing,mosaic-finance.com,2,unattributed,,false,false,false,false,false,,none,,,unattributed,,false,false,false,2,false
20261007T040050128396Z-codex.both.LK13.r3-a1,both,lookup,LK13,3,1,fact,"RBC returned C$4.0 billion to shareholders in Q3 2026: C$1.6 billion in share buybacks and C$2.4 billion in common share dividends, according to its August 27, 2026 earnings release.","RBC; C$4.0 billion; Q3 2026; C$1.6 billion; C$2.4 billion; August 27, 2026",S1,filing,filing-source,6,filing,filing,false,false,true,true,false,issuer; forum; aggregator; news,none,,,filing,filing,true,true,false,3,false
20261007T040104503276Z-codex.web.LK14.r3-a1,web,lookup,LK14,3,1,fact,The contract covers 9 power transformers.,9 power transformers,S1,aggregator,fintables.com,1,secondary,aggregator,false,true,false,true,false,aggregator,none,,,secondary,aggregator,false,true,false,1,false
20261007T040104503276Z-codex.web.LK14.r3-a1,web,lookup,LK14,3,2,fact,"The contract has a total value of US$51,531,000.","US$51,531,000",S1,aggregator,fintables.com,1,secondary,aggregator,false,true,false,true,false,aggregator; news; reference; other,none,,,secondary,aggregator,false,true,false,1,false
20261007T040104503276Z-codex.web.LK14.r3-a1,web,lookup,LK14,3,3,fact,The contract represents 6.57% of Astor Enerji’s 2025 revenue.,6.57%; Astor Enerji; 2025 revenue,S1,aggregator,fintables.com,3,secondary,aggregator,false,true,false,false,false,aggregator; news,none,,,secondary,aggregator,false,true,false,1,false
20261007T040104503276Z-codex.web.LK14.r3-a1,web,lookup,LK14,3,4,fact,The 28 April 2026 KAP disclosure reproduced by Fintables.,28 April 2026; KAP; Fintables,S1,aggregator,fintables.com,3,secondary,aggregator,false,true,false,false,false,aggregator; news; other,none,,,secondary,aggregator,false,false,false,3,false
20261007T040107058890Z-codex.archivist.LK14.r3-a1,archivist,lookup,LK14,3,1,fact,"The contract covers 9 power transformers, according to its 28 April 2026 KAP disclosure, no. 1597903.",9 power transformers; 28 April 2026; KAP; 1597903,S1,filing,mosaic-finance.com,4,unattributed,,false,false,false,false,false,,none,,,filing,filing,true,false,false,1,false
20261007T040107058890Z-codex.archivist.LK14.r3-a1,archivist,lookup,LK14,3,2,fact,"The contract has a total value of US$51,531,000.","US$51,531,000",S1,filing,mosaic-finance.com,1,filing,filing,false,false,true,false,false,,none,,,filing,filing,true,false,false,1,false
20261007T040107058890Z-codex.archivist.LK14.r3-a1,archivist,lookup,LK14,3,3,fact,The contract represents 6.57% of Astor Enerji’s 2025 revenue.,6.57%; Astor Enerji; 2025 revenue,S1,filing,mosaic-finance.com,3,unattributed,,false,false,false,false,false,,none,,,filing,filing,true,false,false,1,false
20261007T040122579369Z-codex.both.LK14.r3-a1,both,lookup,LK14,3,1,fact,"Astor Enerji’s April 28, 2026 disclosure states that the contract covers 9 power transformers","Astor Enerji; April 28, 2026; 9 power transformers",S1,filing,filing-source,3,secondary,issuer,false,false,false,false,false,issuer; forum; aggregator; news,none,,,secondary,issuer,false,false,false,3,false
20261007T040122579369Z-codex.both.LK14.r3-a1,both,lookup,LK14,3,2,fact,"has a total value of US$51,531,000","US$51,531,000",S1,filing,filing-source,1,filing,filing,false,false,true,true,false,aggregator,none,,,filing,filing,true,true,false,1,false
20261007T040122579369Z-codex.both.LK14.r3-a1,both,lookup,LK14,3,3,fact,represents 6.57% of the company’s 2025 revenue,6.57%; 2025 revenue,S1,filing,filing-source,2,secondary,news,false,false,false,false,false,news,none,,,filing,filing,true,true,false,1,false
20261007T040135292982Z-codex.web.LK15.r3-a1,web,lookup,LK15,3,1,fact,Tüpraş selected Güney Bağımsız Denetim ve Serbest Muhasebeci Mali Müşavirlik A.Ş. for 1 January–31 December 2026.,Tüpraş; Güney Bağımsız Denetim ve Serbest Muhasebeci Mali Müşavirlik A.Ş.; 1 January–31 December 2026,S1,filing,filing-source,3,secondary,issuer,false,false,false,false,false,issuer; aggregator,none,,,secondary,issuer,false,false,false,3,false
20261007T040135292982Z-codex.web.LK15.r3-a1,web,lookup,LK15,3,2,fact,It was elected at the general assembly on 11 March 2026,11 March 2026,S1,filing,filing-source,1,unattributed,,false,false,false,false,false,,none,,,unattributed,,false,false,false,1,false
20261007T040135292982Z-codex.web.LK15.r3-a1,web,lookup,LK15,3,3,fact,the election was registered on 23 March 2026.,23 March 2026,S1,filing,filing-source,1,unattributed,,false,false,false,false,false,,none,,,unattributed,,false,false,false,1,false
20261007T040135292982Z-codex.web.LK15.r3-a1,web,lookup,LK15,3,4,fact,KAP disclosure filed 24 March 2026,KAP; 24 March 2026,S1,filing,filing-source,2,secondary,issuer,false,false,false,false,false,issuer; aggregator; other,none,,,secondary,issuer,false,false,false,2,false
20261007T040138648992Z-codex.archivist.LK15.r3-a1,archivist,lookup,LK15,3,1,fact,Tüpraş selected Güney Bağımsız Denetim ve Serbest Muhasebeci Mali Müşavirlik A.Ş. for 1 January–31 December 2026.,Tüpraş; Güney Bağımsız Denetim ve Serbest Muhasebeci Mali Müşavirlik A.Ş.; 1 January–31 December 2026,S1,filing,mosaic-finance.com,3,unattributed,,false,false,false,false,false,,none,,,unattributed,,false,false,false,3,false
20261007T040138648992Z-codex.archivist.LK15.r3-a1,archivist,lookup,LK15,3,2,fact,It was elected at the general assembly on 11 March 2026.,11 March 2026,S1,filing,mosaic-finance.com,1,unattributed,,false,false,false,false,false,,none,,,unattributed,,false,false,false,1,false
20261007T040138648992Z-codex.archivist.LK15.r3-a1,archivist,lookup,LK15,3,3,fact,The election was registered on 23 March 2026.,23 March 2026,S1,filing,mosaic-finance.com,1,unattributed,,false,false,false,false,false,,none,,,unattributed,,false,false,false,1,false
20261007T040138648992Z-codex.archivist.LK15.r3-a1,archivist,lookup,LK15,3,4,fact,"KAP disclosure filed 24 March 2026, no. 1575233.",KAP; 24 March 2026; 1575233,S1,filing,mosaic-finance.com,3,unattributed,,false,false,false,false,false,,none,,,filing,filing,true,false,false,1,false
20261007T040158610941Z-codex.both.LK15.r3-a1,both,lookup,LK15,3,1,fact,Tüpraş selected Güney Bağımsız Denetim ve Serbest Muhasebeci Mali Müşavirlik A.Ş. for the 1 January–31 December 2026 reporting period.,Tüpraş; Güney Bağımsız Denetim ve Serbest Muhasebeci Mali Müşavirlik A.Ş.; 1 January–31 December 2026,S1,filing,filing-source,3,secondary,issuer,false,false,false,false,false,issuer; aggregator,none,,,secondary,issuer,false,false,false,3,false
20261007T040158610941Z-codex.both.LK15.r3-a1,both,lookup,LK15,3,2,fact,It was elected at the general assembly on 11 March 2026,11 March 2026,S1,filing,filing-source,1,unattributed,,false,false,false,false,false,,none,,,unattributed,,false,false,false,1,false
20261007T040158610941Z-codex.both.LK15.r3-a1,both,lookup,LK15,3,3,fact,the election was registered on 23 March 2026.,23 March 2026,S1,filing,filing-source,1,unattributed,,false,false,false,false,false,,none,,,unattributed,,false,false,false,1,false
20261007T040158610941Z-codex.both.LK15.r3-a1,both,lookup,LK15,3,4,fact,KAP disclosure filed 24 March 2026,KAP; 24 March 2026,S1,filing,filing-source,2,secondary,issuer,false,false,false,false,false,issuer; aggregator,none,,,secondary,issuer,false,false,false,2,false
20261007T040220867606Z-codex.web.MH01.r1-a1,web,multi_hop_document,MH01,1,1,fact,Power & Energy had the highest 2025 total sales.,Power & Energy,S1,filing,filing-source,1,filing,filing,false,false,true,true,false,issuer; forum; aggregator,none,,,filing,filing,true,true,false,1,false
20261007T040220867606Z-codex.web.MH01.r1-a1,web,multi_hop_document,MH01,1,2,fact,Power & Energy had segment profit of US$6.418 billion.,Power & Energy; US$6.418 billion,S1,filing,filing-source,2,filing,filing,false,false,true,true,false,issuer; forum; aggregator,none,,,filing,filing,true,true,false,1,false
20261007T040220867606Z-codex.web.MH01.r1-a1,web,multi_hop_document,MH01,1,3,fact,Power & Energy segment profit was equal to 19.9% of total sales.,Power & Energy; 19.9%,S1,filing,filing-source,2,filing,filing,false,false,true,true,false,issuer; forum; aggregator,none,,,filing,filing,true,true,false,1,false
20261007T040220867606Z-codex.web.MH01.r1-a1,web,multi_hop_document,MH01,1,4,fact,Construction Industries 2025 total sales (US$ billions): 25.060.,Construction Industries; 25.060,S2,filing,filing-source,2,filing,filing,false,false,true,true,false,issuer; aggregator; other,none,,,filing,filing,true,true,false,1,false
20261007T040220867606Z-codex.web.MH01.r1-a1,web,multi_hop_document,MH01,1,5,fact,Resource Industries 2025 total sales (US$ billions): 12.474.,Resource Industries; 12.474,S2,filing,filing-source,2,filing,filing,false,false,true,true,false,issuer; aggregator; other,none,,,filing,filing,true,true,false,1,false
20261007T040220867606Z-codex.web.MH01.r1-a1,web,multi_hop_document,MH01,1,6,fact,Power & Energy 2025 total sales (US$ billions): 32.201.,Power & Energy; 32.201,S2,filing,filing-source,2,filing,filing,false,false,true,true,false,issuer; forum; aggregator,none,,,filing,filing,true,true,false,1,false
20261007T040220867606Z-codex.web.MH01.r1-a1,web,multi_hop_document,MH01,1,7,fact,Total sales include intersegment sales.,,S2,filing,filing-source,0,filing,filing,true,false,false,false,false,,none,,,filing,filing,false,false,false,0,true
20261007T040220867859Z-codex.archivist.MH01.r1-a1,archivist,multi_hop_document,MH01,1,1,fact,"Power & Energy had the highest 2025 total sales, at US$32.201 billion.",Power & Energy; US$32.201 billion,S1,filing,mosaic-finance.com,2,filing,filing,false,false,true,false,false,,none,,,filing,filing,true,false,false,1,false
20261007T040220867859Z-codex.archivist.MH01.r1-a1,archivist,multi_hop_document,MH01,1,2,fact,Its 2025 segment profit was US$6.418 billion.,US$6.418 billion,S1,filing,mosaic-finance.com,1,filing,filing,false,false,true,false,false,,none,,,filing,filing,true,false,false,1,false
20261007T040220867859Z-codex.archivist.MH01.r1-a1,archivist,multi_hop_document,MH01,1,3,fact,Its 2025 segment profit was 19.9% of total sales.,19.9%,S1,filing,mosaic-finance.com,1,filing,filing,false,false,true,false,false,,none,,,filing,filing,true,false,false,1,false
20261007T040220867859Z-codex.archivist.MH01.r1-a1,archivist,multi_hop_document,MH01,1,4,fact,"2025 Form 10-K, filed February 13, 2026.","2025 Form 10-K; February 13, 2026",S1,filing,mosaic-finance.com,2,unattributed,,false,false,false,false,false,,none,,,unattributed,,false,false,false,2,false
20261007T040220867859Z-codex.archivist.MH01.r1-a1,archivist,multi_hop_document,MH01,1,5,fact,Construction Industries: 2025 total sales (US$ billions) 25.060.,Construction Industries; 25.060,S2,filing,mosaic-finance.com,2,filing,filing,false,false,true,false,false,,none,,,filing,filing,true,false,false,1,false
20261007T040220867859Z-codex.archivist.MH01.r1-a1,archivist,multi_hop_document,MH01,1,6,fact,Resource Industries: 2025 total sales (US$ billions) 12.474.,Resource Industries; 12.474,S2,filing,mosaic-finance.com,2,filing,filing,false,false,true,false,false,,none,,,filing,filing,true,false,false,1,false
20261007T040220867859Z-codex.archivist.MH01.r1-a1,archivist,multi_hop_document,MH01,1,7,fact,Power & Energy: 2025 total sales (US$ billions) 32.201.,Power & Energy; 32.201,S2,filing,mosaic-finance.com,2,filing,filing,false,false,true,false,false,,none,,,filing,filing,true,false,false,1,false
20261007T040220867859Z-codex.archivist.MH01.r1-a1,archivist,multi_hop_document,MH01,1,8,fact,Total sales include intersegment sales.,,S2,filing,mosaic-finance.com,0,filing,filing,true,false,false,false,false,,none,,,filing,filing,false,false,false,0,true
20261007T040242488695Z-codex.both.MH01.r1-a1,both,multi_hop_document,MH01,1,1,fact,Power & Energy had the highest 2025 total sales: US$32.201 billion.,Power & Energy; US$32.201 billion,S1,filing,filing-source,2,filing,filing,false,false,true,true,false,issuer; forum; aggregator; other,none,,,filing,filing,true,true,false,1,false
20261007T040242488695Z-codex.both.MH01.r1-a1,both,multi_hop_document,MH01,1,2,fact,Its 2025 segment profit was US$6.418 billion.,US$6.418 billion,S1,filing,filing-source,1,filing,filing,false,false,true,true,false,issuer; aggregator; reference; other,none,,,filing,filing,true,true,false,1,false
20261007T040242488695Z-codex.both.MH01.r1-a1,both,multi_hop_document,MH01,1,3,fact,Its 2025 segment profit was 19.9% of total sales.,19.9%,S1,filing,filing-source,1,filing,filing,false,false,true,true,false,issuer; aggregator; reference; other,none,,,filing,filing,true,true,false,1,false
20261007T040242488695Z-codex.both.MH01.r1-a1,both,multi_hop_document,MH01,1,4,fact,Construction Industries | 2025 total sales (US$ billions) | 25.060,Construction Industries; US$ billions; 25.060,S1,filing,filing-source,3,secondary,issuer,false,false,false,false,false,issuer; forum; aggregator; other,none,,,filing,filing,true,true,false,1,false
20261007T040242488695Z-codex.both.MH01.r1-a1,both,multi_hop_document,MH01,1,5,fact,Resource Industries | 2025 total sales (US$ billions) | 12.474,Resource Industries; US$ billions; 12.474,S1,filing,filing-source,3,secondary,issuer,false,false,false,false,false,issuer; aggregator; other,none,,,filing,filing,true,true,false,1,false
20261007T040242488695Z-codex.both.MH01.r1-a1,both,multi_hop_document,MH01,1,6,fact,Power & Energy | 2025 total sales (US$ billions) | 32.201,Power & Energy; US$ billions; 32.201,S1,filing,filing-source,3,secondary,issuer,false,false,false,false,false,issuer; forum; aggregator; other,none,,,filing,filing,true,true,false,1,false
20261007T040242488695Z-codex.both.MH01.r1-a1,both,multi_hop_document,MH01,1,7,fact,"Source: Caterpillar’s FY2025 Form 10-K, pp. 34–35",Caterpillar; FY2025 Form 10-K; 34–35,S1,filing,filing-source,4,secondary,issuer,false,false,false,false,false,issuer; forum; aggregator; reference,none,,,filing,filing,true,false,false,2,false
20261007T040242488695Z-codex.both.MH01.r1-a1,both,multi_hop_document,MH01,1,8,fact,"Caterpillar’s FY2025 Form 10-K, filed February 13, 2026.","Caterpillar; FY2025 Form 10-K; February 13, 2026",S2,filing,filing-source,3,secondary,issuer,false,false,false,false,false,issuer; forum; aggregator; reference,none,,,secondary,issuer,false,false,false,3,false
20261007T040242883747Z-codex.web.MH02.r1-a1,web,multi_hop_document,MH02,1,1,fact,F-35 sales share: 27% of total consolidated sales in fiscal 2025.,F-35; 27%; fiscal 2025,S1,filing,filing-source,2,filing,filing,false,false,true,true,false,issuer; forum; aggregator; reference,none,,,filing,filing,true,true,false,1,false
20261007T040242883747Z-codex.web.MH02.r1-a1,web,multi_hop_document,MH02,1,2,fact,F-35 sales share: 67% of Aeronautics segment sales in fiscal 2025.,F-35; 67%; Aeronautics; fiscal 2025,S1,filing,filing-source,3,filing,filing,false,false,true,true,false,issuer; forum; aggregator; reference,none,,,filing,filing,true,true,false,1,false
20261007T040242883747Z-codex.web.MH02.r1-a1,web,multi_hop_document,MH02,1,3,fact,"Aeronautics results: sales of US$30,257 million in fiscal 2025.","Aeronautics; US$30,257 million; fiscal 2025",S2,issuer,investors.lockheedmartin.com,2,filing,filing,false,true,true,true,false,issuer; forum; aggregator; reference,none,,,filing,filing,true,true,false,1,false
20261007T040242883747Z-codex.web.MH02.r1-a1,web,multi_hop_document,MH02,1,4,fact,"Aeronautics results: operating profit of US$2,086 million in fiscal 2025.","Aeronautics; US$2,086 million; fiscal 2025",S2,issuer,investors.lockheedmartin.com,2,secondary,issuer,false,true,false,true,false,issuer; forum; aggregator; reference,none,,,secondary,issuer,false,true,false,1,false
20261007T040242883747Z-codex.web.MH02.r1-a1,web,multi_hop_document,MH02,1,5,fact,"Applying the disclosed share implies F-35 sales of 67% × $30,257 million ≈ $20,272 million, or about US$20.3 billion.","F-35; 67%; $30,257 million; $20,272 million; US$20.3 billion",,,,5,filing,filing,false,false,true,false,false,issuer; forum; aggregator; reference,none,,,filing,filing,true,false,false,4,false
20261007T040242883747Z-codex.web.MH02.r1-a1,web,multi_hop_document,MH02,1,6,fact,This is an estimate because the reported percentage is rounded.,,,,,0,unattributed,,true,false,false,false,false,,none,,,unattributed,,false,false,false,0,true
20261007T040259578056Z-codex.archivist.MH02.r1-a1,archivist,multi_hop_document,MH02,1,1,fact,"LMT’s fiscal 2025 Form 10-K, filed January 29, 2026","LMT; fiscal 2025; Form 10-K; January 29, 2026",,,,3,unattributed,,false,false,false,false,false,,none,,,unattributed,,false,false,false,3,false
20261007T040259578056Z-codex.archivist.MH02.r1-a1,archivist,multi_hop_document,MH02,1,2,fact,F-35 sales share: 27% of total consolidated sales,F-35; 27%,S1,filing,mosaic-finance.com,2,filing,filing,false,false,true,false,false,,none,,,filing,filing,true,false,false,1,false
20261007T040259578056Z-codex.archivist.MH02.r1-a1,archivist,multi_hop_document,MH02,1,3,fact,F-35 sales share: 67% of Aeronautics segment sales.,F-35; 67%; Aeronautics,S1,filing,mosaic-finance.com,3,filing,filing,false,false,true,false,false,,none,,,filing,filing,true,false,false,1,false
20261007T040259578056Z-codex.archivist.MH02.r1-a1,archivist,multi_hop_document,MH02,1,4,fact,"Aeronautics 2025 results: sales of US$30,257 million","Aeronautics; US$30,257 million",S2,filing,mosaic-finance.com,2,filing,filing,false,false,true,false,false,,none,,,filing,filing,true,false,false,1,false
20261007T040259578056Z-codex.archivist.MH02.r1-a1,archivist,multi_hop_document,MH02,1,5,fact,"Aeronautics 2025 results: operating profit of US$2,086 million.","Aeronautics; US$2,086 million",S2,filing,mosaic-finance.com,2,unattributed,,false,false,false,false,false,,none,,,unattributed,,false,false,false,1,false
20261007T040259578056Z-codex.archivist.MH02.r1-a1,archivist,multi_hop_document,MH02,1,6,fact,"Implied F-35 sales: 67% × US$30,257 million ≈ US$20,272 million (US$20.3 billion).","F-35; 67%; US$30,257 million; US$20,272 million; US$20.3 billion",,,,5,unattributed,,false,false,false,false,false,,none,,,unattributed,,false,false,false,4,false
20261007T040259578056Z-codex.archivist.MH02.r1-a1,archivist,multi_hop_document,MH02,1,7,evaluative,This is an estimate because the reported percentage is rounded.,,,,,,,,,,,,,,none,This is an estimate,true,,,,,,,
20261007T040259578056Z-codex.archivist.MH02.r1-a1,archivist,multi_hop_document,MH02,1,8,fact,the reported percentage is rounded.,,,,,0,unattributed,,true,false,false,false,false,,none,,,unattributed,,false,false,false,0,true
20261007T040305595806Z-codex.both.MH02.r1-a1,both,multi_hop_document,MH02,1,1,fact,"LMT’s fiscal 2025 Form 10-K, filed January 29, 2026","LMT; fiscal 2025; Form 10-K; January 29, 2026",,,,3,secondary,issuer,false,false,false,true,false,issuer; forum; aggregator; reference,none,,,secondary,issuer,false,true,false,3,false
20261007T040305595806Z-codex.both.MH02.r1-a1,both,multi_hop_document,MH02,1,2,fact,The F-35 generated 27% of total consolidated sales and 67% of Aeronautics sales.,F-35; 27%; 67%; Aeronautics,S1,filing,filing-source,4,filing,filing,false,false,true,true,false,issuer; forum; aggregator; reference,none,,,filing,filing,true,true,false,2,false
20261007T040305595806Z-codex.both.MH02.r1-a1,both,multi_hop_document,MH02,1,3,fact,"Aeronautics’ 2025 sales were US$30,257 million, and operating profit was US$2,086 million.","Aeronautics; US$30,257 million; US$2,086 million",S1,filing,filing-source,3,filing,filing,false,false,true,false,false,issuer; forum; aggregator; reference,none,,,filing,filing,true,false,false,2,false
20261007T040305595806Z-codex.both.MH02.r1-a1,both,multi_hop_document,MH02,1,4,fact,"Implied F-35 sales: 67% × US$30,257 million ≈ US$20,272 million, or US$20.3 billion.","F-35; 67%; US$30,257 million; US$20,272 million; US$20.3 billion",,,,5,filing,filing,false,false,true,false,false,issuer; forum; aggregator; reference,none,,,filing,filing,true,false,false,4,false
20261007T040305595806Z-codex.both.MH02.r1-a1,both,multi_hop_document,MH02,1,5,fact,This is approximate because the disclosed percentage is rounded.,,,,,0,unattributed,,true,false,false,false,false,,none,,,unattributed,,false,false,false,0,true
20261007T040324690791Z-codex.web.MH03.r1-a1,web,multi_hop_document,MH03,1,1,fact,"2025 Eliquis worldwide revenues: US$7,961 million","Eliquis; US$7,961 million",S1,issuer,s206.q4cdn.com,2,filing,filing,false,true,true,true,false,issuer; forum; aggregator; reference; other,none,,,filing,filing,true,true,false,1,false
20261007T040324690791Z-codex.web.MH03.r1-a1,web,multi_hop_document,MH03,1,2,fact,"Pfizer’s US$62,579 million total revenues","Pfizer; US$62,579 million",S1,issuer,s206.q4cdn.com,2,secondary,issuer,false,true,false,true,false,issuer; forum; aggregator; reference; other,none,,,secondary,issuer,false,true,false,1,false
20261007T040324690791Z-codex.web.MH03.r1-a1,web,multi_hop_document,MH03,1,3,fact,"representing 12.72% of Pfizer’s US$62,579 million total revenues (approximately 13%)","12.72%; Pfizer; US$62,579 million; 13%",S1,issuer,s206.q4cdn.com,4,secondary,issuer,false,true,false,false,false,issuer; forum; aggregator; reference; other,none,,,secondary,issuer,false,false,false,3,false
20261007T040324690791Z-codex.web.MH03.r1-a1,web,multi_hop_document,MH03,1,4,fact,"Permitted U.S. generic launch under the settlements: April 1, 2028.","U.S.; April 1, 2028",S2,issuer,s206.q4cdn.com,2,filing,filing,false,true,true,true,false,issuer; forum; aggregator,none,,,filing,filing,true,true,false,2,false
20261007T040324690791Z-codex.web.MH03.r1-a1,web,multi_hop_document,MH03,1,5,fact,The Eliquis formulation patent expires in 2031.,Eliquis; formulation patent expires in 2031,S2,issuer,s206.q4cdn.com,2,secondary,issuer,false,true,false,false,false,issuer; forum; aggregator; reference,none,,,secondary,issuer,false,false,false,2,false
20261007T040324690791Z-codex.web.MH03.r1-a1,web,multi_hop_document,MH03,1,6,fact,The filing notes that successful future patent challenges could permit earlier launches.,,S2,issuer,s206.q4cdn.com,0,secondary,issuer,true,true,false,false,false,,none,,,secondary,issuer,false,false,false,0,true
20261007T040331062578Z-codex.archivist.MH03.r1-a1,archivist,multi_hop_document,MH03,1,1,fact,"Pfizer’s fiscal 2025 Form 10-K, filed February 26, 2026","Pfizer; fiscal 2025 Form 10-K; February 26, 2026",,,,3,unattributed,,false,false,false,false,false,,none,,,unattributed,,false,false,false,3,false
20261007T040331062578Z-codex.archivist.MH03.r1-a1,archivist,multi_hop_document,MH03,1,2,fact,"Eliquis worldwide revenues: US$7,961 million in 2025.","Eliquis; US$7,961 million",S1,filing,mosaic-finance.com,2,filing,filing,false,false,true,false,false,,none,,,filing,filing,true,false,false,1,false
20261007T040331062578Z-codex.archivist.MH03.r1-a1,archivist,multi_hop_document,MH03,1,3,fact,"Share of Pfizer’s total 2025 revenues: 13%, as stated in the filing.",Pfizer; 13%,S2,filing,mosaic-finance.com,2,filing,filing,false,false,true,false,false,,none,,,filing,filing,true,false,false,1,false
20261007T040331062578Z-codex.archivist.MH03.r1-a1,archivist,multi_hop_document,MH03,1,4,fact,"Settled generic companies’ permitted U.S. launch date: April 1, 2028","U.S.; April 1, 2028",S3,filing,mosaic-finance.com,2,filing,filing,false,false,true,false,false,,none,,,filing,filing,true,false,false,2,false
20261007T040331062578Z-codex.archivist.MH03.r1-a1,archivist,multi_hop_document,MH03,1,5,fact,formulation patent expiration: 2031.,,S3,filing,mosaic-finance.com,0,filing,filing,true,false,false,false,false,,none,,,filing,filing,false,false,false,0,true
20261007T040331062578Z-codex.archivist.MH03.r1-a1,archivist,multi_hop_document,MH03,1,6,fact,The filing also describes potential earlier launch if future patent challenges succeed.,,S3,filing,mosaic-finance.com,0,filing,filing,true,false,false,false,false,,none,,,filing,filing,false,false,false,0,true
20261007T040347506169Z-codex.both.MH03.r1-a1,both,multi_hop_document,MH03,1,1,fact,"Eliquis worldwide revenues in 2025: US$7,961 million","Eliquis; US$7,961 million",S1,issuer,s206.q4cdn.com,2,filing,filing,false,true,true,true,false,issuer; forum; aggregator; reference; other,none,,,filing,filing,true,true,false,1,false
20261007T040347506169Z-codex.both.MH03.r1-a1,both,multi_hop_document,MH03,1,2,fact,"representing 13% of Pfizer’s total 2025 revenues, as reported.",13%; Pfizer,S1,issuer,s206.q4cdn.com,2,filing,filing,false,true,true,true,false,issuer; forum; aggregator; reference; other,none,,,filing,filing,true,true,false,1,false
20261007T040347506169Z-codex.both.MH03.r1-a1,both,multi_hop_document,MH03,1,3,fact,"Settled generic companies’ permitted U.S. launch date: April 1, 2028.","U.S.; April 1, 2028",S2,issuer,s206.q4cdn.com,2,filing,filing,false,true,true,true,false,issuer; forum,none,,,filing,filing,true,true,false,2,false
20261007T040347506169Z-codex.both.MH03.r1-a1,both,multi_hop_document,MH03,1,4,fact,Eliquis formulation patent expiration: 2031.,Eliquis,S2,issuer,s206.q4cdn.com,1,filing,filing,false,true,true,true,false,issuer; forum; aggregator; reference,none,,,filing,filing,true,true,false,1,false
20261007T040347506169Z-codex.both.MH03.r1-a1,both,multi_hop_document,MH03,1,5,fact,The filing notes that future successful patent challenges could permit earlier launches.,,S2,issuer,s206.q4cdn.com,0,secondary,issuer,true,true,false,false,false,,none,,,secondary,issuer,false,false,false,0,true
20261007T040401893356Z-codex.web.MH04.r1-a1,web,multi_hop_document,MH04,1,1,fact,"Consolidated revenue (Hasılat) was 955,472 million Turkish lira for 2025.","955,472; Turkish lira",S1,filing,filing-source,2,filing,filing,false,false,true,true,false,aggregator; reference; other,none,,,filing,filing,true,true,false,1,false
20261007T040401893356Z-codex.web.MH04.r1-a1,web,multi_hop_document,MH04,1,2,fact,"Consolidated operating profit (Esas Faaliyet Karı) was 90,129 million Turkish lira for 2025.","90,129; Turkish lira",S1,filing,filing-source,2,filing,filing,false,false,true,true,false,aggregator; reference; other,none,,,filing,filing,true,true,false,1,false
20261007T040401893356Z-codex.web.MH04.r1-a1,web,multi_hop_document,MH04,1,3,fact,"Technic (Teknik) total segment revenue was 107,220 million Turkish lira for 2025.","Technic; Teknik; 107,220; Turkish lira",S2,aggregator,storage.fintables.com,4,secondary,forum,false,true,false,false,false,forum; aggregator; reference; other,none,,,secondary,aggregator,false,true,false,1,false
20261007T040401893356Z-codex.web.MH04.r1-a1,web,multi_hop_document,MH04,1,4,fact,"Technic operating profit was 13,928 million Turkish lira for 2025.","Technic; 13,928; Turkish lira",S2,aggregator,storage.fintables.com,3,secondary,aggregator,false,true,false,false,false,aggregator; reference; other,none,,,secondary,aggregator,false,true,false,1,false
20261007T040401893356Z-codex.web.MH04.r1-a1,web,multi_hop_document,MH04,1,5,fact,"KAP financial report filed 4 March 2026, p. 14.",KAP; 4 March 2026; 14,S1,filing,filing-source,3,secondary,forum,false,false,false,false,false,forum; aggregator; other,none,,,filing,filing,true,true,false,1,false
20261007T040401893356Z-codex.web.MH04.r1-a1,web,multi_hop_document,MH04,1,6,fact,Technic’s total revenue includes intersegment revenue.,Technic,,,,1,filing,filing,false,false,true,false,false,,none,,,filing,filing,true,false,false,1,false
20261007T040401893356Z-codex.web.MH04.r1-a1,web,multi_hop_document,MH04,1,7,fact,"Technic contributed 15.45% of consolidated operating profit: 13,928 ÷ 90,129 × 100.","Technic; 15.45%; 13,928; 90,129; 100",,,,4,secondary,aggregator,false,false,false,false,false,aggregator; other,none,,,secondary,aggregator,false,true,false,3,false
20261007T040408749689Z-codex.archivist.MH04.r1-a1,archivist,multi_hop_document,MH04,1,1,fact,"For the year ended 31 December 2025, consolidated Revenue (Hasılat) was 955,472 millions of Turkish lira.","31 December 2025; 955,472; Turkish lira",S1,filing,mosaic-finance.com,3,unattributed,,false,false,false,false,false,,none,,,filing,filing,true,false,false,1,false
20261007T040408749689Z-codex.archivist.MH04.r1-a1,archivist,multi_hop_document,MH04,1,2,fact,"For the year ended 31 December 2025, consolidated Operating profit (Esas Faaliyet Karı) was 90,129 millions of Turkish lira.","31 December 2025; 90,129; Turkish lira",S1,filing,mosaic-finance.com,3,unattributed,,false,false,false,false,false,,none,,,filing,filing,true,false,false,1,false
20261007T040408749689Z-codex.archivist.MH04.r1-a1,archivist,multi_hop_document,MH04,1,3,fact,"For the year ended 31 December 2025, Technic (Teknik) segment Revenue (Hasılat) was 107,220 millions of Turkish lira.","31 December 2025; Technic (Teknik); 107,220; Turkish lira",S2,filing,mosaic-finance.com,4,unattributed,,false,false,false,false,false,,none,,,filing,filing,true,false,false,1,false
20261007T040408749689Z-codex.archivist.MH04.r1-a1,archivist,multi_hop_document,MH04,1,4,fact,"For the year ended 31 December 2025, Technic (Teknik) segment Operating profit (Esas Faaliyet Karı) was 13,928 millions of Turkish lira.","31 December 2025; Technic (Teknik); 13,928; Turkish lira",S2,filing,mosaic-finance.com,4,unattributed,,false,false,false,false,false,,none,,,filing,filing,true,false,false,1,false
20261007T040408749689Z-codex.archivist.MH04.r1-a1,archivist,multi_hop_document,MH04,1,5,fact,"THYAO’s KAP Finansal Rapor filed 4 March 2026, consolidated income statement and Note 4.2, segment results.",THYAO; KAP Finansal Rapor; 4 March 2026; Note 4.2,S1; S2,filing,mosaic-finance.com,4,unattributed,,false,false,false,false,false,,none,,,unattributed,,false,false,false,4,false
20261007T040408749689Z-codex.archivist.MH04.r1-a1,archivist,multi_hop_document,MH04,1,6,fact,"Technic’s total revenue includes 26,857 external revenue plus 80,363 intersegment revenue.","Technic; 26,857; 80,363",,,,3,unattributed,,false,false,false,false,false,,none,,,filing,filing,true,false,false,2,false
20261007T040408749689Z-codex.archivist.MH04.r1-a1,archivist,multi_hop_document,MH04,1,7,fact,"Technic contributed 15.45% of consolidated operating profit: 13,928 ÷ 90,129 × 100.","Technic; 15.45%; 13,928; 90,129; 100",,,,4,unattributed,,false,false,false,false,false,,none,,,unattributed,,false,false,false,3,false
20261007T040443324146Z-codex.both.MH04.r1-a1,both,multi_hop_document,MH04,1,1,fact,"For 2025, consolidated Revenue (Hasılat) was 955,472 million Turkish lira.","955,472; Turkish lira",S1,filing,mosaic-finance.com,2,secondary,aggregator,false,false,false,false,false,aggregator,none,,,filing,filing,true,true,true,1,false
20261007T040443324146Z-codex.both.MH04.r1-a1,both,multi_hop_document,MH04,1,2,fact,"For 2025, consolidated Operating profit (Esas Faaliyet Karı) was 90,129 million Turkish lira.","90,129; Turkish lira",S1,filing,mosaic-finance.com,2,unattributed,,false,false,false,false,false,,none,,,filing,filing,true,false,false,1,false
20261007T040443324146Z-codex.both.MH04.r1-a1,both,multi_hop_document,MH04,1,3,fact,"For 2025, Technic (Teknik) Revenue (Hasılat) was 107,220 million Turkish lira.","Technic; Teknik; 107,220; Turkish lira",S2,filing,mosaic-finance.com,4,secondary,forum,false,false,false,false,false,forum; promotional; aggregator,none,,,filing,filing,true,false,false,1,false
20261007T040443324146Z-codex.both.MH04.r1-a1,both,multi_hop_document,MH04,1,4,fact,"For 2025, Technic (Teknik) Operating profit (Esas Faaliyet Karı) was 13,928 million Turkish lira.","Technic; Teknik; 13,928; Turkish lira",S2,filing,mosaic-finance.com,4,secondary,forum,false,false,false,false,false,forum; promotional; aggregator,none,,,filing,filing,true,false,false,1,false
20261007T040443324146Z-codex.both.MH04.r1-a1,both,multi_hop_document,MH04,1,5,fact,"KAP filing 1565996, filed 4 March 2026.",KAP; 1565996; 4 March 2026,S1; S2,filing,mosaic-finance.com,3,secondary,forum,false,false,false,false,false,forum; promotional; aggregator; other,none,,,filing,filing,true,true,true,1,false
20261007T040443324146Z-codex.both.MH04.r1-a1,both,multi_hop_document,MH04,1,6,fact,"Technic’s total revenue includes 26,857 external revenue plus 80,363 intersegment revenue.","Technic; 26,857; 80,363",S2,filing,mosaic-finance.com,3,unattributed,,false,false,false,false,false,,none,,,filing,filing,true,false,false,2,false
20261007T040443324146Z-codex.both.MH04.r1-a1,both,multi_hop_document,MH04,1,7,fact,"Its share of consolidated operating profit was 15.45%, calculated as 13,928 ÷ 90,129 × 100.","15.45%; 13,928; 90,129; 100",S2,filing,mosaic-finance.com,3,unattributed,,false,false,false,false,false,,none,,,unattributed,,false,false,false,3,false
20261007T040447139536Z-codex.web.MH05.r1-a1,web,multi_hop_document,MH05,1,1,fact,"Largest: Detour Lake, accounting for 20.09% of Agnico Eagle’s 2025 gold production.",Detour Lake; 20.09%; Agnico Eagle,S1,issuer,s205.q4cdn.com,3,filing,filing,false,true,true,false,false,issuer; forum; aggregator; reference,none,,,filing,filing,true,false,false,1,false
20261007T040447139536Z-codex.web.MH05.r1-a1,web,multi_hop_document,MH05,1,2,fact,"Second: Canadian Malartic, at 18.64%.",Canadian Malartic; 18.64%,S1,issuer,s205.q4cdn.com,2,filing,filing,false,true,true,false,false,issuer,none,,,filing,filing,true,false,false,1,false
20261007T040447139536Z-codex.web.MH05.r1-a1,web,multi_hop_document,MH05,1,3,fact,"Detour Lake’s proven and probable mineral reserves at December 31, 2025: approximately 18.6 million ounces of gold, in 798.1 million tonnes of ore, grading 0.72 grams of gold per tonne.","Detour Lake; December 31, 2025; 18.6 million ounces of gold; 798.1 million tonnes of ore; 0.72 grams of gold per tonne",S2,filing,filing-source,5,filing,filing,false,false,true,false,false,issuer; aggregator,none,,,filing,filing,true,false,false,5,false
20261007T040508091544Z-codex.archivist.MH05.r1-a1,archivist,multi_hop_document,MH05,1,1,fact,"Agnico Eagle’s 2025 Annual Information Form, filed March 19, 2026","Agnico Eagle; 2025 Annual Information Form; March 19, 2026",,,,3,unattributed,,false,false,false,false,false,,none,,,unattributed,,false,false,false,3,false
20261007T040508091544Z-codex.archivist.MH05.r1-a1,archivist,multi_hop_document,MH05,1,2,fact,"Detour Lake ranked first, accounting for 20.09% of the company’s 2025 gold production",Detour Lake; first; 20.09%; 2025 gold production,S1,filing,mosaic-finance.com,4,unattributed,,false,false,false,false,false,,none,,,filing,filing,true,false,false,1,false
20261007T040508091544Z-codex.archivist.MH05.r1-a1,archivist,multi_hop_document,MH05,1,3,fact,Canadian Malartic ranked second at 18.64%,Canadian Malartic; second; 18.64%,S1,filing,mosaic-finance.com,3,unattributed,,false,false,false,false,false,,none,,,filing,filing,true,false,false,1,false
20261007T040508091544Z-codex.archivist.MH05.r1-a1,archivist,multi_hop_document,MH05,1,4,fact,"At December 31, 2025, Detour Lake’s combined proven and probable mineral reserves (open-pit only) contained 18,575,000 ounces of gold in 798,061,000 tonnes of ore, at an average grade of 0.72 grams of gold per tonne.","December 31, 2025; Detour Lake; 18,575,000 ounces of gold; 798,061,000 tonnes of ore; 0.72 grams of gold per tonne",S2,filing,mosaic-finance.com,5,unattributed,,false,false,false,false,false,,none,,,unattributed,,false,false,false,5,false
20261007T040523424479Z-codex.both.MH05.r1-a1,both,multi_hop_document,MH05,1,1,fact,"Detour Lake ranked first, accounting for 20.09% of Agnico Eagle’s 2025 gold production.",Detour Lake; 20.09%; Agnico Eagle,S1,issuer,s205.q4cdn.com,3,filing,filing,false,true,true,false,false,issuer; forum; aggregator; reference,none,,,filing,filing,true,false,false,1,false
20261007T040523424479Z-codex.both.MH05.r1-a1,both,multi_hop_document,MH05,1,2,fact,Canadian Malartic was second at 18.64%.,Canadian Malartic; 18.64%,S1,issuer,s205.q4cdn.com,2,filing,filing,false,true,true,false,false,issuer,none,,,filing,filing,true,false,false,1,false
20261007T040523424479Z-codex.both.MH05.r1-a1,both,multi_hop_document,MH05,1,3,fact,"At December 31, 2025, Detour Lake’s combined proven and probable mineral reserves (open-pit only) were 18,575,000 ounces of gold, contained in 798,061,000 tonnes of ore at an average grade of 0.72 grams of gold per tonne.","December 31, 2025; Detour Lake; 18,575,000 ounces of gold; 798,061,000 tonnes of ore; 0.72 grams of gold per tonne",S2,issuer,s205.q4cdn.com,5,secondary,issuer,false,true,false,false,false,issuer; aggregator,none,,,secondary,issuer,false,false,false,5,false
20261007T040533657494Z-codex.web.MH01.r2-a1,web,multi_hop_document,MH01,2,1,fact,Power & Energy had the highest 2025 total sales: US$32.201 billion.,Power & Energy; US$32.201 billion,S1,filing,filing-source,2,filing,filing,false,false,true,true,false,issuer; forum; aggregator,none,,,filing,filing,true,true,false,1,false
20261007T040533657494Z-codex.web.MH01.r2-a1,web,multi_hop_document,MH01,2,2,fact,Its 2025 segment profit was US$6.418 billion.,US$6.418 billion,S1,filing,filing-source,1,filing,filing,false,false,true,true,false,issuer; aggregator,none,,,filing,filing,true,true,false,1,false
20261007T040533657494Z-codex.web.MH01.r2-a1,web,multi_hop_document,MH01,2,3,fact,Its 2025 segment profit was 19.9% of total sales.,19.9%,S1,filing,filing-source,1,filing,filing,false,false,true,true,false,issuer; aggregator,none,,,filing,filing,true,true,false,1,false
20261007T040533657494Z-codex.web.MH01.r2-a1,web,multi_hop_document,MH01,2,4,fact,Construction Industries: 2025 total sales (US$ billions) 25.060.,Construction Industries; 25.060,S1,filing,filing-source,2,filing,filing,false,false,true,true,false,issuer; promotional; aggregator; reference; other,none,,,filing,filing,true,true,false,1,false
20261007T040533657494Z-codex.web.MH01.r2-a1,web,multi_hop_document,MH01,2,5,fact,Resource Industries: 2025 total sales (US$ billions) 12.474.,Resource Industries; 12.474,S1,filing,filing-source,2,filing,filing,false,false,true,true,false,issuer; forum; promotional; aggregator; other,none,,,filing,filing,true,true,false,1,false
20261007T040533657494Z-codex.web.MH01.r2-a1,web,multi_hop_document,MH01,2,6,fact,Power & Energy: 2025 total sales (US$ billions) 32.201.,Power & Energy; 32.201,S1,filing,filing-source,2,filing,filing,false,false,true,true,false,issuer; forum; aggregator,none,,,filing,filing,true,true,false,1,false
20261007T040540343520Z-codex.archivist.MH01.r2-a1,archivist,multi_hop_document,MH01,2,1,fact,"Power & Energy had the highest 2025 total sales, at US$32.201 billion.",Power & Energy; US$32.201 billion,S1,filing,mosaic-finance.com,2,filing,filing,false,false,true,false,false,,none,,,filing,filing,true,false,false,1,false
20261007T040540343520Z-codex.archivist.MH01.r2-a1,archivist,multi_hop_document,MH01,2,2,fact,Its 2025 segment profit was US$6.418 billion.,US$6.418 billion,S1,filing,mosaic-finance.com,1,filing,filing,false,false,true,false,false,,none,,,filing,filing,true,false,false,1,false
20261007T040540343520Z-codex.archivist.MH01.r2-a1,archivist,multi_hop_document,MH01,2,3,fact,Its 2025 segment profit was 19.9% of total sales.,19.9%,S1,filing,mosaic-finance.com,1,filing,filing,false,false,true,false,false,,none,,,filing,filing,true,false,false,1,false
20261007T040540343520Z-codex.archivist.MH01.r2-a1,archivist,multi_hop_document,MH01,2,4,fact,"2025 Form 10-K, filed February 13, 2026","2025 Form 10-K; February 13, 2026",S1,filing,mosaic-finance.com,2,unattributed,,false,false,false,false,false,,none,,,unattributed,,false,false,false,2,false
20261007T040540343520Z-codex.archivist.MH01.r2-a1,archivist,multi_hop_document,MH01,2,5,fact,Construction Industries: 2025 total sales (US$ billions) — 25.060.,Construction Industries; 25.060,S2,filing,mosaic-finance.com,2,filing,filing,false,false,true,false,false,,none,,,filing,filing,true,false,false,1,false
20261007T040540343520Z-codex.archivist.MH01.r2-a1,archivist,multi_hop_document,MH01,2,6,fact,Resource Industries: 2025 total sales (US$ billions) — 12.474.,Resource Industries; 12.474,S2,filing,mosaic-finance.com,2,filing,filing,false,false,true,false,false,,none,,,filing,filing,true,false,false,1,false
20261007T040540343520Z-codex.archivist.MH01.r2-a1,archivist,multi_hop_document,MH01,2,7,fact,Power & Energy: 2025 total sales (US$ billions) — 32.201.,Power & Energy; 32.201,S2,filing,mosaic-finance.com,2,filing,filing,false,false,true,false,false,,none,,,filing,filing,true,false,false,1,false
20261007T040540343520Z-codex.archivist.MH01.r2-a1,archivist,multi_hop_document,MH01,2,8,fact,Total sales include external and intersegment sales.,,S2,filing,mosaic-finance.com,0,filing,filing,true,false,false,false,false,,none,,,filing,filing,false,false,false,0,true
20261007T040552840229Z-codex.both.MH01.r2-a1,both,multi_hop_document,MH01,2,1,fact,"Power & Energy had the highest 2025 total sales, at US$32.201 billion.",Power & Energy; US$32.201 billion,S1,filing,filing-source,2,filing,filing,false,false,true,true,false,issuer; forum; aggregator,none,,,filing,filing,true,true,false,1,false
20261007T040552840229Z-codex.both.MH01.r2-a1,both,multi_hop_document,MH01,2,2,fact,Its 2025 segment profit was US$6.418 billion.,Power & Energy; US$6.418 billion,S1,filing,filing-source,2,filing,filing,false,false,true,true,false,issuer; forum; aggregator,none,,,filing,filing,true,true,false,1,false
20261007T040552840229Z-codex.both.MH01.r2-a1,both,multi_hop_document,MH01,2,3,fact,19.9% of total sales,Power & Energy; 19.9%,S1,filing,filing-source,2,filing,filing,false,false,true,true,false,issuer; forum; aggregator,none,,,filing,filing,true,true,false,1,false
20261007T040552840229Z-codex.both.MH01.r2-a1,both,multi_hop_document,MH01,2,4,fact,Construction Industries: 2025 total sales (US$ billions) of 25.060.,Construction Industries; 25.060,S1,filing,filing-source,2,filing,filing,false,false,true,true,false,issuer; forum; aggregator; other,none,,,filing,filing,true,true,false,1,false
20261007T040552840229Z-codex.both.MH01.r2-a1,both,multi_hop_document,MH01,2,5,fact,Resource Industries: 2025 total sales (US$ billions) of 12.474.,Resource Industries; 12.474,S1,filing,filing-source,2,filing,filing,false,false,true,true,false,issuer; aggregator; other,none,,,filing,filing,true,true,false,1,false
20261007T040552840229Z-codex.both.MH01.r2-a1,both,multi_hop_document,MH01,2,6,fact,Power & Energy: 2025 total sales (US$ billions) of 32.201.,Power & Energy; 32.201,S1,filing,filing-source,2,filing,filing,false,false,true,true,false,issuer; forum; aggregator,none,,,filing,filing,true,true,false,1,false
20261007T040552840229Z-codex.both.MH01.r2-a1,both,multi_hop_document,MH01,2,7,fact,"Caterpillar’s fiscal 2025 Form 10-K, filed February 13, 2026","Caterpillar; fiscal 2025 Form 10-K; February 13, 2026",S1,filing,filing-source,3,secondary,issuer,false,false,false,false,false,issuer; forum; aggregator; reference,none,,,secondary,issuer,false,false,false,3,false
20261007T040552840229Z-codex.both.MH01.r2-a1,both,multi_hop_document,MH01,2,8,fact,segment results in MD&A,MD&A,S1,filing,filing-source,1,unattributed,,false,false,false,false,false,,none,,,unattributed,,false,false,false,1,false
20261007T040552840229Z-codex.both.MH01.r2-a1,both,multi_hop_document,MH01,2,9,fact,Total sales include intersegment sales.,,S1,filing,filing-source,0,filing,filing,true,false,false,false,false,,none,,,filing,filing,false,false,false,0,true
20261007T040558204527Z-codex.web.MH02.r2-a1,web,multi_hop_document,MH02,2,1,fact,LMT’s fiscal 2025 Form 10-K reports that the F-35 generated 27% of consolidated sales.,LMT; fiscal 2025 Form 10-K; F-35; 27%,S1,filing,filing-source,4,secondary,issuer,false,false,false,false,false,issuer; forum; aggregator; reference,none,,,filing,filing,true,true,false,1,false
20261007T040558204527Z-codex.web.MH02.r2-a1,web,multi_hop_document,MH02,2,2,fact,LMT’s fiscal 2025 Form 10-K reports that the F-35 generated 67% of Aeronautics sales.,LMT; fiscal 2025 Form 10-K; F-35; 67%; Aeronautics,S1,filing,filing-source,5,secondary,issuer,false,false,false,false,false,issuer; forum; aggregator; reference,none,,,filing,filing,true,true,false,1,false
20261007T040558204527Z-codex.web.MH02.r2-a1,web,multi_hop_document,MH02,2,3,fact,"Aeronautics’ 2025 sales were US$30,257 million.","Aeronautics; US$30,257 million",S1,filing,filing-source,2,filing,filing,false,false,true,true,false,issuer; forum; reference,none,,,filing,filing,true,true,false,1,false
20261007T040558204527Z-codex.web.MH02.r2-a1,web,multi_hop_document,MH02,2,4,fact,"Operating profit was US$2,086 million.","US$2,086 million",S1,filing,filing-source,1,filing,filing,false,false,true,true,false,issuer,none,,,filing,filing,true,true,false,1,false
20261007T040558204527Z-codex.web.MH02.r2-a1,web,multi_hop_document,MH02,2,5,fact,"Implied F-35 sales were approximately US$20.3 billion: 67% × US$30,257 million = US$20,272 million.","F-35; US$20.3 billion; 67%; US$30,257 million; US$20,272 million",S1,filing,filing-source,5,filing,filing,false,false,true,false,false,issuer; forum; aggregator; reference,none,,,filing,filing,true,false,false,4,false
20261007T040558204527Z-codex.web.MH02.r2-a1,web,multi_hop_document,MH02,2,6,fact,"Cross-checking against consolidated sales gives 27% × US$75,048 million = US$20,263 million.","27%; US$75,048 million; US$20,263 million",S1,filing,filing-source,3,filing,filing,false,false,true,false,false,issuer; forum; reference,none,,,filing,filing,true,false,false,3,false
20261007T040558204527Z-codex.web.MH02.r2-a1,web,multi_hop_document,MH02,2,7,fact,The small difference reflects rounded percentages.,,S1,filing,filing-source,0,filing,filing,true,false,false,false,false,,none,,,filing,filing,false,false,false,0,true
20261007T040611427748Z-codex.archivist.MH02.r2-a1,archivist,multi_hop_document,MH02,2,1,fact,"LMT’s fiscal 2025 Form 10-K, filed January 29, 2026","LMT; fiscal 2025; Form 10-K; January 29, 2026",,,,3,unattributed,,false,false,false,false,false,,none,,,unattributed,,false,false,false,3,false
20261007T040611427748Z-codex.archivist.MH02.r2-a1,archivist,multi_hop_document,MH02,2,2,fact,F-35 sales share: 27% of total consolidated sales in 2025.,F-35; 27%,S1,filing,mosaic-finance.com,2,filing,filing,false,false,true,false,false,,none,,,filing,filing,true,false,false,1,false
20261007T040611427748Z-codex.archivist.MH02.r2-a1,archivist,multi_hop_document,MH02,2,3,fact,F-35 sales share: 67% of Aeronautics sales in 2025.,F-35; 67%; Aeronautics,S1,filing,mosaic-finance.com,3,filing,filing,false,false,true,false,false,,none,,,filing,filing,true,false,false,1,false
20261007T040611427748Z-codex.archivist.MH02.r2-a1,archivist,multi_hop_document,MH02,2,4,fact,"Aeronautics’ 2025 results: sales of US$30,257 million.","Aeronautics; US$30,257 million",S2,filing,mosaic-finance.com,2,filing,filing,false,false,true,false,false,,none,,,filing,filing,true,false,false,1,false
20261007T040611427748Z-codex.archivist.MH02.r2-a1,archivist,multi_hop_document,MH02,2,5,fact,"Aeronautics’ 2025 results: operating profit of US$2,086 million.","Aeronautics; US$2,086 million",S2,filing,mosaic-finance.com,2,unattributed,,false,false,false,false,false,,none,,,unattributed,,false,false,false,1,false
20261007T040611427748Z-codex.archivist.MH02.r2-a1,archivist,multi_hop_document,MH02,2,6,fact,"Implied F-35 sales: 67% × US$30,257 million ≈ US$20,272 million (US$20.3 billion).","F-35; 67%; US$30,257 million; US$20,272 million; US$20.3 billion",,,,5,unattributed,,false,false,false,false,false,,none,,,unattributed,,false,false,false,4,false
20261007T040611427748Z-codex.archivist.MH02.r2-a1,archivist,multi_hop_document,MH02,2,7,evaluative,This is an estimate because the reported percentage is rounded.,,,,,,,,,,,,,,none,an estimate,true,,,,,,,
20261007T040611427748Z-codex.archivist.MH02.r2-a1,archivist,multi_hop_document,MH02,2,8,fact,the reported percentage is rounded.,,,,,0,unattributed,,true,false,false,false,false,,none,,,unattributed,,false,false,false,0,true
20261007T040616250455Z-codex.both.MH02.r2-a1,both,multi_hop_document,MH02,2,1,fact,"LMT’s fiscal 2025 Form 10-K, filed January 29, 2026.","LMT; fiscal 2025 Form 10-K; January 29, 2026",,,,3,secondary,issuer,false,false,false,false,false,issuer; forum; aggregator; reference,none,,,secondary,issuer,false,false,false,3,false
20261007T040616250455Z-codex.both.MH02.r2-a1,both,multi_hop_document,MH02,2,2,fact,F-35 sales share: 27% of total consolidated sales.,F-35; 27%,S1,filing,filing-source,2,filing,filing,false,false,true,true,false,issuer; forum; aggregator; reference,none,,,filing,filing,true,true,false,1,false
20261007T040616250455Z-codex.both.MH02.r2-a1,both,multi_hop_document,MH02,2,3,fact,F-35 sales share: 67% of Aeronautics sales.,F-35; 67%; Aeronautics,S1,filing,filing-source,3,filing,filing,false,false,true,true,false,issuer; forum; aggregator; reference,none,,,filing,filing,true,true,false,1,false
20261007T040616250455Z-codex.both.MH02.r2-a1,both,multi_hop_document,MH02,2,4,fact,"Aeronautics results: sales of US$30,257 million.","Aeronautics; US$30,257 million",S1,filing,filing-source,2,filing,filing,false,false,true,true,false,issuer; forum; aggregator; reference,none,,,filing,filing,true,true,false,1,false
20261007T040616250455Z-codex.both.MH02.r2-a1,both,multi_hop_document,MH02,2,5,fact,"Aeronautics results: operating profit of US$2,086 million.","Aeronautics; US$2,086 million",S1,filing,filing-source,2,filing,filing,false,false,true,false,false,issuer; forum; aggregator; reference,none,,,filing,filing,true,false,false,1,false
20261007T040616250455Z-codex.both.MH02.r2-a1,both,multi_hop_document,MH02,2,6,fact,"Implied F-35 sales were approximately US$20.3 billion: 67% × $30,257 million = $20,272 million.","F-35; US$20.3 billion; 67%; $30,257 million; $20,272 million",S1,filing,filing-source,5,secondary,issuer,false,false,false,false,false,issuer; forum; aggregator; reference,none,,,secondary,issuer,false,false,false,4,false
20261007T040616250455Z-codex.both.MH02.r2-a1,both,multi_hop_document,MH02,2,7,fact,"The consolidated-sales calculation—27% × $75,048 million = $20,263 million.","27%; $75,048 million; $20,263 million",S1,filing,filing-source,3,secondary,issuer,false,false,false,false,false,issuer; forum; aggregator; reference,none,,,secondary,issuer,false,false,false,3,false
20261007T040616250455Z-codex.both.MH02.r2-a1,both,multi_hop_document,MH02,2,8,evaluative,"The consolidated-sales calculation—27% × $75,048 million = $20,263 million—agrees approximately.",,S1,filing,filing-source,,,,,,,,,,none,agrees approximately,true,,,,,,,
20261007T040616250455Z-codex.both.MH02.r2-a1,both,multi_hop_document,MH02,2,9,fact,The small difference reflects rounded percentages.,,S1,filing,filing-source,0,filing,filing,true,false,false,false,false,,none,,,filing,filing,false,false,false,0,true
20261007T040635246433Z-codex.web.MH03.r2-a1,web,multi_hop_document,MH03,2,1,fact,"2025 Eliquis worldwide revenues: US$7,961 million.","Eliquis; US$7,961 million",S1,filing,filing-source,2,filing,filing,false,false,true,true,false,issuer; forum; aggregator; news; reference; other,none,,,filing,filing,true,true,false,1,false
20261007T040635246433Z-codex.web.MH03.r2-a1,web,multi_hop_document,MH03,2,2,fact,Representing 13% of Pfizer’s total 2025 revenues.,13%; Pfizer,S1,filing,filing-source,2,filing,filing,false,false,true,true,false,issuer; forum; aggregator; news; reference; other,none,,,filing,filing,true,true,false,1,false
20261007T040635246433Z-codex.web.MH03.r2-a1,web,multi_hop_document,MH03,2,3,fact,"U.S. generic launch date for the settled companies: April 1, 2028, subject to the potential earlier-launch litigation outcomes described in the filing.","U.S.; April 1, 2028",S1,filing,filing-source,2,filing,filing,false,false,true,true,false,issuer; forum; aggregator; news; other,none,,,filing,filing,true,true,false,2,false
20261007T040635246433Z-codex.web.MH03.r2-a1,web,multi_hop_document,MH03,2,4,fact,Eliquis formulation patent expiration: 2031.,Eliquis,S1,filing,filing-source,1,filing,filing,false,false,true,true,false,issuer; forum; aggregator; news; reference,none,,,filing,filing,true,true,false,1,false
20261007T040637462781Z-codex.archivist.MH03.r2-a1,archivist,multi_hop_document,MH03,2,1,fact,"Pfizer’s fiscal 2025 Form 10-K, filed February 26, 2026","Pfizer; fiscal 2025; Form 10-K; February 26, 2026",,,,3,unattributed,,false,false,false,false,false,,none,,,unattributed,,false,false,false,3,false
20261007T040637462781Z-codex.archivist.MH03.r2-a1,archivist,multi_hop_document,MH03,2,2,fact,"Eliquis worldwide revenues: US$7,961 million in 2025.","Eliquis; US$7,961 million",S1,filing,mosaic-finance.com,2,unattributed,,false,false,false,false,false,,none,,,unattributed,,false,false,false,1,false
20261007T040637462781Z-codex.archivist.MH03.r2-a1,archivist,multi_hop_document,MH03,2,3,fact,"Share of Pfizer’s total 2025 revenues: 13%, as reported in the filing.",Pfizer; 13%,S2,filing,mosaic-finance.com,2,filing,filing,false,false,true,false,false,,none,,,filing,filing,true,false,false,1,false
20261007T040637462781Z-codex.archivist.MH03.r2-a1,archivist,multi_hop_document,MH03,2,4,fact,"Settled generic companies’ permitted U.S. launch date: April 1, 2028","U.S.; April 1, 2028",S3,filing,mosaic-finance.com,2,filing,filing,false,false,true,false,false,,none,,,filing,filing,true,false,false,2,false
20261007T040637462781Z-codex.archivist.MH03.r2-a1,archivist,multi_hop_document,MH03,2,5,fact,formulation patent expiration: 2031.,,S3,filing,mosaic-finance.com,0,filing,filing,true,false,false,false,false,,none,,,filing,filing,false,false,false,0,true
20261007T040637462781Z-codex.archivist.MH03.r2-a1,archivist,multi_hop_document,MH03,2,6,fact,The filing notes that future successful patent challenges could permit earlier launch.,,S3,filing,mosaic-finance.com,0,filing,filing,true,false,false,false,false,,none,,,filing,filing,false,false,false,0,true
20261007T040655948086Z-codex.both.MH03.r2-a1,both,multi_hop_document,MH03,2,1,fact,"2025 Eliquis worldwide revenues: US$7,961 million","Eliquis; US$7,961 million",S1,issuer,s206.q4cdn.com,2,secondary,issuer,false,true,false,true,false,issuer; aggregator; reference; other,none,,,secondary,issuer,false,true,false,1,false
20261007T040655948086Z-codex.both.MH03.r2-a1,both,multi_hop_document,MH03,2,2,fact,accounting for 13% of Pfizer’s total revenues as reported,13%; Pfizer,S1,issuer,s206.q4cdn.com,2,secondary,issuer,false,true,false,true,false,issuer; aggregator; reference,none,,,secondary,issuer,false,true,false,1,false
20261007T040655948086Z-codex.both.MH03.r2-a1,both,multi_hop_document,MH03,2,3,fact,"12.72% calculated from US$62,579 million","12.72%; US$62,579 million",S1,issuer,s206.q4cdn.com,2,secondary,issuer,false,true,false,false,false,issuer; other,none,,,secondary,issuer,false,false,false,2,false
20261007T040655948086Z-codex.both.MH03.r2-a1,both,multi_hop_document,MH03,2,4,fact,"U.S. generic launch date for settled companies: April 1, 2028, subject to potential earlier launch following successful patent challenges.","U.S.; April 1, 2028",S2,issuer,s206.q4cdn.com,2,filing,filing,false,true,true,true,false,issuer,none,,,filing,filing,true,true,false,2,false
20261007T040655948086Z-codex.both.MH03.r2-a1,both,multi_hop_document,MH03,2,5,fact,Eliquis formulation patent expiration: 2031.,Eliquis,S2,issuer,s206.q4cdn.com,1,filing,filing,false,true,true,true,false,issuer; aggregator; reference,none,,,filing,filing,true,true,false,1,false
20261007T040700333438Z-codex.web.MH04.r2-a1,web,multi_hop_document,MH04,2,1,fact,"Consolidated Revenue (Hasılat) for 2025 was 955,472 million Turkish lira.","955,472; Turkish lira",S1; S2,filing,filing-source,2,filing,filing,false,false,true,true,false,aggregator; news; reference,none,,,filing,filing,true,true,false,1,false
20261007T040700333438Z-codex.web.MH04.r2-a1,web,multi_hop_document,MH04,2,2,fact,"Technic (Teknik) Revenue (Hasılat) for 2025 was 107,220 million Turkish lira.","Technic; Teknik; 107,220; Turkish lira",S1; S2,filing,filing-source,4,filing,filing,false,false,true,true,false,forum; aggregator; news; reference; other,none,,,filing,filing,true,true,false,1,false
20261007T040700333438Z-codex.web.MH04.r2-a1,web,multi_hop_document,MH04,2,3,fact,"Consolidated Operating profit (Esas Faaliyet Karı) for 2025 was 90,129 million Turkish lira.","90,129; Turkish lira",S1; S2,filing,filing-source,2,filing,filing,false,false,true,true,false,aggregator; news; reference; other,none,,,filing,filing,true,true,false,1,false
20261007T040700333438Z-codex.web.MH04.r2-a1,web,multi_hop_document,MH04,2,4,fact,"Technic (Teknik) Operating profit (Esas Faaliyet Karı) for 2025 was 13,928 million Turkish lira.","Technic; Teknik; 13,928; Turkish lira",S1; S2,filing,filing-source,4,filing,filing,false,false,true,true,false,forum; aggregator; news; reference,none,,,filing,filing,true,true,false,1,false
20261007T040700333438Z-codex.web.MH04.r2-a1,web,multi_hop_document,MH04,2,5,fact,KAP financial report filed 4 March 2026.,KAP; 4 March 2026,S1,filing,filing-source,2,secondary,issuer,false,false,false,false,false,issuer; forum; aggregator; other,none,,,secondary,issuer,false,false,false,2,false
20261007T040700333438Z-codex.web.MH04.r2-a1,web,multi_hop_document,MH04,2,6,fact,"Note 4.2, segment results, p. 37.",Note 4.2; p. 37,S2,filing,filing-source,2,unattributed,,false,false,false,false,false,,none,,,unattributed,,false,false,false,2,false
20261007T040700333438Z-codex.web.MH04.r2-a1,web,multi_hop_document,MH04,2,7,fact,Teknik’s total revenue includes external and intersegment sales.,Teknik,,,,1,filing,filing,false,false,true,true,false,forum; aggregator; news,none,,,filing,filing,true,true,false,1,false
20261007T040700333438Z-codex.web.MH04.r2-a1,web,multi_hop_document,MH04,2,8,fact,"Technic contributed 15.45% of consolidated operating profit: 13,928 ÷ 90,129 × 100.","Technic; 15.45%; 13,928; 90,129; 100",,,,4,secondary,forum,false,false,false,true,false,forum; aggregator; news; other,none,,,secondary,aggregator,false,true,false,3,false
20261007T040724598354Z-codex.archivist.MH04.r2-a1,archivist,multi_hop_document,MH04,2,1,fact,"For the year ended 31 December 2025, consolidated THYAO revenue (Hasılat) was 955,472, in millions of Turkish lira.","31 December 2025; THYAO; 955,472; Turkish lira",S1,filing,mosaic-finance.com,4,unattributed,,false,false,false,false,false,,none,,,filing,filing,true,false,false,1,false
20261007T040724598354Z-codex.archivist.MH04.r2-a1,archivist,multi_hop_document,MH04,2,2,fact,"For the year ended 31 December 2025, consolidated THYAO operating profit (Esas Faaliyet Karı) was 90,129, in millions of Turkish lira.","31 December 2025; THYAO; 90,129; Turkish lira",S1,filing,mosaic-finance.com,4,unattributed,,false,false,false,false,false,,none,,,filing,filing,true,false,false,1,false
20261007T040724598354Z-codex.archivist.MH04.r2-a1,archivist,multi_hop_document,MH04,2,3,fact,"For the year ended 31 December 2025, Technic (Teknik) segment revenue (Hasılat) was 107,220, in millions of Turkish lira.","31 December 2025; Technic (Teknik); 107,220; Turkish lira",S2,filing,mosaic-finance.com,4,unattributed,,false,false,false,false,false,,none,,,filing,filing,true,false,false,1,false
20261007T040724598354Z-codex.archivist.MH04.r2-a1,archivist,multi_hop_document,MH04,2,4,fact,"For the year ended 31 December 2025, Technic (Teknik) segment operating profit (Esas Faaliyet Karı) was 13,928, in millions of Turkish lira.","31 December 2025; Technic (Teknik); 13,928; Turkish lira",S2,filing,mosaic-finance.com,4,unattributed,,false,false,false,false,false,,none,,,filing,filing,true,false,false,1,false
20261007T040724598354Z-codex.archivist.MH04.r2-a1,archivist,multi_hop_document,MH04,2,5,fact,The consolidated income statement and segment note 4.2 are in the KAP Finansal Rapor filed 4 March 2026 (disclosure 1565996).,4.2; KAP Finansal Rapor; 4 March 2026; 1565996,S1; S2,filing,mosaic-finance.com,4,unattributed,,false,false,false,false,false,,none,,,filing,filing,true,false,false,2,false
20261007T040724598354Z-codex.archivist.MH04.r2-a1,archivist,multi_hop_document,MH04,2,6,fact,Technic’s total revenue includes external and intersegment revenue.,Technic,,,,1,unattributed,,false,false,false,false,false,,none,,,unattributed,,false,false,false,1,false
20261007T040724598354Z-codex.archivist.MH04.r2-a1,archivist,multi_hop_document,MH04,2,7,fact,"Technic contributed 15.45% of consolidated operating profit: 13,928 ÷ 90,129 × 100.","Technic; 15.45%; 13,928; 90,129; 100",,,,4,unattributed,,false,false,false,false,false,,none,,,unattributed,,false,false,false,3,false
20261007T040748682044Z-codex.both.MH04.r2-a1,both,multi_hop_document,MH04,2,1,fact,"For the year ended 31 December 2025, consolidated Revenue (Hasılat) was 955,472 million Turkish lira.","31 December 2025; 955,472",S1,filing,mosaic-finance.com,2,filing,filing,false,false,true,true,false,forum; aggregator,none,,,filing,filing,true,true,true,1,false
20261007T040748682044Z-codex.both.MH04.r2-a1,both,multi_hop_document,MH04,2,2,fact,"For the year ended 31 December 2025, consolidated Operating profit (Esas Faaliyet Karı) was 90,129 million Turkish lira.","31 December 2025; 90,129",S1,filing,mosaic-finance.com,2,filing,filing,false,false,true,false,false,forum; aggregator,none,,,filing,filing,true,false,false,1,false
20261007T040748682044Z-codex.both.MH04.r2-a1,both,multi_hop_document,MH04,2,3,fact,"For the year ended 31 December 2025, Technic (Teknik) Revenue (Hasılat) was 107,220 million Turkish lira.","31 December 2025; Technic (Teknik); 107,220",S1,filing,mosaic-finance.com,3,secondary,forum,false,false,false,false,false,forum; aggregator,none,,,filing,filing,true,false,false,1,false
20261007T040748682044Z-codex.both.MH04.r2-a1,both,multi_hop_document,MH04,2,4,fact,"For the year ended 31 December 2025, Technic (Teknik) Operating profit (Esas Faaliyet Karı) was 13,928 million Turkish lira.","31 December 2025; Technic (Teknik); 13,928",S1,filing,mosaic-finance.com,3,secondary,forum,false,false,false,false,false,forum; aggregator,none,,,filing,filing,true,false,false,1,false
20261007T040748682044Z-codex.both.MH04.r2-a1,both,multi_hop_document,MH04,2,5,fact,"Source: KAP Finansal Rapor filed 4 March 2026, disclosure 1565996, Note 4.2, p. 37.",KAP Finansal Rapor; 4 March 2026; 1565996; 4.2; 37,S1,filing,mosaic-finance.com,5,secondary,aggregator,false,false,false,false,false,aggregator; other,none,,,filing,filing,true,false,false,3,false
20261007T040748682044Z-codex.both.MH04.r2-a1,both,multi_hop_document,MH04,2,6,fact,Technic’s total revenue includes external and intersegment sales.,Technic,,,,1,filing,filing,false,false,true,false,false,,none,,,filing,filing,true,false,false,1,false
20261007T040748682044Z-codex.both.MH04.r2-a1,both,multi_hop_document,MH04,2,7,fact,"Technic contributed 15.45% of consolidated operating profit: 13,928 ÷ 90,129 × 100.","Technic; 15.45%; 13,928; 90,129; 100",,,,4,unattributed,,false,false,false,false,false,,none,,,unattributed,,false,false,false,3,false
20261007T040752148910Z-codex.web.MH05.r2-a1,web,multi_hop_document,MH05,2,1,fact,"Largest: Detour Lake, accounting for 20.09% of the company’s 2025 gold production.",Detour Lake; 20.09%,,,,2,filing,filing,false,false,true,false,false,,none,,,filing,filing,true,false,false,1,false
20261007T040752148910Z-codex.web.MH05.r2-a1,web,multi_hop_document,MH05,2,2,fact,"Second: Canadian Malartic, at 18.64%.",Canadian Malartic; 18.64%,S1,issuer,s205.q4cdn.com,2,filing,filing,false,true,true,false,false,,none,,,filing,filing,true,false,false,1,false
20261007T040752148910Z-codex.web.MH05.r2-a1,web,multi_hop_document,MH05,2,3,fact,"Detour Lake’s proven and probable mineral reserves at December 31, 2025: approximately 18.6 million ounces of gold, comprising 798.1 million tonnes of ore grading 0.72 grams of gold per tonne.","Detour Lake; December 31, 2025; 18.6 million ounces of gold; 798.1 million tonnes of ore; 0.72 grams of gold per tonne",S2,filing,filing-source,5,filing,filing,false,false,true,false,false,issuer,none,,,filing,filing,true,false,false,5,false
20261007T040812834989Z-codex.archivist.MH05.r2-a1,archivist,multi_hop_document,MH05,2,1,fact,"In Agnico Eagle’s 2025 Annual Information Form, filed March 19, 2026","Agnico Eagle; 2025 Annual Information Form; March 19, 2026",,,,3,unattributed,,false,false,false,false,false,,none,,,unattributed,,false,false,false,3,false
20261007T040812834989Z-codex.archivist.MH05.r2-a1,archivist,multi_hop_document,MH05,2,2,fact,"Detour Lake ranked first, accounting for 20.09% of the company’s 2025 gold production",Detour Lake; 20.09%,S1,filing,mosaic-finance.com,2,filing,filing,false,false,true,false,false,,none,,,filing,filing,true,false,false,1,false
20261007T040812834989Z-codex.archivist.MH05.r2-a1,archivist,multi_hop_document,MH05,2,3,fact,Canadian Malartic was second at 18.64%,Canadian Malartic; 18.64%,S1,filing,mosaic-finance.com,2,filing,filing,false,false,true,false,false,,none,,,filing,filing,true,false,false,1,false
20261007T040812834989Z-codex.archivist.MH05.r2-a1,archivist,multi_hop_document,MH05,2,4,fact,"At December 31, 2025, Detour Lake’s combined proven and probable mineral reserves (open-pit only) contained 18,575,000 ounces of gold in 798,061,000 tonnes of ore, at an average grade of 0.72 grams of gold per tonne.","December 31, 2025; Detour Lake; 18,575,000 ounces of gold; 798,061,000 tonnes of ore; 0.72 grams of gold per tonne",S2,filing,mosaic-finance.com,5,unattributed,,false,false,false,false,false,,none,,,unattributed,,false,false,false,5,false
20261007T040816444203Z-codex.both.MH05.r2-a1,both,multi_hop_document,MH05,2,1,fact,"Detour Lake ranked first, accounting for 20.09% of Agnico Eagle’s 2025 gold production.",Detour Lake; 20.09%; Agnico Eagle; 2025 gold production,S1,filing,mosaic-finance.com,4,unattributed,,false,false,false,false,false,,none,,,filing,filing,true,false,false,1,false
20261007T040816444203Z-codex.both.MH05.r2-a1,both,multi_hop_document,MH05,2,2,fact,Canadian Malartic was second at 18.64%.,Canadian Malartic; 18.64%,S1,filing,mosaic-finance.com,2,filing,filing,false,false,true,false,false,,none,,,filing,filing,true,false,false,1,false
20261007T040816444203Z-codex.both.MH05.r2-a1,both,multi_hop_document,MH05,2,3,fact,"At December 31, 2025, Detour Lake’s combined proven and probable mineral reserves (open-pit only) were 18,575,000 ounces of gold, comprising 798,061,000 tonnes of ore at an average grade of 0.72 grams of gold per tonne.","December 31, 2025; Detour Lake; 18,575,000 ounces of gold; 798,061,000 tonnes of ore; 0.72 grams of gold per tonne",S2,filing,mosaic-finance.com,5,unattributed,,false,false,false,false,false,,none,,,unattributed,,false,false,false,5,false
20261007T040836784045Z-codex.web.MH01.r3-a1,web,multi_hop_document,MH01,3,1,fact,"Power & Energy had the highest 2025 total sales, at US$32.201 billion.",Power & Energy; US$32.201 billion,S1,filing,filing-source,2,filing,filing,false,false,true,true,false,issuer; forum; aggregator; other,none,,,filing,filing,true,true,false,1,false
20261007T040836784045Z-codex.web.MH01.r3-a1,web,multi_hop_document,MH01,3,2,fact,Its 2025 segment profit was US$6.418 billion,US$6.418 billion,S1,filing,filing-source,1,filing,filing,false,false,true,true,false,issuer; aggregator,none,,,filing,filing,true,true,false,1,false
20261007T040836784045Z-codex.web.MH01.r3-a1,web,multi_hop_document,MH01,3,3,fact,19.9% of total sales,19.9%,S1,filing,filing-source,1,filing,filing,false,false,true,true,false,issuer; aggregator,none,,,filing,filing,true,true,false,1,false
20261007T040836784045Z-codex.web.MH01.r3-a1,web,multi_hop_document,MH01,3,4,fact,Construction Industries: 2025 total sales (US$ billions) 25.060,Construction Industries; 25.060,S1,filing,filing-source,2,filing,filing,false,false,true,true,false,issuer; forum; aggregator; other,none,,,filing,filing,true,true,false,1,false
20261007T040836784045Z-codex.web.MH01.r3-a1,web,multi_hop_document,MH01,3,5,fact,Resource Industries: 2025 total sales (US$ billions) 12.474,Resource Industries; 12.474,S1,filing,filing-source,2,filing,filing,false,false,true,true,false,issuer; aggregator; other,none,,,filing,filing,true,true,false,1,false
20261007T040836784045Z-codex.web.MH01.r3-a1,web,multi_hop_document,MH01,3,6,fact,Power & Energy: 2025 total sales (US$ billions) 32.201,Power & Energy; 32.201,S1,filing,filing-source,2,filing,filing,false,false,true,true,false,issuer; forum; aggregator; other,none,,,filing,filing,true,true,false,1,false
20261007T040836784045Z-codex.web.MH01.r3-a1,web,multi_hop_document,MH01,3,7,fact,Total sales include inter-segment sales.,,S1,filing,filing-source,0,filing,filing,true,false,false,false,false,,none,,,filing,filing,false,false,false,0,true
20261007T040848246122Z-codex.archivist.MH01.r3-a1,archivist,multi_hop_document,MH01,3,1,fact,Power & Energy had the highest 2025 total sales: US$32.201 billion.,Power & Energy; US$32.201 billion,S1,filing,mosaic-finance.com,2,filing,filing,false,false,true,false,false,,none,,,filing,filing,true,false,false,1,false
20261007T040848246122Z-codex.archivist.MH01.r3-a1,archivist,multi_hop_document,MH01,3,2,fact,Its 2025 segment profit was US$6.418 billion,US$6.418 billion,S1,filing,mosaic-finance.com,1,filing,filing,false,false,true,false,false,,none,,,filing,filing,true,false,false,1,false
20261007T040848246122Z-codex.archivist.MH01.r3-a1,archivist,multi_hop_document,MH01,3,3,fact,19.9% of total sales,19.9%,S1,filing,mosaic-finance.com,1,filing,filing,false,false,true,false,false,,none,,,filing,filing,true,false,false,1,false
20261007T040848246122Z-codex.archivist.MH01.r3-a1,archivist,multi_hop_document,MH01,3,4,fact,"2025 Form 10-K, filed February 13, 2026","2025 Form 10-K; February 13, 2026",S1,filing,mosaic-finance.com,2,unattributed,,false,false,false,false,false,,none,,,unattributed,,false,false,false,2,false
20261007T040848246122Z-codex.archivist.MH01.r3-a1,archivist,multi_hop_document,MH01,3,5,fact,Construction Industries — 2025 total sales (US$ billions): 25.060,Construction Industries; 25.060,S2,filing,mosaic-finance.com,2,filing,filing,false,false,true,false,false,,none,,,filing,filing,true,false,false,1,false
20261007T040848246122Z-codex.archivist.MH01.r3-a1,archivist,multi_hop_document,MH01,3,6,fact,Resource Industries — 2025 total sales (US$ billions): 12.474,Resource Industries; 12.474,S2,filing,mosaic-finance.com,2,filing,filing,false,false,true,false,false,,none,,,filing,filing,true,false,false,1,false
20261007T040848246122Z-codex.archivist.MH01.r3-a1,archivist,multi_hop_document,MH01,3,7,fact,Power & Energy — 2025 total sales (US$ billions): 32.201,Power & Energy; 32.201,S3,filing,mosaic-finance.com,2,filing,filing,false,false,true,false,false,,none,,,filing,filing,true,false,false,1,false
20261007T040848246122Z-codex.archivist.MH01.r3-a1,archivist,multi_hop_document,MH01,3,8,fact,Total sales include inter-segment sales.,,,,,0,unattributed,,true,false,false,false,false,,none,,,unattributed,,false,false,false,0,true
20261007T040909263893Z-codex.both.MH01.r3-a1,both,multi_hop_document,MH01,3,1,fact,"Power & Energy had the highest 2025 total sales, with $32.201 billion.",Power & Energy; $32.201 billion,S1,filing,filing-source,2,filing,filing,false,false,true,true,false,issuer; forum; aggregator; other,none,,,filing,filing,true,true,false,1,false
20261007T040909263893Z-codex.both.MH01.r3-a1,both,multi_hop_document,MH01,3,2,fact,Its 2025 segment profit was $6.418 billion,$6.418 billion,S1,filing,filing-source,1,filing,filing,false,false,true,true,false,issuer; aggregator,none,,,filing,filing,true,true,false,1,false
20261007T040909263893Z-codex.both.MH01.r3-a1,both,multi_hop_document,MH01,3,3,fact,19.9% of total sales,19.9%,S1,filing,filing-source,1,filing,filing,false,false,true,true,false,issuer; aggregator,none,,,filing,filing,true,true,false,1,false
20261007T040909263893Z-codex.both.MH01.r3-a1,both,multi_hop_document,MH01,3,4,fact,Construction Industries: 2025 total sales (US$ billions) 25.060,Construction Industries; 25.060; US$ billions,S1,filing,filing-source,3,secondary,issuer,false,false,false,false,false,issuer; aggregator; other,none,,,filing,filing,true,true,false,1,false
20261007T040909263893Z-codex.both.MH01.r3-a1,both,multi_hop_document,MH01,3,5,fact,Resource Industries: 2025 total sales (US$ billions) 12.474,Resource Industries; 12.474; US$ billions,S1,filing,filing-source,3,secondary,issuer,false,false,false,false,false,issuer; forum; aggregator; other,none,,,filing,filing,true,true,false,1,false
20261007T040909263893Z-codex.both.MH01.r3-a1,both,multi_hop_document,MH01,3,6,fact,"Caterpillar’s fiscal 2025 Form 10-K, Item 7, pp. 32–35",Caterpillar; fiscal 2025 Form 10-K; Item 7; pp. 32–35,S1,filing,filing-source,5,secondary,issuer,false,false,false,false,false,issuer; forum; aggregator; reference,none,,,filing,filing,true,false,false,2,false
20261007T040909263893Z-codex.both.MH01.r3-a1,both,multi_hop_document,MH01,3,7,fact,"Caterpillar’s fiscal 2025 Form 10-K, filed February 13, 2026","Caterpillar; fiscal 2025 Form 10-K; February 13, 2026",S2,filing,filing-source,3,secondary,issuer,false,false,false,false,false,issuer; forum; aggregator; reference,none,,,secondary,issuer,false,false,false,3,false
20261007T040909263893Z-codex.both.MH01.r3-a1,both,multi_hop_document,MH01,3,8,fact,Total segment sales include intersegment sales.,,,,,0,unattributed,,true,false,false,false,false,,none,,,unattributed,,false,false,false,0,true
20261007T040910031526Z-codex.web.MH02.r3-a1,web,multi_hop_document,MH02,3,1,fact,"For 2025, the F-35 generated 27% of total consolidated sales.",F-35; 27%,S1,filing,filing-source,2,filing,filing,false,false,true,true,false,issuer; forum; aggregator; reference,none,,,filing,filing,true,true,false,1,false
20261007T040910031526Z-codex.web.MH02.r3-a1,web,multi_hop_document,MH02,3,2,fact,"For 2025, the F-35 generated 67% of Aeronautics sales.",F-35; 67%; Aeronautics,S1,filing,filing-source,3,filing,filing,false,false,true,true,false,issuer; forum; aggregator; reference,none,,,filing,filing,true,true,false,1,false
20261007T040910031526Z-codex.web.MH02.r3-a1,web,multi_hop_document,MH02,3,3,fact,"Aeronautics reported US$30,257 million in sales.","Aeronautics; US$30,257 million",S1,filing,filing-source,2,filing,filing,false,false,true,false,false,issuer; forum; aggregator; reference,none,,,filing,filing,true,false,false,1,false
20261007T040910031526Z-codex.web.MH02.r3-a1,web,multi_hop_document,MH02,3,4,fact,"Aeronautics reported US$2,086 million in operating profit.","Aeronautics; US$2,086 million",S1,filing,filing-source,2,filing,filing,false,false,true,false,false,issuer; forum; aggregator; reference,none,,,filing,filing,true,false,false,1,false
20261007T040910031526Z-codex.web.MH02.r3-a1,web,multi_hop_document,MH02,3,5,fact,"Implied F-35 sales: 67% × $30,257 million = approximately $20,272 million ($20.3 billion).","F-35; 67%; $30,257 million; $20,272 million; $20.3 billion",,,,5,secondary,issuer,false,false,false,false,false,issuer; forum; aggregator; reference,none,,,secondary,issuer,false,false,false,4,false
20261007T040910031526Z-codex.web.MH02.r3-a1,web,multi_hop_document,MH02,3,6,fact,This is an estimate because the disclosed percentage is rounded.,,,,,0,unattributed,,true,false,false,false,false,,none,,,unattributed,,false,false,false,0,true
20261007T040930235270Z-codex.archivist.MH02.r3-a1,archivist,multi_hop_document,MH02,3,1,fact,"LMT’s fiscal 2025 Form 10-K, filed January 29, 2026","LMT; fiscal 2025; Form 10-K; January 29, 2026",,,,3,unattributed,,false,false,false,false,false,,none,,,unattributed,,false,false,false,3,false
20261007T040930235270Z-codex.archivist.MH02.r3-a1,archivist,multi_hop_document,MH02,3,2,fact,27% of total consolidated sales in 2025.,F-35; 27%,S1,filing,mosaic-finance.com,2,filing,filing,false,false,true,false,false,,none,,,filing,filing,true,false,false,1,false
20261007T040930235270Z-codex.archivist.MH02.r3-a1,archivist,multi_hop_document,MH02,3,3,fact,67% of Aeronautics sales in 2025.,F-35; 67%; Aeronautics,S1,filing,mosaic-finance.com,3,filing,filing,false,false,true,false,false,,none,,,filing,filing,true,false,false,1,false
20261007T040930235270Z-codex.archivist.MH02.r3-a1,archivist,multi_hop_document,MH02,3,4,fact,"Aeronautics’ 2025 results: sales of US$30,257 million","Aeronautics; US$30,257 million",S2,filing,mosaic-finance.com,2,filing,filing,false,false,true,false,false,,none,,,filing,filing,true,false,false,1,false
20261007T040930235270Z-codex.archivist.MH02.r3-a1,archivist,multi_hop_document,MH02,3,5,fact,"Aeronautics’ 2025 results: operating profit of US$2,086 million.","Aeronautics; US$2,086 million",S2,filing,mosaic-finance.com,2,filing,filing,false,false,true,false,false,,none,,,filing,filing,true,false,false,1,false
20261007T040930235270Z-codex.archivist.MH02.r3-a1,archivist,multi_hop_document,MH02,3,6,fact,"Implied F-35 sales: 67% × US$30,257 million ≈ US$20,272 million (US$20.3 billion).","F-35; 67%; US$30,257 million; US$20,272 million; US$20.3 billion",,,,5,unattributed,,false,false,false,false,false,,none,,,unattributed,,false,false,false,4,false
20261007T040930235270Z-codex.archivist.MH02.r3-a1,archivist,multi_hop_document,MH02,3,7,fact,the reported percentage is rounded.,,,,,0,unattributed,,true,false,false,false,false,,none,,,unattributed,,false,false,false,0,true
20261007T040930235270Z-codex.archivist.MH02.r3-a1,archivist,multi_hop_document,MH02,3,8,evaluative,This is an estimate because the reported percentage is rounded.,,,,,,,,,,,,,,none,This is an estimate,true,,,,,,,
20261007T040935964960Z-codex.both.MH02.r3-a1,both,multi_hop_document,MH02,3,1,fact,F-35 sales share: 27% of total consolidated sales.,F-35; 27%,S1,filing,filing-source,2,filing,filing,false,false,true,true,false,issuer; forum; aggregator; reference,none,,,filing,filing,true,true,false,1,false
20261007T040935964960Z-codex.both.MH02.r3-a1,both,multi_hop_document,MH02,3,2,fact,F-35 sales share: 67% of Aeronautics sales.,F-35; 67%; Aeronautics,S1,filing,filing-source,3,filing,filing,false,false,true,false,false,issuer; forum; aggregator; reference,none,,,filing,filing,true,false,false,1,false
20261007T040935964960Z-codex.both.MH02.r3-a1,both,multi_hop_document,MH02,3,3,fact,"Aeronautics results: sales of $30,257 million.","Aeronautics; $30,257 million",S1,filing,filing-source,2,filing,filing,false,false,true,true,false,issuer; forum; aggregator; reference,none,,,filing,filing,true,true,false,1,false
20261007T040935964960Z-codex.both.MH02.r3-a1,both,multi_hop_document,MH02,3,4,fact,"Aeronautics results: operating profit of $2,086 million.","Aeronautics; $2,086 million",S1,filing,filing-source,2,secondary,issuer,false,false,false,true,false,issuer; forum; aggregator; reference,none,,,secondary,issuer,false,true,false,1,false
20261007T040935964960Z-codex.both.MH02.r3-a1,both,multi_hop_document,MH02,3,5,fact,"Implied F-35 sales: 67% × $30,257 million = approximately $20,272 million ($20.3 billion).","F-35; 67%; $30,257 million; $20,272 million; $20.3 billion",S1,filing,filing-source,5,secondary,issuer,false,false,false,false,false,issuer; forum; aggregator; reference,none,,,secondary,issuer,false,false,false,4,false
20261007T040935964960Z-codex.both.MH02.r3-a1,both,multi_hop_document,MH02,3,6,fact,"consolidated sales of $75,048 million","$75,048 million",S1,filing,filing-source,1,filing,filing,false,false,true,false,false,,none,,,filing,filing,true,false,false,1,false
20261007T040935964960Z-codex.both.MH02.r3-a1,both,multi_hop_document,MH02,3,7,fact,"As a cross-check, 27% of consolidated sales of $75,048 million yields $20,263 million","27%; $75,048 million; $20,263 million",S1,filing,filing-source,3,secondary,issuer,false,false,false,false,false,issuer; forum; aggregator; reference,none,,,secondary,issuer,false,false,false,3,false
20261007T040935964960Z-codex.both.MH02.r3-a1,both,multi_hop_document,MH02,3,8,fact,the slight difference reflects rounded percentages.,,S1,filing,filing-source,0,filing,filing,true,false,false,false,false,,none,,,filing,filing,false,false,false,0,true
20261007T040959339170Z-codex.web.MH03.r3-a1,web,multi_hop_document,MH03,3,1,fact,"2025 Eliquis worldwide revenues: US$7,961 million.","Eliquis; US$7,961 million",S1,filing,filing-source,2,filing,filing,false,false,true,true,false,issuer; forum; aggregator; reference; other,none,,,filing,filing,true,true,false,1,false
20261007T040959339170Z-codex.web.MH03.r3-a1,web,multi_hop_document,MH03,3,2,fact,Representing 13% of Pfizer’s total 2025 revenues.,13%; Pfizer,S1,filing,filing-source,2,filing,filing,false,false,true,true,false,issuer; forum; aggregator; reference; other,none,,,filing,filing,true,true,false,1,false
20261007T040959339170Z-codex.web.MH03.r3-a1,web,multi_hop_document,MH03,3,3,fact,"Permitted U.S. launch date for settled generic companies: April 1, 2028, subject to potentially earlier entry following successful patent challenges.","U.S.; April 1, 2028",,,,2,filing,filing,false,false,true,true,false,issuer; forum; other,none,,,filing,filing,true,true,false,2,false
20261007T040959339170Z-codex.web.MH03.r3-a1,web,multi_hop_document,MH03,3,4,fact,Eliquis formulation patent expiration: 2031.,Eliquis,S2,issuer,s206.q4cdn.com,1,filing,filing,false,true,true,true,false,issuer; forum; aggregator; reference,none,,,filing,filing,true,true,false,1,false
20261007T041003729986Z-codex.archivist.MH03.r3-a1,archivist,multi_hop_document,MH03,3,1,fact,"Pfizer’s fiscal 2025 Form 10-K, filed February 26, 2026","Pfizer; Form 10-K; February 26, 2026",,,,3,unattributed,,false,false,false,false,false,,none,,,unattributed,,false,false,false,3,false
20261007T041003729986Z-codex.archivist.MH03.r3-a1,archivist,multi_hop_document,MH03,3,2,fact,"Eliquis worldwide revenues: US$7,961 million in 2025.","Eliquis; US$7,961 million",S1,filing,mosaic-finance.com,2,filing,filing,false,false,true,false,false,,none,,,filing,filing,true,false,false,1,false
20261007T041003729986Z-codex.archivist.MH03.r3-a1,archivist,multi_hop_document,MH03,3,3,fact,"Share of Pfizer’s total 2025 revenues: 13%, as stated in the filing.",Pfizer; 13%,S2,filing,mosaic-finance.com,2,filing,filing,false,false,true,false,false,,none,,,filing,filing,true,false,false,1,false
20261007T041003729986Z-codex.archivist.MH03.r3-a1,archivist,multi_hop_document,MH03,3,4,fact,"U.S. launch date for settled generic companies: April 1, 2028","U.S.; April 1, 2028",S3,filing,mosaic-finance.com,2,filing,filing,false,false,true,false,false,,none,,,filing,filing,true,false,false,2,false
20261007T041003729986Z-codex.archivist.MH03.r3-a1,archivist,multi_hop_document,MH03,3,5,fact,Eliquis formulation patent expiration: 2031.,Eliquis,S3,filing,mosaic-finance.com,1,filing,filing,false,false,true,false,false,,none,,,filing,filing,true,false,false,1,false
20261007T041003729986Z-codex.archivist.MH03.r3-a1,archivist,multi_hop_document,MH03,3,6,fact,The discussion also identifies potential earlier launches if future patent challenges succeed.,,S3,filing,mosaic-finance.com,0,filing,filing,true,false,false,false,false,,none,,,filing,filing,false,false,false,0,true
20261007T041016408640Z-codex.both.MH03.r3-a1,both,multi_hop_document,MH03,3,1,fact,"2025 Eliquis worldwide revenues: US$7,961 million.","Eliquis; US$7,961 million",S1,filing,filing-source,2,filing,filing,false,false,true,true,false,issuer; forum; aggregator; news; reference; other,none,,,filing,filing,true,true,false,1,false
20261007T041016408640Z-codex.both.MH03.r3-a1,both,multi_hop_document,MH03,3,2,fact,Representing 13% of Pfizer’s total 2025 revenues (as rounded in the filing).,13%; Pfizer,S1,filing,filing-source,2,filing,filing,false,false,true,true,false,issuer; forum; aggregator; news; reference; other,none,,,filing,filing,true,true,false,1,false
20261007T041016408640Z-codex.both.MH03.r3-a1,both,multi_hop_document,MH03,3,3,fact,"Permitted U.S. generic launch date for the settled companies: April 1, 2028, subject to the earlier-launch contingencies described in the patent discussion.","U.S.; April 1, 2028",S1,filing,filing-source,2,filing,filing,false,false,true,true,false,issuer; forum; news; other,none,,,filing,filing,true,true,false,2,false
20261007T041016408640Z-codex.both.MH03.r3-a1,both,multi_hop_document,MH03,3,4,fact,Eliquis formulation patent expiry: 2031.,Eliquis; Eliquis formulation patent expiry: 2031,S1,filing,filing-source,2,secondary,issuer,false,false,false,false,false,issuer; forum; aggregator; news; reference,none,,,secondary,issuer,false,false,false,2,false
20261007T041026709487Z-codex.web.MH04.r3-a1,web,multi_hop_document,MH04,3,1,fact,"Consolidated revenue (Hasılat): 955,472 million Turkish lira for 2025.","955,472; Turkish lira",S1,filing,filing-source,2,filing,filing,false,false,true,true,false,aggregator; reference,none,,,filing,filing,true,true,false,1,false
20261007T041026709487Z-codex.web.MH04.r3-a1,web,multi_hop_document,MH04,3,2,fact,"Consolidated operating profit (Esas Faaliyet Karı): 90,129 million Turkish lira for 2025.","90,129; Turkish lira",S1,filing,filing-source,2,filing,filing,false,false,true,true,false,issuer; aggregator; reference,none,,,filing,filing,true,true,false,1,false
20261007T041026709487Z-codex.web.MH04.r3-a1,web,multi_hop_document,MH04,3,3,fact,"Technic (Teknik) total segment revenue: 107,220 million Turkish lira for 2025.","Technic; Teknik; 107,220; Turkish lira",S2,aggregator,storage.fintables.com,4,secondary,issuer,false,true,false,false,false,issuer; forum; aggregator; reference,none,,,secondary,aggregator,false,true,false,1,false
20261007T041026709487Z-codex.web.MH04.r3-a1,web,multi_hop_document,MH04,3,4,fact,"Technic operating profit (Esas Faaliyet Karı): 13,928 million Turkish lira for 2025.","Technic; 13,928; Turkish lira",S2,aggregator,storage.fintables.com,3,secondary,aggregator,false,true,false,false,false,aggregator; reference,none,,,secondary,aggregator,false,true,false,1,false
20261007T041026709487Z-codex.web.MH04.r3-a1,web,multi_hop_document,MH04,3,5,fact,"KAP financial report filed 4 March 2026, p. 14.",KAP; 4 March 2026; 14,S1,filing,filing-source,3,secondary,forum,false,false,false,false,false,forum; aggregator; news; other,none,,,filing,filing,true,true,false,1,false
20261007T041026709487Z-codex.web.MH04.r3-a1,web,multi_hop_document,MH04,3,6,fact,"Financial statements, Note 4.2, printed p. 37.",4.2; 37,S2,aggregator,storage.fintables.com,2,filing,filing,false,true,true,true,false,aggregator; news; other,none,,,filing,filing,true,true,false,2,false
20261007T041026709487Z-codex.web.MH04.r3-a1,web,multi_hop_document,MH04,3,7,fact,Technic’s total revenue includes external and intersegment revenue.,Technic,,,,1,filing,filing,false,false,true,false,false,,none,,,filing,filing,true,false,false,1,false
20261007T041026709487Z-codex.web.MH04.r3-a1,web,multi_hop_document,MH04,3,8,fact,"Technic contributed 15.45% of consolidated operating profit: 13,928 ÷ 90,129 × 100.","Technic; 15.45%; 13,928; 90,129; 100",,,,4,secondary,issuer,false,false,false,false,false,issuer; aggregator,none,,,secondary,issuer,false,true,false,3,false
20261007T041039117125Z-codex.archivist.MH04.r3-a1,archivist,multi_hop_document,MH04,3,1,fact,"For the year ended 31 December 2025, all amounts in millions of Turkish lira.",31 December 2025; millions of Turkish lira,S1; S2,filing,mosaic-finance.com,2,unattributed,,false,false,false,false,false,,none,,,unattributed,,false,false,false,2,false
20261007T041039117125Z-codex.archivist.MH04.r3-a1,archivist,multi_hop_document,MH04,3,2,fact,"Revenue (Hasılat): Consolidated 955,472.","955,472",S1,filing,mosaic-finance.com,1,filing,filing,false,false,true,false,false,,none,,,filing,filing,true,false,false,1,false
20261007T041039117125Z-codex.archivist.MH04.r3-a1,archivist,multi_hop_document,MH04,3,3,fact,"Revenue (Hasılat): Technic (Teknik) segment 107,220.","Technic; Teknik; 107,220",S2,filing,mosaic-finance.com,3,unattributed,,false,false,false,false,false,,none,,,filing,filing,true,false,false,1,false
20261007T041039117125Z-codex.archivist.MH04.r3-a1,archivist,multi_hop_document,MH04,3,4,fact,"Operating profit (Esas Faaliyet Karı): Consolidated 90,129.","90,129",S1,filing,mosaic-finance.com,1,filing,filing,false,false,true,false,false,,none,,,filing,filing,true,false,false,1,false
20261007T041039117125Z-codex.archivist.MH04.r3-a1,archivist,multi_hop_document,MH04,3,5,fact,"Operating profit (Esas Faaliyet Karı): Technic (Teknik) segment 13,928.","Technic; Teknik; 13,928",S2,filing,mosaic-finance.com,3,unattributed,,false,false,false,false,false,,none,,,filing,filing,true,false,false,1,false
20261007T041039117125Z-codex.archivist.MH04.r3-a1,archivist,multi_hop_document,MH04,3,6,fact,"THYAO’s KAP Finansal Rapor filed 4 March 2026, consolidated income statement and segment note 4.2.",THYAO; KAP Finansal Rapor; 4 March 2026; 4.2,S1; S2,filing,mosaic-finance.com,4,unattributed,,false,false,false,false,false,,none,,,filing,filing,true,false,false,1,false
20261007T041039117125Z-codex.archivist.MH04.r3-a1,archivist,multi_hop_document,MH04,3,7,fact,"Technic’s total revenue includes external revenue of 26,857 plus intersegment revenue of 80,363.","Technic; 26,857; 80,363",S2,filing,mosaic-finance.com,3,unattributed,,false,false,false,false,false,,none,,,filing,filing,true,false,false,2,false
20261007T041039117125Z-codex.archivist.MH04.r3-a1,archivist,multi_hop_document,MH04,3,8,fact,"Technic contributed 15.45% of consolidated operating profit: 13,928 ÷ 90,129 × 100.","Technic; 15.45%; 13,928; 90,129; 100",,,,4,unattributed,,false,false,false,false,false,,none,,,unattributed,,false,false,false,3,false
20261007T041102338561Z-codex.both.MH04.r3-a1,both,multi_hop_document,MH04,3,1,fact,"For the year ended 31 December 2025, consolidated Revenue (Hasılat) was 955,472 million Turkish lira.","31 December 2025; 955,472; million Turkish lira",S1,filing,mosaic-finance.com,3,filing,filing,false,false,true,false,false,,none,,,filing,filing,true,false,false,1,false
20261007T041102338561Z-codex.both.MH04.r3-a1,both,multi_hop_document,MH04,3,2,fact,"For the year ended 31 December 2025, consolidated Operating profit (Esas Faaliyet Karı) was 90,129 million Turkish lira.","31 December 2025; 90,129; million Turkish lira",S1,filing,mosaic-finance.com,3,filing,filing,false,false,true,false,false,,none,,,filing,filing,true,false,false,1,false
20261007T041102338561Z-codex.both.MH04.r3-a1,both,multi_hop_document,MH04,3,3,fact,"For the year ended 31 December 2025, Technic (Teknik) Revenue (Hasılat) was 107,220 million Turkish lira.","31 December 2025; Technic (Teknik); 107,220; million Turkish lira",S1,filing,mosaic-finance.com,4,unattributed,,false,false,false,false,false,,none,,,filing,filing,true,false,false,1,false
20261007T041102338561Z-codex.both.MH04.r3-a1,both,multi_hop_document,MH04,3,4,fact,"For the year ended 31 December 2025, Technic (Teknik) Operating profit (Esas Faaliyet Karı) was 13,928 million Turkish lira.","31 December 2025; Technic (Teknik); 13,928; million Turkish lira",S1,filing,mosaic-finance.com,4,unattributed,,false,false,false,false,false,,none,,,filing,filing,true,false,false,1,false
20261007T041102338561Z-codex.both.MH04.r3-a1,both,multi_hop_document,MH04,3,5,fact,"Teknik’s total revenue includes 26,857 from external customers.","Teknik; 26,857",S1,filing,mosaic-finance.com,2,filing,filing,false,false,true,false,false,forum; reference,none,,,filing,filing,true,false,false,1,false
20261007T041102338561Z-codex.both.MH04.r3-a1,both,multi_hop_document,MH04,3,6,fact,"Teknik’s total revenue includes 80,363 of intersegment revenue.","Teknik; 80,363",S1,filing,mosaic-finance.com,2,filing,filing,false,false,true,false,false,forum; reference,none,,,filing,filing,true,false,false,1,false
20261007T041102338561Z-codex.both.MH04.r3-a1,both,multi_hop_document,MH04,3,7,fact,"Technic contributed 15.45% of consolidated operating profit: 13,928 ÷ 90,129 × 100.","Technic; 15.45%; 13,928; 90,129; 100",,,,4,secondary,reference,false,false,false,false,false,reference,none,,,unattributed,,false,false,false,3,false
20261007T041111578350Z-codex.web.MH05.r3-a1,web,multi_hop_document,MH05,3,1,fact,"Largest: Detour Lake, accounting for 20.09% of 2025 gold production.",Detour Lake; 20.09%,,,,2,filing,filing,false,false,true,false,false,,none,,,filing,filing,true,false,false,1,false
20261007T041111578350Z-codex.web.MH05.r3-a1,web,multi_hop_document,MH05,3,2,fact,"Second: Canadian Malartic, at 18.64%.",Canadian Malartic; 18.64%,S1,issuer,s205.q4cdn.com,2,filing,filing,false,true,true,false,false,,none,,,filing,filing,true,false,false,1,false
20261007T041111578350Z-codex.web.MH05.r3-a1,web,multi_hop_document,MH05,3,3,fact,"Detour Lake’s proven and probable mineral reserves at December 31, 2025: approximately 18.6 million ounces of gold, contained in 798.1 million tonnes of ore grading 0.72 grams of gold per tonne.","Detour Lake; December 31, 2025; 18.6 million ounces of gold; 798.1 million tonnes of ore; 0.72 grams of gold per tonne",S2,filing,filing-source,5,filing,filing,false,false,true,false,false,issuer,none,,,filing,filing,true,false,false,5,false
20261007T041129497711Z-codex.archivist.MH05.r3-a1,archivist,multi_hop_document,MH05,3,1,fact,"Agnico Eagle’s 2025 Annual Information Form, filed March 19, 2026","Agnico Eagle; 2025 Annual Information Form; March 19, 2026",,,,3,unattributed,,false,false,false,false,false,,none,,,unattributed,,false,false,false,3,false
20261007T041129497711Z-codex.archivist.MH05.r3-a1,archivist,multi_hop_document,MH05,3,2,fact,"Detour Lake ranked first, accounting for 20.09% of the company’s 2025 gold production",Detour Lake; 20.09%,S1,filing,mosaic-finance.com,2,filing,filing,false,false,true,false,false,,none,,,filing,filing,true,false,false,1,false
20261007T041129497711Z-codex.archivist.MH05.r3-a1,archivist,multi_hop_document,MH05,3,3,fact,Canadian Malartic ranked second at 18.64%,Canadian Malartic; 18.64%,S1,filing,mosaic-finance.com,2,filing,filing,false,false,true,false,false,,none,,,filing,filing,true,false,false,1,false
20261007T041129497711Z-codex.archivist.MH05.r3-a1,archivist,multi_hop_document,MH05,3,4,fact,"At December 31, 2025, Detour Lake’s combined proven and probable mineral reserves (open-pit only) were 18,575,000 ounces of gold, in 798,061,000 tonnes of ore, at an average grade of 0.72 grams of gold per tonne.","December 31, 2025; Detour Lake; 18,575,000 ounces of gold; 798,061,000 tonnes of ore; 0.72 grams of gold per tonne",S2,filing,mosaic-finance.com,5,unattributed,,false,false,false,false,false,,none,,,unattributed,,false,false,false,5,false
20261007T041138700369Z-codex.both.MH05.r3-a1,both,multi_hop_document,MH05,3,1,fact,"Detour Lake ranked first, accounting for 20.09% of Agnico Eagle’s 2025 gold production",Detour Lake; 20.09%; Agnico Eagle,S1,issuer,s205.q4cdn.com,3,filing,filing,false,true,true,false,false,issuer; reference,none,,,filing,filing,true,false,false,1,false
20261007T041138700369Z-codex.both.MH05.r3-a1,both,multi_hop_document,MH05,3,2,fact,Canadian Malartic was second at 18.64%.,Canadian Malartic; 18.64%,S1,issuer,s205.q4cdn.com,2,filing,filing,false,true,true,false,false,issuer,none,,,filing,filing,true,false,false,1,false
20261007T041138700369Z-codex.both.MH05.r3-a1,both,multi_hop_document,MH05,3,3,fact,"At December 31, 2025, Detour Lake’s combined proven and probable mineral reserves contained approximately 18.6 million ounces of gold, comprising 798.1 million tonnes of ore grading 0.72 grams of gold per tonne.","December 31, 2025; Detour Lake; 18.6 million ounces of gold; 798.1 million tonnes of ore; 0.72 grams of gold per tonne",S2,filing,filing-source,5,filing,filing,false,false,true,false,false,issuer,none,,,filing,filing,true,false,false,5,false
20261007T041204202903Z-codex.web.MH06.r1-a1,web,multi_hop_document,MH06,1,1,fact,CN’s largest commodity group in 2025 was Intermodal.,CN; Intermodal,S1,filing,filing-source,2,filing,filing,false,false,true,true,false,issuer; forum; aggregator,none,,,filing,filing,true,true,false,2,false
20261007T041204202903Z-codex.web.MH06.r1-a1,web,multi_hop_document,MH06,1,2,fact,Intermodal accounted for 22% of total revenues in 2025.,Intermodal; 22%,S1,filing,filing-source,2,filing,filing,false,false,true,false,false,forum; aggregator,none,,,filing,filing,true,false,false,1,false
20261007T041204202903Z-codex.web.MH06.r1-a1,web,multi_hop_document,MH06,1,3,fact,"For Intermodal in 2025: Revenues: C$3,892 million","Intermodal; C$3,892 million",S1,filing,filing-source,2,filing,filing,false,false,true,true,false,forum; aggregator,none,,,filing,filing,true,true,false,1,false
20261007T041204202903Z-codex.web.MH06.r1-a1,web,multi_hop_document,MH06,1,4,fact,"For Intermodal in 2025: Revenue ton miles: 52,249 million","Intermodal; 52,249 million",S1,filing,filing-source,2,filing,filing,false,false,true,false,false,forum; aggregator,none,,,filing,filing,true,false,false,1,false
20261007T041204202903Z-codex.web.MH06.r1-a1,web,multi_hop_document,MH06,1,5,fact,For Intermodal in 2025: International market: 63% of the group’s revenues,Intermodal; 63%,S1,filing,filing-source,2,filing,filing,false,false,true,true,false,forum; aggregator,none,,,filing,filing,true,true,false,1,false
20261007T041204203163Z-codex.archivist.MH06.r1-a1,archivist,multi_hop_document,MH06,1,1,fact,CN’s largest commodity group was Intermodal.,CN; Intermodal,S1,filing,mosaic-finance.com,2,filing,filing,false,false,true,false,false,,none,,,filing,filing,true,false,false,2,false
20261007T041204203163Z-codex.archivist.MH06.r1-a1,archivist,multi_hop_document,MH06,1,2,fact,"Intermodal, accounting for 22% of total revenues for the year ended December 31, 2025.","Intermodal; 22%; December 31, 2025",S1,filing,mosaic-finance.com,3,filing,filing,false,false,true,false,false,,none,,,filing,filing,true,false,false,1,false
20261007T041204203163Z-codex.archivist.MH06.r1-a1,archivist,multi_hop_document,MH06,1,3,fact,"Revenues: C$3,892 million","C$3,892 million",S2,filing,mosaic-finance.com,1,filing,filing,false,false,true,false,false,,none,,,filing,filing,true,false,false,1,false
20261007T041204203163Z-codex.archivist.MH06.r1-a1,archivist,multi_hop_document,MH06,1,4,fact,"Revenue ton miles: 52,249 million","52,249 million",S2,filing,mosaic-finance.com,1,filing,filing,false,false,true,false,false,,none,,,filing,filing,true,false,false,1,false
20261007T041204203163Z-codex.archivist.MH06.r1-a1,archivist,multi_hop_document,MH06,1,5,fact,International market share of group revenues: 63%,63%,S2,filing,mosaic-finance.com,1,filing,filing,false,false,true,false,false,,none,,,filing,filing,true,false,false,1,false
20261007T041204203163Z-codex.archivist.MH06.r1-a1,archivist,multi_hop_document,MH06,1,6,fact,"2025 annual MD&A, filed February 4, 2026","February 4, 2026",S2,filing,mosaic-finance.com,1,unattributed,,false,false,false,false,false,,none,,,unattributed,,false,false,false,1,false
20261007T041224443234Z-codex.both.MH06.r1-a1,both,multi_hop_document,MH06,1,1,fact,"CN’s largest commodity group was Intermodal, accounting for 22% of total revenues for the year ended December 31, 2025.","CN; Intermodal; 22%; December 31, 2025",S1,filing,mosaic-finance.com,4,filing,filing,false,false,true,false,false,,none,,,filing,filing,true,false,false,1,false
20261007T041224443234Z-codex.both.MH06.r1-a1,both,multi_hop_document,MH06,1,2,fact,"Revenues: C$3,892 million.","C$3,892 million",S2,filing,mosaic-finance.com,1,filing,filing,false,false,true,false,false,,none,,,filing,filing,true,false,false,1,false
20261007T041224443234Z-codex.both.MH06.r1-a1,both,multi_hop_document,MH06,1,3,fact,"Revenue ton miles: 52,249 million.","52,249 million",S2,filing,mosaic-finance.com,1,filing,filing,false,false,true,false,false,,none,,,filing,filing,true,false,false,1,false
20261007T041224443234Z-codex.both.MH06.r1-a1,both,multi_hop_document,MH06,1,4,fact,International market: 63% of Intermodal revenues.,63%; Intermodal,S2,filing,mosaic-finance.com,2,filing,filing,false,false,true,false,false,,none,,,filing,filing,true,false,false,1,false
20261007T041226162797Z-codex.web.MH07.r1-a1,web,multi_hop_document,MH07,1,1,fact,"Greater China’s fiscal 2026 revenues were $5,847 million US dollars.","Greater China; fiscal 2026; $5,847",S1,filing,filing-source,2,filing,filing,false,false,true,true,false,issuer; forum; aggregator,none,,,filing,filing,true,true,false,1,false
20261007T041226162797Z-codex.web.MH07.r1-a1,web,multi_hop_document,MH07,1,2,fact,"Greater China’s fiscal 2026 EBIT was $1,278 million US dollars.","Greater China; fiscal 2026; $1,278",S1,filing,filing-source,2,filing,filing,false,false,true,false,false,issuer; forum; aggregator,none,,,filing,filing,true,false,false,1,false
20261007T041226162797Z-codex.web.MH07.r1-a1,web,multi_hop_document,MH07,1,3,fact,"Greater China’s fiscal 2026 footwear revenues were $4,188 million US dollars.","Greater China; fiscal 2026; $4,188",S1,filing,filing-source,2,filing,filing,false,false,true,true,false,issuer; forum; aggregator,none,,,filing,filing,true,true,false,1,false
20261007T041226162797Z-codex.web.MH07.r1-a1,web,multi_hop_document,MH07,1,4,fact,"Source: NIKE FY2026 Form 10-K, Greater China table, p. 39.",NIKE; FY2026 Form 10-K; Greater China; p. 39,S1,filing,filing-source,4,secondary,issuer,false,false,false,false,false,issuer; forum; aggregator,none,,,secondary,issuer,false,false,false,4,false
20261007T041226162797Z-codex.web.MH07.r1-a1,web,multi_hop_document,MH07,1,5,fact,"EBIT margin: 21.86%, calculated as $1,278 ÷ $5,847 × 100.","21.86%; $1,278; $5,847; 100",,,,3,filing,filing,false,false,true,false,false,aggregator,none,,,filing,filing,true,false,false,3,false
20261007T041247199109Z-codex.archivist.MH07.r1-a1,archivist,multi_hop_document,MH07,1,1,fact,"For fiscal 2026 (year ended May 31, 2026), Greater China reported revenues of $5,847 million.","fiscal 2026; May 31, 2026; Greater China; $5,847 million",,,,3,filing,filing,false,false,true,false,false,,none,,,filing,filing,true,false,false,1,false
20261007T041247199109Z-codex.archivist.MH07.r1-a1,archivist,multi_hop_document,MH07,1,2,fact,"Greater China reported fiscal 2026 footwear revenues of $4,188 million (10-K, p. 38).","Greater China; fiscal 2026; $4,188 million; 10-K; p. 38",S1,filing,mosaic-finance.com,3,unattributed,,false,false,false,false,false,,none,,,filing,filing,true,false,false,1,false
20261007T041247199109Z-codex.archivist.MH07.r1-a1,archivist,multi_hop_document,MH07,1,3,fact,"Greater China reported fiscal 2026 EBIT of $1,278 million (10-K, Greater China segment table).","Greater China; fiscal 2026; $1,278 million; 10-K",S2,filing,mosaic-finance.com,2,filing,filing,false,false,true,false,false,,none,,,filing,filing,true,false,false,1,false
20261007T041247199109Z-codex.archivist.MH07.r1-a1,archivist,multi_hop_document,MH07,1,4,fact,"Its calculated EBIT margin was 21.86%: $1,278 ÷ $5,847 × 100.","21.86%; $1,278; $5,847; 100",,,,3,unattributed,,false,false,false,false,false,,none,,,unattributed,,false,false,false,3,false
20261007T041302071965Z-codex.both.MH07.r1-a1,both,multi_hop_document,MH07,1,1,fact,"Greater China’s fiscal 2026 revenues were $5,847, in millions of US dollars.","Greater China; fiscal 2026; $5,847",S1,filing,filing-source,2,filing,filing,false,false,true,true,false,issuer; forum; aggregator; news,none,,,filing,filing,true,true,false,1,false
20261007T041302071965Z-codex.both.MH07.r1-a1,both,multi_hop_document,MH07,1,2,fact,"Greater China’s fiscal 2026 EBIT was $1,278, in millions of US dollars.","Greater China; fiscal 2026; $1,278",S1,filing,filing-source,2,filing,filing,false,false,true,false,false,issuer; forum; aggregator; news,none,,,filing,filing,true,false,false,1,false
20261007T041302071965Z-codex.both.MH07.r1-a1,both,multi_hop_document,MH07,1,3,fact,"Greater China’s fiscal 2026 footwear revenues were $4,188, in millions of US dollars.","Greater China; fiscal 2026; $4,188",S1,filing,filing-source,2,filing,filing,false,false,true,true,false,issuer; forum; aggregator; news,none,,,filing,filing,true,true,false,1,false
20261007T041302071965Z-codex.both.MH07.r1-a1,both,multi_hop_document,MH07,1,4,fact,"Greater China’s EBIT margin: 21.86%, calculated as $1,278 ÷ $5,847 × 100.","Greater China; 21.86%; $1,278; $5,847; 100",,,,4,filing,filing,false,false,true,false,false,issuer; forum; aggregator; news,none,,,filing,filing,true,false,false,3,false
20261007T041305434314Z-codex.web.MH08.r1-a1,web,multi_hop_document,MH08,1,1,fact,PWS settlement payments: $10.5–$12.5 billion total,PWS; $10.5–$12.5 billion,,,,3,filing,filing,false,false,true,true,false,issuer; aggregator,none,,,filing,filing,true,true,false,2,false
20261007T041305434314Z-codex.web.MH08.r1-a1,web,multi_hop_document,MH08,1,2,fact,PWS settlement payments: payable from 2024 through 2036.,PWS; 2024 through 2036,,,,2,filing,filing,false,false,true,false,false,issuer; aggregator,none,,,filing,filing,true,false,false,2,false
20261007T041305434314Z-codex.web.MH08.r1-a1,web,multi_hop_document,MH08,1,3,fact,"PWS charge: $10.3 billion pre-tax, recorded in Q2 2023",PWS; $10.3 billion; Q2 2023,S1,filing,filing-source,3,secondary,issuer,false,false,false,false,false,issuer; aggregator,none,,,filing,filing,true,false,false,1,false
20261007T041305434314Z-codex.web.MH08.r1-a1,web,multi_hop_document,MH08,1,4,fact,PWS charge: reflecting the present value of expected $12.5 billion nominal payments,PWS; $12.5 billion,S1,filing,filing-source,2,filing,filing,false,false,true,true,false,issuer; aggregator,none,,,filing,filing,true,true,false,1,false
20261007T041305434314Z-codex.web.MH08.r1-a1,web,multi_hop_document,MH08,1,5,fact,PWS charge: using an estimated 5.2% discount rate at the time of the proposed settlement.,PWS; 5.2%,S1,filing,filing-source,2,filing,filing,false,false,true,false,false,issuer; aggregator,none,,,filing,filing,true,false,false,1,false
20261007T041305434314Z-codex.web.MH08.r1-a1,web,multi_hop_document,MH08,1,6,fact,"Combined PWS and CAE payments through December 31, 2025: $8.2 billion in aggregate.","PWS; CAE; December 31, 2025; $8.2 billion",S1,filing,filing-source,4,filing,filing,false,false,true,false,false,issuer; forum; aggregator,none,,,filing,filing,true,false,false,1,false
20261007T041320795021Z-codex.archivist.MH08.r1-a1,archivist,multi_hop_document,MH08,1,1,fact,"3M’s fiscal 2025 Form 10-K, filed February 3, 2026","3M; fiscal 2025; Form 10-K; February 3, 2026",,,,2,unattributed,,false,false,false,false,false,,none,,,unattributed,,false,false,false,2,false
20261007T041320795021Z-codex.archivist.MH08.r1-a1,archivist,multi_hop_document,MH08,1,2,fact,"PWS settlement total and timing: $10.5–$12.5 billion, with payments from 2024 through 2036 under the amended settlement.",PWS; $10.5–$12.5 billion; from 2024 through 2036,,,,4,filing,filing,false,false,true,false,false,,none,,,filing,filing,true,false,false,2,false
20261007T041320795021Z-codex.archivist.MH08.r1-a1,archivist,multi_hop_document,MH08,1,3,fact,"Charge: $10.3 billion pre-tax in Q2 2023, representing the present value of expected nominal payments of $12.5 billion, discounted at an estimated 5.2% rate.",$10.3 billion; Q2 2023; $12.5 billion; 5.2%,S1,filing,mosaic-finance.com,4,unattributed,,false,false,false,false,false,,none,,,filing,filing,true,false,false,3,false
20261007T041320795021Z-codex.archivist.MH08.r1-a1,archivist,multi_hop_document,MH08,1,4,fact,"Combined PWS and CAE payments through December 31, 2025: $8.2 billion in aggregate.","PWS; CAE; December 31, 2025; $8.2 billion",S2,filing,mosaic-finance.com,4,filing,filing,false,false,true,false,false,,none,,,filing,filing,true,false,false,1,false
20261007T041321933330Z-codex.both.MH08.r1-a1,both,multi_hop_document,MH08,1,1,fact,"PWS settlement payments: $10.5–$12.5 billion in total, paid from 2024 through 2036.",PWS; $10.5–$12.5 billion; 2024 through 2036,,,,4,filing,filing,false,false,true,true,false,issuer; aggregator,none,,,filing,filing,true,true,false,2,false
20261007T041321933330Z-codex.both.MH08.r1-a1,both,multi_hop_document,MH08,1,2,fact,"Accounting charge: $10.3 billion pre-tax, recorded in Q2 2023, reflecting the present value of expected $12.5 billion nominal payments at an estimated 5.2% discount rate.",$10.3 billion; Q2 2023; $12.5 billion; 5.2%,S1,filing,filing-source,4,secondary,issuer,false,false,false,false,false,issuer; aggregator,none,,,filing,filing,true,true,false,3,false
20261007T041321933330Z-codex.both.MH08.r1-a1,both,multi_hop_document,MH08,1,3,fact,"Combined payments under the PWS and CAE settlements through December 31, 2025: $8.2 billion in aggregate.","PWS; CAE; December 31, 2025; $8.2 billion",S1,filing,filing-source,4,filing,filing,false,false,true,true,false,issuer; aggregator,none,,,filing,filing,true,true,false,1,false
20261007T041336750498Z-codex.web.MH09.r1-a1,web,multi_hop_document,MH09,1,1,fact,€200 million for DMA noncompliance of Meta’s “subscription for no ads” model,€200 million; DMA; Meta,S1,filing,filing-source,2,filing,filing,false,false,true,true,false,issuer; forum; aggregator; news; reference,none,,,filing,filing,true,true,false,2,false
20261007T041336750498Z-codex.web.MH09.r1-a1,web,multi_hop_document,MH09,1,2,fact,"Meta appealed on July 4, 2025.","Meta; July 4, 2025",S1,filing,filing-source,2,filing,filing,false,false,true,true,false,issuer; forum; aggregator; news; reference,none,,,filing,filing,true,true,false,2,false
20261007T041336750498Z-codex.web.MH09.r1-a1,web,multi_hop_document,MH09,1,3,fact,"2025 Europe revenue: US$46,569 million, based on customer addresses.","Europe; US$46,569 million",S1,filing,filing-source,2,filing,filing,false,false,true,false,false,issuer; forum; aggregator; news; reference,none,,,filing,filing,true,false,false,1,false
20261007T041336750498Z-codex.web.MH09.r1-a1,web,multi_hop_document,MH09,1,4,fact,The geography footnote explicitly includes Russia and Turkey in Europe.,Russia; Turkey; Europe,S1,filing,filing-source,3,filing,filing,false,false,true,true,false,issuer; forum; aggregator; news; reference,none,,,filing,filing,true,true,false,3,false
20261007T041346999992Z-codex.archivist.MH09.r1-a1,archivist,multi_hop_document,MH09,1,1,fact,"Meta’s fiscal 2025 Form 10-K, filed January 29, 2026","Meta; Form 10-K; January 29, 2026",,,,3,unattributed,,false,false,false,false,false,,none,,,unattributed,,false,false,false,3,false
20261007T041346999992Z-codex.archivist.MH09.r1-a1,archivist,multi_hop_document,MH09,1,2,fact,€200 million for noncompliance of its “subscription for no ads” model with the DMA,€200 million; subscription for no ads; DMA,S1,filing,mosaic-finance.com,2,filing,filing,false,false,true,false,false,,none,,,filing,filing,true,false,false,2,false
20261007T041346999992Z-codex.archivist.MH09.r1-a1,archivist,multi_hop_document,MH09,1,3,fact,"appeal date: July 4, 2025","July 4, 2025",S1,filing,mosaic-finance.com,1,filing,filing,false,false,true,false,false,,none,,,filing,filing,true,false,false,1,false
20261007T041346999992Z-codex.archivist.MH09.r1-a1,archivist,multi_hop_document,MH09,1,4,fact,"2025 Europe revenue: US$46,569 million, based on customer addresses.","Europe; US$46,569 million",S2,filing,mosaic-finance.com,2,unattributed,,false,false,false,false,false,,none,,,unattributed,,false,false,false,1,false
20261007T041346999992Z-codex.archivist.MH09.r1-a1,archivist,multi_hop_document,MH09,1,5,fact,The geography footnote explicitly includes Russia and Turkey in Europe.,Russia; Turkey; Europe,S2,filing,mosaic-finance.com,3,filing,filing,false,false,true,false,false,,none,,,filing,filing,true,false,false,3,false
20261007T041351953233Z-codex.both.MH09.r1-a1,both,multi_hop_document,MH09,1,1,fact,"€200 million for noncompliance of its “subscription for no ads” model with DMA Article 5(2), imposed in April 2025.",€200 million; “subscription for no ads”; DMA Article 5(2); April 2025,S1,filing,filing-source,3,unattributed,,false,false,false,false,false,,none,,,unattributed,,false,false,false,3,false
20261007T041351953233Z-codex.both.MH09.r1-a1,both,multi_hop_document,MH09,1,2,fact,"Appeal date: July 4, 2025.","July 4, 2025",S1,filing,filing-source,1,filing,filing,false,false,true,true,false,aggregator; news,none,,,filing,filing,true,true,false,1,false
20261007T041351953233Z-codex.both.MH09.r1-a1,both,multi_hop_document,MH09,1,3,fact,"2025 Europe revenue: US$46,569 million, based on customer addresses.","Europe; US$46,569 million",S1,filing,filing-source,2,filing,filing,false,false,true,true,false,issuer; forum; aggregator; news,none,,,filing,filing,true,true,false,1,false
20261007T041351953233Z-codex.both.MH09.r1-a1,both,multi_hop_document,MH09,1,4,fact,Non-EU countries explicitly included in Europe: Russia and Turkey.,EU; Europe; Russia; Turkey,S1,filing,filing-source,4,filing,filing,false,false,true,true,false,issuer; forum; aggregator; news,none,,,filing,filing,true,true,false,4,false
20261007T041409219263Z-codex.web.MH10.r1-a1,web,multi_hop_document,MH10,1,1,fact,"Costco’s fiscal 2025 Form 10-K reports membership fee revenue (US$ millions): 5,323.","Costco; fiscal 2025 Form 10-K; 5,323",S1,filing,filing-source,3,secondary,issuer,false,false,false,false,false,issuer; forum; aggregator; reference,none,,,filing,filing,true,true,false,1,false
20261007T041409219263Z-codex.web.MH10.r1-a1,web,multi_hop_document,MH10,1,2,fact,"Costco’s fiscal 2025 Form 10-K reports year-end total paid members (thousands): 81,000.","Costco; fiscal 2025 Form 10-K; 81,000",S1,filing,filing-source,3,secondary,issuer,false,false,false,false,false,issuer; forum; aggregator; reference,none,,,filing,filing,true,true,false,1,false
20261007T041409219263Z-codex.web.MH10.r1-a1,web,multi_hop_document,MH10,1,3,fact,"Costco’s fiscal 2025 Form 10-K reports year-end Executive members (thousands; included in paid members): 38,700.","Costco; fiscal 2025 Form 10-K; Executive; 38,700",S1,filing,filing-source,4,secondary,issuer,false,false,false,false,false,issuer; forum; aggregator; reference,none,,,filing,filing,true,true,false,1,false
20261007T041409219263Z-codex.web.MH10.r1-a1,web,multi_hop_document,MH10,1,4,fact,"Source: Costco FY2025 Form 10-K, membership table p. 5 and membership fees p. 26.",Costco; FY2025 Form 10-K; p. 5; p. 26,S1,filing,filing-source,4,secondary,issuer,false,false,false,false,false,issuer; forum; aggregator; reference,none,,,secondary,issuer,false,false,false,4,false
20261007T041409219263Z-codex.web.MH10.r1-a1,web,multi_hop_document,MH10,1,5,fact,"Implied revenue per year-end paid member: $5,323 million ÷ 81 million = $65.72.","$5,323 million; 81 million; $65.72",,,,3,filing,filing,false,false,true,false,false,issuer; forum; aggregator,none,,,filing,filing,true,false,false,3,false
20261007T041409219263Z-codex.web.MH10.r1-a1,web,multi_hop_document,MH10,1,6,fact,"This uses the year-end member count, rather than an annual average.",,,,,0,unattributed,,true,false,false,false,false,,none,,,unattributed,,false,false,false,0,true
20261007T041410253288Z-codex.archivist.MH10.r1-a1,archivist,multi_hop_document,MH10,1,1,fact,"Costco’s fiscal 2025 Form 10-K, filed October 8, 2025","Costco; fiscal 2025; Form 10-K; October 8, 2025",,,,3,unattributed,,false,false,false,false,false,,none,,,unattributed,,false,false,false,3,false
20261007T041410253288Z-codex.archivist.MH10.r1-a1,archivist,multi_hop_document,MH10,1,2,fact,"Membership fee revenue: US$5,323 million.","US$5,323 million",S1,filing,mosaic-finance.com,1,filing,filing,false,false,true,false,false,,none,,,filing,filing,true,false,false,1,false
20261007T041410253288Z-codex.archivist.MH10.r1-a1,archivist,multi_hop_document,MH10,1,3,fact,"Year-end total paid members: 81,000 thousand","81,000 thousand",S2,filing,mosaic-finance.com,1,unattributed,,false,false,false,false,false,,none,,,unattributed,,false,false,false,1,false
20261007T041410253288Z-codex.archivist.MH10.r1-a1,archivist,multi_hop_document,MH10,1,4,fact,"including 38,700 thousand Executive members.","38,700 thousand; Executive members",S2,filing,mosaic-finance.com,2,filing,filing,false,false,true,false,false,,none,,,filing,filing,true,false,false,1,false
20261007T041410253288Z-codex.archivist.MH10.r1-a1,archivist,multi_hop_document,MH10,1,5,fact,"The implied membership fee revenue per year-end paid member is US$65.72: US$5,323 million ÷ 81 million members.","US$65.72; US$5,323 million; 81 million members",,,,3,unattributed,,false,false,false,false,false,,none,,,unattributed,,false,false,false,2,false
20261007T041410253288Z-codex.archivist.MH10.r1-a1,archivist,multi_hop_document,MH10,1,6,fact,"This uses the year-end member count, not an annual average.",,,,,0,unattributed,,true,false,false,false,false,,none,,,unattributed,,false,false,false,0,true
20261007T041425449615Z-codex.both.MH10.r1-a1,both,multi_hop_document,MH10,1,1,fact,"Costco’s fiscal 2025 Form 10-K reports membership fee revenue (US$ millions) of 5,323.","Costco; fiscal 2025; Form 10-K; 5,323",S1,filing,filing-source,3,filing,filing,false,false,true,true,false,issuer; forum; aggregator; news; reference,none,,,filing,filing,true,true,false,1,false
20261007T041425449615Z-codex.both.MH10.r1-a1,both,multi_hop_document,MH10,1,2,fact,"Costco’s fiscal 2025 Form 10-K reports year-end total paid members (thousands) of 81,000.","Costco; fiscal 2025; Form 10-K; 81,000",S1,filing,filing-source,3,filing,filing,false,false,true,true,false,issuer; forum; aggregator; news; reference,none,,,filing,filing,true,true,false,1,false
20261007T041425449615Z-codex.both.MH10.r1-a1,both,multi_hop_document,MH10,1,3,fact,"Costco’s fiscal 2025 Form 10-K reports year-end Executive members (thousands; included in paid members) of 38,700.","Costco; fiscal 2025; Form 10-K; Executive; 38,700",S1,filing,filing-source,4,filing,filing,false,false,true,true,false,issuer; forum; aggregator; news; reference,none,,,filing,filing,true,true,false,1,false
20261007T041425449615Z-codex.both.MH10.r1-a1,both,multi_hop_document,MH10,1,4,fact,"SEC filing record confirms October 8, 2025 filing.","SEC; October 8, 2025",S2,filing,filing-source,2,secondary,issuer,false,false,false,true,false,issuer; forum; aggregator; news; reference,none,,,secondary,issuer,false,true,false,2,false
20261007T041425449615Z-codex.both.MH10.r1-a1,both,multi_hop_document,MH10,1,5,fact,"Implied membership fee revenue per year-end paid member: $5,323 million ÷ 81 million = US$65.72.","$5,323 million; 81 million; US$65.72",,,,3,filing,filing,false,false,true,false,false,issuer; forum; aggregator,none,,,filing,filing,true,false,false,3,false
20261007T041434871030Z-codex.web.MH06.r2-a1,web,multi_hop_document,MH06,2,1,fact,Intermodal was CN’s largest commodity group.,Intermodal; CN,S1,filing,filing-source,2,filing,filing,false,false,true,true,false,issuer; forum; aggregator,none,,,filing,filing,true,true,false,2,false
20261007T041434871030Z-codex.web.MH06.r2-a1,web,multi_hop_document,MH06,2,2,fact,Intermodal accounted for 22% of 2025 total revenues.,Intermodal; 22%,S1,filing,filing-source,2,filing,filing,false,false,true,true,false,issuer,none,,,filing,filing,true,true,false,1,false
20261007T041434871030Z-codex.web.MH06.r2-a1,web,multi_hop_document,MH06,2,3,fact,"Its 2025 revenues were C$3,892 million.","C$3,892 million",S1,filing,filing-source,1,filing,filing,false,false,true,true,false,issuer,none,,,filing,filing,true,true,false,1,false
20261007T041434871030Z-codex.web.MH06.r2-a1,web,multi_hop_document,MH06,2,4,fact,"Its 2025 revenue ton miles were 52,249 million.","52,249 million",S1,filing,filing-source,1,filing,filing,false,false,true,true,false,issuer,none,,,filing,filing,true,true,false,1,false
20261007T041434871030Z-codex.web.MH06.r2-a1,web,multi_hop_document,MH06,2,5,fact,Its 2025 international market share of group revenues was 63%.,63%,S1,filing,filing-source,1,filing,filing,false,false,true,false,false,,none,,,filing,filing,true,false,false,1,false
20261007T041442103494Z-codex.archivist.MH06.r2-a1,archivist,multi_hop_document,MH06,2,1,fact,"CN’s largest commodity group was Intermodal, accounting for 22% of total revenues for the year ended December 31, 2025.","CN; Intermodal; 22%; December 31, 2025",S1,filing,mosaic-finance.com,4,filing,filing,false,false,true,false,false,,none,,,filing,filing,true,false,false,1,false
20261007T041442103494Z-codex.archivist.MH06.r2-a1,archivist,multi_hop_document,MH06,2,2,fact,"Revenues: C$3,892 million","C$3,892 million",S2,filing,mosaic-finance.com,1,filing,filing,false,false,true,false,false,,none,,,filing,filing,true,false,false,1,false
20261007T041442103494Z-codex.archivist.MH06.r2-a1,archivist,multi_hop_document,MH06,2,3,fact,"Revenue ton miles: 52,249 million","52,249 million",S2,filing,mosaic-finance.com,1,filing,filing,false,false,true,false,false,,none,,,filing,filing,true,false,false,1,false
20261007T041442103494Z-codex.archivist.MH06.r2-a1,archivist,multi_hop_document,MH06,2,4,fact,International market: 63% of Intermodal revenues,63%; Intermodal,S2,filing,mosaic-finance.com,2,filing,filing,false,false,true,false,false,,none,,,filing,filing,true,false,false,1,false
20261007T041442103494Z-codex.archivist.MH06.r2-a1,archivist,multi_hop_document,MH06,2,5,fact,"2025 annual MD&A, filed February 4, 2026","2025 annual MD&A; February 4, 2026",S2,filing,mosaic-finance.com,2,unattributed,,false,false,false,false,false,,none,,,unattributed,,false,false,false,2,false
20261007T041450519212Z-codex.both.MH06.r2-a1,both,multi_hop_document,MH06,2,1,fact,"Intermodal was CN’s largest commodity group for the year ended December 31, 2025.","Intermodal; CN; December 31, 2025",S1,filing,mosaic-finance.com,3,filing,filing,false,false,true,false,false,,none,,,filing,filing,true,false,false,3,false
20261007T041450519212Z-codex.both.MH06.r2-a1,both,multi_hop_document,MH06,2,2,fact,Intermodal accounted for 22% of total revenues.,Intermodal; 22%,S1,filing,mosaic-finance.com,2,filing,filing,false,false,true,false,false,,none,,,filing,filing,true,false,false,1,false
20261007T041450519212Z-codex.both.MH06.r2-a1,both,multi_hop_document,MH06,2,3,fact,"Its 2025 revenues were C$3,892 million.","C$3,892 million",S2,filing,mosaic-finance.com,1,filing,filing,false,false,true,false,false,,none,,,filing,filing,true,false,false,1,false
20261007T041450519212Z-codex.both.MH06.r2-a1,both,multi_hop_document,MH06,2,4,fact,"Its 2025 revenue ton miles were 52,249 million.","52,249 million",S2,filing,mosaic-finance.com,1,filing,filing,false,false,true,false,false,,none,,,filing,filing,true,false,false,1,false
20261007T041450519212Z-codex.both.MH06.r2-a1,both,multi_hop_document,MH06,2,5,fact,International market: 63% of Intermodal revenues.,63%; Intermodal,S2,filing,mosaic-finance.com,2,filing,filing,false,false,true,false,false,,none,,,filing,filing,true,false,false,1,false
20261007T041450519212Z-codex.both.MH06.r2-a1,both,multi_hop_document,MH06,2,6,fact,"Annual MD&A filed February 4, 2026.","February 4, 2026",S2,filing,mosaic-finance.com,1,unattributed,,false,false,false,false,false,,none,,,unattributed,,false,false,false,1,false
20261007T041502418850Z-codex.web.MH07.r2-a1,web,multi_hop_document,MH07,2,1,fact,"Greater China’s fiscal 2026 results, in millions of US dollars: Revenues $5,847.","Greater China; fiscal 2026; $5,847",S1,filing,filing-source,2,filing,filing,false,false,true,true,false,issuer; forum; aggregator; news,none,,,filing,filing,true,true,false,1,false
20261007T041502418850Z-codex.web.MH07.r2-a1,web,multi_hop_document,MH07,2,2,fact,"Greater China’s fiscal 2026 results, in millions of US dollars: EBIT $1,278.","Greater China; fiscal 2026; $1,278",S1,filing,filing-source,2,filing,filing,false,false,true,false,false,issuer; forum; aggregator; news,none,,,filing,filing,true,false,false,1,false
20261007T041502418850Z-codex.web.MH07.r2-a1,web,multi_hop_document,MH07,2,3,fact,"Greater China’s fiscal 2026 results, in millions of US dollars: Footwear revenues $4,188.","Greater China; fiscal 2026; $4,188",S1,filing,filing-source,2,filing,filing,false,false,true,true,false,issuer; forum; aggregator; news,none,,,filing,filing,true,true,false,1,false
20261007T041502418850Z-codex.web.MH07.r2-a1,web,multi_hop_document,MH07,2,4,fact,"EBIT margin: 21.86%, calculated as $1,278 ÷ $5,847 × 100.","21.86%; $1,278; $5,847; 100",,,,3,filing,filing,false,false,true,false,false,aggregator,none,,,filing,filing,true,false,false,3,false
20261007T041511614737Z-codex.archivist.MH07.r2-a1,archivist,multi_hop_document,MH07,2,1,fact,"For fiscal 2026 (year ended May 31, 2026), Greater China reported revenues of $5,847, in millions of US dollars.","fiscal 2026; May 31, 2026; Greater China; $5,847; millions of US dollars",S1,filing,mosaic-finance.com,4,unattributed,,false,false,false,false,false,,none,,,filing,filing,true,false,false,1,false
20261007T041511614737Z-codex.archivist.MH07.r2-a1,archivist,multi_hop_document,MH07,2,2,fact,"For fiscal 2026 (year ended May 31, 2026), Greater China reported EBIT of $1,278, in millions of US dollars.","fiscal 2026; May 31, 2026; Greater China; $1,278; millions of US dollars",S1,filing,mosaic-finance.com,4,unattributed,,false,false,false,false,false,,none,,,filing,filing,true,false,false,1,false
20261007T041511614737Z-codex.archivist.MH07.r2-a1,archivist,multi_hop_document,MH07,2,3,fact,"For fiscal 2026 (year ended May 31, 2026), Greater China reported footwear revenues of $4,188, in millions of US dollars.","fiscal 2026; May 31, 2026; Greater China; $4,188; millions of US dollars",S2,filing,mosaic-finance.com,4,unattributed,,false,false,false,false,false,,none,,,filing,filing,true,false,false,1,false
20261007T041511614737Z-codex.archivist.MH07.r2-a1,archivist,multi_hop_document,MH07,2,4,fact,"NIKE’s Form 10-K filed July 15, 2026","NIKE; Form 10-K; July 15, 2026",S1; S2,filing,mosaic-finance.com,3,unattributed,,false,false,false,false,false,,none,,,unattributed,,false,false,false,3,false
20261007T041511614737Z-codex.archivist.MH07.r2-a1,archivist,multi_hop_document,MH07,2,5,fact,"Calculated EBIT margin: 21.86% = $1,278 ÷ $5,847 × 100.","21.86%; $1,278; $5,847; 100",,,,3,unattributed,,false,false,false,false,false,,none,,,unattributed,,false,false,false,3,false
20261007T041516164908Z-codex.both.MH07.r2-a1,both,multi_hop_document,MH07,2,1,fact,"For fiscal 2026 (year ended May 31, 2026), Greater China reported, in millions of US dollars: Revenues: $5,847 million","fiscal 2026; May 31, 2026; Greater China; US dollars; $5,847 million",S1,filing,mosaic-finance.com,4,unattributed,,false,false,false,false,false,,none,,,filing,filing,true,false,false,1,false
20261007T041516164908Z-codex.both.MH07.r2-a1,both,multi_hop_document,MH07,2,2,fact,"EBIT: $1,278 million. NIKE 2026 Form 10-K, segment information","$1,278 million; NIKE; 2026 Form 10-K",S1,filing,mosaic-finance.com,3,filing,filing,false,false,true,false,false,,none,,,filing,filing,true,false,false,1,false
20261007T041516164908Z-codex.both.MH07.r2-a1,both,multi_hop_document,MH07,2,3,fact,"Footwear revenues: $4,188 million. Greater China revenue breakdown","$4,188 million; Greater China",S2,filing,mosaic-finance.com,2,filing,filing,false,false,true,false,false,,none,,,filing,filing,true,false,false,1,false
20261007T041516164908Z-codex.both.MH07.r2-a1,both,multi_hop_document,MH07,2,4,fact,"Its calculated EBIT margin was 21.86%: $1,278 ÷ $5,847 × 100.","21.86%; $1,278; $5,847; 100",,,,3,unattributed,,false,false,false,false,false,,none,,,unattributed,,false,false,false,3,false
20261007T041540795707Z-codex.web.MH08.r2-a1,web,multi_hop_document,MH08,2,1,fact,"PWS total and timing: $10.5 billion–$12.5 billion, with payments from 2024 through 2036.",PWS; $10.5 billion–$12.5 billion; 2024 through 2036,,,,4,filing,filing,false,false,true,false,false,issuer; aggregator,none,,,filing,filing,true,false,false,2,false
20261007T041540795707Z-codex.web.MH08.r2-a1,web,multi_hop_document,MH08,2,2,fact,"PWS charge: $10.3 billion pre-tax in Q2 2023, reflecting the present value of expected nominal payments of $12.5 billion, discounted at an estimated 5.2% rate at the time of the proposed settlement.",PWS; $10.3 billion; Q2 2023; $12.5 billion; 5.2%,S1,filing,filing-source,5,secondary,issuer,false,false,false,false,false,issuer; aggregator,none,,,filing,filing,true,false,false,3,false
20261007T041540795707Z-codex.web.MH08.r2-a1,web,multi_hop_document,MH08,2,3,fact,"Combined PWS and CAE payments through December 31, 2025: $8.2 billion in aggregate.","PWS; CAE; December 31, 2025; $8.2 billion",S1,filing,filing-source,4,filing,filing,false,false,true,true,false,issuer; forum; aggregator,none,,,filing,filing,true,true,false,1,false
20261007T041544386899Z-codex.archivist.MH08.r2-a1,archivist,multi_hop_document,MH08,2,1,fact,3M will pay $10.5–$12.5 billion under the PWS Settlement.,3M; $10.5–$12.5 billion; PWS Settlement,,,,3,filing,filing,false,false,true,false,false,,none,,,filing,filing,true,false,false,2,false
20261007T041544386899Z-codex.archivist.MH08.r2-a1,archivist,multi_hop_document,MH08,2,2,fact,Payments under the amended settlement running 2024–2036.,2024–2036,,,,0,unattributed,,true,false,false,false,false,,none,,,unattributed,,false,false,false,0,true
20261007T041544386899Z-codex.archivist.MH08.r2-a1,archivist,multi_hop_document,MH08,2,3,fact,3M recorded a $10.3 billion pre-tax charge in Q2 2023.,3M; $10.3 billion; Q2 2023,S1,filing,mosaic-finance.com,2,unattributed,,false,false,false,false,false,,none,,,filing,filing,true,false,false,1,false
20261007T041544386899Z-codex.archivist.MH08.r2-a1,archivist,multi_hop_document,MH08,2,4,fact,Representing the present value of expected nominal payments of $12.5 billion.,$12.5 billion,S1,filing,mosaic-finance.com,1,filing,filing,false,false,true,false,false,,none,,,filing,filing,true,false,false,1,false
20261007T041544386899Z-codex.archivist.MH08.r2-a1,archivist,multi_hop_document,MH08,2,5,fact,Discounted at an estimated 5.2% rate.,5.2%,S1,filing,mosaic-finance.com,1,filing,filing,false,false,true,false,false,,none,,,filing,filing,true,false,false,1,false
20261007T041544386899Z-codex.archivist.MH08.r2-a1,archivist,multi_hop_document,MH08,2,6,fact,"Paid through December 31, 2025: $8.2 billion in aggregate under the PWS and Combat Arms Earplugs (CAE) settlements.","December 31, 2025; $8.2 billion; PWS; Combat Arms Earplugs (CAE)",S2,filing,mosaic-finance.com,4,unattributed,,false,false,false,false,false,,none,,,filing,filing,true,false,false,1,false
20261007T041557183251Z-codex.both.MH08.r2-a1,both,multi_hop_document,MH08,2,1,fact,"PWS total and timing: $10.5 billion–$12.5 billion, payable from 2024 through 2036.",PWS; $10.5 billion–$12.5 billion; 2024 through 2036,,,,4,filing,filing,false,false,true,false,false,issuer; aggregator,none,,,filing,filing,true,true,false,2,false
20261007T041557183251Z-codex.both.MH08.r2-a1,both,multi_hop_document,MH08,2,2,fact,"PWS accounting charge: $10.3 billion pre-tax in Q2 2023, representing the present value of expected nominal payments of $12.5 billion, discounted at an estimated 5.2% rate at the time of the proposed settlement.",PWS; $10.3 billion; Q2 2023; $12.5 billion; 5.2%,S1,filing,filing-source,5,secondary,issuer,false,false,false,false,false,issuer; aggregator,none,,,filing,filing,true,false,false,3,false
20261007T041557183251Z-codex.both.MH08.r2-a1,both,multi_hop_document,MH08,2,3,fact,"Combined PWS and CAE payments through December 31, 2025: $8.2 billion in aggregate.","PWS; CAE; December 31, 2025; $8.2 billion",S1,filing,filing-source,4,filing,filing,false,false,true,false,false,issuer; forum; aggregator,none,,,filing,filing,true,false,false,1,false
20261007T041607313078Z-codex.web.MH09.r2-a1,web,multi_hop_document,MH09,2,1,fact,€200 million for DMA noncompliance of Meta’s “subscription for no ads” model.,€200 million; DMA; Meta; subscription for no ads,S1,filing,filing-source,3,filing,filing,false,false,true,true,false,issuer; forum; aggregator; news; reference,none,,,filing,filing,true,true,false,3,false
20261007T041607313078Z-codex.web.MH09.r2-a1,web,multi_hop_document,MH09,2,2,fact,"appeal date: July 4, 2025.","July 4, 2025",S1,filing,filing-source,1,filing,filing,false,false,true,true,false,news,none,,,filing,filing,true,true,false,1,false
20261007T041607313078Z-codex.web.MH09.r2-a1,web,multi_hop_document,MH09,2,3,fact,"2025 Europe revenue: US$46,569 million, based on customer addresses.","Europe; US$46,569 million",S1,filing,filing-source,2,filing,filing,false,false,true,false,false,issuer; forum; aggregator; news; reference,none,,,filing,filing,true,false,false,1,false
20261007T041607313078Z-codex.web.MH09.r2-a1,web,multi_hop_document,MH09,2,4,fact,The geography footnote explicitly includes Russia and Turkey in Europe.,Russia; Turkey; Europe,S1,filing,filing-source,3,filing,filing,false,false,true,true,false,issuer; forum; aggregator; news; reference,none,,,filing,filing,true,true,false,3,false
20261007T041613168525Z-codex.archivist.MH09.r2-a1,archivist,multi_hop_document,MH09,2,1,fact,"Meta’s fiscal 2025 Form 10-K, filed January 29, 2026","Meta; fiscal 2025; Form 10-K; January 29, 2026",,,,3,unattributed,,false,false,false,false,false,,none,,,unattributed,,false,false,false,3,false
20261007T041613168525Z-codex.archivist.MH09.r2-a1,archivist,multi_hop_document,MH09,2,2,fact,€200 million for noncompliance of its “subscription for no ads” model with the DMA.,€200 million; subscription for no ads; DMA,S1,filing,mosaic-finance.com,2,filing,filing,false,false,true,false,false,,none,,,filing,filing,true,false,false,2,false
20261007T041613168525Z-codex.archivist.MH09.r2-a1,archivist,multi_hop_document,MH09,2,3,fact,"Appeal date: July 4, 2025.","July 4, 2025",S1,filing,mosaic-finance.com,1,filing,filing,false,false,true,false,false,,none,,,filing,filing,true,false,false,1,false
20261007T041613168525Z-codex.archivist.MH09.r2-a1,archivist,multi_hop_document,MH09,2,4,fact,"Europe revenue for the year ended December 31, 2025: US$46,569 million","Europe; December 31, 2025; US$46,569 million",S2,filing,mosaic-finance.com,3,unattributed,,false,false,false,false,false,,none,,,unattributed,,false,false,false,1,false
20261007T041613168525Z-codex.archivist.MH09.r2-a1,archivist,multi_hop_document,MH09,2,5,fact,allocated by customer addresses,,S2,filing,mosaic-finance.com,0,filing,filing,true,false,false,false,false,,none,,,filing,filing,false,false,false,0,true
20261007T041613168525Z-codex.archivist.MH09.r2-a1,archivist,multi_hop_document,MH09,2,6,fact,The geography footnote explicitly includes Russia and Turkey in Europe.,Russia; Turkey; Europe,S2,filing,mosaic-finance.com,3,filing,filing,false,false,true,false,false,,none,,,filing,filing,true,false,false,3,false
20261007T041623170351Z-codex.both.MH09.r2-a1,both,multi_hop_document,MH09,2,1,fact,€200 million for DMA noncompliance of Meta’s “subscription for no ads” model,€200 million; DMA; Meta; subscription for no ads,S1,filing,filing-source,3,filing,filing,false,false,true,true,false,issuer; forum; aggregator; news; reference; other,none,,,filing,filing,true,true,false,3,false
20261007T041623170351Z-codex.both.MH09.r2-a1,both,multi_hop_document,MH09,2,2,fact,"appeal date: July 4, 2025.","July 4, 2025",S1,filing,filing-source,1,filing,filing,false,false,true,true,false,aggregator,none,,,filing,filing,true,true,false,1,false
20261007T041623170351Z-codex.both.MH09.r2-a1,both,multi_hop_document,MH09,2,3,fact,"2025 Europe revenue: US$46,569 million","Europe; US$46,569 million",S1,filing,filing-source,2,filing,filing,false,false,true,true,false,issuer; forum; aggregator; news; reference,none,,,filing,filing,true,true,false,1,false
20261007T041623170351Z-codex.both.MH09.r2-a1,both,multi_hop_document,MH09,2,4,fact,based on customer addresses.,,S1,filing,filing-source,0,filing,filing,true,false,false,false,false,,none,,,filing,filing,false,false,false,0,true
20261007T041623170351Z-codex.both.MH09.r2-a1,both,multi_hop_document,MH09,2,5,fact,The geography footnote explicitly includes Russia and Turkey in Europe.,Russia; Turkey; Europe,S1,filing,filing-source,3,filing,filing,false,false,true,true,false,issuer; forum; aggregator; news; reference,none,,,filing,filing,true,true,false,3,false
20261007T041639088855Z-codex.web.MH10.r2-a1,web,multi_hop_document,MH10,2,1,fact,"Costco’s fiscal 2025 Form 10-K reports membership fee revenue (US$ millions) of 5,323.","Costco; fiscal 2025 Form 10-K; 5,323",S1,filing,filing-source,3,secondary,issuer,false,false,false,false,false,issuer; forum; promotional; aggregator; news; reference,none,,,filing,filing,true,true,false,1,false
20261007T041639088855Z-codex.web.MH10.r2-a1,web,multi_hop_document,MH10,2,2,fact,"Costco’s fiscal 2025 Form 10-K reports year-end total paid members (thousands) of 81,000.","Costco; fiscal 2025 Form 10-K; 81,000",S1,filing,filing-source,3,secondary,issuer,false,false,false,false,false,issuer; forum; promotional; aggregator; news; reference,none,,,filing,filing,true,true,false,1,false
20261007T041639088855Z-codex.web.MH10.r2-a1,web,multi_hop_document,MH10,2,3,fact,"Costco’s fiscal 2025 Form 10-K reports year-end Executive members (thousands, included in total paid members) of 38,700.","Costco; fiscal 2025 Form 10-K; Executive; 38,700",S1,filing,filing-source,4,secondary,issuer,false,false,false,false,false,issuer; forum; promotional; aggregator; news; reference,none,,,filing,filing,true,true,false,1,false
20261007T041639088855Z-codex.web.MH10.r2-a1,web,multi_hop_document,MH10,2,4,fact,"Source: Costco FY2025 Form 10-K, pp. 5 and 37.",Costco FY2025 Form 10-K; 5; 37,S1,filing,filing-source,2,secondary,aggregator,false,false,false,false,false,aggregator,none,,,filing,filing,true,true,false,1,false
20261007T041639088855Z-codex.web.MH10.r2-a1,web,multi_hop_document,MH10,2,5,fact,"Costco FY2025 Form 10-K, filed October 8, 2025.","Costco FY2025 Form 10-K; October 8, 2025",S2,filing,filing-source,2,secondary,aggregator,false,false,false,false,false,aggregator; reference,none,,,secondary,aggregator,false,false,false,2,false
20261007T041639088855Z-codex.web.MH10.r2-a1,web,multi_hop_document,MH10,2,6,fact,"Implied membership fee revenue per year-end paid member: US$5,323 million ÷ 81 million members = US$65.72 per member.","US$5,323 million; 81 million members; US$65.72 per member",,,,3,secondary,issuer,false,false,false,false,false,issuer; aggregator,none,,,filing,filing,true,true,false,1,false
20261007T041651041224Z-codex.archivist.MH10.r2-a1,archivist,multi_hop_document,MH10,2,1,fact,"Costco’s fiscal 2025 Form 10-K, filed October 8, 2025","Costco; fiscal 2025; Form 10-K; October 8, 2025",,,,3,unattributed,,false,false,false,false,false,,none,,,unattributed,,false,false,false,3,false
20261007T041651041224Z-codex.archivist.MH10.r2-a1,archivist,multi_hop_document,MH10,2,2,fact,"Membership fee revenue: US$5,323 million.","US$5,323 million",S1,filing,mosaic-finance.com,1,filing,filing,false,false,true,false,false,,none,,,filing,filing,true,false,false,1,false
20261007T041651041224Z-codex.archivist.MH10.r2-a1,archivist,multi_hop_document,MH10,2,3,fact,"Year-end total paid members: 81,000 thousand","81,000 thousand",S2,filing,mosaic-finance.com,1,unattributed,,false,false,false,false,false,,none,,,unattributed,,false,false,false,1,false
20261007T041651041224Z-codex.archivist.MH10.r2-a1,archivist,multi_hop_document,MH10,2,4,fact,"including 38,700 thousand Executive members.","38,700 thousand; Executive members",S2,filing,mosaic-finance.com,2,filing,filing,false,false,true,false,false,,none,,,filing,filing,true,false,false,1,false
20261007T041651041224Z-codex.archivist.MH10.r2-a1,archivist,multi_hop_document,MH10,2,5,fact,"Implied revenue per year-end paid member: $5,323 million ÷ 81 million = US$65.72 (calculated using year-end membership, rather than average membership).","$5,323 million; 81 million; US$65.72",,,,3,unattributed,,false,false,false,false,false,,none,,,unattributed,,false,false,false,3,false
20261007T041652920476Z-codex.both.MH10.r2-a1,both,multi_hop_document,MH10,2,1,fact,"Costco’s fiscal 2025 Form 10-K reports membership fee revenue (US$ millions) of 5,323.","Costco; fiscal 2025; Form 10-K; US$ millions; 5,323",S1,filing,filing-source,4,secondary,issuer,false,false,false,false,false,issuer; forum; aggregator; reference,none,,,filing,filing,true,true,false,1,false
20261007T041652920476Z-codex.both.MH10.r2-a1,both,multi_hop_document,MH10,2,2,fact,"Costco’s fiscal 2025 Form 10-K reports year-end total paid members (thousands) of 81,000.","Costco; fiscal 2025; Form 10-K; 81,000; thousands",S1,filing,filing-source,4,filing,filing,false,false,true,true,false,issuer; forum; aggregator; reference,none,,,filing,filing,true,true,false,1,false
20261007T041652920476Z-codex.both.MH10.r2-a1,both,multi_hop_document,MH10,2,3,fact,"Costco’s fiscal 2025 Form 10-K reports year-end Executive members (thousands; included in paid members) of 38,700.","Costco; fiscal 2025; Form 10-K; Executive; 38,700; thousands",S1,filing,filing-source,5,filing,filing,false,false,true,true,false,issuer; forum; aggregator; reference,none,,,filing,filing,true,true,false,1,false
20261007T041652920476Z-codex.both.MH10.r2-a1,both,multi_hop_document,MH10,2,4,fact,"2025 Form 10-K, membership table and footnote (p. 5), consolidated income statement (p. 37).",2025 Form 10-K; p. 5; p. 37,S1,filing,filing-source,3,unattributed,,false,false,false,false,false,,none,,,unattributed,,false,false,false,3,false
20261007T041652920476Z-codex.both.MH10.r2-a1,both,multi_hop_document,MH10,2,5,fact,"SEC filing record dated October 8, 2025.","SEC; October 8, 2025",S2,filing,filing-source,2,secondary,issuer,false,false,false,true,false,issuer; forum; aggregator; reference,none,,,secondary,issuer,false,true,false,2,false
20261007T041652920476Z-codex.both.MH10.r2-a1,both,multi_hop_document,MH10,2,6,fact,"Implied membership fee revenue per year-end paid member: $5,323 million ÷ 81 million = US$65.72.","$5,323 million; 81 million; US$65.72",,,,3,filing,filing,false,false,true,false,false,issuer; forum; aggregator; reference,none,,,filing,filing,true,false,false,3,false
20261007T041712637985Z-codex.web.MH06.r3-a1,web,multi_hop_document,MH06,3,1,fact,Intermodal was CN’s largest commodity group.,Intermodal; CN,S1,issuer,cn.ca,2,filing,filing,false,true,true,true,false,issuer; forum; aggregator,none,,,filing,filing,true,true,false,2,false
20261007T041712637985Z-codex.web.MH06.r3-a1,web,multi_hop_document,MH06,3,2,fact,accounting for 22% of 2025 total revenues.,22%,S1,issuer,cn.ca,1,filing,filing,false,true,true,true,false,issuer; reference,none,,,filing,filing,true,true,false,1,false
20261007T041712637985Z-codex.web.MH06.r3-a1,web,multi_hop_document,MH06,3,3,fact,"Its 2025 figures were: Revenues: C$3,892 million","C$3,892 million",S2,issuer,cn.ca,1,secondary,issuer,false,true,false,true,false,issuer,none,,,secondary,issuer,false,true,false,1,false
20261007T041712637985Z-codex.web.MH06.r3-a1,web,multi_hop_document,MH06,3,4,fact,"Its 2025 figures were: Revenue ton miles: 52,249 million","52,249 million",S2,issuer,cn.ca,1,secondary,issuer,false,true,false,true,false,issuer,none,,,secondary,issuer,false,true,false,1,false
20261007T041712637985Z-codex.web.MH06.r3-a1,web,multi_hop_document,MH06,3,5,fact,Its 2025 figures were: International market: 63% of Intermodal revenues,63%; Intermodal,S2,issuer,cn.ca,2,filing,filing,false,true,true,true,false,issuer; aggregator,none,,,filing,filing,true,true,false,1,false
20261007T041713030401Z-codex.archivist.MH06.r3-a1,archivist,multi_hop_document,MH06,3,1,fact,CN’s largest commodity group was Intermodal.,CN; Intermodal,S1,filing,mosaic-finance.com,2,filing,filing,false,false,true,false,false,,none,,,filing,filing,true,false,false,2,false
20261007T041713030401Z-codex.archivist.MH06.r3-a1,archivist,multi_hop_document,MH06,3,2,fact,"Intermodal accounted for 22% of total revenues for the year ended December 31, 2025.","Intermodal; 22%; December 31, 2025",S1,filing,mosaic-finance.com,3,filing,filing,false,false,true,false,false,,none,,,filing,filing,true,false,false,1,false
20261007T041713030401Z-codex.archivist.MH06.r3-a1,archivist,multi_hop_document,MH06,3,3,fact,"Its 2025 revenues were C$3,892 million.","C$3,892 million",S2,filing,mosaic-finance.com,1,filing,filing,false,false,true,false,false,,none,,,filing,filing,true,false,false,1,false
20261007T041713030401Z-codex.archivist.MH06.r3-a1,archivist,multi_hop_document,MH06,3,4,fact,"Its 2025 revenue ton miles were 52,249 million.","52,249 million",S2,filing,mosaic-finance.com,1,filing,filing,false,false,true,false,false,,none,,,filing,filing,true,false,false,1,false
20261007T041713030401Z-codex.archivist.MH06.r3-a1,archivist,multi_hop_document,MH06,3,5,fact,International market share of Intermodal revenues was 63% in 2025.,Intermodal; 63%,S2,filing,mosaic-finance.com,2,filing,filing,false,false,true,false,false,,none,,,filing,filing,true,false,false,1,false
20261007T041713030401Z-codex.archivist.MH06.r3-a1,archivist,multi_hop_document,MH06,3,6,fact,"2025 annual MD&A, filed February 4, 2026.","February 4, 2026",S2,filing,mosaic-finance.com,1,unattributed,,false,false,false,false,false,,none,,,unattributed,,false,false,false,1,false
20261007T041728767485Z-codex.both.MH06.r3-a1,both,multi_hop_document,MH06,3,1,fact,Intermodal was CN’s largest commodity group.,Intermodal; CN,S1,issuer,cn.ca,2,filing,filing,false,true,true,true,false,issuer; forum; aggregator,none,,,filing,filing,true,true,false,2,false
20261007T041728767485Z-codex.both.MH06.r3-a1,both,multi_hop_document,MH06,3,2,fact,Intermodal accounted for 22% of 2025 total revenues.,Intermodal; 22%,S1,issuer,cn.ca,2,secondary,issuer,false,true,false,true,false,issuer; forum; aggregator,none,,,secondary,issuer,false,true,false,1,false
20261007T041728767485Z-codex.both.MH06.r3-a1,both,multi_hop_document,MH06,3,3,fact,"2025 revenues: C$3,892 million.","C$3,892 million",S2,issuer,cn.ca,1,secondary,issuer,false,true,false,true,false,issuer; forum,none,,,secondary,issuer,false,true,false,1,false
20261007T041728767485Z-codex.both.MH06.r3-a1,both,multi_hop_document,MH06,3,4,fact,"2025 revenue ton miles: 52,249 million.","52,249 million",S2,issuer,cn.ca,1,secondary,issuer,false,true,false,true,false,issuer,none,,,secondary,issuer,false,true,false,1,false
20261007T041728767485Z-codex.both.MH06.r3-a1,both,multi_hop_document,MH06,3,5,fact,2025 international market: 63% of intermodal revenues.,63%,S2,issuer,cn.ca,1,secondary,issuer,false,true,false,true,false,issuer,none,,,secondary,issuer,false,true,false,1,false
20261007T041730871797Z-codex.web.MH07.r3-a1,web,multi_hop_document,MH07,3,1,fact,"Greater China’s fiscal 2026 revenues were $5,847 million US dollars.","Greater China; fiscal 2026; $5,847",S1,filing,filing-source,2,filing,filing,false,false,true,true,false,issuer; forum; aggregator; news,none,,,filing,filing,true,true,false,1,false
20261007T041730871797Z-codex.web.MH07.r3-a1,web,multi_hop_document,MH07,3,2,fact,"Greater China’s fiscal 2026 EBIT was $1,278 million US dollars.","Greater China; fiscal 2026; $1,278",S1,filing,filing-source,2,filing,filing,false,false,true,false,false,issuer; forum; aggregator; news,none,,,filing,filing,true,false,false,1,false
20261007T041730871797Z-codex.web.MH07.r3-a1,web,multi_hop_document,MH07,3,3,fact,"Greater China’s fiscal 2026 footwear revenues were $4,188 million US dollars.","Greater China; fiscal 2026; $4,188",S1,filing,filing-source,2,filing,filing,false,false,true,true,false,issuer; forum; aggregator; news,none,,,filing,filing,true,true,false,1,false
20261007T041730871797Z-codex.web.MH07.r3-a1,web,multi_hop_document,MH07,3,4,fact,"Source: NIKE FY2026 Form 10-K, Greater China table, p. 39.",NIKE; FY2026; Form 10-K; Greater China; p. 39,S1,filing,filing-source,4,secondary,issuer,false,false,false,false,false,issuer; forum; aggregator; news,none,,,secondary,issuer,false,false,false,4,false
20261007T041730871797Z-codex.web.MH07.r3-a1,web,multi_hop_document,MH07,3,5,fact,"EBIT margin: 21.86%, calculated as $1,278 ÷ $5,847 × 100.","21.86%; $1,278; $5,847; 100",,,,3,filing,filing,false,false,true,false,false,aggregator,none,,,filing,filing,true,false,false,3,false
20261007T041745089877Z-codex.archivist.MH07.r3-a1,archivist,multi_hop_document,MH07,3,1,fact,"For fiscal 2026 (year ended May 31, 2026), Greater China reported revenues of $5,847 million US dollars.","fiscal 2026; May 31, 2026; Greater China; $5,847 million",,,,3,filing,filing,false,false,true,false,false,,none,,,filing,filing,true,false,false,1,false
20261007T041745089877Z-codex.archivist.MH07.r3-a1,archivist,multi_hop_document,MH07,3,2,fact,"For fiscal 2026, Greater China reported EBIT of $1,278 million US dollars.","fiscal 2026; Greater China; $1,278 million",S1,filing,mosaic-finance.com,2,filing,filing,false,false,true,false,false,,none,,,filing,filing,true,false,false,1,false
20261007T041745089877Z-codex.archivist.MH07.r3-a1,archivist,multi_hop_document,MH07,3,3,fact,"For fiscal 2026, Greater China reported footwear revenues of $4,188 million US dollars.","fiscal 2026; Greater China; $4,188 million",S2,filing,mosaic-finance.com,2,filing,filing,false,false,true,false,false,,none,,,filing,filing,true,false,false,1,false
20261007T041745089877Z-codex.archivist.MH07.r3-a1,archivist,multi_hop_document,MH07,3,4,fact,"Calculated EBIT margin: 21.86% = $1,278 ÷ $5,847 × 100.","21.86%; $1,278; $5,847; 100",,,,3,unattributed,,false,false,false,false,false,,none,,,unattributed,,false,false,false,3,false
20261007T041747998271Z-codex.both.MH07.r3-a1,both,multi_hop_document,MH07,3,1,fact,"For fiscal 2026 (year ended May 31, 2026), Greater China reported, in millions of US dollars: Revenues: $5,847 million","fiscal 2026; May 31, 2026; Greater China; US dollars; $5,847 million",,,,4,unattributed,,false,false,false,false,false,,none,,,filing,filing,true,false,false,1,false
20261007T041747998271Z-codex.both.MH07.r3-a1,both,multi_hop_document,MH07,3,2,fact,"Footwear revenues: $4,188 million. NIKE FY2026 Form 10-K, p. 38","$4,188 million; NIKE; FY2026; Form 10-K; p. 38",S1,filing,mosaic-finance.com,4,unattributed,,false,false,false,false,false,,none,,,filing,filing,true,false,false,1,false
20261007T041747998271Z-codex.both.MH07.r3-a1,both,multi_hop_document,MH07,3,3,fact,"EBIT: $1,278 million. Greater China segment results","$1,278 million; Greater China",S2,filing,mosaic-finance.com,2,filing,filing,false,false,true,false,false,,none,,,filing,filing,true,false,false,1,false
20261007T041747998271Z-codex.both.MH07.r3-a1,both,multi_hop_document,MH07,3,4,fact,"Calculated EBIT margin: 21.86% ($1,278 ÷ $5,847 × 100).","21.86%; $1,278; $5,847; 100",,,,3,unattributed,,false,false,false,false,false,,none,,,unattributed,,false,false,false,3,false
20261007T041807182359Z-codex.web.MH08.r3-a1,web,multi_hop_document,MH08,3,1,fact,PWS total: $10.5–$12.5 billion.,PWS; $10.5–$12.5 billion,,,,3,filing,filing,false,false,true,true,false,issuer; aggregator,none,,,filing,filing,true,true,false,2,false
20261007T041807182359Z-codex.web.MH08.r3-a1,web,multi_hop_document,MH08,3,2,fact,PWS timing: payable from 2024 through 2036.,PWS; 2024 through 2036,,,,2,filing,filing,false,false,true,false,false,issuer; aggregator,none,,,filing,filing,true,false,false,2,false
20261007T041807182359Z-codex.web.MH08.r3-a1,web,multi_hop_document,MH08,3,3,fact,PWS accounting charge: $10.3 billion pre-tax in Q2 2023.,PWS; $10.3 billion; Q2 2023,S1,filing,filing-source,3,secondary,issuer,false,false,false,false,false,issuer; aggregator,none,,,filing,filing,true,false,false,1,false
20261007T041807182359Z-codex.web.MH08.r3-a1,web,multi_hop_document,MH08,3,4,fact,PWS accounting charge: reflecting the present value of expected $12.5 billion nominal payments.,PWS; $12.5 billion,S1,filing,filing-source,2,filing,filing,false,false,true,true,false,issuer; aggregator,none,,,filing,filing,true,true,false,1,false
20261007T041807182359Z-codex.web.MH08.r3-a1,web,multi_hop_document,MH08,3,5,fact,PWS accounting charge: discounted at an estimated 5.2% rate when the settlement was proposed.,PWS; 5.2%,S1,filing,filing-source,2,filing,filing,false,false,true,false,false,issuer; aggregator,none,,,filing,filing,true,false,false,1,false
20261007T041807182359Z-codex.web.MH08.r3-a1,web,multi_hop_document,MH08,3,6,fact,"Combined PWS and CAE payments through December 31, 2025: $8.2 billion in aggregate.","PWS; CAE; December 31, 2025; $8.2 billion",S1,filing,filing-source,4,filing,filing,false,false,true,false,false,issuer; forum; aggregator,none,,,filing,filing,true,false,false,1,false
20261007T041807252255Z-codex.archivist.MH08.r3-a1,archivist,multi_hop_document,MH08,3,1,fact,"PWS payments: $10.5–$12.5 billion in total, paid from 2024 through 2036 under the amended settlement.",PWS; $10.5–$12.5 billion; 2024 through 2036,,,,4,filing,filing,false,false,true,false,false,,none,,,filing,filing,true,false,false,2,false
20261007T041807252255Z-codex.archivist.MH08.r3-a1,archivist,multi_hop_document,MH08,3,2,fact,Accounting charge: $10.3 billion pre-tax in Q2 2023,$10.3 billion; Q2 2023,S1,filing,mosaic-finance.com,2,unattributed,,false,false,false,false,false,,none,,,filing,filing,true,false,false,1,false
20261007T041807252255Z-codex.archivist.MH08.r3-a1,archivist,multi_hop_document,MH08,3,3,fact,reflecting the present value of expected nominal payments of $12.5 billion,$12.5 billion,S1,filing,mosaic-finance.com,1,filing,filing,false,false,true,false,false,,none,,,filing,filing,true,false,false,1,false
20261007T041807252255Z-codex.archivist.MH08.r3-a1,archivist,multi_hop_document,MH08,3,4,fact,discounted at an estimated 5.2% rate.,5.2%,S1,filing,mosaic-finance.com,1,filing,filing,false,false,true,false,false,,none,,,filing,filing,true,false,false,1,false
20261007T041807252255Z-codex.archivist.MH08.r3-a1,archivist,multi_hop_document,MH08,3,5,fact,"Combined payments through December 31, 2025: 3M had paid $8.2 billion in aggregate under the PWS and Combat Arms Earplugs (CAE) settlements.","December 31, 2025; 3M; $8.2 billion; PWS; Combat Arms Earplugs (CAE)",S2,filing,mosaic-finance.com,4,unattributed,,false,false,false,false,false,,none,,,filing,filing,true,false,false,1,false
20261007T041823580770Z-codex.both.MH08.r3-a1,both,multi_hop_document,MH08,3,1,fact,"PWS total and timing: $10.5–$12.5 billion, paid from 2024 through 2036.",PWS; $10.5–$12.5 billion; 2024 through 2036,,,,4,filing,filing,false,false,true,true,false,issuer; aggregator,none,,,filing,filing,true,true,false,2,false
20261007T041823580770Z-codex.both.MH08.r3-a1,both,multi_hop_document,MH08,3,2,fact,"Pre-tax charge: $10.3 billion in Q2 2023, reflecting the present value of expected nominal payments of $12.5 billion at an estimated 5.2% discount rate when the settlement was proposed.",$10.3 billion; Q2 2023; $12.5 billion; 5.2%,S1,filing,filing-source,4,secondary,issuer,false,false,false,false,false,issuer; aggregator,none,,,filing,filing,true,true,false,3,false
20261007T041823580770Z-codex.both.MH08.r3-a1,both,multi_hop_document,MH08,3,3,fact,"Combined PWS and CAE payments through December 31, 2025: $8.2 billion in aggregate.","PWS; CAE; December 31, 2025; $8.2 billion",S1,filing,filing-source,4,filing,filing,false,false,true,true,false,issuer; forum; aggregator,none,,,filing,filing,true,true,false,1,false
20261007T041838813465Z-codex.web.MH09.r3-a1,web,multi_hop_document,MH09,3,1,fact,€200 million for DMA noncompliance of Meta’s “subscription for no ads” model.,€200 million; DMA; Meta; “subscription for no ads”,S1,filing,filing-source,3,filing,filing,false,false,true,true,false,issuer; forum; aggregator; news; reference,none,,,filing,filing,true,true,false,3,false
20261007T041838813465Z-codex.web.MH09.r3-a1,web,multi_hop_document,MH09,3,2,fact,"Appeal date: July 4, 2025.","July 4, 2025",S1,filing,filing-source,1,filing,filing,false,false,true,true,false,news,none,,,filing,filing,true,true,false,1,false
20261007T041838813465Z-codex.web.MH09.r3-a1,web,multi_hop_document,MH09,3,3,fact,"2025 Europe revenue: US$46,569 million, based on customer addresses.","Europe; US$46,569 million",S1,filing,filing-source,2,filing,filing,false,false,true,false,false,issuer; forum; aggregator; news; reference,none,,,filing,filing,true,false,false,1,false
20261007T041838813465Z-codex.web.MH09.r3-a1,web,multi_hop_document,MH09,3,4,fact,The geography footnote explicitly includes the non-EU countries Russia and Turkey.,EU; Russia; Turkey,S1,filing,filing-source,3,filing,filing,false,false,true,true,false,issuer; forum; aggregator; news; reference,none,,,filing,filing,true,true,false,3,false
20261007T041842815330Z-codex.archivist.MH09.r3-a1,archivist,multi_hop_document,MH09,3,1,fact,"Meta’s fiscal 2025 Form 10-K, filed January 29, 2026","Meta; fiscal 2025; Form 10-K; January 29, 2026",,,,3,unattributed,,false,false,false,false,false,,none,,,unattributed,,false,false,false,3,false
20261007T041842815330Z-codex.archivist.MH09.r3-a1,archivist,multi_hop_document,MH09,3,2,fact,€200 million for noncompliance of its “subscription for no ads” model with the DMA,€200 million; subscription for no ads; DMA,S1,filing,mosaic-finance.com,2,filing,filing,false,false,true,false,false,,none,,,filing,filing,true,false,false,2,false
20261007T041842815330Z-codex.archivist.MH09.r3-a1,archivist,multi_hop_document,MH09,3,3,fact,"Meta appealed on July 4, 2025.","Meta; July 4, 2025",S1,filing,mosaic-finance.com,2,filing,filing,false,false,true,false,false,,none,,,filing,filing,true,false,false,2,false
20261007T041842815330Z-codex.archivist.MH09.r3-a1,archivist,multi_hop_document,MH09,3,4,fact,"2025 Europe revenue: US$46,569 million, based on customer addresses.","2025 Europe revenue; Europe; US$46,569 million",S2,filing,mosaic-finance.com,3,unattributed,,false,false,false,false,false,,none,,,unattributed,,false,false,false,1,false
20261007T041842815330Z-codex.archivist.MH09.r3-a1,archivist,multi_hop_document,MH09,3,5,fact,The geography footnote explicitly includes Russia and Turkey in Europe.,Russia; Turkey; Europe,S2,filing,mosaic-finance.com,3,filing,filing,false,false,true,false,false,,none,,,filing,filing,true,false,false,3,false
20261007T041853066720Z-codex.both.MH09.r3-a1,both,multi_hop_document,MH09,3,1,fact,€200 million for DMA noncompliance of its “subscription for no ads” model,€200 million; DMA; subscription for no ads,S1,filing,filing-source,2,filing,filing,false,false,true,true,false,issuer; forum; aggregator; news; reference,none,,,filing,filing,true,true,false,2,false
20261007T041853066720Z-codex.both.MH09.r3-a1,both,multi_hop_document,MH09,3,2,fact,"appeal date: July 4, 2025","July 4, 2025",S1,filing,filing-source,1,filing,filing,false,false,true,true,false,news,none,,,filing,filing,true,true,false,1,false
20261007T041853066720Z-codex.both.MH09.r3-a1,both,multi_hop_document,MH09,3,3,fact,"2025 Europe revenue: US$46,569 million, based on customer addresses.","Europe; US$46,569 million",S1,filing,filing-source,2,filing,filing,false,false,true,false,false,issuer; forum; aggregator; news; reference,none,,,filing,filing,true,false,false,1,false
20261007T041853066720Z-codex.both.MH09.r3-a1,both,multi_hop_document,MH09,3,4,fact,The geography footnote explicitly includes Russia and Turkey in Europe.,Russia; Turkey; Europe,S1,filing,filing-source,3,filing,filing,false,false,true,true,false,issuer; forum; aggregator; news; reference,none,,,filing,filing,true,true,false,3,false
20261007T041906570469Z-codex.web.MH10.r3-a1,web,multi_hop_document,MH10,3,1,fact,"Membership fee revenue: US$5,323 million.","US$5,323 million",S1,filing,filing-source,1,filing,filing,false,false,true,true,false,issuer; aggregator,none,,,filing,filing,true,true,false,1,false
20261007T041906570469Z-codex.web.MH10.r3-a1,web,multi_hop_document,MH10,3,2,fact,"Year-end total paid members: 81,000 thousand.","81,000 thousand",S1,filing,filing-source,1,filing,filing,false,false,true,true,false,forum; aggregator,none,,,filing,filing,true,true,false,1,false
20261007T041906570469Z-codex.web.MH10.r3-a1,web,multi_hop_document,MH10,3,3,fact,"Year-end Executive members: 38,700 thousand, included in total paid members.","Executive members; 38,700 thousand",S1,filing,filing-source,2,filing,filing,false,false,true,true,false,issuer; forum; aggregator; news; reference,none,,,filing,filing,true,true,false,1,false
20261007T041906570469Z-codex.web.MH10.r3-a1,web,multi_hop_document,MH10,3,4,fact,"Costco FY2025 Form 10-K, membership table (p. 5) and income statement (p. 37).",Costco; FY2025 Form 10-K; p. 5; p. 37,S1,filing,filing-source,4,secondary,issuer,false,false,false,false,false,issuer; forum; aggregator; news; reference,none,,,secondary,issuer,false,false,false,4,false
20261007T041906570469Z-codex.web.MH10.r3-a1,web,multi_hop_document,MH10,3,5,fact,"Implied membership fee revenue per year-end paid member: $5,323 million ÷ 81 million = US$65.72.","$5,323 million; 81 million; US$65.72",,,,3,filing,filing,false,false,true,false,false,issuer; forum; aggregator,none,,,filing,filing,true,false,false,3,false
20261007T041906570469Z-codex.web.MH10.r3-a1,web,multi_hop_document,MH10,3,6,fact,"This uses the year-end member count, rather than an annual average.",,,,,0,unattributed,,true,false,false,false,false,,none,,,unattributed,,false,false,false,0,true
20261007T041908983099Z-codex.archivist.MH10.r3-a1,archivist,multi_hop_document,MH10,3,1,fact,"Costco’s fiscal 2025 Form 10-K, filed October 8, 2025","Costco; fiscal 2025; Form 10-K; October 8, 2025",,,,3,unattributed,,false,false,false,false,false,,none,,,unattributed,,false,false,false,3,false
20261007T041908983099Z-codex.archivist.MH10.r3-a1,archivist,multi_hop_document,MH10,3,2,fact,"Membership fee revenue: US$5,323 million.","US$5,323 million",S1,filing,mosaic-finance.com,1,filing,filing,false,false,true,false,false,,none,,,filing,filing,true,false,false,1,false
20261007T041908983099Z-codex.archivist.MH10.r3-a1,archivist,multi_hop_document,MH10,3,3,fact,"Year-end total paid members: 81,000 thousand, including 38,700 thousand Executive members.","81,000 thousand; 38,700 thousand; Executive members",S2,filing,mosaic-finance.com,3,unattributed,,false,false,false,false,false,,none,,,unattributed,,false,false,false,2,false
20261007T041908983099Z-codex.archivist.MH10.r3-a1,archivist,multi_hop_document,MH10,3,4,fact,"Implied revenue per year-end paid member: $5,323 million ÷ 81 million = US$65.72 for the fiscal year ended August 31, 2025.","$5,323 million; 81 million; US$65.72; August 31, 2025",,,,4,unattributed,,false,false,false,false,false,,none,,,unattributed,,false,false,false,3,false
20261007T041908983099Z-codex.archivist.MH10.r3-a1,archivist,multi_hop_document,MH10,3,5,fact,"This uses the year-end membership count, rather than an annual average.",,,,,0,unattributed,,true,false,false,false,false,,none,,,unattributed,,false,false,false,0,true
20261007T041922346415Z-codex.both.MH10.r3-a1,both,multi_hop_document,MH10,3,1,fact,"Costco’s fiscal 2025 Form 10-K reports membership fee revenue (US$ millions): 5,323.","Costco; fiscal 2025; Form 10-K; 5,323",S1,filing,filing-source,3,filing,filing,false,false,true,true,false,issuer; forum; promotional; aggregator; news; reference,none,,,filing,filing,true,true,false,1,false
20261007T041922346415Z-codex.both.MH10.r3-a1,both,multi_hop_document,MH10,3,2,fact,"Year-end total paid members (thousands): 81,000 for Fiscal 2025.","Fiscal 2025; 81,000",S1,filing,filing-source,1,filing,filing,false,false,true,true,false,forum,none,,,filing,filing,true,true,false,1,false
20261007T041922346415Z-codex.both.MH10.r3-a1,both,multi_hop_document,MH10,3,3,fact,"Year-end Executive members (thousands; included in total paid members): 38,700 for Fiscal 2025.","Executive; Fiscal 2025; 38,700",S1,filing,filing-source,2,filing,filing,false,false,true,true,false,issuer; forum; aggregator; news; reference,none,,,filing,filing,true,true,false,1,false
20261007T041922346415Z-codex.both.MH10.r3-a1,both,multi_hop_document,MH10,3,4,fact,"Source: Costco FY2025 Form 10-K, membership table p. 5 and membership fees p. 26.",Costco; FY2025; Form 10-K; p. 5; p. 26,S1,filing,filing-source,4,secondary,issuer,false,false,false,false,false,issuer; forum; promotional; aggregator; news; reference,none,,,secondary,issuer,false,false,false,4,false
20261007T041922346415Z-codex.both.MH10.r3-a1,both,multi_hop_document,MH10,3,5,fact,"Costco FY2025 Form 10-K filed October 8, 2025.","Costco; FY2025; Form 10-K; October 8, 2025",S2,filing,filing-source,3,secondary,issuer,false,false,false,true,false,issuer; forum; promotional; aggregator; news; reference,none,,,secondary,issuer,false,true,false,3,false
20261007T041922346415Z-codex.both.MH10.r3-a1,both,multi_hop_document,MH10,3,6,fact,"Implied annual membership fee revenue per year-end paid member: $5,323 million ÷ 81 million = $65.72 per member.","$5,323 million; 81 million; $65.72 per member",,,,3,secondary,issuer,false,false,false,false,false,issuer; forum; aggregator,none,,,filing,filing,true,true,false,2,false
20261007T041940267295Z-codex.web.MH11.r1-a1,web,multi_hop_document,MH11,1,1,fact,Fuel costs: 17% of operating expense in 2025.,17%,,,,1,filing,filing,false,false,true,true,false,issuer,none,,,filing,filing,true,true,false,1,false
20261007T041940267295Z-codex.web.MH11.r1-a1,web,multi_hop_document,MH11,1,2,fact,Lowest monthly average fuel price during 2023–2025: $2.20 per gallon in August 2025.,2023–2025; $2.20 per gallon; August 2025,S1,filing,filing-source,2,unattributed,,false,false,false,false,false,,none,,,unattributed,,false,false,false,2,false
20261007T041940267295Z-codex.web.MH11.r1-a1,web,multi_hop_document,MH11,1,3,fact,"Refinery segment’s 2025 operating revenue: $6,961 million.","$6,961 million",,,,1,filing,filing,false,false,true,true,false,issuer,none,,,filing,filing,true,true,false,1,false
20261007T041940267295Z-codex.web.MH11.r1-a1,web,multi_hop_document,MH11,1,4,fact,Refinery segment’s 2025 operating income: $157 million.,$157 million,,,,1,filing,filing,false,false,true,true,false,issuer,none,,,filing,filing,true,true,false,1,false
20261007T041940267295Z-codex.web.MH11.r1-a1,web,multi_hop_document,MH11,1,5,fact,Monroe’s 2025 RINs compliance costs: $312 million.,Monroe; RINs; $312 million,S2,issuer,s2.q4cdn.com,3,filing,filing,false,true,true,true,false,issuer; aggregator,none,,,filing,filing,true,true,false,1,false
20261007T041940267764Z-codex.archivist.MH11.r1-a1,archivist,multi_hop_document,MH11,1,1,fact,"Delta’s fiscal 2025 Form 10-K, filed February 11, 2026","Delta; Form 10-K; February 11, 2026",,,,3,unattributed,,false,false,false,false,false,,none,,,unattributed,,false,false,false,3,false
20261007T041940267764Z-codex.archivist.MH11.r1-a1,archivist,multi_hop_document,MH11,1,2,fact,Fuel costs represented 17% of operating expense in 2025.,17%,S1,filing,mosaic-finance.com,1,filing,filing,false,false,true,false,false,,none,,,filing,filing,true,false,false,1,false
20261007T041940267764Z-codex.archivist.MH11.r1-a1,archivist,multi_hop_document,MH11,1,3,fact,The lowest monthly average fuel price during 2023–2025 was US$2.20 per gallon in August 2025.,2023–2025; US$2.20 per gallon; August 2025,S1,filing,mosaic-finance.com,2,unattributed,,false,false,false,false,false,,none,,,unattributed,,false,false,false,2,false
20261007T041940267764Z-codex.archivist.MH11.r1-a1,archivist,multi_hop_document,MH11,1,4,fact,"For 2025, the refinery segment had operating revenue of US$6,961 million","US$6,961 million",S2,filing,mosaic-finance.com,1,filing,filing,false,false,true,false,false,,none,,,filing,filing,true,false,false,1,false
20261007T041940267764Z-codex.archivist.MH11.r1-a1,archivist,multi_hop_document,MH11,1,5,fact,"For 2025, the refinery segment had operating income of US$157 million.",US$157 million,S2,filing,mosaic-finance.com,1,filing,filing,false,false,true,false,false,,none,,,filing,filing,true,false,false,1,false
20261007T041940267764Z-codex.archivist.MH11.r1-a1,archivist,multi_hop_document,MH11,1,6,fact,Monroe incurred US$312 million in RINs compliance costs.,Monroe; US$312 million; RINs,S2,filing,mosaic-finance.com,3,filing,filing,false,false,true,false,false,,none,,,filing,filing,true,false,false,1,false
20261007T041957514389Z-codex.both.MH11.r1-a1,both,multi_hop_document,MH11,1,1,fact,Fuel costs represented 17% of operating expense in 2025.,17%,S1,issuer,s2.q4cdn.com,1,filing,filing,false,true,true,true,false,issuer,none,,,filing,filing,true,true,false,1,false
20261007T041957514389Z-codex.both.MH11.r1-a1,both,multi_hop_document,MH11,1,2,fact,"The monthly low average fuel price during 2023–2025 was US$2.20 per gallon, in August 2025.",2023–2025; US$2.20 per gallon; August 2025,S1,issuer,s2.q4cdn.com,2,secondary,issuer,false,true,false,false,false,,none,,,secondary,issuer,false,false,false,2,false
20261007T041957514389Z-codex.both.MH11.r1-a1,both,multi_hop_document,MH11,1,3,fact,"2025 refinery operating revenue: US$6,961 million","US$6,961 million",S2,issuer,s2.q4cdn.com,1,filing,filing,false,true,true,true,false,issuer,none,,,filing,filing,true,true,false,1,false
20261007T041957514389Z-codex.both.MH11.r1-a1,both,multi_hop_document,MH11,1,4,fact,operating income: US$157 million,US$157 million,S2,issuer,s2.q4cdn.com,1,filing,filing,false,true,true,true,false,issuer,none,,,filing,filing,true,true,false,1,false
20261007T041957514389Z-codex.both.MH11.r1-a1,both,multi_hop_document,MH11,1,5,fact,Monroe’s RINs compliance costs: US$312 million.,Monroe; US$312 million,S2,issuer,s2.q4cdn.com,2,filing,filing,false,true,true,true,false,issuer; aggregator,none,,,filing,filing,true,true,false,1,false
20261007T042003479744Z-codex.web.MH12.r1-a1,web,multi_hop_document,MH12,1,1,fact,"At December 31, 2025, 7-Eleven was the largest client","December 31, 2025; 7-Eleven",S1,filing,filing-source,2,filing,filing,false,false,true,true,false,issuer; aggregator; reference,none,,,filing,filing,true,true,false,2,false
20261007T042003479744Z-codex.web.MH12.r1-a1,web,multi_hop_document,MH12,1,2,fact,7-Eleven had 812 leases,7-Eleven; 812 leases,S1,filing,filing-source,2,secondary,aggregator,false,false,false,false,false,aggregator,none,,,secondary,aggregator,false,false,false,2,false
20261007T042003479744Z-codex.web.MH12.r1-a1,web,multi_hop_document,MH12,1,3,fact,812 leases representing 3.3% of total portfolio annualized base rent,812 leases; 3.3%,S1,filing,filing-source,2,secondary,forum,false,false,false,false,false,forum; aggregator,none,,,filing,filing,true,true,false,1,false
20261007T042003479744Z-codex.web.MH12.r1-a1,web,multi_hop_document,MH12,1,4,fact,"Total portfolio annualized base rent was US$5,310,527,000 (about $5.31 billion).","US$5,310,527,000; $5.31 billion",S1,filing,filing-source,2,filing,filing,false,false,true,false,false,,none,,,filing,filing,true,false,false,2,false
20261007T042003479744Z-codex.web.MH12.r1-a1,web,multi_hop_document,MH12,1,5,fact,"The implied annualized base rent for 7-Eleven is $5,310,527,000 × 3.3% ≈ US$175.25 million.","7-Eleven; $5,310,527,000; 3.3%; US$175.25 million",,,,4,secondary,forum,false,false,false,false,false,forum; aggregator,none,,,secondary,forum,false,false,false,3,false
20261007T042003479744Z-codex.web.MH12.r1-a1,web,multi_hop_document,MH12,1,6,evaluative,This is an estimate because the reported percentage is rounded.,,,,,,,,,,,,,,none,an estimate,true,,,,,,,
20261007T042003479744Z-codex.web.MH12.r1-a1,web,multi_hop_document,MH12,1,7,fact,the reported percentage is rounded,,,,,0,unattributed,,true,false,false,false,false,,none,,,unattributed,,false,false,false,0,true
20261007T042017169544Z-codex.archivist.MH12.r1-a1,archivist,multi_hop_document,MH12,1,1,fact,"At December 31, 2025, Realty Income’s largest client was 7-Eleven, with 812 leases representing 3.3% of total portfolio annualized base rent.","December 31, 2025; Realty Income; 7-Eleven; 812 leases; 3.3%",S1,filing,mosaic-finance.com,5,unattributed,,false,false,false,false,false,,none,,,filing,filing,true,false,false,1,false
20261007T042017169544Z-codex.archivist.MH12.r1-a1,archivist,multi_hop_document,MH12,1,2,fact,"Total portfolio annualized base rent was US$5,310,527,000 (the filing reports $5,310,527 in thousands).","US$5,310,527,000; $5,310,527 in thousands",S2,filing,mosaic-finance.com,2,unattributed,,false,false,false,false,false,,none,,,unattributed,,false,false,false,2,false
20261007T042017169544Z-codex.archivist.MH12.r1-a1,archivist,multi_hop_document,MH12,1,3,fact,"That implies approximately US$175.25 million for 7-Eleven: $5,310,527,000 × 3.3% = $175,247,391.","US$175.25 million; 7-Eleven; $5,310,527,000; 3.3%; $175,247,391",,,,5,unattributed,,false,false,false,false,false,,none,,,unattributed,,false,false,false,4,false
20261007T042017169544Z-codex.archivist.MH12.r1-a1,archivist,multi_hop_document,MH12,1,4,evaluative,This is an estimate because the reported percentage is rounded.,,,,,,,,,,,,,,none,an estimate,false,,,,,,,
20261007T042017169544Z-codex.archivist.MH12.r1-a1,archivist,multi_hop_document,MH12,1,5,fact,the reported percentage is rounded.,,,,,0,unattributed,,true,false,false,false,false,,none,,,unattributed,,false,false,false,0,true
20261007T042019185311Z-codex.both.MH12.r1-a1,both,multi_hop_document,MH12,1,1,fact,"At December 31, 2025, 7-Eleven was the largest client, with 812 leases and 3.3% of total portfolio annualized base rent.","December 31, 2025; 7-Eleven; 812 leases; 3.3%",S1,filing,filing-source,4,secondary,issuer,false,false,false,false,false,issuer; forum; aggregator,none,,,filing,filing,true,true,false,1,false
20261007T042019185311Z-codex.both.MH12.r1-a1,both,multi_hop_document,MH12,1,2,fact,Total portfolio annualized base rent was US$5.31 billion.,US$5.31 billion,S1,filing,filing-source,1,filing,filing,false,false,true,false,false,,none,,,filing,filing,true,false,false,1,false
20261007T042019185311Z-codex.both.MH12.r1-a1,both,multi_hop_document,MH12,1,3,fact,"Thus, 7-Eleven’s implied annualized base rent was $5.31 billion × 3.3% = approximately US$175.23 million.",7-Eleven; $5.31 billion; 3.3%; US$175.23 million,S1,filing,filing-source,4,secondary,forum,false,false,false,false,false,forum; aggregator,none,,,secondary,forum,false,false,false,3,false
20261007T042019185311Z-codex.both.MH12.r1-a1,both,multi_hop_document,MH12,1,4,fact,This is an estimate using the reported rounded figures.,,S1,filing,filing-source,0,filing,filing,true,false,false,false,false,,none,,,filing,filing,false,false,false,0,true
20261007T042036273566Z-codex.web.MH13.r1-a1,web,multi_hop_document,MH13,1,1,fact,"Hess acquisition closed: July 2025, according to the risk factors.",Hess; July 2025,S1,issuer,chevroncorp.gcs-web.com,2,secondary,issuer,false,true,false,true,false,issuer; forum; aggregator; news; reference; other,none,,,secondary,issuer,false,true,false,2,false
20261007T042036273566Z-codex.web.MH13.r1-a1,web,multi_hop_document,MH13,1,2,fact,Stabroek Block interest: Chevron holds a 30% nonoperated interest following the acquisition.,Stabroek Block; Chevron; 30%,,,,2,filing,filing,false,false,true,true,false,issuer; forum; aggregator; news; reference; other,none,,,filing,filing,true,true,false,2,false
20261007T042036273566Z-codex.web.MH13.r1-a1,web,multi_hop_document,MH13,1,3,fact,One Guyana achieved first production in August 2025.,One Guyana; August 2025,S2,issuer,chevroncorp.gcs-web.com,2,filing,filing,false,true,true,true,false,issuer; forum; other,none,,,filing,filing,true,true,false,2,false
20261007T042036273566Z-codex.web.MH13.r1-a1,web,multi_hop_document,MH13,1,4,fact,"One Guyana has capacity of approximately 250,000 gross barrels of oil per day.","One Guyana; 250,000 gross barrels of oil per day",S2,issuer,chevroncorp.gcs-web.com,2,filing,filing,false,true,true,true,false,issuer; aggregator; other,none,,,filing,filing,true,true,false,2,false
20261007T042037629855Z-codex.archivist.MH13.r1-a1,archivist,multi_hop_document,MH13,1,1,fact,"Hess acquisition closed: July 2025, according to the risk factors.",Hess; July 2025,S1,filing,mosaic-finance.com,2,filing,filing,false,false,true,false,false,,none,,,filing,filing,true,false,false,2,false
20261007T042037629855Z-codex.archivist.MH13.r1-a1,archivist,multi_hop_document,MH13,1,2,fact,Stabroek interest: Chevron holds a 30% nonoperated interest following the acquisition.,Stabroek; Chevron; 30%,,,,2,filing,filing,false,false,true,false,false,,none,,,filing,filing,true,false,false,2,false
20261007T042037629855Z-codex.archivist.MH13.r1-a1,archivist,multi_hop_document,MH13,1,3,fact,One Guyana achieved first production in August 2025.,One Guyana; August 2025,S2,filing,mosaic-finance.com,2,filing,filing,false,false,true,false,false,,none,,,filing,filing,true,false,false,2,false
20261007T042037629855Z-codex.archivist.MH13.r1-a1,archivist,multi_hop_document,MH13,1,4,fact,"One Guyana has capacity of approximately 250,000 gross barrels of oil per day.","One Guyana; 250,000 gross barrels of oil per day",S2,filing,mosaic-finance.com,2,filing,filing,false,false,true,false,false,,none,,,filing,filing,true,false,false,2,false
20261007T042054636996Z-codex.both.MH13.r1-a1,both,multi_hop_document,MH13,1,1,fact,"Acquisition close: July 2025, according to the risk factors.",July 2025,S1,issuer,chevroncorp.gcs-web.com,1,secondary,issuer,false,true,false,true,false,issuer; reference,none,,,secondary,issuer,false,true,false,1,false
20261007T042054636996Z-codex.both.MH13.r1-a1,both,multi_hop_document,MH13,1,2,fact,Chevron holds a 30% nonoperated interest following the Hess acquisition.,Chevron; 30%; Hess,S2,issuer,chevroncorp.gcs-web.com,2,filing,filing,false,true,true,true,false,issuer; forum; aggregator; news; reference,none,,,filing,filing,true,true,false,2,false
20261007T042054636996Z-codex.both.MH13.r1-a1,both,multi_hop_document,MH13,1,3,fact,One Guyana achieved first production in August 2025.,One Guyana; August 2025,S2,issuer,chevroncorp.gcs-web.com,2,secondary,issuer,false,true,false,true,false,issuer; forum,none,,,secondary,issuer,false,true,false,2,false
20261007T042054636996Z-codex.both.MH13.r1-a1,both,multi_hop_document,MH13,1,4,fact,"capacity of approximately 250,000 gross barrels of oil per day.","250,000 gross barrels of oil per day",S2,issuer,chevroncorp.gcs-web.com,1,secondary,issuer,false,true,false,true,false,issuer; aggregator,none,,,secondary,issuer,false,true,false,1,false
20261007T042104431049Z-codex.web.MH14.r1-a1,web,multi_hop_document,MH14,1,1,fact,"First Quantum’s 2025 Annual Information Form, dated February 10, 2026","First Quantum; 2025 Annual Information Form; February 10, 2026",,,,3,secondary,issuer,false,false,false,true,false,issuer; reference,none,,,secondary,issuer,false,true,false,3,false
20261007T042104431049Z-codex.web.MH14.r1-a1,web,multi_hop_document,MH14,1,2,fact,Cobre Panamá ownership: 91.02%.,Cobre Panamá; 91.02%,S1,issuer,first-quantum.com,2,secondary,issuer,false,true,false,true,false,issuer; reference,none,,,secondary,issuer,false,true,false,1,false
20261007T042104431049Z-codex.web.MH14.r1-a1,web,multi_hop_document,MH14,1,3,fact,"P&SM approval announcement: May 30, 2025.","May 30, 2025",,,,1,secondary,issuer,false,false,false,true,false,issuer,none,,,secondary,issuer,false,true,false,1,false
20261007T042104431049Z-codex.web.MH14.r1-a1,web,multi_hop_document,MH14,1,4,fact,"Stored concentrate funding P&SM through export: 121,000 dry metric tonnes.","121,000 dry metric tonnes",S2,issuer,first-quantum.com,1,secondary,issuer,false,true,false,true,false,issuer,none,,,secondary,issuer,false,true,false,1,false
20261007T042104431049Z-codex.web.MH14.r1-a1,web,multi_hop_document,MH14,1,5,fact,"Company copper production in 2025: 396,000 tonnes.","396,000 tonnes",S3,issuer,first-quantum.com,1,secondary,issuer,false,true,false,true,false,issuer,none,,,secondary,issuer,false,true,false,1,false
20261007T042117191387Z-codex.archivist.MH14.r1-a1,archivist,multi_hop_document,MH14,1,1,fact,"First Quantum’s 2025 Annual Information Form, filed February 10, 2026.","First Quantum; 2025 Annual Information Form; February 10, 2026",,,,3,unattributed,,false,false,false,false,false,,none,,,unattributed,,false,false,false,3,false
20261007T042117191387Z-codex.archivist.MH14.r1-a1,archivist,multi_hop_document,MH14,1,2,fact,Cobre Panamá ownership: 91.02%.,Cobre Panamá; 91.02%,S1,filing,mosaic-finance.com,2,filing,filing,false,false,true,false,false,,none,,,filing,filing,true,false,false,1,false
20261007T042117191387Z-codex.archivist.MH14.r1-a1,archivist,multi_hop_document,MH14,1,3,fact,"P&SM approval announcement: May 30, 2025.","P&SM; May 30, 2025",S2,filing,mosaic-finance.com,2,filing,filing,false,false,true,false,false,,none,,,filing,filing,true,false,false,2,false
20261007T042117191387Z-codex.archivist.MH14.r1-a1,archivist,multi_hop_document,MH14,1,4,fact,"The program was funded through export of 121,000 dry metric tonnes of stored copper concentrate.","121,000 dry metric tonnes",S2,filing,mosaic-finance.com,1,filing,filing,false,false,true,false,false,,none,,,filing,filing,true,false,false,1,false
20261007T042117191387Z-codex.archivist.MH14.r1-a1,archivist,multi_hop_document,MH14,1,5,fact,"Company copper production in 2025: 396,000 tonnes.","396,000 tonnes",S3,filing,mosaic-finance.com,1,filing,filing,false,false,true,false,false,,none,,,filing,filing,true,false,false,1,false
20261007T042130453074Z-codex.both.MH14.r1-a1,both,multi_hop_document,MH14,1,1,fact,"First Quantum’s 2025 Annual Information Form, filed February 10, 2026","First Quantum; 2025 Annual Information Form; February 10, 2026",,,,3,secondary,issuer,false,false,false,true,false,issuer; forum; aggregator; reference,none,,,secondary,issuer,false,true,false,3,false
20261007T042130453074Z-codex.both.MH14.r1-a1,both,multi_hop_document,MH14,1,2,fact,Cobre Panamá ownership: 91.02%.,Cobre Panamá; 91.02%,S1,filing,mosaic-finance.com,2,filing,filing,false,false,true,false,false,issuer; aggregator; reference,none,,,filing,filing,true,false,false,1,false
20261007T042130453074Z-codex.both.MH14.r1-a1,both,multi_hop_document,MH14,1,3,fact,"P&SM approval announcement: May 30, 2025","P&SM; May 30, 2025",S2,filing,mosaic-finance.com,2,filing,filing,false,false,true,true,true,issuer; aggregator,none,,,filing,filing,true,true,true,2,false
20261007T042130453074Z-codex.both.MH14.r1-a1,both,multi_hop_document,MH14,1,4,fact,"the program funded through export of 121,000 dry metric tonnes of stored copper concentrate.","121,000 dry metric tonnes",S2,filing,mosaic-finance.com,1,filing,filing,false,false,true,false,false,,none,,,filing,filing,true,false,false,1,false
20261007T042130453074Z-codex.both.MH14.r1-a1,both,multi_hop_document,MH14,1,5,fact,"2025 copper production: 395,772 tonnes (approximately 396,000 tonnes).","395,772 tonnes; 396,000 tonnes",S3,filing,mosaic-finance.com,2,filing,filing,false,false,true,false,false,,none,,,filing,filing,true,false,false,2,false
20261007T042149472490Z-codex.web.MH15.r1-a1,web,multi_hop_document,MH15,1,1,fact,"For 1 January–31 December 2025, all amounts below are thousands of Turkish lira, expressed in 31 December 2025 purchasing power.",1 January–31 December 2025; thousands; Turkish lira; 31 December 2025,S1,filing,filing-source,4,unattributed,,false,false,false,false,false,,none,,,unattributed,,false,false,false,4,false
20261007T042149472490Z-codex.web.MH15.r1-a1,web,multi_hop_document,MH15,1,2,fact,"Revenue (Hasılat): 830,827,933.","830,827,933",S1,filing,filing-source,1,filing,filing,false,false,true,true,false,aggregator; other,none,,,filing,filing,true,true,false,1,false
20261007T042149472490Z-codex.web.MH15.r1-a1,web,multi_hop_document,MH15,1,3,fact,"Gross profit (Brüt kar): 69,383,718.","69,383,718",S1,filing,filing-source,1,secondary,aggregator,false,false,false,true,false,aggregator,none,,,secondary,aggregator,false,true,false,1,false
20261007T042149472490Z-codex.web.MH15.r1-a1,web,multi_hop_document,MH15,1,4,fact,"Export/foreign sales (Yurt dışı satışlar), Note 18: 660,241,410.","Note 18; 660,241,410",S1,filing,filing-source,2,secondary,aggregator,false,false,false,false,false,aggregator,none,,,secondary,aggregator,false,true,false,1,false
20261007T042149472490Z-codex.web.MH15.r1-a1,web,multi_hop_document,MH15,1,5,fact,"Domestic sales (Yurt içi satışlar), Note 18: 187,371,761.","Note 18; 187,371,761",S1,filing,filing-source,2,secondary,aggregator,false,false,false,false,false,aggregator,none,,,secondary,aggregator,false,true,false,1,false
20261007T042149472490Z-codex.web.MH15.r1-a1,web,multi_hop_document,MH15,1,6,fact,"Source: KAP-filed consolidated statements, income statement and Note 18, p. 54.",KAP; Note 18; 54,S1,filing,filing-source,3,secondary,issuer,false,false,false,false,false,issuer; forum; aggregator; other,none,,,filing,filing,true,true,false,1,false
20261007T042149472490Z-codex.web.MH15.r1-a1,web,multi_hop_document,MH15,1,7,fact,"Gross margin: 8.35%, calculated as 69,383,718 ÷ 830,827,933 × 100.","8.35%; 69,383,718; 830,827,933; 100",,,,3,secondary,forum,false,false,false,true,false,forum; aggregator; other,none,,,secondary,forum,false,true,false,3,false
20261007T042149472490Z-codex.web.MH15.r1-a1,web,multi_hop_document,MH15,1,8,fact,Note 18’s sales figures precede other sales and discounts.,Note 18,S2,aggregator,api.rasyonet.com,1,secondary,aggregator,false,true,false,false,false,,none,,,secondary,aggregator,false,false,false,1,false
20261007T042149472490Z-codex.web.MH15.r1-a1,web,multi_hop_document,MH15,1,9,fact,Foreign sales also include Ford Otosan Romania SRL’s sales.,Ford Otosan Romania SRL,S2,aggregator,api.rasyonet.com,1,filing,filing,false,true,true,true,false,issuer; aggregator,none,,,filing,filing,true,true,false,1,false
20261007T042205258569Z-codex.archivist.MH15.r1-a1,archivist,multi_hop_document,MH15,1,1,fact,"For 1 January–31 December 2025, in the KAP Finansal Rapor filed 10 February 2026.",1 January–31 December 2025; KAP Finansal Rapor; 10 February 2026,,,,3,unattributed,,false,false,false,false,false,,none,,,unattributed,,false,false,false,3,false
20261007T042205258569Z-codex.archivist.MH15.r1-a1,archivist,multi_hop_document,MH15,1,2,fact,"All amounts below are thousands of Turkish lira, expressed in 31 December 2025 purchasing power.",Turkish lira; 31 December 2025,,,,2,unattributed,,false,false,false,false,false,,none,,,unattributed,,false,false,false,2,false
20261007T042205258569Z-codex.archivist.MH15.r1-a1,archivist,multi_hop_document,MH15,1,3,fact,"Revenue (Hasılat) for 2025: 830,827,933.","830,827,933",S1,filing,mosaic-finance.com,1,filing,filing,false,false,true,false,false,,none,,,filing,filing,true,false,false,1,false
20261007T042205258569Z-codex.archivist.MH15.r1-a1,archivist,multi_hop_document,MH15,1,4,fact,"Gross profit (Brüt kar) for 2025: 69,383,718.","69,383,718",S1,filing,mosaic-finance.com,1,filing,filing,false,false,true,false,false,,none,,,filing,filing,true,false,false,1,false
20261007T042205258569Z-codex.archivist.MH15.r1-a1,archivist,multi_hop_document,MH15,1,5,fact,"Export/foreign sales (Yurt dışı satışlar) for 2025: 660,241,410.","660,241,410",S2,filing,mosaic-finance.com,1,filing,filing,false,false,true,false,false,,none,,,filing,filing,true,false,false,1,false
20261007T042205258569Z-codex.archivist.MH15.r1-a1,archivist,multi_hop_document,MH15,1,6,fact,"Domestic sales (Yurt içi satışlar) for 2025: 187,371,761.","187,371,761",S2,filing,mosaic-finance.com,1,filing,filing,false,false,true,false,false,,none,,,filing,filing,true,false,false,1,false
20261007T042205258569Z-codex.archivist.MH15.r1-a1,archivist,multi_hop_document,MH15,1,7,fact,"Sources: Consolidated income statement, p. 3 and Note 18, p. 54.",3; Note 18; 54,S1; S2,filing,mosaic-finance.com,2,unattributed,,false,false,false,false,false,,none,,,unattributed,,false,false,false,1,false
20261007T042205258569Z-codex.archivist.MH15.r1-a1,archivist,multi_hop_document,MH15,1,8,fact,Note 18’s foreign sales include Ford Otosan Romania SRL’s sales alongside the group’s exports.,Note 18; Ford Otosan Romania SRL,S2,filing,mosaic-finance.com,2,unattributed,,false,false,false,false,false,,none,,,unattributed,,false,false,false,2,false
20261007T042205258569Z-codex.archivist.MH15.r1-a1,archivist,multi_hop_document,MH15,1,9,fact,"Calculated gross margin: 8.35% = 69,383,718 ÷ 830,827,933 × 100 (8.4% rounded to one decimal).","8.35%; 69,383,718; 830,827,933; 100; 8.4%; one",,,,5,unattributed,,false,false,false,false,false,,none,,,unattributed,,false,false,false,4,false
20261007T042227576402Z-codex.both.MH15.r1-a1,both,multi_hop_document,MH15,1,1,fact,"For 1 January–31 December 2025, all amounts are in thousands of Turkish lira, expressed at 31 December 2025 purchasing power.",1 January–31 December 2025; thousands of Turkish lira; 31 December 2025,,,,3,unattributed,,false,false,false,false,false,,none,,,unattributed,,false,false,false,3,false
20261007T042227576402Z-codex.both.MH15.r1-a1,both,multi_hop_document,MH15,1,2,fact,"Revenue (Hasılat): 830,827,933","830,827,933",S1,filing,mosaic-finance.com,1,filing,filing,false,false,true,false,false,,none,,,filing,filing,true,false,false,1,false
20261007T042227576402Z-codex.both.MH15.r1-a1,both,multi_hop_document,MH15,1,3,fact,"Gross profit (Brüt kar): 69,383,718","69,383,718",S1,filing,mosaic-finance.com,1,filing,filing,false,false,true,false,false,,none,,,filing,filing,true,false,false,1,false
20261007T042227576402Z-codex.both.MH15.r1-a1,both,multi_hop_document,MH15,1,4,fact,"Export / overseas sales (Yurt dışı): 660,241,410","660,241,410",S2,filing,mosaic-finance.com,1,filing,filing,false,false,true,false,false,,none,,,filing,filing,true,false,false,1,false
20261007T042227576402Z-codex.both.MH15.r1-a1,both,multi_hop_document,MH15,1,5,fact,"Domestic sales (Yurt içi): 187,371,761","187,371,761",S2,filing,mosaic-finance.com,1,filing,filing,false,false,true,false,false,,none,,,filing,filing,true,false,false,1,false
20261007T042227576402Z-codex.both.MH15.r1-a1,both,multi_hop_document,MH15,1,6,fact,KAP Finansal Rapor filed 10 February 2026.,KAP Finansal Rapor; 10 February 2026,S1; S2,filing,mosaic-finance.com,2,unattributed,,false,false,false,false,false,,none,,,unattributed,,false,false,false,2,false
20261007T042227576402Z-codex.both.MH15.r1-a1,both,multi_hop_document,MH15,1,7,fact,"Gross margin: 69,383,718 ÷ 830,827,933 × 100 = 8.35% (8.4% rounded).","69,383,718; 830,827,933; 100; 8.35%; 8.4%",,,,4,secondary,issuer,false,false,false,false,false,issuer; forum; aggregator,none,,,secondary,issuer,false,false,false,4,false
20261007T042227576402Z-codex.both.MH15.r1-a1,both,multi_hop_document,MH15,1,8,fact,Overseas sales include Ford Otosan Romania SRL’s sales,Ford Otosan Romania SRL,S2,filing,mosaic-finance.com,1,filing,filing,false,false,true,true,true,issuer,none,,,filing,filing,true,true,true,1,false
20261007T042227576402Z-codex.both.MH15.r1-a1,both,multi_hop_document,MH15,1,9,fact,"the revenue total also reflects other sales and discounts, as shown in Note 18",Note 18,S2,filing,mosaic-finance.com,1,unattributed,,false,false,false,false,false,,none,,,unattributed,,false,false,false,1,false
20261007T042258254895Z-codex.web.MH11.r2-a1,web,multi_hop_document,MH11,2,1,fact,Fuel costs represented 17% of operating expense in 2025.,17%,S1,filing,filing-source,1,filing,filing,false,false,true,true,false,issuer,none,,,filing,filing,true,true,false,1,false
20261007T042258254895Z-codex.web.MH11.r2-a1,web,multi_hop_document,MH11,2,2,fact,The lowest monthly average fuel price during 2023–2025 was $2.20 per gallon in August 2025.,2023–2025; $2.20 per gallon; August 2025,S1,filing,filing-source,2,unattributed,,false,false,false,false,false,,none,,,unattributed,,false,false,false,2,false
20261007T042258254895Z-codex.web.MH11.r2-a1,web,multi_hop_document,MH11,2,3,fact,"2025 refinery segment results: operating revenue of US$6,961 million","US$6,961 million",S2,issuer,s2.q4cdn.com,1,filing,filing,false,true,true,true,false,issuer; aggregator,none,,,filing,filing,true,true,false,1,false
20261007T042258254895Z-codex.web.MH11.r2-a1,web,multi_hop_document,MH11,2,4,fact,2025 refinery segment results: operating income of US$157 million.,US$157 million,S2,issuer,s2.q4cdn.com,1,filing,filing,false,true,true,true,false,issuer,none,,,filing,filing,true,true,false,1,false
20261007T042258254895Z-codex.web.MH11.r2-a1,web,multi_hop_document,MH11,2,5,fact,Monroe incurred US$312 million in RINs compliance costs in 2025.,Monroe; US$312 million; RINs,S2,issuer,s2.q4cdn.com,3,filing,filing,false,true,true,true,false,issuer; aggregator,none,,,filing,filing,true,true,false,1,false
20261007T042315173458Z-codex.archivist.MH11.r2-a1,archivist,multi_hop_document,MH11,2,1,fact,"Delta’s fiscal 2025 Form 10-K, filed February 11, 2026.","Delta; fiscal 2025; Form 10-K; February 11, 2026",,,,3,unattributed,,false,false,false,false,false,,none,,,unattributed,,false,false,false,3,false
20261007T042315173458Z-codex.archivist.MH11.r2-a1,archivist,multi_hop_document,MH11,2,2,fact,Fuel costs: 17% of operating expense in 2025.,17%,,,,1,filing,filing,false,false,true,false,false,,none,,,filing,filing,true,false,false,1,false
20261007T042315173458Z-codex.archivist.MH11.r2-a1,archivist,multi_hop_document,MH11,2,3,fact,Monthly low average fuel price during 2023–2025: US$2.20 per gallon in August 2025.,2023–2025; US$2.20 per gallon; August 2025,S1,filing,mosaic-finance.com,2,unattributed,,false,false,false,false,false,,none,,,unattributed,,false,false,false,2,false
20261007T042315173458Z-codex.archivist.MH11.r2-a1,archivist,multi_hop_document,MH11,2,4,fact,"Refinery segment, year ended December 31, 2025: operating revenue of US$6,961 million.","Refinery segment; December 31, 2025; US$6,961 million",S2,filing,mosaic-finance.com,3,filing,filing,false,false,true,false,false,,none,,,filing,filing,true,false,false,1,false
20261007T042315173458Z-codex.archivist.MH11.r2-a1,archivist,multi_hop_document,MH11,2,5,fact,"Refinery segment, year ended December 31, 2025: operating income of US$157 million.","Refinery segment; December 31, 2025; US$157 million",S2,filing,mosaic-finance.com,3,filing,filing,false,false,true,false,false,,none,,,filing,filing,true,false,false,1,false
20261007T042315173458Z-codex.archivist.MH11.r2-a1,archivist,multi_hop_document,MH11,2,6,fact,"Refinery segment, year ended December 31, 2025: Monroe RINs compliance costs of US$312 million.","Refinery segment; December 31, 2025; Monroe; RINs; US$312 million",S2,filing,mosaic-finance.com,5,filing,filing,false,false,true,false,false,,none,,,filing,filing,true,false,false,1,false
20261007T042328988788Z-codex.both.MH11.r2-a1,both,multi_hop_document,MH11,2,1,fact,Fuel costs: 17% of operating expense in 2025.,17%,,,,1,filing,filing,false,false,true,true,false,issuer,none,,,filing,filing,true,true,false,1,false
20261007T042328988788Z-codex.both.MH11.r2-a1,both,multi_hop_document,MH11,2,2,fact,Lowest monthly average fuel price during 2023–2025: US$2.20 per gallon in August 2025.,2023–2025; US$2.20; August 2025,S1,filing,filing-source,2,filing,filing,false,false,true,false,false,,none,,,filing,filing,true,false,false,1,false
20261007T042328988788Z-codex.both.MH11.r2-a1,both,multi_hop_document,MH11,2,3,fact,"Refinery segment, 2025 (US$ millions): operating revenue 6,961.","6,961",S1,filing,filing-source,1,filing,filing,false,false,true,true,false,issuer; aggregator,none,,,filing,filing,true,true,false,1,false
20261007T042328988788Z-codex.both.MH11.r2-a1,both,multi_hop_document,MH11,2,4,fact,"Refinery segment, 2025 (US$ millions): operating income 157.",157,S1,filing,filing-source,1,filing,filing,false,false,true,true,false,issuer,none,,,filing,filing,true,true,false,1,false
20261007T042328988788Z-codex.both.MH11.r2-a1,both,multi_hop_document,MH11,2,5,fact,Monroe’s RINs compliance costs 312 in 2025 (US$ millions).,Monroe; RINs; 312,S1,filing,filing-source,3,filing,filing,false,false,true,true,false,issuer; aggregator,none,,,filing,filing,true,true,false,1,false
20261007T042347462584Z-codex.web.MH12.r2-a1,web,multi_hop_document,MH12,2,1,fact,"At December 31, 2025, 7-Eleven was Realty Income’s largest client.","December 31, 2025; 7-Eleven; Realty Income",S1,filing,filing-source,3,filing,filing,false,false,true,true,false,issuer; forum; aggregator; reference,none,,,filing,filing,true,true,false,3,false
20261007T042347462584Z-codex.web.MH12.r2-a1,web,multi_hop_document,MH12,2,2,fact,7-Eleven had 812 leases.,7-Eleven; 812 leases,S1,filing,filing-source,2,secondary,aggregator,false,false,false,false,false,aggregator,none,,,secondary,aggregator,false,false,false,2,false
20261007T042347462584Z-codex.web.MH12.r2-a1,web,multi_hop_document,MH12,2,3,fact,7-Eleven accounted for 3.3% of total portfolio annualized base rent.,7-Eleven; 3.3%,S1,filing,filing-source,2,filing,filing,false,false,true,true,false,forum; aggregator,none,,,filing,filing,true,true,false,1,false
20261007T042347462584Z-codex.web.MH12.r2-a1,web,multi_hop_document,MH12,2,4,fact,Total portfolio annualized base rent was US$5.31 billion.,US$5.31 billion,S1,filing,filing-source,1,filing,filing,false,false,true,false,false,,none,,,filing,filing,true,false,false,1,false
20261007T042347462584Z-codex.web.MH12.r2-a1,web,multi_hop_document,MH12,2,5,fact,The implied annualized base rent for 7-Eleven is approximately US$175.23 million: $5.31 billion × 3.3%.,7-Eleven; US$175.23 million; $5.31 billion; 3.3%,,,,4,secondary,forum,false,false,false,false,false,forum; aggregator,none,,,secondary,forum,false,false,false,3,false
20261007T042347462584Z-codex.web.MH12.r2-a1,web,multi_hop_document,MH12,2,6,fact,This is an estimate using the filing’s rounded figures.,,,,,0,unattributed,,true,false,false,false,false,,none,,,unattributed,,false,false,false,0,true
20261007T042402001827Z-codex.archivist.MH12.r2-a1,archivist,multi_hop_document,MH12,2,1,fact,"In Realty Income’s fiscal 2025 Form 10-K, filed February 25, 2026, as of December 31, 2025","Realty Income; fiscal 2025; Form 10-K; February 25, 2026; December 31, 2025",,,,4,unattributed,,false,false,false,false,false,,none,,,unattributed,,false,false,false,4,false
20261007T042402001827Z-codex.archivist.MH12.r2-a1,archivist,multi_hop_document,MH12,2,2,fact,"7-Eleven was the largest client, with 812 leases and 3.3% of total portfolio annualized base rent.",7-Eleven; 812 leases; 3.3%,S1,filing,mosaic-finance.com,3,unattributed,,false,false,false,false,false,,none,,,filing,filing,true,false,false,1,false
20261007T042402001827Z-codex.archivist.MH12.r2-a1,archivist,multi_hop_document,MH12,2,3,fact,"Total portfolio annualized base rent was US$5,310,527,000 (the table reports $5,310,527 in thousands).","US$5,310,527,000; $5,310,527 in thousands",S2,filing,mosaic-finance.com,2,unattributed,,false,false,false,false,false,,none,,,unattributed,,false,false,false,2,false
20261007T042402001827Z-codex.archivist.MH12.r2-a1,archivist,multi_hop_document,MH12,2,4,fact,"This implies approximately US$175.25 million for 7-Eleven: $5,310,527,000 × 3.3% = $175,247,391.","US$175.25 million; 7-Eleven; $5,310,527,000; 3.3%; $175,247,391",,,,5,unattributed,,false,false,false,false,false,,none,,,unattributed,,false,false,false,4,false
20261007T042402001827Z-codex.archivist.MH12.r2-a1,archivist,multi_hop_document,MH12,2,5,fact,This is an estimate because the reported percentage is rounded.,,,,,0,unattributed,,true,false,false,false,false,,none,,,unattributed,,false,false,false,0,true
20261007T042422716671Z-codex.both.MH12.r2-a1,both,multi_hop_document,MH12,2,1,fact,"Largest client: 7-Eleven, with 812 leases representing 3.3% of total portfolio annualized base rent at December 31, 2025.","7-Eleven; 812 leases; 3.3%; December 31, 2025",S1,filing,filing-source,4,secondary,issuer,false,false,false,false,false,issuer; forum; aggregator,none,,,filing,filing,true,true,false,1,false
20261007T042422716671Z-codex.both.MH12.r2-a1,both,multi_hop_document,MH12,2,2,fact,Total portfolio annualized base rent: US$5.31 billion at that date.,US$5.31 billion,S1,filing,filing-source,1,filing,filing,false,false,true,true,false,issuer,none,,,filing,filing,true,true,false,1,false
20261007T042422716671Z-codex.both.MH12.r2-a1,both,multi_hop_document,MH12,2,3,fact,Implied annualized base rent for 7-Eleven: $5.31 billion × 3.3% = approximately US$175.23 million.,7-Eleven; $5.31 billion; 3.3%; US$175.23 million,,,,4,secondary,issuer,false,false,false,false,false,issuer; forum,none,,,secondary,issuer,false,false,false,3,false
20261007T042422716671Z-codex.both.MH12.r2-a1,both,multi_hop_document,MH12,2,4,fact,This is an estimate using the filing’s rounded figures.,,,,,0,unattributed,,true,false,false,false,false,,none,,,unattributed,,false,false,false,0,true
20261007T042426755028Z-codex.web.MH13.r2-a1,web,multi_hop_document,MH13,2,1,fact,"Hess acquisition closed: July 2025, according to the risk factors.",Hess; July 2025,S1,issuer,chevroncorp.gcs-web.com,2,secondary,issuer,false,true,false,true,false,issuer; forum; reference; other,none,,,secondary,issuer,false,true,false,2,false
20261007T042426755028Z-codex.web.MH13.r2-a1,web,multi_hop_document,MH13,2,2,fact,Chevron holds a 30% nonoperated interest following the acquisition.,Chevron; Stabroek; 30%,,,,2,secondary,issuer,false,false,false,true,false,issuer; forum; reference,none,,,secondary,issuer,false,true,false,2,false
20261007T042426755028Z-codex.web.MH13.r2-a1,web,multi_hop_document,MH13,2,3,fact,One Guyana achieved first production in August 2025.,One Guyana; August 2025,S2,issuer,chevroncorp.gcs-web.com,2,secondary,issuer,false,true,false,true,false,issuer; forum; other,none,,,secondary,issuer,false,true,false,2,false
20261007T042426755028Z-codex.web.MH13.r2-a1,web,multi_hop_document,MH13,2,4,fact,"One Guyana achieved first production in August 2025, with capacity of approximately 250,000 gross barrels of oil per day.","One Guyana; August 2025; 250,000 gross barrels of oil per day",S2,issuer,chevroncorp.gcs-web.com,3,secondary,issuer,false,true,false,true,false,issuer; forum; other,none,,,secondary,issuer,false,true,false,3,false
20261007T042440724050Z-codex.archivist.MH13.r2-a1,archivist,multi_hop_document,MH13,2,1,fact,"The Hess acquisition closed in July 2025, according to the risk factors.",Hess; July 2025,S1,filing,mosaic-finance.com,2,filing,filing,false,false,true,false,false,,none,,,filing,filing,true,false,false,2,false
20261007T042440724050Z-codex.archivist.MH13.r2-a1,archivist,multi_hop_document,MH13,2,2,fact,"Following the acquisition, Chevron holds a 30% nonoperated interest in the Stabroek Block offshore Guyana.",Chevron; 30%; Stabroek Block; Guyana,S2,filing,mosaic-finance.com,3,filing,filing,false,false,true,false,false,,none,,,filing,filing,true,false,false,3,false
20261007T042440724050Z-codex.archivist.MH13.r2-a1,archivist,multi_hop_document,MH13,2,3,fact,The One Guyana FPSO achieved first production in August 2025,One Guyana FPSO; August 2025,S2,filing,mosaic-finance.com,2,unattributed,,false,false,false,false,false,,none,,,unattributed,,false,false,false,2,false
20261007T042440724050Z-codex.archivist.MH13.r2-a1,archivist,multi_hop_document,MH13,2,4,fact,"The One Guyana FPSO achieved first production in August 2025, with capacity of approximately 250,000 gross barrels of oil per day.","One Guyana FPSO; August 2025; 250,000 gross barrels of oil per day",S2,filing,mosaic-finance.com,3,unattributed,,false,false,false,false,false,,none,,,unattributed,,false,false,false,3,false
20261007T042448947401Z-codex.both.MH13.r2-a1,both,multi_hop_document,MH13,2,1,fact,"Hess acquisition closed: July 2025, according to the risk factors.",Hess; July 2025,S1,issuer,chevroncorp.gcs-web.com,2,secondary,issuer,false,true,false,true,false,issuer; forum; news; reference,none,,,secondary,issuer,false,true,false,2,false
20261007T042448947401Z-codex.both.MH13.r2-a1,both,multi_hop_document,MH13,2,2,fact,Chevron holds a 30% nonoperated interest following the acquisition.,Chevron; 30%,,,,1,filing,filing,false,false,true,true,false,issuer; forum; aggregator; news; reference,none,,,filing,filing,true,true,false,1,false
20261007T042448947401Z-codex.both.MH13.r2-a1,both,multi_hop_document,MH13,2,3,fact,One Guyana achieved first production in August 2025.,One Guyana; August 2025,S2,issuer,chevroncorp.gcs-web.com,2,filing,filing,false,true,true,true,false,issuer; forum,none,,,filing,filing,true,true,false,2,false
20261007T042448947401Z-codex.both.MH13.r2-a1,both,multi_hop_document,MH13,2,4,fact,"One Guyana achieved first production in August 2025, with capacity of approximately 250,000 gross barrels of oil per day.","One Guyana; August 2025; 250,000 gross barrels of oil per day",S2,issuer,chevroncorp.gcs-web.com,3,filing,filing,false,true,true,true,false,issuer; forum,none,,,filing,filing,true,true,false,3,false
20261007T042507539326Z-codex.web.MH14.r2-a1,web,multi_hop_document,MH14,2,1,fact,"First Quantum’s 2025 Annual Information Form, dated February 10, 2026","First Quantum; 2025 Annual Information Form; February 10, 2026",S1,issuer,first-quantum.com,3,secondary,issuer,false,true,false,true,false,issuer; aggregator; reference,none,,,secondary,issuer,false,true,false,3,false
20261007T042507539326Z-codex.web.MH14.r2-a1,web,multi_hop_document,MH14,2,2,fact,Cobre Panamá ownership: 90% effective interest,Cobre Panamá; 90%,S1,issuer,first-quantum.com,1,filing,filing,false,true,true,true,false,issuer; aggregator; reference,none,,,filing,filing,true,true,false,1,false
20261007T042507539326Z-codex.web.MH14.r2-a1,web,multi_hop_document,MH14,2,3,fact,"P&SM approval announcement: May 30, 2025","P&SM; May 30, 2025",S1,issuer,first-quantum.com,2,secondary,issuer,false,true,false,true,false,issuer; aggregator,none,,,secondary,issuer,false,true,false,2,false
20261007T042507539326Z-codex.web.MH14.r2-a1,web,multi_hop_document,MH14,2,4,fact,"Stored concentrate exported to fund P&SM: 121,000 dry metric tonnes","P&SM; 121,000 dry metric tonnes",S1,issuer,first-quantum.com,2,secondary,issuer,false,true,false,true,false,issuer; aggregator,none,,,secondary,issuer,false,true,false,2,false
20261007T042507539326Z-codex.web.MH14.r2-a1,web,multi_hop_document,MH14,2,5,fact,"2025 copper production: 395,772 tonnes, rounded to 396,000 tonnes in the product overview","395,772 tonnes; 396,000 tonnes",S1,issuer,first-quantum.com,2,secondary,issuer,false,true,false,true,false,issuer,none,,,secondary,issuer,false,true,false,2,false
20261007T042508192643Z-codex.archivist.MH14.r2-a1,archivist,multi_hop_document,MH14,2,1,fact,"First Quantum Minerals’ 2025 Annual Information Form, filed February 10, 2026.","First Quantum Minerals; 2025 Annual Information Form; February 10, 2026",,,,3,unattributed,,false,false,false,false,false,,none,,,unattributed,,false,false,false,3,false
20261007T042508192643Z-codex.archivist.MH14.r2-a1,archivist,multi_hop_document,MH14,2,2,fact,Cobre Panamá ownership interest: 91.02%.,Cobre Panamá; 91.02%,S1,filing,mosaic-finance.com,2,filing,filing,false,false,true,false,false,,none,,,filing,filing,true,false,false,1,false
20261007T042508192643Z-codex.archivist.MH14.r2-a1,archivist,multi_hop_document,MH14,2,3,fact,"P&SM approval announcement: May 30, 2025.","P&SM; May 30, 2025",S2,filing,mosaic-finance.com,2,filing,filing,false,false,true,false,false,,none,,,filing,filing,true,false,false,2,false
20261007T042508192643Z-codex.archivist.MH14.r2-a1,archivist,multi_hop_document,MH14,2,4,fact,"The program was funded through export of 121,000 dry metric tonnes of copper concentrate stored at the mine.","121,000 dry metric tonnes",S2,filing,mosaic-finance.com,1,filing,filing,false,false,true,false,false,,none,,,filing,filing,true,false,false,1,false
20261007T042508192643Z-codex.archivist.MH14.r2-a1,archivist,multi_hop_document,MH14,2,5,fact,"Company copper production in 2025: 396,000 tonnes.","396,000 tonnes",S3,filing,mosaic-finance.com,1,filing,filing,false,false,true,false,false,,none,,,filing,filing,true,false,false,1,false
20261007T042531491694Z-codex.both.MH14.r2-a1,both,multi_hop_document,MH14,2,1,fact,"First Quantum’s 2025 AIF, filed February 10, 2026","First Quantum; 2025 AIF; February 10, 2026",,,,3,secondary,issuer,false,false,false,false,false,issuer; forum; news; reference,none,,,secondary,issuer,false,false,false,3,false
20261007T042531491694Z-codex.both.MH14.r2-a1,both,multi_hop_document,MH14,2,2,fact,Cobre Panamá ownership: 91.02%.,Cobre Panamá; 91.02%,S1,filing,mosaic-finance.com,2,filing,filing,false,false,true,false,false,issuer; forum; news; reference,none,,,filing,filing,true,false,false,1,false
20261007T042531491694Z-codex.both.MH14.r2-a1,both,multi_hop_document,MH14,2,3,fact,"P&SM approval announcement: May 30, 2025","P&SM; May 30, 2025",S2,filing,mosaic-finance.com,2,filing,filing,false,false,true,true,true,issuer,none,,,filing,filing,true,true,true,2,false
20261007T042531491694Z-codex.both.MH14.r2-a1,both,multi_hop_document,MH14,2,4,fact,"the program was to be funded through export of 121,000 dry metric tonnes of stored copper concentrate.","121,000 dry metric tonnes",S2,filing,mosaic-finance.com,1,filing,filing,false,false,true,false,false,,none,,,filing,filing,true,false,false,1,false
20261007T042531491694Z-codex.both.MH14.r2-a1,both,multi_hop_document,MH14,2,5,fact,"Company copper production in 2025: 395,772 tonnes.","395,772 tonnes",S3,filing,mosaic-finance.com,1,filing,filing,false,false,true,false,false,,none,,,filing,filing,true,false,false,1,false
20261007T042537521304Z-codex.web.MH15.r2-a1,web,multi_hop_document,MH15,2,1,fact,"For 2025, all amounts below are thousands of Turkish lira, expressed in purchasing power at 31 December 2025.",thousands of Turkish lira; 31 December 2025,,,,2,secondary,promotional,false,false,false,false,false,promotional,none,,,secondary,promotional,false,false,false,2,false
20261007T042537521304Z-codex.web.MH15.r2-a1,web,multi_hop_document,MH15,2,2,fact,"Revenue (Hasılat): 830,827,933 for 2025.","830,827,933",S1,aggregator,api.rasyonet.com,1,secondary,aggregator,false,true,false,true,false,aggregator,none,,,secondary,aggregator,false,true,false,1,false
20261007T042537521304Z-codex.web.MH15.r2-a1,web,multi_hop_document,MH15,2,3,fact,"Gross profit (Brüt kar): 69,383,718 for 2025.","69,383,718",S1,aggregator,api.rasyonet.com,1,secondary,aggregator,false,true,false,true,false,aggregator,none,,,secondary,aggregator,false,true,false,1,false
20261007T042537521304Z-codex.web.MH15.r2-a1,web,multi_hop_document,MH15,2,4,fact,"Export sales (Yurt dışı), Note 18: 660,241,410 for 2025.","18; 660,241,410",S2,aggregator,api.rasyonet.com,2,secondary,issuer,false,true,false,true,false,issuer; forum; aggregator; reference; other,none,,,secondary,issuer,false,true,false,2,false
20261007T042537521304Z-codex.web.MH15.r2-a1,web,multi_hop_document,MH15,2,5,fact,"Domestic sales (Yurt içi), Note 18: 187,371,761 for 2025.","18; 187,371,761",S2,aggregator,api.rasyonet.com,2,secondary,issuer,false,true,false,true,false,issuer; forum; aggregator; reference; other,none,,,secondary,issuer,false,true,false,2,false
20261007T042537521304Z-codex.web.MH15.r2-a1,web,multi_hop_document,MH15,2,6,fact,"Consolidated income statement, p. 3 and revenue Note 18, p. 54, from the KAP report filed 10 February 2026.",3; 18; 54; KAP; 10 February 2026,S1; S2,aggregator,api.rasyonet.com,4,secondary,issuer,false,true,false,true,false,issuer; forum; aggregator; reference; other,none,,,secondary,issuer,false,true,false,2,false
20261007T042537521304Z-codex.web.MH15.r2-a1,web,multi_hop_document,MH15,2,7,fact,"Gross margin: 8.35% = 69,383,718 ÷ 830,827,933 × 100.","8.35%; 69,383,718; 830,827,933; 100",,,,3,secondary,aggregator,false,false,false,true,false,aggregator,none,,,secondary,aggregator,false,true,false,3,false
20261007T042537521304Z-codex.web.MH15.r2-a1,web,multi_hop_document,MH15,2,8,fact,Note 18’s sales figures precede other sales and discounts.,18,,,,1,filing,filing,false,false,true,true,false,issuer; forum; aggregator; reference; other,none,,,filing,filing,true,true,false,1,false
20261007T042537521304Z-codex.web.MH15.r2-a1,web,multi_hop_document,MH15,2,9,fact,yurt dışı includes Ford Otosan Romania SRL’s sales.,Ford Otosan Romania SRL,,,,1,filing,filing,false,false,true,true,false,issuer; aggregator; reference,none,,,filing,filing,true,true,false,1,false
20261007T042614862759Z-codex.archivist.MH15.r2-a1,archivist,multi_hop_document,MH15,2,1,fact,"For 1 January–31 December 2025, in the KAP Finansal Rapor filed 10 February 2026.",1 January–31 December 2025; KAP Finansal Rapor; 10 February 2026,,,,3,unattributed,,false,false,false,false,false,,none,,,unattributed,,false,false,false,3,false
20261007T042614862759Z-codex.archivist.MH15.r2-a1,archivist,multi_hop_document,MH15,2,2,fact,"All amounts below are thousands of Turkish lira, expressed in purchasing power at 31 December 2025.",thousands of Turkish lira; 31 December 2025,,,,2,unattributed,,false,false,false,false,false,,none,,,unattributed,,false,false,false,2,false
20261007T042614862759Z-codex.archivist.MH15.r2-a1,archivist,multi_hop_document,MH15,2,3,fact,"Revenue (Hasılat) for 2025: 830,827,933.","830,827,933",S1,filing,mosaic-finance.com,1,filing,filing,false,false,true,false,false,,none,,,filing,filing,true,false,false,1,false
20261007T042614862759Z-codex.archivist.MH15.r2-a1,archivist,multi_hop_document,MH15,2,4,fact,"Gross profit (Brüt kar) for 2025: 69,383,718.","69,383,718",S1,filing,mosaic-finance.com,1,filing,filing,false,false,true,false,false,,none,,,filing,filing,true,false,false,1,false
20261007T042614862759Z-codex.archivist.MH15.r2-a1,archivist,multi_hop_document,MH15,2,5,fact,"Export/foreign sales (Yurt dışı satışlar) for 2025: 660,241,410.","660,241,410",S2,filing,mosaic-finance.com,1,filing,filing,false,false,true,false,false,,none,,,filing,filing,true,false,false,1,false
20261007T042614862759Z-codex.archivist.MH15.r2-a1,archivist,multi_hop_document,MH15,2,6,fact,"Domestic sales (Yurt içi satışlar) for 2025: 187,371,761.","187,371,761",S2,filing,mosaic-finance.com,1,filing,filing,false,false,true,false,false,,none,,,filing,filing,true,false,false,1,false
20261007T042614862759Z-codex.archivist.MH15.r2-a1,archivist,multi_hop_document,MH15,2,7,fact,"Gross margin: 8.35%, calculated as 69,383,718 ÷ 830,827,933 × 100.","8.35%; 69,383,718; 830,827,933; 100",,,,3,unattributed,,false,false,false,false,false,,none,,,unattributed,,false,false,false,3,false
20261007T042614862759Z-codex.archivist.MH15.r2-a1,archivist,multi_hop_document,MH15,2,8,fact,Note 18’s foreign sales include Ford Otosan Romania SRL’s sales alongside the Group’s exports.,Note 18; Ford Otosan Romania SRL; Group,S2,filing,mosaic-finance.com,3,unattributed,,false,false,false,false,false,,none,,,unattributed,,false,false,false,3,false
20261007T042614862759Z-codex.archivist.MH15.r2-a1,archivist,multi_hop_document,MH15,2,9,fact,Domestic sales are the note’s amount before separately listed discounts.,,S2,filing,mosaic-finance.com,0,filing,filing,true,false,false,false,false,,none,,,filing,filing,false,false,false,0,true
20261007T042637694472Z-codex.both.MH15.r2-a1,both,multi_hop_document,MH15,2,1,fact,"For 2025, all amounts are in thousands of Turkish lira, expressed in 31 December 2025 purchasing power.",thousands of Turkish lira; 31 December 2025,S1; S2,filing,mosaic-finance.com,2,unattributed,,false,false,false,false,false,,none,,,unattributed,,false,false,false,2,false
20261007T042637694472Z-codex.both.MH15.r2-a1,both,multi_hop_document,MH15,2,2,fact,"Revenue (Hasılat): 830,827,933.","830,827,933",S1,filing,mosaic-finance.com,1,filing,filing,false,false,true,false,false,,none,,,filing,filing,true,false,false,1,false
20261007T042637694472Z-codex.both.MH15.r2-a1,both,multi_hop_document,MH15,2,3,fact,"Gross profit (Brüt kar): 69,383,718.","69,383,718",S1,filing,mosaic-finance.com,1,filing,filing,false,false,true,false,false,,none,,,filing,filing,true,false,false,1,false
20261007T042637694472Z-codex.both.MH15.r2-a1,both,multi_hop_document,MH15,2,4,fact,"Export/foreign sales (Yurt dışı satışlar), Note 18: 660,241,410.","Note 18; 660,241,410",S2,filing,mosaic-finance.com,2,unattributed,,false,false,false,false,false,,none,,,filing,filing,true,false,false,1,false
20261007T042637694472Z-codex.both.MH15.r2-a1,both,multi_hop_document,MH15,2,5,fact,"Domestic sales (Yurt içi satışlar), Note 18: 187,371,761.","Note 18; 187,371,761",S2,filing,mosaic-finance.com,2,unattributed,,false,false,false,false,false,,none,,,filing,filing,true,false,false,1,false
20261007T042637694472Z-codex.both.MH15.r2-a1,both,multi_hop_document,MH15,2,6,fact,"Sources: Consolidated income statement, p. 3, Note 18, p. 54.",p. 3; Note 18; p. 54,S1; S2,filing,mosaic-finance.com,3,unattributed,,false,false,false,false,false,,none,,,unattributed,,false,false,false,3,false
20261007T042637694472Z-codex.both.MH15.r2-a1,both,multi_hop_document,MH15,2,7,fact,"KAP Finansal Rapor filed 10 February 2026, disclosure 1555145.",KAP Finansal Rapor; 10 February 2026; 1555145,S1; S2,filing,mosaic-finance.com,3,unattributed,,false,false,false,false,false,,none,,,filing,filing,true,false,false,1,false
20261007T042637694472Z-codex.both.MH15.r2-a1,both,multi_hop_document,MH15,2,8,fact,"Calculated gross margin: 8.35% = 69,383,718 ÷ 830,827,933 × 100.","8.35%; 69,383,718; 830,827,933; 100",,,,3,secondary,forum,false,false,false,false,false,forum,none,,,secondary,forum,false,false,false,3,false
20261007T042637694472Z-codex.both.MH15.r2-a1,both,multi_hop_document,MH15,2,9,fact,Note 18’s foreign sales include Ford Otosan Romania SRL’s sales alongside exports.,Note 18; Ford Otosan Romania SRL,S2,filing,mosaic-finance.com,2,unattributed,,false,false,false,false,false,,none,,,unattributed,,false,false,false,2,false
20261007T042637694472Z-codex.both.MH15.r2-a1,both,multi_hop_document,MH15,2,10,fact,Its sales breakdown is before the separately listed discounts.,,S2,filing,mosaic-finance.com,0,filing,filing,true,false,false,false,false,,none,,,filing,filing,false,false,false,0,true
20261007T042702702090Z-codex.web.MH11.r3-a1,web,multi_hop_document,MH11,3,1,fact,Fuel costs’ share of 2025 operating expense: 17%.,17%,S1,filing,filing-source,1,filing,filing,false,false,true,true,false,issuer,none,,,filing,filing,true,true,false,1,false
20261007T042702702090Z-codex.web.MH11.r3-a1,web,multi_hop_document,MH11,3,2,fact,Lowest monthly average fuel price during 2023–2025: US$2.20 per gallon in August 2025.,2023–2025; US$2.20 per gallon; August 2025,S1,filing,filing-source,2,unattributed,,false,false,false,false,false,,none,,,unattributed,,false,false,false,2,false
20261007T042702702090Z-codex.web.MH11.r3-a1,web,multi_hop_document,MH11,3,3,fact,"Both figures appear in Delta’s 2025 Form 10-K, Item 1A—Risk Factors.",Delta; 2025 Form 10-K; Item 1A—Risk Factors,S1,filing,filing-source,3,secondary,issuer,false,false,false,false,false,issuer; aggregator; reference,none,,,secondary,issuer,false,false,false,3,false
20261007T042702702090Z-codex.web.MH11.r3-a1,web,multi_hop_document,MH11,3,4,fact,"2025 refinery segment results (US$ millions): operating revenue $6,961 million.","$6,961 million",S2,issuer,s2.q4cdn.com,1,filing,filing,false,true,true,true,false,issuer; aggregator,none,,,filing,filing,true,true,false,1,false
20261007T042702702090Z-codex.web.MH11.r3-a1,web,multi_hop_document,MH11,3,5,fact,2025 refinery segment results (US$ millions): operating income $157 million.,$157 million,S2,issuer,s2.q4cdn.com,1,filing,filing,false,true,true,true,false,issuer,none,,,filing,filing,true,true,false,1,false
20261007T042702702090Z-codex.web.MH11.r3-a1,web,multi_hop_document,MH11,3,6,fact,Monroe’s RINs compliance costs $312 million.,Monroe; RINs; $312 million,S2,issuer,s2.q4cdn.com,3,filing,filing,false,true,true,true,false,issuer; aggregator,none,,,filing,filing,true,true,false,1,false
20261007T042720693287Z-codex.archivist.MH11.r3-a1,archivist,multi_hop_document,MH11,3,1,fact,"Delta’s fiscal 2025 Form 10-K, filed February 11, 2026","Delta; Form 10-K; February 11, 2026",,,,3,unattributed,,false,false,false,false,false,,none,,,unattributed,,false,false,false,3,false
20261007T042720693287Z-codex.archivist.MH11.r3-a1,archivist,multi_hop_document,MH11,3,2,fact,Fuel costs: 17% of operating expense in 2025.,17%,,,,1,filing,filing,false,false,true,false,false,,none,,,filing,filing,true,false,false,1,false
20261007T042720693287Z-codex.archivist.MH11.r3-a1,archivist,multi_hop_document,MH11,3,3,fact,Lowest monthly average fuel price during 2023–2025: US$2.20 per gallon in August 2025.,2023–2025; US$2.20 per gallon; August 2025,S1,filing,mosaic-finance.com,2,unattributed,,false,false,false,false,false,,none,,,unattributed,,false,false,false,2,false
20261007T042720693287Z-codex.archivist.MH11.r3-a1,archivist,multi_hop_document,MH11,3,4,fact,"Refinery segment, 2025: operating revenue of US$6,961 million","US$6,961 million",,,,1,filing,filing,false,false,true,false,false,,none,,,filing,filing,true,false,false,1,false
20261007T042720693287Z-codex.archivist.MH11.r3-a1,archivist,multi_hop_document,MH11,3,5,fact,"Refinery segment, 2025: operating income of US$157 million.",US$157 million,,,,1,filing,filing,false,false,true,false,false,,none,,,filing,filing,true,false,false,1,false
20261007T042720693287Z-codex.archivist.MH11.r3-a1,archivist,multi_hop_document,MH11,3,6,fact,Monroe’s 2025 RINs compliance costs: US$312 million.,Monroe; RINs; US$312 million,S2,filing,mosaic-finance.com,3,filing,filing,false,false,true,false,false,,none,,,filing,filing,true,false,false,1,false
20261007T042724182779Z-codex.both.MH11.r3-a1,both,multi_hop_document,MH11,3,1,fact,Fuel costs: 17% of operating expense in 2025.,17%,,,,1,filing,filing,false,false,true,true,false,issuer; aggregator,none,,,filing,filing,true,true,false,1,false
20261007T042724182779Z-codex.both.MH11.r3-a1,both,multi_hop_document,MH11,3,2,fact,Lowest monthly average fuel price during 2023–2025: $2.20 per gallon in August 2025.,2023–2025; $2.20 per gallon; August 2025,S1,filing,filing-source,2,secondary,issuer,false,false,false,false,false,issuer,none,,,secondary,issuer,false,false,false,2,false
20261007T042724182779Z-codex.both.MH11.r3-a1,both,multi_hop_document,MH11,3,3,fact,"Refinery segment’s 2025 results (US$ millions): operating revenue $6,961 million.","$6,961 million",,,,1,filing,filing,false,false,true,false,false,,none,,,filing,filing,true,false,false,1,false
20261007T042724182779Z-codex.both.MH11.r3-a1,both,multi_hop_document,MH11,3,4,fact,Refinery segment’s 2025 results (US$ millions): operating income $157 million.,$157 million,,,,1,filing,filing,false,false,true,false,false,,none,,,filing,filing,true,false,false,1,false
20261007T042724182779Z-codex.both.MH11.r3-a1,both,multi_hop_document,MH11,3,5,fact,Monroe’s 2025 RINs compliance costs: $312 million.,Monroe; RINs; $312 million,S1,filing,filing-source,3,filing,filing,false,false,true,false,false,issuer; aggregator; news,none,,,filing,filing,true,false,false,1,false
20261007T042742944473Z-codex.web.MH12.r3-a1,web,multi_hop_document,MH12,3,1,fact,"At December 31, 2025, 7-Eleven was Realty Income’s largest client, with 812 leases representing 3.3% of total portfolio annualized base rent.","December 31, 2025; 7-Eleven; Realty Income; 812 leases; 3.3%",S1,filing,filing-source,5,secondary,issuer,false,false,false,false,false,issuer; forum; aggregator; reference,none,,,filing,filing,true,true,false,1,false
20261007T042742944473Z-codex.web.MH12.r3-a1,web,multi_hop_document,MH12,3,2,fact,Total portfolio annualized base rent was US$5.31 billion.,US$5.31 billion,S1,filing,filing-source,1,filing,filing,false,false,true,true,false,issuer,none,,,filing,filing,true,true,false,1,false
20261007T042742944473Z-codex.web.MH12.r3-a1,web,multi_hop_document,MH12,3,3,fact,That implies approximately US$175.23 million annually for 7-Eleven: $5.31 billion × 3.3%.,US$175.23 million; 7-Eleven; $5.31 billion; 3.3%,,,,4,filing,filing,false,false,true,false,false,issuer; forum; aggregator,none,,,filing,filing,true,false,false,3,false
20261007T042742944473Z-codex.web.MH12.r3-a1,web,multi_hop_document,MH12,3,4,evaluative,This is an estimate based on the reported rounded figures.,,,,,,,,,,,,,,none,an estimate,true,,,,,,,
20261007T042753543545Z-codex.archivist.MH12.r3-a1,archivist,multi_hop_document,MH12,3,1,fact,"At December 31, 2025, Realty Income’s largest client was 7-Eleven, with 812 leases and 3.3% of total portfolio annualized base rent.","December 31, 2025; Realty Income; 7-Eleven; 812 leases; 3.3%",S1,filing,mosaic-finance.com,5,unattributed,,false,false,false,false,false,,none,,,filing,filing,true,false,false,1,false
20261007T042753543545Z-codex.archivist.MH12.r3-a1,archivist,multi_hop_document,MH12,3,2,fact,"Total portfolio annualized base rent was US$5,310,527,000 ($5.310527 billion; the table reports dollars in thousands).","US$5,310,527,000; $5.310527 billion; thousands",S2,filing,mosaic-finance.com,3,unattributed,,false,false,false,false,false,,none,,,unattributed,,false,false,false,2,false
20261007T042753543545Z-codex.archivist.MH12.r3-a1,archivist,multi_hop_document,MH12,3,3,fact,"This implies approximately US$175.25 million for 7-Eleven: $5,310,527,000 × 3.3% = $175,247,391. This is an estimate using the reported rounded percentage.","US$175.25 million; 7-Eleven; $5,310,527,000; 3.3%; $175,247,391",,,,5,unattributed,,false,false,false,false,false,,none,,,unattributed,,false,false,false,4,false
20261007T042757582567Z-codex.both.MH12.r3-a1,both,multi_hop_document,MH12,3,1,fact,"At December 31, 2025, 7-Eleven was Realty Income’s largest client, with 812 leases representing 3.3% of total portfolio annualized base rent.","December 31, 2025; 7-Eleven; Realty Income; 812 leases; 3.3%",S1,filing,filing-source,5,secondary,issuer,false,false,false,false,false,issuer; forum; aggregator; reference,none,,,filing,filing,true,true,false,1,false
20261007T042757582567Z-codex.both.MH12.r3-a1,both,multi_hop_document,MH12,3,2,fact,Total portfolio annualized base rent was US$5.31 billion.,US$5.31 billion,S1,filing,filing-source,1,filing,filing,false,false,true,true,false,issuer,none,,,filing,filing,true,true,false,1,false
20261007T042757582567Z-codex.both.MH12.r3-a1,both,multi_hop_document,MH12,3,3,fact,That implies approximately US$175.23 million annually for 7-Eleven: $5.31 billion × 3.3%.,US$175.23 million annually; 7-Eleven; $5.31 billion; 3.3%,,,,4,secondary,issuer,false,false,false,false,false,issuer; forum; aggregator,none,,,filing,filing,true,true,false,2,false
20261007T042757582567Z-codex.both.MH12.r3-a1,both,multi_hop_document,MH12,3,4,fact,This is an estimate using the reported rounded figures.,,,,,0,unattributed,,true,false,false,false,false,,none,,,unattributed,,false,false,false,0,true
20261007T042814939509Z-codex.web.MH13.r3-a1,web,multi_hop_document,MH13,3,1,fact,"Hess acquisition closed: July 2025, according to the risk factors.",Hess; July 2025,S1,issuer,chevroncorp.gcs-web.com,2,secondary,issuer,false,true,false,true,false,issuer; forum; news; reference,none,,,secondary,issuer,false,true,false,2,false
20261007T042814939509Z-codex.web.MH13.r3-a1,web,multi_hop_document,MH13,3,2,fact,Chevron holds a 30% nonoperated interest offshore Guyana following the acquisition.,Chevron; 30%; Stabroek; Guyana,,,,3,filing,filing,false,false,true,true,false,issuer; forum; aggregator; news; reference,none,,,filing,filing,true,true,false,3,false
20261007T042814939509Z-codex.web.MH13.r3-a1,web,multi_hop_document,MH13,3,3,fact,One Guyana achieved first production in August 2025.,One Guyana; August 2025,S2,issuer,chevroncorp.gcs-web.com,2,filing,filing,false,true,true,true,false,issuer; forum,none,,,filing,filing,true,true,false,2,false
20261007T042814939509Z-codex.web.MH13.r3-a1,web,multi_hop_document,MH13,3,4,fact,"One Guyana has capacity of approximately 250,000 gross barrels of oil per day.","One Guyana; 250,000 gross barrels of oil per day",S2,issuer,chevroncorp.gcs-web.com,2,filing,filing,false,true,true,true,false,issuer; forum,none,,,filing,filing,true,true,false,2,false
20261007T042819049420Z-codex.archivist.MH13.r3-a1,archivist,multi_hop_document,MH13,3,1,fact,"Chevron’s fiscal 2025 Form 10-K, filed February 24, 2026","Chevron; fiscal 2025; Form 10-K; February 24, 2026",,,,3,unattributed,,false,false,false,false,false,,none,,,unattributed,,false,false,false,3,false
20261007T042819049420Z-codex.archivist.MH13.r3-a1,archivist,multi_hop_document,MH13,3,2,fact,"Hess acquisition closed: July 2025, according to Item 1A—Risk Factors",Hess; July 2025; Item 1A—Risk Factors,S1,filing,mosaic-finance.com,3,unattributed,,false,false,false,false,false,,none,,,unattributed,,false,false,false,3,false
20261007T042819049420Z-codex.archivist.MH13.r3-a1,archivist,multi_hop_document,MH13,3,3,fact,"Stabroek interest: 30%, nonoperated, following the acquisition.",Stabroek; 30%,,,,1,filing,filing,false,false,true,false,false,,none,,,filing,filing,true,false,false,1,false
20261007T042819049420Z-codex.archivist.MH13.r3-a1,archivist,multi_hop_document,MH13,3,4,fact,"One Guyana achieved first production in August 2025, with capacity of approximately 250,000 gross barrels of oil per day.","One Guyana; August 2025; approximately 250,000 gross barrels of oil per day",S2,filing,mosaic-finance.com,3,filing,filing,false,false,true,false,false,,none,,,filing,filing,true,false,false,3,false
20261007T042835770831Z-codex.both.MH13.r3-a1,both,multi_hop_document,MH13,3,1,fact,"Hess acquisition closed: July 2025, according to the risk factors.",Hess; July 2025,S1,issuer,chevroncorp.gcs-web.com,2,secondary,issuer,false,true,false,true,false,issuer; forum; aggregator; news; reference,none,,,secondary,issuer,false,true,false,2,false
20261007T042835770831Z-codex.both.MH13.r3-a1,both,multi_hop_document,MH13,3,2,fact,Stabroek interest: Chevron holds a 30% nonoperated interest following the acquisition.,Stabroek; Chevron; 30%,,,,2,filing,filing,false,false,true,true,false,issuer; forum; aggregator; news; reference,none,,,filing,filing,true,true,false,2,false
20261007T042835770831Z-codex.both.MH13.r3-a1,both,multi_hop_document,MH13,3,3,fact,One Guyana achieved first production in August 2025.,One Guyana; August 2025,S2,issuer,chevroncorp.gcs-web.com,2,filing,filing,false,true,true,true,false,issuer,none,,,filing,filing,true,true,false,2,false
20261007T042835770831Z-codex.both.MH13.r3-a1,both,multi_hop_document,MH13,3,4,fact,"One Guyana achieved first production in August 2025, with capacity of approximately 250,000 gross barrels of oil per day.","One Guyana; August 2025; 250,000 gross barrels of oil per day",S2,issuer,chevroncorp.gcs-web.com,3,filing,filing,false,true,true,false,false,issuer,none,,,filing,filing,true,false,false,3,false
20261007T042844451253Z-codex.web.MH14.r3-a1,web,multi_hop_document,MH14,3,1,fact,"First Quantum’s 2025 Annual Information Form, dated February 10, 2026","First Quantum; 2025 Annual Information Form; February 10, 2026",S1,issuer,first-quantum.com,3,secondary,issuer,false,true,false,true,false,issuer; forum; aggregator; news; reference,none,,,secondary,issuer,false,true,false,3,false
20261007T042844451253Z-codex.web.MH14.r3-a1,web,multi_hop_document,MH14,3,2,fact,Cobre Panamá ownership interest: 91.02% (p. 8).,Cobre Panamá; 91.02%; p. 8,S1,issuer,first-quantum.com,3,secondary,issuer,false,true,false,false,false,issuer; forum; news; reference,none,,,secondary,issuer,false,true,false,1,false
20261007T042844451253Z-codex.web.MH14.r3-a1,web,multi_hop_document,MH14,3,3,fact,"Announcement of MPSA’s P&SM approval: May 30, 2025 (p. 9).","MPSA; P&SM; May 30, 2025; p. 9",S1,issuer,first-quantum.com,4,secondary,issuer,false,true,false,false,false,issuer,none,,,secondary,issuer,false,false,false,4,false
20261007T042844451253Z-codex.web.MH14.r3-a1,web,multi_hop_document,MH14,3,4,fact,"Stored concentrate to fund the program through export: 121,000 dry metric tonnes (p. 9).","121,000 dry metric tonnes; p. 9",S1,issuer,first-quantum.com,2,secondary,issuer,false,true,false,false,false,issuer,none,,,secondary,issuer,false,false,false,2,false
20261007T042844451253Z-codex.web.MH14.r3-a1,web,multi_hop_document,MH14,3,5,fact,"Company copper production in 2025: 396,000 tonnes (p. 14).","396,000 tonnes; p. 14",S1,issuer,first-quantum.com,2,secondary,issuer,false,true,false,false,false,issuer,none,,,secondary,issuer,false,false,false,2,false
20261007T042851033870Z-codex.archivist.MH14.r3-a1,archivist,multi_hop_document,MH14,3,1,fact,"First Quantum’s 2025 Annual Information Form, filed February 10, 2026.","First Quantum; Annual Information Form; February 10, 2026",,,,3,unattributed,,false,false,false,false,false,,none,,,unattributed,,false,false,false,3,false
20261007T042851033870Z-codex.archivist.MH14.r3-a1,archivist,multi_hop_document,MH14,3,2,fact,Cobre Panamá ownership: 91.02%.,Cobre Panamá; 91.02%,S1,filing,mosaic-finance.com,2,filing,filing,false,false,true,false,false,,none,,,filing,filing,true,false,false,1,false
20261007T042851033870Z-codex.archivist.MH14.r3-a1,archivist,multi_hop_document,MH14,3,3,fact,"P&SM approval announcement: May 30, 2025.","P&SM; May 30, 2025",S2,filing,mosaic-finance.com,2,filing,filing,false,false,true,false,false,,none,,,filing,filing,true,false,false,2,false
20261007T042851033870Z-codex.archivist.MH14.r3-a1,archivist,multi_hop_document,MH14,3,4,fact,"The program was funded through export of 121,000 dry metric tonnes of copper concentrate stored at the mine.","121,000 dry metric tonnes",S2,filing,mosaic-finance.com,1,filing,filing,false,false,true,false,false,,none,,,filing,filing,true,false,false,1,false
20261007T042851033870Z-codex.archivist.MH14.r3-a1,archivist,multi_hop_document,MH14,3,5,fact,"Company-wide copper production in 2025: 396,000 tonnes.","396,000 tonnes",S3,filing,mosaic-finance.com,1,filing,filing,false,false,true,false,false,,none,,,filing,filing,true,false,false,1,false
20261007T042911207541Z-codex.both.MH14.r3-a1,both,multi_hop_document,MH14,3,1,fact,"First Quantum’s 2025 AIF, filed February 10, 2026","First Quantum; 2025 AIF; February 10, 2026",,,,3,secondary,issuer,false,false,false,false,false,issuer; forum; news; reference,none,,,secondary,issuer,false,false,false,3,false
20261007T042911207541Z-codex.both.MH14.r3-a1,both,multi_hop_document,MH14,3,2,fact,Cobre Panamá ownership: 91.02%.,Cobre Panamá; 91.02%,S1,filing,mosaic-finance.com,2,filing,filing,false,false,true,false,false,issuer; forum; news; reference,none,,,filing,filing,true,false,false,1,false
20261007T042911207541Z-codex.both.MH14.r3-a1,both,multi_hop_document,MH14,3,3,fact,"P&SM approval announcement: May 30, 2025","P&SM; May 30, 2025",S2,filing,mosaic-finance.com,2,filing,filing,false,false,true,true,true,issuer,none,,,filing,filing,true,true,true,2,false
20261007T042911207541Z-codex.both.MH14.r3-a1,both,multi_hop_document,MH14,3,4,fact,"the program would be funded through export of 121,000 dry metric tonnes of stored copper concentrate.","121,000 dry metric tonnes",S2,filing,mosaic-finance.com,1,filing,filing,false,false,true,false,false,,none,,,filing,filing,true,false,false,1,false
20261007T042911207541Z-codex.both.MH14.r3-a1,both,multi_hop_document,MH14,3,5,fact,"Company copper production in 2025: 396,000 tonnes.","396,000 tonnes",S3,filing,mosaic-finance.com,1,filing,filing,false,false,true,false,false,,none,,,filing,filing,true,false,false,1,false
20261007T042939192266Z-codex.web.MH15.r3-a1,web,multi_hop_document,MH15,3,1,fact,"For 2025, all amounts below are thousands of Turkish lira, expressed in 31 December 2025 purchasing power.",thousands of Turkish lira; 31 December 2025,S1,aggregator,news-content.foreks.com,2,secondary,aggregator,false,true,false,false,false,,none,,,secondary,aggregator,false,false,false,2,false
20261007T042939192266Z-codex.web.MH15.r3-a1,web,multi_hop_document,MH15,3,2,fact,"Revenue (Hasılat) for 2025: 830,827,933.","830,827,933",S1,aggregator,news-content.foreks.com,1,secondary,aggregator,false,true,false,true,false,aggregator,none,,,secondary,aggregator,false,true,false,1,false
20261007T042939192266Z-codex.web.MH15.r3-a1,web,multi_hop_document,MH15,3,3,fact,"Gross profit (Brüt kar) for 2025: 69,383,718.","69,383,718",S1,aggregator,news-content.foreks.com,1,secondary,aggregator,false,true,false,true,false,aggregator,none,,,secondary,aggregator,false,true,false,1,false
20261007T042939192266Z-codex.web.MH15.r3-a1,web,multi_hop_document,MH15,3,4,fact,"Export/overseas sales (Yurt dışı satışlar), Note 18, for 2025: 660,241,410.","Note 18; 660,241,410",S1,aggregator,news-content.foreks.com,2,secondary,aggregator,false,true,false,false,false,aggregator,none,,,secondary,aggregator,false,true,false,1,false
20261007T042939192266Z-codex.web.MH15.r3-a1,web,multi_hop_document,MH15,3,5,fact,"Domestic sales (Yurt içi satışlar), Note 18, for 2025: 187,371,761.","Note 18; 187,371,761",S1,aggregator,news-content.foreks.com,2,secondary,aggregator,false,true,false,false,false,aggregator,none,,,secondary,aggregator,false,true,false,1,false
20261007T042939192266Z-codex.web.MH15.r3-a1,web,multi_hop_document,MH15,3,6,fact,"Sources: consolidated income statement, p. 132, and revenue Note 18, p. 166, reproduced in Ford Otosan’s 2025 annual report.",p. 132; Note 18; p. 166; Ford Otosan,S1,aggregator,news-content.foreks.com,4,secondary,issuer,false,true,false,false,false,issuer; forum; aggregator; news; reference,none,,,secondary,issuer,false,false,false,4,false
20261007T042939192266Z-codex.web.MH15.r3-a1,web,multi_hop_document,MH15,3,7,fact,"Gross margin = 69,383,718 ÷ 830,827,933 × 100 = 8.35%.","69,383,718; 830,827,933; 100; 8.35%",,,,3,secondary,forum,false,false,false,true,false,forum; aggregator,none,,,secondary,forum,false,true,false,3,false
20261007T042939192266Z-codex.web.MH15.r3-a1,web,multi_hop_document,MH15,3,8,fact,Note 18’s domestic figure is before discounts.,Note 18,S2,aggregator,news-content.foreks.com,1,secondary,aggregator,false,true,false,false,false,,none,,,secondary,aggregator,false,false,false,1,false
20261007T042939192266Z-codex.web.MH15.r3-a1,web,multi_hop_document,MH15,3,9,fact,Other sales and discounts reconcile the sales figures to revenue.,,S2,aggregator,news-content.foreks.com,0,secondary,aggregator,true,true,false,false,false,,none,,,secondary,aggregator,false,false,false,0,true
20261007T042939192266Z-codex.web.MH15.r3-a1,web,multi_hop_document,MH15,3,10,fact,Overseas sales also include Ford Otosan Romania’s sales.,Ford Otosan Romania,S2,aggregator,news-content.foreks.com,1,secondary,issuer,false,true,false,true,false,issuer; aggregator,none,,,secondary,issuer,false,true,false,1,false
20261007T042946374782Z-codex.archivist.MH15.r3-a1,archivist,multi_hop_document,MH15,3,1,fact,"For 1 January–31 December 2025, in the KAP Finansal Rapor filed 10 February 2026 (disclosure 1555145).",1 January–31 December 2025; KAP Finansal Rapor; 10 February 2026; 1555145,,,,4,unattributed,,false,false,false,false,false,,none,,,filing,filing,true,false,false,1,false
20261007T042946374782Z-codex.archivist.MH15.r3-a1,archivist,multi_hop_document,MH15,3,2,fact,"Amounts are thousands of Turkish lira, expressed in 31 December 2025 purchasing power.",thousands of Turkish lira; 31 December 2025,,,,2,unattributed,,false,false,false,false,false,,none,,,unattributed,,false,false,false,2,false
20261007T042946374782Z-codex.archivist.MH15.r3-a1,archivist,multi_hop_document,MH15,3,3,fact,"Revenue (Hasılat): 830,827,933","830,827,933",S1,filing,mosaic-finance.com,1,filing,filing,false,false,true,false,false,,none,,,filing,filing,true,false,false,1,false
20261007T042946374782Z-codex.archivist.MH15.r3-a1,archivist,multi_hop_document,MH15,3,4,fact,"Gross profit (Brüt kar): 69,383,718","69,383,718",S1,filing,mosaic-finance.com,1,filing,filing,false,false,true,false,false,,none,,,filing,filing,true,false,false,1,false
20261007T042946374782Z-codex.archivist.MH15.r3-a1,archivist,multi_hop_document,MH15,3,5,fact,"Export/foreign sales (Yurt dışı satışlar): 660,241,410","660,241,410",S2,filing,mosaic-finance.com,1,filing,filing,false,false,true,false,false,,none,,,filing,filing,true,false,false,1,false
20261007T042946374782Z-codex.archivist.MH15.r3-a1,archivist,multi_hop_document,MH15,3,6,fact,"Domestic sales (Yurt içi satışlar): 187,371,761","187,371,761",S2,filing,mosaic-finance.com,1,filing,filing,false,false,true,false,false,,none,,,filing,filing,true,false,false,1,false
20261007T042946374782Z-codex.archivist.MH15.r3-a1,archivist,multi_hop_document,MH15,3,7,fact,Note 18’s foreign sales include Ford Otosan Romania SRL’s sales.,Note 18; Ford Otosan Romania SRL,S2,filing,mosaic-finance.com,2,unattributed,,false,false,false,false,false,,none,,,unattributed,,false,false,false,2,false
20261007T042946374782Z-codex.archivist.MH15.r3-a1,archivist,multi_hop_document,MH15,3,8,fact,"Calculated gross margin: 8.35% = 69,383,718 ÷ 830,827,933 × 100.","8.35%; 69,383,718; 830,827,933; 100",,,,3,unattributed,,false,false,false,false,false,,none,,,unattributed,,false,false,false,3,false
20261007T043006645290Z-codex.both.MH15.r3-a1,both,multi_hop_document,MH15,3,1,fact,"For 1 January–31 December 2025, all amounts are thousands of Turkish lira, expressed in 31 December 2025 purchasing power.",1 January–31 December 2025; thousands of Turkish lira; 31 December 2025,S1; S2,filing,mosaic-finance.com,3,unattributed,,false,false,false,false,false,,none,,,unattributed,,false,false,false,3,false
20261007T043006645290Z-codex.both.MH15.r3-a1,both,multi_hop_document,MH15,3,2,fact,"Revenue (Hasılat) | 830,827,933","830,827,933",S1,filing,mosaic-finance.com,1,filing,filing,false,false,true,false,false,,none,,,filing,filing,true,false,false,1,false
20261007T043006645290Z-codex.both.MH15.r3-a1,both,multi_hop_document,MH15,3,3,fact,"Gross profit (Brüt kar) | 69,383,718","69,383,718",S1,filing,mosaic-finance.com,1,filing,filing,false,false,true,false,false,,none,,,filing,filing,true,false,false,1,false
20261007T043006645290Z-codex.both.MH15.r3-a1,both,multi_hop_document,MH15,3,4,fact,"Export/foreign sales (Yurt dışı) | 660,241,410","660,241,410",S2,filing,mosaic-finance.com,1,filing,filing,false,false,true,false,false,,none,,,filing,filing,true,false,false,1,false
20261007T043006645290Z-codex.both.MH15.r3-a1,both,multi_hop_document,MH15,3,5,fact,"Domestic sales (Yurt içi) | 187,371,761","187,371,761",S2,filing,mosaic-finance.com,1,filing,filing,false,false,true,false,false,,none,,,filing,filing,true,false,false,1,false
20261007T043006645290Z-codex.both.MH15.r3-a1,both,multi_hop_document,MH15,3,6,fact,"Consolidated income statement, p. 3 and revenue Note 18, p. 54 in the KAP Finansal Rapor filed 10 February 2026 (disclosure 1555145).",3; 18; 54; KAP Finansal Rapor; 10 February 2026; 1555145,S1; S2,filing,mosaic-finance.com,5,secondary,issuer,false,false,false,false,false,issuer; forum; aggregator,none,,,secondary,issuer,false,false,false,3,false
20261007T043006645290Z-codex.both.MH15.r3-a1,both,multi_hop_document,MH15,3,7,fact,"Gross margin: 69,383,718 ÷ 830,827,933 × 100 = 8.35%.","69,383,718; 830,827,933; 100; 8.35%",,,,3,secondary,forum,false,false,false,false,false,forum,none,,,secondary,forum,false,false,false,3,false
20261007T043006645290Z-codex.both.MH15.r3-a1,both,multi_hop_document,MH15,3,8,fact,Note 18’s foreign sales include Ford Otosan Romania SRL’s sales.,18; Ford Otosan Romania SRL,,,,2,filing,filing,false,false,true,false,false,forum; aggregator,none,,,filing,filing,true,true,true,1,false
20261007T043006645290Z-codex.both.MH15.r3-a1,both,multi_hop_document,MH15,3,9,fact,Domestic sales are the reported amount before the separately listed discounts.,,,,,0,unattributed,,true,false,false,false,false,,none,,,unattributed,,false,false,false,0,true
20261007T043045857930Z-codex.web.MD01.r1-a1,web,multi_document,MD01,1,1,fact,US$157.00 cash per Splunk share.,US$157.00; Splunk,S1,filing,filing-source,2,filing,filing,false,false,true,true,false,issuer; forum; news; reference,none,,,filing,filing,true,true,false,1,false
20261007T043045857930Z-codex.web.MD01.r1-a1,web,multi_document,MD01,1,2,fact,"Cisco’s September 21, 2023 Form 8-K, Item 1.01.","Cisco; September 21, 2023; Form 8-K; Item 1.01",S1,filing,filing-source,4,secondary,issuer,false,false,false,false,false,issuer; forum; news; reference,none,,,secondary,issuer,false,false,false,4,false
20261007T043045857930Z-codex.web.MD01.r1-a1,web,multi_document,MD01,1,3,fact,"The acquisition closed on March 18, 2024.","March 18, 2024",S2,filing,filing-source,1,filing,filing,false,false,true,true,false,reference,none,,,filing,filing,true,true,false,1,false
20261007T043045857930Z-codex.web.MD01.r1-a1,web,multi_document,MD01,1,4,fact,"Total purchase consideration was US$27,090 million.","US$27,090 million",S2,filing,filing-source,1,filing,filing,false,false,true,true,false,forum,none,,,filing,filing,true,true,false,1,false
20261007T043045857930Z-codex.web.MD01.r1-a1,web,multi_document,MD01,1,5,fact,"US$19,301 million allocated to goodwill under the preliminary purchase price allocation.","US$19,301 million",S2,filing,filing-source,1,filing,filing,false,false,true,true,false,issuer,none,,,filing,filing,true,true,false,1,false
20261007T043045857930Z-codex.web.MD01.r1-a1,web,multi_document,MD01,1,6,fact,"Cisco’s fiscal 2024 Form 10-K, Note 4.",Cisco; fiscal 2024; Form 10-K; Note 4,S2,filing,filing-source,3,filing,filing,false,false,true,false,false,issuer; forum; news; reference,none,,,filing,filing,true,false,false,3,false
20261007T043045857930Z-codex.web.MD01.r1-a1,web,multi_document,MD01,1,7,fact,"Goodwill represented 71.2% of total purchase consideration: \(19{,}301 ÷ 27{,}090 × 100\).","71.2%; 19{,}301; 27{,}090; 100",,,,4,secondary,issuer,false,false,false,false,false,issuer; forum; reference,none,,,secondary,issuer,false,false,false,4,false
20261007T043045858380Z-codex.archivist.MD01.r1-a1,archivist,multi_document,MD01,1,1,fact,US$157.00 cash per Splunk share.,US$157.00; Splunk,S1,filing,mosaic-finance.com,2,filing,filing,false,false,true,false,false,,none,,,filing,filing,true,false,false,1,false
20261007T043045858380Z-codex.archivist.MD01.r1-a1,archivist,multi_document,MD01,1,2,fact,"Cisco 8-K, filed September 21, 2023, Item 1.01","Cisco; 8-K; September 21, 2023; Item 1.01",S1,filing,mosaic-finance.com,3,filing,filing,false,false,true,false,false,,none,,,filing,filing,true,false,false,3,false
20261007T043045858380Z-codex.archivist.MD01.r1-a1,archivist,multi_document,MD01,1,3,fact,"Completed March 18, 2024","March 18, 2024",S2,filing,mosaic-finance.com,1,filing,filing,false,false,true,false,false,,none,,,filing,filing,true,false,false,1,false
20261007T043045858380Z-codex.archivist.MD01.r1-a1,archivist,multi_document,MD01,1,4,fact,"total purchase consideration US$27,090 million","US$27,090 million",S2,filing,mosaic-finance.com,1,filing,filing,false,false,true,false,false,,none,,,filing,filing,true,false,false,1,false
20261007T043045858380Z-codex.archivist.MD01.r1-a1,archivist,multi_document,MD01,1,5,fact,"US$19,301 million was allocated to goodwill under the preliminary purchase price allocation.","US$19,301 million",S2,filing,mosaic-finance.com,1,filing,filing,false,false,true,false,false,,none,,,filing,filing,true,false,false,1,false
20261007T043045858380Z-codex.archivist.MD01.r1-a1,archivist,multi_document,MD01,1,6,fact,"Cisco fiscal 2024 10-K, filed September 5, 2024, Note 4—Acquisitions","Cisco; fiscal 2024; 10-K; September 5, 2024; Note 4—Acquisitions",S2,filing,mosaic-finance.com,3,unattributed,,false,false,false,false,false,,none,,,unattributed,,false,false,false,3,false
20261007T043045858380Z-codex.archivist.MD01.r1-a1,archivist,multi_document,MD01,1,7,fact,"Goodwill’s share = 19,301 ÷ 27,090 × 100 = 71.2%.","19,301; 27,090; 100; 71.2%",,,,3,unattributed,,false,false,false,false,false,,none,,,unattributed,,false,false,false,3,false
20261007T043100240646Z-codex.both.MD01.r1-a1,both,multi_document,MD01,1,1,fact,"US$157.00 cash per Splunk share. Cisco’s September 21, 2023 Form 8-K, Item 1.01","US$157.00; Splunk; Cisco; September 21, 2023; Form 8-K; Item 1.01",S1,filing,filing-source,6,secondary,issuer,false,false,false,false,false,issuer; forum; news; reference,none,,,filing,filing,true,true,false,1,false
20261007T043100240646Z-codex.both.MD01.r1-a1,both,multi_document,MD01,1,2,fact,"The acquisition completed on March 18, 2024.","March 18, 2024",S2,filing,filing-source,1,filing,filing,false,false,true,true,false,reference,none,,,filing,filing,true,true,false,1,false
20261007T043100240646Z-codex.both.MD01.r1-a1,both,multi_document,MD01,1,3,fact,"Total purchase consideration was US$27,090 million.","US$27,090 million",S2,filing,filing-source,1,filing,filing,false,false,true,false,false,,none,,,filing,filing,true,false,false,1,false
20261007T043100240646Z-codex.both.MD01.r1-a1,both,multi_document,MD01,1,4,fact,"US$19,301 million allocated to goodwill under the preliminary allocation. Cisco’s fiscal 2024 Form 10-K, Note 4","US$19,301 million; Cisco; fiscal 2024; Form 10-K; Note 4",S2,filing,filing-source,4,secondary,issuer,false,false,false,false,false,issuer; forum; news; reference,none,,,filing,filing,true,false,false,1,false
20261007T043100240646Z-codex.both.MD01.r1-a1,both,multi_document,MD01,1,5,fact,"Goodwill’s share was 71.2%, calculated as \(19{,}301 \div 27{,}090 \times 100\).","71.2%; 19{,}301; 27{,}090; 100",,,,4,secondary,issuer,false,false,false,false,false,issuer; forum,none,,,secondary,issuer,false,false,false,4,false
20261007T043112132138Z-codex.web.MD02.r1-a1,web,multi_document,MD02,1,1,fact,"The March 26, 2025 release stated A$6.68 cash per ordinary share.","March 26, 2025; A$6.68",S1,issuer,prnewswire.com,2,secondary,issuer,false,true,false,true,false,issuer; aggregator; news,none,,,secondary,issuer,false,true,false,1,false
20261007T043112132138Z-codex.web.MD02.r1-a1,web,multi_document,MD02,1,2,fact,The release valued The Reject Shop’s ordinary share capital at approximately A$259 million.,The Reject Shop; A$259 million,S1,issuer,prnewswire.com,2,secondary,issuer,false,true,false,true,false,issuer; forum; aggregator; news; reference,none,,,secondary,issuer,false,true,false,1,false
20261007T043112132138Z-codex.web.MD02.r1-a1,web,multi_document,MD02,1,3,fact,"The Q2 Fiscal 2026 MD&A states that the acquisition completed on July 21, 2025.","Q2 Fiscal 2026; July 21, 2025",S2,issuer,dollarama.com,2,secondary,issuer,false,true,false,false,false,issuer,none,,,secondary,issuer,false,false,false,2,false
20261007T043112132138Z-codex.web.MD02.r1-a1,web,multi_document,MD02,1,4,fact,The acquisition completed for A$233.6 million.,A$233.6 million,S2,issuer,dollarama.com,1,secondary,issuer,false,true,false,true,false,issuer,none,,,secondary,issuer,false,true,false,1,false
20261007T043112132138Z-codex.web.MD02.r1-a1,web,multi_document,MD02,1,5,fact,The A$0.77 per-share deduction was for the fully franked dividend paid before closing.,A$0.77,S2,issuer,dollarama.com,1,secondary,issuer,false,true,false,true,false,issuer,none,,,secondary,issuer,false,true,false,1,false
20261007T043112132138Z-codex.web.MD02.r1-a1,web,multi_document,MD02,1,6,fact,The A$0.77 per-share deduction reduced the A$6.68 consideration to A$5.91 net cash per ordinary share.,A$0.77; A$6.68; A$5.91,S2,issuer,dollarama.com,3,secondary,issuer,false,true,false,true,false,issuer; aggregator; news,none,,,secondary,issuer,false,true,false,3,false
20261007T043117503529Z-codex.archivist.MD02.r1-a1,archivist,multi_document,MD02,1,1,fact,"The March 26, 2025 English news release stated A$6.68 cash per ordinary share.","March 26, 2025; A$6.68",S1,filing,mosaic-finance.com,2,filing,filing,false,false,true,false,false,,none,,,filing,filing,true,false,false,1,false
20261007T043117503529Z-codex.archivist.MD02.r1-a1,archivist,multi_document,MD02,1,2,fact,valuing The Reject Shop’s ordinary share capital at approximately A$259 million.,The Reject Shop; A$259 million,S1,filing,mosaic-finance.com,2,filing,filing,false,false,true,false,false,,none,,,filing,filing,true,false,false,1,false
20261007T043117503529Z-codex.archivist.MD02.r1-a1,archivist,multi_document,MD02,1,3,fact,"Dollarama’s English Q2 Fiscal 2026 MD&A (quarter ended August 3, 2025; filed August 27)","Dollarama; Q2 Fiscal 2026; August 3, 2025; August 27",S2,filing,mosaic-finance.com,4,unattributed,,false,false,false,false,false,,none,,,unattributed,,false,false,false,4,false
20261007T043117503529Z-codex.archivist.MD02.r1-a1,archivist,multi_document,MD02,1,4,fact,"the acquisition closed on July 21, 2025","July 21, 2025",S2,filing,mosaic-finance.com,1,filing,filing,false,false,true,false,false,,none,,,filing,filing,true,false,false,1,false
20261007T043117503529Z-codex.archivist.MD02.r1-a1,archivist,multi_document,MD02,1,5,fact,"the acquisition closed on July 21, 2025, for A$233.6 million.","July 21, 2025; A$233.6 million",S2,filing,mosaic-finance.com,2,filing,filing,false,false,true,false,false,,none,,,filing,filing,true,false,false,1,false
20261007T043117503529Z-codex.archivist.MD02.r1-a1,archivist,multi_document,MD02,1,6,fact,the A$0.77 per-share dividend paid before closing,A$0.77,S2,filing,mosaic-finance.com,1,filing,filing,false,false,true,false,false,,none,,,filing,filing,true,false,false,1,false
20261007T043117503529Z-codex.archivist.MD02.r1-a1,archivist,multi_document,MD02,1,7,fact,Deducting the A$0.77 per-share dividend paid before closing from A$6.68 resulted in A$5.91 net cash consideration per ordinary share.,A$0.77; A$6.68; A$5.91,S2,filing,mosaic-finance.com,3,filing,filing,false,false,true,false,false,,none,,,filing,filing,true,false,false,3,false
20261007T043127746546Z-codex.both.MD02.r1-a1,both,multi_document,MD02,1,1,fact,"The March 26, 2025 release stated A$6.68 cash per ordinary share.","March 26, 2025; A$6.68",S1,issuer,dollarama.com,2,secondary,issuer,false,true,false,true,false,issuer; aggregator; news,none,,,secondary,issuer,false,true,false,1,false
20261007T043127746546Z-codex.both.MD02.r1-a1,both,multi_document,MD02,1,2,fact,The Reject Shop’s ordinary share capital at approximately A$259 million.,The Reject Shop; A$259 million,S1,issuer,dollarama.com,2,secondary,issuer,false,true,false,true,false,issuer; forum; aggregator; news; reference,none,,,secondary,issuer,false,true,false,1,false
20261007T043127746546Z-codex.both.MD02.r1-a1,both,multi_document,MD02,1,3,fact,"The acquisition completed on July 21, 2025.","July 21, 2025",S2,issuer,dollarama.com,1,secondary,issuer,false,true,false,true,false,issuer,none,,,secondary,issuer,false,true,false,1,false
20261007T043127746546Z-codex.both.MD02.r1-a1,both,multi_document,MD02,1,4,fact,"The acquisition completed on July 21, 2025, for A$233.6 million.","July 21, 2025; A$233.6 million",S2,issuer,dollarama.com,2,secondary,issuer,false,true,false,true,false,issuer,none,,,secondary,issuer,false,true,false,1,false
20261007T043127746546Z-codex.both.MD02.r1-a1,both,multi_document,MD02,1,5,fact,The A$0.77 per-share dividend paid before closing.,A$0.77,S2,issuer,dollarama.com,1,secondary,issuer,false,true,false,true,false,issuer,none,,,secondary,issuer,false,true,false,1,false
20261007T043127746546Z-codex.both.MD02.r1-a1,both,multi_document,MD02,1,6,fact,Deducting the A$0.77 per-share dividend paid before closing from A$6.68 resulted in A$5.91 net cash consideration per ordinary share.,A$0.77; A$6.68; A$5.91,S2,issuer,dollarama.com,3,secondary,issuer,false,true,false,true,false,issuer; aggregator; news,none,,,secondary,issuer,false,true,false,3,false
20261007T043141238038Z-codex.web.MD03.r1-a1,web,multi_document,MD03,1,1,fact,"50 firm orders in total for B787-9 and B787-10 aircraft. KAP, 2025-09-26",50; B787-9; B787-10; KAP; 2025-09-26,S1,filing,filing-source,2,filing,filing,false,false,true,true,false,issuer; forum; promotional; aggregator; news,none,,,filing,filing,true,true,false,1,false
20261007T043141238038Z-codex.web.MD03.r1-a1,web,multi_document,MD03,1,2,fact,"GE Aerospace, for the engines, spare engines and engine maintenance services. KAP, 2025-11-05",GE Aerospace; KAP; 2025-11-05,S2,filing,filing-source,3,filing,filing,false,false,true,true,false,issuer; forum; promotional; aggregator; news; other,none,,,filing,filing,true,true,false,1,false
20261007T043141238038Z-codex.web.MD03.r1-a1,web,multi_document,MD03,1,3,fact,"100 firm B737MAX orders, with deliveries scheduled for 2033–2037. KAP, 2026-09-23",100; B737MAX; 2033–2037; KAP; 2026-09-23,S3,filing,filing-source,3,filing,filing,false,false,true,false,false,issuer; forum; promotional; aggregator; news,none,,,filing,filing,true,true,false,1,false
20261007T043141238038Z-codex.web.MD03.r1-a1,web,multi_document,MD03,1,4,fact,"150 firm Boeing aircraft orders: 50 + 100, excluding options.",150; Boeing; 50; 100,,,,2,filing,filing,false,false,true,true,false,issuer; forum; promotional; aggregator; news,none,,,filing,filing,true,true,false,1,false
20261007T043145586545Z-codex.archivist.MD03.r1-a1,archivist,multi_document,MD03,1,1,fact,50 firm orders for B787-9 and B787-10 aircraft combined. 2025-09-26 disclosure,50; B787-9; B787-10; 2025-09-26,S1,filing,mosaic-finance.com,1,filing,filing,false,false,true,false,false,,none,,,filing,filing,true,false,false,1,false
20261007T043145586545Z-codex.archivist.MD03.r1-a1,archivist,multi_document,MD03,1,2,fact,"GE Aerospace, for the aircraft engines, spare engines and engine maintenance. 2025-11-05 update",GE Aerospace; 2025-11-05,S2,filing,mosaic-finance.com,2,filing,filing,false,false,true,false,false,,none,,,filing,filing,true,false,false,1,false
20261007T043145586545Z-codex.archivist.MD03.r1-a1,archivist,multi_document,MD03,1,3,fact,"100 firm B737MAX orders, for delivery during 2033–2037. 2026-09-23 disclosure",100; B737MAX; 2033–2037; 2026-09-23,S3,filing,mosaic-finance.com,2,filing,filing,false,false,true,false,false,,none,,,filing,filing,true,false,false,1,false
20261007T043145586545Z-codex.archivist.MD03.r1-a1,archivist,multi_document,MD03,1,4,fact,"150 firm Boeing aircraft orders in total: 50 + 100, excluding options.",150; Boeing; 50; 100,,,,2,filing,filing,false,false,true,false,false,,none,,,filing,filing,true,false,false,1,false
20261007T043156039646Z-codex.both.MD03.r1-a1,both,multi_document,MD03,1,1,fact,"50 firm orders for B787-9 and B787-10 aircraft combined. KAP, 2025-09-26",50; B787-9; B787-10; KAP; 2025-09-26,S1,filing,filing-source,2,filing,filing,false,false,true,true,false,promotional; aggregator; news; other,none,,,filing,filing,true,true,false,1,false
20261007T043156039646Z-codex.both.MD03.r1-a1,both,multi_document,MD03,1,2,fact,"GE Aerospace—for engines, spare engines, and engine maintenance services. KAP, 2025-11-05",GE Aerospace; KAP; 2025-11-05,S2,filing,filing-source,3,filing,filing,false,false,true,true,false,aggregator; news; other,none,,,filing,filing,true,true,false,1,false
20261007T043156039646Z-codex.both.MD03.r1-a1,both,multi_document,MD03,1,3,fact,"100 firm B737MAX orders, with deliveries scheduled for 2033–2037. KAP, 2026-09-23",100; B737MAX; 2033–2037; KAP; 2026-09-23,S3,filing,filing-source,3,filing,filing,false,false,true,false,false,promotional; aggregator; news; other,none,,,filing,filing,true,true,false,1,false
20261007T043156039646Z-codex.both.MD03.r1-a1,both,multi_document,MD03,1,4,fact,"150 firm Boeing aircraft orders in total: 50 + 100, excluding options.",150; Boeing; 50; 100,,,,2,filing,filing,false,false,true,true,false,promotional; aggregator; news,none,,,filing,filing,true,true,false,1,false
20261007T043206630694Z-codex.web.MD04.r1-a1,web,multi_document,MD04,1,1,fact,"EUR 154 million, including the assigned debt/receivables.",EUR 154 million,S1,filing,filing-source,1,filing,filing,false,false,true,true,false,forum; aggregator; news; reference,none,,,filing,filing,true,true,false,1,false
20261007T043206630694Z-codex.web.MD04.r1-a1,web,multi_document,MD04,1,2,fact,"KAP disclosure, 8 December 2025.",KAP; 8 December 2025,S1,filing,filing-source,2,secondary,issuer,false,false,false,false,false,issuer; promotional; aggregator; news; other,none,,,secondary,issuer,false,false,false,2,false
20261007T043206630694Z-codex.web.MD04.r1-a1,web,multi_document,MD04,1,3,fact,47 aircraft.,47 aircraft,S2,filing,filing-source,1,filing,filing,false,false,true,false,false,,none,,,filing,filing,true,false,false,1,false
20261007T043206630694Z-codex.web.MD04.r1-a1,web,multi_document,MD04,1,4,fact,Pegasus Europe B.V. (Pegasus Europe Besloten Vennootschap).,Pegasus Europe B.V.; Pegasus Europe Besloten Vennootschap,S3,issuer,pegasusinvestorrelations.com,2,secondary,issuer,false,true,false,true,false,issuer; aggregator; news; other,none,,,secondary,issuer,false,true,false,2,false
20261007T043206630694Z-codex.web.MD04.r1-a1,web,multi_document,MD04,1,5,fact,Established in the Netherlands.,the Netherlands,S3,issuer,pegasusinvestorrelations.com,1,filing,filing,false,true,true,true,false,issuer; aggregator; news,none,,,filing,filing,true,true,false,1,false
20261007T043206630694Z-codex.web.MD04.r1-a1,web,multi_document,MD04,1,6,fact,Registration completed on 11 December 2025.,11 December 2025,S3,issuer,pegasusinvestorrelations.com,1,secondary,issuer,false,true,false,false,false,,none,,,secondary,issuer,false,false,false,1,false
20261007T043206630694Z-codex.web.MD04.r1-a1,web,multi_document,MD04,1,7,fact,"2025 Annual Activity Report, filed on KAP on 4 March 2026.",2025 Annual Activity Report; KAP; 4 March 2026,S4,filing,filing-source,3,filing,filing,false,false,true,true,false,issuer; promotional; aggregator; news; other,none,,,filing,filing,true,true,false,3,false
20261007T043215311802Z-codex.archivist.MD04.r1-a1,archivist,multi_document,MD04,1,1,fact,"Total transaction value, including both companies’ debt: EUR 154 million. KAP disclosure, 8 December 2025",EUR 154 million; KAP; 8 December 2025,S1,filing,mosaic-finance.com,3,unattributed,,false,false,false,false,false,,none,,,filing,filing,true,false,false,1,false
20261007T043215311802Z-codex.archivist.MD04.r1-a1,archivist,multi_document,MD04,1,2,fact,Smartwings’ fleet: 47 aircraft.,Smartwings; 47 aircraft,S2,filing,mosaic-finance.com,2,unattributed,,false,false,false,false,false,,none,,,unattributed,,false,false,false,2,false
20261007T043215311802Z-codex.archivist.MD04.r1-a1,archivist,multi_document,MD04,1,3,fact,The wholly owned subsidiary was Pegasus Europe.,Pegasus Europe,S3,filing,mosaic-finance.com,1,filing,filing,false,false,true,false,false,,none,,,filing,filing,true,false,false,1,false
20261007T043215311802Z-codex.archivist.MD04.r1-a1,archivist,multi_document,MD04,1,4,fact,"Pegasus Europe, established in the Netherlands.",Pegasus Europe; the Netherlands,S3,filing,mosaic-finance.com,2,unattributed,,false,false,false,false,false,,none,,,unattributed,,false,false,false,2,false
20261007T043215311802Z-codex.archivist.MD04.r1-a1,archivist,multi_document,MD04,1,5,fact,"Pegasus Europe, with registration completed on 11 December 2025.",Pegasus Europe; 11 December 2025,S3,filing,mosaic-finance.com,2,unattributed,,false,false,false,false,false,,none,,,unattributed,,false,false,false,2,false
20261007T043215311802Z-codex.archivist.MD04.r1-a1,archivist,multi_document,MD04,1,6,fact,"2025 consolidated activity report, section D, filed 4 March 2026.",4 March 2026,S3,filing,mosaic-finance.com,1,unattributed,,false,false,false,false,false,,none,,,unattributed,,false,false,false,1,false
20261007T043240666152Z-codex.both.MD04.r1-a1,both,multi_document,MD04,1,1,fact,"EUR 154 million, including both companies’ debt. KAP disclosure, 8 December 2025.",EUR 154 million; KAP; 8 December 2025,S1,filing,filing-source,3,secondary,issuer,false,false,false,true,false,issuer; forum; promotional; aggregator; news; reference; other,none,,,filing,filing,true,true,false,1,false
20261007T043240666152Z-codex.both.MD04.r1-a1,both,multi_document,MD04,1,2,fact,47 aircraft. Disclosure’s Smartwings overview attachment.,47 aircraft; Smartwings,S2,filing,filing-source,2,filing,filing,false,false,true,true,false,issuer; forum; promotional; aggregator; news; reference,none,,,filing,filing,true,true,false,2,false
20261007T043240666152Z-codex.both.MD04.r1-a1,both,multi_document,MD04,1,3,fact,Pegasus Europe B.V. (Pegasus Europe Besloten Vennootschap),Pegasus Europe B.V.; Pegasus Europe Besloten Vennootschap,S3,issuer,pegasusyatirimciiliskileri.com,2,filing,filing,false,true,true,true,false,issuer; promotional; aggregator; news,none,,,filing,filing,true,true,false,2,false
20261007T043240666152Z-codex.both.MD04.r1-a1,both,multi_document,MD04,1,4,fact,established in the Netherlands,Netherlands,S3,issuer,pegasusyatirimciiliskileri.com,1,filing,filing,false,true,true,true,false,issuer; aggregator; news,none,,,filing,filing,true,true,false,1,false
20261007T043240666152Z-codex.both.MD04.r1-a1,both,multi_document,MD04,1,5,fact,registration completed on 11 December 2025,11 December 2025,S3,issuer,pegasusyatirimciiliskileri.com,1,secondary,issuer,false,true,false,false,false,,none,,,secondary,issuer,false,false,false,1,false
20261007T043248972269Z-codex.web.MD05.r1-a1,web,multi_document,MD05,1,1,fact,All amounts are in US dollars.,US dollars,,,,1,unattributed,,false,false,false,false,false,,none,,,unattributed,,false,false,false,1,false
20261007T043248972269Z-codex.web.MD05.r1-a1,web,multi_document,MD05,1,2,fact,"From the Form 8-K filed August 14, 2024, Item 5.02","Form 8-K; August 14, 2024; Item 5.02",S1,filing,filing-source,3,filing,filing,false,false,true,true,false,aggregator,none,,,filing,filing,true,true,false,3,false
20261007T043248972269Z-codex.web.MD05.r1-a1,web,multi_document,MD05,1,3,fact,"Initial annual base salary: $1,600,000","$1,600,000",S1,filing,filing-source,1,filing,filing,false,false,true,true,false,issuer; forum; aggregator; news; reference; other,none,,,filing,filing,true,true,false,1,false
20261007T043248972269Z-codex.web.MD05.r1-a1,web,multi_document,MD05,1,4,fact,"Cash signing bonus: $10,000,000","$10,000,000",S1,filing,filing-source,0,filing,filing,true,false,false,false,false,,none,,,filing,filing,false,false,false,0,true
20261007T043248972269Z-codex.web.MD05.r1-a1,web,multi_document,MD05,1,5,fact,"Replacement equity grant’s targeted grant date fair value: $75,000,000, subject to specified adjustments.","$75,000,000",S1,filing,filing-source,1,filing,filing,false,false,true,true,false,issuer; forum; aggregator; news; reference; other,none,,,filing,filing,true,true,false,1,false
20261007T043248972269Z-codex.web.MD05.r1-a1,web,multi_document,MD05,1,6,fact,"From the January 24, 2025 definitive proxy, Summary Compensation Table, p. 71","January 24, 2025; Summary Compensation Table; p. 71",S2,issuer,s203.q4cdn.com,3,secondary,issuer,false,true,false,false,false,issuer; aggregator,none,,,secondary,issuer,false,false,false,3,false
20261007T043248972269Z-codex.web.MD05.r1-a1,web,multi_document,MD05,1,7,fact,"Fiscal 2024 total compensation: $95,801,676","Fiscal 2024; $95,801,676",S2,issuer,s203.q4cdn.com,1,secondary,issuer,false,true,false,true,false,issuer; forum; aggregator,none,,,secondary,issuer,false,true,false,1,false
20261007T043248972269Z-codex.web.MD05.r1-a1,web,multi_document,MD05,1,8,fact,"Fiscal 2024 Bonus column: $5,000,000","Fiscal 2024; $5,000,000",S2,issuer,s203.q4cdn.com,0,secondary,issuer,true,true,false,false,false,,none,,,secondary,issuer,false,false,false,0,true
20261007T043314242556Z-codex.archivist.MD05.r1-a1,archivist,multi_document,MD05,1,1,fact,All amounts are in US dollars.,US dollars,,,,1,unattributed,,false,false,false,false,false,,none,,,unattributed,,false,false,false,1,false
20261007T043314242556Z-codex.archivist.MD05.r1-a1,archivist,multi_document,MD05,1,2,fact,"Initial annual base salary: $1,600,000; 2024-08-14 Form 8-K, Item 5.02.","$1,600,000; 2024-08-14; Form 8-K; Item 5.02",S1,filing,mosaic-finance.com,4,unattributed,,false,false,false,false,false,,none,,,filing,filing,true,false,false,2,false
20261007T043314242556Z-codex.archivist.MD05.r1-a1,archivist,multi_document,MD05,1,3,fact,"Cash signing bonus: $10,000,000; Form 8-K, Item 5.02.","$10,000,000; Form 8-K; Item 5.02",S2,filing,mosaic-finance.com,2,unattributed,,false,false,false,false,false,,none,,,unattributed,,false,false,false,2,false
20261007T043314242556Z-codex.archivist.MD05.r1-a1,archivist,multi_document,MD05,1,4,fact,"Replacement equity grant’s targeted grant date fair value: $75,000,000; Form 8-K, Item 5.02.","$75,000,000; Form 8-K; Item 5.02",S2,filing,mosaic-finance.com,3,unattributed,,false,false,false,false,false,,none,,,filing,filing,true,false,false,1,false
20261007T043314242556Z-codex.archivist.MD05.r1-a1,archivist,multi_document,MD05,1,5,fact,"Fiscal 2024 total compensation: $95,801,676; 2025-01-24 DEF 14A, Summary Compensation Table.","Fiscal 2024; $95,801,676; 2025-01-24; DEF 14A; Summary Compensation Table",S3,filing,mosaic-finance.com,4,filing,filing,false,false,true,false,false,,none,,,filing,filing,true,false,false,2,false
20261007T043314242556Z-codex.archivist.MD05.r1-a1,archivist,multi_document,MD05,1,6,fact,"Fiscal 2024 Bonus column: $5,000,000; DEF 14A, Summary Compensation Table.","Fiscal 2024; $5,000,000; DEF 14A; Summary Compensation Table",S3,filing,mosaic-finance.com,2,filing,filing,false,false,true,false,false,,none,,,filing,filing,true,false,false,2,false
20261007T043330922620Z-codex.both.MD05.r1-a1,both,multi_document,MD05,1,1,fact,"Initial annual base salary: $1,600,000.","$1,600,000",,,,1,filing,filing,false,false,true,true,false,issuer; forum; reference; other,none,,,filing,filing,true,true,false,1,false
20261007T043330922620Z-codex.both.MD05.r1-a1,both,multi_document,MD05,1,2,fact,"Cash signing bonus: $10,000,000.","$10,000,000",,,,0,unattributed,,true,false,false,false,false,,none,,,unattributed,,false,false,false,0,true
20261007T043330922620Z-codex.both.MD05.r1-a1,both,multi_document,MD05,1,3,fact,"Replacement equity grant’s targeted grant date fair value: $75,000,000, subject to specified stock-price adjustments.","$75,000,000",S1,filing,filing-source,1,filing,filing,false,false,true,true,false,forum; aggregator; other,none,,,filing,filing,true,true,false,1,false
20261007T043330922620Z-codex.both.MD05.r1-a1,both,multi_document,MD05,1,4,fact,"Form 8-K, filed August 14, 2024, Item 5.02","Form 8-K; August 14, 2024; Item 5.02",S1,filing,filing-source,3,filing,filing,false,false,true,true,false,other,none,,,filing,filing,true,true,false,3,false
20261007T043330922620Z-codex.both.MD05.r1-a1,both,multi_document,MD05,1,5,fact,"Fiscal 2024 Summary Compensation Table total: $95,801,676.","Fiscal 2024; Summary Compensation Table; $95,801,676",,,,2,filing,filing,false,false,true,true,false,issuer; forum; promotional; aggregator,none,,,filing,filing,true,true,false,1,false
20261007T043330922620Z-codex.both.MD05.r1-a1,both,multi_document,MD05,1,6,fact,"Fiscal 2024 Bonus column: $5,000,000.","Fiscal 2024; $5,000,000",S2,issuer,s203.q4cdn.com,0,secondary,issuer,true,true,false,false,false,,none,,,secondary,issuer,false,false,false,0,true
20261007T043330922620Z-codex.both.MD05.r1-a1,both,multi_document,MD05,1,7,fact,"DEF 14A, filed January 24, 2025, Summary Compensation Table, p. 71","DEF 14A; January 24, 2025; Summary Compensation Table; p. 71",S2,issuer,s203.q4cdn.com,4,secondary,issuer,false,true,false,false,false,issuer; aggregator,none,,,secondary,issuer,false,false,false,4,false
20261007T043348059830Z-codex.web.MD01.r2-a1,web,multi_document,MD01,2,1,fact,US$157.00 cash per Splunk share.,US$157.00; Splunk,S1,filing,filing-source,2,filing,filing,false,false,true,true,false,issuer; forum; news; reference,none,,,filing,filing,true,true,false,1,false
20261007T043348059830Z-codex.web.MD01.r2-a1,web,multi_document,MD01,2,2,fact,"Cisco’s September 21, 2023 Form 8-K, Item 1.01","Cisco; September 21, 2023; Form 8-K; Item 1.01",S1,filing,filing-source,4,secondary,issuer,false,false,false,false,false,issuer; forum; news; reference,none,,,secondary,issuer,false,false,false,4,false
20261007T043348059830Z-codex.web.MD01.r2-a1,web,multi_document,MD01,2,3,fact,"The acquisition closed on March 18, 2024.","March 18, 2024",S2,filing,filing-source,1,filing,filing,false,false,true,true,false,reference,none,,,filing,filing,true,true,false,1,false
20261007T043348059830Z-codex.web.MD01.r2-a1,web,multi_document,MD01,2,4,fact,"Total purchase consideration was US$27,090 million","US$27,090 million",S2,filing,filing-source,1,filing,filing,false,false,true,true,false,issuer,none,,,filing,filing,true,true,false,1,false
20261007T043348059830Z-codex.web.MD01.r2-a1,web,multi_document,MD01,2,5,fact,"US$19,301 million allocated to goodwill under the preliminary purchase price allocation.","US$19,301 million",S2,filing,filing-source,1,filing,filing,false,false,true,true,false,issuer,none,,,filing,filing,true,true,false,1,false
20261007T043348059830Z-codex.web.MD01.r2-a1,web,multi_document,MD01,2,6,fact,"Cisco’s fiscal 2024 Form 10-K, Note 4",Cisco; fiscal 2024; Form 10-K; Note 4,S2,filing,filing-source,3,filing,filing,false,false,true,false,false,issuer; forum; news; reference,none,,,filing,filing,true,false,false,3,false
20261007T043348059830Z-codex.web.MD01.r2-a1,web,multi_document,MD01,2,7,fact,"Goodwill represented 71.2% of total purchase consideration: \(19{,}301 \div 27{,}090 \times 100\).","71.2%; 19,301; 27,090; 100",,,,3,filing,filing,false,false,true,false,false,issuer,none,,,filing,filing,true,false,false,3,false
20261007T043358003421Z-codex.archivist.MD01.r2-a1,archivist,multi_document,MD01,2,1,fact,US$157.00 cash per Splunk share.,US$157.00; Splunk,S1,filing,mosaic-finance.com,2,filing,filing,false,false,true,false,false,,none,,,filing,filing,true,false,false,1,false
20261007T043358003421Z-codex.archivist.MD01.r2-a1,archivist,multi_document,MD01,2,2,fact,"Cisco 8-K, filed September 21, 2023, Item 1.01","Cisco; 8-K; September 21, 2023; Item 1.01",S1,filing,mosaic-finance.com,3,filing,filing,false,false,true,false,false,,none,,,filing,filing,true,false,false,3,false
20261007T043358003421Z-codex.archivist.MD01.r2-a1,archivist,multi_document,MD01,2,3,fact,"The acquisition completed March 18, 2024.","March 18, 2024",S2,filing,mosaic-finance.com,1,filing,filing,false,false,true,false,false,,none,,,filing,filing,true,false,false,1,false
20261007T043358003421Z-codex.archivist.MD01.r2-a1,archivist,multi_document,MD01,2,4,fact,"Total purchase consideration was US$27,090 million","US$27,090 million",S2,filing,mosaic-finance.com,1,filing,filing,false,false,true,false,false,,none,,,filing,filing,true,false,false,1,false
20261007T043358003421Z-codex.archivist.MD01.r2-a1,archivist,multi_document,MD01,2,5,fact,"US$19,301 million allocated to goodwill under the preliminary purchase price allocation.","US$19,301 million",S2,filing,mosaic-finance.com,1,filing,filing,false,false,true,false,false,,none,,,filing,filing,true,false,false,1,false
20261007T043358003421Z-codex.archivist.MD01.r2-a1,archivist,multi_document,MD01,2,6,fact,"Cisco FY2024 10-K, filed September 5, 2024, Note 4—Acquisitions","Cisco; FY2024; 10-K; September 5, 2024; Note 4—Acquisitions",S2,filing,mosaic-finance.com,3,unattributed,,false,false,false,false,false,,none,,,unattributed,,false,false,false,3,false
20261007T043358003421Z-codex.archivist.MD01.r2-a1,archivist,multi_document,MD01,2,7,fact,"Goodwill’s share was 71.2%, calculated as 19,301 ÷ 27,090 × 100.","71.2%; 19,301; 27,090; 100",,,,3,unattributed,,false,false,false,false,false,,none,,,unattributed,,false,false,false,3,false
20261007T043405205279Z-codex.both.MD01.r2-a1,both,multi_document,MD01,2,1,fact,"US$157.00 cash per Splunk share. Cisco’s September 21, 2023 Form 8-K, Item 1.01","US$157.00; Splunk; Cisco; September 21, 2023; Form 8-K; Item 1.01",S1,filing,filing-source,6,secondary,issuer,false,false,false,false,false,issuer; forum; news; reference,none,,,filing,filing,true,true,false,1,false
20261007T043405205279Z-codex.both.MD01.r2-a1,both,multi_document,MD01,2,2,fact,"The acquisition closed March 18, 2024.","March 18, 2024",S2,filing,filing-source,1,filing,filing,false,false,true,true,false,issuer; reference,none,,,filing,filing,true,true,false,1,false
20261007T043405205279Z-codex.both.MD01.r2-a1,both,multi_document,MD01,2,3,fact,"Total purchase consideration was US$27,090 million","US$27,090 million",S2,filing,filing-source,1,filing,filing,false,false,true,true,false,issuer; forum,none,,,filing,filing,true,true,false,1,false
20261007T043405205279Z-codex.both.MD01.r2-a1,both,multi_document,MD01,2,4,fact,"US$19,301 million allocated to goodwill in the preliminary allocation. Cisco’s fiscal 2024 Form 10-K, Note 4","US$19,301 million; Cisco; fiscal 2024; Form 10-K; Note 4",S2,filing,filing-source,4,filing,filing,false,false,true,false,false,issuer; forum; news; reference,none,,,filing,filing,true,true,false,1,false
20261007T043405205279Z-codex.both.MD01.r2-a1,both,multi_document,MD01,2,5,fact,"Goodwill’s share was 71.2%: \(19{,}301 \div 27{,}090 \times 100\).","71.2%; 19{,}301; 27{,}090; 100",,,,4,secondary,issuer,false,false,false,false,false,issuer; forum,none,,,secondary,issuer,false,false,false,4,false
20261007T043421100682Z-codex.web.MD02.r2-a1,web,multi_document,MD02,2,1,fact,"The March 26, 2025 English release stated A$6.68 cash per ordinary share.","March 26, 2025; A$6.68",S1,issuer,newswire.ca,2,secondary,issuer,false,true,false,true,false,issuer; news,none,,,secondary,issuer,false,true,false,1,false
20261007T043421100682Z-codex.web.MD02.r2-a1,web,multi_document,MD02,2,2,fact,The Reject Shop’s ordinary share capital at approximately A$259 million.,The Reject Shop; A$259 million,S1,issuer,newswire.ca,2,secondary,issuer,false,true,false,true,false,issuer; forum; aggregator; news; reference,none,,,secondary,issuer,false,true,false,1,false
20261007T043421100682Z-codex.web.MD02.r2-a1,web,multi_document,MD02,2,3,fact,"The Q2 Fiscal 2026 MD&A states that the acquisition completed on July 21, 2025, for A$233.6 million.","Q2 Fiscal 2026; July 21, 2025; A$233.6 million",S2,issuer,dollarama.com,3,secondary,issuer,false,true,false,false,false,issuer; aggregator,none,,,secondary,issuer,false,true,false,1,false
20261007T043421100682Z-codex.web.MD02.r2-a1,web,multi_document,MD02,2,4,fact,The A$0.77 per-share dividend paid before closing.,A$0.77,S2,issuer,dollarama.com,1,secondary,issuer,false,true,false,true,false,issuer,none,,,secondary,issuer,false,true,false,1,false
20261007T043421100682Z-codex.web.MD02.r2-a1,web,multi_document,MD02,2,5,fact,Deducting the A$0.77 per-share dividend paid before closing from A$6.68 resulted in A$5.91 net cash consideration per ordinary share.,A$0.77; A$6.68; A$5.91,S2,issuer,dollarama.com,3,secondary,issuer,false,true,false,true,false,issuer; news,none,,,secondary,issuer,false,true,false,3,false
20261007T043423751265Z-codex.archivist.MD02.r2-a1,archivist,multi_document,MD02,2,1,fact,"The March 26, 2025 English release stated A$6.68 cash per ordinary share.","March 26, 2025; A$6.68",S1,filing,mosaic-finance.com,2,filing,filing,false,false,true,false,false,,none,,,filing,filing,true,false,false,1,false
20261007T043423751265Z-codex.archivist.MD02.r2-a1,archivist,multi_document,MD02,2,2,fact,Valuing The Reject Shop’s ordinary share capital at approximately A$259 million.,The Reject Shop; A$259 million,S1,filing,mosaic-finance.com,2,filing,filing,false,false,true,false,false,,none,,,filing,filing,true,false,false,1,false
20261007T043423751265Z-codex.archivist.MD02.r2-a1,archivist,multi_document,MD02,2,3,fact,"The English Q2 Fiscal 2026 MD&A (quarter ended August 3, 2025; filed August 27).","Q2 Fiscal 2026; August 3, 2025; August 27",S2,filing,mosaic-finance.com,3,unattributed,,false,false,false,false,false,,none,,,unattributed,,false,false,false,3,false
20261007T043423751265Z-codex.archivist.MD02.r2-a1,archivist,multi_document,MD02,2,4,fact,"The acquisition completed on July 21, 2025.","July 21, 2025",S2,filing,mosaic-finance.com,1,filing,filing,false,false,true,false,false,,none,,,filing,filing,true,false,false,1,false
20261007T043423751265Z-codex.archivist.MD02.r2-a1,archivist,multi_document,MD02,2,5,fact,The acquisition completed for A$233.6 million.,A$233.6 million,S2,filing,mosaic-finance.com,1,filing,filing,false,false,true,false,false,,none,,,filing,filing,true,false,false,1,false
20261007T043423751265Z-codex.archivist.MD02.r2-a1,archivist,multi_document,MD02,2,6,fact,"Net cash consideration was A$5.91 per ordinary share, after deducting the A$0.77-per-share dividend paid before closing from A$6.68.",A$5.91; A$0.77-per-share; A$6.68,S2,filing,mosaic-finance.com,3,filing,filing,false,false,true,false,false,,none,,,filing,filing,true,false,false,3,false
20261007T043437363958Z-codex.both.MD02.r2-a1,both,multi_document,MD02,2,1,fact,"The March 26, 2025 news release stated an all-cash price of A$6.68 per ordinary share.","March 26, 2025; A$6.68",S1,issuer,prnewswire.com,2,secondary,issuer,false,true,false,true,false,issuer; news,none,,,secondary,issuer,false,true,false,1,false
20261007T043437363958Z-codex.both.MD02.r2-a1,both,multi_document,MD02,2,2,fact,The Reject Shop’s ordinary share capital at approximately A$259 million.,The Reject Shop; A$259 million,S1,issuer,prnewswire.com,2,secondary,issuer,false,true,false,true,false,issuer; forum; aggregator; news; reference,none,,,secondary,issuer,false,true,false,1,false
20261007T043437363958Z-codex.both.MD02.r2-a1,both,multi_document,MD02,2,3,fact,"The Q2 Fiscal 2026 MD&A, page 2, states that the acquisition was completed on July 21, 2025.","Q2 Fiscal 2026; page 2; July 21, 2025",S2,issuer,dollarama.com,3,secondary,issuer,false,true,false,false,false,issuer,none,,,secondary,issuer,false,false,false,3,false
20261007T043437363958Z-codex.both.MD02.r2-a1,both,multi_document,MD02,2,4,fact,"The acquisition was completed on July 21, 2025, for A$233.6 million.","July 21, 2025; A$233.6 million",S2,issuer,dollarama.com,2,secondary,issuer,false,true,false,true,false,issuer; aggregator,none,,,secondary,issuer,false,true,false,1,false
20261007T043437363958Z-codex.both.MD02.r2-a1,both,multi_document,MD02,2,5,fact,The A$0.77 per-share dividend paid before closing.,A$0.77,S2,issuer,dollarama.com,1,secondary,issuer,false,true,false,true,false,issuer,none,,,secondary,issuer,false,true,false,1,false
20261007T043437363958Z-codex.both.MD02.r2-a1,both,multi_document,MD02,2,6,fact,Deducting the A$0.77 per-share dividend paid before closing from A$6.68 resulted in net cash consideration of A$5.91 per ordinary share.,A$0.77; A$6.68; A$5.91,S2,issuer,dollarama.com,3,secondary,issuer,false,true,false,true,false,issuer; news,none,,,secondary,issuer,false,true,false,3,false
20261007T043445106464Z-codex.web.MD03.r2-a1,web,multi_document,MD03,2,1,fact,"50 firm orders for B787-9 and B787-10 aircraft combined. KAP, 2025-09-26",50; B787-9; B787-10; KAP; 2025-09-26,S1,filing,filing-source,2,filing,filing,false,false,true,true,false,issuer; forum; promotional; aggregator; news,none,,,filing,filing,true,true,false,1,false
20261007T043445106464Z-codex.web.MD03.r2-a1,web,multi_document,MD03,2,2,fact,"GE Aerospace, for the engines, spare engines, and engine maintenance services. KAP, 2025-11-05",GE Aerospace; KAP; 2025-11-05,S2,filing,filing-source,3,filing,filing,false,false,true,true,false,issuer; forum; promotional; aggregator; news; other,none,,,filing,filing,true,true,false,1,false
20261007T043445106464Z-codex.web.MD03.r2-a1,web,multi_document,MD03,2,3,fact,"100 firm B737MAX orders, with deliveries scheduled for 2033–2037. KAP, 2026-09-23",100; B737MAX; 2033–2037; KAP; 2026-09-23,S3,filing,filing-source,3,filing,filing,false,false,true,false,false,issuer; forum; promotional; aggregator; news,none,,,filing,filing,true,true,false,1,false
20261007T043445106464Z-codex.web.MD03.r2-a1,web,multi_document,MD03,2,4,fact,"150 firm Boeing aircraft orders in total: 50 + 100, excluding options.",150; Boeing; 50; 100,,,,2,filing,filing,false,false,true,true,false,issuer; forum; aggregator; news,none,,,filing,filing,true,true,false,1,false
20261007T043453246367Z-codex.archivist.MD03.r2-a1,archivist,multi_document,MD03,2,1,fact,50 firm orders for B787-9 and B787-10 aircraft combined. 2025-09-26 disclosure,50; B787-9; B787-10; 2025-09-26,S1,filing,mosaic-finance.com,1,filing,filing,false,false,true,false,false,,none,,,filing,filing,true,false,false,1,false
20261007T043453246367Z-codex.archivist.MD03.r2-a1,archivist,multi_document,MD03,2,2,fact,"GE Aerospace, for the aircraft engines, spare engines and engine maintenance. 2025-11-05 update",GE Aerospace; 2025-11-05,S2,filing,mosaic-finance.com,2,filing,filing,false,false,true,false,false,,none,,,filing,filing,true,false,false,1,false
20261007T043453246367Z-codex.archivist.MD03.r2-a1,archivist,multi_document,MD03,2,3,fact,"100 firm B737MAX orders, for delivery in 2033–2037. 2026-09-23 disclosure",100; B737MAX; 2033–2037; 2026-09-23,S3,filing,mosaic-finance.com,2,filing,filing,false,false,true,false,false,,none,,,filing,filing,true,false,false,1,false
20261007T043453246367Z-codex.archivist.MD03.r2-a1,archivist,multi_document,MD03,2,4,fact,"150 firm Boeing aircraft orders: 50 + 100, excluding options.",150; Boeing; 50; 100,,,,2,filing,filing,false,false,true,false,false,,none,,,filing,filing,true,false,false,1,false
20261007T043500117241Z-codex.both.MD03.r2-a1,both,multi_document,MD03,2,1,fact,"50 firm orders combined for B787-9 and B787-10 aircraft, plus 25 options. KAP, 2025-09-26",50; B787-9; B787-10; 25; KAP; 2025-09-26,S1,filing,filing-source,3,filing,filing,false,false,true,true,false,aggregator; news; other,none,,,filing,filing,true,true,false,2,false
20261007T043500117241Z-codex.both.MD03.r2-a1,both,multi_document,MD03,2,2,fact,"GE Aerospace, for engines, spare engines and engine maintenance services. KAP, 2025-11-05",GE Aerospace; KAP; 2025-11-05,S2,filing,filing-source,3,filing,filing,false,false,true,true,false,aggregator; news; other,none,,,filing,filing,true,true,false,1,false
20261007T043500117241Z-codex.both.MD03.r2-a1,both,multi_document,MD03,2,3,fact,"100 firm B737MAX orders, with deliveries scheduled for 2033–2037, plus 50 options. KAP, 2026-09-23",100; B737MAX; 2033–2037; 50; KAP; 2026-09-23,S3,filing,filing-source,3,filing,filing,false,false,true,true,false,aggregator; news; other,none,,,filing,filing,true,true,false,1,false
20261007T043500117241Z-codex.both.MD03.r2-a1,both,multi_document,MD03,2,4,fact,"150 firm Boeing aircraft orders: 50 + 100, excluding options.",150; Boeing; 50; 100,,,,2,filing,filing,false,false,true,true,false,aggregator; news,none,,,filing,filing,true,true,false,1,false
20261007T043516447530Z-codex.web.MD04.r2-a1,web,multi_document,MD04,2,1,fact,"EUR 154 million, including both companies’ debt.",EUR 154 million,S1,filing,filing-source,1,filing,filing,false,false,true,true,false,issuer; promotional; aggregator; news; reference,none,,,filing,filing,true,true,false,1,false
20261007T043516447530Z-codex.web.MD04.r2-a1,web,multi_document,MD04,2,2,fact,47 aircraft.,47 aircraft,S2,filing,filing-source,1,unattributed,,false,false,false,false,false,,none,,,unattributed,,false,false,false,1,false
20261007T043516447530Z-codex.web.MD04.r2-a1,web,multi_document,MD04,2,3,fact,Pegasus Europe B.V. (Pegasus Europe Besloten Vennootschap).,Pegasus Europe B.V.; Pegasus Europe Besloten Vennootschap,S3,issuer,pegasusyatirimciiliskileri.com,2,filing,filing,false,true,true,false,false,issuer; forum; promotional; aggregator; news; other,none,,,filing,filing,true,false,false,2,false
20261007T043516447530Z-codex.web.MD04.r2-a1,web,multi_document,MD04,2,4,fact,Netherlands.,Netherlands,S3,issuer,pegasusyatirimciiliskileri.com,1,filing,filing,false,true,true,true,false,issuer; aggregator,none,,,filing,filing,true,true,false,1,false
20261007T043516447530Z-codex.web.MD04.r2-a1,web,multi_document,MD04,2,5,fact,Registration completed on 11 December 2025.,11 December 2025,S3,issuer,pegasusyatirimciiliskileri.com,1,secondary,issuer,false,true,false,false,false,,none,,,secondary,issuer,false,false,false,1,false
20261007T043516447530Z-codex.web.MD04.r2-a1,web,multi_document,MD04,2,6,fact,The report separately gives 10 December 2025 as the incorporation date.,10 December 2025,S3,issuer,pegasusyatirimciiliskileri.com,1,secondary,issuer,false,true,false,false,false,,none,,,secondary,issuer,false,false,false,1,false
20261007T043523010244Z-codex.archivist.MD04.r2-a1,archivist,multi_document,MD04,2,1,fact,"Total transaction value, including both companies’ debt: EUR 154 million.",EUR 154 million,S1,filing,mosaic-finance.com,1,filing,filing,false,false,true,false,false,,none,,,filing,filing,true,false,false,1,false
20261007T043523010244Z-codex.archivist.MD04.r2-a1,archivist,multi_document,MD04,2,2,fact,8 December 2025 disclosure,8 December 2025,S1,filing,mosaic-finance.com,1,unattributed,,false,false,false,false,false,,none,,,unattributed,,false,false,false,1,false
20261007T043523010244Z-codex.archivist.MD04.r2-a1,archivist,multi_document,MD04,2,3,fact,Smartwings’ fleet: 47 aircraft.,Smartwings; 47 aircraft,S2,filing,mosaic-finance.com,2,unattributed,,false,false,false,false,false,,none,,,unattributed,,false,false,false,2,false
20261007T043523010244Z-codex.archivist.MD04.r2-a1,archivist,multi_document,MD04,2,4,fact,The activity report names the wholly owned subsidiary Pegasus Europe,Pegasus Europe,S3,filing,mosaic-finance.com,1,filing,filing,false,false,true,false,false,,none,,,filing,filing,true,false,false,1,false
20261007T043523010244Z-codex.archivist.MD04.r2-a1,archivist,multi_document,MD04,2,5,fact,"Pegasus Europe, established in the Netherlands",Pegasus Europe; the Netherlands,S3,filing,mosaic-finance.com,2,unattributed,,false,false,false,false,false,,none,,,unattributed,,false,false,false,2,false
20261007T043523010244Z-codex.archivist.MD04.r2-a1,archivist,multi_document,MD04,2,6,fact,"Pegasus Europe, with registration completed on 11 December 2025.",Pegasus Europe; 11 December 2025,S3,filing,mosaic-finance.com,2,unattributed,,false,false,false,false,false,,none,,,unattributed,,false,false,false,2,false
20261007T043523010244Z-codex.archivist.MD04.r2-a1,archivist,multi_document,MD04,2,7,fact,"2025 consolidated activity report, filed 4 March 2026—Section D",4 March 2026; Section D,S3,filing,mosaic-finance.com,2,unattributed,,false,false,false,false,false,,none,,,unattributed,,false,false,false,2,false
20261007T043544533129Z-codex.both.MD04.r2-a1,both,multi_document,MD04,2,1,fact,"EUR 154 million, including both companies’ debt.",EUR 154 million,S1,filing,mosaic-finance.com,1,filing,filing,false,false,true,true,true,issuer; forum; aggregator; news; reference,none,,,filing,filing,true,true,true,1,false
20261007T043544533129Z-codex.both.MD04.r2-a1,both,multi_document,MD04,2,2,fact,"KAP disclosure, 8 December 2025",KAP; 8 December 2025,S1,filing,mosaic-finance.com,2,secondary,issuer,false,false,false,false,false,issuer; news; other,none,,,secondary,issuer,false,false,false,2,false
20261007T043544533129Z-codex.both.MD04.r2-a1,both,multi_document,MD04,2,3,fact,"47 aircraft. Disclosure attachment, Smartwings overview",47 aircraft; Smartwings,S2,filing,mosaic-finance.com,2,secondary,issuer,false,false,false,true,false,issuer; forum; aggregator; news; reference,none,,,secondary,issuer,false,true,false,2,false
20261007T043544533129Z-codex.both.MD04.r2-a1,both,multi_document,MD04,2,4,fact,"Pegasus Europe, formally Pegasus Europe Besloten Vennootschap (B.V.).",Pegasus Europe; Pegasus Europe Besloten Vennootschap (B.V.),S3,filing,mosaic-finance.com,2,secondary,issuer,false,false,false,false,false,issuer; aggregator; news,none,,,secondary,issuer,false,false,false,2,false
20261007T043544533129Z-codex.both.MD04.r2-a1,both,multi_document,MD04,2,5,fact,The Netherlands,The Netherlands,S4,filing,mosaic-finance.com,1,filing,filing,false,false,true,true,false,issuer; aggregator; news,none,,,filing,filing,true,true,false,1,false
20261007T043544533129Z-codex.both.MD04.r2-a1,both,multi_document,MD04,2,6,fact,registration completed 11 December 2025,11 December 2025,S4,filing,mosaic-finance.com,1,unattributed,,false,false,false,false,false,,none,,,unattributed,,false,false,false,1,false
20261007T043544533129Z-codex.both.MD04.r2-a1,both,multi_document,MD04,2,7,fact,incorporation procedures completed 10 December,10 December,S4,filing,mosaic-finance.com,1,unattributed,,false,false,false,false,false,,none,,,unattributed,,false,false,false,1,false
20261007T043544533129Z-codex.both.MD04.r2-a1,both,multi_document,MD04,2,8,fact,"2025 consolidated activity report, section D, filed 4 March 2026",4 March 2026,S4,filing,mosaic-finance.com,1,filing,filing,false,false,true,true,false,issuer,none,,,filing,filing,true,true,false,1,false
20261007T043612055880Z-codex.web.MD05.r2-a1,web,multi_document,MD05,2,1,fact,"Per the 2024-08-14 Form 8-K, Item 5.02: Initial annual base salary: $1,600,000.","2024-08-14; Form 8-K; Item 5.02; $1,600,000",S1,filing,filing-source,4,filing,filing,false,false,true,false,false,issuer; forum; aggregator; news; reference,none,,,filing,filing,true,true,false,2,false
20261007T043612055880Z-codex.web.MD05.r2-a1,web,multi_document,MD05,2,2,fact,"Per the 2024-08-14 Form 8-K, Item 5.02: Cash signing bonus: $10,000,000.","2024-08-14; Form 8-K; Item 5.02; $10,000,000",S1,filing,filing-source,3,filing,filing,false,false,true,false,false,issuer; forum; aggregator; news; reference,none,,,filing,filing,true,true,false,1,false
20261007T043612055880Z-codex.web.MD05.r2-a1,web,multi_document,MD05,2,3,fact,"Per the 2024-08-14 Form 8-K, Item 5.02: Replacement equity grant’s targeted grant date fair value: $75,000,000.","2024-08-14; Form 8-K; Item 5.02; $75,000,000",S1,filing,filing-source,4,filing,filing,false,false,true,false,false,issuer; forum; aggregator; news; reference,none,,,filing,filing,true,true,false,2,false
20261007T043612055880Z-codex.web.MD05.r2-a1,web,multi_document,MD05,2,4,fact,"Per the 2025-01-24 DEF 14A, Summary Compensation Table, p. 71: Fiscal 2024 total compensation: $95,801,676.","2025-01-24; DEF 14A; Summary Compensation Table; p. 71; Fiscal 2024; $95,801,676",S2,filing,filing-source,5,secondary,issuer,false,false,false,false,false,issuer; forum; promotional; aggregator; reference; other,none,,,filing,filing,true,true,false,2,false
20261007T043612055880Z-codex.web.MD05.r2-a1,web,multi_document,MD05,2,5,fact,"Per the 2025-01-24 DEF 14A, Summary Compensation Table, p. 71: Fiscal 2024 Bonus column: $5,000,000.","2025-01-24; DEF 14A; Summary Compensation Table; p. 71; Fiscal 2024; $5,000,000",S2,filing,filing-source,4,secondary,issuer,false,false,false,false,false,issuer; forum; aggregator; reference,none,,,filing,filing,true,true,false,1,false
20261007T043633461396Z-codex.archivist.MD05.r2-a1,archivist,multi_document,MD05,2,1,fact,"Initial annual base salary: $1,600,000 in US dollars; 2024-08-14 Form 8-K, Item 5.02.","$1,600,000; US dollars; 2024-08-14; Form 8-K; Item 5.02",S1,filing,mosaic-finance.com,5,unattributed,,false,false,false,false,false,,none,,,filing,filing,true,false,false,2,false
20261007T043633461396Z-codex.archivist.MD05.r2-a1,archivist,multi_document,MD05,2,2,fact,"Cash signing bonus: $10,000,000 in US dollars; 8-K, Item 5.02.","$10,000,000; US dollars; 8-K; Item 5.02",S2,filing,mosaic-finance.com,2,unattributed,,false,false,false,false,false,,none,,,unattributed,,false,false,false,2,false
20261007T043633461396Z-codex.archivist.MD05.r2-a1,archivist,multi_document,MD05,2,3,fact,"Replacement equity grant’s targeted grant date fair value: $75,000,000 in US dollars; 8-K, Item 5.02.","$75,000,000; US dollars; 8-K; Item 5.02",S2,filing,mosaic-finance.com,3,unattributed,,false,false,false,false,false,,none,,,filing,filing,true,false,false,1,false
20261007T043633461396Z-codex.archivist.MD05.r2-a1,archivist,multi_document,MD05,2,4,fact,"Fiscal 2024 total compensation: $95,801,676 in US dollars; 2025-01-24 DEF 14A, Summary Compensation Table.","Fiscal 2024; $95,801,676; US dollars; 2025-01-24; DEF 14A; Summary Compensation Table",S3,filing,mosaic-finance.com,5,unattributed,,false,false,false,false,false,,none,,,filing,filing,true,false,false,2,false
20261007T043633461396Z-codex.archivist.MD05.r2-a1,archivist,multi_document,MD05,2,5,fact,"Fiscal 2024 Bonus column: $5,000,000 in US dollars; DEF 14A, Summary Compensation Table.","Fiscal 2024; $5,000,000; US dollars; DEF 14A; Summary Compensation Table",S3,filing,mosaic-finance.com,3,unattributed,,false,false,false,false,false,,none,,,unattributed,,false,false,false,3,false
20261007T043640632796Z-codex.both.MD05.r2-a1,both,multi_document,MD05,2,1,fact,"Initial annual base salary: $1,600,000.","$1,600,000",S1,filing,filing-source,1,filing,filing,false,false,true,true,false,issuer; forum; aggregator; news; reference,none,,,filing,filing,true,true,false,1,false
20261007T043640632796Z-codex.both.MD05.r2-a1,both,multi_document,MD05,2,2,fact,"Cash signing bonus: $10,000,000.","$10,000,000",S1,filing,filing-source,0,filing,filing,true,false,false,false,false,,none,,,filing,filing,false,false,false,0,true
20261007T043640632796Z-codex.both.MD05.r2-a1,both,multi_document,MD05,2,3,fact,"Replacement equity grant targeted grant date fair value: $75,000,000, subject to specified adjustments.","$75,000,000",S1,filing,filing-source,1,filing,filing,false,false,true,true,false,issuer; forum; news; reference,none,,,filing,filing,true,true,false,1,false
20261007T043640632796Z-codex.both.MD05.r2-a1,both,multi_document,MD05,2,4,fact,"Form 8-K filed August 14, 2024, Item 5.02","Form 8-K; August 14, 2024; Item 5.02",S1,filing,filing-source,3,unattributed,,false,false,false,false,false,,none,,,unattributed,,false,false,false,3,false
20261007T043640632796Z-codex.both.MD05.r2-a1,both,multi_document,MD05,2,5,fact,"Fiscal 2024 Summary Compensation Table total: $95,801,676.","Fiscal 2024; Summary Compensation Table; $95,801,676",S2,issuer,s203.q4cdn.com,2,secondary,issuer,false,true,false,true,false,issuer; forum; aggregator; other,none,,,secondary,issuer,false,true,false,1,false
20261007T043640632796Z-codex.both.MD05.r2-a1,both,multi_document,MD05,2,6,fact,"Bonus column: $5,000,000.","$5,000,000",S2,issuer,s203.q4cdn.com,0,secondary,issuer,true,true,false,false,false,,none,,,secondary,issuer,false,false,false,0,true
20261007T043640632796Z-codex.both.MD05.r2-a1,both,multi_document,MD05,2,7,fact,"DEF 14A filed January 24, 2025, Summary Compensation Table, p. 72","DEF 14A; January 24, 2025; Summary Compensation Table; p. 72",S2,issuer,s203.q4cdn.com,4,secondary,issuer,false,true,false,false,false,issuer; aggregator; other,none,,,secondary,issuer,false,false,false,4,false
20261007T043700889129Z-codex.web.MD01.r3-a1,web,multi_document,MD01,3,1,fact,"US$157.00 cash per Splunk share. Cisco’s September 21, 2023 Form 8-K, Item 1.01.","US$157.00; Splunk; Cisco; September 21, 2023; Form 8-K; Item 1.01",S1,filing,filing-source,6,secondary,issuer,false,false,false,false,false,issuer; forum; news; reference,none,,,filing,filing,true,true,false,1,false
20261007T043700889129Z-codex.web.MD01.r3-a1,web,multi_document,MD01,3,2,fact,"The acquisition completed on March 18, 2024.","March 18, 2024",S2,filing,filing-source,1,filing,filing,false,false,true,true,false,reference,none,,,filing,filing,true,true,false,1,false
20261007T043700889129Z-codex.web.MD01.r3-a1,web,multi_document,MD01,3,3,fact,"Total purchase consideration was US$27,090 million.","US$27,090 million",S2,filing,filing-source,1,filing,filing,false,false,true,true,false,forum,none,,,filing,filing,true,true,false,1,false
20261007T043700889129Z-codex.web.MD01.r3-a1,web,multi_document,MD01,3,4,fact,"US$19,301 million allocated to goodwill under the preliminary purchase price allocation.","US$19,301 million",S2,filing,filing-source,1,filing,filing,false,false,true,true,false,issuer,none,,,filing,filing,true,true,false,1,false
20261007T043700889129Z-codex.web.MD01.r3-a1,web,multi_document,MD01,3,5,fact,"Goodwill’s share was 71.2%, calculated as 19,301 ÷ 27,090 × 100.","71.2%; 19,301; 27,090; 100",,,,3,filing,filing,false,false,true,false,false,issuer; forum,none,,,filing,filing,true,false,false,3,false
20261007T043709608685Z-codex.archivist.MD01.r3-a1,archivist,multi_document,MD01,3,1,fact,US$157.00 cash per Splunk share.,US$157.00; Splunk,S1,filing,mosaic-finance.com,2,filing,filing,false,false,true,false,false,,none,,,filing,filing,true,false,false,1,false
20261007T043709608685Z-codex.archivist.MD01.r3-a1,archivist,multi_document,MD01,3,2,fact,"Cisco 8-K, filed September 21, 2023, Item 1.01","Cisco; 8-K; September 21, 2023; Item 1.01",S1,filing,mosaic-finance.com,3,filing,filing,false,false,true,false,false,,none,,,filing,filing,true,false,false,3,false
20261007T043709608685Z-codex.archivist.MD01.r3-a1,archivist,multi_document,MD01,3,3,fact,"The acquisition completed March 18, 2024.","March 18, 2024",S2,filing,mosaic-finance.com,1,filing,filing,false,false,true,false,false,,none,,,filing,filing,true,false,false,1,false
20261007T043709608685Z-codex.archivist.MD01.r3-a1,archivist,multi_document,MD01,3,4,fact,"Total purchase consideration was US$27,090 million","US$27,090 million",S2,filing,mosaic-finance.com,1,filing,filing,false,false,true,false,false,,none,,,filing,filing,true,false,false,1,false
20261007T043709608685Z-codex.archivist.MD01.r3-a1,archivist,multi_document,MD01,3,5,fact,"US$19,301 million allocated to goodwill under the preliminary purchase-price allocation.","US$19,301 million",S2,filing,mosaic-finance.com,1,unattributed,,false,false,false,false,false,,none,,,unattributed,,false,false,false,1,false
20261007T043709608685Z-codex.archivist.MD01.r3-a1,archivist,multi_document,MD01,3,6,fact,"Cisco fiscal 2024 10-K, filed September 5, 2024, Note 4—Acquisitions","Cisco; fiscal 2024; 10-K; September 5, 2024; Note 4—Acquisitions",S2,filing,mosaic-finance.com,3,unattributed,,false,false,false,false,false,,none,,,unattributed,,false,false,false,3,false
20261007T043709608685Z-codex.archivist.MD01.r3-a1,archivist,multi_document,MD01,3,7,fact,"Goodwill represented 71.2% of total purchase consideration: \(19{,}301 ÷ 27{,}090 × 100\).","71.2%; 19{,}301; 27{,}090; 100",,,,4,unattributed,,false,false,false,false,false,,none,,,unattributed,,false,false,false,4,false
20261007T043716029928Z-codex.both.MD01.r3-a1,both,multi_document,MD01,3,1,fact,"US$157.00 cash per Splunk share. Cisco’s September 21, 2023 Form 8-K, Item 1.01.","US$157.00; Splunk; Cisco; September 21, 2023; Form 8-K; Item 1.01",S1,filing,filing-source,6,filing,filing,false,false,true,false,false,issuer; forum; news; reference,none,,,filing,filing,true,true,false,1,false
20261007T043716029928Z-codex.both.MD01.r3-a1,both,multi_document,MD01,3,2,fact,"The acquisition completed on March 18, 2024. Cisco’s fiscal 2024 Form 10-K, Note 4.","March 18, 2024; Cisco; fiscal 2024; Form 10-K; Note 4",S2,filing,filing-source,4,filing,filing,false,false,true,false,false,issuer; forum; news; reference,none,,,filing,filing,true,false,false,4,false
20261007T043716029928Z-codex.both.MD01.r3-a1,both,multi_document,MD01,3,3,fact,"Total purchase consideration was US$27,090 million.","US$27,090 million",S2,filing,filing-source,1,filing,filing,false,false,true,true,false,issuer; forum,none,,,filing,filing,true,true,false,1,false
20261007T043716029928Z-codex.both.MD01.r3-a1,both,multi_document,MD01,3,4,fact,"US$19,301 million allocated to goodwill under the preliminary purchase price allocation.","US$19,301 million",S2,filing,filing-source,1,filing,filing,false,false,true,true,false,issuer,none,,,filing,filing,true,true,false,1,false
20261007T043716029928Z-codex.both.MD01.r3-a1,both,multi_document,MD01,3,5,fact,"Goodwill’s share: 19,301 ÷ 27,090 × 100 = 71.2%.","19,301; 27,090; 100; 71.2%",,,,3,filing,filing,false,false,true,false,false,issuer; forum,none,,,filing,filing,true,false,false,3,false
20261007T043733483258Z-codex.web.MD02.r3-a1,web,multi_document,MD02,3,1,fact,"The March 26, 2025 release stated A$6.68 cash per ordinary share.","March 26, 2025; A$6.68",S1,issuer,dollarama.com,2,secondary,issuer,false,true,false,true,false,issuer; news,none,,,secondary,issuer,false,true,false,1,false
20261007T043733483258Z-codex.web.MD02.r3-a1,web,multi_document,MD02,3,2,fact,valuing The Reject Shop’s ordinary share capital at approximately A$259 million.,The Reject Shop; A$259 million,S1,issuer,dollarama.com,2,secondary,issuer,false,true,false,true,false,issuer; forum; reference,none,,,secondary,issuer,false,true,false,1,false
20261007T043733483258Z-codex.web.MD02.r3-a1,web,multi_document,MD02,3,3,fact,"The Q2 Fiscal 2026 MD&A stated that the acquisition completed on July 21, 2025.","Q2 Fiscal 2026; July 21, 2025",S2,issuer,dollarama.com,2,secondary,issuer,false,true,false,false,false,issuer,none,,,secondary,issuer,false,false,false,2,false
20261007T043733483258Z-codex.web.MD02.r3-a1,web,multi_document,MD02,3,4,fact,"the acquisition completed on July 21, 2025, for A$233.6 million.","July 21, 2025; A$233.6 million",S2,issuer,dollarama.com,2,secondary,issuer,false,true,false,true,false,issuer,none,,,secondary,issuer,false,true,false,1,false
20261007T043733483258Z-codex.web.MD02.r3-a1,web,multi_document,MD02,3,5,fact,the A$0.77 per share dividend paid before closing,A$0.77 per share,S2,issuer,dollarama.com,1,secondary,issuer,false,true,false,true,false,issuer,none,,,secondary,issuer,false,true,false,1,false
20261007T043733483258Z-codex.web.MD02.r3-a1,web,multi_document,MD02,3,6,fact,Deducting the A$0.77 per share dividend paid before closing from A$6.68 resulted in A$5.91 net cash consideration per ordinary share.,A$0.77 per share; A$6.68; A$5.91,S2,issuer,dollarama.com,3,secondary,issuer,false,true,false,true,false,issuer,none,,,secondary,issuer,false,true,false,3,false
20261007T043734637839Z-codex.archivist.MD02.r3-a1,archivist,multi_document,MD02,3,1,fact,"The March 26, 2025 English release stated A$6.68 cash per ordinary share.","March 26, 2025; A$6.68",S1,filing,mosaic-finance.com,2,filing,filing,false,false,true,false,false,,none,,,filing,filing,true,false,false,1,false
20261007T043734637839Z-codex.archivist.MD02.r3-a1,archivist,multi_document,MD02,3,2,fact,Valuing The Reject Shop’s ordinary share capital at approximately A$259 million.,The Reject Shop; A$259 million,S1,filing,mosaic-finance.com,2,filing,filing,false,false,true,false,false,,none,,,filing,filing,true,false,false,1,false
20261007T043734637839Z-codex.archivist.MD02.r3-a1,archivist,multi_document,MD02,3,3,fact,"The English Q2 Fiscal 2026 MD&A (quarter ended August 3, 2025; filed August 27, 2025).","Q2 Fiscal 2026; August 3, 2025; August 27, 2025",S2,filing,mosaic-finance.com,3,unattributed,,false,false,false,false,false,,none,,,unattributed,,false,false,false,3,false
20261007T043734637839Z-codex.archivist.MD02.r3-a1,archivist,multi_document,MD02,3,4,fact,"The acquisition closed on July 21, 2025, for A$233.6 million.","July 21, 2025; A$233.6 million",S2,filing,mosaic-finance.com,2,filing,filing,false,false,true,false,false,,none,,,filing,filing,true,false,false,1,false
20261007T043734637839Z-codex.archivist.MD02.r3-a1,archivist,multi_document,MD02,3,5,fact,The pre-closing dividend of A$0.77 per share.,A$0.77 per share,S2,filing,mosaic-finance.com,1,filing,filing,false,false,true,false,false,,none,,,filing,filing,true,false,false,1,false
20261007T043734637839Z-codex.archivist.MD02.r3-a1,archivist,multi_document,MD02,3,6,fact,Deducting the pre-closing dividend of A$0.77 per share from A$6.68 resulted in A$5.91 net cash consideration per ordinary share.,A$0.77 per share; A$6.68; A$5.91,S2,filing,mosaic-finance.com,3,filing,filing,false,false,true,false,false,,none,,,filing,filing,true,false,false,3,false
20261007T043747374562Z-codex.both.MD02.r3-a1,both,multi_document,MD02,3,1,fact,A$6.68 cash per ordinary share,A$6.68,S1,issuer,dollarama.com,1,secondary,issuer,false,true,false,true,false,issuer; aggregator; news,none,,,secondary,issuer,false,true,false,1,false
20261007T043747374562Z-codex.both.MD02.r3-a1,both,multi_document,MD02,3,2,fact,valuing The Reject Shop’s ordinary share capital at approximately A$259 million,The Reject Shop; A$259 million,S1,issuer,dollarama.com,2,secondary,issuer,false,true,false,true,false,issuer; forum; aggregator; news; reference,none,,,secondary,issuer,false,true,false,1,false
20261007T043747374562Z-codex.both.MD02.r3-a1,both,multi_document,MD02,3,3,fact,"The acquisition completed on July 21, 2025","July 21, 2025",S2,issuer,dollarama.com,1,secondary,issuer,false,true,false,true,false,issuer,none,,,secondary,issuer,false,true,false,1,false
20261007T043747374562Z-codex.both.MD02.r3-a1,both,multi_document,MD02,3,4,fact,"The acquisition completed on July 21, 2025, for A$233.6 million","July 21, 2025; A$233.6 million",S2,issuer,dollarama.com,2,secondary,issuer,false,true,false,true,false,issuer,none,,,secondary,issuer,false,true,false,1,false
20261007T043747374562Z-codex.both.MD02.r3-a1,both,multi_document,MD02,3,5,fact,Net cash consideration was A$5.91 per ordinary share,A$5.91,S2,issuer,dollarama.com,1,secondary,issuer,false,true,false,true,false,issuer,none,,,secondary,issuer,false,true,false,1,false
20261007T043747374562Z-codex.both.MD02.r3-a1,both,multi_document,MD02,3,6,fact,after deducting the A$0.77 pre-closing dividend from A$6.68,A$0.77; A$6.68,S2,issuer,dollarama.com,2,secondary,issuer,false,true,false,true,false,issuer; aggregator; news,none,,,secondary,issuer,false,true,false,2,false
20261007T043759934601Z-codex.web.MD03.r3-a1,web,multi_document,MD03,3,1,fact,"50 firm orders for B787-9 and B787-10 aircraft combined. KAP, 2025-09-26",50; B787-9; B787-10; KAP; 2025-09-26,S1,filing,filing-source,2,filing,filing,false,false,true,true,false,issuer; forum; promotional; aggregator; news,none,,,filing,filing,true,true,false,1,false
20261007T043759934601Z-codex.web.MD03.r3-a1,web,multi_document,MD03,3,2,fact,"GE Aerospace, for engines, spare engines and engine maintenance services. KAP, 2025-11-05",GE Aerospace; KAP; 2025-11-05,S2,filing,filing-source,3,filing,filing,false,false,true,true,false,issuer; forum; promotional; aggregator; news; other,none,,,filing,filing,true,true,false,1,false
20261007T043759934601Z-codex.web.MD03.r3-a1,web,multi_document,MD03,3,3,fact,"100 firm B737MAX orders, with deliveries scheduled for 2033–2037. KAP, 2026-09-23",100; B737MAX; 2033–2037; KAP; 2026-09-23,S3,filing,filing-source,3,filing,filing,false,false,true,false,false,issuer; forum; promotional; aggregator; news,none,,,filing,filing,true,true,false,1,false
20261007T043759934601Z-codex.web.MD03.r3-a1,web,multi_document,MD03,3,4,fact,"150 firm Boeing aircraft orders in total: 50 + 100, excluding options.",150; Boeing; 50; 100,,,,2,filing,filing,false,false,true,true,false,issuer; forum; aggregator,none,,,filing,filing,true,true,false,1,false
20261007T043811718321Z-codex.archivist.MD03.r3-a1,archivist,multi_document,MD03,3,1,fact,"50 firm orders for B787-9 and B787-10 aircraft combined, plus 25 options. 2025-09-26 disclosure",50; B787-9; B787-10; 25; 2025-09-26,S1,filing,mosaic-finance.com,2,filing,filing,false,false,true,false,false,,none,,,filing,filing,true,false,false,2,false
20261007T043811718321Z-codex.archivist.MD03.r3-a1,archivist,multi_document,MD03,3,2,fact,"GE Aerospace, for the aircraft engines, spare engines, and engine maintenance services. 2025-11-05 update",GE Aerospace; 2025-11-05,S2,filing,mosaic-finance.com,2,filing,filing,false,false,true,false,false,,none,,,filing,filing,true,false,false,1,false
20261007T043811718321Z-codex.archivist.MD03.r3-a1,archivist,multi_document,MD03,3,3,fact,"100 firm B737MAX orders, with deliveries in 2033–2037, plus 50 options. 2026-09-23 disclosure",100; B737MAX; 2033–2037; 50; 2026-09-23,S3,filing,mosaic-finance.com,2,filing,filing,false,false,true,false,false,,none,,,filing,filing,true,false,false,1,false
20261007T043811718321Z-codex.archivist.MD03.r3-a1,archivist,multi_document,MD03,3,4,fact,"150 firm Boeing aircraft orders: 50 + 100, excluding options.",150; Boeing; 50; 100,,,,2,filing,filing,false,false,true,false,false,,none,,,filing,filing,true,false,false,1,false
20261007T043814035872Z-codex.both.MD03.r3-a1,both,multi_document,MD03,3,1,fact,"50 firm orders for B787-9 and B787-10 aircraft combined. KAP, 2025-09-26",50; B787-9; B787-10; KAP; 2025-09-26,S1,filing,filing-source,2,filing,filing,false,false,true,true,false,issuer; forum; promotional; aggregator; news,none,,,filing,filing,true,true,false,1,false
20261007T043814035872Z-codex.both.MD03.r3-a1,both,multi_document,MD03,3,2,fact,"GE Aerospace, for the engines, spare engines and engine maintenance services. KAP, 2025-11-05",GE Aerospace; KAP; 2025-11-05,S2,filing,filing-source,3,filing,filing,false,false,true,true,false,issuer; forum; promotional; aggregator; news; other,none,,,filing,filing,true,true,false,1,false
20261007T043814035872Z-codex.both.MD03.r3-a1,both,multi_document,MD03,3,3,fact,"100 firm B737MAX orders, with deliveries scheduled for 2033–2037. KAP, 2026-09-23",100; B737MAX; 2033–2037; KAP; 2026-09-23,S3,filing,filing-source,3,filing,filing,false,false,true,false,false,issuer; forum; promotional; aggregator; news; reference,none,,,filing,filing,true,true,false,1,false
20261007T043814035872Z-codex.both.MD03.r3-a1,both,multi_document,MD03,3,4,fact,"150 firm Boeing aircraft orders in total: 50 + 100, excluding options.",150; Boeing; 50; 100,,,,2,filing,filing,false,false,true,true,false,issuer; forum; promotional; aggregator; news; reference,none,,,filing,filing,true,true,false,1,false
20261007T043835692538Z-codex.web.MD04.r3-a1,web,multi_document,MD04,3,1,fact,"EUR 154 million, including the assigned debt receivables of both companies.",EUR 154 million,S1,filing,filing-source,1,filing,filing,false,false,true,true,false,issuer; aggregator; news; reference,none,,,filing,filing,true,true,false,1,false
20261007T043835692538Z-codex.web.MD04.r3-a1,web,multi_document,MD04,3,2,fact,"KAP disclosure, 8 December 2025",KAP; 8 December 2025,S1,filing,filing-source,2,secondary,forum,false,false,false,false,false,forum; promotional; aggregator; news; other,none,,,secondary,forum,false,false,false,2,false
20261007T043835692538Z-codex.web.MD04.r3-a1,web,multi_document,MD04,3,3,fact,47 aircraft.,47 aircraft,S2,filing,filing-source,1,filing,filing,false,false,true,false,false,,none,,,filing,filing,true,false,false,1,false
20261007T043835692538Z-codex.web.MD04.r3-a1,web,multi_document,MD04,3,4,fact,Pegasus Europe B.V. (Pegasus Europe Besloten Vennootschap),Pegasus Europe B.V.; Pegasus Europe Besloten Vennootschap,S3; S4,filing; issuer,pegasusinvestorrelations.com; filing-source,2,filing,filing,false,true,true,false,false,issuer,none,,,filing,filing,true,false,false,2,false
20261007T043835692538Z-codex.web.MD04.r3-a1,web,multi_document,MD04,3,5,fact,the Netherlands,the Netherlands,S3; S4,filing; issuer,pegasusinvestorrelations.com; filing-source,1,filing,filing,false,true,true,true,false,issuer; aggregator,none,,,filing,filing,true,true,false,1,false
20261007T043835692538Z-codex.web.MD04.r3-a1,web,multi_document,MD04,3,6,fact,11 December 2025 was the registration completion date.,11 December 2025,S3; S4,filing; issuer,pegasusinvestorrelations.com; filing-source,1,secondary,issuer,false,true,false,false,false,,none,,,secondary,issuer,false,false,false,1,false
20261007T043835692538Z-codex.web.MD04.r3-a1,web,multi_document,MD04,3,7,fact,"2025 Annual Activity Report, KAP filing, 4 March 2026",2025 Annual Activity Report; KAP; 4 March 2026,S3; S4,filing; issuer,pegasusinvestorrelations.com; filing-source,3,filing,filing,false,true,true,true,false,issuer; forum; promotional; aggregator; news; other,none,,,filing,filing,true,true,false,3,false
20261007T043837288010Z-codex.archivist.MD04.r3-a1,archivist,multi_document,MD04,3,1,fact,"EUR 154 million, including both companies’ debt.",EUR 154 million,S1,filing,mosaic-finance.com,1,filing,filing,false,false,true,false,false,,none,,,filing,filing,true,false,false,1,false
20261007T043837288010Z-codex.archivist.MD04.r3-a1,archivist,multi_document,MD04,3,2,fact,"KAP disclosure, 8 December 2025",KAP; 8 December 2025,S1,filing,mosaic-finance.com,2,unattributed,,false,false,false,false,false,,none,,,unattributed,,false,false,false,2,false
20261007T043837288010Z-codex.archivist.MD04.r3-a1,archivist,multi_document,MD04,3,3,fact,47 aircraft. Disclosure’s Smartwings fleet information,47 aircraft; Smartwings,S2,filing,mosaic-finance.com,2,unattributed,,false,false,false,false,false,,none,,,unattributed,,false,false,false,2,false
20261007T043837288010Z-codex.archivist.MD04.r3-a1,archivist,multi_document,MD04,3,4,fact,"Pegasus Europe, wholly owned by Pegasus",Pegasus Europe; Pegasus,S3,filing,mosaic-finance.com,2,filing,filing,false,false,true,false,false,,none,,,filing,filing,true,false,false,2,false
20261007T043837288010Z-codex.archivist.MD04.r3-a1,archivist,multi_document,MD04,3,5,fact,established in the Netherlands,the Netherlands,S3,filing,mosaic-finance.com,1,unattributed,,false,false,false,false,false,,none,,,unattributed,,false,false,false,1,false
20261007T043837288010Z-codex.archivist.MD04.r3-a1,archivist,multi_document,MD04,3,6,fact,registration completed 11 December 2025,11 December 2025,S3,filing,mosaic-finance.com,1,unattributed,,false,false,false,false,false,,none,,,unattributed,,false,false,false,1,false
20261007T043837288010Z-codex.archivist.MD04.r3-a1,archivist,multi_document,MD04,3,7,fact,"2025 consolidated activity report, filed 4 March 2026, section D",2025 consolidated activity report; 4 March 2026; section D,S3,filing,mosaic-finance.com,3,unattributed,,false,false,false,false,false,,none,,,unattributed,,false,false,false,3,false
20261007T043907764675Z-codex.both.MD04.r3-a1,both,multi_document,MD04,3,1,fact,"EUR 154 million, including the assigned receivables representing the target companies’ debts to their shareholders. KAP disclosure, 8 December 2025.",EUR 154 million; KAP; 8 December 2025,S1,filing,filing-source,3,secondary,promotional,false,false,false,false,false,promotional; aggregator; news; reference; other,none,,,filing,filing,true,true,false,1,false
20261007T043907764675Z-codex.both.MD04.r3-a1,both,multi_document,MD04,3,2,fact,47 aircraft.,47 aircraft,S2,filing,filing-source,1,filing,filing,false,false,true,false,false,,none,,,filing,filing,true,false,false,1,false
20261007T043907764675Z-codex.both.MD04.r3-a1,both,multi_document,MD04,3,3,fact,Pegasus Europe,Pegasus Europe,S3,issuer,pegasusinvestorrelations.com,1,filing,filing,false,true,true,true,false,issuer; aggregator; news,none,,,filing,filing,true,true,false,1,false
20261007T043907764675Z-codex.both.MD04.r3-a1,both,multi_document,MD04,3,4,fact,established in the Netherlands,Netherlands,S3,issuer,pegasusinvestorrelations.com,1,filing,filing,false,true,true,true,false,issuer; aggregator,none,,,filing,filing,true,true,false,1,false
20261007T043907764675Z-codex.both.MD04.r3-a1,both,multi_document,MD04,3,5,fact,registration completed on 11 December 2025,11 December 2025,S3,issuer,pegasusinvestorrelations.com,1,secondary,issuer,false,true,false,false,false,,none,,,secondary,issuer,false,false,false,1,false
20261007T043907764675Z-codex.both.MD04.r3-a1,both,multi_document,MD04,3,6,fact,The report distinguishes this from incorporation on 10 December 2025.,10 December 2025,S3,issuer,pegasusinvestorrelations.com,1,secondary,issuer,false,true,false,false,false,,none,,,secondary,issuer,false,false,false,1,false
20261007T043913799982Z-codex.web.MD05.r3-a1,web,multi_document,MD05,3,1,fact,"Initial annual base salary: $1,600,000.","$1,600,000",S1,filing,filing-source,1,filing,filing,false,false,true,true,false,forum; news; reference,none,,,filing,filing,true,true,false,1,false
20261007T043913799982Z-codex.web.MD05.r3-a1,web,multi_document,MD05,3,2,fact,"Cash signing bonus: $10,000,000.","$10,000,000",S1,filing,filing-source,0,filing,filing,true,false,false,false,false,,none,,,filing,filing,false,false,false,0,true
20261007T043913799982Z-codex.web.MD05.r3-a1,web,multi_document,MD05,3,3,fact,"Replacement equity grant’s targeted grant-date fair value: $75,000,000, subject to specified adjustments. (2024-08-14 Form 8-K, Item 5.02)","$75,000,000; 2024-08-14; Form 8-K; Item 5.02",S1,filing,filing-source,4,filing,filing,false,false,true,false,false,issuer; forum; aggregator; news; reference,none,,,filing,filing,true,true,false,2,false
20261007T043913799982Z-codex.web.MD05.r3-a1,web,multi_document,MD05,3,4,fact,"Fiscal 2024 Summary Compensation Table total: $95,801,676.","Fiscal 2024; Summary Compensation Table; $95,801,676",S2,issuer,s203.q4cdn.com,2,secondary,issuer,false,true,false,true,false,issuer; forum; promotional; aggregator,none,,,filing,filing,true,true,false,1,false
20261007T043913799982Z-codex.web.MD05.r3-a1,web,multi_document,MD05,3,5,fact,"Fiscal 2024 Bonus column: $5,000,000. (2025-01-24 DEF 14A, Summary Compensation Table, p. 71)","Fiscal 2024; $5,000,000; 2025-01-24; DEF 14A; Summary Compensation Table; p. 71",S2,issuer,s203.q4cdn.com,4,secondary,issuer,false,true,false,false,false,issuer; forum; aggregator; reference,none,,,filing,filing,true,true,false,1,false
20261007T043941303590Z-codex.archivist.MD05.r3-a1,archivist,multi_document,MD05,3,1,fact,All amounts are in US dollars.,US dollars,,,,1,unattributed,,false,false,false,false,false,,none,,,unattributed,,false,false,false,1,false
20261007T043941303590Z-codex.archivist.MD05.r3-a1,archivist,multi_document,MD05,3,2,fact,"Initial annual base salary: $1,600,000; 8-K, filed August 14, 2024, Item 5.02.","$1,600,000; 8-K; August 14, 2024; Item 5.02",S1,filing,mosaic-finance.com,3,unattributed,,false,false,false,false,false,,none,,,filing,filing,true,false,false,1,false
20261007T043941303590Z-codex.archivist.MD05.r3-a1,archivist,multi_document,MD05,3,3,fact,"Cash signing bonus: $10,000,000; 8-K, Item 5.02.","$10,000,000; 8-K; Item 5.02",S2,filing,mosaic-finance.com,1,filing,filing,false,false,true,false,false,,none,,,filing,filing,true,false,false,1,false
20261007T043941303590Z-codex.archivist.MD05.r3-a1,archivist,multi_document,MD05,3,4,fact,"Replacement equity grant’s targeted grant date fair value: $75,000,000; 8-K, Item 5.02.","$75,000,000; 8-K; Item 5.02",S2,filing,mosaic-finance.com,2,filing,filing,false,false,true,false,false,,none,,,filing,filing,true,false,false,1,false
20261007T043941303590Z-codex.archivist.MD05.r3-a1,archivist,multi_document,MD05,3,5,fact,"Fiscal 2024 total compensation: $95,801,676; DEF 14A, filed January 24, 2025, Summary Compensation Table.","Fiscal 2024; $95,801,676; DEF 14A; January 24, 2025; Summary Compensation Table",S3,filing,mosaic-finance.com,4,unattributed,,false,false,false,false,false,,none,,,filing,filing,true,false,false,1,false
20261007T043941303590Z-codex.archivist.MD05.r3-a1,archivist,multi_document,MD05,3,6,fact,"Fiscal 2024 Bonus column: $5,000,000; Same Summary Compensation Table.","Fiscal 2024; $5,000,000; Summary Compensation Table",S3,filing,mosaic-finance.com,1,filing,filing,false,false,true,false,false,,none,,,filing,filing,true,false,false,1,false
20261007T043947931938Z-codex.both.MD05.r3-a1,both,multi_document,MD05,3,1,fact,All amounts are in US dollars.,US dollars,,,,1,unattributed,,false,false,false,false,false,,none,,,unattributed,,false,false,false,1,false
20261007T043947931938Z-codex.both.MD05.r3-a1,both,multi_document,MD05,3,2,fact,"Initial annual base salary: $1,600,000. 2024-08-14 Form 8-K, Item 5.02","$1,600,000; 2024-08-14; Form 8-K; Item 5.02",S1,filing,mosaic-finance.com,4,filing,filing,false,false,true,false,false,issuer; forum; aggregator; news; reference,none,,,filing,filing,true,true,true,2,false
20261007T043947931938Z-codex.both.MD05.r3-a1,both,multi_document,MD05,3,3,fact,"Cash signing bonus: $10,000,000.","$10,000,000",,,,0,unattributed,,true,false,false,false,false,,none,,,unattributed,,false,false,false,0,true
20261007T043947931938Z-codex.both.MD05.r3-a1,both,multi_document,MD05,3,4,fact,"Replacement equity grant’s targeted grant date fair value: $75,000,000, subject to specified adjustments. 2024-08-14 Form 8-K, Item 5.02","$75,000,000; 2024-08-14; Form 8-K; Item 5.02",S2,filing,mosaic-finance.com,4,filing,filing,false,false,true,false,false,issuer; forum; aggregator; news; reference,none,,,filing,filing,true,true,true,2,false
20261007T043947931938Z-codex.both.MD05.r3-a1,both,multi_document,MD05,3,5,fact,"Fiscal 2024 Summary Compensation Table total: $95,801,676.","Fiscal 2024; Summary Compensation Table; $95,801,676",,,,2,filing,filing,false,false,true,true,true,issuer; forum; aggregator,none,,,filing,filing,true,true,true,1,false
20261007T043947931938Z-codex.both.MD05.r3-a1,both,multi_document,MD05,3,6,fact,"Fiscal 2024 Bonus column: $5,000,000. 2025-01-24 DEF 14A, Summary Compensation Table","Fiscal 2024; Bonus; $5,000,000; 2025-01-24; DEF 14A; Summary Compensation Table",S3,filing,mosaic-finance.com,4,filing,filing,false,false,true,true,true,issuer; forum; aggregator; news; reference,none,,,filing,filing,true,true,true,1,false
20261007T044025362075Z-codex.web.MD06.r1-a1,web,multi_document,MD06,1,1,fact,"2.3234 ExxonMobil shares per Pioneer share, under Item 1.01 of the October 11, 2023 Form 8-K.","2.3234; ExxonMobil; Pioneer; Item 1.01; October 11, 2023; Form 8-K",S1,filing,filing-source,6,secondary,issuer,false,false,false,false,false,issuer; forum; aggregator; reference,none,,,filing,filing,true,true,false,1,false
20261007T044025362075Z-codex.web.MD06.r1-a1,web,multi_document,MD06,1,2,fact,"Acquisition date: May 3, 2024.","May 3, 2024",S2,filing,filing-source,1,filing,filing,false,false,true,true,false,issuer; aggregator,none,,,filing,filing,true,true,false,1,false
20261007T044025362075Z-codex.web.MD06.r1-a1,web,multi_document,MD06,1,3,fact,ExxonMobil shares issued: 545 million.,ExxonMobil; 545 million,S2,filing,filing-source,2,filing,filing,false,false,true,true,false,issuer; forum; aggregator; reference,none,,,filing,filing,true,true,false,1,false
20261007T044025362075Z-codex.web.MD06.r1-a1,web,multi_document,MD06,1,4,fact,Acquisition-date fair value of those shares: US$63 billion.,US$63 billion,S2,filing,filing-source,1,filing,filing,false,false,true,true,false,issuer; forum; aggregator,none,,,filing,filing,true,true,false,1,false
20261007T044025362075Z-codex.web.MD06.r1-a1,web,multi_document,MD06,1,5,fact,Fair value of debt assumed: US$5 billion.,US$5 billion,S2,filing,filing-source,0,filing,filing,true,false,false,false,false,,none,,,filing,filing,false,false,false,0,true
20261007T044025362550Z-codex.archivist.MD06.r1-a1,archivist,multi_document,MD06,1,1,fact,"2.3234 ExxonMobil shares per Pioneer share, under Item 1.01 of the 8-K filed October 11, 2023.","2.3234; ExxonMobil; Pioneer; Item 1.01; 8-K; October 11, 2023",S1,filing,mosaic-finance.com,5,unattributed,,false,false,false,false,false,,none,,,filing,filing,true,false,false,1,false
20261007T044025362550Z-codex.archivist.MD06.r1-a1,archivist,multi_document,MD06,1,2,fact,"ExxonMobil’s fiscal 2024 10-K, filed February 19, 2025.","ExxonMobil; fiscal 2024; 10-K; February 19, 2025",S2,filing,mosaic-finance.com,2,unattributed,,false,false,false,false,false,,none,,,unattributed,,false,false,false,2,false
20261007T044025362550Z-codex.archivist.MD06.r1-a1,archivist,multi_document,MD06,1,3,fact,"Acquisition date: May 3, 2024.","May 3, 2024",S2,filing,mosaic-finance.com,1,filing,filing,false,false,true,false,false,,none,,,filing,filing,true,false,false,1,false
20261007T044025362550Z-codex.archivist.MD06.r1-a1,archivist,multi_document,MD06,1,4,fact,ExxonMobil shares issued: 545 million.,ExxonMobil; 545 million,S2,filing,mosaic-finance.com,2,filing,filing,false,false,true,false,false,,none,,,filing,filing,true,false,false,1,false
20261007T044025362550Z-codex.archivist.MD06.r1-a1,archivist,multi_document,MD06,1,5,fact,Their acquisition-date fair value: US$63 billion.,US$63 billion,S2,filing,mosaic-finance.com,1,filing,filing,false,false,true,false,false,,none,,,filing,filing,true,false,false,1,false
20261007T044025362550Z-codex.archivist.MD06.r1-a1,archivist,multi_document,MD06,1,6,fact,Fair value of debt assumed: US$5 billion.,US$5 billion,S2,filing,mosaic-finance.com,0,filing,filing,true,false,false,false,false,,none,,,filing,filing,false,false,false,0,true
20261007T044041754079Z-codex.both.MD06.r1-a1,both,multi_document,MD06,1,1,fact,"2.3234 ExxonMobil shares per Pioneer share, under Item 1.01 of the Form 8-K filed October 11, 2023.","2.3234; ExxonMobil; Pioneer; Item 1.01; Form 8-K; October 11, 2023",S1,filing,filing-source,6,secondary,issuer,false,false,false,true,false,issuer; forum; aggregator; reference; other,none,,,filing,filing,true,true,false,1,false
20261007T044041754079Z-codex.both.MD06.r1-a1,both,multi_document,MD06,1,2,fact,"ExxonMobil’s fiscal 2024 Form 10-K, filed February 19, 2025.","ExxonMobil; fiscal 2024; Form 10-K; February 19, 2025",S2,issuer,investor.exxonmobil.com,3,secondary,issuer,false,true,false,true,false,issuer; forum; aggregator; reference; other,none,,,secondary,issuer,false,true,false,3,false
20261007T044041754079Z-codex.both.MD06.r1-a1,both,multi_document,MD06,1,3,fact,"Acquisition date: May 3, 2024.","May 3, 2024",S2,issuer,investor.exxonmobil.com,1,secondary,issuer,false,true,false,true,false,issuer; aggregator; other,none,,,secondary,issuer,false,true,false,1,false
20261007T044041754079Z-codex.both.MD06.r1-a1,both,multi_document,MD06,1,4,fact,ExxonMobil shares issued: 545 million.,ExxonMobil; 545 million,S2,issuer,investor.exxonmobil.com,2,secondary,issuer,false,true,false,true,false,issuer; forum; aggregator; reference; other,none,,,secondary,issuer,false,true,false,1,false
20261007T044041754079Z-codex.both.MD06.r1-a1,both,multi_document,MD06,1,5,fact,Acquisition-date fair value of shares issued: US$63 billion.,US$63 billion,S2,issuer,investor.exxonmobil.com,1,secondary,issuer,false,true,false,true,false,issuer; aggregator,none,,,secondary,issuer,false,true,false,1,false
20261007T044041754079Z-codex.both.MD06.r1-a1,both,multi_document,MD06,1,6,fact,Fair value of debt assumed: US$5 billion.,US$5 billion,S2,issuer,investor.exxonmobil.com,0,secondary,issuer,true,true,false,false,false,,none,,,secondary,issuer,false,false,false,0,true
20261007T044102821462Z-codex.web.MD07.r1-a1,web,multi_document,MD07,1,1,fact,US$95.00 per share.,US$95.00,S1,filing,filing-source,1,filing,filing,false,false,true,true,false,issuer; forum; reference,none,,,filing,filing,true,true,false,1,false
20261007T044102821462Z-codex.web.MD07.r1-a1,web,multi_document,MD07,1,2,fact,"US$68.7 billion, inclusive of Activision Blizzard’s net cash.",US$68.7 billion; Activision Blizzard,S1,filing,filing-source,2,filing,filing,false,false,true,true,false,issuer; forum; news; reference,none,,,filing,filing,true,true,false,1,false
20261007T044102821462Z-codex.web.MD07.r1-a1,web,multi_document,MD07,1,3,fact,"Source: Microsoft’s January 18, 2022 Form 8-K, Item 7.01.","Microsoft; January 18, 2022; Form 8-K; Item 7.01",S1,filing,filing-source,4,filing,filing,false,false,true,false,false,issuer; forum; news; reference,none,,,filing,filing,true,false,false,4,false
20261007T044102821462Z-codex.web.MD07.r1-a1,web,multi_document,MD07,1,4,fact,"Completed October 13, 2023.","October 13, 2023",S2,issuer,microsoft.gcs-web.com,1,filing,filing,false,true,true,true,false,issuer; reference,none,,,filing,filing,true,true,false,1,false
20261007T044102821462Z-codex.web.MD07.r1-a1,web,multi_document,MD07,1,5,fact,Total purchase price: US$75.4 billion.,US$75.4 billion,S2,issuer,microsoft.gcs-web.com,1,filing,filing,false,true,true,true,false,issuer; reference,none,,,filing,filing,true,true,false,1,false
20261007T044102821462Z-codex.web.MD07.r1-a1,web,multi_document,MD07,1,6,fact,"Preliminarily allocated to goodwill: US$50,969 million.","US$50,969 million",S2,issuer,microsoft.gcs-web.com,1,secondary,issuer,false,true,false,true,false,issuer,none,,,secondary,issuer,false,true,false,1,false
20261007T044102821462Z-codex.web.MD07.r1-a1,web,multi_document,MD07,1,7,fact,"Source for (c)–(e): Microsoft’s fiscal 2024 Form 10-K, Note 8, p. 76.",Microsoft; fiscal 2024; Form 10-K; Note 8; p. 76,S2,issuer,microsoft.gcs-web.com,4,secondary,issuer,false,true,false,false,false,issuer; forum; news; reference,none,,,secondary,issuer,false,false,false,4,false
20261007T044107685038Z-codex.archivist.MD07.r1-a1,archivist,multi_document,MD07,1,1,fact,US$95.00 per share.,US$95.00,S1,filing,mosaic-finance.com,1,filing,filing,false,false,true,false,false,,none,,,filing,filing,true,false,false,1,false
20261007T044107685038Z-codex.archivist.MD07.r1-a1,archivist,multi_document,MD07,1,2,fact,"US$68.7 billion total transaction value, inclusive of Activision Blizzard’s net cash.",US$68.7 billion; Activision Blizzard,S1,filing,mosaic-finance.com,2,filing,filing,false,false,true,false,false,,none,,,filing,filing,true,false,false,1,false
20261007T044107685038Z-codex.archivist.MD07.r1-a1,archivist,multi_document,MD07,1,3,fact,"Microsoft Form 8-K, filed January 18, 2022, Item 7.01.","Microsoft; Form 8-K; January 18, 2022; Item 7.01",S1,filing,mosaic-finance.com,4,filing,filing,false,false,true,false,false,,none,,,filing,filing,true,false,false,4,false
20261007T044107685038Z-codex.archivist.MD07.r1-a1,archivist,multi_document,MD07,1,4,fact,"Completed October 13, 2023.","October 13, 2023",S2,filing,mosaic-finance.com,1,filing,filing,false,false,true,false,false,,none,,,filing,filing,true,false,false,1,false
20261007T044107685038Z-codex.archivist.MD07.r1-a1,archivist,multi_document,MD07,1,5,fact,US$75.4 billion total purchase price.,US$75.4 billion,S2,filing,mosaic-finance.com,1,filing,filing,false,false,true,false,false,,none,,,filing,filing,true,false,false,1,false
20261007T044107685038Z-codex.archivist.MD07.r1-a1,archivist,multi_document,MD07,1,6,fact,"US$50,969 million preliminarily allocated to goodwill.","US$50,969 million",S2,filing,mosaic-finance.com,1,unattributed,,false,false,false,false,false,,none,,,unattributed,,false,false,false,1,false
20261007T044107685038Z-codex.archivist.MD07.r1-a1,archivist,multi_document,MD07,1,7,fact,"Microsoft fiscal 2024 Form 10-K, filed July 30, 2024, Note 8—Business Combinations.","Microsoft; fiscal 2024; Form 10-K; July 30, 2024; Note 8—Business Combinations",S2,filing,mosaic-finance.com,4,unattributed,,false,false,false,false,false,,none,,,unattributed,,false,false,false,4,false
20261007T044128298200Z-codex.both.MD07.r1-a1,both,multi_document,MD07,1,1,fact,US$95.00 per share.,US$95.00,,,,1,filing,filing,false,false,true,true,false,issuer; forum; reference,none,,,filing,filing,true,true,false,1,false
20261007T044128298200Z-codex.both.MD07.r1-a1,both,multi_document,MD07,1,2,fact,"US$68.7 billion, inclusive of Activision Blizzard’s net cash. Source: January 18, 2022 Form 8-K, Item 7.01.","US$68.7 billion; Activision Blizzard; January 18, 2022; Form 8-K; Item 7.01",S1,filing,filing-source,5,filing,filing,false,false,true,false,false,issuer; forum; news; reference,none,,,filing,filing,true,true,false,1,false
20261007T044128298200Z-codex.both.MD07.r1-a1,both,multi_document,MD07,1,3,fact,"Completed October 13, 2023.","October 13, 2023",S2,issuer,microsoft.com,1,filing,filing,false,true,true,true,false,issuer; reference; other,none,,,filing,filing,true,true,false,1,false
20261007T044128298200Z-codex.both.MD07.r1-a1,both,multi_document,MD07,1,4,fact,Total purchase price: US$75.4 billion (the allocation table reports US$75.408 billion).,US$75.4 billion; US$75.408 billion,S2,issuer,microsoft.com,2,filing,filing,false,true,true,true,false,issuer; reference,none,,,filing,filing,true,true,false,2,false
20261007T044128298200Z-codex.both.MD07.r1-a1,both,multi_document,MD07,1,5,fact,"Preliminary goodwill: US$50,969 million. Source for (c)–(e): Fiscal 2024 Form 10-K, Note 8—Business Combinations.","US$50,969 million; Fiscal 2024; Form 10-K; Note 8—Business Combinations",S2,issuer,microsoft.com,3,secondary,issuer,false,true,false,false,false,issuer,none,,,secondary,issuer,false,true,false,1,false
20261007T044137336777Z-codex.web.MD08.r1-a1,web,multi_document,MD08,1,1,fact,"The week of September 25, 2023. September 18 Form 8-K, Item 8.01","September 25, 2023; September 18; Form 8-K; Item 8.01",S1,filing,filing-source,4,secondary,issuer,false,false,false,false,false,issuer; forum,none,,,secondary,issuer,false,false,false,4,false
20261007T044137336777Z-codex.web.MD08.r1-a1,web,multi_document,MD08,1,2,fact,"Fiscal 2024 net sales: US$7,093 million. FY2024 Form 10-K, Exhibit 99.1, consolidated statements of earnings","Fiscal 2024; US$7,093 million; FY2024 Form 10-K; Exhibit 99.1",S2,filing,filing-source,3,unattributed,,false,false,false,false,false,,none,,,filing,filing,true,false,false,1,false
20261007T044137336777Z-codex.web.MD08.r1-a1,web,multi_document,MD08,1,3,fact,"Incremental cyberattack costs, net of insurance recoveries: approximately US$29 million.",approximately US$29 million,,,,1,filing,filing,false,false,true,true,false,issuer; forum; aggregator; other,none,,,filing,filing,true,true,false,1,false
20261007T044137336777Z-codex.web.MD08.r1-a1,web,multi_document,MD08,1,4,fact,"Cyberattack insurance recoveries recorded: US$30 million, recognized in the fourth quarter. Same filing, Note 3—Cyberattack",US$30 million; fourth quarter; Note 3—Cyberattack,S2,filing,filing-source,2,secondary,other,false,false,false,false,false,other,none,,,secondary,other,false,false,false,2,false
20261007T044137336777Z-codex.web.MD08.r1-a1,web,multi_document,MD08,1,5,fact,"Implied gross incremental cost before recoveries: approximately US$59 million ($29 million + $30 million), calculated from (c) and (d).",approximately US$59 million; $29 million; $30 million,,,,2,secondary,issuer,false,false,false,false,false,issuer; forum; aggregator; other,none,,,secondary,issuer,false,false,false,2,false
20261007T044146488206Z-codex.archivist.MD08.r1-a1,archivist,multi_document,MD08,1,1,fact,"The week of September 25, 2023. 8-K filed September 18, 2023, Item 8.01","September 25, 2023; 8-K; September 18, 2023; Item 8.01",S1,filing,mosaic-finance.com,3,unattributed,,false,false,false,false,false,,none,,,unattributed,,false,false,false,3,false
20261007T044146488206Z-codex.archivist.MD08.r1-a1,archivist,multi_document,MD08,1,2,fact,"Fiscal 2024 net sales: US$7,093 million. 2024 10-K, Financial Highlights","Fiscal 2024; US$7,093 million; 2024 10-K; Financial Highlights",S2,filing,mosaic-finance.com,2,filing,filing,false,false,true,false,false,,none,,,filing,filing,true,false,false,1,false
20261007T044146488206Z-codex.archivist.MD08.r1-a1,archivist,multi_document,MD08,1,3,fact,"Incremental cyberattack costs, net of insurance recoveries: approximately US$29 million.",approximately US$29 million,S3,filing,mosaic-finance.com,1,filing,filing,false,false,true,false,false,,none,,,filing,filing,true,false,false,1,false
20261007T044146488206Z-codex.archivist.MD08.r1-a1,archivist,multi_document,MD08,1,4,fact,"Cyberattack insurance recoveries recorded in fiscal 2024: US$30 million. 2024 10-K, Note 3, supporting (c) and (d)",fiscal 2024; US$30 million; 2024 10-K; Note 3,S3,filing,mosaic-finance.com,1,filing,filing,false,false,true,false,false,,none,,,filing,filing,true,false,false,1,false
20261007T044146488206Z-codex.archivist.MD08.r1-a1,archivist,multi_document,MD08,1,5,fact,"Implied gross incremental cost before recoveries: approximately US$59 million, calculated as 29 + 30.",approximately US$59 million; 29; 30,,,,2,unattributed,,false,false,false,false,false,,none,,,unattributed,,false,false,false,2,false
20261007T044208856421Z-codex.both.MD08.r1-a1,both,multi_document,MD08,1,1,fact,"The week of September 25, 2023.","September 25, 2023",S1,filing,filing-source,1,unattributed,,false,false,false,false,false,,none,,,unattributed,,false,false,false,1,false
20261007T044208856421Z-codex.both.MD08.r1-a1,both,multi_document,MD08,1,2,fact,"Fiscal 2024 net sales: US$7,093 million.","Fiscal 2024; US$7,093 million",S2,filing,filing-source,1,filing,filing,false,false,true,false,false,,none,,,filing,filing,true,false,false,1,false
20261007T044208856421Z-codex.both.MD08.r1-a1,both,multi_document,MD08,1,3,fact,"Incremental cyberattack costs, net of insurance recoveries: approximately US$29 million.",approximately US$29 million,,,,1,filing,filing,false,false,true,true,false,issuer; forum; aggregator,none,,,filing,filing,true,true,false,1,false
20261007T044208856421Z-codex.both.MD08.r1-a1,both,multi_document,MD08,1,4,fact,Cyberattack insurance recoveries recorded: US$30 million.,US$30 million,S2,filing,filing-source,0,filing,filing,true,false,false,false,false,,none,,,filing,filing,false,false,false,0,true
20261007T044208856421Z-codex.both.MD08.r1-a1,both,multi_document,MD08,1,5,fact,"Implied gross incremental cost before insurance recoveries: approximately US$59 million, calculated as $29 million + $30 million.",approximately US$59 million; $29 million; $30 million,,,,2,secondary,issuer,false,false,false,false,false,issuer; forum; aggregator,none,,,secondary,issuer,false,false,false,2,false
20261007T044213232181Z-codex.web.MD09.r1-a1,web,multi_document,MD09,1,1,fact,"Approximately 11,000 employees.","11,000 employees",S1,filing,filing-source,1,filing,filing,false,false,true,false,false,,none,,,filing,filing,true,false,false,1,false
20261007T044213232181Z-codex.web.MD09.r1-a1,web,multi_document,MD09,1,2,fact,US$85–87 billion in full-year 2022 total expenses.,US$85–87 billion; full-year 2022,S1,filing,filing-source,3,secondary,issuer,false,false,false,false,false,issuer; forum; aggregator; reference,none,,,filing,filing,true,true,false,2,false
20261007T044213232181Z-codex.web.MD09.r1-a1,web,multi_document,MD09,1,3,fact,"Both figures are in Meta’s November 9, 2022 Form 8-K, Item 7.01.","Meta; November 9, 2022; Form 8-K; Item 7.01",S1,filing,filing-source,4,filing,filing,false,false,true,false,false,issuer; forum; aggregator; reference,none,,,filing,filing,true,false,false,4,false
20261007T044213232181Z-codex.web.MD09.r1-a1,web,multi_document,MD09,1,4,fact,"Actual 2022 total costs and expenses: US$87,665 million.","US$87,665 million",S2,filing,filing-source,1,filing,filing,false,false,true,true,false,issuer; aggregator,none,,,filing,filing,true,true,false,1,false
20261007T044213232181Z-codex.web.MD09.r1-a1,web,multi_document,MD09,1,5,fact,"Headcount at December 31, 2022: 86,482.","December 31, 2022; 86,482",S2,filing,filing-source,2,filing,filing,false,false,true,true,false,issuer; aggregator; reference,none,,,filing,filing,true,true,false,1,false
20261007T044213232181Z-codex.web.MD09.r1-a1,web,multi_document,MD09,1,6,fact,Both figures are in Meta’s fiscal 2022 Form 10-K.,Meta; fiscal 2022; Form 10-K,S2,filing,filing-source,2,filing,filing,false,false,true,true,false,issuer; forum; aggregator; reference,none,,,filing,filing,true,true,false,2,false
20261007T044213232181Z-codex.web.MD09.r1-a1,web,multi_document,MD09,1,7,fact,"Actual expenses exceeded the outlook’s upper bound by US$665 million: 87,665 − 87,000 = 665.","US$665 million; 87,665; 87,000; 665",,,,4,secondary,issuer,false,false,false,false,false,issuer; forum; aggregator; reference,none,,,secondary,issuer,false,false,false,4,false
20261007T044233521962Z-codex.archivist.MD09.r1-a1,archivist,multi_document,MD09,1,1,fact,"Approximately 11,000 employees.","11,000 employees",,,,1,filing,filing,false,false,true,false,false,,none,,,filing,filing,true,false,false,1,false
20261007T044233521962Z-codex.archivist.MD09.r1-a1,archivist,multi_document,MD09,1,2,fact,"US$85–87 billion in full-year 2022 total expenses, reaffirmed unchanged. (2022-11-09 Form 8-K, Item 7.01)",US$85–87 billion; 2022-11-09; Form 8-K; Item 7.01,S1,filing,mosaic-finance.com,5,filing,filing,false,false,true,false,false,,none,,,filing,filing,true,false,false,3,false
20261007T044233521962Z-codex.archivist.MD09.r1-a1,archivist,multi_document,MD09,1,3,fact,"Actual 2022 total costs and expenses: US$87,665 million.","US$87,665 million",,,,1,filing,filing,false,false,true,false,false,,none,,,filing,filing,true,false,false,1,false
20261007T044233521962Z-codex.archivist.MD09.r1-a1,archivist,multi_document,MD09,1,4,fact,"Headcount at December 31, 2022: 86,482. (2023-02-02 Form 10-K, MD&A)","December 31, 2022; 86,482; 2023-02-02; Form 10-K; MD&A",S2,filing,mosaic-finance.com,4,unattributed,,false,false,false,false,false,,none,,,filing,filing,true,false,false,1,false
20261007T044233521962Z-codex.archivist.MD09.r1-a1,archivist,multi_document,MD09,1,5,fact,"Actual expenses exceeded the outlook’s upper bound by US$665 million: 87,665 − 87,000 = 665.","US$665 million; 87,665; 87,000; 665",,,,4,unattributed,,false,false,false,false,false,,none,,,unattributed,,false,false,false,4,false
20261007T044235679414Z-codex.both.MD09.r1-a1,both,multi_document,MD09,1,1,fact,"Approximately 11,000 employees.","11,000 employees",S1,filing,filing-source,1,filing,filing,false,false,true,false,false,,none,,,filing,filing,true,false,false,1,false
20261007T044235679414Z-codex.both.MD09.r1-a1,both,multi_document,MD09,1,2,fact,US$85–87 billion in full-year 2022 total expenses.,US$85–87 billion,S1,filing,filing-source,2,filing,filing,false,false,true,true,false,issuer; forum; aggregator; news; reference,none,,,filing,filing,true,true,false,2,false
20261007T044235679414Z-codex.both.MD09.r1-a1,both,multi_document,MD09,1,3,fact,"Both figures appear in Meta’s November 9, 2022 Form 8-K.","Meta; November 9, 2022; Form 8-K",S1,filing,filing-source,3,filing,filing,false,false,true,true,false,issuer; forum; aggregator; news; reference,none,,,filing,filing,true,true,false,3,false
20261007T044235679414Z-codex.both.MD09.r1-a1,both,multi_document,MD09,1,4,fact,"Actual 2022 total costs and expenses: US$87,665 million.","US$87,665 million",S2,filing,filing-source,1,filing,filing,false,false,true,true,false,issuer; aggregator,none,,,filing,filing,true,true,false,1,false
20261007T044235679414Z-codex.both.MD09.r1-a1,both,multi_document,MD09,1,5,fact,"Headcount at December 31, 2022: 86,482.","December 31, 2022; 86,482",S2,filing,filing-source,2,filing,filing,false,false,true,true,false,issuer; aggregator,none,,,filing,filing,true,true,false,1,false
20261007T044235679414Z-codex.both.MD09.r1-a1,both,multi_document,MD09,1,6,fact,Both figures appear in Meta’s fiscal 2022 Form 10-K.,Meta; Form 10-K,S2,filing,filing-source,2,filing,filing,false,false,true,true,false,issuer; forum; aggregator; news; reference,none,,,filing,filing,true,true,false,2,false
20261007T044235679414Z-codex.both.MD09.r1-a1,both,multi_document,MD09,1,7,fact,"Actual expenses exceeded the outlook’s upper end by US$665 million: 87,665 − 87,000 = 665.","US$665 million; 87,665; 87,000; 665",,,,4,secondary,issuer,false,false,false,false,false,issuer; forum; aggregator; reference,none,,,secondary,issuer,false,false,false,4,false
20261007T044253550608Z-codex.web.MD10.r1-a1,web,multi_document,MD10,1,1,fact,Total contribution: US$6.01 billion.,US$6.01 billion,S1,filing,filing-source,1,filing,filing,false,false,true,true,false,issuer; forum; aggregator,none,,,filing,filing,true,true,false,1,false
20261007T044253550608Z-codex.web.MD10.r1-a1,web,multi_document,MD10,1,2,fact,Cash consideration: US$5.01 billion.,US$5.01 billion,S1,filing,filing-source,1,filing,filing,false,false,true,true,false,aggregator,none,,,filing,filing,true,true,false,1,false
20261007T044253550608Z-codex.web.MD10.r1-a1,web,multi_document,MD10,1,3,fact,"3M common stock: US$1.00 billion. Form 8-K, August 29, 2023, Item 1.01","3M; US$1.00 billion; Form 8-K; August 29, 2023; Item 1.01",S1,filing,filing-source,4,filing,filing,false,false,true,false,false,issuer; forum; aggregator; other,none,,,filing,filing,true,true,false,1,false
20261007T044253550608Z-codex.web.MD10.r1-a1,web,multi_document,MD10,1,4,fact,"After the January 2024 amendment, 3M irrevocably elected to pay the US$1 billion stock-eligible portion in cash.",January 2024; 3M; US$1 billion,S2,filing,filing-source,1,filing,filing,false,false,true,true,false,aggregator,none,,,filing,filing,true,true,false,1,false
20261007T044253550608Z-codex.web.MD10.r1-a1,web,multi_document,MD10,1,5,fact,"The settlement resulted in a US$4.2 billion pre-tax charge in Q3 2023. Fiscal 2023 Form 10-K, Note 18, reproduced in the annual report",US$4.2 billion; Q3 2023; Fiscal 2023 Form 10-K; Note 18,S2,filing,filing-source,4,secondary,issuer,false,false,false,false,false,issuer; forum; aggregator; other,none,,,filing,filing,true,true,false,1,false
20261007T044257326099Z-codex.archivist.MD10.r1-a1,archivist,multi_document,MD10,1,1,fact,US$6.0 billion total,US$6.0 billion,S1,filing,mosaic-finance.com,1,filing,filing,false,false,true,false,false,,none,,,filing,filing,true,false,false,1,false
20261007T044257326099Z-codex.archivist.MD10.r1-a1,archivist,multi_document,MD10,1,2,fact,US$5.0 billion in cash,US$5.0 billion,S1,filing,mosaic-finance.com,1,filing,filing,false,false,true,false,false,,none,,,filing,filing,true,false,false,1,false
20261007T044257326099Z-codex.archivist.MD10.r1-a1,archivist,multi_document,MD10,1,3,fact,US$1.0 billion in 3M common stock,US$1.0 billion; 3M,S1,filing,mosaic-finance.com,1,filing,filing,false,false,true,false,false,,none,,,filing,filing,true,false,false,1,false
20261007T044257326099Z-codex.archivist.MD10.r1-a1,archivist,multi_document,MD10,1,4,fact,"as described in the August 29, 2023 Form 8-K","August 29, 2023; Form 8-K",S1,filing,mosaic-finance.com,2,unattributed,,false,false,false,false,false,,none,,,unattributed,,false,false,false,2,false
20261007T044257326099Z-codex.archivist.MD10.r1-a1,archivist,multi_document,MD10,1,5,fact,"under the January 2024 amendment, 3M irrevocably elected to pay the US$1.0 billion stock-eligible portion in cash.",January 2024; 3M; US$1.0 billion,S2,filing,mosaic-finance.com,2,filing,filing,false,false,true,false,false,,none,,,filing,filing,true,false,false,1,false
20261007T044257326099Z-codex.archivist.MD10.r1-a1,archivist,multi_document,MD10,1,6,fact,US$4.2 billion pre-tax charge was recorded in Q3 2023.,US$4.2 billion; Q3 2023,S2,filing,mosaic-finance.com,2,unattributed,,false,false,false,false,false,,none,,,filing,filing,true,false,false,1,false
20261007T044257326099Z-codex.archivist.MD10.r1-a1,archivist,multi_document,MD10,1,7,fact,"the fiscal 2023 Form 10-K, filed February 7, 2024, Note 18","fiscal 2023; Form 10-K; February 7, 2024; Note 18",S2,filing,mosaic-finance.com,3,unattributed,,false,false,false,false,false,,none,,,unattributed,,false,false,false,3,false
20261007T044323216683Z-codex.both.MD10.r1-a1,both,multi_document,MD10,1,1,fact,Total contribution: US$6.01 billion between 2023 and 2029.,US$6.01 billion; 2023 and 2029,S1,filing,filing-source,1,filing,filing,false,false,true,true,false,forum; aggregator,none,,,filing,filing,true,true,false,1,false
20261007T044323216683Z-codex.both.MD10.r1-a1,both,multi_document,MD10,1,2,fact,Cash consideration: US$5.01 billion.,US$5.01 billion,S1,filing,filing-source,1,filing,filing,false,false,true,true,false,aggregator,none,,,filing,filing,true,true,false,1,false
20261007T044323216683Z-codex.both.MD10.r1-a1,both,multi_document,MD10,1,3,fact,3M common stock: US$1.00 billion.,3M; US$1.00 billion,S1,filing,filing-source,1,filing,filing,false,false,true,true,false,issuer; forum; aggregator; other,none,,,filing,filing,true,true,false,1,false
20261007T044323216683Z-codex.both.MD10.r1-a1,both,multi_document,MD10,1,4,fact,"These are the amounts stated in the August 29, 2023 Form 8-K, Item 1.01.","August 29, 2023; Form 8-K; Item 1.01",S1,filing,filing-source,3,filing,filing,false,false,true,false,false,issuer; aggregator,none,,,filing,filing,true,false,false,3,false
20261007T044323216683Z-codex.both.MD10.r1-a1,both,multi_document,MD10,1,5,fact,"Following the January 2024 amendment, 3M irrevocably elected to pay the US$1 billion stock-eligible portion in cash.",January 2024; 3M; US$1 billion,S2,filing,filing-source,1,filing,filing,false,false,true,true,false,aggregator,none,,,filing,filing,true,true,false,1,false
20261007T044323216683Z-codex.both.MD10.r1-a1,both,multi_document,MD10,1,6,fact,The settlement resulted in a US$4.2 billion pre-tax charge in Q3 2023.,US$4.2 billion; Q3 2023,S2,filing,filing-source,2,secondary,issuer,false,false,false,false,false,issuer; forum; aggregator; reference; other,none,,,filing,filing,true,true,false,1,false
20261007T044323216683Z-codex.both.MD10.r1-a1,both,multi_document,MD10,1,7,fact,"See FY2023 Form 10-K, Note 18, p. 101, reproduced in the annual report.",FY2023; Form 10-K; Note 18; p. 101,S2,filing,filing-source,3,secondary,aggregator,false,false,false,false,false,aggregator,none,,,secondary,aggregator,false,false,false,3,false
20261007T044333536384Z-codex.web.MD06.r2-a1,web,multi_document,MD06,2,1,fact,"2.3234 ExxonMobil shares per Pioneer share, under Item 1.01 of the Form 8-K filed October 11, 2023.","2.3234; ExxonMobil; Pioneer; Item 1.01; Form 8-K; October 11, 2023",S1,filing,filing-source,6,secondary,issuer,false,false,false,false,false,issuer; forum; aggregator; reference,none,,,filing,filing,true,true,false,1,false
20261007T044333536384Z-codex.web.MD06.r2-a1,web,multi_document,MD06,2,2,fact,"ExxonMobil’s fiscal 2024 Form 10-K, filed February 19, 2025.","ExxonMobil; fiscal 2024; Form 10-K; February 19, 2025",S2,issuer,ir.exxonmobil.com,3,secondary,issuer,false,true,false,false,false,issuer; forum; reference,none,,,secondary,issuer,false,false,false,3,false
20261007T044333536384Z-codex.web.MD06.r2-a1,web,multi_document,MD06,2,3,fact,"Acquisition date: May 3, 2024.","May 3, 2024",S2,issuer,ir.exxonmobil.com,1,secondary,issuer,false,true,false,true,false,issuer; other,none,,,secondary,issuer,false,true,false,1,false
20261007T044333536384Z-codex.web.MD06.r2-a1,web,multi_document,MD06,2,4,fact,ExxonMobil shares issued: 545 million.,ExxonMobil; 545 million,S2,issuer,ir.exxonmobil.com,2,secondary,issuer,false,true,false,true,false,issuer; forum; reference,none,,,secondary,issuer,false,true,false,1,false
20261007T044333536384Z-codex.web.MD06.r2-a1,web,multi_document,MD06,2,5,fact,Shares’ fair value on the acquisition date: US$63 billion.,US$63 billion,S2,issuer,ir.exxonmobil.com,1,secondary,issuer,false,true,false,true,false,issuer; forum; reference,none,,,secondary,issuer,false,true,false,1,false
20261007T044333536384Z-codex.web.MD06.r2-a1,web,multi_document,MD06,2,6,fact,Fair value of debt assumed: US$5 billion.,US$5 billion,S2,issuer,ir.exxonmobil.com,0,secondary,issuer,true,true,false,false,false,,none,,,secondary,issuer,false,false,false,0,true
20261007T044354108295Z-codex.archivist.MD06.r2-a1,archivist,multi_document,MD06,2,1,fact,"2.3234 ExxonMobil shares per Pioneer share, under Item 1.01 of the Form 8-K filed October 11, 2023.","2.3234; ExxonMobil; Pioneer; Item 1.01; Form 8-K; October 11, 2023",S1,filing,mosaic-finance.com,6,unattributed,,false,false,false,false,false,,none,,,filing,filing,true,false,false,1,false
20261007T044354108295Z-codex.archivist.MD06.r2-a1,archivist,multi_document,MD06,2,2,fact,"The fiscal 2024 Form 10-K filed February 19, 2025 reports:","fiscal 2024; Form 10-K; February 19, 2025",S2,filing,mosaic-finance.com,2,unattributed,,false,false,false,false,false,,none,,,unattributed,,false,false,false,2,false
20261007T044354108295Z-codex.archivist.MD06.r2-a1,archivist,multi_document,MD06,2,3,fact,"Acquisition date: May 3, 2024.","May 3, 2024",S2,filing,mosaic-finance.com,1,filing,filing,false,false,true,false,false,,none,,,filing,filing,true,false,false,1,false
20261007T044354108295Z-codex.archivist.MD06.r2-a1,archivist,multi_document,MD06,2,4,fact,ExxonMobil shares issued: 545 million.,ExxonMobil; 545 million,S2,filing,mosaic-finance.com,2,filing,filing,false,false,true,false,false,,none,,,filing,filing,true,false,false,1,false
20261007T044354108295Z-codex.archivist.MD06.r2-a1,archivist,multi_document,MD06,2,5,fact,Acquisition-date fair value of those shares: US$63 billion.,US$63 billion,S2,filing,mosaic-finance.com,1,filing,filing,false,false,true,false,false,,none,,,filing,filing,true,false,false,1,false
20261007T044354108295Z-codex.archivist.MD06.r2-a1,archivist,multi_document,MD06,2,6,fact,Fair value of debt assumed: US$5 billion.,US$5 billion,S2,filing,mosaic-finance.com,0,filing,filing,true,false,false,false,false,,none,,,filing,filing,false,false,false,0,true
20261007T044355615078Z-codex.both.MD06.r2-a1,both,multi_document,MD06,2,1,fact,2.3234 ExxonMobil shares per Pioneer share.,2.3234; ExxonMobil; Pioneer,S1,filing,filing-source,3,filing,filing,false,false,true,true,false,issuer; forum; aggregator; reference; other,none,,,filing,filing,true,true,false,1,false
20261007T044355615078Z-codex.both.MD06.r2-a1,both,multi_document,MD06,2,2,fact,"Form 8-K, Item 1.01, filed October 11, 2023.","Form 8-K; Item 1.01; October 11, 2023",S1,filing,filing-source,3,secondary,issuer,false,false,false,true,false,issuer,none,,,secondary,issuer,false,true,false,3,false
20261007T044355615078Z-codex.both.MD06.r2-a1,both,multi_document,MD06,2,3,fact,"Acquisition date: May 3, 2024.","May 3, 2024",S2,issuer,investor.exxonmobil.com,1,filing,filing,false,true,true,true,false,issuer; aggregator; news; reference; other,none,,,filing,filing,true,true,false,1,false
20261007T044355615078Z-codex.both.MD06.r2-a1,both,multi_document,MD06,2,4,fact,ExxonMobil shares issued: 545 million.,ExxonMobil; 545 million,S2,issuer,investor.exxonmobil.com,2,filing,filing,false,true,true,true,false,issuer; forum; reference; other,none,,,filing,filing,true,true,false,1,false
20261007T044355615078Z-codex.both.MD06.r2-a1,both,multi_document,MD06,2,5,fact,Acquisition-date fair value of shares issued: US$63 billion.,US$63 billion,S2,issuer,investor.exxonmobil.com,1,filing,filing,false,true,true,true,false,issuer; aggregator; reference,none,,,filing,filing,true,true,false,1,false
20261007T044355615078Z-codex.both.MD06.r2-a1,both,multi_document,MD06,2,6,fact,Fair value of debt assumed: US$5 billion.,US$5 billion,S2,issuer,investor.exxonmobil.com,0,secondary,issuer,true,true,false,false,false,,none,,,secondary,issuer,false,false,false,0,true
20261007T044355615078Z-codex.both.MD06.r2-a1,both,multi_document,MD06,2,7,fact,"ExxonMobil’s fiscal 2024 Form 10-K, Note 21, filed February 19, 2025.","ExxonMobil; fiscal 2024; Form 10-K; Note 21; February 19, 2025",S2,issuer,investor.exxonmobil.com,4,secondary,issuer,false,true,false,true,false,issuer; forum; aggregator; reference; other,none,,,secondary,issuer,false,true,false,4,false
20261007T044422144272Z-codex.web.MD07.r2-a1,web,multi_document,MD07,2,1,fact,US$95.00 per share.,US$95.00,S1,filing,filing-source,1,filing,filing,false,false,true,true,false,issuer; forum; aggregator; news; reference,none,,,filing,filing,true,true,false,1,false
20261007T044422144272Z-codex.web.MD07.r2-a1,web,multi_document,MD07,2,2,fact,"US$68.7 billion, inclusive of Activision Blizzard’s net cash.",US$68.7 billion; Activision Blizzard,S1,filing,filing-source,2,filing,filing,false,false,true,true,false,issuer; forum; aggregator; news; reference,none,,,filing,filing,true,true,false,1,false
20261007T044422144272Z-codex.web.MD07.r2-a1,web,multi_document,MD07,2,3,fact,"Both figures appear in Microsoft’s January 18, 2022 Form 8-K, Item 7.01.","Microsoft; January 18, 2022; Form 8-K; Item 7.01",S1,filing,filing-source,4,filing,filing,false,false,true,true,false,issuer; forum; aggregator; news; reference,none,,,filing,filing,true,true,false,4,false
20261007T044422144272Z-codex.web.MD07.r2-a1,web,multi_document,MD07,2,4,fact,"Completed October 13, 2023.","October 13, 2023",S2,issuer,microsoft.com,1,secondary,issuer,false,true,false,true,false,issuer,none,,,secondary,issuer,false,true,false,1,false
20261007T044422144272Z-codex.web.MD07.r2-a1,web,multi_document,MD07,2,5,fact,Total purchase price: US$75.4 billion (US$75.408 billion in the allocation table).,US$75.4 billion; US$75.408 billion,S2,issuer,microsoft.com,2,filing,filing,false,true,true,true,false,issuer,none,,,filing,filing,true,true,false,2,false
20261007T044422144272Z-codex.web.MD07.r2-a1,web,multi_document,MD07,2,6,fact,"Preliminary goodwill: US$50,969 million.","US$50,969 million",S2,issuer,microsoft.com,1,filing,filing,false,true,true,true,false,issuer; aggregator,none,,,filing,filing,true,true,false,1,false
20261007T044422144272Z-codex.web.MD07.r2-a1,web,multi_document,MD07,2,7,fact,"These figures appear in Microsoft’s fiscal 2024 Form 10-K, Note 8—Business Combinations.",Microsoft; fiscal 2024 Form 10-K; Note 8—Business Combinations,S2,issuer,microsoft.com,3,secondary,issuer,false,true,false,false,false,issuer; forum; aggregator; news; reference,none,,,secondary,issuer,false,false,false,3,false
20261007T044430080243Z-codex.archivist.MD07.r2-a1,archivist,multi_document,MD07,2,1,fact,US$95.00 per share.,US$95.00,S1,filing,mosaic-finance.com,1,filing,filing,false,false,true,false,false,,none,,,filing,filing,true,false,false,1,false
20261007T044430080243Z-codex.archivist.MD07.r2-a1,archivist,multi_document,MD07,2,2,fact,"US$68.7 billion, inclusive of Activision Blizzard’s net cash.",US$68.7 billion; Activision Blizzard,S1,filing,mosaic-finance.com,2,filing,filing,false,false,true,false,false,,none,,,filing,filing,true,false,false,1,false
20261007T044430080243Z-codex.archivist.MD07.r2-a1,archivist,multi_document,MD07,2,3,fact,"Microsoft’s January 18, 2022 Form 8-K, Item 7.01","Microsoft; January 18, 2022; Form 8-K; Item 7.01",S1,filing,mosaic-finance.com,4,filing,filing,false,false,true,false,false,,none,,,filing,filing,true,false,false,4,false
20261007T044430080243Z-codex.archivist.MD07.r2-a1,archivist,multi_document,MD07,2,4,fact,"October 13, 2023.","October 13, 2023",S2,filing,mosaic-finance.com,1,filing,filing,false,false,true,false,false,,none,,,filing,filing,true,false,false,1,false
20261007T044430080243Z-codex.archivist.MD07.r2-a1,archivist,multi_document,MD07,2,5,fact,US$75.4 billion.,US$75.4 billion,S2,filing,mosaic-finance.com,1,filing,filing,false,false,true,false,false,,none,,,filing,filing,true,false,false,1,false
20261007T044430080243Z-codex.archivist.MD07.r2-a1,archivist,multi_document,MD07,2,6,fact,"US$50,969 million preliminarily allocated to goodwill.","US$50,969 million",S2,filing,mosaic-finance.com,1,unattributed,,false,false,false,false,false,,none,,,unattributed,,false,false,false,1,false
20261007T044430080243Z-codex.archivist.MD07.r2-a1,archivist,multi_document,MD07,2,7,fact,"Microsoft’s fiscal 2024 Form 10-K, filed July 30, 2024, Note 8—Business Combinations","Microsoft; fiscal 2024; Form 10-K; July 30, 2024; Note 8—Business Combinations",S2,filing,mosaic-finance.com,4,unattributed,,false,false,false,false,false,,none,,,unattributed,,false,false,false,4,false
20261007T044449479695Z-codex.both.MD07.r2-a1,both,multi_document,MD07,2,1,fact,US$95.00 per share.,US$95.00,S1,filing,filing-source,1,filing,filing,false,false,true,true,false,issuer; forum; news; reference,none,,,filing,filing,true,true,false,1,false
20261007T044449479695Z-codex.both.MD07.r2-a1,both,multi_document,MD07,2,2,fact,"US$68.7 billion, inclusive of Activision Blizzard’s net cash.",US$68.7 billion; Activision Blizzard,S1,filing,filing-source,2,filing,filing,false,false,true,true,false,issuer; forum; aggregator; news; reference,none,,,filing,filing,true,true,false,1,false
20261007T044449479695Z-codex.both.MD07.r2-a1,both,multi_document,MD07,2,3,fact,"Both figures appear in Microsoft’s January 18, 2022 Form 8-K, Item 7.01.","Microsoft; January 18, 2022; Form 8-K; Item 7.01",S1,filing,filing-source,4,filing,filing,false,false,true,false,false,issuer; forum; news; reference,none,,,filing,filing,true,false,false,4,false
20261007T044449479695Z-codex.both.MD07.r2-a1,both,multi_document,MD07,2,4,fact,"Completed October 13, 2023.","October 13, 2023",S2,issuer,microsoft.com,1,filing,filing,false,true,true,true,false,issuer,none,,,filing,filing,true,true,false,1,false
20261007T044449479695Z-codex.both.MD07.r2-a1,both,multi_document,MD07,2,5,fact,Total purchase price: US$75.4 billion.,US$75.4 billion,S2,issuer,microsoft.com,1,filing,filing,false,true,true,true,false,issuer; reference,none,,,filing,filing,true,true,false,1,false
20261007T044449479695Z-codex.both.MD07.r2-a1,both,multi_document,MD07,2,6,fact,"Preliminary goodwill allocation: US$50,969 million.","US$50,969 million",S2,issuer,microsoft.com,1,filing,filing,false,true,true,true,false,issuer; aggregator; other,none,,,filing,filing,true,true,false,1,false
20261007T044449479695Z-codex.both.MD07.r2-a1,both,multi_document,MD07,2,7,fact,"These appear in Microsoft’s fiscal 2024 annual report, Note 8—Business Combinations.",Microsoft; fiscal 2024 annual report; Note 8—Business Combinations,S2,issuer,microsoft.com,3,secondary,issuer,false,true,false,false,false,issuer; forum; news; reference,none,,,secondary,issuer,false,false,false,3,false
20261007T044450930872Z-codex.web.MD08.r2-a1,web,multi_document,MD08,2,1,fact,"The week of September 25, 2023. September 18, 2023 Form 8-K, Item 8.01","September 25, 2023; September 18, 2023; Form 8-K; Item 8.01",S1,filing,filing-source,4,secondary,news,false,false,false,false,false,news,none,,,secondary,news,false,false,false,4,false
20261007T044450930872Z-codex.web.MD08.r2-a1,web,multi_document,MD08,2,2,fact,"Fiscal 2024 net sales: US$7,093 million. Fiscal 2024 Form 10-K, Exhibit 99.1, Consolidated Results","Fiscal 2024; US$7,093 million; Form 10-K; Exhibit 99.1; Consolidated Results",S2,filing,filing-source,4,filing,filing,false,false,true,false,false,aggregator; news; reference,none,,,filing,filing,true,false,false,1,false
20261007T044450930872Z-codex.web.MD08.r2-a1,web,multi_document,MD08,2,3,fact,"Incremental cyberattack costs, net of insurance recoveries: approximately US$29 million.",approximately US$29 million,,,,1,filing,filing,false,false,true,true,false,issuer; forum; aggregator,none,,,filing,filing,true,true,false,1,false
20261007T044450930872Z-codex.web.MD08.r2-a1,web,multi_document,MD08,2,4,fact,"Cyberattack insurance recoveries recorded: US$30 million. Fiscal 2024 Form 10-K, Exhibit 99.1, “Cyberattack”",US$30 million; Fiscal 2024; Form 10-K; Exhibit 99.1; Cyberattack,S2,filing,filing-source,3,filing,filing,false,false,true,true,false,issuer; forum; aggregator; news; reference,none,,,filing,filing,true,true,false,3,false
20261007T044450930872Z-codex.web.MD08.r2-a1,web,multi_document,MD08,2,5,fact,Implied gross incremental cost before insurance recoveries: approximately US$59 million ($29 million + $30 million).,approximately US$59 million; $29 million; $30 million,,,,2,secondary,issuer,false,false,false,false,false,issuer; forum; aggregator,none,,,secondary,issuer,false,false,false,2,false
20261007T044509487147Z-codex.archivist.MD08.r2-a1,archivist,multi_document,MD08,2,1,fact,"The week of September 25, 2023, according to the September 18, 2023 8-K, Item 8.01.","September 25, 2023; September 18, 2023; 8-K; Item 8.01",S1,filing,mosaic-finance.com,3,unattributed,,false,false,false,false,false,,none,,,unattributed,,false,false,false,3,false
20261007T044509487147Z-codex.archivist.MD08.r2-a1,archivist,multi_document,MD08,2,2,fact,"For fiscal 2024, ended June 30, 2024, all amounts below are US$ millions.","fiscal 2024; June 30, 2024; US$ millions",,,,2,unattributed,,false,false,false,false,false,,none,,,unattributed,,false,false,false,2,false
20261007T044509487147Z-codex.archivist.MD08.r2-a1,archivist,multi_document,MD08,2,3,fact,"Net sales: 7,093.","7,093",S2,filing,mosaic-finance.com,1,filing,filing,false,false,true,false,false,,none,,,filing,filing,true,false,false,1,false
20261007T044509487147Z-codex.archivist.MD08.r2-a1,archivist,multi_document,MD08,2,4,fact,"Incremental cyberattack costs, net of insurance recoveries: Approximately 29.",Approximately 29,S3,filing,mosaic-finance.com,1,filing,filing,false,false,true,false,false,,none,,,filing,filing,true,false,false,1,false
20261007T044509487147Z-codex.archivist.MD08.r2-a1,archivist,multi_document,MD08,2,5,fact,Cyberattack insurance recoveries recorded: 30.,30,S3,filing,mosaic-finance.com,0,filing,filing,true,false,false,false,false,,none,,,filing,filing,false,false,false,0,true
20261007T044509487147Z-codex.archivist.MD08.r2-a1,archivist,multi_document,MD08,2,6,fact,Implied gross incremental costs before recoveries: 29 + 30 — Approximately 59. Part (e) is calculated from the disclosed figures.,29; 30; Approximately 59,S3,filing,mosaic-finance.com,2,unattributed,,false,false,false,false,false,,none,,,unattributed,,false,false,false,2,false
20261007T044517597816Z-codex.both.MD08.r2-a1,both,multi_document,MD08,2,1,fact,"The week of September 25, 2023.","September 25, 2023",S1,filing,filing-source,1,unattributed,,false,false,false,false,false,,none,,,unattributed,,false,false,false,1,false
20261007T044517597816Z-codex.both.MD08.r2-a1,both,multi_document,MD08,2,2,fact,"Fiscal 2024 net sales: US$7,093 million.","Fiscal 2024; US$7,093 million",,,,1,filing,filing,false,false,true,false,false,,none,,,filing,filing,true,false,false,1,false
20261007T044517597816Z-codex.both.MD08.r2-a1,both,multi_document,MD08,2,3,fact,"Incremental cyberattack costs, net of insurance recoveries: approximately US$29 million.",approximately US$29 million,,,,1,filing,filing,false,false,true,true,false,issuer; forum; aggregator,none,,,filing,filing,true,true,false,1,false
20261007T044517597816Z-codex.both.MD08.r2-a1,both,multi_document,MD08,2,4,fact,Cyberattack insurance recoveries recorded in fiscal 2024: US$30 million.,fiscal 2024; US$30 million,S2,filing,filing-source,0,filing,filing,true,false,false,false,false,,none,,,filing,filing,false,false,false,0,true
20261007T044517597816Z-codex.both.MD08.r2-a1,both,multi_document,MD08,2,5,fact,Implied gross incremental cost before insurance recoveries: approximately US$59 million (= US$29 million + US$30 million).,approximately US$59 million; US$29 million; US$30 million,,,,2,secondary,issuer,false,false,false,false,false,issuer; forum; aggregator,none,,,secondary,issuer,false,false,false,2,false
20261007T044535734997Z-codex.web.MD09.r2-a1,web,multi_document,MD09,2,1,fact,"Approximately 11,000 employees.","11,000 employees",S1,filing,filing-source,1,filing,filing,false,false,true,true,false,forum,none,,,filing,filing,true,true,false,1,false
20261007T044535734997Z-codex.web.MD09.r2-a1,web,multi_document,MD09,2,2,fact,US$85–87 billion in full-year 2022 total expenses.,US$85–87 billion,S1,filing,filing-source,2,filing,filing,false,false,true,true,false,issuer; forum; reference,none,,,filing,filing,true,true,false,2,false
20261007T044535734997Z-codex.web.MD09.r2-a1,web,multi_document,MD09,2,3,fact,"Both figures appear in Meta’s November 9, 2022 Form 8-K.","Meta; November 9, 2022; Form 8-K",S1,filing,filing-source,3,filing,filing,false,false,true,true,false,issuer; forum; aggregator; reference,none,,,filing,filing,true,true,false,3,false
20261007T044535734997Z-codex.web.MD09.r2-a1,web,multi_document,MD09,2,4,fact,"Actual 2022 total costs and expenses: US$87,665 million.","US$87,665 million",S2,filing,filing-source,1,filing,filing,false,false,true,true,false,issuer; aggregator,none,,,filing,filing,true,true,false,1,false
20261007T044535734997Z-codex.web.MD09.r2-a1,web,multi_document,MD09,2,5,fact,"Headcount at December 31, 2022: 86,482.","December 31, 2022; 86,482",S2,filing,filing-source,2,filing,filing,false,false,true,true,false,issuer; aggregator; reference,none,,,filing,filing,true,true,false,1,false
20261007T044535734997Z-codex.web.MD09.r2-a1,web,multi_document,MD09,2,6,fact,Both figures appear in Meta’s fiscal 2022 Form 10-K.,Meta; fiscal 2022 Form 10-K,S2,filing,filing-source,2,secondary,issuer,false,false,false,false,false,issuer; forum; aggregator; reference,none,,,secondary,issuer,false,false,false,2,false
20261007T044535734997Z-codex.web.MD09.r2-a1,web,multi_document,MD09,2,7,fact,"Actual expenses exceeded the outlook’s upper bound by US$665 million: 87,665 − 87,000 = 665.","US$665 million; 87,665; 87,000; 665",,,,4,secondary,issuer,false,false,false,false,false,issuer; forum; aggregator; reference,none,,,secondary,issuer,false,false,false,4,false
20261007T044538682505Z-codex.archivist.MD09.r2-a1,archivist,multi_document,MD09,2,1,fact,"Approximately 11,000 employees.","11,000 employees",,,,1,filing,filing,false,false,true,false,false,,none,,,filing,filing,true,false,false,1,false
20261007T044538682505Z-codex.archivist.MD09.r2-a1,archivist,multi_document,MD09,2,2,fact,"Full-year 2022 expense outlook: US$85–87 billion, reaffirmed unchanged.",US$85–87 billion,S1,filing,mosaic-finance.com,2,filing,filing,false,false,true,false,false,,none,,,filing,filing,true,false,false,2,false
20261007T044538682505Z-codex.archivist.MD09.r2-a1,archivist,multi_document,MD09,2,3,fact,"8-K filed November 9, 2022, Item 7.01","8-K; November 9, 2022; Item 7.01",S1,filing,mosaic-finance.com,2,filing,filing,false,false,true,false,false,,none,,,filing,filing,true,false,false,2,false
20261007T044538682505Z-codex.archivist.MD09.r2-a1,archivist,multi_document,MD09,2,4,fact,"Actual 2022 total costs and expenses: US$87,665 million.","US$87,665 million",,,,1,filing,filing,false,false,true,false,false,,none,,,filing,filing,true,false,false,1,false
20261007T044538682505Z-codex.archivist.MD09.r2-a1,archivist,multi_document,MD09,2,5,fact,"Headcount at December 31, 2022: 86,482.","December 31, 2022; 86,482",S2,filing,mosaic-finance.com,2,filing,filing,false,false,true,false,false,,none,,,filing,filing,true,false,false,1,false
20261007T044538682505Z-codex.archivist.MD09.r2-a1,archivist,multi_document,MD09,2,6,fact,"2022 10-K filed February 2, 2023, MD&A","10-K; February 2, 2023; MD&A",S2,filing,mosaic-finance.com,2,unattributed,,false,false,false,false,false,,none,,,unattributed,,false,false,false,2,false
20261007T044538682505Z-codex.archivist.MD09.r2-a1,archivist,multi_document,MD09,2,7,fact,"Actual expenses exceeded the outlook’s upper bound by US$665 million: 87,665 − 87,000 = 665.","US$665 million; 87,665; 87,000; 665",,,,4,unattributed,,false,false,false,false,false,,none,,,unattributed,,false,false,false,4,false
20261007T044557744447Z-codex.both.MD09.r2-a1,both,multi_document,MD09,2,1,fact,"Approximately 11,000 employees.","11,000 employees",S1,filing,filing-source,1,filing,filing,false,false,true,true,false,aggregator,none,,,filing,filing,true,true,false,1,false
20261007T044557744447Z-codex.both.MD09.r2-a1,both,multi_document,MD09,2,2,fact,US$85–87 billion in full-year 2022 total expenses.,US$85–87 billion,S1,filing,filing-source,2,filing,filing,false,false,true,true,false,issuer; forum; aggregator; reference,none,,,filing,filing,true,true,false,2,false
20261007T044557744447Z-codex.both.MD09.r2-a1,both,multi_document,MD09,2,3,fact,"Both figures appear in Meta’s November 9, 2022 Form 8-K.","Meta; November 9, 2022; Form 8-K",S1,filing,filing-source,3,filing,filing,false,false,true,true,false,issuer; forum; aggregator; reference,none,,,filing,filing,true,true,false,3,false
20261007T044557744447Z-codex.both.MD09.r2-a1,both,multi_document,MD09,2,4,fact,"Actual 2022 total costs and expenses: US$87,665 million.","US$87,665 million",S2,filing,filing-source,1,filing,filing,false,false,true,true,false,issuer; aggregator,none,,,filing,filing,true,true,false,1,false
20261007T044557744447Z-codex.both.MD09.r2-a1,both,multi_document,MD09,2,5,fact,"Headcount at December 31, 2022: 86,482.","December 31, 2022; 86,482",S2,filing,filing-source,2,filing,filing,false,false,true,true,false,issuer; aggregator,none,,,filing,filing,true,true,false,1,false
20261007T044557744447Z-codex.both.MD09.r2-a1,both,multi_document,MD09,2,6,fact,Both figures appear in Meta’s fiscal 2022 Form 10-K.,Meta; Form 10-K,S2,filing,filing-source,2,filing,filing,false,false,true,true,false,issuer; forum; aggregator; reference,none,,,filing,filing,true,true,false,2,false
20261007T044557744447Z-codex.both.MD09.r2-a1,both,multi_document,MD09,2,7,fact,"Actual expenses exceeded the outlook’s upper limit by US$665 million: 87,665 − 87,000 = 665.","US$665 million; 87,665; 87,000; 665",,,,4,secondary,issuer,false,false,false,false,false,issuer; forum; aggregator; reference,none,,,secondary,issuer,false,false,false,4,false
20261007T044606411018Z-codex.web.MD10.r2-a1,web,multi_document,MD10,2,1,fact,Total contribution: US$6.01 billion.,US$6.01 billion,S1,filing,filing-source,1,filing,filing,false,false,true,false,false,,none,,,filing,filing,true,false,false,1,false
20261007T044606411018Z-codex.web.MD10.r2-a1,web,multi_document,MD10,2,2,fact,Cash consideration: US$5.01 billion.,US$5.01 billion,S1,filing,filing-source,1,filing,filing,false,false,true,false,false,,none,,,filing,filing,true,false,false,1,false
20261007T044606411018Z-codex.web.MD10.r2-a1,web,multi_document,MD10,2,3,fact,3M common stock: US$1.00 billion.,3M; US$1.00 billion,S1,filing,filing-source,1,filing,filing,false,false,true,true,false,issuer; forum; other,none,,,filing,filing,true,true,false,1,false
20261007T044606411018Z-codex.web.MD10.r2-a1,web,multi_document,MD10,2,4,fact,"These are the amounts stated in Item 1.01 of the August 29, 2023 Form 8-K.","Item 1.01; August 29, 2023; Form 8-K",S1,filing,filing-source,3,filing,filing,false,false,true,false,false,issuer,none,,,filing,filing,true,false,false,3,false
20261007T044606411018Z-codex.web.MD10.r2-a1,web,multi_document,MD10,2,5,fact,"After the January 2024 amendment, 3M irrevocably elected to pay the US$1 billion stock-eligible portion in cash.",January 2024; 3M; US$1 billion,S2,issuer,investors.3m.com,1,filing,filing,false,true,true,true,false,issuer,none,,,filing,filing,true,true,false,1,false
20261007T044606411018Z-codex.web.MD10.r2-a1,web,multi_document,MD10,2,6,fact,Third-quarter 2023 pre-tax settlement charge: US$4.2 billion.,Third-quarter 2023; US$4.2 billion,S2,issuer,investors.3m.com,2,secondary,issuer,false,true,false,false,false,issuer; other,none,,,filing,filing,true,true,false,1,false
20261007T044606411018Z-codex.web.MD10.r2-a1,web,multi_document,MD10,2,7,fact,"Both are disclosed in Note 18 of the fiscal 2023 Form 10-K, p. 101.",Note 18; fiscal 2023 Form 10-K; p. 101,S2,issuer,investors.3m.com,3,secondary,issuer,false,true,false,false,false,issuer,none,,,secondary,issuer,false,false,false,3,false
20261007T044614949220Z-codex.archivist.MD10.r2-a1,archivist,multi_document,MD10,2,1,fact,US$6.01 billion total contribution between 2023 and 2029.,US$6.01 billion; between 2023 and 2029,S1,filing,mosaic-finance.com,2,filing,filing,false,false,true,false,false,,none,,,filing,filing,true,false,false,1,false
20261007T044614949220Z-codex.archivist.MD10.r2-a1,archivist,multi_document,MD10,2,2,fact,US$5.01 billion in cash consideration.,US$5.01 billion,S1,filing,mosaic-finance.com,1,filing,filing,false,false,true,false,false,,none,,,filing,filing,true,false,false,1,false
20261007T044614949220Z-codex.archivist.MD10.r2-a1,archivist,multi_document,MD10,2,3,fact,US$1.00 billion in 3M common stock.,US$1.00 billion; 3M,S1,filing,mosaic-finance.com,1,filing,filing,false,false,true,false,false,,none,,,filing,filing,true,false,false,1,false
20261007T044614949220Z-codex.archivist.MD10.r2-a1,archivist,multi_document,MD10,2,4,fact,"Form 8-K filed August 29, 2023, Item 1.01.","Form 8-K; August 29, 2023; Item 1.01",S1,filing,mosaic-finance.com,3,unattributed,,false,false,false,false,false,,none,,,unattributed,,false,false,false,3,false
20261007T044614949220Z-codex.archivist.MD10.r2-a1,archivist,multi_document,MD10,2,5,fact,"Following the January 2024 amendment, 3M irrevocably elected to pay the US$1 billion optional stock portion in cash.",January 2024; 3M; US$1 billion,S2,filing,mosaic-finance.com,1,filing,filing,false,false,true,false,false,,none,,,filing,filing,true,false,false,1,false
20261007T044614949220Z-codex.archivist.MD10.r2-a1,archivist,multi_document,MD10,2,6,fact,3M recorded a US$4.2 billion pre-tax charge in Q3 2023.,3M; US$4.2 billion; Q3 2023,S2,filing,mosaic-finance.com,2,unattributed,,false,false,false,false,false,,none,,,filing,filing,true,false,false,1,false
20261007T044614949220Z-codex.archivist.MD10.r2-a1,archivist,multi_document,MD10,2,7,fact,"Fiscal 2023 Form 10-K filed February 7, 2024, CAE settlement discussion.","Fiscal 2023; Form 10-K; February 7, 2024; CAE",S2,filing,mosaic-finance.com,3,unattributed,,false,false,false,false,false,,none,,,unattributed,,false,false,false,3,false
20261007T044628872122Z-codex.both.MD10.r2-a1,both,multi_document,MD10,2,1,fact,"US$6.01 billion total, per Item 1.01 of the August 29, 2023 Form 8-K.","US$6.01 billion; Item 1.01; August 29, 2023; Form 8-K",S1,filing,filing-source,4,filing,filing,false,false,true,false,false,issuer; forum; aggregator; news,none,,,filing,filing,true,true,false,1,false
20261007T044628872122Z-codex.both.MD10.r2-a1,both,multi_document,MD10,2,2,fact,"US$5.01 billion in cash consideration, per Item 1.01 of the August 29, 2023 Form 8-K.","US$5.01 billion; Item 1.01; August 29, 2023; Form 8-K",S1,filing,filing-source,4,filing,filing,false,false,true,false,false,issuer; forum; aggregator; news,none,,,filing,filing,true,true,false,1,false
20261007T044628872122Z-codex.both.MD10.r2-a1,both,multi_document,MD10,2,3,fact,"US$1.00 billion in 3M common stock, per Item 1.01 of the August 29, 2023 Form 8-K.","US$1.00 billion; 3M; Item 1.01; August 29, 2023; Form 8-K",S1,filing,filing-source,4,filing,filing,false,false,true,false,false,issuer; forum; aggregator; news; other,none,,,filing,filing,true,true,false,1,false
20261007T044628872122Z-codex.both.MD10.r2-a1,both,multi_document,MD10,2,4,fact,"After the January 2024 amendment, 3M irrevocably elected to pay the US$1 billion stock-eligible portion in cash.",January 2024; 3M; US$1 billion,S2,issuer,investors.3m.com,1,filing,filing,false,true,true,true,false,issuer,none,,,filing,filing,true,true,false,1,false
20261007T044628872122Z-codex.both.MD10.r2-a1,both,multi_document,MD10,2,5,fact,"US$4.2 billion pre-tax charge recorded in Q3 2023. See Note 18, p. 101 of the fiscal 2023 Form 10-K.",US$4.2 billion; Q3 2023; Note 18; p. 101; fiscal 2023 Form 10-K,S2,issuer,investors.3m.com,5,secondary,issuer,false,true,false,false,false,issuer; other,none,,,filing,filing,true,true,false,1,false
20261007T044638177862Z-codex.web.MD06.r3-a1,web,multi_document,MD06,3,1,fact,2.3234 ExxonMobil shares per Pioneer share.,2.3234; ExxonMobil; Pioneer,S1,filing,filing-source,3,filing,filing,false,false,true,true,false,issuer; forum; reference,none,,,filing,filing,true,true,false,1,false
20261007T044638177862Z-codex.web.MD06.r3-a1,web,multi_document,MD06,3,2,fact,"Form 8-K, October 11, 2023, Item 1.01","Form 8-K; October 11, 2023; Item 1.01",S1,filing,filing-source,3,filing,filing,false,false,true,true,false,issuer,none,,,filing,filing,true,true,false,3,false
20261007T044638177862Z-codex.web.MD06.r3-a1,web,multi_document,MD06,3,3,fact,ExxonMobil’s fiscal 2024 Form 10-K reports the acquisition in the “Mergers and Acquisitions” note.,ExxonMobil; fiscal 2024; Form 10-K; Mergers and Acquisitions,S2,filing,filing-source,3,filing,filing,false,false,true,false,false,issuer; forum; reference,none,,,filing,filing,true,false,false,3,false
20261007T044638177862Z-codex.web.MD06.r3-a1,web,multi_document,MD06,3,4,fact,"Acquisition date: May 3, 2024.","May 3, 2024",S2,filing,filing-source,1,filing,filing,false,false,true,true,false,issuer,none,,,filing,filing,true,true,false,1,false
20261007T044638177862Z-codex.web.MD06.r3-a1,web,multi_document,MD06,3,5,fact,ExxonMobil shares issued: 545 million.,ExxonMobil; 545 million,S2,filing,filing-source,2,filing,filing,false,false,true,true,false,issuer; forum; reference,none,,,filing,filing,true,true,false,1,false
20261007T044638177862Z-codex.web.MD06.r3-a1,web,multi_document,MD06,3,6,fact,Acquisition-date fair value of those shares: US$63 billion.,US$63 billion,S2,filing,filing-source,1,filing,filing,false,false,true,true,false,issuer; forum,none,,,filing,filing,true,true,false,1,false
20261007T044638177862Z-codex.web.MD06.r3-a1,web,multi_document,MD06,3,7,fact,Fair value of debt assumed: US$5 billion.,US$5 billion,S2,filing,filing-source,0,filing,filing,true,false,false,false,false,,none,,,filing,filing,false,false,false,0,true
20261007T044648936829Z-codex.archivist.MD06.r3-a1,archivist,multi_document,MD06,3,1,fact,"2.3234 ExxonMobil shares per Pioneer share, per Item 1.01 of the 8-K filed October 11, 2023.","2.3234; ExxonMobil; Pioneer; Item 1.01; 8-K; October 11, 2023",S1,filing,mosaic-finance.com,5,unattributed,,false,false,false,false,false,,none,,,filing,filing,true,false,false,1,false
20261007T044648936829Z-codex.archivist.MD06.r3-a1,archivist,multi_document,MD06,3,2,fact,"ExxonMobil’s fiscal 2024 10-K, filed February 19, 2025, contains Note 21.","ExxonMobil; fiscal 2024; 10-K; February 19, 2025; Note 21",S2,filing,mosaic-finance.com,3,unattributed,,false,false,false,false,false,,none,,,unattributed,,false,false,false,3,false
20261007T044648936829Z-codex.archivist.MD06.r3-a1,archivist,multi_document,MD06,3,3,fact,"Acquisition date: May 3, 2024.","May 3, 2024",S2,filing,mosaic-finance.com,1,filing,filing,false,false,true,false,false,,none,,,filing,filing,true,false,false,1,false
20261007T044648936829Z-codex.archivist.MD06.r3-a1,archivist,multi_document,MD06,3,4,fact,ExxonMobil shares issued: 545 million.,ExxonMobil; 545 million,S2,filing,mosaic-finance.com,2,filing,filing,false,false,true,false,false,,none,,,filing,filing,true,false,false,1,false
20261007T044648936829Z-codex.archivist.MD06.r3-a1,archivist,multi_document,MD06,3,5,fact,Shares’ acquisition-date fair value: US$63 billion.,US$63 billion,S2,filing,mosaic-finance.com,1,filing,filing,false,false,true,false,false,,none,,,filing,filing,true,false,false,1,false
20261007T044648936829Z-codex.archivist.MD06.r3-a1,archivist,multi_document,MD06,3,6,fact,Fair value of debt assumed: US$5 billion.,US$5 billion,S2,filing,mosaic-finance.com,0,filing,filing,true,false,false,false,false,,none,,,filing,filing,false,false,false,0,true
20261007T044658878533Z-codex.both.MD06.r3-a1,both,multi_document,MD06,3,1,fact,2.3234 ExxonMobil shares per Pioneer share.,2.3234; ExxonMobil; Pioneer,S1,issuer,investor.exxonmobil.com,3,filing,filing,false,true,true,true,false,issuer; forum; reference; other,none,,,filing,filing,true,true,false,1,false
20261007T044658878533Z-codex.both.MD06.r3-a1,both,multi_document,MD06,3,2,fact,"Form 8-K filed October 11, 2023, Item 1.01.","Form 8-K; October 11, 2023; Item 1.01",S1,issuer,investor.exxonmobil.com,3,secondary,issuer,false,true,false,true,false,issuer,none,,,secondary,issuer,false,true,false,3,false
20261007T044658878533Z-codex.both.MD06.r3-a1,both,multi_document,MD06,3,3,fact,"ExxonMobil’s fiscal 2024 Form 10-K, filed February 19, 2025.","ExxonMobil; fiscal 2024; Form 10-K; February 19, 2025",S2,issuer,investor.exxonmobil.com,3,secondary,issuer,false,true,false,true,false,issuer; forum; reference; other,none,,,secondary,issuer,false,true,false,3,false
20261007T044658878533Z-codex.both.MD06.r3-a1,both,multi_document,MD06,3,4,fact,"Acquisition date: May 3, 2024.","May 3, 2024",S2,issuer,investor.exxonmobil.com,1,filing,filing,false,true,true,true,false,issuer,none,,,filing,filing,true,true,false,1,false
20261007T044658878533Z-codex.both.MD06.r3-a1,both,multi_document,MD06,3,5,fact,ExxonMobil shares issued: 545 million.,ExxonMobil; 545 million,S2,issuer,investor.exxonmobil.com,2,filing,filing,false,true,true,true,false,issuer; forum; reference; other,none,,,filing,filing,true,true,false,1,false
20261007T044658878533Z-codex.both.MD06.r3-a1,both,multi_document,MD06,3,6,fact,Acquisition-date fair value of those shares: US$63 billion.,US$63 billion,S2,issuer,investor.exxonmobil.com,1,filing,filing,false,true,true,true,false,issuer,none,,,filing,filing,true,true,false,1,false
20261007T044658878533Z-codex.both.MD06.r3-a1,both,multi_document,MD06,3,7,fact,Fair value of debt assumed: US$5 billion.,US$5 billion,S2,issuer,investor.exxonmobil.com,0,secondary,issuer,true,true,false,false,false,,none,,,secondary,issuer,false,false,false,0,true
20261007T044721936940Z-codex.web.MD07.r3-a1,web,multi_document,MD07,3,1,fact,US$95.00 per share.,US$95.00,S1,filing,filing-source,1,filing,filing,false,false,true,true,false,issuer; forum; reference,none,,,filing,filing,true,true,false,1,false
20261007T044721936940Z-codex.web.MD07.r3-a1,web,multi_document,MD07,3,2,fact,"US$68.7 billion, inclusive of Activision Blizzard’s net cash.",US$68.7 billion; Activision Blizzard,S1,filing,filing-source,2,filing,filing,false,false,true,true,false,issuer; forum; news; reference,none,,,filing,filing,true,true,false,1,false
20261007T044721936940Z-codex.web.MD07.r3-a1,web,multi_document,MD07,3,3,fact,"Both stated in Microsoft’s January 18, 2022 Form 8-K, Item 7.01.","Microsoft; January 18, 2022; Form 8-K; Item 7.01",S1,filing,filing-source,4,filing,filing,false,false,true,false,false,issuer; forum; aggregator; news; reference,none,,,filing,filing,true,false,false,4,false
20261007T044721936940Z-codex.web.MD07.r3-a1,web,multi_document,MD07,3,4,fact,"Completed October 13, 2023.","October 13, 2023",S2,issuer,microsoft.com,1,filing,filing,false,true,true,true,false,issuer; other,none,,,filing,filing,true,true,false,1,false
20261007T044721936940Z-codex.web.MD07.r3-a1,web,multi_document,MD07,3,5,fact,Total purchase price: US$75.4 billion (US$75.408 billion in the allocation table).,US$75.4 billion; US$75.408 billion,S2,issuer,microsoft.com,2,filing,filing,false,true,true,true,false,issuer; aggregator,none,,,filing,filing,true,true,false,2,false
20261007T044721936940Z-codex.web.MD07.r3-a1,web,multi_document,MD07,3,6,fact,"Preliminary goodwill: US$50,969 million.","US$50,969 million",S2,issuer,microsoft.com,1,secondary,issuer,false,true,false,true,false,issuer; other,none,,,secondary,issuer,false,true,false,1,false
20261007T044721936940Z-codex.web.MD07.r3-a1,web,multi_document,MD07,3,7,fact,"Figures in Microsoft’s fiscal 2024 Form 10-K, Note 8.",Microsoft; fiscal 2024; Form 10-K; Note 8,S2,issuer,microsoft.com,3,secondary,issuer,false,true,false,true,false,issuer; forum; aggregator; news; reference,none,,,secondary,issuer,false,true,false,3,false
20261007T044723672730Z-codex.archivist.MD07.r3-a1,archivist,multi_document,MD07,3,1,fact,US$95.00 per share.,US$95.00,S1,filing,mosaic-finance.com,1,filing,filing,false,false,true,false,false,,none,,,filing,filing,true,false,false,1,false
20261007T044723672730Z-codex.archivist.MD07.r3-a1,archivist,multi_document,MD07,3,2,fact,"US$68.7 billion, inclusive of Activision Blizzard’s net cash.",US$68.7 billion; Activision Blizzard,S1,filing,mosaic-finance.com,2,filing,filing,false,false,true,false,false,,none,,,filing,filing,true,false,false,1,false
20261007T044723672730Z-codex.archivist.MD07.r3-a1,archivist,multi_document,MD07,3,3,fact,"Microsoft’s 2022-01-18 Form 8-K, Item 7.01.",Microsoft; 2022-01-18; Form 8-K; Item 7.01,S1,filing,mosaic-finance.com,4,filing,filing,false,false,true,false,false,,none,,,filing,filing,true,false,false,1,false
20261007T044723672730Z-codex.archivist.MD07.r3-a1,archivist,multi_document,MD07,3,4,fact,"October 13, 2023.","October 13, 2023",S2,filing,mosaic-finance.com,1,filing,filing,false,false,true,false,false,,none,,,filing,filing,true,false,false,1,false
20261007T044723672730Z-codex.archivist.MD07.r3-a1,archivist,multi_document,MD07,3,5,fact,US$75.4 billion total purchase price.,US$75.4 billion,S2,filing,mosaic-finance.com,1,filing,filing,false,false,true,false,false,,none,,,filing,filing,true,false,false,1,false
20261007T044723672730Z-codex.archivist.MD07.r3-a1,archivist,multi_document,MD07,3,6,fact,"US$50,969 million preliminarily allocated to goodwill.","US$50,969 million",S2,filing,mosaic-finance.com,1,unattributed,,false,false,false,false,false,,none,,,unattributed,,false,false,false,1,false
20261007T044723672730Z-codex.archivist.MD07.r3-a1,archivist,multi_document,MD07,3,7,fact,"Microsoft’s fiscal 2024 Form 10-K, filed 2024-07-30, Note 8—Business Combinations.",Microsoft; fiscal 2024; Form 10-K; 2024-07-30; Note 8—Business Combinations,S2,filing,mosaic-finance.com,3,unattributed,,false,false,false,false,false,,none,,,unattributed,,false,false,false,3,false
20261007T044741946182Z-codex.both.MD07.r3-a1,both,multi_document,MD07,3,1,fact,US$95.00 per share.,US$95.00,S1,filing,filing-source,1,filing,filing,false,false,true,true,false,issuer; forum; reference,none,,,filing,filing,true,true,false,1,false
20261007T044741946182Z-codex.both.MD07.r3-a1,both,multi_document,MD07,3,2,fact,"US$68.7 billion, inclusive of Activision Blizzard’s net cash.",US$68.7 billion; Activision Blizzard,S1,filing,filing-source,2,filing,filing,false,false,true,true,false,issuer; forum; news; reference,none,,,filing,filing,true,true,false,1,false
20261007T044741946182Z-codex.both.MD07.r3-a1,both,multi_document,MD07,3,3,fact,"Both stated in Microsoft’s January 18, 2022 Form 8-K, Item 7.01.","Microsoft; January 18, 2022; Form 8-K; Item 7.01",S1,filing,filing-source,4,filing,filing,false,false,true,false,false,issuer; forum; news; reference,none,,,filing,filing,true,false,false,4,false
20261007T044741946182Z-codex.both.MD07.r3-a1,both,multi_document,MD07,3,4,fact,"Completed October 13, 2023.","October 13, 2023",S2,issuer,microsoft.com,1,filing,filing,false,true,true,true,false,issuer; reference,none,,,filing,filing,true,true,false,1,false
20261007T044741946182Z-codex.both.MD07.r3-a1,both,multi_document,MD07,3,5,fact,Total purchase price: US$75.4 billion.,US$75.4 billion,S2,issuer,microsoft.com,1,filing,filing,false,true,true,true,false,issuer; reference,none,,,filing,filing,true,true,false,1,false
20261007T044741946182Z-codex.both.MD07.r3-a1,both,multi_document,MD07,3,6,fact,"Preliminary goodwill allocation: US$50,969 million.","US$50,969 million",S2,issuer,microsoft.com,1,secondary,issuer,false,true,false,true,false,issuer; other,none,,,secondary,issuer,false,true,false,1,false
20261007T044741946182Z-codex.both.MD07.r3-a1,both,multi_document,MD07,3,7,fact,"These figures appear in Microsoft’s fiscal 2024 Form 10-K, Note 8—Business Combinations.",Microsoft; fiscal 2024; Form 10-K; Note 8—Business Combinations,S2,issuer,microsoft.com,3,secondary,issuer,false,true,false,false,false,issuer; forum; news; reference,none,,,secondary,issuer,false,false,false,3,false
20261007T044753345407Z-codex.web.MD08.r3-a1,web,multi_document,MD08,3,1,fact,"The week of September 25, 2023. September 18, 2023 Form 8-K","September 25, 2023; September 18, 2023; Form 8-K",S1,filing,filing-source,3,secondary,news,false,false,false,false,false,news,none,,,secondary,news,false,false,false,3,false
20261007T044753345407Z-codex.web.MD08.r3-a1,web,multi_document,MD08,3,2,fact,"Fiscal 2024 net sales: US$7,093 million.","Fiscal 2024; US$7,093 million",S2,filing,filing-source,1,filing,filing,false,false,true,false,false,,none,,,filing,filing,true,false,false,1,false
20261007T044753345407Z-codex.web.MD08.r3-a1,web,multi_document,MD08,3,3,fact,"Incremental cyberattack costs, net of insurance recoveries: approximately US$29 million.",approximately US$29 million,S2,filing,filing-source,1,filing,filing,false,false,true,true,false,issuer,none,,,filing,filing,true,true,false,1,false
20261007T044753345407Z-codex.web.MD08.r3-a1,web,multi_document,MD08,3,4,fact,"Cyberattack insurance recoveries recorded: US$30 million. Fiscal 2024 Form 10-K, Exhibit 99.1, “Financial Highlights” and “Cyberattack”",US$30 million; Fiscal 2024; Form 10-K; Exhibit 99.1; Financial Highlights; Cyberattack,S2,filing,filing-source,4,filing,filing,false,false,true,false,false,issuer; forum; aggregator; news; reference,none,,,filing,filing,true,false,false,4,false
20261007T044753345407Z-codex.web.MD08.r3-a1,web,multi_document,MD08,3,5,fact,"Implied gross incremental cost before insurance recoveries: approximately US$59 million ($29 million + $30 million, calculated from the reported figures).",approximately US$59 million; $29 million; $30 million,,,,2,secondary,issuer,false,false,false,false,false,issuer,none,,,secondary,issuer,false,false,false,2,false
20261007T044759535971Z-codex.archivist.MD08.r3-a1,archivist,multi_document,MD08,3,1,fact,"The week of September 25, 2023.","September 25, 2023",S1,filing,mosaic-finance.com,1,unattributed,,false,false,false,false,false,,none,,,unattributed,,false,false,false,1,false
20261007T044759535971Z-codex.archivist.MD08.r3-a1,archivist,multi_document,MD08,3,2,fact,"8-K filed September 18, 2023, Item 8.01","8-K; September 18, 2023; Item 8.01",S1,filing,mosaic-finance.com,2,filing,filing,false,false,true,false,false,,none,,,filing,filing,true,false,false,2,false
20261007T044759535971Z-codex.archivist.MD08.r3-a1,archivist,multi_document,MD08,3,3,fact,"Fiscal 2024 net sales: US$7,093 million.","Fiscal 2024; US$7,093 million",S2,filing,mosaic-finance.com,1,filing,filing,false,false,true,false,false,,none,,,filing,filing,true,false,false,1,false
20261007T044759535971Z-codex.archivist.MD08.r3-a1,archivist,multi_document,MD08,3,4,fact,"Incremental cyberattack costs, net of insurance recoveries: approximately US$29 million.",approximately US$29 million,S3,filing,mosaic-finance.com,1,filing,filing,false,false,true,false,false,,none,,,filing,filing,true,false,false,1,false
20261007T044759535971Z-codex.archivist.MD08.r3-a1,archivist,multi_document,MD08,3,5,fact,Cyberattack insurance recoveries recorded: US$30 million.,US$30 million,S3,filing,mosaic-finance.com,0,filing,filing,true,false,false,false,false,,none,,,filing,filing,false,false,false,0,true
20261007T044759535971Z-codex.archivist.MD08.r3-a1,archivist,multi_document,MD08,3,6,fact,"Implied gross incremental cost before recoveries: approximately US$59 million, calculated as 29 + 30.",approximately US$59 million; 29; 30,,,,2,unattributed,,false,false,false,false,false,,none,,,unattributed,,false,false,false,2,false
20261007T044826844833Z-codex.both.MD08.r3-a1,both,multi_document,MD08,3,1,fact,"Week of September 25, 2023.","September 25, 2023",S1,filing,filing-source,1,unattributed,,false,false,false,false,false,,none,,,unattributed,,false,false,false,1,false
20261007T044826844833Z-codex.both.MD08.r3-a1,both,multi_document,MD08,3,2,fact,"September 18 Form 8-K, Item 8.01",September 18; Form 8-K; Item 8.01,S1,filing,filing-source,3,filing,filing,false,false,true,false,false,issuer; forum,none,,,filing,filing,true,false,false,3,false
20261007T044826844833Z-codex.both.MD08.r3-a1,both,multi_document,MD08,3,3,fact,"For fiscal 2024, all amounts in US$ millions: (b) Net sales: 7,093","fiscal 2024; US$ millions; 7,093",S2,filing,filing-source,2,unattributed,,false,false,false,false,false,,none,,,filing,filing,true,false,false,1,false
20261007T044826844833Z-codex.both.MD08.r3-a1,both,multi_document,MD08,3,4,fact,"For fiscal 2024, all amounts in US$ millions: (c) Incremental cyberattack costs, net of insurance recoveries: approximately 29",fiscal 2024; US$ millions; 29,S2,filing,filing-source,2,secondary,issuer,false,false,false,false,false,issuer; forum; aggregator,none,,,filing,filing,true,true,false,1,false
20261007T044826844833Z-codex.both.MD08.r3-a1,both,multi_document,MD08,3,5,fact,"For fiscal 2024, all amounts in US$ millions: (d) Cyberattack insurance recoveries recorded: 30",fiscal 2024; US$ millions; 30,S2,filing,filing-source,1,unattributed,,false,false,false,false,false,,none,,,unattributed,,false,false,false,1,false
20261007T044826844833Z-codex.both.MD08.r3-a1,both,multi_document,MD08,3,6,fact,"Source: Fiscal 2024 Form 10-K, Exhibit 99.1, “Financial Highlights” and “Cyberattack”",Fiscal 2024; Form 10-K; Exhibit 99.1; Financial Highlights; Cyberattack,S2,filing,filing-source,4,filing,filing,false,false,true,false,false,issuer; forum; aggregator; news; reference,none,,,filing,filing,true,false,false,4,false
20261007T044826844833Z-codex.both.MD08.r3-a1,both,multi_document,MD08,3,7,fact,(e) Implied gross incremental cost before insurance recoveries: approximately $59 million ($29 million + $30 million).,$59 million; $29 million; $30 million,,,,2,secondary,issuer,false,false,false,false,false,issuer; forum; aggregator,none,,,secondary,issuer,false,false,false,2,false
20261007T044835665690Z-codex.web.MD09.r3-a1,web,multi_document,MD09,3,1,fact,"Approximately 11,000 employees.","11,000 employees",S1,filing,filing-source,1,filing,filing,false,false,true,true,false,aggregator,none,,,filing,filing,true,true,false,1,false
20261007T044835665690Z-codex.web.MD09.r3-a1,web,multi_document,MD09,3,2,fact,Reaffirmed full-year 2022 expense outlook: US$85–87 billion.,US$85–87 billion,S1,filing,filing-source,2,filing,filing,false,false,true,true,false,issuer; forum; aggregator,none,,,filing,filing,true,true,false,2,false
20261007T044835665690Z-codex.web.MD09.r3-a1,web,multi_document,MD09,3,3,fact,"Both figures appear in Meta’s November 9, 2022 Form 8-K, Item 7.01.","Meta; November 9, 2022; Form 8-K; Item 7.01",S1,filing,filing-source,4,filing,filing,false,false,true,false,false,issuer; forum; aggregator; news; reference,none,,,filing,filing,true,false,false,4,false
20261007T044835665690Z-codex.web.MD09.r3-a1,web,multi_document,MD09,3,4,fact,"Actual 2022 total costs and expenses: US$87,665 million.","US$87,665 million",S2,filing,filing-source,1,filing,filing,false,false,true,true,false,issuer; aggregator,none,,,filing,filing,true,true,false,1,false
20261007T044835665690Z-codex.web.MD09.r3-a1,web,multi_document,MD09,3,5,fact,"Headcount at December 31, 2022: 86,482.","December 31, 2022; 86,482",S2,filing,filing-source,2,filing,filing,false,false,true,false,false,issuer; aggregator,none,,,filing,filing,true,false,false,1,false
20261007T044835665690Z-codex.web.MD09.r3-a1,web,multi_document,MD09,3,6,fact,Both figures appear in Meta’s fiscal 2022 Form 10-K.,Meta; Form 10-K,S2,filing,filing-source,2,secondary,issuer,false,false,false,true,false,issuer; forum; aggregator; news; reference,none,,,secondary,issuer,false,true,false,2,false
20261007T044835665690Z-codex.web.MD09.r3-a1,web,multi_document,MD09,3,7,fact,"Actual expenses exceeded the outlook’s upper bound by US$665 million: 87,665 − 87,000 = 665.","US$665 million; 87,665; 87,000; 665",,,,4,secondary,issuer,false,false,false,false,false,issuer; forum; aggregator,none,,,secondary,issuer,false,false,false,4,false
20261007T044845240767Z-codex.archivist.MD09.r3-a1,archivist,multi_document,MD09,3,1,fact,"Approximately 11,000 employees.","11,000 employees",,,,1,filing,filing,false,false,true,false,false,,none,,,filing,filing,true,false,false,1,false
20261007T044845240767Z-codex.archivist.MD09.r3-a1,archivist,multi_document,MD09,3,2,fact,"Full-year 2022 expense outlook: US$85–87 billion, reaffirmed unchanged.",US$85–87 billion,S1,filing,mosaic-finance.com,2,filing,filing,false,false,true,false,false,,none,,,filing,filing,true,false,false,2,false
20261007T044845240767Z-codex.archivist.MD09.r3-a1,archivist,multi_document,MD09,3,3,fact,"Form 8-K, November 9, 2022, Item 7.01","Form 8-K; November 9, 2022; Item 7.01",S1,filing,mosaic-finance.com,3,filing,filing,false,false,true,false,false,,none,,,filing,filing,true,false,false,3,false
20261007T044845240767Z-codex.archivist.MD09.r3-a1,archivist,multi_document,MD09,3,4,fact,"Actual 2022 total costs and expenses: US$87,665 million.","US$87,665 million",,,,1,filing,filing,false,false,true,false,false,,none,,,filing,filing,true,false,false,1,false
20261007T044845240767Z-codex.archivist.MD09.r3-a1,archivist,multi_document,MD09,3,5,fact,"Headcount at December 31, 2022: 86,482.","December 31, 2022; 86,482",S2,filing,mosaic-finance.com,2,filing,filing,false,false,true,false,false,,none,,,filing,filing,true,false,false,1,false
20261007T044845240767Z-codex.archivist.MD09.r3-a1,archivist,multi_document,MD09,3,6,fact,"Fiscal 2022 Form 10-K, filed February 2, 2023, MD&A","Form 10-K; February 2, 2023; MD&A",S2,filing,mosaic-finance.com,3,unattributed,,false,false,false,false,false,,none,,,unattributed,,false,false,false,3,false
20261007T044845240767Z-codex.archivist.MD09.r3-a1,archivist,multi_document,MD09,3,7,fact,"Actual expenses exceeded the outlook’s upper bound by US$665 million: 87,665 − 87,000 = 665.","US$665 million; 87,665; 87,000; 665",,,,4,unattributed,,false,false,false,false,false,,none,,,unattributed,,false,false,false,4,false
20261007T044856389314Z-codex.both.MD09.r3-a1,both,multi_document,MD09,3,1,fact,"Approximately 11,000 employees.","11,000 employees",S1,filing,filing-source,1,filing,filing,false,false,true,false,false,,none,,,filing,filing,true,false,false,1,false
20261007T044856389314Z-codex.both.MD09.r3-a1,both,multi_document,MD09,3,2,fact,Reaffirmed full-year 2022 total expense outlook: US$85–87 billion.,full-year 2022; US$85–87 billion,S1,filing,filing-source,3,secondary,issuer,false,false,false,false,false,issuer; forum; reference,none,,,filing,filing,true,true,false,2,false
20261007T044856389314Z-codex.both.MD09.r3-a1,both,multi_document,MD09,3,3,fact,"Both figures appear in Meta’s November 9, 2022 Form 8-K.","Meta; November 9, 2022; Form 8-K",S1,filing,filing-source,3,filing,filing,false,false,true,true,false,issuer; forum; aggregator; reference,none,,,filing,filing,true,true,false,3,false
20261007T044856389314Z-codex.both.MD09.r3-a1,both,multi_document,MD09,3,4,fact,"Actual 2022 total costs and expenses: US$87,665 million.","US$87,665 million",S2,filing,filing-source,1,filing,filing,false,false,true,true,false,issuer; aggregator,none,,,filing,filing,true,true,false,1,false
20261007T044856389314Z-codex.both.MD09.r3-a1,both,multi_document,MD09,3,5,fact,"Headcount at December 31, 2022: 86,482.","December 31, 2022; 86,482",S2,filing,filing-source,2,filing,filing,false,false,true,true,false,issuer; aggregator; reference,none,,,filing,filing,true,true,false,1,false
20261007T044856389314Z-codex.both.MD09.r3-a1,both,multi_document,MD09,3,6,fact,Both figures appear in Meta’s fiscal 2022 Form 10-K.,Meta; fiscal 2022; Form 10-K,S2,filing,filing-source,2,secondary,issuer,false,false,false,true,false,issuer; forum; aggregator; reference,none,,,secondary,issuer,false,true,false,2,false
20261007T044856389314Z-codex.both.MD09.r3-a1,both,multi_document,MD09,3,7,fact,"Actual expenses exceeded the outlook’s upper bound by US$665 million: 87,665 − 87,000 = 665.","US$665 million; 87,665; 87,000; 665",,,,4,secondary,issuer,false,false,false,false,false,issuer; forum; aggregator; reference,none,,,secondary,issuer,false,false,false,4,false
20261007T044908421596Z-codex.web.MD10.r3-a1,web,multi_document,MD10,3,1,fact,Total contribution: US$6.01 billion.,US$6.01 billion,S1,filing,filing-source,1,filing,filing,false,false,true,true,false,aggregator,none,,,filing,filing,true,true,false,1,false
20261007T044908421596Z-codex.web.MD10.r3-a1,web,multi_document,MD10,3,2,fact,Cash consideration: US$5.01 billion.,US$5.01 billion,S1,filing,filing-source,1,filing,filing,false,false,true,true,false,aggregator,none,,,filing,filing,true,true,false,1,false
20261007T044908421596Z-codex.web.MD10.r3-a1,web,multi_document,MD10,3,3,fact,3M common stock: US$1.00 billion.,3M; US$1.00 billion,S1,filing,filing-source,1,filing,filing,false,false,true,true,false,issuer; forum; aggregator; news; other,none,,,filing,filing,true,true,false,1,false
20261007T044908421596Z-codex.web.MD10.r3-a1,web,multi_document,MD10,3,4,fact,"After the January 2024 amendment, 3M irrevocably elected to pay the US$1 billion stock-eligible portion in cash.",January 2024; 3M; US$1 billion,S2,filing,filing-source,1,filing,filing,false,false,true,false,false,,none,,,filing,filing,true,false,false,1,false
20261007T044908421596Z-codex.web.MD10.r3-a1,web,multi_document,MD10,3,5,fact,The third-quarter 2023 pre-tax settlement charge was US$4.2 billion.,third-quarter 2023; US$4.2 billion,S2,filing,filing-source,2,secondary,issuer,false,false,false,false,false,issuer; aggregator; other,none,,,filing,filing,true,true,false,1,false
20261007T044917246681Z-codex.archivist.MD10.r3-a1,archivist,multi_document,MD10,3,1,fact,Total contribution: US$6.01 billion,US$6.01 billion,S1,filing,mosaic-finance.com,1,filing,filing,false,false,true,false,false,,none,,,filing,filing,true,false,false,1,false
20261007T044917246681Z-codex.archivist.MD10.r3-a1,archivist,multi_document,MD10,3,2,fact,cash consideration: US$5.01 billion,US$5.01 billion,S1,filing,mosaic-finance.com,1,filing,filing,false,false,true,false,false,,none,,,filing,filing,true,false,false,1,false
20261007T044917246681Z-codex.archivist.MD10.r3-a1,archivist,multi_document,MD10,3,3,fact,3M common stock: US$1.00 billion,3M; US$1.00 billion,S1,filing,mosaic-finance.com,1,filing,filing,false,false,true,false,false,,none,,,filing,filing,true,false,false,1,false
20261007T044917246681Z-codex.archivist.MD10.r3-a1,archivist,multi_document,MD10,3,4,fact,"8-K filed August 29, 2023, Item 1.01","8-K; August 29, 2023; Item 1.01",S1,filing,mosaic-finance.com,2,filing,filing,false,false,true,false,false,,none,,,filing,filing,true,false,false,2,false
20261007T044917246681Z-codex.archivist.MD10.r3-a1,archivist,multi_document,MD10,3,5,fact,"Following the January 2024 amendment, 3M irrevocably elected to pay the US$1 billion portion in cash.",January 2024; 3M; US$1 billion,S2,filing,mosaic-finance.com,1,filing,filing,false,false,true,false,false,,none,,,filing,filing,true,false,false,1,false
20261007T044917246681Z-codex.archivist.MD10.r3-a1,archivist,multi_document,MD10,3,6,fact,It recorded a US$4.2 billion pre-tax charge in Q3 2023.,US$4.2 billion; Q3 2023,S2,filing,mosaic-finance.com,2,unattributed,,false,false,false,false,false,,none,,,filing,filing,true,false,false,1,false
20261007T044917246681Z-codex.archivist.MD10.r3-a1,archivist,multi_document,MD10,3,7,fact,"Fiscal 2023 10-K filed February 7, 2024, settlement disclosure","Fiscal 2023 10-K; February 7, 2024",S2,filing,mosaic-finance.com,2,unattributed,,false,false,false,false,false,,none,,,unattributed,,false,false,false,2,false
20261007T044934911591Z-codex.both.MD10.r3-a1,both,multi_document,MD10,3,1,fact,Total contribution: US$6.01 billion,US$6.01 billion,S1,filing,filing-source,1,filing,filing,false,false,true,false,false,,none,,,filing,filing,true,false,false,1,false
20261007T044934911591Z-codex.both.MD10.r3-a1,both,multi_document,MD10,3,2,fact,cash consideration: US$5.01 billion,US$5.01 billion,S1,filing,filing-source,1,filing,filing,false,false,true,false,false,,none,,,filing,filing,true,false,false,1,false
20261007T044934911591Z-codex.both.MD10.r3-a1,both,multi_document,MD10,3,3,fact,3M common stock: US$1.00 billion,3M; US$1.00 billion,S1,filing,filing-source,1,filing,filing,false,false,true,true,false,issuer; forum; other,none,,,filing,filing,true,true,false,1,false
20261007T044934911591Z-codex.both.MD10.r3-a1,both,multi_document,MD10,3,4,fact,"These are the precise amounts in Item 1.01 of the August 29, 2023 Form 8-K","Item 1.01; August 29, 2023; Form 8-K",S1,filing,filing-source,3,filing,filing,false,false,true,false,false,aggregator,none,,,filing,filing,true,false,false,3,false
20261007T044934911591Z-codex.both.MD10.r3-a1,both,multi_document,MD10,3,5,evaluative,These are the precise amounts,,S1,filing,filing-source,,,,,,,,,,none,precise amounts,true,,,,,,,
20261007T044934911591Z-codex.both.MD10.r3-a1,both,multi_document,MD10,3,6,fact,"Following the January 2024 amendment, 3M irrevocably elected to pay the entire US$1 billion stock-eligible portion in cash.",January 2024; 3M; US$1 billion,S2,issuer,investors.3m.com,1,filing,filing,false,true,true,true,false,issuer,none,,,filing,filing,true,true,false,1,false
20261007T044934911591Z-codex.both.MD10.r3-a1,both,multi_document,MD10,3,7,fact,"US$4.2 billion pre-tax charge was recorded in Q3 2023. See Note 18, p. 101, of the fiscal 2023 Form 10-K",US$4.2 billion; Q3 2023; Note 18; p. 101; fiscal 2023; Form 10-K,S2,issuer,investors.3m.com,5,secondary,issuer,false,true,false,false,false,issuer; aggregator; reference; other,none,,,filing,filing,true,true,false,1,false
20261007T045003935471Z-codex.web.MD11.r1-a1,web,multi_document,MD11,1,1,fact,"STB final decision: March 15, 2023.","STB; March 15, 2023",S1,issuer,investor.cpkcr.com,2,filing,filing,false,true,true,true,false,issuer; forum; reference,none,,,filing,filing,true,true,false,2,false
20261007T045003935471Z-codex.web.MD11.r1-a1,web,multi_document,MD11,1,2,fact,"Stated acquisition size: US$31 billion, completed December 14, 2021.","US$31 billion; December 14, 2021",S1,issuer,investor.cpkcr.com,2,filing,filing,false,true,true,true,false,issuer; aggregator; reference,none,,,filing,filing,true,true,false,1,false
20261007T045003935471Z-codex.web.MD11.r1-a1,web,multi_document,MD11,1,3,fact,"Both are stated in CPKC’s April 14, 2023 English news release.","CPKC; April 14, 2023",S1,issuer,investor.cpkcr.com,2,filing,filing,false,true,true,true,false,issuer; forum; aggregator; reference; other,none,,,filing,filing,true,true,false,2,false
20261007T045003935471Z-codex.web.MD11.r1-a1,web,multi_document,MD11,1,4,fact,"Control assumed: April 14, 2023.","April 14, 2023",,,,1,filing,filing,false,false,true,true,false,issuer; reference,none,,,filing,filing,true,true,false,1,false
20261007T045003935471Z-codex.web.MD11.r1-a1,web,multi_document,MD11,1,5,fact,"Remeasurement loss recognized: C$7,175 million.","C$7,175 million",S2,filing,filing-source,1,filing,filing,false,false,true,true,false,issuer; aggregator,none,,,filing,filing,true,true,false,1,false
20261007T045003935471Z-codex.web.MD11.r1-a1,web,multi_document,MD11,1,6,fact,Unfavourable impact on 2023 diluted EPS: C$7.68 per share.,C$7.68 per share,S2,filing,filing-source,1,filing,filing,false,false,true,true,false,issuer; aggregator,none,,,filing,filing,true,true,false,1,false
20261007T045003935895Z-codex.archivist.MD11.r1-a1,archivist,multi_document,MD11,1,1,fact,"STB final decision: March 15, 2023.","STB; March 15, 2023",S1,filing,mosaic-finance.com,2,filing,filing,false,false,true,false,false,,none,,,filing,filing,true,false,false,2,false
20261007T045003935895Z-codex.archivist.MD11.r1-a1,archivist,multi_document,MD11,1,2,fact,"Acquisition size: US$31 billion, completed December 14, 2021.","US$31 billion; December 14, 2021",S1,filing,mosaic-finance.com,2,filing,filing,false,false,true,false,false,,none,,,filing,filing,true,false,false,1,false
20261007T045003935895Z-codex.archivist.MD11.r1-a1,archivist,multi_document,MD11,1,3,fact,"April 14, 2023 English news release","April 14, 2023",S1,filing,mosaic-finance.com,1,filing,filing,false,false,true,false,false,,none,,,filing,filing,true,false,false,1,false
20261007T045003935895Z-codex.archivist.MD11.r1-a1,archivist,multi_document,MD11,1,4,fact,"CPKC assumed control of KCS on April 14, 2023.","CPKC; KCS; April 14, 2023",S2,filing,mosaic-finance.com,3,filing,filing,false,false,true,false,false,,none,,,filing,filing,true,false,false,3,false
20261007T045003935895Z-codex.archivist.MD11.r1-a1,archivist,multi_document,MD11,1,5,fact,"It recognized a C$7,175 million loss on remeasurement of its previously held KCS investment for the year ended December 31, 2023.","C$7,175 million; KCS; December 31, 2023",S2,filing,mosaic-finance.com,3,filing,filing,false,false,true,false,false,,none,,,filing,filing,true,false,false,1,false
20261007T045003935895Z-codex.archivist.MD11.r1-a1,archivist,multi_document,MD11,1,6,fact,"2023 annual MD&A, filed February 27, 2024—“Remeasurement of Kansas City Southern”","2023 annual MD&A; February 27, 2024; Kansas City Southern",S2,filing,mosaic-finance.com,3,unattributed,,false,false,false,false,false,,none,,,unattributed,,false,false,false,3,false
20261007T045003935895Z-codex.archivist.MD11.r1-a1,archivist,multi_document,MD11,1,7,fact,That loss reduced 2023 diluted EPS by C$7.68 per share.,2023 diluted EPS; C$7.68 per share,S3,filing,mosaic-finance.com,2,unattributed,,false,false,false,false,false,,none,,,filing,filing,true,false,false,1,false
20261007T045030081409Z-codex.both.MD11.r1-a1,both,multi_document,MD11,1,1,fact,"STB final decision: March 15, 2023.","STB; March 15, 2023",,,,2,filing,filing,false,false,true,true,false,issuer,none,,,filing,filing,true,true,false,2,false
20261007T045030081409Z-codex.both.MD11.r1-a1,both,multi_document,MD11,1,2,fact,"Stated acquisition size: US$31 billion, completed December 14, 2021.","US$31 billion; December 14, 2021",S1,issuer,investor.cpkcr.com,2,filing,filing,false,true,true,true,false,issuer; aggregator; news,none,,,filing,filing,true,true,false,1,false
20261007T045030081409Z-codex.both.MD11.r1-a1,both,multi_document,MD11,1,3,fact,"Company assumed control of KCS: April 14, 2023.","KCS; April 14, 2023",,,,2,filing,filing,false,false,true,true,false,issuer; aggregator; news; other,none,,,filing,filing,true,true,false,2,false
20261007T045030081409Z-codex.both.MD11.r1-a1,both,multi_document,MD11,1,4,fact,"Loss on remeasurement of the previously held KCS investment: C$7,175 million.","KCS; C$7,175 million",,,,2,filing,filing,false,false,true,true,false,issuer; promotional; aggregator; news; other,none,,,filing,filing,true,true,false,1,false
20261007T045030081409Z-codex.both.MD11.r1-a1,both,multi_document,MD11,1,5,fact,Unfavourable impact on 2023 diluted EPS: C$7.68 per share.,C$7.68 per share,S2,filing,filing-source,1,filing,filing,false,false,true,true,false,issuer; aggregator; reference,none,,,filing,filing,true,true,false,1,false
20261007T045034901212Z-codex.web.MD12.r1-a1,web,multi_document,MD12,1,1,fact,"Fiscal 2024 year-end worldwide employees: 333,000.","Fiscal 2024; 333,000",S1,filing,filing-source,1,filing,filing,false,false,true,true,false,forum; aggregator; reference,none,,,filing,filing,true,true,false,1,false
20261007T045034901212Z-codex.web.MD12.r1-a1,web,multi_document,MD12,1,2,fact,"Worldwide employees at June 30, 2024: approximately 328,000.","June 30, 2024; approximately 328,000",S2,filing,filing-source,2,unattributed,,false,false,false,false,false,,none,,,filing,filing,true,false,false,1,false
20261007T045034901212Z-codex.web.MD12.r1-a1,web,multi_document,MD12,1,3,fact,"Ron Vachris’s total compensation used for the pay ratio: US$12,354,831, including annualized salary and non-equity incentive compensation.","Ron Vachris; US$12,354,831",S2,filing,filing-source,2,filing,filing,false,false,true,false,false,reference,none,,,filing,filing,true,false,false,1,false
20261007T045034901212Z-codex.web.MD12.r1-a1,web,multi_document,MD12,1,4,fact,"Median employee’s total compensation: US$47,092.","US$47,092",S2,filing,filing-source,1,filing,filing,false,false,true,false,false,,none,,,filing,filing,true,false,false,1,false
20261007T045034901212Z-codex.web.MD12.r1-a1,web,multi_document,MD12,1,5,fact,Reported CEO-to-median-employee pay ratio: 262:1.,262:1,S2,filing,filing-source,1,filing,filing,false,false,true,false,false,,none,,,filing,filing,true,false,false,1,false
20261007T045034901212Z-codex.web.MD12.r1-a1,web,multi_document,MD12,1,6,fact,"DEF 14A filed December 11, 2024.","DEF 14A; December 11, 2024",S2,filing,filing-source,2,secondary,issuer,false,false,false,false,false,issuer; aggregator,none,,,secondary,issuer,false,false,false,2,false
20261007T045052955262Z-codex.archivist.MD12.r1-a1,archivist,multi_document,MD12,1,1,fact,"Fiscal 2024 year-end worldwide employees: 333,000.","Fiscal 2024; 333,000",S1,filing,mosaic-finance.com,1,filing,filing,false,false,true,false,false,,none,,,filing,filing,true,false,false,1,false
20261007T045052955262Z-codex.archivist.MD12.r1-a1,archivist,multi_document,MD12,1,2,fact,"2024 Form 10-K, filed October 9, 2024, “Employee Base”.","2024 Form 10-K; October 9, 2024; Employee Base",S1,filing,mosaic-finance.com,3,unattributed,,false,false,false,false,false,,none,,,unattributed,,false,false,false,3,false
20261007T045052955262Z-codex.archivist.MD12.r1-a1,archivist,multi_document,MD12,1,3,fact,"Worldwide employees at June 30, 2024: approximately 328,000.","June 30, 2024; 328,000",S2,filing,mosaic-finance.com,2,unattributed,,false,false,false,false,false,,none,,,filing,filing,true,false,false,1,false
20261007T045052955262Z-codex.archivist.MD12.r1-a1,archivist,multi_document,MD12,1,4,fact,"Ron Vachris’s total compensation used for the ratio: US$12,354,831, including annualized salary and non-equity incentive compensation.","Ron Vachris; US$12,354,831",S2,filing,mosaic-finance.com,2,unattributed,,false,false,false,false,false,,none,,,filing,filing,true,false,false,1,false
20261007T045052955262Z-codex.archivist.MD12.r1-a1,archivist,multi_document,MD12,1,5,fact,"Median employee’s total compensation: US$47,092.","US$47,092",S2,filing,mosaic-finance.com,1,filing,filing,false,false,true,false,false,,none,,,filing,filing,true,false,false,1,false
20261007T045052955262Z-codex.archivist.MD12.r1-a1,archivist,multi_document,MD12,1,6,fact,Reported CEO-to-median-employee pay ratio: 262:1.,262:1,S2,filing,mosaic-finance.com,1,filing,filing,false,false,true,false,false,,none,,,filing,filing,true,false,false,1,false
20261007T045052955262Z-codex.archivist.MD12.r1-a1,archivist,multi_document,MD12,1,7,fact,"DEF 14A, filed December 11, 2024, “CEO Pay Ratio,” p. 25.","DEF 14A; December 11, 2024; CEO Pay Ratio; 25",S2,filing,mosaic-finance.com,4,unattributed,,false,false,false,false,false,,none,,,unattributed,,false,false,false,1,false
20261007T045100249414Z-codex.both.MD12.r1-a1,both,multi_document,MD12,1,1,fact,"333,000 employees worldwide at fiscal year-end, September 1, 2024.","333,000; September 1, 2024",S1,filing,filing-source,2,filing,filing,false,false,true,true,false,issuer; forum; aggregator; reference,none,,,filing,filing,true,true,false,1,false
20261007T045100249414Z-codex.both.MD12.r1-a1,both,multi_document,MD12,1,2,fact,"Approximately 328,000 employees worldwide at June 30, 2024.","328,000; June 30, 2024",S2,filing,filing-source,2,unattributed,,false,false,false,false,false,,none,,,filing,filing,true,false,false,1,false
20261007T045100249414Z-codex.both.MD12.r1-a1,both,multi_document,MD12,1,3,fact,"Ron Vachris’s total compensation used: US$12,354,831, including annualized salary and non-equity incentive compensation.","Ron Vachris; US$12,354,831",S2,filing,filing-source,2,secondary,reference,false,false,false,false,false,reference,none,,,filing,filing,true,false,false,1,false
20261007T045100249414Z-codex.both.MD12.r1-a1,both,multi_document,MD12,1,4,fact,"Median employee’s total compensation: US$47,092.","US$47,092",S2,filing,filing-source,1,filing,filing,false,false,true,false,false,,none,,,filing,filing,true,false,false,1,false
20261007T045100249414Z-codex.both.MD12.r1-a1,both,multi_document,MD12,1,5,fact,Reported CEO-to-median-employee pay ratio: 262:1.,262:1,S2,filing,filing-source,1,filing,filing,false,false,true,false,false,,none,,,filing,filing,true,false,false,1,false
20261007T045100249414Z-codex.both.MD12.r1-a1,both,multi_document,MD12,1,6,fact,"DEF 14A filed December 11, 2024.","DEF 14A; December 11, 2024",S2,filing,filing-source,2,filing,filing,false,false,true,true,false,issuer,none,,,filing,filing,true,true,false,2,false
20261007T045116981473Z-codex.web.MD13.r1-a1,web,multi_document,MD13,1,1,fact,Forecast 2025 revenue: US$43.5–44.5 billion.,US$43.5–44.5 billion,S1,filing,filing-source,2,filing,filing,false,false,true,true,false,issuer; forum; aggregator; news,none,,,filing,filing,true,true,false,2,false
20261007T045116981473Z-codex.web.MD13.r1-a1,web,multi_document,MD13,1,2,fact,"Forecast operating margin: 29%, based on January 1, 2025 exchange rates. January 21, 2025 shareholder letter, Exhibit 99.1 to Form 8-K","29%; January 1, 2025; January 21, 2025; Exhibit 99.1; Form 8-K",S1,filing,filing-source,5,secondary,issuer,false,false,false,false,false,issuer; forum; aggregator; news,none,,,filing,filing,true,true,false,1,false
20261007T045116981473Z-codex.web.MD13.r1-a1,web,multi_document,MD13,1,3,fact,"Actual 2025 total revenues: US$45,183,036 thousand.","US$45,183,036 thousand",S2,filing,filing-source,1,filing,filing,false,false,true,false,false,,none,,,filing,filing,true,false,false,1,false
20261007T045116981473Z-codex.web.MD13.r1-a1,web,multi_document,MD13,1,4,fact,"Actual 2025 operating margin: 29.5%. Fiscal 2025 Form 10-K, p. 20",29.5%; Form 10-K; p. 20,S2,filing,filing-source,3,secondary,issuer,false,false,false,false,false,issuer; news; reference,none,,,filing,filing,true,true,false,1,false
20261007T045116981473Z-codex.web.MD13.r1-a1,web,multi_document,MD13,1,5,fact,"Revenue exceeded the forecast’s upper bound by US$683 million, rounded: 45,183.036 - 44,500 = 683.036 million.","US$683 million; 45,183.036; 44,500; 683.036",,,,4,secondary,issuer,false,false,false,false,false,issuer; forum; aggregator; news,none,,,secondary,issuer,false,false,false,4,false
20261007T045127595118Z-codex.archivist.MD13.r1-a1,archivist,multi_document,MD13,1,1,fact,Forecast 2025 revenue: US$43.5–44.5 billion.,US$43.5–44.5 billion,S1,filing,mosaic-finance.com,2,filing,filing,false,false,true,false,false,,none,,,filing,filing,true,false,false,2,false
20261007T045127595118Z-codex.archivist.MD13.r1-a1,archivist,multi_document,MD13,1,2,fact,Forecast 2025 operating margin: 29%.,29%,S1,filing,mosaic-finance.com,1,filing,filing,false,false,true,false,false,,none,,,filing,filing,true,false,false,1,false
20261007T045127595118Z-codex.archivist.MD13.r1-a1,archivist,multi_document,MD13,1,3,fact,"8-K filed January 21, 2025, Exhibit 99.1.","8-K; January 21, 2025; Exhibit 99.1",S1,filing,mosaic-finance.com,2,filing,filing,false,false,true,false,false,,none,,,filing,filing,true,false,false,2,false
20261007T045127595118Z-codex.archivist.MD13.r1-a1,archivist,multi_document,MD13,1,4,fact,"Actual full-year 2025 total revenues: US$45,183,036 thousand.","US$45,183,036 thousand",S2,filing,mosaic-finance.com,1,filing,filing,false,false,true,false,false,,none,,,filing,filing,true,false,false,1,false
20261007T045127595118Z-codex.archivist.MD13.r1-a1,archivist,multi_document,MD13,1,5,fact,Actual 2025 operating margin: 29.5%.,29.5%,S2,filing,mosaic-finance.com,1,filing,filing,false,false,true,false,false,,none,,,filing,filing,true,false,false,1,false
20261007T045127595118Z-codex.archivist.MD13.r1-a1,archivist,multi_document,MD13,1,6,fact,"10-K filed January 23, 2026, MD&A—Results of Operations.","10-K; January 23, 2026; MD&A—Results of Operations",S2,filing,mosaic-finance.com,2,unattributed,,false,false,false,false,false,,none,,,unattributed,,false,false,false,2,false
20261007T045127595118Z-codex.archivist.MD13.r1-a1,archivist,multi_document,MD13,1,7,fact,"Revenue exceeded the forecast ceiling by US$683 million, rounded: (45,183,036 - 44,500,000) ÷ 1,000 = 683.036 million.","US$683 million; 45,183,036; 44,500,000; 1,000; 683.036 million",,,,4,unattributed,,false,false,false,false,false,,none,,,unattributed,,false,false,false,4,false
20261007T045134273321Z-codex.both.MD13.r1-a1,both,multi_document,MD13,1,1,fact,Forecast 2025 revenue: US$43.5–44.5 billion.,US$43.5–44.5 billion,S1,filing,filing-source,2,filing,filing,false,false,true,true,false,issuer; forum; aggregator; news,none,,,filing,filing,true,true,false,2,false
20261007T045134273321Z-codex.both.MD13.r1-a1,both,multi_document,MD13,1,2,fact,"Forecast 2025 operating margin: 29%, based on January 1, 2025 exchange rates.","29%; January 1, 2025",S1,filing,filing-source,2,filing,filing,false,false,true,true,false,issuer; forum; aggregator; news,none,,,filing,filing,true,true,false,1,false
20261007T045134273321Z-codex.both.MD13.r1-a1,both,multi_document,MD13,1,3,fact,"Q4 2024 shareholder letter, Exhibit 99.1 to the January 21, 2025 8-K","Q4 2024 shareholder letter; Exhibit 99.1; January 21, 2025; 8-K",S1,filing,filing-source,3,secondary,issuer,false,false,false,false,false,issuer,none,,,secondary,issuer,false,false,false,3,false
20261007T045134273321Z-codex.both.MD13.r1-a1,both,multi_document,MD13,1,4,fact,"Actual 2025 total revenues: US$45,183,036 thousand.","US$45,183,036 thousand",S2,filing,filing-source,1,filing,filing,false,false,true,true,false,issuer,none,,,filing,filing,true,true,false,1,false
20261007T045134273321Z-codex.both.MD13.r1-a1,both,multi_document,MD13,1,5,fact,Actual 2025 operating margin: 29.5%.,29.5%,S2,filing,filing-source,1,filing,filing,false,false,true,true,false,issuer; news,none,,,filing,filing,true,true,false,1,false
20261007T045134273321Z-codex.both.MD13.r1-a1,both,multi_document,MD13,1,6,fact,"Fiscal 2025 Form 10-K, p. 20",Fiscal 2025 Form 10-K; p. 20,S2,filing,filing-source,2,unattributed,,false,false,false,false,false,,none,,,unattributed,,false,false,false,2,false
20261007T045134273321Z-codex.both.MD13.r1-a1,both,multi_document,MD13,1,7,fact,"Revenue exceeded the forecast ceiling by US$683 million, rounded: 45,183.036 - 44,500 = 683.036 million.","US$683 million; 45,183.036; 44,500; 683.036 million",,,,4,filing,filing,false,false,true,false,false,issuer; forum; aggregator; news,none,,,filing,filing,true,false,false,4,false
20261007T045150040967Z-codex.web.MD14.r1-a1,web,multi_document,MD14,1,1,fact,Koç Holding held approximately 75% of Tek-Art.,Koç Holding; 75%; Tek-Art,S1,filing,filing-source,3,filing,filing,false,false,true,true,false,issuer; aggregator; news; reference,none,,,filing,filing,true,true,false,1,false
20261007T045150040967Z-codex.web.MD14.r1-a1,web,multi_document,MD14,1,2,fact,"The agreed total price was US$160,000,000, before closing adjustments.","US$160,000,000",S1,filing,filing-source,1,filing,filing,false,false,true,true,false,aggregator; news,none,,,filing,filing,true,true,false,1,false
20261007T045150040967Z-codex.web.MD14.r1-a1,web,multi_document,MD14,1,3,fact,Both figures appear in the 29 July 2025 KAP disclosure.,29 July 2025; KAP,S1,filing,filing-source,2,secondary,issuer,false,false,false,true,false,issuer; aggregator; other,none,,,secondary,issuer,false,true,false,2,false
20261007T045150040967Z-codex.web.MD14.r1-a1,web,multi_document,MD14,1,4,fact,The transaction completed on 2 December 2025.,2 December 2025,S2,aggregator,mbigpara.hurriyet.com.tr,1,secondary,aggregator,false,true,false,false,false,,none,,,secondary,aggregator,false,false,false,1,false
20261007T045150040967Z-codex.web.MD14.r1-a1,web,multi_document,MD14,1,5,fact,"The total paid was US$157,730,193, subject to closing adjustment, according to the 2 December 2025 KAP update, reproduced by Hürriyet.","US$157,730,193; 2 December 2025; KAP; Hürriyet",S2,aggregator,mbigpara.hurriyet.com.tr,4,secondary,issuer,false,true,false,false,false,issuer; aggregator; other,none,,,secondary,aggregator,false,true,false,1,false
20261007T045150040967Z-codex.web.MD14.r1-a1,web,multi_document,MD14,1,6,fact,"The amount paid was US$2,269,807 lower: $160,000,000 − $157,730,193.","US$2,269,807; $160,000,000; $157,730,193",,,,3,secondary,aggregator,false,false,false,true,false,aggregator; news; other,none,,,secondary,aggregator,false,true,false,3,false
20261007T045150974479Z-codex.archivist.MD14.r1-a1,archivist,multi_document,MD14,1,1,fact,Koç Holding holds approximately 75% of Tek-Art.,Koç Holding; 75%; Tek-Art,S1,filing,mosaic-finance.com,3,filing,filing,false,false,true,false,false,,none,,,filing,filing,true,false,false,1,false
20261007T045150974479Z-codex.archivist.MD14.r1-a1,archivist,multi_document,MD14,1,2,fact,"The agreed total price was US$160,000,000, before closing adjustments.","US$160,000,000",S1,filing,mosaic-finance.com,1,filing,filing,false,false,true,false,false,,none,,,filing,filing,true,false,false,1,false
20261007T045150974479Z-codex.archivist.MD14.r1-a1,archivist,multi_document,MD14,1,3,fact,Both figures appear in the 29 July 2025 KAP disclosure.,29 July 2025; KAP,S1,filing,mosaic-finance.com,2,unattributed,,false,false,false,false,false,,none,,,unattributed,,false,false,false,2,false
20261007T045150974479Z-codex.archivist.MD14.r1-a1,archivist,multi_document,MD14,1,4,fact,The transaction completed on 2 December 2025.,2 December 2025,S2,filing,mosaic-finance.com,1,unattributed,,false,false,false,false,false,,none,,,unattributed,,false,false,false,1,false
20261007T045150974479Z-codex.archivist.MD14.r1-a1,archivist,multi_document,MD14,1,5,fact,"The total amount paid was US$157,730,193, subject to closing adjustment, per the 2 December 2025 KAP update.","US$157,730,193; 2 December 2025; KAP",S2,filing,mosaic-finance.com,3,unattributed,,false,false,false,false,false,,none,,,filing,filing,true,false,false,1,false
20261007T045150974479Z-codex.archivist.MD14.r1-a1,archivist,multi_document,MD14,1,6,fact,"The amount paid was US$2,269,807 lower: $160,000,000 − $157,730,193.","US$2,269,807; $160,000,000; $157,730,193",,,,3,unattributed,,false,false,false,false,false,,none,,,unattributed,,false,false,false,3,false
20261007T045208211483Z-codex.both.MD14.r1-a1,both,multi_document,MD14,1,1,fact,Koç Holding held approximately 75% of Tek-Art.,Koç Holding; 75%; Tek-Art,S1,filing,filing-source,3,filing,filing,false,false,true,true,false,issuer; forum; aggregator,none,,,filing,filing,true,true,false,1,false
20261007T045208211483Z-codex.both.MD14.r1-a1,both,multi_document,MD14,1,2,fact,"The agreed total price was US$160,000,000, before closing adjustments.","US$160,000,000",S1,filing,filing-source,1,filing,filing,false,false,true,true,false,aggregator,none,,,filing,filing,true,true,false,1,false
20261007T045208211483Z-codex.both.MD14.r1-a1,both,multi_document,MD14,1,3,fact,Both figures appear in the 29 July 2025 KAP disclosure.,29 July 2025; KAP,S1,filing,filing-source,2,secondary,forum,false,false,false,false,false,forum; aggregator; other,none,,,secondary,forum,false,false,false,2,false
20261007T045208211483Z-codex.both.MD14.r1-a1,both,multi_document,MD14,1,4,fact,The transaction completed on 2 December 2025.,2 December 2025,,,,1,unattributed,,false,false,false,false,false,,none,,,unattributed,,false,false,false,1,false
20261007T045208211483Z-codex.both.MD14.r1-a1,both,multi_document,MD14,1,5,fact,"Total paid was US$157,730,193, subject to closing adjustments, according to the 2 December update reproduced by Mynet.","US$157,730,193; 2 December; Mynet",S2,aggregator,finans.mynet.com,3,secondary,aggregator,false,true,false,false,false,aggregator,none,,,secondary,aggregator,false,true,false,1,false
20261007T045208211483Z-codex.both.MD14.r1-a1,both,multi_document,MD14,1,6,fact,"The amount paid was US$2,269,807 lower: $160,000,000 − $157,730,193.","US$2,269,807; $160,000,000; $157,730,193",,,,3,secondary,aggregator,false,false,false,true,false,aggregator,none,,,secondary,aggregator,false,true,false,3,false
20261007T045217308713Z-codex.web.MD15.r1-a1,web,multi_document,MD15,1,1,fact,US$3.0 billion in aggregate commitments.,US$3.0 billion,S1,filing,filing-source,1,filing,filing,false,false,true,true,false,issuer; forum; aggregator; reference,none,,,filing,filing,true,true,false,1,false
20261007T045217308713Z-codex.web.MD15.r1-a1,web,multi_document,MD15,1,2,fact,"Matures April 2, 2029.","April 2, 2029",S1,filing,filing-source,1,filing,filing,false,false,true,true,false,aggregator,none,,,filing,filing,true,true,false,1,false
20261007T045217308713Z-codex.web.MD15.r1-a1,web,multi_document,MD15,1,3,fact,The terminated facility was US$10.0 billion.,US$10.0 billion,S1,filing,filing-source,1,filing,filing,false,false,true,true,false,issuer; forum; aggregator; reference,none,,,filing,filing,true,true,false,1,false
20261007T045217308713Z-codex.web.MD15.r1-a1,web,multi_document,MD15,1,4,fact,"Retained earnings decreased by US$11,375 million.","US$11,375 million",S2,issuer,geaerospace.com,1,secondary,issuer,false,true,false,true,false,issuer,none,,,secondary,issuer,false,true,false,1,false
20261007T045217308713Z-codex.web.MD15.r1-a1,web,multi_document,MD15,1,5,fact,"The distribution was made April 2, 2024.","April 2, 2024",S2,issuer,geaerospace.com,1,filing,filing,false,true,true,true,false,issuer; aggregator; reference,none,,,filing,filing,true,true,false,1,false
20261007T045232394765Z-codex.archivist.MD15.r1-a1,archivist,multi_document,MD15,1,1,fact,US$3.0 billion aggregate committed amount.,US$3.0 billion,S1,filing,mosaic-finance.com,1,filing,filing,false,false,true,false,false,,none,,,filing,filing,true,false,false,1,false
20261007T045232394765Z-codex.archivist.MD15.r1-a1,archivist,multi_document,MD15,1,2,fact,"Matures April 2, 2029.","April 2, 2029",S1,filing,mosaic-finance.com,1,filing,filing,false,false,true,false,false,,none,,,filing,filing,true,false,false,1,false
20261007T045232394765Z-codex.archivist.MD15.r1-a1,archivist,multi_document,MD15,1,3,fact,The terminated facility was US$10.0 billion.,US$10.0 billion,S1,filing,mosaic-finance.com,1,filing,filing,false,false,true,false,false,,none,,,filing,filing,true,false,false,1,false
20261007T045232394765Z-codex.archivist.MD15.r1-a1,archivist,multi_document,MD15,1,4,fact,"GE’s April 2, 2024 Form 8-K, Items 1.02 and 2.03.","GE; April 2, 2024; Form 8-K; Items 1.02 and 2.03",S1,filing,mosaic-finance.com,4,unattributed,,false,false,false,false,false,,none,,,unattributed,,false,false,false,4,false
20261007T045232394765Z-codex.archivist.MD15.r1-a1,archivist,multi_document,MD15,1,5,fact,"Retained earnings decreased by US$11,375 million to reflect the distribution of all GE Vernova shares.","US$11,375 million; GE Vernova",S2,filing,mosaic-finance.com,2,filing,filing,false,false,true,false,false,,none,,,filing,filing,true,false,false,1,false
20261007T045232394765Z-codex.archivist.MD15.r1-a1,archivist,multi_document,MD15,1,6,fact,"The distribution occurred on April 2, 2024.","April 2, 2024",S2,filing,mosaic-finance.com,1,filing,filing,false,false,true,false,false,,none,,,filing,filing,true,false,false,1,false
20261007T045232394765Z-codex.archivist.MD15.r1-a1,archivist,multi_document,MD15,1,7,fact,"GE’s fiscal 2024 Form 10-K, filed February 3, 2025, p. 41, footnote (b).","GE; fiscal 2024; Form 10-K; February 3, 2025; p. 41; footnote (b)",S2,filing,mosaic-finance.com,5,unattributed,,false,false,false,false,false,,none,,,unattributed,,false,false,false,5,false
20261007T045239649075Z-codex.both.MD15.r1-a1,both,multi_document,MD15,1,1,fact,US$3.0 billion in aggregate commitments.,US$3.0 billion,S1,filing,filing-source,1,filing,filing,false,false,true,true,false,issuer; forum; aggregator; reference,none,,,filing,filing,true,true,false,1,false
20261007T045239649075Z-codex.both.MD15.r1-a1,both,multi_document,MD15,1,2,fact,"Matures April 2, 2029.","April 2, 2029",S1,filing,filing-source,1,filing,filing,false,false,true,true,false,aggregator,none,,,filing,filing,true,true,false,1,false
20261007T045239649075Z-codex.both.MD15.r1-a1,both,multi_document,MD15,1,3,fact,The terminated facility was US$10.0 billion.,US$10.0 billion,S1,filing,filing-source,1,filing,filing,false,false,true,true,false,issuer; forum; aggregator; reference,none,,,filing,filing,true,true,false,1,false
20261007T045239649075Z-codex.both.MD15.r1-a1,both,multi_document,MD15,1,4,fact,"Retained earnings decreased by US$11,375 million.","US$11,375 million",S2,issuer,geaerospace.com,1,secondary,issuer,false,true,false,true,false,issuer,none,,,secondary,issuer,false,true,false,1,false
20261007T045239649075Z-codex.both.MD15.r1-a1,both,multi_document,MD15,1,5,fact,"The distribution was made April 2, 2024.","April 2, 2024",S2,issuer,geaerospace.com,1,filing,filing,false,true,true,true,false,issuer; forum; aggregator; reference,none,,,filing,filing,true,true,false,1,false
20261007T045255378579Z-codex.web.MD11.r2-a1,web,multi_document,MD11,2,1,fact,"STB final decision: March 15, 2023.","STB; March 15, 2023",S1,issuer,investor.cpkcr.com,2,secondary,issuer,false,true,false,true,false,issuer; reference,none,,,secondary,issuer,false,true,false,2,false
20261007T045255378579Z-codex.web.MD11.r2-a1,web,multi_document,MD11,2,2,fact,"Stated acquisition size: US$31 billion, completed December 14, 2021.","US$31 billion; December 14, 2021",S1,issuer,investor.cpkcr.com,2,filing,filing,false,true,true,true,false,issuer; aggregator; reference,none,,,filing,filing,true,true,false,1,false
20261007T045255378579Z-codex.web.MD11.r2-a1,web,multi_document,MD11,2,3,fact,"Company assumed control of KCS: April 14, 2023.","KCS; April 14, 2023",S2,issuer,s21.q4cdn.com,2,filing,filing,false,true,true,true,false,issuer; forum; aggregator; reference,none,,,filing,filing,true,true,false,2,false
20261007T045255378579Z-codex.web.MD11.r2-a1,web,multi_document,MD11,2,4,fact,"Recognized remeasurement loss: C$7,175 million.","C$7,175 million",S2,issuer,s21.q4cdn.com,1,filing,filing,false,true,true,true,false,issuer; aggregator,none,,,filing,filing,true,true,false,1,false
20261007T045255378579Z-codex.web.MD11.r2-a1,web,multi_document,MD11,2,5,fact,Unfavourable impact on 2023 diluted EPS: C$7.68 per share.,C$7.68 per share,S2,issuer,s21.q4cdn.com,1,filing,filing,false,true,true,true,false,issuer,none,,,filing,filing,true,true,false,1,false
20261007T045300500785Z-codex.archivist.MD11.r2-a1,archivist,multi_document,MD11,2,1,fact,"STB final decision: March 15, 2023.","STB; March 15, 2023",S1,filing,mosaic-finance.com,2,filing,filing,false,false,true,false,false,,none,,,filing,filing,true,false,false,2,false
20261007T045300500785Z-codex.archivist.MD11.r2-a1,archivist,multi_document,MD11,2,2,fact,"Acquisition size: US$31 billion, completed December 14, 2021.","US$31 billion; December 14, 2021",S1,filing,mosaic-finance.com,2,filing,filing,false,false,true,false,false,,none,,,filing,filing,true,false,false,1,false
20261007T045300500785Z-codex.archivist.MD11.r2-a1,archivist,multi_document,MD11,2,3,fact,"Both figures appear in CPKC’s April 14, 2023 English news release.","CPKC; April 14, 2023",S1,filing,mosaic-finance.com,2,filing,filing,false,false,true,false,false,,none,,,filing,filing,true,false,false,2,false
20261007T045300500785Z-codex.archivist.MD11.r2-a1,archivist,multi_document,MD11,2,4,fact,"CPKC assumed control of KCS on April 14, 2023.","CPKC; KCS; April 14, 2023",,,,3,filing,filing,false,false,true,false,false,,none,,,filing,filing,true,false,false,3,false
20261007T045300500785Z-codex.archivist.MD11.r2-a1,archivist,multi_document,MD11,2,5,fact,"Remeasurement loss: C$7,175 million for the year ended December 31, 2023.","C$7,175 million; December 31, 2023",S2,filing,mosaic-finance.com,2,filing,filing,false,false,true,false,false,,none,,,filing,filing,true,false,false,1,false
20261007T045300500785Z-codex.archivist.MD11.r2-a1,archivist,multi_document,MD11,2,6,fact,"See the 2023 annual MD&A, filed February 27, 2024, “Remeasurement of Kansas City Southern”.","2023 annual MD&A; February 27, 2024; Kansas City Southern",S2,filing,mosaic-finance.com,3,unattributed,,false,false,false,false,false,,none,,,unattributed,,false,false,false,3,false
20261007T045300500785Z-codex.archivist.MD11.r2-a1,archivist,multi_document,MD11,2,7,fact,The loss unfavourably impacted 2023 diluted EPS by C$7.68 per share.,C$7.68 per share,S3,filing,mosaic-finance.com,1,filing,filing,false,false,true,false,false,,none,,,filing,filing,true,false,false,1,false
20261007T045320001127Z-codex.both.MD11.r2-a1,both,multi_document,MD11,2,1,fact,"STB final decision: March 15, 2023.","STB; March 15, 2023",S1,issuer,investor.cpkcr.com,2,secondary,issuer,false,true,false,true,false,issuer,none,,,secondary,issuer,false,true,false,2,false
20261007T045320001127Z-codex.both.MD11.r2-a1,both,multi_document,MD11,2,2,fact,"Acquisition size: US$31 billion, completed December 14, 2021.","US$31 billion; December 14, 2021",S1,issuer,investor.cpkcr.com,2,filing,filing,false,true,true,true,true,issuer; forum,none,,,filing,filing,true,true,true,1,false
20261007T045320001127Z-codex.both.MD11.r2-a1,both,multi_document,MD11,2,3,fact,"Both are stated in CPKC’s April 14, 2023 news release.","CPKC; April 14, 2023",S1,issuer,investor.cpkcr.com,2,filing,filing,false,true,true,true,true,issuer; forum; other,none,,,filing,filing,true,true,true,2,false
20261007T045320001127Z-codex.both.MD11.r2-a1,both,multi_document,MD11,2,4,fact,"Control assumed: April 14, 2023.","April 14, 2023",,,,1,filing,filing,false,false,true,true,true,issuer,none,,,filing,filing,true,true,true,1,false
20261007T045320001127Z-codex.both.MD11.r2-a1,both,multi_document,MD11,2,5,fact,"Remeasurement loss recognized in 2023: C$7,175 million.","C$7,175 million",S2,filing,mosaic-finance.com,1,filing,filing,false,false,true,true,true,issuer,none,,,filing,filing,true,true,true,1,false
20261007T045320001127Z-codex.both.MD11.r2-a1,both,multi_document,MD11,2,6,fact,"See the 2023 annual MD&A, filed February 27, 2024—“Remeasurement of Kansas City Southern”.","2023 annual MD&A; February 27, 2024; Kansas City Southern",S2,filing,mosaic-finance.com,3,secondary,issuer,false,false,false,false,false,issuer; forum,none,,,secondary,issuer,false,false,false,3,false
20261007T045320001127Z-codex.both.MD11.r2-a1,both,multi_document,MD11,2,7,fact,Unfavourable impact on 2023 diluted EPS: C$7.68 per share.,C$7.68 per share,S3,filing,mosaic-finance.com,1,filing,filing,false,false,true,true,true,issuer,none,,,filing,filing,true,true,true,1,false
20261007T045327618782Z-codex.web.MD12.r2-a1,web,multi_document,MD12,2,1,fact,"Fiscal 2024 year-end worldwide employees: 333,000. 2024 Form 10-K, “Human Capital,” p. 6","Fiscal 2024; 333,000; 2024 Form 10-K; Human Capital; 6",S1,filing,filing-source,3,filing,filing,false,false,true,false,false,forum; aggregator; reference,none,,,filing,filing,true,true,false,1,false
20261007T045327618782Z-codex.web.MD12.r2-a1,web,multi_document,MD12,2,2,fact,"Worldwide employees at June 30, 2024: approximately 328,000.","June 30, 2024; 328,000",S2,filing,filing-source,2,unattributed,,false,false,false,false,false,,none,,,filing,filing,true,false,false,1,false
20261007T045327618782Z-codex.web.MD12.r2-a1,web,multi_document,MD12,2,3,fact,"Ron Vachris’s total compensation used for the pay ratio: US$12,354,831, including annualized salary and non-equity incentive compensation.","Ron Vachris; US$12,354,831",S2,filing,filing-source,2,filing,filing,false,false,true,false,false,reference,none,,,filing,filing,true,false,false,1,false
20261007T045327618782Z-codex.web.MD12.r2-a1,web,multi_document,MD12,2,4,fact,"Median employee’s total compensation: US$47,092.","US$47,092",S2,filing,filing-source,1,filing,filing,false,false,true,false,false,,none,,,filing,filing,true,false,false,1,false
20261007T045327618782Z-codex.web.MD12.r2-a1,web,multi_document,MD12,2,5,fact,Reported CEO-to-median-employee pay ratio: 262:1.,262:1,S2,filing,filing-source,1,filing,filing,false,false,true,false,false,,none,,,filing,filing,true,false,false,1,false
20261007T045327618782Z-codex.web.MD12.r2-a1,web,multi_document,MD12,2,6,fact,"Source for (b)–(e): DEF 14A filed December 11, 2024, “CEO Pay Ratio,” p. 25.","DEF 14A; December 11, 2024; CEO Pay Ratio; 25",S2,filing,filing-source,4,secondary,issuer,false,false,false,false,false,issuer; aggregator,none,,,filing,filing,true,true,false,1,false
20261007T045348885104Z-codex.archivist.MD12.r2-a1,archivist,multi_document,MD12,2,1,fact,"333,000 employees worldwide at fiscal year-end September 1, 2024.","333,000; September 1, 2024",S1,filing,mosaic-finance.com,2,filing,filing,false,false,true,false,false,,none,,,filing,filing,true,false,false,1,false
20261007T045348885104Z-codex.archivist.MD12.r2-a1,archivist,multi_document,MD12,2,2,fact,"2024 Form 10-K, filed October 9, 2024, “Employee Base”.","2024 Form 10-K; October 9, 2024; Employee Base",S1,filing,mosaic-finance.com,3,filing,filing,false,false,true,false,false,,none,,,filing,filing,true,false,false,3,false
20261007T045348885104Z-codex.archivist.MD12.r2-a1,archivist,multi_document,MD12,2,3,fact,"The DEF 14A, filed December 11, 2024, “CEO Pay Ratio” section.","DEF 14A; December 11, 2024; CEO Pay Ratio",S2,filing,mosaic-finance.com,3,unattributed,,false,false,false,false,false,,none,,,unattributed,,false,false,false,3,false
20261007T045348885104Z-codex.archivist.MD12.r2-a1,archivist,multi_document,MD12,2,4,fact,"Approximately 328,000 employees worldwide at June 30, 2024.","328,000; June 30, 2024",S2,filing,mosaic-finance.com,2,unattributed,,false,false,false,false,false,,none,,,filing,filing,true,false,false,1,false
20261007T045348885104Z-codex.archivist.MD12.r2-a1,archivist,multi_document,MD12,2,5,fact,"Ron Vachris’s compensation used: US$12,354,831, with salary and non-equity incentive compensation annualized.","Ron Vachris; US$12,354,831",S2,filing,mosaic-finance.com,2,unattributed,,false,false,false,false,false,,none,,,filing,filing,true,false,false,1,false
20261007T045348885104Z-codex.archivist.MD12.r2-a1,archivist,multi_document,MD12,2,6,fact,"Median employee’s total compensation: US$47,092.","US$47,092",S2,filing,mosaic-finance.com,1,filing,filing,false,false,true,false,false,,none,,,filing,filing,true,false,false,1,false
20261007T045348885104Z-codex.archivist.MD12.r2-a1,archivist,multi_document,MD12,2,7,fact,CEO-to-median-employee pay ratio: 262:1.,262:1,S2,filing,mosaic-finance.com,1,filing,filing,false,false,true,false,false,,none,,,filing,filing,true,false,false,1,false
20261007T045349028801Z-codex.both.MD12.r2-a1,both,multi_document,MD12,2,1,fact,"Worldwide employees at fiscal year-end September 1, 2024: 333,000. FY2024 Form 10-K, “Employee Base,” p. 6.","September 1, 2024; 333,000; FY2024 Form 10-K; Employee Base; 6",S1,filing,filing-source,4,secondary,forum,false,false,false,false,false,forum; aggregator; reference,none,,,filing,filing,true,true,false,1,false
20261007T045349028801Z-codex.both.MD12.r2-a1,both,multi_document,MD12,2,2,fact,"Worldwide employees at June 30, 2024: approximately 328,000.","June 30, 2024; 328,000",S2,filing,filing-source,2,unattributed,,false,false,false,false,false,,none,,,filing,filing,true,false,false,1,false
20261007T045349028801Z-codex.both.MD12.r2-a1,both,multi_document,MD12,2,3,fact,"Ron Vachris’s total compensation used for the pay ratio: US$12,354,831, including annualized salary and non-equity incentive compensation.","Ron Vachris; US$12,354,831",S2,filing,filing-source,2,filing,filing,false,false,true,false,false,reference,none,,,filing,filing,true,false,false,1,false
20261007T045349028801Z-codex.both.MD12.r2-a1,both,multi_document,MD12,2,4,fact,"Median employee’s total compensation: US$47,092.","US$47,092",S2,filing,filing-source,1,filing,filing,false,false,true,false,false,,none,,,filing,filing,true,false,false,1,false
20261007T045349028801Z-codex.both.MD12.r2-a1,both,multi_document,MD12,2,5,fact,Reported CEO-to-median-employee pay ratio: 262:1.,262:1,S2,filing,filing-source,1,filing,filing,false,false,true,false,false,,none,,,filing,filing,true,false,false,1,false
20261007T045349028801Z-codex.both.MD12.r2-a1,both,multi_document,MD12,2,6,fact,"Source for (b)–(e): DEF 14A filed December 11, 2024, “CEO Pay Ratio,” p. 25.","DEF 14A; December 11, 2024; CEO Pay Ratio; 25",S2,filing,filing-source,4,secondary,issuer,false,false,false,false,false,issuer; aggregator,none,,,filing,filing,true,true,false,1,false
20261007T045413170759Z-codex.web.MD13.r2-a1,web,multi_document,MD13,2,1,fact,Forecast 2025 revenue: US$43.5–44.5 billion.,US$43.5–44.5 billion,S1,filing,filing-source,2,filing,filing,false,false,true,true,false,issuer; forum; aggregator; news,none,,,filing,filing,true,true,false,2,false
20261007T045413170759Z-codex.web.MD13.r2-a1,web,multi_document,MD13,2,2,fact,"Forecast 2025 operating margin: 29%, based on January 1, 2025 exchange rates.","29%; January 1, 2025",S1,filing,filing-source,2,filing,filing,false,false,true,true,false,issuer; forum; aggregator; news,none,,,filing,filing,true,true,false,1,false
20261007T045413170759Z-codex.web.MD13.r2-a1,web,multi_document,MD13,2,3,fact,"Q4 2024 shareholder letter, Exhibit 99.1 to the January 21, 2025 Form 8-K","Q4 2024; Exhibit 99.1; January 21, 2025; Form 8-K",S1,filing,filing-source,4,secondary,issuer,false,false,false,false,false,issuer; aggregator,none,,,secondary,issuer,false,false,false,4,false
20261007T045413170759Z-codex.web.MD13.r2-a1,web,multi_document,MD13,2,4,fact,"Actual 2025 total revenues: US$45,183,036 thousand.","US$45,183,036 thousand",S2,filing,filing-source,1,filing,filing,false,false,true,false,false,,none,,,filing,filing,true,false,false,1,false
20261007T045413170759Z-codex.web.MD13.r2-a1,web,multi_document,MD13,2,5,fact,Actual 2025 operating margin: 29.5%.,29.5%,S2,filing,filing-source,1,filing,filing,false,false,true,true,false,news,none,,,filing,filing,true,true,false,1,false
20261007T045413170759Z-codex.web.MD13.r2-a1,web,multi_document,MD13,2,6,fact,"Fiscal 2025 Form 10-K, Item 7",Fiscal 2025 Form 10-K; Item 7,S2,filing,filing-source,2,unattributed,,false,false,false,false,false,,none,,,unattributed,,false,false,false,2,false
20261007T045413170759Z-codex.web.MD13.r2-a1,web,multi_document,MD13,2,7,fact,"Revenue exceeded the forecast’s upper end by US$683 million, rounded: 45,183.036 - 44,500 = 683.036 million.","US$683 million; 45,183.036; 44,500; 683.036 million",,,,4,secondary,issuer,false,false,false,false,false,issuer; forum; aggregator; news,none,,,secondary,issuer,false,false,false,4,false
20261007T045418158077Z-codex.archivist.MD13.r2-a1,archivist,multi_document,MD13,2,1,fact,Forecast 2025 revenue: US$43.5–44.5 billion.,US$43.5–44.5 billion,S1,filing,mosaic-finance.com,2,filing,filing,false,false,true,false,false,,none,,,filing,filing,true,false,false,2,false
20261007T045418158077Z-codex.archivist.MD13.r2-a1,archivist,multi_document,MD13,2,2,fact,Forecast 2025 operating margin: 29%.,29%,S1,filing,mosaic-finance.com,1,filing,filing,false,false,true,false,false,,none,,,filing,filing,true,false,false,1,false
20261007T045418158077Z-codex.archivist.MD13.r2-a1,archivist,multi_document,MD13,2,3,fact,"8-K filed January 21, 2025, Exhibit 99.1","8-K; January 21, 2025; Exhibit 99.1",S1,filing,mosaic-finance.com,2,filing,filing,false,false,true,false,false,,none,,,filing,filing,true,false,false,2,false
20261007T045418158077Z-codex.archivist.MD13.r2-a1,archivist,multi_document,MD13,2,4,fact,"Actual FY2025 total revenues: US$45,183,036 thousand.","US$45,183,036 thousand",S2,filing,mosaic-finance.com,1,filing,filing,false,false,true,false,false,,none,,,filing,filing,true,false,false,1,false
20261007T045418158077Z-codex.archivist.MD13.r2-a1,archivist,multi_document,MD13,2,5,fact,Actual FY2025 operating margin: 29.5%.,29.5%,S2,filing,mosaic-finance.com,1,filing,filing,false,false,true,false,false,,none,,,filing,filing,true,false,false,1,false
20261007T045418158077Z-codex.archivist.MD13.r2-a1,archivist,multi_document,MD13,2,6,fact,"10-K filed January 23, 2026, Results of Operations","10-K; January 23, 2026; Results of Operations",S2,filing,mosaic-finance.com,2,unattributed,,false,false,false,false,false,,none,,,unattributed,,false,false,false,2,false
20261007T045418158077Z-codex.archivist.MD13.r2-a1,archivist,multi_document,MD13,2,7,fact,"Revenue exceeded the forecast’s upper bound by US$683 million, rounded: 45,183.036 - 44,500 = 683.036 million.","US$683 million; 45,183.036; 44,500; 683.036",,,,4,unattributed,,false,false,false,false,false,,none,,,unattributed,,false,false,false,4,false
20261007T045428325470Z-codex.both.MD13.r2-a1,both,multi_document,MD13,2,1,fact,Forecast 2025 revenue: US$43.5–44.5 billion.,US$43.5–44.5 billion,S1,filing,filing-source,2,filing,filing,false,false,true,true,false,issuer; forum; aggregator; news,none,,,filing,filing,true,true,false,2,false
20261007T045428325470Z-codex.both.MD13.r2-a1,both,multi_document,MD13,2,2,fact,Forecast 2025 operating margin: 29%.,29%,S1,filing,filing-source,1,filing,filing,false,false,true,true,false,issuer; forum; aggregator; news,none,,,filing,filing,true,true,false,1,false
20261007T045428325470Z-codex.both.MD13.r2-a1,both,multi_document,MD13,2,3,fact,"January 21, 2025 shareholder letter, Exhibit 99.1 to Form 8-K","January 21, 2025; Exhibit 99.1; Form 8-K",S1,filing,filing-source,3,secondary,issuer,false,false,false,false,false,issuer; aggregator,none,,,secondary,issuer,false,false,false,3,false
20261007T045428325470Z-codex.both.MD13.r2-a1,both,multi_document,MD13,2,4,fact,"Actual 2025 total revenues: US$45,183,036 thousand.","US$45,183,036 thousand",S2,filing,filing-source,1,filing,filing,false,false,true,false,false,,none,,,filing,filing,true,false,false,1,false
20261007T045428325470Z-codex.both.MD13.r2-a1,both,multi_document,MD13,2,5,fact,Actual 2025 operating margin: 29.5%.,29.5%,S2,filing,filing-source,1,filing,filing,false,false,true,true,false,issuer; news,none,,,filing,filing,true,true,false,1,false
20261007T045428325470Z-codex.both.MD13.r2-a1,both,multi_document,MD13,2,6,fact,"Fiscal 2025 Form 10-K, p. 20",Fiscal 2025 Form 10-K; p. 20,S2,filing,filing-source,2,unattributed,,false,false,false,false,false,,none,,,unattributed,,false,false,false,2,false
20261007T045428325470Z-codex.both.MD13.r2-a1,both,multi_document,MD13,2,7,fact,"Revenue exceeded the forecast’s upper end by US$683 million, rounded: 45,183.036 - 44,500 = 683.036 million.","US$683 million; 45,183.036; 44,500; 683.036",,,,4,secondary,issuer,false,false,false,false,false,issuer; forum; aggregator; news,none,,,secondary,issuer,false,false,false,4,false
20261007T045443962618Z-codex.web.MD14.r2-a1,web,multi_document,MD14,2,1,fact,Approximately 75% of Tek-Art.,75%; Tek-Art,S1,filing,filing-source,2,filing,filing,false,false,true,true,false,aggregator; news; reference,none,,,filing,filing,true,true,false,1,false
20261007T045443962618Z-codex.web.MD14.r2-a1,web,multi_document,MD14,2,2,fact,"US$160,000,000, before closing net-debt and working-capital adjustments.","US$160,000,000",S1,filing,filing-source,1,filing,filing,false,false,true,true,false,aggregator,none,,,filing,filing,true,true,false,1,false
20261007T045443962618Z-codex.web.MD14.r2-a1,web,multi_document,MD14,2,3,fact,Both figures appear in the 29 July 2025 disclosure (reproduced).,29 July 2025,S1,filing,filing-source,1,filing,filing,false,false,true,true,false,issuer,none,,,filing,filing,true,true,false,1,false
20261007T045443962618Z-codex.web.MD14.r2-a1,web,multi_document,MD14,2,4,fact,The transaction completed on 2 December 2025.,2 December 2025,,,,1,unattributed,,false,false,false,false,false,,none,,,unattributed,,false,false,false,1,false
20261007T045443962618Z-codex.web.MD14.r2-a1,web,multi_document,MD14,2,5,fact,"US$157,730,193 was paid, subject to closing adjustment, according to the 2 December 2025 KAP update (reproduced).","US$157,730,193; 2 December 2025; KAP",S2,aggregator,mbigpara.hurriyet.com.tr,3,secondary,aggregator,false,true,false,false,false,aggregator; news; other,none,,,secondary,aggregator,false,true,false,1,false
20261007T045443962618Z-codex.web.MD14.r2-a1,web,multi_document,MD14,2,6,fact,"The amount paid was US$2,269,807 lower: $160,000,000 − $157,730,193.","US$2,269,807; $160,000,000; $157,730,193",,,,3,secondary,aggregator,false,false,false,true,false,aggregator; news; other,none,,,secondary,aggregator,false,true,false,3,false
20261007T045448323564Z-codex.archivist.MD14.r2-a1,archivist,multi_document,MD14,2,1,fact,Koç Holding holds approximately 75% of Tek-Art.,Koç Holding; 75%; Tek-Art,S1,filing,mosaic-finance.com,3,filing,filing,false,false,true,false,false,,none,,,filing,filing,true,false,false,1,false
20261007T045448323564Z-codex.archivist.MD14.r2-a1,archivist,multi_document,MD14,2,2,fact,"The agreed total price was US$160,000,000, before closing adjustments.","US$160,000,000",S1,filing,mosaic-finance.com,1,filing,filing,false,false,true,false,false,,none,,,filing,filing,true,false,false,1,false
20261007T045448323564Z-codex.archivist.MD14.r2-a1,archivist,multi_document,MD14,2,3,fact,Both figures appear in the 29 July 2025 KAP disclosure.,29 July 2025; KAP,S1,filing,mosaic-finance.com,2,unattributed,,false,false,false,false,false,,none,,,unattributed,,false,false,false,2,false
20261007T045448323564Z-codex.archivist.MD14.r2-a1,archivist,multi_document,MD14,2,4,fact,The transaction completed on 2 December 2025.,2 December 2025,,,,1,unattributed,,false,false,false,false,false,,none,,,unattributed,,false,false,false,1,false
20261007T045448323564Z-codex.archivist.MD14.r2-a1,archivist,multi_document,MD14,2,5,fact,"The total amount paid was US$157,730,193, subject to closing adjustment, per the 2 December 2025 KAP update.","US$157,730,193; 2 December 2025; KAP",S2,filing,mosaic-finance.com,3,unattributed,,false,false,false,false,false,,none,,,filing,filing,true,false,false,1,false
20261007T045448323564Z-codex.archivist.MD14.r2-a1,archivist,multi_document,MD14,2,6,fact,"The amount paid was US$2,269,807 lower: $160,000,000 − $157,730,193.","US$2,269,807; $160,000,000; $157,730,193",,,,3,unattributed,,false,false,false,false,false,,none,,,unattributed,,false,false,false,3,false
20261007T045503713585Z-codex.both.MD14.r2-a1,both,multi_document,MD14,2,1,fact,Koç Holding held approximately 75% of Tek-Art.,Koç Holding; 75%; Tek-Art,,,,3,filing,filing,false,false,true,true,false,issuer; promotional; aggregator; news; reference,none,,,filing,filing,true,true,false,1,false
20261007T045503713585Z-codex.both.MD14.r2-a1,both,multi_document,MD14,2,2,fact,"The agreed total price was US$160,000,000, before closing adjustments. KAP disclosure, 29 July 2025","US$160,000,000; KAP; 29 July 2025",S1,filing,filing-source,3,secondary,issuer,false,false,false,true,false,issuer; promotional; aggregator; news; other,none,,,filing,filing,true,true,false,1,false
20261007T045503713585Z-codex.both.MD14.r2-a1,both,multi_document,MD14,2,3,fact,The transaction was completed on 2 December 2025.,2 December 2025,,,,1,secondary,news,false,false,false,true,false,news,none,,,secondary,news,false,true,false,1,false
20261007T045503713585Z-codex.both.MD14.r2-a1,both,multi_document,MD14,2,4,fact,"The total paid was US$157,730,193, subject to closing adjustment. 2 December disclosure reproduced by Mynet","US$157,730,193; 2 December; Mynet",S2,aggregator,finans.mynet.com,3,secondary,issuer,false,true,false,false,false,issuer; aggregator; news,none,,,filing,filing,true,true,false,1,false
20261007T045503713585Z-codex.both.MD14.r2-a1,both,multi_document,MD14,2,5,fact,"The amount paid was US$2,269,807 lower: $160,000,000 − $157,730,193.","US$2,269,807; $160,000,000; $157,730,193",,,,3,secondary,issuer,false,false,false,true,false,issuer; aggregator; news; other,none,,,secondary,issuer,false,true,false,3,false
20261007T045512122205Z-codex.web.MD15.r2-a1,web,multi_document,MD15,2,1,fact,US$3.0 billion aggregate commitment.,US$3.0 billion,S1,filing,filing-source,1,filing,filing,false,false,true,true,false,issuer; forum; aggregator; reference,none,,,filing,filing,true,true,false,1,false
20261007T045512122205Z-codex.web.MD15.r2-a1,web,multi_document,MD15,2,2,fact,"Matures April 2, 2029.","April 2, 2029",S1,filing,filing-source,1,filing,filing,false,false,true,true,false,aggregator,none,,,filing,filing,true,true,false,1,false
20261007T045512122205Z-codex.web.MD15.r2-a1,web,multi_document,MD15,2,3,fact,The terminated facility was US$10.0 billion.,US$10.0 billion,S1,filing,filing-source,1,filing,filing,false,false,true,true,false,issuer; forum; aggregator; reference,none,,,filing,filing,true,true,false,1,false
20261007T045512122205Z-codex.web.MD15.r2-a1,web,multi_document,MD15,2,4,fact,"Retained earnings decreased by US$11,375 million.","US$11,375 million",S2,issuer,geaerospace.com,1,secondary,issuer,false,true,false,true,false,issuer,none,,,secondary,issuer,false,true,false,1,false
20261007T045512122205Z-codex.web.MD15.r2-a1,web,multi_document,MD15,2,5,fact,"The distribution was made April 2, 2024.","April 2, 2024",S2,issuer,geaerospace.com,1,filing,filing,false,true,true,true,false,issuer; aggregator; reference,none,,,filing,filing,true,true,false,1,false
20261007T045530237519Z-codex.archivist.MD15.r2-a1,archivist,multi_document,MD15,2,1,fact,US$3.0 billion aggregate committed amount,US$3.0 billion,S1,filing,mosaic-finance.com,1,filing,filing,false,false,true,false,false,,none,,,filing,filing,true,false,false,1,false
20261007T045530237519Z-codex.archivist.MD15.r2-a1,archivist,multi_document,MD15,2,2,fact,"matures April 2, 2029","April 2, 2029",S1,filing,mosaic-finance.com,1,filing,filing,false,false,true,false,false,,none,,,filing,filing,true,false,false,1,false
20261007T045530237519Z-codex.archivist.MD15.r2-a1,archivist,multi_document,MD15,2,3,fact,the terminated facility was US$10.0 billion,US$10.0 billion,S1,filing,mosaic-finance.com,1,filing,filing,false,false,true,false,false,,none,,,filing,filing,true,false,false,1,false
20261007T045530237519Z-codex.archivist.MD15.r2-a1,archivist,multi_document,MD15,2,4,fact,"GE Form 8-K, filed April 2, 2024, Items 1.02 and 2.03","GE; Form 8-K; April 2, 2024; Items 1.02 and 2.03",S1,filing,mosaic-finance.com,4,unattributed,,false,false,false,false,false,,none,,,unattributed,,false,false,false,4,false
20261007T045530237519Z-codex.archivist.MD15.r2-a1,archivist,multi_document,MD15,2,5,fact,"Retained earnings decreased by US$11,375 million to reflect the distribution of all GE Vernova shares","US$11,375 million; GE Vernova",S2,filing,mosaic-finance.com,2,filing,filing,false,false,true,false,false,,none,,,filing,filing,true,false,false,1,false
20261007T045530237519Z-codex.archivist.MD15.r2-a1,archivist,multi_document,MD15,2,6,fact,"the distribution occurred April 2, 2024","April 2, 2024",S2,filing,mosaic-finance.com,1,filing,filing,false,false,true,false,false,,none,,,filing,filing,true,false,false,1,false
20261007T045530237519Z-codex.archivist.MD15.r2-a1,archivist,multi_document,MD15,2,7,fact,"GE fiscal 2024 Form 10-K, filed February 3, 2025, p. 41, footnote (b)","GE; fiscal 2024; Form 10-K; February 3, 2025; p. 41; footnote (b)",S2,filing,mosaic-finance.com,5,unattributed,,false,false,false,false,false,,none,,,unattributed,,false,false,false,5,false
20261007T045534421642Z-codex.both.MD15.r2-a1,both,multi_document,MD15,2,1,fact,US$3.0 billion aggregate commitment.,US$3.0 billion,S1,filing,filing-source,1,filing,filing,false,false,true,true,false,issuer; forum; aggregator; reference,none,,,filing,filing,true,true,false,1,false
20261007T045534421642Z-codex.both.MD15.r2-a1,both,multi_document,MD15,2,2,fact,"Matures April 2, 2029.","April 2, 2029",S1,filing,filing-source,1,filing,filing,false,false,true,true,false,aggregator,none,,,filing,filing,true,true,false,1,false
20261007T045534421642Z-codex.both.MD15.r2-a1,both,multi_document,MD15,2,3,fact,The terminated facility was US$10.0 billion.,US$10.0 billion,S1,filing,filing-source,1,filing,filing,false,false,true,true,false,issuer; forum; aggregator; reference,none,,,filing,filing,true,true,false,1,false
20261007T045534421642Z-codex.both.MD15.r2-a1,both,multi_document,MD15,2,4,fact,"Retained earnings decreased by US$11,375 million.","US$11,375 million",S2,issuer,geaerospace.com,1,secondary,issuer,false,true,false,true,false,issuer,none,,,secondary,issuer,false,true,false,1,false
20261007T045534421642Z-codex.both.MD15.r2-a1,both,multi_document,MD15,2,5,fact,"The GE Vernova shares were distributed on April 2, 2024.","GE Vernova; April 2, 2024",S2,issuer,geaerospace.com,2,filing,filing,false,true,true,true,false,issuer; forum; aggregator; reference,none,,,filing,filing,true,true,false,2,false
20261007T045549504738Z-codex.web.MD11.r3-a1,web,multi_document,MD11,3,1,fact,"STB’s final decision: March 15, 2023.","STB; March 15, 2023",S1,issuer,investor.cpkcr.com,2,filing,filing,false,true,true,true,false,issuer; forum; reference,none,,,filing,filing,true,true,false,2,false
20261007T045549504738Z-codex.web.MD11.r3-a1,web,multi_document,MD11,3,2,fact,"Stated acquisition size: US$31 billion, completed December 14, 2021.","US$31 billion; December 14, 2021",S1,issuer,investor.cpkcr.com,2,filing,filing,false,true,true,false,false,issuer; forum; aggregator; news; reference,none,,,filing,filing,true,true,false,1,false
20261007T045549504738Z-codex.web.MD11.r3-a1,web,multi_document,MD11,3,3,fact,"CPKC assumed control of KCS on April 14, 2023.","CPKC; KCS; April 14, 2023",S2,filing,filing-source,3,filing,filing,false,false,true,true,false,issuer; forum; aggregator; news; reference; other,none,,,filing,filing,true,true,false,3,false
20261007T045549504738Z-codex.web.MD11.r3-a1,web,multi_document,MD11,3,4,fact,"It recognized a remeasurement loss of C$7,175 million.","C$7,175 million",S2,filing,filing-source,1,filing,filing,false,false,true,true,false,issuer; aggregator,none,,,filing,filing,true,true,false,1,false
20261007T045549504738Z-codex.web.MD11.r3-a1,web,multi_document,MD11,3,5,fact,That loss unfavourably impacted 2023 diluted EPS by C$7.68 per share.,C$7.68 per share,S2,filing,filing-source,1,filing,filing,false,false,true,true,false,issuer; aggregator,none,,,filing,filing,true,true,false,1,false
20261007T045559045503Z-codex.archivist.MD11.r3-a1,archivist,multi_document,MD11,3,1,fact,"STB final decision: March 15, 2023.","STB; March 15, 2023",S1,filing,mosaic-finance.com,2,filing,filing,false,false,true,false,false,,none,,,filing,filing,true,false,false,2,false
20261007T045559045503Z-codex.archivist.MD11.r3-a1,archivist,multi_document,MD11,3,2,fact,"Acquisition size: US$31 billion, completed December 14, 2021.","US$31 billion; December 14, 2021",S1,filing,mosaic-finance.com,2,filing,filing,false,false,true,false,false,,none,,,filing,filing,true,false,false,1,false
20261007T045559045503Z-codex.archivist.MD11.r3-a1,archivist,multi_document,MD11,3,3,fact,"CPKC’s April 14, 2023 English news release.","CPKC; April 14, 2023",S1,filing,mosaic-finance.com,2,filing,filing,false,false,true,false,false,,none,,,filing,filing,true,false,false,2,false
20261007T045559045503Z-codex.archivist.MD11.r3-a1,archivist,multi_document,MD11,3,4,fact,"Assumed control of KCS: April 14, 2023.","KCS; April 14, 2023",S2,filing,mosaic-finance.com,2,filing,filing,false,false,true,false,false,,none,,,filing,filing,true,false,false,2,false
20261007T045559045503Z-codex.archivist.MD11.r3-a1,archivist,multi_document,MD11,3,5,fact,"Remeasurement loss recognized for the year ended December 31, 2023: C$7,175 million.","December 31, 2023; C$7,175 million",S2,filing,mosaic-finance.com,2,filing,filing,false,false,true,false,false,,none,,,filing,filing,true,false,false,1,false
20261007T045559045503Z-codex.archivist.MD11.r3-a1,archivist,multi_document,MD11,3,6,fact,"2023 annual MD&A, filed February 27, 2024—“Remeasurement of Kansas City Southern”.","2023 annual MD&A; February 27, 2024; Kansas City Southern",S2,filing,mosaic-finance.com,3,unattributed,,false,false,false,false,false,,none,,,unattributed,,false,false,false,3,false
20261007T045559045503Z-codex.archivist.MD11.r3-a1,archivist,multi_document,MD11,3,7,fact,Unfavourable impact on 2023 diluted EPS: C$7.68 per share.,2023 diluted EPS; C$7.68 per share,S3,filing,mosaic-finance.com,2,unattributed,,false,false,false,false,false,,none,,,filing,filing,true,false,false,1,false
20261007T045609651110Z-codex.both.MD11.r3-a1,both,multi_document,MD11,3,1,fact,"STB’s final decision: March 15, 2023.","STB; March 15, 2023",,,,2,filing,filing,false,false,true,true,false,issuer; reference,none,,,filing,filing,true,true,false,2,false
20261007T045609651110Z-codex.both.MD11.r3-a1,both,multi_document,MD11,3,2,fact,"Stated acquisition size: US$31 billion, completed December 14, 2021.","US$31 billion; December 14, 2021",S1,issuer,investor.cpkcr.com,2,filing,filing,false,true,true,true,true,issuer; forum,none,,,filing,filing,true,true,true,1,false
20261007T045609651110Z-codex.both.MD11.r3-a1,both,multi_document,MD11,3,3,fact,"CPKC’s April 14, 2023 English news release","CPKC; April 14, 2023",S1,issuer,investor.cpkcr.com,2,filing,filing,false,true,true,true,true,issuer; forum; aggregator; reference,none,,,filing,filing,true,true,true,2,false
20261007T045609651110Z-codex.both.MD11.r3-a1,both,multi_document,MD11,3,4,fact,"Company assumed control of KCS: April 14, 2023.","Company; KCS; April 14, 2023",,,,3,filing,filing,false,false,true,true,true,issuer; forum; aggregator; reference,none,,,filing,filing,true,true,true,3,false
20261007T045609651110Z-codex.both.MD11.r3-a1,both,multi_document,MD11,3,5,fact,"Remeasurement loss recognized for the year ended December 31, 2023: C$7,175 million.","December 31, 2023; C$7,175 million",S2,filing,mosaic-finance.com,2,filing,filing,false,false,true,true,true,issuer,none,,,filing,filing,true,true,true,1,false
20261007T045609651110Z-codex.both.MD11.r3-a1,both,multi_document,MD11,3,6,fact,"2023 annual MD&A, filed February 27, 2024—Remeasurement of KCS","2023 annual MD&A; February 27, 2024; KCS",S2,filing,mosaic-finance.com,3,secondary,issuer,false,false,false,false,false,issuer; forum; aggregator,none,,,secondary,issuer,false,false,false,3,false
20261007T045609651110Z-codex.both.MD11.r3-a1,both,multi_document,MD11,3,7,fact,Unfavourable impact on 2023 diluted EPS: C$7.68 per share.,C$7.68 per share,S3,filing,mosaic-finance.com,1,filing,filing,false,false,true,true,true,issuer,none,,,filing,filing,true,true,true,1,false
20261007T045622304425Z-codex.web.MD12.r3-a1,web,multi_document,MD12,3,1,fact,"333,000 employees worldwide at fiscal year-end September 1, 2024. Source: FY2024 Form 10-K, “Human Capital,” p. 6.","333,000; September 1, 2024; FY2024 Form 10-K; Human Capital; p. 6",S1,filing,filing-source,5,secondary,forum,false,false,false,false,false,forum; aggregator; reference,none,,,filing,filing,true,true,false,1,false
20261007T045622304425Z-codex.web.MD12.r3-a1,web,multi_document,MD12,3,2,fact,"The December 11, 2024 DEF 14A, “CEO Pay Ratio,” p. 25 reports","December 11, 2024; DEF 14A; CEO Pay Ratio; p. 25",S2,filing,filing-source,4,secondary,issuer,false,false,false,false,false,issuer; aggregator,none,,,secondary,issuer,false,false,false,4,false
20261007T045622304425Z-codex.web.MD12.r3-a1,web,multi_document,MD12,3,3,fact,"Approximately 328,000 employees worldwide at June 30, 2024.","328,000; June 30, 2024",S2,filing,filing-source,2,unattributed,,false,false,false,false,false,,none,,,filing,filing,true,false,false,1,false
20261007T045622304425Z-codex.web.MD12.r3-a1,web,multi_document,MD12,3,4,fact,"Ron Vachris’s total compensation used: US$12,354,831, including annualized salary and non-equity incentive compensation.","Ron Vachris; US$12,354,831",S2,filing,filing-source,2,secondary,issuer,false,false,false,true,false,issuer; forum; aggregator; reference,none,,,filing,filing,true,true,false,1,false
20261007T045622304425Z-codex.web.MD12.r3-a1,web,multi_document,MD12,3,5,fact,"Median employee’s total compensation: US$47,092.","US$47,092",S2,filing,filing-source,1,filing,filing,false,false,true,true,false,aggregator,none,,,filing,filing,true,true,false,1,false
20261007T045622304425Z-codex.web.MD12.r3-a1,web,multi_document,MD12,3,6,fact,Reported CEO-to-median-employee pay ratio: 262:1.,262:1,S2,filing,filing-source,1,filing,filing,false,false,true,true,false,aggregator,none,,,filing,filing,true,true,false,1,false
20261007T045642896432Z-codex.archivist.MD12.r3-a1,archivist,multi_document,MD12,3,1,fact,"Fiscal 2024 year-end worldwide employees: 333,000.","Fiscal 2024; 333,000",S1,filing,mosaic-finance.com,1,filing,filing,false,false,true,false,false,,none,,,filing,filing,true,false,false,1,false
20261007T045642896432Z-codex.archivist.MD12.r3-a1,archivist,multi_document,MD12,3,2,fact,"2024 Form 10-K, filed October 9, 2024, “Human Capital—Employee Base”.","2024 Form 10-K; October 9, 2024; Human Capital—Employee Base",S1,filing,mosaic-finance.com,3,unattributed,,false,false,false,false,false,,none,,,unattributed,,false,false,false,3,false
20261007T045642896432Z-codex.archivist.MD12.r3-a1,archivist,multi_document,MD12,3,3,fact,"Worldwide employees at June 30, 2024: approximately 328,000.","June 30, 2024; approximately 328,000",S2,filing,mosaic-finance.com,2,unattributed,,false,false,false,false,false,,none,,,filing,filing,true,false,false,1,false
20261007T045642896432Z-codex.archivist.MD12.r3-a1,archivist,multi_document,MD12,3,4,fact,"Ron Vachris’s total compensation used for the pay ratio: US$12,354,831, with salary and non-equity incentive compensation annualized.","Ron Vachris; US$12,354,831",S2,filing,mosaic-finance.com,2,unattributed,,false,false,false,false,false,,none,,,filing,filing,true,false,false,1,false
20261007T045642896432Z-codex.archivist.MD12.r3-a1,archivist,multi_document,MD12,3,5,fact,"Median employee’s total compensation: US$47,092.","US$47,092",S2,filing,mosaic-finance.com,1,filing,filing,false,false,true,false,false,,none,,,filing,filing,true,false,false,1,false
20261007T045642896432Z-codex.archivist.MD12.r3-a1,archivist,multi_document,MD12,3,6,fact,Reported CEO-to-median-employee pay ratio: 262:1.,262:1,S2,filing,mosaic-finance.com,1,filing,filing,false,false,true,false,false,,none,,,filing,filing,true,false,false,1,false
20261007T045642896432Z-codex.archivist.MD12.r3-a1,archivist,multi_document,MD12,3,7,fact,"DEF 14A, filed December 11, 2024, “CEO Pay Ratio”.","DEF 14A; December 11, 2024; CEO Pay Ratio",S2,filing,mosaic-finance.com,3,unattributed,,false,false,false,false,false,,none,,,unattributed,,false,false,false,3,false
20261007T045643528364Z-codex.both.MD12.r3-a1,both,multi_document,MD12,3,1,fact,"Fiscal 2024 year-end worldwide employees: 333,000.","Fiscal 2024; 333,000",S1,filing,filing-source,1,filing,filing,false,false,true,true,false,issuer; forum; aggregator; reference,none,,,filing,filing,true,true,false,1,false
20261007T045643528364Z-codex.both.MD12.r3-a1,both,multi_document,MD12,3,2,fact,"2024 Form 10-K, “Human Capital,” p. 6.",2024 Form 10-K; Human Capital; 6,S1,filing,filing-source,2,secondary,issuer,false,false,false,false,false,issuer,none,,,secondary,issuer,false,false,false,2,false
20261007T045643528364Z-codex.both.MD12.r3-a1,both,multi_document,MD12,3,3,fact,"Worldwide employees at June 30, 2024: approximately 328,000.","June 30, 2024; 328,000",S2,issuer,s201.q4cdn.com,2,secondary,issuer,false,true,false,false,false,issuer,none,,,secondary,issuer,false,true,false,1,false
20261007T045643528364Z-codex.both.MD12.r3-a1,both,multi_document,MD12,3,4,fact,"Ron Vachris’s total compensation used for the pay ratio: US$12,354,831, including annualized salary and non-equity incentive compensation.","Ron Vachris; US$12,354,831",S2,issuer,s201.q4cdn.com,2,secondary,issuer,false,true,false,true,false,issuer; forum; reference,none,,,secondary,issuer,false,true,false,1,false
20261007T045643528364Z-codex.both.MD12.r3-a1,both,multi_document,MD12,3,5,fact,"Median employee’s total compensation: US$47,092.","US$47,092",S2,issuer,s201.q4cdn.com,1,secondary,issuer,false,true,false,true,false,issuer,none,,,secondary,issuer,false,true,false,1,false
20261007T045643528364Z-codex.both.MD12.r3-a1,both,multi_document,MD12,3,6,fact,Reported CEO-to-median-employee pay ratio: 262:1.,262:1,S2,issuer,s201.q4cdn.com,1,secondary,issuer,false,true,false,true,false,issuer,none,,,secondary,issuer,false,true,false,1,false
20261007T045643528364Z-codex.both.MD12.r3-a1,both,multi_document,MD12,3,7,fact,"Figures (b)–(e) are from the DEF 14A filed December 11, 2024, “CEO Pay Ratio,” p. 25.","DEF 14A; December 11, 2024; CEO Pay Ratio; 25",S2,issuer,s201.q4cdn.com,4,secondary,issuer,false,true,false,false,false,issuer; aggregator,none,,,filing,filing,true,true,false,1,false
20261007T045706211458Z-codex.web.MD13.r3-a1,web,multi_document,MD13,3,1,fact,Forecast 2025 revenue: US$43.5–44.5 billion.,US$43.5–44.5 billion,S1,filing,filing-source,2,filing,filing,false,false,true,true,false,issuer; forum; aggregator; news,none,,,filing,filing,true,true,false,2,false
20261007T045706211458Z-codex.web.MD13.r3-a1,web,multi_document,MD13,3,2,fact,"Forecast 2025 operating margin: 29%, based on January 1, 2025 exchange rates.","29%; January 1, 2025",S1,filing,filing-source,2,filing,filing,false,false,true,true,false,issuer; forum; aggregator; news,none,,,filing,filing,true,true,false,1,false
20261007T045706211458Z-codex.web.MD13.r3-a1,web,multi_document,MD13,3,3,fact,"Actual 2025 total revenues: US$45,183,036 thousand.","US$45,183,036 thousand",S2,filing,filing-source,1,filing,filing,false,false,true,true,false,issuer,none,,,filing,filing,true,true,false,1,false
20261007T045706211458Z-codex.web.MD13.r3-a1,web,multi_document,MD13,3,4,fact,Actual 2025 operating margin: 29.5%.,29.5%,S2,filing,filing-source,1,filing,filing,false,false,true,true,false,issuer; news,none,,,filing,filing,true,true,false,1,false
20261007T045706211458Z-codex.web.MD13.r3-a1,web,multi_document,MD13,3,5,fact,"Revenue exceeded the forecast’s upper bound by US$683 million, rounded: 45,183.036 - 44,500 = 683.036 million.","US$683 million; 45,183.036; 44,500; 683.036 million",,,,4,secondary,issuer,false,false,false,false,false,issuer; forum; aggregator; news,none,,,secondary,issuer,false,false,false,4,false
20261007T045712479444Z-codex.archivist.MD13.r3-a1,archivist,multi_document,MD13,3,1,fact,Forecast 2025 revenue: US$43.5–44.5 billion.,US$43.5–44.5 billion,S1,filing,mosaic-finance.com,2,filing,filing,false,false,true,false,false,,none,,,filing,filing,true,false,false,2,false
20261007T045712479444Z-codex.archivist.MD13.r3-a1,archivist,multi_document,MD13,3,2,fact,Forecast 2025 operating margin: 29%.,29%,S1,filing,mosaic-finance.com,1,filing,filing,false,false,true,false,false,,none,,,filing,filing,true,false,false,1,false
20261007T045712479444Z-codex.archivist.MD13.r3-a1,archivist,multi_document,MD13,3,3,fact,"Both appear in the January 21, 2025 Form 8-K shareholder letter.","January 21, 2025; Form 8-K",S1,filing,mosaic-finance.com,2,unattributed,,false,false,false,false,false,,none,,,unattributed,,false,false,false,2,false
20261007T045712479444Z-codex.archivist.MD13.r3-a1,archivist,multi_document,MD13,3,4,fact,"Actual 2025 total revenues: US$45,183,036 thousand.","US$45,183,036 thousand",S2,filing,mosaic-finance.com,1,filing,filing,false,false,true,false,false,,none,,,filing,filing,true,false,false,1,false
20261007T045712479444Z-codex.archivist.MD13.r3-a1,archivist,multi_document,MD13,3,5,fact,Actual 2025 operating margin: 29.5%.,29.5%,S2,filing,mosaic-finance.com,1,filing,filing,false,false,true,false,false,,none,,,filing,filing,true,false,false,1,false
20261007T045712479444Z-codex.archivist.MD13.r3-a1,archivist,multi_document,MD13,3,6,fact,"Both are reported in the fiscal 2025 Form 10-K, filed January 23, 2026.","Form 10-K; January 23, 2026",S2,filing,mosaic-finance.com,2,unattributed,,false,false,false,false,false,,none,,,unattributed,,false,false,false,2,false
20261007T045712479444Z-codex.archivist.MD13.r3-a1,archivist,multi_document,MD13,3,7,fact,"Revenue exceeded the forecast ceiling by US$683 million, rounded: 45,183.036 - 44,500 = 683.036 million.","US$683 million; 45,183.036; 44,500; 683.036",,,,4,unattributed,,false,false,false,false,false,,none,,,unattributed,,false,false,false,4,false
20261007T045723124001Z-codex.both.MD13.r3-a1,both,multi_document,MD13,3,1,fact,Forecast 2025 revenue: US$43.5–44.5 billion.,US$43.5–44.5 billion,S1,filing,filing-source,2,filing,filing,false,false,true,true,false,issuer; forum; aggregator; news,none,,,filing,filing,true,true,false,2,false
20261007T045723124001Z-codex.both.MD13.r3-a1,both,multi_document,MD13,3,2,fact,"Forecast 2025 operating margin: 29%, based on January 1, 2025 exchange rates. Q4 2024 shareholder letter, 8-K Exhibit 99.1","29%; January 1, 2025; Q4 2024; 8-K Exhibit 99.1",S1,filing,filing-source,4,secondary,issuer,false,false,false,false,false,issuer; forum; aggregator; news,none,,,filing,filing,true,true,false,1,false
20261007T045723124001Z-codex.both.MD13.r3-a1,both,multi_document,MD13,3,3,fact,"Actual 2025 total revenues: US$45,183,036 thousand.","US$45,183,036 thousand",S2,filing,filing-source,1,filing,filing,false,false,true,true,false,issuer,none,,,filing,filing,true,true,false,1,false
20261007T045723124001Z-codex.both.MD13.r3-a1,both,multi_document,MD13,3,4,fact,"Actual 2025 operating margin: 29.5%. Fiscal 2025 Form 10-K, financial results",29.5%; Fiscal 2025 Form 10-K,S2,filing,filing-source,2,secondary,issuer,false,false,false,false,false,issuer; aggregator; news,none,,,filing,filing,true,true,false,1,false
20261007T045723124001Z-codex.both.MD13.r3-a1,both,multi_document,MD13,3,5,fact,"Revenue exceeded the forecast’s upper end by US$683 million, rounded: 45,183.036 - 44,500 = 683.036 million.","US$683 million; 45,183.036; 44,500; 683.036 million",,,,4,filing,filing,false,false,true,false,false,issuer; forum; aggregator; news,none,,,filing,filing,true,false,false,4,false
20261007T045742552761Z-codex.web.MD14.r3-a1,web,multi_document,MD14,3,1,fact,Koç Holding held approximately 75% of Tek-Art.,Koç Holding; 75%; Tek-Art,,,,3,filing,filing,false,false,true,true,false,issuer; aggregator,none,,,filing,filing,true,true,false,1,false
20261007T045742552761Z-codex.web.MD14.r3-a1,web,multi_document,MD14,3,2,fact,"The agreed total price was US$160,000,000, before closing adjustments.","US$160,000,000",S1,filing,filing-source,1,filing,filing,false,false,true,true,false,aggregator,none,,,filing,filing,true,true,false,1,false
20261007T045742552761Z-codex.web.MD14.r3-a1,web,multi_document,MD14,3,3,fact,"KAP disclosure, 29 July 2025",KAP; 29 July 2025,S1,filing,filing-source,2,secondary,issuer,false,false,false,true,false,issuer; aggregator; other,none,,,secondary,issuer,false,true,false,2,false
20261007T045742552761Z-codex.web.MD14.r3-a1,web,multi_document,MD14,3,4,fact,The transaction completed on 2 December 2025.,2 December 2025,,,,1,unattributed,,false,false,false,false,false,,none,,,unattributed,,false,false,false,1,false
20261007T045742552761Z-codex.web.MD14.r3-a1,web,multi_document,MD14,3,5,fact,"Tek-Art paid US$157,730,193, subject to closing adjustment.","Tek-Art; US$157,730,193",S2,aggregator,fintables.com,2,secondary,issuer,false,true,false,true,false,issuer; aggregator,none,,,secondary,aggregator,false,true,false,1,false
20261007T045742552761Z-codex.web.MD14.r3-a1,web,multi_document,MD14,3,6,fact,2 December update reproduced by Fintables,2 December; Fintables,S2,aggregator,fintables.com,2,secondary,aggregator,false,true,false,false,false,aggregator,none,,,secondary,aggregator,false,false,false,2,false
20261007T045742552761Z-codex.web.MD14.r3-a1,web,multi_document,MD14,3,7,fact,"The amount paid was US$2,269,807 lower: $160,000,000 − $157,730,193.","US$2,269,807; $160,000,000; $157,730,193",,,,3,secondary,aggregator,false,false,false,false,false,aggregator,none,,,secondary,aggregator,false,false,false,3,false
20261007T045748461587Z-codex.archivist.MD14.r3-a1,archivist,multi_document,MD14,3,1,fact,Koç Holding holds approximately 75% of Tek-Art.,Koç Holding; 75%; Tek-Art,,,,3,filing,filing,false,false,true,false,false,,none,,,filing,filing,true,false,false,1,false
20261007T045748461587Z-codex.archivist.MD14.r3-a1,archivist,multi_document,MD14,3,2,fact,"The agreed total price was US$160,000,000, before closing adjustments. 29 July 2025 KAP disclosure","US$160,000,000; 29 July 2025; KAP",S1,filing,mosaic-finance.com,3,unattributed,,false,false,false,false,false,,none,,,filing,filing,true,false,false,1,false
20261007T045748461587Z-codex.archivist.MD14.r3-a1,archivist,multi_document,MD14,3,3,fact,The transaction was completed on 2 December 2025.,2 December 2025,S2,filing,mosaic-finance.com,1,unattributed,,false,false,false,false,false,,none,,,unattributed,,false,false,false,1,false
20261007T045748461587Z-codex.archivist.MD14.r3-a1,archivist,multi_document,MD14,3,4,fact,"The total paid was US$157,730,193, subject to closing adjustment. 2 December 2025 KAP update","US$157,730,193; 2 December 2025; KAP",S3,filing,mosaic-finance.com,3,unattributed,,false,false,false,false,false,,none,,,filing,filing,true,false,false,1,false
20261007T045748461587Z-codex.archivist.MD14.r3-a1,archivist,multi_document,MD14,3,5,fact,"The amount paid was US$2,269,807 lower, calculated as $160,000,000 − $157,730,193.","US$2,269,807; $160,000,000; $157,730,193",,,,3,unattributed,,false,false,false,false,false,,none,,,unattributed,,false,false,false,3,false
20261007T045811135261Z-codex.both.MD14.r3-a1,both,multi_document,MD14,3,1,fact,"Approximately 75%, as stated in the July disclosure.",75%,,,,1,filing,filing,false,false,true,true,false,issuer; forum; aggregator; news,none,,,filing,filing,true,true,false,1,false
20261007T045811135261Z-codex.both.MD14.r3-a1,both,multi_document,MD14,3,2,fact,"US$160,000,000 before closing adjustments. KAP disclosure, 29 July 2025","US$160,000,000; KAP; 29 July 2025",S1,filing,filing-source,3,secondary,issuer,false,false,false,true,false,issuer; aggregator; news,none,,,filing,filing,true,true,false,1,false
20261007T045811135261Z-codex.both.MD14.r3-a1,both,multi_document,MD14,3,3,fact,The transaction completed on 2 December 2025.,2 December 2025,,,,1,secondary,issuer,false,false,false,true,false,issuer; news,none,,,secondary,issuer,false,true,false,1,false
20261007T045811135261Z-codex.both.MD14.r3-a1,both,multi_document,MD14,3,4,fact,"US$157,730,193 was paid, subject to closing adjustment. 2 December update reproduced by Mynet","US$157,730,193; 2 December; Mynet",S2,aggregator,finans.mynet.com,3,secondary,issuer,false,true,false,true,false,issuer; aggregator; news,none,,,secondary,aggregator,false,true,false,1,false
20261007T045811135261Z-codex.both.MD14.r3-a1,both,multi_document,MD14,3,5,fact,"The amount paid was US$2,269,807 lower: $160,000,000 − $157,730,193.","US$2,269,807; $160,000,000; $157,730,193",,,,3,secondary,issuer,false,false,false,false,false,issuer; aggregator; news,none,,,secondary,issuer,false,false,false,3,false
20261007T045816485866Z-codex.web.MD15.r3-a1,web,multi_document,MD15,3,1,fact,New facility: US$3.0 billion in aggregate commitments.,US$3.0 billion,S1,filing,filing-source,1,filing,filing,false,false,true,true,false,issuer; forum; aggregator; news; reference,none,,,filing,filing,true,true,false,1,false
20261007T045816485866Z-codex.web.MD15.r3-a1,web,multi_document,MD15,3,2,fact,"Maturity: April 2, 2029.","April 2, 2029",S1,filing,filing-source,1,filing,filing,false,false,true,true,false,issuer; aggregator,none,,,filing,filing,true,true,false,1,false
20261007T045816485866Z-codex.web.MD15.r3-a1,web,multi_document,MD15,3,3,fact,Terminated previous facility: US$10.0 billion.,US$10.0 billion,S1,filing,filing-source,1,filing,filing,false,false,true,true,false,issuer; forum; aggregator; reference; other,none,,,filing,filing,true,true,false,1,false
20261007T045816485866Z-codex.web.MD15.r3-a1,web,multi_document,MD15,3,4,fact,"Retained earnings decreased by US$11,375 million.","US$11,375 million",S2,issuer,geaerospace.com,1,secondary,issuer,false,true,false,true,false,issuer,none,,,secondary,issuer,false,true,false,1,false
20261007T045816485866Z-codex.web.MD15.r3-a1,web,multi_document,MD15,3,5,fact,"Distribution date: April 2, 2024.","April 2, 2024",S2,issuer,geaerospace.com,1,filing,filing,false,true,true,true,false,issuer; aggregator,none,,,filing,filing,true,true,false,1,false
20261007T045834314282Z-codex.archivist.MD15.r3-a1,archivist,multi_document,MD15,3,1,fact,US$3.0 billion committed,US$3.0 billion,S1,filing,mosaic-finance.com,1,filing,filing,false,false,true,false,false,,none,,,filing,filing,true,false,false,1,false
20261007T045834314282Z-codex.archivist.MD15.r3-a1,archivist,multi_document,MD15,3,2,fact,"matures April 2, 2029","April 2, 2029",S1,filing,mosaic-finance.com,1,filing,filing,false,false,true,false,false,,none,,,filing,filing,true,false,false,1,false
20261007T045834314282Z-codex.archivist.MD15.r3-a1,archivist,multi_document,MD15,3,3,fact,the terminated facility was US$10.0 billion,US$10.0 billion,S1,filing,mosaic-finance.com,1,filing,filing,false,false,true,false,false,,none,,,filing,filing,true,false,false,1,false
20261007T045834314282Z-codex.archivist.MD15.r3-a1,archivist,multi_document,MD15,3,4,fact,"GE Form 8-K, filed April 2, 2024, Items 1.02 and 2.03","GE; Form 8-K; April 2, 2024; 1.02; 2.03",S1,filing,mosaic-finance.com,5,filing,filing,false,false,true,false,false,,none,,,filing,filing,true,false,false,2,false
20261007T045834314282Z-codex.archivist.MD15.r3-a1,archivist,multi_document,MD15,3,5,fact,"Retained earnings decreased by US$11,375 million","US$11,375 million",S2,filing,mosaic-finance.com,1,filing,filing,false,false,true,false,false,,none,,,filing,filing,true,false,false,1,false
20261007T045834314282Z-codex.archivist.MD15.r3-a1,archivist,multi_document,MD15,3,6,fact,"all GE Vernova shares were distributed on April 2, 2024","GE Vernova; April 2, 2024",S2,filing,mosaic-finance.com,2,filing,filing,false,false,true,false,false,,none,,,filing,filing,true,false,false,2,false
20261007T045834314282Z-codex.archivist.MD15.r3-a1,archivist,multi_document,MD15,3,7,fact,"GE fiscal 2024 Form 10-K, filed February 3, 2025, p. 41, footnote (b)","GE; fiscal 2024; Form 10-K; February 3, 2025; 41",S2,filing,mosaic-finance.com,4,unattributed,,false,false,false,false,false,,none,,,filing,filing,true,false,false,1,false
20261007T045842655868Z-codex.both.MD15.r3-a1,both,multi_document,MD15,3,1,fact,US$3.0 billion aggregate commitment.,US$3.0 billion,S1,filing,filing-source,1,filing,filing,false,false,true,true,false,issuer; forum; aggregator; reference,none,,,filing,filing,true,true,false,1,false
20261007T045842655868Z-codex.both.MD15.r3-a1,both,multi_document,MD15,3,2,fact,"Matures April 2, 2029.","April 2, 2029",S1,filing,filing-source,1,filing,filing,false,false,true,true,false,aggregator,none,,,filing,filing,true,true,false,1,false
20261007T045842655868Z-codex.both.MD15.r3-a1,both,multi_document,MD15,3,3,fact,The terminated facility was US$10.0 billion.,US$10.0 billion,S1,filing,filing-source,1,filing,filing,false,false,true,true,false,issuer; forum; aggregator; reference,none,,,filing,filing,true,true,false,1,false
20261007T045842655868Z-codex.both.MD15.r3-a1,both,multi_document,MD15,3,4,fact,"Retained earnings decreased by US$11,375 million.","US$11,375 million",S2,issuer,geaerospace.com,1,secondary,issuer,false,true,false,true,false,issuer,none,,,secondary,issuer,false,true,false,1,false
20261007T045842655868Z-codex.both.MD15.r3-a1,both,multi_document,MD15,3,5,fact,"The distribution was made April 2, 2024.","April 2, 2024",S2,issuer,geaerospace.com,1,filing,filing,false,true,true,true,false,issuer; forum; aggregator; reference,none,,,filing,filing,true,true,false,1,false
20261007T045906678463Z-codex.web.MP01.r1-a1,web,multi_period,MP01,1,1,fact,"Dollarama’s quarterly comparable store sales growth in Canada, taken from each quarter’s English MD&A: Q1 Fiscal 2026, filing date 2025-06-11, 4.9%, MD&A, p. 7.",Dollarama; Canada; Q1 Fiscal 2026; 2025-06-11; 4.9%; p. 7,S1,issuer,dollarama.com,6,secondary,issuer,false,true,false,false,false,issuer; forum; aggregator; news; reference; other,none,,,filing,filing,true,true,false,2,false
20261007T045906678463Z-codex.web.MP01.r1-a1,web,multi_period,MP01,1,2,fact,"Dollarama’s quarterly comparable store sales growth in Canada, taken from each quarter’s English MD&A: Q2 Fiscal 2026, filing date 2025-08-27, 4.9%, MD&A, p. 9.",Dollarama; Canada; Q2 Fiscal 2026; 2025-08-27; 4.9%; p. 9,S2,issuer,dollarama.com,6,secondary,issuer,false,true,false,false,false,issuer; forum; aggregator; news; reference; other,none,,,secondary,issuer,false,true,false,2,false
20261007T045906678463Z-codex.web.MP01.r1-a1,web,multi_period,MP01,1,3,fact,"Dollarama’s quarterly comparable store sales growth in Canada, taken from each quarter’s English MD&A: Q3 Fiscal 2026, filing date 2025-12-11, 6.0%, MD&A, p. 8.",Dollarama; Canada; Q3 Fiscal 2026; 2025-12-11; 6.0%; p. 8,S3,issuer,dollarama.com,7,secondary,issuer,false,true,false,false,false,issuer; forum; aggregator; news; reference; other,none,,,secondary,issuer,false,true,false,3,false
20261007T045906678463Z-codex.web.MP01.r1-a1,web,multi_period,MP01,1,4,fact,"Dollarama’s quarterly comparable store sales growth in Canada, taken from each quarter’s English MD&A: Q4 Fiscal 2026, filing date 2026-03-24, 1.5%, Annual MD&A, p. 8.",Dollarama; Canada; Q4 Fiscal 2026; 2026-03-24; 1.5%; p. 8,S4,issuer,dollarama.com,6,secondary,issuer,false,true,false,false,false,issuer; forum; aggregator; news; reference; other,none,,,secondary,issuer,false,true,false,2,false
20261007T045906678463Z-codex.web.MP01.r1-a1,web,multi_period,MP01,1,5,fact,"Dollarama’s quarterly comparable store sales growth in Canada, taken from each quarter’s English MD&A: Q1 Fiscal 2027, filing date 2026-06-11, 5.6%, MD&A, p. 8.",Dollarama; Canada; Q1 Fiscal 2027; 2026-06-11; 5.6%; p. 8,S5,issuer,dollarama.com,6,secondary,issuer,false,true,false,false,false,issuer; forum; aggregator; news; reference; other,none,,,filing,filing,true,true,false,2,false
20261007T045906678463Z-codex.web.MP01.r1-a1,web,multi_period,MP01,1,6,fact,"Dollarama’s quarterly comparable store sales growth in Canada, taken from each quarter’s English MD&A: Q2 Fiscal 2027, filing date 2026-09-16, 5.4%, MD&A, p. 10.",Dollarama; Canada; Q2 Fiscal 2027; 2026-09-16; 5.4%; p. 10,S6,issuer,dollarama.com,6,secondary,issuer,false,true,false,false,false,issuer; forum; aggregator; news; reference; other,none,,,secondary,issuer,false,true,false,2,false
20261007T045906678463Z-codex.web.MP01.r1-a1,web,multi_period,MP01,1,7,fact,Q4 Fiscal 2026’s 1.5% is the reported figure.,Q4 Fiscal 2026; 1.5%,,,,2,secondary,issuer,false,false,false,true,false,issuer; forum; aggregator,none,,,secondary,issuer,false,true,false,1,false
20261007T045906678463Z-codex.web.MP01.r1-a1,web,multi_period,MP01,1,8,fact,The MD&A separately gives 3.5% excluding the calendar-shift impact.,3.5%,,,,1,secondary,issuer,false,false,false,true,false,issuer; aggregator,none,,,secondary,issuer,false,true,false,1,false
20261007T045906679068Z-codex.archivist.MP01.r1-a1,archivist,multi_period,MP01,1,1,fact,"Dollarama’s quarterly comparable store sales growth in Canada, taken from each quarter’s English MD&A: Q1 Fiscal 2026, quarter ended May 4, 2025, 4.9%; MD&A filing date June 11, 2025.","Dollarama; Canada; Q1 Fiscal 2026; May 4, 2025; 4.9%; June 11, 2025",S1,filing,mosaic-finance.com,6,unattributed,,false,false,false,false,false,,none,,,filing,filing,true,false,false,1,false
20261007T045906679068Z-codex.archivist.MP01.r1-a1,archivist,multi_period,MP01,1,2,fact,"Dollarama’s quarterly comparable store sales growth in Canada, taken from each quarter’s English MD&A: Q2 Fiscal 2026, quarter ended August 3, 2025, 4.9%; MD&A filing date August 27, 2025.","Dollarama; Canada; Q2 Fiscal 2026; August 3, 2025; 4.9%; August 27, 2025",S2,filing,mosaic-finance.com,6,unattributed,,false,false,false,false,false,,none,,,filing,filing,true,false,false,1,false
20261007T045906679068Z-codex.archivist.MP01.r1-a1,archivist,multi_period,MP01,1,3,fact,"Dollarama’s quarterly comparable store sales growth in Canada, taken from each quarter’s English MD&A: Q3 Fiscal 2026, quarter ended November 2, 2025, 6.0%; MD&A filing date December 11, 2025.","Dollarama; Canada; Q3 Fiscal 2026; November 2, 2025; 6.0%; December 11, 2025",S3,filing,mosaic-finance.com,6,unattributed,,false,false,false,false,false,,none,,,filing,filing,true,false,false,1,false
20261007T045906679068Z-codex.archivist.MP01.r1-a1,archivist,multi_period,MP01,1,4,fact,"Dollarama’s quarterly comparable store sales growth in Canada: Q4 Fiscal 2026, quarter ended February 1, 2026, 1.5%; English annual MD&A filing date March 24, 2026.","Dollarama; Canada; Q4 Fiscal 2026; February 1, 2026; 1.5%; March 24, 2026",S4,filing,mosaic-finance.com,6,unattributed,,false,false,false,false,false,,none,,,filing,filing,true,false,false,1,false
20261007T045906679068Z-codex.archivist.MP01.r1-a1,archivist,multi_period,MP01,1,5,fact,"Dollarama’s quarterly comparable store sales growth in Canada, taken from each quarter’s English MD&A: Q1 Fiscal 2027, quarter ended May 3, 2026, 5.6%; MD&A filing date June 11, 2026.","Dollarama; Canada; Q1 Fiscal 2027; May 3, 2026; 5.6%; June 11, 2026",S5,filing,mosaic-finance.com,6,unattributed,,false,false,false,false,false,,none,,,filing,filing,true,false,false,1,false
20261007T045906679068Z-codex.archivist.MP01.r1-a1,archivist,multi_period,MP01,1,6,fact,"Dollarama’s quarterly comparable store sales growth in Canada, taken from each quarter’s English MD&A: Q2 Fiscal 2027, quarter ended August 2, 2026, 5.4%; MD&A filing date September 16, 2026.","Dollarama; Canada; Q2 Fiscal 2027; August 2, 2026; 5.4%; September 16, 2026",S6,filing,mosaic-finance.com,6,unattributed,,false,false,false,false,false,,none,,,filing,filing,true,false,false,1,false
20261007T045906679068Z-codex.archivist.MP01.r1-a1,archivist,multi_period,MP01,1,7,fact,Q4 Fiscal 2026’s reported 1.5% uses a 13-week comparison.,Q4 Fiscal 2026; 1.5%; 13-week,,,,3,unattributed,,false,false,false,false,false,,none,,,filing,filing,true,false,false,1,false
20261007T045906679068Z-codex.archivist.MP01.r1-a1,archivist,multi_period,MP01,1,8,fact,The annual MD&A also reports 3.5% excluding the calendar shift.,3.5%,,,,1,filing,filing,false,false,true,false,false,,none,,,filing,filing,true,false,false,1,false
20261007T045941681493Z-codex.both.MP01.r1-a1,both,multi_period,MP01,1,1,fact,"Dollarama’s Canadian comparable store sales growth for Q1 Fiscal 2026 was 4.9%, taken from that quarter’s English MD&A, filed 2025-06-11, p. 7.",Dollarama; Q1 Fiscal 2026; 4.9%; English MD&A; 2025-06-11; p. 7,S1,issuer,dollarama.com,6,secondary,issuer,false,true,false,false,false,issuer; forum; aggregator; reference; other,none,,,secondary,issuer,false,true,false,2,false
20261007T045941681493Z-codex.both.MP01.r1-a1,both,multi_period,MP01,1,2,fact,"Dollarama’s Canadian comparable store sales growth for Q2 Fiscal 2026 was 4.9%, taken from that quarter’s English MD&A, filed 2025-08-27, p. 9.",Dollarama; Q2 Fiscal 2026; 4.9%; English MD&A; 2025-08-27; p. 9,S2,issuer,dollarama.com,6,secondary,issuer,false,true,false,false,false,issuer; forum; aggregator; reference; other,none,,,secondary,issuer,false,true,false,2,false
20261007T045941681493Z-codex.both.MP01.r1-a1,both,multi_period,MP01,1,3,fact,"Dollarama’s Canadian comparable store sales growth for Q3 Fiscal 2026 was 6.0%, taken from that quarter’s English MD&A, filed 2025-12-11, p. 8.",Dollarama; Q3 Fiscal 2026; 6.0%; English MD&A; 2025-12-11; p. 8,S3,issuer,dollarama.com,7,secondary,issuer,false,true,false,false,false,issuer; forum; aggregator; reference; other,none,,,secondary,issuer,false,true,false,3,false
20261007T045941681493Z-codex.both.MP01.r1-a1,both,multi_period,MP01,1,4,fact,"Dollarama’s Canadian comparable store sales growth for Q4 Fiscal 2026 was 1.5%, taken from the English Annual MD&A, filed 2026-03-24, p. 8.",Dollarama; Q4 Fiscal 2026; 1.5%; Annual MD&A; 2026-03-24; p. 8,S4,issuer,dollarama.com,6,secondary,issuer,false,true,false,false,false,issuer; forum; aggregator; reference; other,none,,,secondary,issuer,false,true,false,2,false
20261007T045941681493Z-codex.both.MP01.r1-a1,both,multi_period,MP01,1,5,fact,"Dollarama’s Canadian comparable store sales growth for Q1 Fiscal 2027 was 5.6%, taken from that quarter’s English MD&A, filed 2026-06-11, p. 8.",Dollarama; Q1 Fiscal 2027; 5.6%; English MD&A; 2026-06-11; p. 8,S5,issuer,dollarama.com,6,secondary,issuer,false,true,false,false,false,issuer; forum; aggregator; reference; other,none,,,secondary,issuer,false,true,false,2,false
20261007T045941681493Z-codex.both.MP01.r1-a1,both,multi_period,MP01,1,6,fact,"Dollarama’s Canadian comparable store sales growth for Q2 Fiscal 2027 was 5.4%, taken from that quarter’s English MD&A, filed 2026-09-16, p. 10.",Dollarama; Q2 Fiscal 2027; 5.4%; English MD&A; 2026-09-16; p. 10,S6,issuer,dollarama.com,6,secondary,issuer,false,true,false,false,false,issuer; forum; aggregator; reference; other,none,,,secondary,issuer,false,true,false,2,false
20261007T045941681493Z-codex.both.MP01.r1-a1,both,multi_period,MP01,1,7,fact,Q4 Fiscal 2026 growth was measured on a 13-week basis.,Q4 Fiscal 2026; 13-week,S7,issuer,dollarama.com,2,secondary,issuer,false,true,false,false,false,issuer; other,none,,,secondary,issuer,false,false,false,2,false
20261007T045941681493Z-codex.both.MP01.r1-a1,both,multi_period,MP01,1,8,fact,"The MD&A also reports 3.5% excluding the calendar-shift impact for Q4 Fiscal 2026. Annual MD&A, p. 3.",MD&A; 3.5%; Q4 Fiscal 2026; Annual MD&A; p. 3,S7,issuer,dollarama.com,5,secondary,issuer,false,true,false,false,false,issuer; aggregator,none,,,secondary,issuer,false,true,false,1,false
20261007T045946757667Z-codex.web.MP02.r1-a1,web,multi_period,MP02,1,1,fact,"These are the reported, unadjusted operating ratios for each quarter, taken from that quarter’s English MD&A.",English MD&A,,,,1,unattributed,,false,false,false,false,false,,none,,,unattributed,,false,false,false,1,false
20261007T045946757667Z-codex.web.MP02.r1-a1,web,multi_period,MP02,1,2,fact,Q1 2024 | Filing date: 2024-04-23 | Operating ratio: 63.6% | Q1 MD&A,Q1 2024; 2024-04-23; 63.6%; Q1 MD&A,S1,filing,filing-source,4,secondary,issuer,false,false,false,false,false,issuer; promotional; aggregator,none,,,filing,filing,true,true,false,2,false
20261007T045946757667Z-codex.web.MP02.r1-a1,web,multi_period,MP02,1,3,fact,Q2 2024 | Filing date: 2024-07-23 | Operating ratio: 64.0% | Q2 MD&A,Q2 2024; 2024-07-23; 64.0%; Q2 MD&A,S2,filing,filing-source,4,secondary,issuer,false,false,false,true,false,issuer; promotional; aggregator,none,,,filing,filing,true,true,false,2,false
20261007T045946757667Z-codex.web.MP02.r1-a1,web,multi_period,MP02,1,4,fact,Q3 2024 | Filing date: 2024-10-22 | Operating ratio: 63.1% | Q3 MD&A,Q3 2024; 2024-10-22; 63.1%; Q3 MD&A,S3,filing,filing-source,4,secondary,issuer,false,false,false,true,false,issuer; forum; promotional; aggregator; reference,none,,,secondary,issuer,false,true,false,2,false
20261007T045946757667Z-codex.web.MP02.r1-a1,web,multi_period,MP02,1,5,fact,Q1 2025 | Filing date: 2025-05-01 | Operating ratio: 63.4% | Q1 MD&A,Q1 2025; 2025-05-01; 63.4%; Q1 MD&A,S4,filing,filing-source,3,secondary,issuer,false,false,false,false,false,issuer; aggregator; reference; other,none,,,filing,filing,true,true,false,1,false
20261007T045946757667Z-codex.web.MP02.r1-a1,web,multi_period,MP02,1,6,fact,Q2 2025 | Filing date: 2025-07-22 | Operating ratio: 61.7% | Q2 MD&A,Q2 2025; 2025-07-22; 61.7%; Q2 MD&A,S5,filing,filing-source,4,secondary,issuer,false,false,false,false,false,issuer; forum; promotional; aggregator,none,,,secondary,issuer,false,true,false,2,false
20261007T045946757667Z-codex.web.MP02.r1-a1,web,multi_period,MP02,1,7,fact,Q3 2025 | Filing date: 2025-10-31 | Operating ratio: 61.4% | Q3 MD&A,Q3 2025; 2025-10-31; 61.4%; Q3 MD&A,S6,filing,filing-source,4,secondary,issuer,false,false,false,true,false,issuer; promotional; aggregator; reference,none,,,filing,filing,true,true,false,2,false
20261007T045946757667Z-codex.web.MP02.r1-a1,web,multi_period,MP02,1,8,fact,Q1 2026 | Filing date: 2026-04-29 | Operating ratio: 64.6% | Q1 MD&A,Q1 2026; 2026-04-29; 64.6%; Q1 MD&A,S7,filing,filing-source,4,secondary,issuer,false,false,false,false,false,issuer; aggregator,none,,,filing,filing,true,false,false,2,false
20261007T045946757667Z-codex.web.MP02.r1-a1,web,multi_period,MP02,1,9,fact,Q2 2026 | Filing date: 2026-07-24 | Operating ratio: 62.5% | Q2 MD&A,Q2 2026; 2026-07-24; 62.5%; Q2 MD&A,S8,filing,filing-source,4,secondary,issuer,false,false,false,true,false,issuer; promotional; aggregator,none,,,filing,filing,true,true,false,2,false
20261007T050026890938Z-codex.archivist.MP02.r1-a1,archivist,multi_period,MP02,1,1,fact,"Each figure below is the reported operating ratio for the quarter (three months), taken from that quarter’s English MD&A.",three months; English MD&A,,,,2,unattributed,,false,false,false,false,false,,none,,,unattributed,,false,false,false,2,false
20261007T050026890938Z-codex.archivist.MP02.r1-a1,archivist,multi_period,MP02,1,2,fact,"Q1 2024 | March 31, 2024 | 63.6% | 2024-04-23","Q1 2024; March 31, 2024; 63.6%; 2024-04-23",S1,filing,mosaic-finance.com,4,unattributed,,false,false,false,false,false,,none,,,filing,filing,true,false,false,2,false
20261007T050026890938Z-codex.archivist.MP02.r1-a1,archivist,multi_period,MP02,1,3,fact,"Q2 2024 | June 30, 2024 | 64.0% | 2024-07-23","Q2 2024; June 30, 2024; 64.0%; 2024-07-23",S2,filing,mosaic-finance.com,4,unattributed,,false,false,false,false,false,,none,,,filing,filing,true,false,false,2,false
20261007T050026890938Z-codex.archivist.MP02.r1-a1,archivist,multi_period,MP02,1,4,fact,"Q3 2024 | September 30, 2024 | 63.1% | 2024-10-22","Q3 2024; September 30, 2024; 63.1%; 2024-10-22",S3,filing,mosaic-finance.com,4,unattributed,,false,false,false,false,false,,none,,,filing,filing,true,false,false,2,false
20261007T050026890938Z-codex.archivist.MP02.r1-a1,archivist,multi_period,MP02,1,5,fact,"Q1 2025 | March 31, 2025 | 63.4% | 2025-05-01","Q1 2025; March 31, 2025; 63.4%; 2025-05-01",S4,filing,mosaic-finance.com,3,unattributed,,false,false,false,false,false,,none,,,filing,filing,true,false,false,1,false
20261007T050026890938Z-codex.archivist.MP02.r1-a1,archivist,multi_period,MP02,1,6,fact,"Q2 2025 | June 30, 2025 | 61.7% | 2025-07-22","Q2 2025; June 30, 2025; 61.7%; 2025-07-22",S5,filing,mosaic-finance.com,4,unattributed,,false,false,false,false,false,,none,,,filing,filing,true,false,false,2,false
20261007T050026890938Z-codex.archivist.MP02.r1-a1,archivist,multi_period,MP02,1,7,fact,"Q3 2025 | September 30, 2025 | 61.4% | 2025-10-31","Q3 2025; September 30, 2025; 61.4%; 2025-10-31",S6,filing,mosaic-finance.com,4,unattributed,,false,false,false,false,false,,none,,,filing,filing,true,false,false,2,false
20261007T050026890938Z-codex.archivist.MP02.r1-a1,archivist,multi_period,MP02,1,8,fact,"Q1 2026 | March 31, 2026 | 64.6% | 2026-04-29","Q1 2026; March 31, 2026; 64.6%; 2026-04-29",S7,filing,mosaic-finance.com,4,unattributed,,false,false,false,false,false,,none,,,filing,filing,true,false,false,2,false
20261007T050026890938Z-codex.archivist.MP02.r1-a1,archivist,multi_period,MP02,1,9,fact,"Q2 2026 | June 30, 2026 | 62.5% | 2026-07-24","Q2 2026; June 30, 2026; 62.5%; 2026-07-24",S8,filing,mosaic-finance.com,4,unattributed,,false,false,false,false,false,,none,,,filing,filing,true,false,false,2,false
20261007T050043271350Z-codex.both.MP02.r1-a1,both,multi_period,MP02,1,1,fact,"Each figure below is the as-reported operating ratio for the three-month quarter, taken from that quarter’s English MD&A.",three-month,,,,1,unattributed,,false,false,false,false,false,,none,,,unattributed,,false,false,false,1,false
20261007T050043271350Z-codex.both.MP02.r1-a1,both,multi_period,MP02,1,2,fact,Q1 2024 | Period ended 2024-03-31 | Operating ratio 63.6% | MD&A filed 2024-04-23,Q1 2024; 2024-03-31; 63.6%; 2024-04-23,S1,filing,mosaic-finance.com,4,secondary,issuer,false,false,false,false,false,issuer; forum,none,,,filing,filing,true,true,true,3,false
20261007T050043271350Z-codex.both.MP02.r1-a1,both,multi_period,MP02,1,3,fact,Q2 2024 | Period ended 2024-06-30 | Operating ratio 64.0% | MD&A filed 2024-07-23,Q2 2024; 2024-06-30; 64.0%; 2024-07-23,S2,filing,mosaic-finance.com,3,secondary,issuer,false,false,false,false,false,issuer; forum,none,,,filing,filing,true,true,true,2,false
20261007T050043271350Z-codex.both.MP02.r1-a1,both,multi_period,MP02,1,4,fact,Q3 2024 | Period ended 2024-09-30 | Operating ratio 63.1% | MD&A filed 2024-10-22,Q3 2024; 2024-09-30; 63.1%; 2024-10-22,S3,filing,mosaic-finance.com,3,secondary,issuer,false,false,false,false,false,issuer; forum,none,,,filing,filing,true,true,true,2,false
20261007T050043271350Z-codex.both.MP02.r1-a1,both,multi_period,MP02,1,5,fact,Q1 2025 | Period ended 2025-03-31 | Operating ratio 63.4% | MD&A filed 2025-05-01,Q1 2025; 2025-03-31; 63.4%; 2025-05-01,S4,filing,mosaic-finance.com,3,secondary,issuer,false,false,false,false,false,issuer,none,,,filing,filing,true,true,true,2,false
20261007T050043271350Z-codex.both.MP02.r1-a1,both,multi_period,MP02,1,6,fact,Q2 2025 | Period ended 2025-06-30 | Operating ratio 61.7% | MD&A filed 2025-07-22,Q2 2025; 2025-06-30; 61.7%; 2025-07-22,S5,filing,mosaic-finance.com,3,secondary,issuer,false,false,false,false,false,issuer; forum,none,,,filing,filing,true,true,true,2,false
20261007T050043271350Z-codex.both.MP02.r1-a1,both,multi_period,MP02,1,7,fact,Q3 2025 | Period ended 2025-09-30 | Operating ratio 61.4% | MD&A filed 2025-10-31,Q3 2025; 2025-09-30; 61.4%; 2025-10-31,S6,filing,mosaic-finance.com,3,secondary,issuer,false,false,false,false,false,issuer,none,,,filing,filing,true,true,true,2,false
20261007T050043271350Z-codex.both.MP02.r1-a1,both,multi_period,MP02,1,8,fact,Q1 2026 | Period ended 2026-03-31 | Operating ratio 64.6% | MD&A filed 2026-04-29,Q1 2026; 2026-03-31; 64.6%; 2026-04-29,S7,filing,mosaic-finance.com,4,secondary,issuer,false,false,false,false,false,issuer; forum,none,,,filing,filing,true,false,false,3,false
20261007T050043271350Z-codex.both.MP02.r1-a1,both,multi_period,MP02,1,9,fact,Q2 2026 | Period ended 2026-06-30 | Operating ratio 62.5% | MD&A filed 2026-07-24,Q2 2026; 2026-06-30; 62.5%; 2026-07-24,S8,filing,mosaic-finance.com,3,filing,filing,false,false,true,true,false,issuer; forum,none,,,filing,filing,true,true,true,2,false
20261007T050118039895Z-codex.web.MP03.r1-a1,web,multi_period,MP03,1,1,fact,"RBC’s reported diluted EPS, in Canadian dollars per share: Q1 2025; filing date 2025-02-27; C$3.54; Q1 report, p. 7.",RBC; Q1 2025; 2025-02-27; C$3.54; Q1 report; p. 7,S1,issuer,rbc.com,6,secondary,issuer,false,true,false,false,false,issuer; forum; aggregator; other,none,,,filing,filing,true,true,false,2,false
20261007T050118039895Z-codex.web.MP03.r1-a1,web,multi_period,MP03,1,2,fact,"RBC’s reported diluted EPS, in Canadian dollars per share: Q2 2025; filing date 2025-05-29; C$3.02; Q2 report, p. 8.",RBC; Q2 2025; 2025-05-29; C$3.02; Q2 report; p. 8,S2,issuer,rbc.com,6,secondary,issuer,false,true,false,false,false,issuer; forum; aggregator; other,none,,,secondary,issuer,false,true,false,2,false
20261007T050118039895Z-codex.web.MP03.r1-a1,web,multi_period,MP03,1,3,fact,"RBC’s reported diluted EPS, in Canadian dollars per share: Q3 2025; filing date 2025-08-27; C$3.75; Q3 report, p. 8.",RBC; Q3 2025; 2025-08-27; C$3.75; Q3 report; p. 8,S3,issuer,rbc.com,6,secondary,issuer,false,true,false,false,false,issuer; forum; aggregator; other,none,,,filing,filing,true,true,false,2,false
20261007T050118039895Z-codex.web.MP03.r1-a1,web,multi_period,MP03,1,4,fact,"RBC’s reported diluted EPS, in Canadian dollars per share: Q4 2025; filing date 2025-12-03; C$3.76; 2025 annual MD&A, p. 59.",RBC; Q4 2025; 2025-12-03; C$3.76; 2025 annual MD&A; p. 59,S4,issuer,rbc.com,6,secondary,issuer,false,true,false,false,false,issuer; forum; aggregator; other,none,,,filing,filing,true,true,false,2,false
20261007T050118039895Z-codex.web.MP03.r1-a1,web,multi_period,MP03,1,5,fact,"RBC’s reported diluted EPS, in Canadian dollars per share: Q1 2026; filing date 2026-02-26; C$4.03; Q1 report, p. 7.",RBC; Q1 2026; 2026-02-26; C$4.03; Q1 report; p. 7,S5,issuer,rbc.com,6,secondary,issuer,false,true,false,false,false,issuer; forum; aggregator; other,none,,,secondary,issuer,false,true,false,2,false
20261007T050118039895Z-codex.web.MP03.r1-a1,web,multi_period,MP03,1,6,fact,"RBC’s reported diluted EPS, in Canadian dollars per share: Q2 2026; filing date 2026-05-28; C$3.85; Q2 report, p. 7.",RBC; Q2 2026; 2026-05-28; C$3.85; Q2 report; p. 7,S6,issuer,rbc.com,6,secondary,issuer,false,true,false,false,false,issuer; forum; aggregator; other,none,,,secondary,issuer,false,true,false,2,false
20261007T050118039895Z-codex.web.MP03.r1-a1,web,multi_period,MP03,1,7,fact,"RBC’s reported diluted EPS, in Canadian dollars per share: Q3 2026; filing date 2026-08-27; C$4.23; Q3 report, p. 7.",RBC; Q3 2026; 2026-08-27; C$4.23; Q3 report; p. 7,S7,issuer,rbc.com,6,secondary,issuer,false,true,false,false,false,issuer; forum; aggregator; other,none,,,filing,filing,true,true,false,2,false
20261007T050118039895Z-codex.web.MP03.r1-a1,web,multi_period,MP03,1,8,fact,"Each figure comes from that period’s MD&A and is as reported, not adjusted.",,,,,0,unattributed,,true,false,false,false,false,,none,,,unattributed,,false,false,false,0,true
20261007T050136471964Z-codex.archivist.MP03.r1-a1,archivist,multi_period,MP03,1,1,fact,Royal Bank of Canada’s reported diluted EPS for Q1 2025 (2025-01-31) was C$3.54; the English MD&A was filed 2025-02-27.,Royal Bank of Canada; Q1 2025; 2025-01-31; C$3.54; 2025-02-27,S1,filing,mosaic-finance.com,5,filing,filing,false,false,true,false,false,,none,,,filing,filing,true,false,false,3,false
20261007T050136471964Z-codex.archivist.MP03.r1-a1,archivist,multi_period,MP03,1,2,fact,Royal Bank of Canada’s reported diluted EPS for Q2 2025 (2025-04-30) was C$3.02; the English MD&A was filed 2025-05-29.,Royal Bank of Canada; Q2 2025; 2025-04-30; C$3.02; 2025-05-29,S2,filing,mosaic-finance.com,4,filing,filing,false,false,true,false,false,,none,,,filing,filing,true,false,false,2,false
20261007T050136471964Z-codex.archivist.MP03.r1-a1,archivist,multi_period,MP03,1,3,fact,Royal Bank of Canada’s reported diluted EPS for Q3 2025 (2025-07-31) was C$3.75; the English MD&A was filed 2025-08-27.,Royal Bank of Canada; Q3 2025; 2025-07-31; C$3.75; 2025-08-27,S3,filing,mosaic-finance.com,5,filing,filing,false,false,true,false,false,,none,,,filing,filing,true,false,false,3,false
20261007T050136471964Z-codex.archivist.MP03.r1-a1,archivist,multi_period,MP03,1,4,fact,"Royal Bank of Canada’s reported diluted EPS for Q4 2025 (2025-10-31) was C$3.76; the English MD&A was filed 2025-12-03 — annual MD&A, fourth-quarter performance.",Royal Bank of Canada; Q4 2025; 2025-10-31; C$3.76; 2025-12-03,S4,filing,mosaic-finance.com,5,filing,filing,false,false,true,false,false,,none,,,filing,filing,true,false,false,3,false
20261007T050136471964Z-codex.archivist.MP03.r1-a1,archivist,multi_period,MP03,1,5,fact,Royal Bank of Canada’s reported diluted EPS for Q1 2026 (2026-01-31) was C$4.03; the English MD&A was filed 2026-02-26.,Royal Bank of Canada; Q1 2026; 2026-01-31; C$4.03; 2026-02-26,S5,filing,mosaic-finance.com,5,filing,filing,false,false,true,false,false,,none,,,filing,filing,true,false,false,3,false
20261007T050136471964Z-codex.archivist.MP03.r1-a1,archivist,multi_period,MP03,1,6,fact,Royal Bank of Canada’s reported diluted EPS for Q2 2026 (2026-04-30) was C$3.85; the English MD&A was filed 2026-05-28.,Royal Bank of Canada; Q2 2026; 2026-04-30; C$3.85; 2026-05-28,S6,filing,mosaic-finance.com,4,filing,filing,false,false,true,false,false,,none,,,filing,filing,true,false,false,2,false
20261007T050136471964Z-codex.archivist.MP03.r1-a1,archivist,multi_period,MP03,1,7,fact,Royal Bank of Canada’s reported diluted EPS for Q3 2026 (2026-07-31) was C$4.23; the English MD&A was filed 2026-08-27.,Royal Bank of Canada; Q3 2026; 2026-07-31; C$4.23; 2026-08-27,S7,filing,mosaic-finance.com,5,filing,filing,false,false,true,false,false,,none,,,filing,filing,true,false,false,3,false
20261007T050136471964Z-codex.archivist.MP03.r1-a1,archivist,multi_period,MP03,1,8,fact,"Each figure is for the individual quarter, as reported—not adjusted or year-to-date.",,,,,0,unattributed,,true,false,false,false,false,,none,,,unattributed,,false,false,false,0,true
20261007T050200521232Z-codex.both.MP03.r1-a1,both,multi_period,MP03,1,1,fact,"RBC’s reported diluted EPS, in Canadian dollars per share: Q1 2025, filing date 2025-02-27, $3.54, Q1 report, p. 7.",RBC; Canadian dollars; Q1 2025; 2025-02-27; $3.54; p. 7,S1,issuer,rbc.com,6,secondary,issuer,false,true,false,false,false,issuer; forum; aggregator; other,none,,,secondary,issuer,false,true,false,2,false
20261007T050200521232Z-codex.both.MP03.r1-a1,both,multi_period,MP03,1,2,fact,"RBC’s reported diluted EPS, in Canadian dollars per share: Q2 2025, filing date 2025-05-29, $3.02, Q2 report, p. 8.",RBC; Canadian dollars; Q2 2025; 2025-05-29; $3.02; p. 8,S2,issuer,rbc.com,6,secondary,issuer,false,true,false,false,false,issuer; forum; aggregator; other,none,,,secondary,issuer,false,true,false,2,false
20261007T050200521232Z-codex.both.MP03.r1-a1,both,multi_period,MP03,1,3,fact,"RBC’s reported diluted EPS, in Canadian dollars per share: Q3 2025, filing date 2025-08-27, $3.75, Q3 report, p. 8.",RBC; Canadian dollars; Q3 2025; 2025-08-27; $3.75; p. 8,S3,issuer,rbc.com,6,secondary,issuer,false,true,false,false,false,issuer; forum; aggregator; other,none,,,secondary,issuer,false,true,false,2,false
20261007T050200521232Z-codex.both.MP03.r1-a1,both,multi_period,MP03,1,4,fact,"RBC’s reported diluted EPS, in Canadian dollars per share: Q4 2025, filing date 2025-12-03, $3.76, 2025 annual MD&A, p. 59.",RBC; Canadian dollars; Q4 2025; 2025-12-03; $3.76; 2025 annual MD&A; p. 59,S4,issuer,rbc.com,7,secondary,issuer,false,true,false,false,false,issuer; forum; promotional; aggregator; other,none,,,filing,filing,true,true,false,2,false
20261007T050200521232Z-codex.both.MP03.r1-a1,both,multi_period,MP03,1,5,fact,"RBC’s reported diluted EPS, in Canadian dollars per share: Q1 2026, filing date 2026-02-26, $4.03, Q1 report, p. 7.",RBC; Canadian dollars; Q1 2026; 2026-02-26; $4.03; p. 7,S5,issuer,rbc.com,6,secondary,issuer,false,true,false,false,false,issuer; forum; aggregator; other,none,,,secondary,issuer,false,true,false,2,false
20261007T050200521232Z-codex.both.MP03.r1-a1,both,multi_period,MP03,1,6,fact,"RBC’s reported diluted EPS, in Canadian dollars per share: Q2 2026, filing date 2026-05-28, $3.85, Q2 report, p. 7.",RBC; Canadian dollars; Q2 2026; 2026-05-28; $3.85; p. 7,S6,issuer,rbc.com,6,secondary,issuer,false,true,false,false,false,issuer; forum; aggregator; other,none,,,secondary,issuer,false,true,false,2,false
20261007T050200521232Z-codex.both.MP03.r1-a1,both,multi_period,MP03,1,7,fact,"RBC’s reported diluted EPS, in Canadian dollars per share: Q3 2026, filing date 2026-08-27, $4.23, Q3 report, p. 7.",RBC; Canadian dollars; Q3 2026; 2026-08-27; $4.23; p. 7,S7,issuer,rbc.com,6,secondary,issuer,false,true,false,false,false,issuer; forum; aggregator; other,none,,,secondary,issuer,false,true,false,2,false
20261007T050200521232Z-codex.both.MP03.r1-a1,both,multi_period,MP03,1,8,fact,"All figures are for the individual quarter, as reported—not adjusted or year-to-date.",,,,,0,unattributed,,true,false,false,false,false,,none,,,unattributed,,false,false,false,0,true
20261007T050234375830Z-codex.web.MP04.r1-a1,web,multi_period,MP04,1,1,fact,"Each figure comes from “Total upstream production” in that quarter’s English MD&A operating highlights, converted from mbbls/d to bbls/d.",,,,,0,unattributed,,true,false,false,false,false,,none,,,unattributed,,false,false,false,0,true
20261007T050234375830Z-codex.web.MP04.r1-a1,web,multi_period,MP04,1,2,fact,"Q1 2025: filing date 2025-05-06; total upstream production 853,200 bbls/d; MD&A, p. 7.","Q1 2025; 2025-05-06; 853,200; p. 7",S1,issuer,suncor.com,3,secondary,issuer,false,true,false,false,false,issuer,none,,,filing,filing,true,true,false,1,false
20261007T050234375830Z-codex.web.MP04.r1-a1,web,multi_period,MP04,1,3,fact,"Q2 2025: filing date 2025-08-05; total upstream production 808,100 bbls/d; MD&A, p. 7.","Q2 2025; 2025-08-05; 808,100; p. 7",S2,issuer,suncor.com,3,secondary,issuer,false,true,false,false,false,issuer; forum,none,,,filing,filing,true,true,false,1,false
20261007T050234375830Z-codex.web.MP04.r1-a1,web,multi_period,MP04,1,4,fact,"Q3 2025: filing date 2025-11-04; total upstream production 870,000 bbls/d; MD&A, p. 7.","Q3 2025; 2025-11-04; 870,000; p. 7",S3,issuer,suncor.com,4,secondary,issuer,false,true,false,false,false,issuer; forum,none,,,filing,filing,true,true,false,2,false
20261007T050234375830Z-codex.web.MP04.r1-a1,web,multi_period,MP04,1,5,fact,"Q1 2026: filing date 2026-05-05; total upstream production 875,200 bbls/d; MD&A, p. 8.","Q1 2026; 2026-05-05; 875,200; p. 8",S4,issuer,suncor.com,3,secondary,issuer,false,true,false,false,false,issuer,none,,,filing,filing,true,true,false,1,false
20261007T050234375830Z-codex.web.MP04.r1-a1,web,multi_period,MP04,1,6,fact,"Q2 2026: filing date 2026-08-04; total upstream production 760,900 bbls/d; MD&A, p. 8.","Q2 2026; 2026-08-04; 760,900; p. 8",S5,issuer,suncor.com,3,secondary,issuer,false,true,false,false,false,issuer; forum,none,,,filing,filing,true,true,false,1,false
20261007T050241599894Z-codex.archivist.MP04.r1-a1,archivist,multi_period,MP04,1,1,fact,"Each figure is from the “Total upstream production” row in that quarter’s English MD&A, using the three-month column.",,,,,0,unattributed,,true,false,false,false,false,,none,,,unattributed,,false,false,false,0,true
20261007T050241599894Z-codex.archivist.MP04.r1-a1,archivist,multi_period,MP04,1,2,fact,"Values reported in mbbls/d are multiplied by 1,000.","1,000",,,,0,unattributed,,true,false,false,false,false,,none,,,unattributed,,false,false,false,0,true
20261007T050241599894Z-codex.archivist.MP04.r1-a1,archivist,multi_period,MP04,1,3,fact,"Q1 2025 (March 31): Total upstream production (bbls/d) 853,200; MD&A filed 2025-05-06.","Q1 2025; March 31; 853,200; 2025-05-06",S1,filing,mosaic-finance.com,3,unattributed,,false,false,false,false,false,,none,,,filing,filing,true,false,false,1,false
20261007T050241599894Z-codex.archivist.MP04.r1-a1,archivist,multi_period,MP04,1,4,fact,"Q2 2025 (June 30): Total upstream production (bbls/d) 808,100; MD&A filed 2025-08-05.","Q2 2025; June 30; 808,100; 2025-08-05",S2,filing,mosaic-finance.com,3,unattributed,,false,false,false,false,false,,none,,,filing,filing,true,false,false,1,false
20261007T050241599894Z-codex.archivist.MP04.r1-a1,archivist,multi_period,MP04,1,5,fact,"Q3 2025 (September 30): Total upstream production (bbls/d) 870,000; MD&A filed 2025-11-04.","Q3 2025; September 30; 870,000; 2025-11-04",S3,filing,mosaic-finance.com,4,unattributed,,false,false,false,false,false,,none,,,filing,filing,true,false,false,2,false
20261007T050241599894Z-codex.archivist.MP04.r1-a1,archivist,multi_period,MP04,1,6,fact,"Q1 2026 (March 31): Total upstream production (bbls/d) 875,200; MD&A filed 2026-05-05.","Q1 2026; March 31; 875,200; 2026-05-05",S4,filing,mosaic-finance.com,3,unattributed,,false,false,false,false,false,,none,,,filing,filing,true,false,false,1,false
20261007T050241599894Z-codex.archivist.MP04.r1-a1,archivist,multi_period,MP04,1,7,fact,"Q2 2026 (June 30): Total upstream production (bbls/d) 760,900; MD&A filed 2026-08-04.","Q2 2026; June 30; 760,900; 2026-08-04",S5,filing,mosaic-finance.com,3,unattributed,,false,false,false,false,false,,none,,,filing,filing,true,false,false,1,false
20261007T050303540559Z-codex.both.MP04.r1-a1,both,multi_period,MP04,1,1,fact,"Each figure comes from the “Total upstream production” row in that quarter’s English MD&A, using the three-month column and converting mbbls/d to bbls/d.",three-month,,,,1,unattributed,,false,false,false,false,false,,none,,,unattributed,,false,false,false,1,false
20261007T050303540559Z-codex.both.MP04.r1-a1,both,multi_period,MP04,1,2,fact,"Q1 2025: Total upstream production (bbls/d) 853,200; period ended 2025-03-31; MD&A source (filing date) 2025-05-06.","Q1 2025; 853,200; 2025-03-31; 2025-05-06",S1,filing,mosaic-finance.com,3,unattributed,,false,false,false,false,false,,none,,,filing,filing,true,false,false,2,false
20261007T050303540559Z-codex.both.MP04.r1-a1,both,multi_period,MP04,1,3,fact,"Q2 2025: Total upstream production (bbls/d) 808,100; period ended 2025-06-30; MD&A source (filing date) 2025-08-05.","Q2 2025; 808,100; 2025-06-30; 2025-08-05",S2,filing,mosaic-finance.com,2,unattributed,,false,false,false,false,false,,none,,,filing,filing,true,false,false,1,false
20261007T050303540559Z-codex.both.MP04.r1-a1,both,multi_period,MP04,1,4,fact,"Q3 2025: Total upstream production (bbls/d) 870,000; period ended 2025-09-30; MD&A source (filing date) 2025-11-04.","Q3 2025; 870,000; 2025-09-30; 2025-11-04",S3,filing,mosaic-finance.com,3,unattributed,,false,false,false,false,false,,none,,,filing,filing,true,false,false,2,false
20261007T050303540559Z-codex.both.MP04.r1-a1,both,multi_period,MP04,1,5,fact,"Q1 2026: Total upstream production (bbls/d) 875,200; period ended 2026-03-31; MD&A source (filing date) 2026-05-05.","Q1 2026; 875,200; 2026-03-31; 2026-05-05",S4,filing,mosaic-finance.com,3,unattributed,,false,false,false,false,false,,none,,,filing,filing,true,false,false,2,false
20261007T050303540559Z-codex.both.MP04.r1-a1,both,multi_period,MP04,1,6,fact,"Q2 2026: Total upstream production (bbls/d) 760,900; period ended 2026-06-30; MD&A source (filing date) 2026-08-04.","Q2 2026; 760,900; 2026-06-30; 2026-08-04",S5,filing,mosaic-finance.com,2,unattributed,,false,false,false,false,false,,none,,,filing,filing,true,false,false,1,false
20261007T050314307731Z-codex.web.MP05.r1-a1,web,multi_period,MP05,1,1,fact,"Each figure is the Hasılat row in that period’s consolidated profit or loss statement, using the cumulative current-period column.",Hasılat,,,,1,filing,filing,false,false,true,true,false,aggregator,none,,,filing,filing,true,true,false,1,false
20261007T050314307731Z-codex.web.MP05.r1-a1,web,multi_period,MP05,1,2,fact,Amounts are millions of Turkish lira.,millions; Turkish lira,,,,2,unattributed,,false,false,false,false,false,,none,,,unattributed,,false,false,false,2,false
20261007T050314307731Z-codex.web.MP05.r1-a1,web,multi_period,MP05,1,3,fact,"2025-06-30 — six months; Report filed: 2025-08-05; YTD revenue (TRY million): 408,036.","2025-06-30; six months; 2025-08-05; TRY; million; 408,036",S1,aggregator,bigpara.hurriyet.com.tr,4,secondary,aggregator,false,true,false,false,false,aggregator,none,,,secondary,aggregator,false,true,false,1,false
20261007T050314307731Z-codex.web.MP05.r1-a1,web,multi_period,MP05,1,4,fact,"2025-09-30 — nine months; Report filed: 2025-11-07; YTD revenue (TRY million): 690,825.","2025-09-30; nine months; 2025-11-07; TRY; million; 690,825",S2,aggregator,mbigpara.hurriyet.com.tr,5,secondary,forum,false,true,false,false,false,forum; aggregator,none,,,secondary,forum,false,true,false,2,false
20261007T050314307731Z-codex.web.MP05.r1-a1,web,multi_period,MP05,1,5,fact,"2025-12-31 — full year; Report filed: 2026-03-04; YTD revenue (TRY million): 955,472.","2025-12-31; 2026-03-04; TRY; million; 955,472",S3,aggregator,mbigpara.hurriyet.com.tr,5,secondary,forum,false,true,false,false,false,forum; aggregator,none,,,secondary,forum,false,true,false,3,false
20261007T050314307731Z-codex.web.MP05.r1-a1,web,multi_period,MP05,1,6,fact,"2026-03-31 — three months; Report filed: 2026-04-29; YTD revenue (TRY million): 257,961.","2026-03-31; three months; 2026-04-29; TRY; million; 257,961",S4,aggregator,mbigpara.hurriyet.com.tr,6,secondary,forum,false,true,false,false,false,forum; aggregator,none,,,secondary,forum,false,true,false,3,false
20261007T050314307731Z-codex.web.MP05.r1-a1,web,multi_period,MP05,1,7,fact,"2026-06-30 — six months; Report filed: 2026-08-05; YTD revenue (TRY million): 585,069.","2026-06-30; six months; 2026-08-05; TRY; million; 585,069",S5,aggregator,kapveri.com,4,secondary,aggregator,false,true,false,false,false,aggregator,none,,,secondary,aggregator,false,true,false,1,false
20261007T050314307731Z-codex.web.MP05.r1-a1,web,multi_period,MP05,1,8,fact,KAP’s individual report pages returned access errors.,KAP,,,,1,filing,filing,false,false,true,true,false,forum; aggregator; other,none,,,filing,filing,true,true,false,1,false
20261007T050314307731Z-codex.web.MP05.r1-a1,web,multi_period,MP05,1,9,fact,The citations reproduce the respective original filings.,,,,,0,unattributed,,true,false,false,false,false,,none,,,unattributed,,false,false,false,0,true
20261007T050341233403Z-codex.archivist.MP05.r1-a1,archivist,multi_period,MP05,1,1,fact,"Each figure is the cumulative Hasılat from that period’s own consolidated profit or loss statement, in millions of Turkish lira.",millions of Turkish lira,,,,1,unattributed,,false,false,false,false,false,,none,,,unattributed,,false,false,false,1,false
20261007T050341233403Z-codex.archivist.MP05.r1-a1,archivist,multi_period,MP05,1,2,fact,"2025-06-30 — six months; Report filed: 2025-08-05; YTD revenue (TRY million): 408,036; Finansal Rapor, p. 3.","2025-06-30; six months; 2025-08-05; TRY million; 408,036; Finansal Rapor; p. 3",S1,filing,mosaic-finance.com,5,unattributed,,false,false,false,false,false,,none,,,filing,filing,true,false,false,1,false
20261007T050341233403Z-codex.archivist.MP05.r1-a1,archivist,multi_period,MP05,1,3,fact,"2025-09-30 — nine months; Report filed: 2025-11-07; YTD revenue (TRY million): 690,825; Finansal Rapor, p. 3.","2025-09-30; nine months; 2025-11-07; TRY million; 690,825; Finansal Rapor; p. 3",S2,filing,mosaic-finance.com,6,unattributed,,false,false,false,false,false,,none,,,filing,filing,true,false,false,2,false
20261007T050341233403Z-codex.archivist.MP05.r1-a1,archivist,multi_period,MP05,1,4,fact,"2025-12-31 — full year; Report filed: 2026-03-04; YTD revenue (TRY million): 955,472; Finansal Rapor, p. 3.","2025-12-31; 2026-03-04; TRY million; 955,472; Finansal Rapor; p. 3",S3,filing,mosaic-finance.com,6,unattributed,,false,false,false,false,false,,none,,,filing,filing,true,false,false,3,false
20261007T050341233403Z-codex.archivist.MP05.r1-a1,archivist,multi_period,MP05,1,5,fact,"2026-03-31 — three months; Report filed: 2026-04-29; YTD revenue (TRY million): 257,961; Finansal Rapor, p. 3.","2026-03-31; three months; 2026-04-29; TRY million; 257,961; Finansal Rapor; p. 3",S4,filing,mosaic-finance.com,7,unattributed,,false,false,false,false,false,,none,,,filing,filing,true,false,false,3,false
20261007T050341233403Z-codex.archivist.MP05.r1-a1,archivist,multi_period,MP05,1,6,fact,"2026-06-30 — six months; Report filed: 2026-08-05; YTD revenue (TRY million): 585,069; Finansal Rapor, p. 3.","2026-06-30; six months; 2026-08-05; TRY million; 585,069; Finansal Rapor; p. 3",S5,filing,mosaic-finance.com,5,unattributed,,false,false,false,false,false,,none,,,filing,filing,true,false,false,1,false
20261007T050404914340Z-codex.both.MP05.r1-a1,both,multi_period,MP05,1,1,fact,"Each figure is the Hasılat row for the cumulative period beginning 1 January, taken from that period’s own consolidated profit or loss statement.",Hasılat; 1 January,,,,2,secondary,aggregator,false,false,false,false,false,aggregator,none,,,secondary,aggregator,false,false,false,2,false
20261007T050404914340Z-codex.both.MP05.r1-a1,both,multi_period,MP05,1,2,fact,"2025-06-30 — six months; Report filed: 2025-08-05; YTD revenue (million TRY): 408,036; Financial report, p. 3.","2025-06-30; six months; 2025-08-05; TRY; 408,036; 3",S1,filing,mosaic-finance.com,3,unattributed,,false,false,false,false,false,,none,,,filing,filing,true,false,false,1,false
20261007T050404914340Z-codex.both.MP05.r1-a1,both,multi_period,MP05,1,3,fact,"2025-09-30 — nine months; Report filed: 2025-11-07; YTD revenue (million TRY): 690,825; Financial report, p. 3.","2025-09-30; nine months; 2025-11-07; TRY; 690,825; 3",S2,filing,mosaic-finance.com,4,secondary,forum,false,false,false,false,false,forum,none,,,filing,filing,true,false,false,2,false
20261007T050404914340Z-codex.both.MP05.r1-a1,both,multi_period,MP05,1,4,fact,"2025-12-31 — full year; Report filed: 2026-03-04; YTD revenue (million TRY): 955,472; Financial report, p. 3.","2025-12-31; 2026-03-04; TRY; 955,472; 3",S3,filing,mosaic-finance.com,4,secondary,aggregator,false,false,false,false,false,aggregator,none,,,filing,filing,true,false,false,3,false
20261007T050404914340Z-codex.both.MP05.r1-a1,both,multi_period,MP05,1,5,fact,"2026-03-31 — three months; Report filed: 2026-04-29; YTD revenue (million TRY): 257,961; Financial report, p. 3.","2026-03-31; three months; 2026-04-29; TRY; 257,961; 3",S4,filing,mosaic-finance.com,5,secondary,forum,false,false,false,false,false,forum; aggregator,none,,,filing,filing,true,false,false,3,false
20261007T050404914340Z-codex.both.MP05.r1-a1,both,multi_period,MP05,1,6,fact,"2026-06-30 — six months; Report filed: 2026-08-05; YTD revenue (million TRY): 585,069; Financial report, p. 3.","2026-06-30; six months; 2026-08-05; TRY; 585,069; 3",S5,filing,mosaic-finance.com,3,unattributed,,false,false,false,false,false,,none,,,filing,filing,true,false,false,1,false
20261007T050445890903Z-codex.web.MP01.r2-a1,web,multi_period,MP01,2,1,fact,"Dollarama’s quarterly comparable store sales growth in Canada for Q1 Fiscal 2026 was 4.9%; MD&A filing date: 2025-06-11; English MD&A source: Q1 MD&A, p. 7.",Dollarama; Canada; Q1 Fiscal 2026; 2025-06-11; 4.9%; Q1 MD&A; p. 7,S1,issuer,dollarama.com,7,secondary,issuer,false,true,false,false,false,issuer; forum; aggregator; reference; other,none,,,filing,filing,true,true,false,2,false
20261007T050445890903Z-codex.web.MP01.r2-a1,web,multi_period,MP01,2,2,fact,"Dollarama’s quarterly comparable store sales growth in Canada for Q2 Fiscal 2026 was 4.9%; MD&A filing date: 2025-08-27; English MD&A source: Q2 MD&A, p. 9.",Dollarama; Canada; Q2 Fiscal 2026; 2025-08-27; 4.9%; Q2 MD&A; p. 9,S2,issuer,dollarama.com,7,secondary,issuer,false,true,false,false,false,issuer; forum; aggregator; reference; other,none,,,secondary,issuer,false,true,false,2,false
20261007T050445890903Z-codex.web.MP01.r2-a1,web,multi_period,MP01,2,3,fact,"Dollarama’s quarterly comparable store sales growth in Canada for Q3 Fiscal 2026 was 6.0%; MD&A filing date: 2025-12-11; English MD&A source: Q3 MD&A, p. 8.",Dollarama; Canada; Q3 Fiscal 2026; 2025-12-11; 6.0%; Q3 MD&A; p. 8,S3,issuer,dollarama.com,8,secondary,issuer,false,true,false,false,false,issuer; forum; promotional; aggregator; reference; other,none,,,secondary,issuer,false,true,false,3,false
20261007T050445890903Z-codex.web.MP01.r2-a1,web,multi_period,MP01,2,4,fact,"Dollarama’s quarterly comparable store sales growth in Canada for Q4 Fiscal 2026 was 1.5%; MD&A filing date: 2026-03-24; English MD&A source: Annual MD&A, p. 8.",Dollarama; Canada; Q4 Fiscal 2026; 2026-03-24; 1.5%; Annual MD&A; p. 8,S4,issuer,dollarama.com,7,secondary,issuer,false,true,false,false,false,issuer; forum; aggregator; reference; other,none,,,secondary,issuer,false,true,false,2,false
20261007T050445890903Z-codex.web.MP01.r2-a1,web,multi_period,MP01,2,5,fact,"Dollarama’s quarterly comparable store sales growth in Canada for Q1 Fiscal 2027 was 5.6%; MD&A filing date: 2026-06-11; English MD&A source: Q1 MD&A, p. 8.",Dollarama; Canada; Q1 Fiscal 2027; 2026-06-11; 5.6%; Q1 MD&A; p. 8,S5,issuer,dollarama.com,7,secondary,issuer,false,true,false,false,false,issuer; forum; aggregator; reference; other,none,,,secondary,issuer,false,true,false,2,false
20261007T050445890903Z-codex.web.MP01.r2-a1,web,multi_period,MP01,2,6,fact,"Dollarama’s quarterly comparable store sales growth in Canada for Q2 Fiscal 2027 was 5.4%; MD&A filing date: 2026-09-16; English MD&A source: Q2 MD&A, reproduced by MarketScreener.",Dollarama; Canada; Q2 Fiscal 2027; 2026-09-16; 5.4%; Q2 MD&A; MarketScreener,S6,aggregator,marketscreener.com,7,secondary,issuer,false,true,false,false,false,issuer; forum; promotional; aggregator; reference; other,none,,,secondary,issuer,false,true,false,2,false
20261007T050445890903Z-codex.web.MP01.r2-a1,web,multi_period,MP01,2,7,fact,"Each figure comes from that quarter’s results discussion, rather than its year-to-date comparison.",,,,,0,unattributed,,true,false,false,false,false,,none,,,unattributed,,false,false,false,0,true
20261007T050455973776Z-codex.archivist.MP01.r2-a1,archivist,multi_period,MP01,2,1,fact,"Dollarama’s quarterly comparable store sales growth in Canada, taken from each quarter’s English MD&A: Q1 Fiscal 2026 (May 4, 2025), 4.9%; MD&A filed 2025-06-11.","Dollarama; Canada; Q1 Fiscal 2026; May 4, 2025; 4.9%; 2025-06-11",S1,filing,mosaic-finance.com,6,unattributed,,false,false,false,false,false,,none,,,filing,filing,true,false,false,2,false
20261007T050455973776Z-codex.archivist.MP01.r2-a1,archivist,multi_period,MP01,2,2,fact,"Dollarama’s quarterly comparable store sales growth in Canada, taken from each quarter’s English MD&A: Q2 Fiscal 2026 (August 3, 2025), 4.9%; MD&A filed 2025-08-27.","Dollarama; Canada; Q2 Fiscal 2026; August 3, 2025; 4.9%; 2025-08-27",S2,filing,mosaic-finance.com,6,unattributed,,false,false,false,false,false,,none,,,filing,filing,true,false,false,2,false
20261007T050455973776Z-codex.archivist.MP01.r2-a1,archivist,multi_period,MP01,2,3,fact,"Dollarama’s quarterly comparable store sales growth in Canada, taken from each quarter’s English MD&A: Q3 Fiscal 2026 (November 2, 2025), 6.0%; MD&A filed 2025-12-11.","Dollarama; Canada; Q3 Fiscal 2026; November 2, 2025; 6.0%; 2025-12-11",S3,filing,mosaic-finance.com,7,unattributed,,false,false,false,false,false,,none,,,filing,filing,true,false,false,3,false
20261007T050455973776Z-codex.archivist.MP01.r2-a1,archivist,multi_period,MP01,2,4,fact,"Dollarama’s quarterly comparable store sales growth in Canada, taken from each quarter’s English MD&A: Q4 Fiscal 2026 (February 1, 2026), 1.5%; MD&A filed 2026-03-24, annual MD&A.","Dollarama; Canada; Q4 Fiscal 2026; February 1, 2026; 1.5%; 2026-03-24",S4,filing,mosaic-finance.com,6,unattributed,,false,false,false,false,false,,none,,,filing,filing,true,false,false,2,false
20261007T050455973776Z-codex.archivist.MP01.r2-a1,archivist,multi_period,MP01,2,5,fact,"Dollarama’s quarterly comparable store sales growth in Canada, taken from each quarter’s English MD&A: Q1 Fiscal 2027 (May 3, 2026), 5.6%; MD&A filed 2026-06-11.","Dollarama; Canada; Q1 Fiscal 2027; May 3, 2026; 5.6%; 2026-06-11",S5,filing,mosaic-finance.com,6,unattributed,,false,false,false,false,false,,none,,,filing,filing,true,false,false,2,false
20261007T050455973776Z-codex.archivist.MP01.r2-a1,archivist,multi_period,MP01,2,6,fact,"Dollarama’s quarterly comparable store sales growth in Canada, taken from each quarter’s English MD&A: Q2 Fiscal 2027 (August 2, 2026), 5.4%; MD&A filed 2026-09-16.","Dollarama; Canada; Q2 Fiscal 2027; August 2, 2026; 5.4%; 2026-09-16",S6,filing,mosaic-finance.com,6,unattributed,,false,false,false,false,false,,none,,,filing,filing,true,false,false,2,false
20261007T050455973776Z-codex.archivist.MP01.r2-a1,archivist,multi_period,MP01,2,7,fact,Q4 Fiscal 2026’s reported 1.5% uses a 13-week comparison.,Q4 Fiscal 2026; 1.5%; 13-week,,,,3,unattributed,,false,false,false,false,false,,none,,,filing,filing,true,false,false,1,false
20261007T050455973776Z-codex.archivist.MP01.r2-a1,archivist,multi_period,MP01,2,8,fact,The same MD&A reports 3.5% excluding the calendar shift.,3.5%,,,,1,filing,filing,false,false,true,false,false,,none,,,filing,filing,true,false,false,1,false
20261007T050526080430Z-codex.both.MP01.r2-a1,both,multi_period,MP01,2,1,fact,"Dollarama’s quarterly comparable store sales growth in Canada, taken from the English MD&A: Q1 Fiscal 2026 (2025-05-04), 2025-06-11 MD&A, 4.9%.",Dollarama; Canada; Q1 Fiscal 2026; 2025-05-04; 2025-06-11; 4.9%,S1,filing,mosaic-finance.com,5,secondary,issuer,false,false,false,false,false,issuer; forum; aggregator; reference,none,,,filing,filing,true,true,true,2,false
20261007T050526080430Z-codex.both.MP01.r2-a1,both,multi_period,MP01,2,2,fact,"Dollarama’s quarterly comparable store sales growth in Canada, taken from the English MD&A: Q2 Fiscal 2026 (2025-08-03), 2025-08-27 MD&A, 4.9%.",Dollarama; Canada; Q2 Fiscal 2026; 2025-08-03; 2025-08-27; 4.9%,S2,filing,mosaic-finance.com,5,secondary,issuer,false,false,false,false,false,issuer; forum; aggregator; reference,none,,,filing,filing,true,true,true,2,false
20261007T050526080430Z-codex.both.MP01.r2-a1,both,multi_period,MP01,2,3,fact,"Dollarama’s quarterly comparable store sales growth in Canada, taken from the English MD&A: Q3 Fiscal 2026 (2025-11-02), 2025-12-11 MD&A, 6.0%.",Dollarama; Canada; Q3 Fiscal 2026; 2025-11-02; 2025-12-11; 6.0%,S3,filing,mosaic-finance.com,7,secondary,issuer,false,false,false,false,false,issuer; forum; aggregator; reference,none,,,filing,filing,true,true,true,4,false
20261007T050526080430Z-codex.both.MP01.r2-a1,both,multi_period,MP01,2,4,fact,"Dollarama’s quarterly comparable store sales growth in Canada, taken from the English MD&A: Q4 Fiscal 2026 (2026-02-01), 2026-03-24 annual MD&A, 1.5%.",Dollarama; Canada; Q4 Fiscal 2026; 2026-02-01; 2026-03-24; 1.5%,S4,filing,mosaic-finance.com,5,secondary,issuer,false,false,false,false,false,issuer; forum; aggregator; reference,none,,,filing,filing,true,true,true,2,false
20261007T050526080430Z-codex.both.MP01.r2-a1,both,multi_period,MP01,2,5,fact,"Dollarama’s quarterly comparable store sales growth in Canada, taken from the English MD&A: Q1 Fiscal 2027 (2026-05-03), 2026-06-11 MD&A, 5.6%.",Dollarama; Canada; Q1 Fiscal 2027; 2026-05-03; 2026-06-11; 5.6%,S5,filing,mosaic-finance.com,5,secondary,issuer,false,false,false,false,false,issuer; forum; aggregator; reference,none,,,filing,filing,true,true,true,2,false
20261007T050526080430Z-codex.both.MP01.r2-a1,both,multi_period,MP01,2,6,fact,"Dollarama’s quarterly comparable store sales growth in Canada, taken from the English MD&A: Q2 Fiscal 2027 (2026-08-02), 2026-09-16 MD&A, 5.4%.",Dollarama; Canada; Q2 Fiscal 2027; 2026-08-02; 2026-09-16; 5.4%,S6,filing,mosaic-finance.com,5,secondary,issuer,false,false,false,false,false,issuer; forum; aggregator; reference,none,,,filing,filing,true,false,false,2,false
20261007T050526080430Z-codex.both.MP01.r2-a1,both,multi_period,MP01,2,7,fact,Q4 Fiscal 2026’s 1.5% is the reported figure on a 13-week basis.,Q4 Fiscal 2026; 1.5%; 13-week,S4,filing,mosaic-finance.com,3,secondary,forum,false,false,false,false,false,forum,none,,,filing,filing,true,true,true,1,false
20261007T050526080430Z-codex.both.MP01.r2-a1,both,multi_period,MP01,2,8,fact,The MD&A separately gives 3.5% excluding the calendar shift.,3.5%,S4,filing,mosaic-finance.com,1,filing,filing,false,false,true,true,true,issuer; aggregator,none,,,filing,filing,true,true,true,1,false
20261007T050530898562Z-codex.web.MP02.r2-a1,web,multi_period,MP02,2,1,fact,"Q1 2024: filing date 2024-04-23; as-reported operating ratio 63.6%, taken from that quarter’s English MD&A.",Q1 2024; 2024-04-23; 63.6%,S1,filing,filing-source,3,secondary,issuer,false,false,false,false,false,issuer; aggregator,none,,,filing,filing,true,true,false,2,false
20261007T050530898562Z-codex.web.MP02.r2-a1,web,multi_period,MP02,2,2,fact,"Q2 2024: filing date 2024-07-23; as-reported operating ratio 64.0%, taken from that quarter’s English MD&A.",Q2 2024; 2024-07-23; 64.0%,S2,filing,filing-source,3,secondary,issuer,false,false,false,true,false,issuer; aggregator,none,,,filing,filing,true,true,false,2,false
20261007T050530898562Z-codex.web.MP02.r2-a1,web,multi_period,MP02,2,3,fact,"Q3 2024: filing date 2024-10-22; as-reported operating ratio 63.1%, taken from that quarter’s English MD&A, p. 31.",Q3 2024; 2024-10-22; 63.1%; p. 31,S3,issuer,cn.ca,4,secondary,issuer,false,true,false,false,false,issuer; forum; aggregator,none,,,filing,filing,true,true,false,2,false
20261007T050530898562Z-codex.web.MP02.r2-a1,web,multi_period,MP02,2,4,fact,"Q1 2025: filing date 2025-05-01; as-reported operating ratio 63.4%, taken from that quarter’s English MD&A, p. 26.",Q1 2025; 2025-05-01; 63.4%; p. 26,S4,issuer,cn.ca,3,secondary,issuer,false,true,false,false,false,issuer; forum; aggregator,none,,,filing,filing,true,true,false,1,false
20261007T050530898562Z-codex.web.MP02.r2-a1,web,multi_period,MP02,2,5,fact,"Q2 2025: filing date 2025-07-22; as-reported operating ratio 61.7%, taken from that quarter’s English MD&A.",Q2 2025; 2025-07-22; 61.7%,S5,filing,filing-source,3,secondary,issuer,false,false,false,false,false,issuer; forum; aggregator; news,none,,,filing,filing,true,true,false,2,false
20261007T050530898562Z-codex.web.MP02.r2-a1,web,multi_period,MP02,2,6,fact,"Q3 2025: filing date 2025-10-31; as-reported operating ratio 61.4%, taken from that quarter’s English MD&A.",Q3 2025; 2025-10-31; 61.4%,S6,filing,filing-source,3,secondary,issuer,false,false,false,true,false,issuer; forum; aggregator,none,,,filing,filing,true,true,false,2,false
20261007T050530898562Z-codex.web.MP02.r2-a1,web,multi_period,MP02,2,7,fact,"Q1 2026: filing date 2026-04-29; as-reported operating ratio 64.6%, taken from that quarter’s English MD&A.",Q1 2026; 2026-04-29; 64.6%,S7,filing,filing-source,3,filing,filing,false,false,true,true,false,issuer; forum; aggregator; news,none,,,filing,filing,true,true,false,2,false
20261007T050530898562Z-codex.web.MP02.r2-a1,web,multi_period,MP02,2,8,fact,"Q2 2026: filing date 2026-07-24; as-reported operating ratio 62.5%, taken from that quarter’s English MD&A.",Q2 2026; 2026-07-24; 62.5%,S8,filing,filing-source,3,secondary,issuer,false,false,false,false,false,issuer; aggregator,none,,,filing,filing,true,true,false,2,false
20261007T050621151493Z-codex.archivist.MP02.r2-a1,archivist,multi_period,MP02,2,1,fact,"Q1 2024, period ended 2024-03-31: reported, unadjusted operating ratio of 63.6%, taken from that quarter’s English MD&A, filed 2024-04-23.",Q1 2024; 2024-03-31; 63.6%; 2024-04-23,S1,filing,mosaic-finance.com,4,unattributed,,false,false,false,false,false,,none,,,filing,filing,true,false,false,3,false
20261007T050621151493Z-codex.archivist.MP02.r2-a1,archivist,multi_period,MP02,2,2,fact,"Q2 2024, period ended 2024-06-30: reported, unadjusted operating ratio of 64.0%, taken from that quarter’s English MD&A, filed 2024-07-23.",Q2 2024; 2024-06-30; 64.0%; 2024-07-23,S2,filing,mosaic-finance.com,3,unattributed,,false,false,false,false,false,,none,,,filing,filing,true,false,false,2,false
20261007T050621151493Z-codex.archivist.MP02.r2-a1,archivist,multi_period,MP02,2,3,fact,"Q3 2024, period ended 2024-09-30: reported, unadjusted operating ratio of 63.1%, taken from that quarter’s English MD&A, filed 2024-10-22.",Q3 2024; 2024-09-30; 63.1%; 2024-10-22,S3,filing,mosaic-finance.com,3,unattributed,,false,false,false,false,false,,none,,,filing,filing,true,false,false,2,false
20261007T050621151493Z-codex.archivist.MP02.r2-a1,archivist,multi_period,MP02,2,4,fact,"Q1 2025, period ended 2025-03-31: reported, unadjusted operating ratio of 63.4%, taken from that quarter’s English MD&A, filed 2025-05-01.",Q1 2025; 2025-03-31; 63.4%; 2025-05-01,S4,filing,mosaic-finance.com,3,unattributed,,false,false,false,false,false,,none,,,filing,filing,true,false,false,2,false
20261007T050621151493Z-codex.archivist.MP02.r2-a1,archivist,multi_period,MP02,2,5,fact,"Q2 2025, period ended 2025-06-30: reported, unadjusted operating ratio of 61.7%, taken from that quarter’s English MD&A, filed 2025-07-22.",Q2 2025; 2025-06-30; 61.7%; 2025-07-22,S5,filing,mosaic-finance.com,3,unattributed,,false,false,false,false,false,,none,,,filing,filing,true,false,false,2,false
20261007T050621151493Z-codex.archivist.MP02.r2-a1,archivist,multi_period,MP02,2,6,fact,"Q3 2025, period ended 2025-09-30: reported, unadjusted operating ratio of 61.4%, taken from that quarter’s English MD&A, filed 2025-10-31.",Q3 2025; 2025-09-30; 61.4%; 2025-10-31,S6,filing,mosaic-finance.com,3,unattributed,,false,false,false,false,false,,none,,,filing,filing,true,false,false,2,false
20261007T050621151493Z-codex.archivist.MP02.r2-a1,archivist,multi_period,MP02,2,7,fact,"Q1 2026, period ended 2026-03-31: reported, unadjusted operating ratio of 64.6%, taken from that quarter’s English MD&A, filed 2026-04-29.",Q1 2026; 2026-03-31; 64.6%; 2026-04-29,S7,filing,mosaic-finance.com,4,unattributed,,false,false,false,false,false,,none,,,filing,filing,true,false,false,3,false
20261007T050621151493Z-codex.archivist.MP02.r2-a1,archivist,multi_period,MP02,2,8,fact,"Q2 2026, period ended 2026-06-30: reported, unadjusted operating ratio of 62.5%, taken from that quarter’s English MD&A, filed 2026-07-24.",Q2 2026; 2026-06-30; 62.5%; 2026-07-24,S8,filing,mosaic-finance.com,3,unattributed,,false,false,false,false,false,,none,,,filing,filing,true,false,false,2,false
20261007T050622108458Z-codex.both.MP02.r2-a1,both,multi_period,MP02,2,1,fact,"Each figure below is the reported, unadjusted operating ratio for the three-month quarter, taken from that quarter’s English MD&A.",three-month,,,,1,unattributed,,false,false,false,false,false,,none,,,unattributed,,false,false,false,1,false
20261007T050622108458Z-codex.both.MP02.r2-a1,both,multi_period,MP02,2,2,fact,Q1 2024: Period ended 2024-03-31; MD&A filed 2024-04-23; Operating ratio 63.6%.,Q1 2024; 2024-03-31; 2024-04-23; 63.6%,S1,filing,mosaic-finance.com,4,secondary,issuer,false,false,false,true,false,issuer; forum; other,none,,,filing,filing,true,true,true,3,false
20261007T050622108458Z-codex.both.MP02.r2-a1,both,multi_period,MP02,2,3,fact,Q2 2024: Period ended 2024-06-30; MD&A filed 2024-07-23; Operating ratio 64.0%.,Q2 2024; 2024-06-30; 2024-07-23; 64.0%,S2,filing,mosaic-finance.com,3,secondary,forum,false,false,false,false,false,forum; other,none,,,filing,filing,true,true,true,2,false
20261007T050622108458Z-codex.both.MP02.r2-a1,both,multi_period,MP02,2,4,fact,Q3 2024: Period ended 2024-09-30; MD&A filed 2024-10-22; Operating ratio 63.1%.,Q3 2024; 2024-09-30; 2024-10-22; 63.1%,S3,filing,mosaic-finance.com,3,secondary,issuer,false,false,false,false,false,issuer; other,none,,,filing,filing,true,false,false,2,false
20261007T050622108458Z-codex.both.MP02.r2-a1,both,multi_period,MP02,2,5,fact,Q1 2025: Period ended 2025-03-31; MD&A filed 2025-05-01; Operating ratio 63.4%.,Q1 2025; 2025-03-31; 2025-05-01; 63.4%,S4,filing,mosaic-finance.com,3,secondary,issuer,false,false,false,false,false,issuer; other,none,,,filing,filing,true,true,true,2,false
20261007T050622108458Z-codex.both.MP02.r2-a1,both,multi_period,MP02,2,6,fact,Q2 2025: Period ended 2025-06-30; MD&A filed 2025-07-22; Operating ratio 61.7%.,Q2 2025; 2025-06-30; 2025-07-22; 61.7%,S5,filing,mosaic-finance.com,3,secondary,issuer,false,false,false,true,false,issuer; forum; other,none,,,filing,filing,true,true,true,2,false
20261007T050622108458Z-codex.both.MP02.r2-a1,both,multi_period,MP02,2,7,fact,Q3 2025: Period ended 2025-09-30; MD&A filed 2025-10-31; Operating ratio 61.4%.,Q3 2025; 2025-09-30; 2025-10-31; 61.4%,S6,filing,mosaic-finance.com,3,secondary,issuer,false,false,false,false,false,issuer; other,none,,,filing,filing,true,false,false,2,false
20261007T050622108458Z-codex.both.MP02.r2-a1,both,multi_period,MP02,2,8,fact,Q1 2026: Period ended 2026-03-31; MD&A filed 2026-04-29; Operating ratio 64.6%.,Q1 2026; 2026-03-31; 2026-04-29; 64.6%,S7,filing,mosaic-finance.com,4,secondary,issuer,false,false,false,false,false,issuer; other,none,,,filing,filing,true,true,true,3,false
20261007T050622108458Z-codex.both.MP02.r2-a1,both,multi_period,MP02,2,9,fact,Q2 2026: Period ended 2026-06-30; MD&A filed 2026-07-24; Operating ratio 62.5%.,Q2 2026; 2026-06-30; 2026-07-24; 62.5%,S8,filing,mosaic-finance.com,3,secondary,issuer,false,false,false,true,false,issuer; forum; other,none,,,filing,filing,true,true,true,2,false
20261007T050709386088Z-codex.web.MP03.r2-a1,web,multi_period,MP03,2,1,fact,"RBC’s reported diluted EPS, in Canadian dollars per share, for Q1 2025 was C$3.54; filing date 2025-02-27; Q1 report, p. 12.",RBC; Q1 2025; C$3.54; 2025-02-27; Q1 report; p. 12,S1,issuer,rbc.com,6,secondary,issuer,false,true,false,false,false,issuer; forum; aggregator; reference; other,none,,,filing,filing,true,true,false,2,false
20261007T050709386088Z-codex.web.MP03.r2-a1,web,multi_period,MP03,2,2,fact,"RBC’s reported diluted EPS, in Canadian dollars per share, for Q2 2025 was C$3.02; filing date 2025-05-29; Q2 report, p. 14.",RBC; Q2 2025; C$3.02; 2025-05-29; Q2 report; p. 14,S2,issuer,rbc.com,6,secondary,issuer,false,true,false,false,false,issuer; forum; aggregator; reference; other,none,,,secondary,issuer,false,true,false,2,false
20261007T050709386088Z-codex.web.MP03.r2-a1,web,multi_period,MP03,2,3,fact,"RBC’s reported diluted EPS, in Canadian dollars per share, for Q3 2025 was C$3.75; filing date 2025-08-27; Q3 report, p. 14.",RBC; Q3 2025; C$3.75; 2025-08-27; Q3 report; p. 14,S3,issuer,rbc.com,6,secondary,issuer,false,true,false,false,false,issuer; forum; aggregator; reference; other,none,,,secondary,issuer,false,true,false,2,false
20261007T050709386088Z-codex.web.MP03.r2-a1,web,multi_period,MP03,2,4,fact,"RBC’s reported diluted EPS, in Canadian dollars per share, for Q4 2025 was C$3.76; filing date 2025-12-03; Annual MD&A, printed p. 60, Table 35.",RBC; Q4 2025; C$3.76; 2025-12-03; Annual MD&A; printed p. 60; Table 35,S4,issuer,rns-pdf.londonstockexchange.com,7,secondary,issuer,false,true,false,false,false,issuer; forum; aggregator; reference; other,none,,,secondary,issuer,false,true,false,2,false
20261007T050709386088Z-codex.web.MP03.r2-a1,web,multi_period,MP03,2,5,fact,"RBC’s reported diluted EPS, in Canadian dollars per share, for Q1 2026 was C$4.03; filing date 2026-02-26; Q1 report, p. 12.",RBC; Q1 2026; C$4.03; 2026-02-26; Q1 report; p. 12,S5,issuer,rbc.com,6,secondary,issuer,false,true,false,false,false,issuer; forum; aggregator; reference; other,none,,,secondary,issuer,false,true,false,2,false
20261007T050709386088Z-codex.web.MP03.r2-a1,web,multi_period,MP03,2,6,fact,"RBC’s reported diluted EPS, in Canadian dollars per share, for Q2 2026 was C$3.85; filing date 2026-05-28; Q2 report, p. 13.",RBC; Q2 2026; C$3.85; 2026-05-28; Q2 report; p. 13,S6,issuer,rbc.com,6,secondary,issuer,false,true,false,false,false,issuer; forum; aggregator; reference; other,none,,,filing,filing,true,true,false,2,false
20261007T050709386088Z-codex.web.MP03.r2-a1,web,multi_period,MP03,2,7,fact,"RBC’s reported diluted EPS, in Canadian dollars per share, for Q3 2026 was C$4.23; filing date 2026-08-27; Q3 report, p. 14.",RBC; Q3 2026; C$4.23; 2026-08-27; Q3 report; p. 14,S7,issuer,rbc.com,6,secondary,issuer,false,true,false,false,false,issuer; forum; aggregator; reference; other,none,,,secondary,issuer,false,true,false,2,false
20261007T050709386088Z-codex.web.MP03.r2-a1,web,multi_period,MP03,2,8,fact,"RBC’s reported diluted EPS, in Canadian dollars per share, from each period’s English MD&A.",RBC,,,,1,filing,filing,false,false,true,true,false,issuer; forum; aggregator; reference; other,none,,,filing,filing,true,true,false,1,false
20261007T050709386088Z-codex.web.MP03.r2-a1,web,multi_period,MP03,2,9,fact,"All figures are quarterly, as reported—not adjusted or year-to-date.",,,,,0,unattributed,,true,false,false,false,false,,none,,,unattributed,,false,false,false,0,true
20261007T050721933632Z-codex.archivist.MP03.r2-a1,archivist,multi_period,MP03,2,1,fact,"RBC’s reported diluted EPS for Q1 2025, quarter ended Jan. 31, 2025, was C$3.54; the English MD&A filing date was 2025-02-27.","RBC; Q1 2025; Jan. 31, 2025; C$3.54; 2025-02-27",S1,filing,mosaic-finance.com,5,unattributed,,false,false,false,false,false,,none,,,filing,filing,true,false,false,2,false
20261007T050721933632Z-codex.archivist.MP03.r2-a1,archivist,multi_period,MP03,2,2,fact,"RBC’s reported diluted EPS for Q2 2025, quarter ended Apr. 30, 2025, was C$3.02; the English MD&A filing date was 2025-05-29.","RBC; Q2 2025; Apr. 30, 2025; C$3.02; 2025-05-29",S2,filing,mosaic-finance.com,5,unattributed,,false,false,false,false,false,,none,,,filing,filing,true,false,false,2,false
20261007T050721933632Z-codex.archivist.MP03.r2-a1,archivist,multi_period,MP03,2,3,fact,"RBC’s reported diluted EPS for Q3 2025, quarter ended July 31, 2025, was C$3.75; the English MD&A filing date was 2025-08-27.","RBC; Q3 2025; July 31, 2025; C$3.75; 2025-08-27",S3,filing,mosaic-finance.com,5,filing,filing,false,false,true,false,false,,none,,,filing,filing,true,false,false,2,false
20261007T050721933632Z-codex.archivist.MP03.r2-a1,archivist,multi_period,MP03,2,4,fact,"RBC’s reported diluted EPS for Q4 2025, quarter ended Oct. 31, 2025, was C$3.76; the English Annual MD&A filing date was 2025-12-03.","RBC; Q4 2025; Oct. 31, 2025; C$3.76; 2025-12-03",S4,filing,mosaic-finance.com,5,unattributed,,false,false,false,false,false,,none,,,filing,filing,true,false,false,2,false
20261007T050721933632Z-codex.archivist.MP03.r2-a1,archivist,multi_period,MP03,2,5,fact,"RBC’s reported diluted EPS for Q1 2026, quarter ended Jan. 31, 2026, was C$4.03; the English MD&A filing date was 2026-02-26.","RBC; Q1 2026; Jan. 31, 2026; C$4.03; 2026-02-26",S5,filing,mosaic-finance.com,5,unattributed,,false,false,false,false,false,,none,,,filing,filing,true,false,false,2,false
20261007T050721933632Z-codex.archivist.MP03.r2-a1,archivist,multi_period,MP03,2,6,fact,"RBC’s reported diluted EPS for Q2 2026, quarter ended Apr. 30, 2026, was C$3.85; the English MD&A filing date was 2026-05-28.","RBC; Q2 2026; Apr. 30, 2026; C$3.85; 2026-05-28",S6,filing,mosaic-finance.com,5,unattributed,,false,false,false,false,false,,none,,,filing,filing,true,false,false,2,false
20261007T050721933632Z-codex.archivist.MP03.r2-a1,archivist,multi_period,MP03,2,7,fact,"RBC’s reported diluted EPS for Q3 2026, quarter ended July 31, 2026, was C$4.23; the English MD&A filing date was 2026-08-27.","RBC; Q3 2026; July 31, 2026; C$4.23; 2026-08-27",S7,filing,mosaic-finance.com,5,unattributed,,false,false,false,false,false,,none,,,filing,filing,true,false,false,2,false
20261007T050721933632Z-codex.archivist.MP03.r2-a1,archivist,multi_period,MP03,2,8,fact,"Each figure comes from that period’s MD&A and represents quarterly, as-reported EPS—not adjusted or year-to-date EPS.",,,,,0,unattributed,,true,false,false,false,false,,none,,,unattributed,,false,false,false,0,true
20261007T050759910206Z-codex.both.MP03.r2-a1,both,multi_period,MP03,2,1,fact,"RBC’s reported diluted EPS (Canadian dollars per share), taken from the English MD&A for each respective period.",RBC; English MD&A,,,,2,secondary,issuer,false,false,false,false,false,issuer; forum; promotional; aggregator; reference; other,none,,,secondary,issuer,false,false,false,2,false
20261007T050759910206Z-codex.both.MP03.r2-a1,both,multi_period,MP03,2,2,fact,"Q1 2025 | 2025-02-27 | C$3.54 | Q1 2025, p. 7",Q1 2025; 2025-02-27; C$3.54; p. 7,S1,issuer,rbc.com,4,secondary,issuer,false,true,false,false,false,issuer; forum,none,,,secondary,issuer,false,true,false,2,false
20261007T050759910206Z-codex.both.MP03.r2-a1,both,multi_period,MP03,2,3,fact,"Q2 2025 | 2025-05-29 | C$3.02 | Q2 2025, p. 8",Q2 2025; 2025-05-29; C$3.02; p. 8,S2,issuer,rbc.com,4,secondary,issuer,false,true,false,false,false,issuer; forum; aggregator,none,,,secondary,issuer,false,true,false,2,false
20261007T050759910206Z-codex.both.MP03.r2-a1,both,multi_period,MP03,2,4,fact,"Q3 2025 | 2025-08-27 | C$3.75 | Q3 2025, p. 8",Q3 2025; 2025-08-27; C$3.75; p. 8,S3,issuer,rbc.com,4,secondary,issuer,false,true,false,false,false,issuer; forum,none,,,secondary,issuer,false,true,false,2,false
20261007T050759910206Z-codex.both.MP03.r2-a1,both,multi_period,MP03,2,5,fact,"Q4 2025 | 2025-12-03 | C$3.76 | Annual 2025 MD&A, “Fourth quarter performance,” p. 59",Q4 2025; 2025-12-03; C$3.76; Annual 2025 MD&A; Fourth quarter performance; p. 59,S4,filing,mosaic-finance.com,6,secondary,issuer,false,false,false,false,false,issuer; forum; promotional; aggregator; other,none,,,filing,filing,true,true,true,2,false
20261007T050759910206Z-codex.both.MP03.r2-a1,both,multi_period,MP03,2,6,fact,"Q1 2026 | 2026-02-26 | C$4.03 | Q1 2026, p. 7",Q1 2026; 2026-02-26; C$4.03; p. 7,S5,issuer,rbc.com,4,secondary,issuer,false,true,false,false,false,issuer; forum,none,,,secondary,issuer,false,true,false,2,false
20261007T050759910206Z-codex.both.MP03.r2-a1,both,multi_period,MP03,2,7,fact,"Q2 2026 | 2026-05-28 | C$3.85 | Q2 2026, p. 7",Q2 2026; 2026-05-28; C$3.85; p. 7,S6,issuer,rbc.com,4,secondary,issuer,false,true,false,false,false,issuer; promotional; aggregator,none,,,secondary,issuer,false,true,false,2,false
20261007T050759910206Z-codex.both.MP03.r2-a1,both,multi_period,MP03,2,8,fact,"Q3 2026 | 2026-08-27 | C$4.23 | Q3 2026, p. 7",Q3 2026; 2026-08-27; C$4.23; p. 7,S7,issuer,rbc.com,4,secondary,issuer,false,true,false,false,false,issuer; forum,none,,,secondary,issuer,false,true,false,2,false
20261007T050759910206Z-codex.both.MP03.r2-a1,both,multi_period,MP03,2,9,fact,"All figures are for the individual quarter, not year-to-date or adjusted EPS.",,,,,0,unattributed,,true,false,false,false,false,,none,,,unattributed,,false,false,false,0,true
20261007T050819987419Z-codex.web.MP04.r2-a1,web,multi_period,MP04,2,1,fact,"Each figure comes from the “Total upstream production” row in that quarter’s English MD&A, under Operating Highlights.",,,,,0,unattributed,,true,false,false,false,false,,none,,,unattributed,,false,false,false,0,true
20261007T050819987419Z-codex.web.MP04.r2-a1,web,multi_period,MP04,2,2,fact,"Values in mbbls/d are multiplied by 1,000.","1,000",,,,0,unattributed,,true,false,false,false,false,,none,,,unattributed,,false,false,false,0,true
20261007T050819987419Z-codex.web.MP04.r2-a1,web,multi_period,MP04,2,3,fact,"Q1 2025 total upstream production: 853,200 bbls/d; MD&A filing date: 2025-05-06; MD&A, p. 7.","Q1 2025; 853,200; 2025-05-06; p. 7",S1,issuer,suncor.com,3,secondary,issuer,false,true,false,false,false,issuer; aggregator,none,,,filing,filing,true,true,false,1,false
20261007T050819987419Z-codex.web.MP04.r2-a1,web,multi_period,MP04,2,4,fact,"Q2 2025 total upstream production: 808,100 bbls/d; MD&A filing date: 2025-08-05; MD&A, p. 7.","Q2 2025; 808,100; 2025-08-05; p. 7",S2,issuer,suncor.com,3,secondary,issuer,false,true,false,false,false,issuer; aggregator,none,,,filing,filing,true,true,false,1,false
20261007T050819987419Z-codex.web.MP04.r2-a1,web,multi_period,MP04,2,5,fact,"Q3 2025 total upstream production: 870,000 bbls/d; MD&A filing date: 2025-11-04; MD&A, p. 7.","Q3 2025; 870,000; 2025-11-04; p. 7",S3,issuer,suncor.com,4,secondary,issuer,false,true,false,false,false,issuer; aggregator,none,,,filing,filing,true,true,false,2,false
20261007T050819987419Z-codex.web.MP04.r2-a1,web,multi_period,MP04,2,6,fact,"Q1 2026 total upstream production: 875,200 bbls/d; MD&A filing date: 2026-05-05; MD&A, p. 8.","Q1 2026; 875,200; 2026-05-05; p. 8",S4,issuer,suncor.com,3,secondary,issuer,false,true,false,false,false,issuer,none,,,filing,filing,true,true,false,1,false
20261007T050819987419Z-codex.web.MP04.r2-a1,web,multi_period,MP04,2,7,fact,"Q2 2026 total upstream production: 760,900 bbls/d; MD&A filing date: 2026-08-04; MD&A, p. 8.","Q2 2026; 760,900; 2026-08-04; p. 8",S5,issuer,suncor.com,3,secondary,issuer,false,true,false,false,false,issuer,none,,,filing,filing,true,true,false,1,false
20261007T050848630126Z-codex.archivist.MP04.r2-a1,archivist,multi_period,MP04,2,1,fact,"Each figure is from the “Total upstream production” row in that quarter’s English MD&A, using the three-month column.",,,,,0,unattributed,,true,false,false,false,false,,none,,,unattributed,,false,false,false,0,true
20261007T050848630126Z-codex.archivist.MP04.r2-a1,archivist,multi_period,MP04,2,2,fact,Values reported in mbbls/d are converted to bbls/d.,,,,,0,unattributed,,true,false,false,false,false,,none,,,unattributed,,false,false,false,0,true
20261007T050848630126Z-codex.archivist.MP04.r2-a1,archivist,multi_period,MP04,2,3,fact,"Q1 2025 (March 31): Total upstream production (bbls/d) — 853,200; MD&A filed — 2025-05-06.","Q1 2025; March 31; 853,200; 2025-05-06",S1,filing,mosaic-finance.com,3,unattributed,,false,false,false,false,false,,none,,,filing,filing,true,false,false,1,false
20261007T050848630126Z-codex.archivist.MP04.r2-a1,archivist,multi_period,MP04,2,4,fact,"Q2 2025 (June 30): Total upstream production (bbls/d) — 808,100; MD&A filed — 2025-08-05.","Q2 2025; June 30; 808,100; 2025-08-05",S2,filing,mosaic-finance.com,3,unattributed,,false,false,false,false,false,,none,,,filing,filing,true,false,false,1,false
20261007T050848630126Z-codex.archivist.MP04.r2-a1,archivist,multi_period,MP04,2,5,fact,"Q3 2025 (September 30): Total upstream production (bbls/d) — 870,000; MD&A filed — 2025-11-04.","Q3 2025; September 30; 870,000; 2025-11-04",S3,filing,mosaic-finance.com,4,unattributed,,false,false,false,false,false,,none,,,filing,filing,true,false,false,2,false
20261007T050848630126Z-codex.archivist.MP04.r2-a1,archivist,multi_period,MP04,2,6,fact,"Q1 2026 (March 31): Total upstream production (bbls/d) — 875,200; MD&A filed — 2026-05-05.","Q1 2026; March 31; 875,200; 2026-05-05",S4,filing,mosaic-finance.com,3,unattributed,,false,false,false,false,false,,none,,,filing,filing,true,false,false,1,false
20261007T050848630126Z-codex.archivist.MP04.r2-a1,archivist,multi_period,MP04,2,7,fact,"Q2 2026 (June 30): Total upstream production (bbls/d) — 760,900; MD&A filed — 2026-08-04.","Q2 2026; June 30; 760,900; 2026-08-04",S5,filing,mosaic-finance.com,3,unattributed,,false,false,false,false,false,,none,,,filing,filing,true,false,false,1,false
20261007T050851213262Z-codex.both.MP04.r2-a1,both,multi_period,MP04,2,1,fact,"Each figure comes from the “Total upstream production” row in that quarter’s English MD&A, converted from mbbls/d to bbls/d.",,,,,0,unattributed,,true,false,false,false,false,,none,,,unattributed,,false,false,false,0,true
20261007T050851213262Z-codex.both.MP04.r2-a1,both,multi_period,MP04,2,2,fact,"Q1 2025 | Filed 2025-05-06 | Total upstream production (bbls/d): 853,200 | MD&A, p. 7","Q1 2025; 2025-05-06; 853,200; 7",S1,issuer,suncor.com,2,secondary,issuer,false,true,false,false,false,issuer; aggregator,none,,,filing,filing,true,true,false,1,false
20261007T050851213262Z-codex.both.MP04.r2-a1,both,multi_period,MP04,2,3,fact,"Q2 2025 | Filed 2025-08-05 | Total upstream production (bbls/d): 808,100 | MD&A, p. 7","Q2 2025; 2025-08-05; 808,100; 7",S2,issuer,suncor.com,2,secondary,issuer,false,true,false,false,false,issuer,none,,,filing,filing,true,true,false,1,false
20261007T050851213262Z-codex.both.MP04.r2-a1,both,multi_period,MP04,2,4,fact,"Q3 2025 | Filed 2025-11-04 | Total upstream production (bbls/d): 870,000 | MD&A, p. 7","Q3 2025; 2025-11-04; 870,000; 7",S3,issuer,suncor.com,3,secondary,issuer,false,true,false,false,false,issuer,none,,,secondary,issuer,false,true,false,2,false
20261007T050851213262Z-codex.both.MP04.r2-a1,both,multi_period,MP04,2,5,fact,"Q1 2026 | Filed 2026-05-05 | Total upstream production (bbls/d): 875,200 | MD&A, p. 8","Q1 2026; 2026-05-05; 875,200; 8",S4,issuer,suncor.com,2,secondary,issuer,false,true,false,false,false,issuer,none,,,secondary,issuer,false,true,false,1,false
20261007T050851213262Z-codex.both.MP04.r2-a1,both,multi_period,MP04,2,6,fact,"Q2 2026 | Filed 2026-08-04 | Total upstream production (bbls/d): 760,900 | MD&A, p. 8","Q2 2026; 2026-08-04; 760,900; 8",S5,issuer,suncor.com,2,secondary,issuer,false,true,false,true,false,issuer; forum,none,,,secondary,issuer,false,true,false,1,false
20261007T050936019948Z-codex.web.MP05.r2-a1,web,multi_period,MP05,2,1,fact,"Each figure is cumulative YTD Hasılat, from that period’s consolidated profit or loss statement, in millions of Turkish lira.",Hasılat; millions of Turkish lira,,,,2,secondary,aggregator,false,false,false,false,false,aggregator,none,,,secondary,aggregator,false,false,false,2,false
20261007T050936019948Z-codex.web.MP05.r2-a1,web,multi_period,MP05,2,2,fact,"2025-06-30 — six months; Filed 2025-08-05; Revenue (TL million) 408,036; KAP filing reproduced by Bigpara.","2025-06-30; six months; 2025-08-05; TL million; 408,036; KAP; Bigpara",S1,aggregator,bigpara.hurriyet.com.tr,5,secondary,forum,false,true,false,false,false,forum; aggregator; other,none,,,filing,filing,true,true,false,1,false
20261007T050936019948Z-codex.web.MP05.r2-a1,web,multi_period,MP05,2,3,fact,"2025-09-30 — nine months; Filed 2025-11-07; Revenue (TL million) 690,825; KAP report, p. 5.","2025-09-30; nine months; 2025-11-07; TL million; 690,825; KAP; p. 5",S2,filing,filing-source,6,secondary,forum,false,false,false,false,false,forum; aggregator; other,none,,,filing,filing,true,false,false,2,false
20261007T050936019948Z-codex.web.MP05.r2-a1,web,multi_period,MP05,2,4,fact,"2025-12-31 — full year; Filed 2026-03-04; Revenue (TL million) 955,472; KAP report, p. 14.","2025-12-31; 2026-03-04; TL million; 955,472; KAP; p. 14",S3,filing,filing-source,6,secondary,forum,false,false,false,false,false,forum; aggregator; other,none,,,filing,filing,true,false,false,3,false
20261007T050936019948Z-codex.web.MP05.r2-a1,web,multi_period,MP05,2,5,fact,"2026-03-31 — three months; Filed 2026-04-29; Revenue (TL million) 257,961; KAP report, p. 5.","2026-03-31; three months; 2026-04-29; TL million; 257,961; KAP; p. 5",S4,filing,filing-source,7,secondary,forum,false,false,false,false,false,forum; aggregator; other,none,,,filing,filing,true,true,false,3,false
20261007T050936019948Z-codex.web.MP05.r2-a1,web,multi_period,MP05,2,6,fact,"2026-06-30 — six months; Filed 2026-08-05; Revenue (TL million) 585,069; KAP financial statements, printed p. 3.","2026-06-30; six months; 2026-08-05; TL million; 585,069; KAP; printed p. 3",S5,filing,filing-source,5,secondary,forum,false,false,false,false,false,forum; aggregator; other,none,,,filing,filing,true,true,false,1,false
20261007T050936312166Z-codex.archivist.MP05.r2-a1,archivist,multi_period,MP05,2,1,fact,"Each figure is the cumulative Hasılat from that period’s own consolidated profit or loss statement, in millions of Turkish lira.",Turkish lira,,,,1,unattributed,,false,false,false,false,false,,none,,,unattributed,,false,false,false,1,false
20261007T050936312166Z-codex.archivist.MP05.r2-a1,archivist,multi_period,MP05,2,2,fact,"Six months ended 2025-06-30; Report filed 2025-08-05; YTD revenue (TL million): 408,036.","2025-06-30; 2025-08-05; TL; 408,036",S1,filing,mosaic-finance.com,2,filing,filing,false,false,true,false,false,,none,,,filing,filing,true,false,false,1,false
20261007T050936312166Z-codex.archivist.MP05.r2-a1,archivist,multi_period,MP05,2,3,fact,"Nine months ended 2025-09-30; Report filed 2025-11-07; YTD revenue (TL million): 690,825.","2025-09-30; 2025-11-07; TL; 690,825",S2,filing,mosaic-finance.com,3,filing,filing,false,false,true,false,false,,none,,,filing,filing,true,false,false,2,false
20261007T050936312166Z-codex.archivist.MP05.r2-a1,archivist,multi_period,MP05,2,4,fact,"Year ended 2025-12-31; Report filed 2026-03-04; YTD revenue (TL million): 955,472.","2025-12-31; 2026-03-04; TL; 955,472",S3,filing,mosaic-finance.com,4,filing,filing,false,false,true,false,false,,none,,,filing,filing,true,false,false,3,false
20261007T050936312166Z-codex.archivist.MP05.r2-a1,archivist,multi_period,MP05,2,5,fact,"Three months ended 2026-03-31; Report filed 2026-04-29; YTD revenue (TL million): 257,961.","2026-03-31; 2026-04-29; TL; 257,961",S4,filing,mosaic-finance.com,4,filing,filing,false,false,true,false,false,,none,,,filing,filing,true,false,false,3,false
20261007T050936312166Z-codex.archivist.MP05.r2-a1,archivist,multi_period,MP05,2,6,fact,"Six months ended 2026-06-30; Report filed 2026-08-05; YTD revenue (TL million): 585,069.","2026-06-30; 2026-08-05; TL; 585,069",S5,filing,mosaic-finance.com,2,filing,filing,false,false,true,false,false,,none,,,filing,filing,true,false,false,1,false
20261007T051019241348Z-codex.both.MP05.r2-a1,both,multi_period,MP05,2,1,fact,Each figure is the Hasılat line from the current-period cumulative column of that period’s consolidated report.,,,,,0,unattributed,,true,false,false,false,false,,none,,,unattributed,,false,false,false,0,true
20261007T051019241348Z-codex.both.MP05.r2-a1,both,multi_period,MP05,2,2,fact,Amounts are in millions of Turkish lira.,Turkish lira,,,,1,secondary,news,false,false,false,true,false,news,none,,,secondary,news,false,true,false,1,false
20261007T051019241348Z-codex.both.MP05.r2-a1,both,multi_period,MP05,2,3,fact,"Six months ended 2025-06-30 | Report filed 2025-08-05 | Revenue (TRY million): 408,036.","Six months; 2025-06-30; 2025-08-05; TRY; 408,036",S1,filing,mosaic-finance.com,3,secondary,aggregator,false,false,false,false,false,aggregator; news,none,,,filing,filing,true,true,true,1,false
20261007T051019241348Z-codex.both.MP05.r2-a1,both,multi_period,MP05,2,4,fact,"Nine months ended 2025-09-30 | Report filed 2025-11-07 | Revenue (TRY million): 690,825.","Nine months; 2025-09-30; 2025-11-07; TRY; 690,825",S2,filing,mosaic-finance.com,4,secondary,aggregator,false,false,false,false,false,aggregator; news,none,,,filing,filing,true,false,false,2,false
20261007T051019241348Z-codex.both.MP05.r2-a1,both,multi_period,MP05,2,5,fact,"Year ended 2025-12-31 | Report filed 2026-03-04 | Revenue (TRY million): 955,472.","2025-12-31; 2026-03-04; TRY; 955,472",S3,filing,mosaic-finance.com,4,secondary,forum,false,false,false,false,false,forum; aggregator; news,none,,,filing,filing,true,false,false,3,false
20261007T051019241348Z-codex.both.MP05.r2-a1,both,multi_period,MP05,2,6,fact,"Three months ended 2026-03-31 | Report filed 2026-04-29 | Revenue (TRY million): 257,961.","Three months; 2026-03-31; 2026-04-29; TRY; 257,961",S4,filing,mosaic-finance.com,5,secondary,forum,false,false,false,false,false,forum; aggregator,none,,,filing,filing,true,true,true,3,false
20261007T051019241348Z-codex.both.MP05.r2-a1,both,multi_period,MP05,2,7,fact,"Six months ended 2026-06-30 | Report filed 2026-08-05 | Revenue (TRY million): 585,069.","Six months; 2026-06-30; 2026-08-05; TRY; 585,069",S5,filing,mosaic-finance.com,3,secondary,aggregator,false,false,false,false,false,aggregator; news,none,,,filing,filing,true,true,true,1,false
20261007T051043238288Z-codex.web.MP01.r3-a1,web,multi_period,MP01,3,1,fact,"Dollarama’s Canadian comparable store sales growth for Q1 Fiscal 2026 was 4.9%, taken from the quarter’s English MD&A, filed 2025-06-11, p. 7.",Dollarama; Q1 Fiscal 2026; 4.9%; 2025-06-11; p. 7,S1,issuer,dollarama.com,5,secondary,issuer,false,true,false,false,false,issuer; forum; promotional; aggregator; other,none,,,filing,filing,true,true,false,2,false
20261007T051043238288Z-codex.web.MP01.r3-a1,web,multi_period,MP01,3,2,fact,"Dollarama’s Canadian comparable store sales growth for Q2 Fiscal 2026 was 4.9%, taken from the quarter’s English MD&A, filed 2025-08-27, p. 9.",Dollarama; Q2 Fiscal 2026; 4.9%; 2025-08-27; p. 9,S2,issuer,dollarama.com,5,secondary,issuer,false,true,false,false,false,issuer; forum; promotional; aggregator; other,none,,,secondary,issuer,false,true,false,2,false
20261007T051043238288Z-codex.web.MP01.r3-a1,web,multi_period,MP01,3,3,fact,"Dollarama’s Canadian comparable store sales growth for Q3 Fiscal 2026 was 6.0%, taken from the quarter’s English MD&A, filed 2025-12-11, p. 8.",Dollarama; Q3 Fiscal 2026; 6.0%; 2025-12-11; p. 8,S3,issuer,dollarama.com,6,secondary,issuer,false,true,false,false,false,issuer; forum; promotional; aggregator; other,none,,,secondary,issuer,false,true,false,3,false
20261007T051043238288Z-codex.web.MP01.r3-a1,web,multi_period,MP01,3,4,fact,"Dollarama’s Canadian comparable store sales growth for Q4 Fiscal 2026 was 1.5%, taken from the English Annual MD&A, filed 2026-03-24, p. 8.",Dollarama; Q4 Fiscal 2026; 1.5%; 2026-03-24; p. 8,S4,issuer,dollarama.com,5,secondary,issuer,false,true,false,false,false,issuer; forum; promotional; aggregator; other,none,,,secondary,issuer,false,true,false,2,false
20261007T051043238288Z-codex.web.MP01.r3-a1,web,multi_period,MP01,3,5,fact,"Dollarama’s Canadian comparable store sales growth for Q1 Fiscal 2027 was 5.6%, taken from the quarter’s English MD&A, filed 2026-06-11, p. 8.",Dollarama; Q1 Fiscal 2027; 5.6%; 2026-06-11; p. 8,S5,issuer,dollarama.com,5,secondary,issuer,false,true,false,false,false,issuer; forum; promotional; aggregator; other,none,,,secondary,issuer,false,true,false,2,false
20261007T051043238288Z-codex.web.MP01.r3-a1,web,multi_period,MP01,3,6,fact,"Dollarama’s Canadian comparable store sales growth for Q2 Fiscal 2027 was 5.4%, taken from the quarter’s English MD&A, filed 2026-09-16, reproduced by MarketScreener.",Dollarama; Q2 Fiscal 2027; 5.4%; 2026-09-16; MarketScreener,S6,aggregator,marketscreener.com,5,secondary,issuer,false,true,false,false,false,issuer; forum; promotional; aggregator; other,none,,,secondary,issuer,false,true,false,2,false
20261007T051043238288Z-codex.web.MP01.r3-a1,web,multi_period,MP01,3,7,fact,Q4 Fiscal 2026’s reported 1.5% is determined on a 13-week basis.,Q4 Fiscal 2026; 1.5%; 13-week,,,,3,secondary,issuer,false,false,false,true,false,issuer; forum; aggregator,none,,,secondary,issuer,false,true,false,1,false
20261007T051043238288Z-codex.web.MP01.r3-a1,web,multi_period,MP01,3,8,fact,The annual MD&A also gives 3.5% excluding the calendar-shift impact.,3.5%,,,,1,secondary,issuer,false,false,false,true,false,issuer; aggregator,none,,,secondary,issuer,false,true,false,1,false
20261007T051116380583Z-codex.archivist.MP01.r3-a1,archivist,multi_period,MP01,3,1,fact,"Dollarama’s Canadian comparable store sales growth: Q1 Fiscal 2026, period ended May 4, 2025, 4.9%; English MD&A filed 2025-06-11.","Dollarama; Q1 Fiscal 2026; May 4, 2025; 4.9%; 2025-06-11",S1,filing,mosaic-finance.com,5,unattributed,,false,false,false,false,false,,none,,,filing,filing,true,false,false,2,false
20261007T051116380583Z-codex.archivist.MP01.r3-a1,archivist,multi_period,MP01,3,2,fact,"Dollarama’s Canadian comparable store sales growth: Q2 Fiscal 2026, period ended August 3, 2025, 4.9%; English MD&A filed 2025-08-27.","Dollarama; Q2 Fiscal 2026; August 3, 2025; 4.9%; 2025-08-27",S2,filing,mosaic-finance.com,5,unattributed,,false,false,false,false,false,,none,,,filing,filing,true,false,false,2,false
20261007T051116380583Z-codex.archivist.MP01.r3-a1,archivist,multi_period,MP01,3,3,fact,"Dollarama’s Canadian comparable store sales growth: Q3 Fiscal 2026, period ended November 2, 2025, 6.0%; English MD&A filed 2025-12-11.","Dollarama; Q3 Fiscal 2026; November 2, 2025; 6.0%; 2025-12-11",S3,filing,mosaic-finance.com,6,unattributed,,false,false,false,false,false,,none,,,filing,filing,true,false,false,3,false
20261007T051116380583Z-codex.archivist.MP01.r3-a1,archivist,multi_period,MP01,3,4,fact,"Dollarama’s Canadian comparable store sales growth: Q4 Fiscal 2026, period ended February 1, 2026, 1.5%; English annual MD&A filed 2026-03-24.","Dollarama; Q4 Fiscal 2026; February 1, 2026; 1.5%; 2026-03-24",S4,filing,mosaic-finance.com,5,unattributed,,false,false,false,false,false,,none,,,filing,filing,true,false,false,2,false
20261007T051116380583Z-codex.archivist.MP01.r3-a1,archivist,multi_period,MP01,3,5,fact,"Dollarama’s Canadian comparable store sales growth: Q1 Fiscal 2027, period ended May 3, 2026, 5.6%; English MD&A filed 2026-06-11.","Dollarama; Q1 Fiscal 2027; May 3, 2026; 5.6%; 2026-06-11",S5,filing,mosaic-finance.com,5,unattributed,,false,false,false,false,false,,none,,,filing,filing,true,false,false,2,false
20261007T051116380583Z-codex.archivist.MP01.r3-a1,archivist,multi_period,MP01,3,6,fact,"Dollarama’s Canadian comparable store sales growth: Q2 Fiscal 2027, period ended August 2, 2026, 5.4%; English MD&A filed 2026-09-16.","Dollarama; Q2 Fiscal 2027; August 2, 2026; 5.4%; 2026-09-16",S6,filing,mosaic-finance.com,5,unattributed,,false,false,false,false,false,,none,,,filing,filing,true,false,false,2,false
20261007T051116380583Z-codex.archivist.MP01.r3-a1,archivist,multi_period,MP01,3,7,fact,Q4 Fiscal 2026’s reported 1.5% uses a 13-week comparison.,Q4 Fiscal 2026; 1.5%; 13-week,,,,3,unattributed,,false,false,false,false,false,,none,,,filing,filing,true,false,false,1,false
20261007T051116380583Z-codex.archivist.MP01.r3-a1,archivist,multi_period,MP01,3,8,fact,The MD&A separately reports 3.5% excluding the calendar shift.,3.5%,,,,1,filing,filing,false,false,true,false,false,,none,,,filing,filing,true,false,false,1,false
20261007T051128725209Z-codex.both.MP01.r3-a1,both,multi_period,MP01,3,1,fact,"Dollarama’s quarterly comparable store sales growth in Canada: Q1 Fiscal 2026, quarter ended May 4, 2025, 4.9%; English MD&A filing date June 11, 2025.","Dollarama; Canada; Q1 Fiscal 2026; May 4, 2025; 4.9%; June 11, 2025",S1,filing,mosaic-finance.com,6,secondary,issuer,false,false,false,false,false,issuer; forum; aggregator; reference,none,,,filing,filing,true,true,true,1,false
20261007T051128725209Z-codex.both.MP01.r3-a1,both,multi_period,MP01,3,2,fact,"Dollarama’s quarterly comparable store sales growth in Canada: Q2 Fiscal 2026, quarter ended August 3, 2025, 4.9%; English MD&A filing date August 27, 2025.","Dollarama; Canada; Q2 Fiscal 2026; August 3, 2025; 4.9%; August 27, 2025",S2,filing,mosaic-finance.com,6,secondary,issuer,false,false,false,false,false,issuer; forum; aggregator; reference,none,,,filing,filing,true,true,true,1,false
20261007T051128725209Z-codex.both.MP01.r3-a1,both,multi_period,MP01,3,3,fact,"Dollarama’s quarterly comparable store sales growth in Canada: Q3 Fiscal 2026, quarter ended November 2, 2025, 6.0%; English MD&A filing date December 11, 2025.","Dollarama; Canada; Q3 Fiscal 2026; November 2, 2025; 6.0%; December 11, 2025",S3,filing,mosaic-finance.com,6,secondary,issuer,false,false,false,false,false,issuer; forum; aggregator; reference; other,none,,,filing,filing,true,true,true,1,false
20261007T051128725209Z-codex.both.MP01.r3-a1,both,multi_period,MP01,3,4,fact,"Dollarama’s quarterly comparable store sales growth in Canada: Q4 Fiscal 2026, quarter ended February 1, 2026, 1.5%; English annual MD&A filing date March 24, 2026.","Dollarama; Canada; Q4 Fiscal 2026; February 1, 2026; 1.5%; March 24, 2026",S4,filing,mosaic-finance.com,6,secondary,issuer,false,false,false,true,false,issuer; forum; aggregator; reference,none,,,filing,filing,true,true,true,1,false
20261007T051128725209Z-codex.both.MP01.r3-a1,both,multi_period,MP01,3,5,fact,"Dollarama’s quarterly comparable store sales growth in Canada: Q1 Fiscal 2027, quarter ended May 3, 2026, 5.6%; English MD&A filing date June 11, 2026.","Dollarama; Canada; Q1 Fiscal 2027; May 3, 2026; 5.6%; June 11, 2026",S5,filing,mosaic-finance.com,6,secondary,issuer,false,false,false,false,false,issuer; forum; aggregator; reference,none,,,filing,filing,true,true,true,1,false
20261007T051128725209Z-codex.both.MP01.r3-a1,both,multi_period,MP01,3,6,fact,"Dollarama’s quarterly comparable store sales growth in Canada: Q2 Fiscal 2027, quarter ended August 2, 2026, 5.4%; English MD&A filing date September 16, 2026.","Dollarama; Canada; Q2 Fiscal 2027; August 2, 2026; 5.4%; September 16, 2026",S6,filing,mosaic-finance.com,6,secondary,issuer,false,false,false,false,false,issuer; forum; aggregator; reference,none,,,filing,filing,true,true,true,1,false
20261007T051128725209Z-codex.both.MP01.r3-a1,both,multi_period,MP01,3,7,fact,Q4 Fiscal 2026’s reported figure is on a 13-week basis.,Q4 Fiscal 2026; 13-week,S4,filing,mosaic-finance.com,2,secondary,aggregator,false,false,false,false,false,aggregator,none,,,secondary,aggregator,false,false,false,2,false
20261007T051128725209Z-codex.both.MP01.r3-a1,both,multi_period,MP01,3,8,fact,The same MD&A reports 3.5% excluding the calendar shift.,3.5%,S4,filing,mosaic-finance.com,1,filing,filing,false,false,true,false,false,,none,,,filing,filing,true,false,false,1,false
20261007T051159165068Z-codex.web.MP02.r3-a1,web,multi_period,MP02,3,1,fact,"Q1 2024 reported quarterly operating ratio is 63.6%, taken from that quarter’s English MD&A.",Q1 2024; 63.6%,S1,filing,filing-source,2,secondary,issuer,false,false,false,false,false,issuer; aggregator,none,,,filing,filing,true,true,false,1,false
20261007T051159165068Z-codex.web.MP02.r3-a1,web,multi_period,MP02,3,2,fact,"Q2 2024 reported quarterly operating ratio is 64.0%, taken from that quarter’s English MD&A, p. 32.",Q2 2024; 64.0%; p. 32,S2,issuer,cn.ca,3,secondary,issuer,false,true,false,false,false,issuer; forum; aggregator,none,,,filing,filing,true,true,false,1,false
20261007T051159165068Z-codex.web.MP02.r3-a1,web,multi_period,MP02,3,3,fact,"Q3 2024 reported quarterly operating ratio is 63.1%, taken from that quarter’s English MD&A, p. 31.",Q3 2024; 63.1%; p. 31,S3,issuer,cn.ca,3,secondary,issuer,false,true,false,false,false,issuer; forum; aggregator,none,,,secondary,issuer,false,true,false,1,false
20261007T051159165068Z-codex.web.MP02.r3-a1,web,multi_period,MP02,3,4,fact,"Q1 2025 reported quarterly operating ratio is 63.4%, taken from that quarter’s English MD&A, p. 29.",Q1 2025; 63.4%; p. 29,S4,issuer,cn.ca,3,secondary,issuer,false,true,false,false,false,issuer; aggregator,none,,,secondary,issuer,false,true,false,1,false
20261007T051159165068Z-codex.web.MP02.r3-a1,web,multi_period,MP02,3,5,fact,"Q2 2025 reported quarterly operating ratio is 61.7%, taken from that quarter’s English MD&A, p. 31.",Q2 2025; 61.7%; p. 31,S5,issuer,cn.ca,3,secondary,issuer,false,true,false,false,false,issuer; forum; aggregator,none,,,filing,filing,true,true,false,1,false
20261007T051159165068Z-codex.web.MP02.r3-a1,web,multi_period,MP02,3,6,fact,"Q3 2025 reported quarterly operating ratio is 61.4%, taken from that quarter’s English MD&A.",Q3 2025; 61.4%,S6,filing,filing-source,2,secondary,issuer,false,false,false,true,false,issuer; forum; aggregator,none,,,secondary,issuer,false,true,false,1,false
20261007T051159165068Z-codex.web.MP02.r3-a1,web,multi_period,MP02,3,7,fact,"Q1 2026 reported quarterly operating ratio is 64.6%, taken from that quarter’s English MD&A.",Q1 2026; 64.6%,S7,filing,filing-source,2,secondary,issuer,false,false,false,true,false,issuer; forum,none,,,filing,filing,true,true,false,1,false
20261007T051159165068Z-codex.web.MP02.r3-a1,web,multi_period,MP02,3,8,fact,"Q2 2026 reported quarterly operating ratio is 62.5%, taken from that quarter’s English MD&A.",Q2 2026; 62.5%,S8,filing,filing-source,2,secondary,forum,false,false,false,false,false,forum; aggregator,none,,,filing,filing,true,false,false,1,false
20261007T051222413846Z-codex.archivist.MP02.r3-a1,archivist,multi_period,MP02,3,1,fact,"Each figure is the reported operating ratio for the quarter, taken from that quarter’s English MD&A.",,,,,0,unattributed,,true,false,false,false,false,,none,,,unattributed,,false,false,false,0,true
20261007T051222413846Z-codex.archivist.MP02.r3-a1,archivist,multi_period,MP02,3,2,fact,Q1 2024 (March 31) | Operating ratio 63.6% | MD&A filed 2024-04-23,Q1 2024; March 31; 63.6%; 2024-04-23,S1,filing,mosaic-finance.com,4,unattributed,,false,false,false,false,false,,none,,,filing,filing,true,false,false,2,false
20261007T051222413846Z-codex.archivist.MP02.r3-a1,archivist,multi_period,MP02,3,3,fact,Q2 2024 (June 30) | Operating ratio 64.0% | MD&A filed 2024-07-23,Q2 2024; June 30; 64.0%; 2024-07-23,S2,filing,mosaic-finance.com,4,unattributed,,false,false,false,false,false,,none,,,filing,filing,true,false,false,2,false
20261007T051222413846Z-codex.archivist.MP02.r3-a1,archivist,multi_period,MP02,3,4,fact,Q3 2024 (September 30) | Operating ratio 63.1% | MD&A filed 2024-10-22,Q3 2024; September 30; 63.1%; 2024-10-22,S3,filing,mosaic-finance.com,4,unattributed,,false,false,false,false,false,,none,,,filing,filing,true,false,false,2,false
20261007T051222413846Z-codex.archivist.MP02.r3-a1,archivist,multi_period,MP02,3,5,fact,Q1 2025 (March 31) | Operating ratio 63.4% | MD&A filed 2025-05-01,Q1 2025; March 31; 63.4%; 2025-05-01,S4,filing,mosaic-finance.com,3,unattributed,,false,false,false,false,false,,none,,,filing,filing,true,false,false,1,false
20261007T051222413846Z-codex.archivist.MP02.r3-a1,archivist,multi_period,MP02,3,6,fact,Q2 2025 (June 30) | Operating ratio 61.7% | MD&A filed 2025-07-22,Q2 2025; June 30; 61.7%; 2025-07-22,S5,filing,mosaic-finance.com,4,unattributed,,false,false,false,false,false,,none,,,filing,filing,true,false,false,2,false
20261007T051222413846Z-codex.archivist.MP02.r3-a1,archivist,multi_period,MP02,3,7,fact,Q3 2025 (September 30) | Operating ratio 61.4% | MD&A filed 2025-10-31,Q3 2025; September 30; 61.4%; 2025-10-31,S6,filing,mosaic-finance.com,4,unattributed,,false,false,false,false,false,,none,,,filing,filing,true,false,false,2,false
20261007T051222413846Z-codex.archivist.MP02.r3-a1,archivist,multi_period,MP02,3,8,fact,Q1 2026 (March 31) | Operating ratio 64.6% | MD&A filed 2026-04-29,Q1 2026; March 31; 64.6%; 2026-04-29,S7,filing,mosaic-finance.com,4,unattributed,,false,false,false,false,false,,none,,,filing,filing,true,false,false,2,false
20261007T051222413846Z-codex.archivist.MP02.r3-a1,archivist,multi_period,MP02,3,9,fact,Q2 2026 (June 30) | Operating ratio 62.5% | MD&A filed 2026-07-24,Q2 2026; June 30; 62.5%; 2026-07-24,S8,filing,mosaic-finance.com,4,unattributed,,false,false,false,false,false,,none,,,filing,filing,true,false,false,2,false
20261007T051245254342Z-codex.both.MP02.r3-a1,both,multi_period,MP02,3,1,fact,"These are the as-reported quarterly operating ratios, taken from each quarter’s English MD&A, rather than adjusted or year-to-date figures.",,,,,0,unattributed,,true,false,false,false,false,,none,,,unattributed,,false,false,false,0,true
20261007T051245254342Z-codex.both.MP02.r3-a1,both,multi_period,MP02,3,2,fact,Q1 2024 (March 31): MD&A filed 2024-04-23; operating ratio 63.6%.,Q1 2024; March 31; 2024-04-23; 63.6%,S1,filing,mosaic-finance.com,4,secondary,issuer,false,false,false,false,false,issuer; forum,none,,,filing,filing,true,false,false,2,false
20261007T051245254342Z-codex.both.MP02.r3-a1,both,multi_period,MP02,3,3,fact,Q2 2024 (June 30): MD&A filed 2024-07-23; operating ratio 64.0%.,Q2 2024; June 30; 2024-07-23; 64.0%,S2,filing,mosaic-finance.com,4,secondary,issuer,false,false,false,false,false,issuer; forum,none,,,filing,filing,true,false,false,2,false
20261007T051245254342Z-codex.both.MP02.r3-a1,both,multi_period,MP02,3,4,fact,Q3 2024 (September 30): MD&A filed 2024-10-22; operating ratio 63.1%.,Q3 2024; September 30; 2024-10-22; 63.1%,S3,filing,mosaic-finance.com,4,secondary,issuer,false,false,false,true,false,issuer; forum,none,,,filing,filing,true,true,true,2,false
20261007T051245254342Z-codex.both.MP02.r3-a1,both,multi_period,MP02,3,5,fact,Q1 2025 (March 31): MD&A filed 2025-05-01; operating ratio 63.4%.,Q1 2025; March 31; 2025-05-01; 63.4%,S4,filing,mosaic-finance.com,3,secondary,issuer,false,false,false,true,false,issuer; forum,none,,,filing,filing,true,true,true,1,false
20261007T051245254342Z-codex.both.MP02.r3-a1,both,multi_period,MP02,3,6,fact,Q2 2025 (June 30): MD&A filed 2025-07-22; operating ratio 61.7%.,Q2 2025; June 30; 2025-07-22; 61.7%,S5,filing,mosaic-finance.com,4,secondary,issuer,false,false,false,true,false,issuer; forum,none,,,filing,filing,true,true,true,2,false
20261007T051245254342Z-codex.both.MP02.r3-a1,both,multi_period,MP02,3,7,fact,Q3 2025 (September 30): MD&A filed 2025-10-31; operating ratio 61.4%.,Q3 2025; September 30; 2025-10-31; 61.4%,S6,filing,mosaic-finance.com,4,secondary,issuer,false,false,false,true,false,issuer; forum; aggregator,none,,,filing,filing,true,true,true,2,false
20261007T051245254342Z-codex.both.MP02.r3-a1,both,multi_period,MP02,3,8,fact,Q1 2026 (March 31): MD&A filed 2026-04-29; operating ratio 64.6%.,Q1 2026; March 31; 2026-04-29; 64.6%,S7,filing,mosaic-finance.com,4,secondary,issuer,false,false,false,false,false,issuer; forum,none,,,filing,filing,true,false,false,2,false
20261007T051245254342Z-codex.both.MP02.r3-a1,both,multi_period,MP02,3,9,fact,Q2 2026 (June 30): MD&A filed 2026-07-24; operating ratio 62.5%.,Q2 2026; June 30; 2026-07-24; 62.5%,S8,filing,mosaic-finance.com,4,secondary,issuer,false,false,false,false,false,issuer; forum,none,,,filing,filing,true,true,true,2,false
20261007T051307834301Z-codex.web.MP03.r3-a1,web,multi_period,MP03,3,1,fact,"RBC’s reported diluted EPS, in Canadian dollars per share, taken from each period’s English MD&A.",RBC; Canadian dollars,,,,2,filing,filing,false,false,true,true,false,issuer; forum; promotional; aggregator; reference; other,none,,,filing,filing,true,true,false,2,false
20261007T051307834301Z-codex.web.MP03.r3-a1,web,multi_period,MP03,3,2,fact,"Q1 2025 reported diluted EPS: C$3.54. Filing date: 2025-02-27. Source: Q1 2025 MD&A, p. 12.",Q1 2025; C$3.54; 2025-02-27; Q1 2025 MD&A; p. 12,S1,issuer,rbc.com,5,secondary,issuer,false,true,false,false,false,issuer,none,,,secondary,issuer,false,true,false,2,false
20261007T051307834301Z-codex.web.MP03.r3-a1,web,multi_period,MP03,3,3,fact,"Q2 2025 reported diluted EPS: C$3.02. Filing date: 2025-05-29. Source: Q2 2025 MD&A, p. 14.",Q2 2025; C$3.02; 2025-05-29; Q2 2025 MD&A; p. 14,S2,issuer,rbc.com,5,secondary,issuer,false,true,false,false,false,issuer; promotional; aggregator,none,,,secondary,issuer,false,true,false,2,false
20261007T051307834301Z-codex.web.MP03.r3-a1,web,multi_period,MP03,3,4,fact,"Q3 2025 reported diluted EPS: C$3.75. Filing date: 2025-08-27. Source: Q3 2025 MD&A, p. 14.",Q3 2025; C$3.75; 2025-08-27; Q3 2025 MD&A; p. 14,S3,issuer,rbc.com,5,secondary,issuer,false,true,false,false,false,issuer; forum; aggregator,none,,,filing,filing,true,true,false,2,false
20261007T051307834301Z-codex.web.MP03.r3-a1,web,multi_period,MP03,3,5,fact,"Q4 2025 reported diluted EPS: C$3.76. Filing date: 2025-12-03. Source: 2025 annual MD&A, Table 35, “Quarterly results”.",Q4 2025; C$3.76; 2025-12-03; 2025 annual MD&A; Table 35; Quarterly results,S4,issuer,rbc.com,6,secondary,issuer,false,true,false,false,false,issuer; forum; promotional; aggregator; other,none,,,secondary,issuer,false,true,false,2,false
20261007T051307834301Z-codex.web.MP03.r3-a1,web,multi_period,MP03,3,6,fact,"Q1 2026 reported diluted EPS: C$4.03. Filing date: 2026-02-26. Source: Q1 2026 MD&A, p. 12.",Q1 2026; C$4.03; 2026-02-26; Q1 2026 MD&A; p. 12,S5,issuer,rbc.com,5,secondary,issuer,false,true,false,false,false,issuer; aggregator,none,,,secondary,issuer,false,true,false,2,false
20261007T051307834301Z-codex.web.MP03.r3-a1,web,multi_period,MP03,3,7,fact,"Q2 2026 reported diluted EPS: C$3.85. Filing date: 2026-05-28. Source: Q2 2026 MD&A, p. 13.",Q2 2026; C$3.85; 2026-05-28; Q2 2026 MD&A; p. 13,S6,issuer,rbc.com,5,secondary,issuer,false,true,false,false,false,issuer; promotional,none,,,secondary,issuer,false,true,false,2,false
20261007T051307834301Z-codex.web.MP03.r3-a1,web,multi_period,MP03,3,8,fact,"Q3 2026 reported diluted EPS: C$4.23. Filing date: 2026-08-27. Source: Q3 2026 MD&A, p. 14.",Q3 2026; C$4.23; 2026-08-27; Q3 2026 MD&A; p. 14,S7,issuer,rbc.com,5,secondary,issuer,false,true,false,false,false,issuer,none,,,filing,filing,true,true,false,2,false
20261007T051307834301Z-codex.web.MP03.r3-a1,web,multi_period,MP03,3,9,fact,"All figures are quarterly, as reported—not adjusted or year-to-date.",,,,,0,unattributed,,true,false,false,false,false,,none,,,unattributed,,false,false,false,0,true
20261007T051328715499Z-codex.archivist.MP03.r3-a1,archivist,multi_period,MP03,3,1,fact,"All figures are reported diluted EPS in Canadian dollars for the quarter, taken from that period’s English MD&A.",Canadian dollars,,,,1,filing,filing,false,false,true,false,false,,none,,,filing,filing,true,false,false,1,false
20261007T051328715499Z-codex.archivist.MP03.r3-a1,archivist,multi_period,MP03,3,2,fact,"Q1 2025 | Jan. 31, 2025 | C$3.54 | 2025-02-27","Q1 2025; Jan. 31, 2025; C$3.54; 2025-02-27",S1,filing,mosaic-finance.com,4,unattributed,,false,false,false,false,false,,none,,,filing,filing,true,false,false,2,false
20261007T051328715499Z-codex.archivist.MP03.r3-a1,archivist,multi_period,MP03,3,3,fact,"Q2 2025 | Apr. 30, 2025 | C$3.02 | 2025-05-29","Q2 2025; Apr. 30, 2025; C$3.02; 2025-05-29",S2,filing,mosaic-finance.com,4,unattributed,,false,false,false,false,false,,none,,,filing,filing,true,false,false,2,false
20261007T051328715499Z-codex.archivist.MP03.r3-a1,archivist,multi_period,MP03,3,4,fact,"Q3 2025 | July 31, 2025 | C$3.75 | 2025-08-27","Q3 2025; July 31, 2025; C$3.75; 2025-08-27",S3,filing,mosaic-finance.com,4,filing,filing,false,false,true,false,false,,none,,,filing,filing,true,false,false,2,false
20261007T051328715499Z-codex.archivist.MP03.r3-a1,archivist,multi_period,MP03,3,5,fact,"Q4 2025 | Oct. 31, 2025 | C$3.76 | 2025-12-03 — annual MD&A, fourth-quarter performance","Q4 2025; Oct. 31, 2025; C$3.76; 2025-12-03",S4,filing,mosaic-finance.com,4,unattributed,,false,false,false,false,false,,none,,,filing,filing,true,false,false,2,false
20261007T051328715499Z-codex.archivist.MP03.r3-a1,archivist,multi_period,MP03,3,6,fact,"Q1 2026 | Jan. 31, 2026 | C$4.03 | 2026-02-26","Q1 2026; Jan. 31, 2026; C$4.03; 2026-02-26",S5,filing,mosaic-finance.com,4,unattributed,,false,false,false,false,false,,none,,,filing,filing,true,false,false,2,false
20261007T051328715499Z-codex.archivist.MP03.r3-a1,archivist,multi_period,MP03,3,7,fact,"Q2 2026 | Apr. 30, 2026 | C$3.85 | 2026-05-28","Q2 2026; Apr. 30, 2026; C$3.85; 2026-05-28",S6,filing,mosaic-finance.com,4,unattributed,,false,false,false,false,false,,none,,,filing,filing,true,false,false,2,false
20261007T051328715499Z-codex.archivist.MP03.r3-a1,archivist,multi_period,MP03,3,8,fact,"Q3 2026 | July 31, 2026 | C$4.23 | 2026-08-27","Q3 2026; July 31, 2026; C$4.23; 2026-08-27",S7,filing,mosaic-finance.com,4,unattributed,,false,false,false,false,false,,none,,,filing,filing,true,false,false,2,false
20261007T051401351386Z-codex.both.MP03.r3-a1,both,multi_period,MP03,3,1,fact,"RBC’s reported diluted EPS for Q1 2025, period ended 2025-01-31, was C$3.54, taken from the English Q1 MD&A, p. 4.",RBC; Q1 2025; 2025-01-31; C$3.54; Q1 MD&A; p. 4,S1,issuer,rbc.com,6,secondary,issuer,false,true,false,false,false,issuer; forum; promotional; aggregator; news; reference; other,none,,,secondary,issuer,false,true,false,2,false
20261007T051401351386Z-codex.both.MP03.r3-a1,both,multi_period,MP03,3,2,fact,"RBC’s reported diluted EPS for Q2 2025, period ended 2025-04-30, was C$3.02, taken from the English Q2 MD&A, p. 4.",RBC; Q2 2025; 2025-04-30; C$3.02; Q2 MD&A; p. 4,S2,issuer,rbc.com,5,secondary,issuer,false,true,false,false,false,issuer; forum; promotional; aggregator; other,none,,,secondary,issuer,false,true,false,1,false
20261007T051401351386Z-codex.both.MP03.r3-a1,both,multi_period,MP03,3,3,fact,"RBC’s reported diluted EPS for Q3 2025, period ended 2025-07-31, was C$3.75, taken from the English Q3 MD&A, p. 5.",RBC; Q3 2025; 2025-07-31; C$3.75; Q3 MD&A; p. 5,S3,issuer,rbc.com,6,secondary,issuer,false,true,false,false,false,issuer; forum; promotional; aggregator; news; reference; other,none,,,secondary,issuer,false,true,false,2,false
20261007T051401351386Z-codex.both.MP03.r3-a1,both,multi_period,MP03,3,4,fact,"RBC’s reported diluted EPS for Q4 2025, period ended 2025-10-31, was C$3.76, taken from the English Annual MD&A, “Fourth quarter performance,” p. 59.",RBC; Q4 2025; 2025-10-31; C$3.76; Annual MD&A; p. 59,S4,filing,mosaic-finance.com,6,secondary,issuer,false,false,false,false,false,issuer; forum; promotional; aggregator; news; reference; other,none,,,filing,filing,true,true,false,2,false
20261007T051401351386Z-codex.both.MP03.r3-a1,both,multi_period,MP03,3,5,fact,"RBC’s reported diluted EPS for Q1 2026, period ended 2026-01-31, was C$4.03, taken from the English Q1 MD&A, p. 4.",RBC; Q1 2026; 2026-01-31; C$4.03; Q1 MD&A; p. 4,S5,issuer,rbc.com,6,secondary,issuer,false,true,false,false,false,issuer; forum; promotional; aggregator; news; reference; other,none,,,secondary,issuer,false,true,false,2,false
20261007T051401351386Z-codex.both.MP03.r3-a1,both,multi_period,MP03,3,6,fact,"RBC’s reported diluted EPS for Q2 2026, period ended 2026-04-30, was C$3.85, taken from the English Q2 MD&A, p. 4.",RBC; Q2 2026; 2026-04-30; C$3.85; Q2 MD&A; p. 4,S6,issuer,rbc.com,5,secondary,issuer,false,true,false,false,false,issuer; forum; promotional; aggregator; other,none,,,filing,filing,true,true,true,1,false
20261007T051401351386Z-codex.both.MP03.r3-a1,both,multi_period,MP03,3,7,fact,"RBC’s reported diluted EPS for Q3 2026, period ended 2026-07-31, was C$4.23, taken from the English Q3 MD&A, p. 4.",RBC; Q3 2026; 2026-07-31; C$4.23; Q3 MD&A; p. 4,S7,issuer,rbc.com,6,secondary,issuer,false,true,false,false,false,issuer; forum; promotional; aggregator; news; reference; other,none,,,filing,filing,true,true,false,2,false
20261007T051401351386Z-codex.both.MP03.r3-a1,both,multi_period,MP03,3,8,fact,All figures are for the individual quarter and are unadjusted.,,,,,0,unattributed,,true,false,false,false,false,,none,,,unattributed,,false,false,false,0,true
20261007T051433243986Z-codex.web.MP04.r3-a1,web,multi_period,MP04,3,1,fact,"Each figure comes from the “Total upstream production” row in that quarter’s English MD&A, under “Operating Highlights,” converted from mbbls/d to bbls/d.",,,,,0,unattributed,,true,false,false,false,false,,none,,,unattributed,,false,false,false,0,true
20261007T051433243986Z-codex.web.MP04.r3-a1,web,multi_period,MP04,3,2,fact,"Q1 2025: MD&A filing date 2025-05-06; total upstream production 853,200 bbls/d; MD&A, p. 7.","Q1 2025; 2025-05-06; 853,200; p. 7",S1,issuer,suncor.com,3,secondary,issuer,false,true,false,false,false,issuer,none,,,filing,filing,true,true,false,1,false
20261007T051433243986Z-codex.web.MP04.r3-a1,web,multi_period,MP04,3,3,fact,"Q2 2025: MD&A filing date 2025-08-05; total upstream production 808,100 bbls/d; MD&A, p. 7.","Q2 2025; 2025-08-05; 808,100; p. 7",S2,issuer,suncor.com,3,secondary,issuer,false,true,false,false,false,issuer,none,,,filing,filing,true,true,false,1,false
20261007T051433243986Z-codex.web.MP04.r3-a1,web,multi_period,MP04,3,4,fact,"Q3 2025: MD&A filing date 2025-11-04; total upstream production 870,000 bbls/d; MD&A, p. 7.","Q3 2025; 2025-11-04; 870,000; p. 7",S3,issuer,suncor.com,4,secondary,issuer,false,true,false,false,false,issuer,none,,,secondary,issuer,false,true,false,2,false
20261007T051433243986Z-codex.web.MP04.r3-a1,web,multi_period,MP04,3,5,fact,"Q1 2026: MD&A filing date 2026-05-05; total upstream production 875,200 bbls/d; MD&A, p. 8.","Q1 2026; 2026-05-05; 875,200; p. 8",S4,issuer,suncor.com,3,secondary,issuer,false,true,false,false,false,issuer,none,,,filing,filing,true,true,false,1,false
20261007T051433243986Z-codex.web.MP04.r3-a1,web,multi_period,MP04,3,6,fact,"Q2 2026: MD&A filing date 2026-08-04; total upstream production 760,900 bbls/d; MD&A, p. 8.","Q2 2026; 2026-08-04; 760,900; p. 8",S5,issuer,suncor.com,3,secondary,issuer,false,true,false,false,false,issuer,none,,,filing,filing,true,true,false,1,false
20261007T051504201506Z-codex.archivist.MP04.r3-a1,archivist,multi_period,MP04,3,1,fact,"Q1 2025 (March 31): Total upstream production (bbls/d) 853,200; MD&A filed 2025-05-06.","Q1 2025; March 31; 853,200; 2025-05-06",S1,filing,mosaic-finance.com,3,unattributed,,false,false,false,false,false,,none,,,filing,filing,true,false,false,1,false
20261007T051504201506Z-codex.archivist.MP04.r3-a1,archivist,multi_period,MP04,3,2,fact,"Q2 2025 (June 30): Total upstream production (bbls/d) 808,100; MD&A filed 2025-08-05.","Q2 2025; June 30; 808,100; 2025-08-05",S2,filing,mosaic-finance.com,3,unattributed,,false,false,false,false,false,,none,,,filing,filing,true,false,false,1,false
20261007T051504201506Z-codex.archivist.MP04.r3-a1,archivist,multi_period,MP04,3,3,fact,"Q3 2025 (September 30): Total upstream production (bbls/d) 870,000; MD&A filed 2025-11-04.","Q3 2025; September 30; 870,000; 2025-11-04",S3,filing,mosaic-finance.com,4,unattributed,,false,false,false,false,false,,none,,,filing,filing,true,false,false,2,false
20261007T051504201506Z-codex.archivist.MP04.r3-a1,archivist,multi_period,MP04,3,4,fact,"Q1 2026 (March 31): Total upstream production (bbls/d) 875,200; MD&A filed 2026-05-05.","Q1 2026; March 31; 875,200; 2026-05-05",S4,filing,mosaic-finance.com,3,unattributed,,false,false,false,false,false,,none,,,filing,filing,true,false,false,1,false
20261007T051504201506Z-codex.archivist.MP04.r3-a1,archivist,multi_period,MP04,3,5,fact,"Q2 2026 (June 30): Total upstream production (bbls/d) 760,900; MD&A filed 2026-08-04.","Q2 2026; June 30; 760,900; 2026-08-04",S5,filing,mosaic-finance.com,3,unattributed,,false,false,false,false,false,,none,,,filing,filing,true,false,false,1,false
20261007T051510733661Z-codex.both.MP04.r3-a1,both,multi_period,MP04,3,1,fact,"Each figure comes from the “Total upstream production” row in that quarter’s English MD&A, using the three-month column and converting mbbls/d to bbls/d.",three-month,,,,1,unattributed,,false,false,false,false,false,,none,,,unattributed,,false,false,false,1,false
20261007T051510733661Z-codex.both.MP04.r3-a1,both,multi_period,MP04,3,2,fact,"Q1 2025 (March 31): Total upstream production (bbls/d) 853,200; MD&A source (filing date) 2025-05-06.","Q1 2025; March 31; 853,200; 2025-05-06",S1,filing,mosaic-finance.com,3,unattributed,,false,false,false,false,false,,none,,,filing,filing,true,false,false,1,false
20261007T051510733661Z-codex.both.MP04.r3-a1,both,multi_period,MP04,3,3,fact,"Q2 2025 (June 30): Total upstream production (bbls/d) 808,100; MD&A source (filing date) 2025-08-05.","Q2 2025; June 30; 808,100; 2025-08-05",S2,filing,mosaic-finance.com,3,unattributed,,false,false,false,false,false,,none,,,filing,filing,true,false,false,1,false
20261007T051510733661Z-codex.both.MP04.r3-a1,both,multi_period,MP04,3,4,fact,"Q3 2025 (September 30): Total upstream production (bbls/d) 870,000; MD&A source (filing date) 2025-11-04.","Q3 2025; September 30; 870,000; 2025-11-04",S3,filing,mosaic-finance.com,4,unattributed,,false,false,false,false,false,,none,,,filing,filing,true,false,false,2,false
20261007T051510733661Z-codex.both.MP04.r3-a1,both,multi_period,MP04,3,5,fact,"Q1 2026 (March 31): Total upstream production (bbls/d) 875,200; MD&A source (filing date) 2026-05-05.","Q1 2026; March 31; 875,200; 2026-05-05",S4,filing,mosaic-finance.com,3,unattributed,,false,false,false,false,false,,none,,,filing,filing,true,false,false,1,false
20261007T051510733661Z-codex.both.MP04.r3-a1,both,multi_period,MP04,3,6,fact,"Q2 2026 (June 30): Total upstream production (bbls/d) 760,900; MD&A source (filing date) 2026-08-04.","Q2 2026; June 30; 760,900; 2026-08-04",S5,filing,mosaic-finance.com,3,unattributed,,false,false,false,false,false,,none,,,filing,filing,true,false,false,1,false
20261007T051537213223Z-codex.web.MP05.r3-a1,web,multi_period,MP05,3,1,fact,"Each figure is the current-period cumulative Hasılat, in millions of Turkish lira, taken from that period’s consolidated profit or loss statement.",Turkish lira,,,,1,unattributed,,false,false,false,false,false,,none,,,unattributed,,false,false,false,1,false
20261007T051537213223Z-codex.web.MP05.r3-a1,web,multi_period,MP05,3,2,fact,"2025-06-30 (six months) | Report filed: 2025-08-05 | YTD revenue (TL million): 408,036 | KAP report reproduced by Bigpara","2025-06-30; six months; 2025-08-05; TL million; 408,036; KAP; Bigpara",S1,aggregator,bigpara.hurriyet.com.tr,5,secondary,issuer,false,true,false,false,false,issuer; forum; promotional; aggregator; news; other,none,,,filing,filing,true,true,false,1,false
20261007T051537213223Z-codex.web.MP05.r3-a1,web,multi_period,MP05,3,3,fact,"2025-09-30 (nine months) | Report filed: 2025-11-07 | YTD revenue (TL million): 690,825 | KAP report, p. 5","2025-09-30; nine months; 2025-11-07; TL million; 690,825; KAP; p. 5",S2,filing,filing-source,6,secondary,issuer,false,false,false,false,false,issuer; forum; aggregator; news; other,none,,,filing,filing,true,true,false,2,false
20261007T051537213223Z-codex.web.MP05.r3-a1,web,multi_period,MP05,3,4,fact,"2025-12-31 (full year) | Report filed: 2026-03-04 | YTD revenue (TL million): 955,472 | KAP report, p. 14","2025-12-31; 2026-03-04; TL million; 955,472; KAP; p. 14",S3,filing,filing-source,6,secondary,issuer,false,false,false,false,false,issuer; forum; aggregator; news; other,none,,,filing,filing,true,false,false,3,false
20261007T051537213223Z-codex.web.MP05.r3-a1,web,multi_period,MP05,3,5,fact,"2026-03-31 (three months) | Report filed: 2026-04-29 | YTD revenue (TL million): 257,961 | KAP financial statements, printed p. 3","2026-03-31; three months; 2026-04-29; TL million; 257,961; KAP; p. 3",S4,filing,filing-source,7,secondary,issuer,false,false,false,false,false,issuer; forum; aggregator; news; other,none,,,filing,filing,true,false,false,3,false
20261007T051537213223Z-codex.web.MP05.r3-a1,web,multi_period,MP05,3,6,fact,"2026-06-30 (six months) | Report filed: 2026-08-05 | YTD revenue (TL million): 585,069 | KAP report, p. 7","2026-06-30; six months; 2026-08-05; TL million; 585,069; KAP; p. 7",S5,filing,filing-source,5,secondary,issuer,false,false,false,false,false,issuer; forum; aggregator; news; other,none,,,filing,filing,true,true,false,1,false
20261007T051542190676Z-codex.archivist.MP05.r3-a1,archivist,multi_period,MP05,3,1,fact,"Each figure is the Hasılat line from that period’s own consolidated profit or loss statement, using the cumulative 1 January–period end column.",1 January–period end,,,,1,unattributed,,false,false,false,false,false,,none,,,unattributed,,false,false,false,1,false
20261007T051542190676Z-codex.archivist.MP05.r3-a1,archivist,multi_period,MP05,3,2,fact,"2025-06-30 — six months; Report filed: 2025-08-05; YTD revenue (million TRY): 408,036.","2025-06-30; six months; 2025-08-05; million TRY; 408,036",S1,filing,mosaic-finance.com,3,unattributed,,false,false,false,false,false,,none,,,filing,filing,true,false,false,1,false
20261007T051542190676Z-codex.archivist.MP05.r3-a1,archivist,multi_period,MP05,3,3,fact,"2025-09-30 — nine months; Report filed: 2025-11-07; YTD revenue (million TRY): 690,825.","2025-09-30; nine months; 2025-11-07; million TRY; 690,825",S2,filing,mosaic-finance.com,4,unattributed,,false,false,false,false,false,,none,,,filing,filing,true,false,false,2,false
20261007T051542190676Z-codex.archivist.MP05.r3-a1,archivist,multi_period,MP05,3,4,fact,"2025-12-31 — full year; Report filed: 2026-03-04; YTD revenue (million TRY): 955,472.","2025-12-31; 2026-03-04; million TRY; 955,472",S3,filing,mosaic-finance.com,4,unattributed,,false,false,false,false,false,,none,,,filing,filing,true,false,false,3,false
20261007T051542190676Z-codex.archivist.MP05.r3-a1,archivist,multi_period,MP05,3,5,fact,"2026-03-31 — three months; Report filed: 2026-04-29; YTD revenue (million TRY): 257,961.","2026-03-31; three months; 2026-04-29; million TRY; 257,961",S4,filing,mosaic-finance.com,5,unattributed,,false,false,false,false,false,,none,,,filing,filing,true,false,false,3,false
20261007T051542190676Z-codex.archivist.MP05.r3-a1,archivist,multi_period,MP05,3,6,fact,"2026-06-30 — six months; Report filed: 2026-08-05; YTD revenue (million TRY): 585,069.","2026-06-30; six months; 2026-08-05; million TRY; 585,069",S5,filing,mosaic-finance.com,3,unattributed,,false,false,false,false,false,,none,,,filing,filing,true,false,false,1,false
20261007T051632977940Z-codex.both.MP05.r3-a1,both,multi_period,MP05,3,1,fact,"Each figure is the Hasılat line from the consolidated profit or loss statement in that period’s own report, using the cumulative column starting 1 January. Amounts are millions of Turkish lira.",Hasılat; 1 January; millions of Turkish lira,,,,3,unattributed,,false,false,false,false,false,,none,,,unattributed,,false,false,false,3,false
20261007T051632977940Z-codex.both.MP05.r3-a1,both,multi_period,MP05,3,2,fact,"Six months, 2025-06-30 | Report filed: 2025-08-05 | YTD revenue (TL million): 408,036","Six months; 2025-06-30; 2025-08-05; 408,036",S1,filing,mosaic-finance.com,2,unattributed,,false,false,false,false,false,,none,,,filing,filing,true,false,false,1,false
20261007T051632977940Z-codex.both.MP05.r3-a1,both,multi_period,MP05,3,3,fact,"Nine months, 2025-09-30 | Report filed: 2025-11-07 | YTD revenue (TL million): 690,825","Nine months; 2025-09-30; 2025-11-07; 690,825",S2,filing,mosaic-finance.com,3,secondary,forum,false,false,false,false,false,forum,none,,,filing,filing,true,false,false,2,false
20261007T051632977940Z-codex.both.MP05.r3-a1,both,multi_period,MP05,3,4,fact,"Year, 2025-12-31 | Report filed: 2026-03-04 | YTD revenue (TL million): 955,472","2025-12-31; 2026-03-04; 955,472",S3,filing,mosaic-finance.com,3,filing,filing,false,false,true,false,false,forum,none,,,filing,filing,true,false,false,3,false
20261007T051632977940Z-codex.both.MP05.r3-a1,both,multi_period,MP05,3,5,fact,"Three months, 2026-03-31 | Report filed: 2026-04-29 | YTD revenue (TL million): 257,961","Three months; 2026-03-31; 2026-04-29; 257,961",S4,filing,mosaic-finance.com,4,secondary,forum,false,false,false,false,false,forum,none,,,filing,filing,true,false,false,3,false
20261007T051632977940Z-codex.both.MP05.r3-a1,both,multi_period,MP05,3,6,fact,"Six months, 2026-06-30 | Report filed: 2026-08-05 | YTD revenue (TL million): 585,069","Six months; 2026-06-30; 2026-08-05; 585,069",S5,filing,mosaic-finance.com,2,unattributed,,false,false,false,false,false,,none,,,filing,filing,true,false,false,1,false
20261007T051727693787Z-codex.web.MP06.r1-a1,web,multi_period,MP06,1,1,fact,"Q1 2024 headline Food Retail same-store sales growth was 3.4%, as stated in the Q1 MD&A, without adjustments for timing effects.",Q1 2024; Food Retail; 3.4%; Q1 MD&A,S1,issuer,dis-prod.assetful.loblaw.ca,4,secondary,issuer,false,true,false,false,false,issuer; forum; reference,none,,,filing,filing,true,true,false,1,false
20261007T051727693787Z-codex.web.MP06.r1-a1,web,multi_period,MP06,1,2,fact,"Q2 2024 headline Food Retail same-store sales growth was 0.2%, as stated in the Q2 MD&A, without adjustments for timing effects.",Q2 2024; Food Retail; 0.2%; Q2 MD&A,S2,issuer,dis-prod.assetful.loblaw.ca,3,secondary,issuer,false,true,false,false,false,issuer; forum; reference,none,,,secondary,issuer,false,false,false,3,false
20261007T051727693787Z-codex.web.MP06.r1-a1,web,multi_period,MP06,1,3,fact,"Q3 2024 headline Food Retail same-store sales growth was 0.5%, as stated in the Q3 MD&A, without adjustments for timing effects.",Q3 2024; Food Retail; 0.5%; Q3 MD&A,S3,issuer,dis-prod.assetful.loblaw.ca,3,secondary,issuer,false,true,false,false,false,issuer; forum; reference,none,,,secondary,issuer,false,false,false,3,false
20261007T051727693787Z-codex.web.MP06.r1-a1,web,multi_period,MP06,1,4,fact,"Q4 2024 headline Food Retail same-store sales growth was 2.5%, as stated in the 2024 annual MD&A, fourth-quarter results, without adjustments for timing effects.",Q4 2024; Food Retail; 2.5%; 2024 annual MD&A,S4,issuer,dis-prod.assetful.loblaw.ca,4,secondary,issuer,false,true,false,false,false,issuer; forum; reference,none,,,filing,filing,true,true,false,1,false
20261007T051727693787Z-codex.web.MP06.r1-a1,web,multi_period,MP06,1,5,fact,"Q1 2025 headline Food Retail same-store sales growth was 2.2%, as stated in the Q1 MD&A, without adjustments for timing effects.",Q1 2025; Food Retail; 2.2%; Q1 MD&A,S5,issuer,dis-prod.assetful.loblaw.ca,4,secondary,issuer,false,true,false,false,false,issuer; forum; reference,none,,,filing,filing,true,true,false,1,false
20261007T051727693787Z-codex.web.MP06.r1-a1,web,multi_period,MP06,1,6,fact,"Q2 2025 headline Food Retail same-store sales growth was 3.5%, as stated in the Q2 MD&A, without adjustments for timing effects.",Q2 2025; Food Retail; 3.5%; Q2 MD&A,S6,issuer,dis-prod.assetful.loblaw.ca,4,secondary,issuer,false,true,false,false,false,issuer; forum; reference,none,,,secondary,issuer,false,true,false,1,false
20261007T051727693787Z-codex.web.MP06.r1-a1,web,multi_period,MP06,1,7,fact,"Q3 2025 headline Food Retail same-store sales growth was 2.0%, as stated in the Q3 MD&A, without adjustments for timing effects.",Q3 2025; Food Retail; 2.0%; Q3 MD&A,S7,issuer,dis-prod.assetful.loblaw.ca,4,secondary,issuer,false,true,false,false,false,issuer; forum; reference,none,,,filing,filing,true,true,false,1,false
20261007T051727693787Z-codex.web.MP06.r1-a1,web,multi_period,MP06,1,8,fact,"Q4 2025 headline Food Retail same-store sales growth was 1.5%, as stated in the 2025 annual MD&A, fourth-quarter results, without adjustments for timing effects.",Q4 2025; Food Retail; 1.5%; 2025 annual MD&A,S8,issuer,dis-prod.assetful.loblaw.ca,4,secondary,issuer,false,true,false,false,false,issuer; forum; reference,none,,,filing,filing,true,true,false,1,false
20261007T051727693787Z-codex.web.MP06.r1-a1,web,multi_period,MP06,1,9,fact,"Q1 2026 headline Food Retail same-store sales growth was 2.4%, as stated in the Q1 MD&A, without adjustments for timing effects.",Q1 2026; Food Retail; 2.4%; Q1 MD&A,S9,issuer,dis-prod.assetful.loblaw.ca,4,secondary,issuer,false,true,false,false,false,issuer; forum; reference,none,,,filing,filing,true,true,false,1,false
20261007T051727693787Z-codex.web.MP06.r1-a1,web,multi_period,MP06,1,10,fact,"Q2 2026 headline Food Retail same-store sales growth was 1.6%, as stated in the Q2 MD&A, without adjustments for timing effects.",Q2 2026; Food Retail; 1.6%; Q2 MD&A,S10,issuer,dis-prod.assetful.loblaw.ca,4,secondary,issuer,false,true,false,false,false,issuer; forum; reference,none,,,filing,filing,true,true,false,1,false
20261007T051727694130Z-codex.archivist.MP06.r1-a1,archivist,multi_period,MP06,1,1,fact,"Loblaw’s headline Food Retail same-store sales growth for Q1 2024 was 3.4%; period ended March 23, 2024; English MD&A filed 2024-05-01.","Loblaw; Food Retail; Q1 2024; 3.4%; March 23, 2024; 2024-05-01",S1,filing,mosaic-finance.com,5,unattributed,,false,false,false,false,false,,none,,,filing,filing,true,false,false,1,false
20261007T051727694130Z-codex.archivist.MP06.r1-a1,archivist,multi_period,MP06,1,2,fact,"Loblaw’s headline Food Retail same-store sales growth for Q2 2024 was 0.2%; period ended June 15, 2024; English MD&A filed 2024-07-25.","Loblaw; Food Retail; Q2 2024; 0.2%; June 15, 2024; 2024-07-25",S2,filing,mosaic-finance.com,5,unattributed,,false,false,false,false,false,,none,,,filing,filing,true,false,false,1,false
20261007T051727694130Z-codex.archivist.MP06.r1-a1,archivist,multi_period,MP06,1,3,fact,"Loblaw’s headline Food Retail same-store sales growth for Q3 2024 was 0.5%; period ended October 5, 2024; English MD&A filed 2024-11-13.","Loblaw; Food Retail; Q3 2024; 0.5%; October 5, 2024; 2024-11-13",S3,filing,mosaic-finance.com,6,unattributed,,false,false,false,false,false,,none,,,filing,filing,true,false,false,2,false
20261007T051727694130Z-codex.archivist.MP06.r1-a1,archivist,multi_period,MP06,1,4,fact,"Loblaw’s headline Food Retail same-store sales growth for Q4 2024 was 2.5%; period ended December 28, 2024; English annual MD&A filed 2025-02-20, Q4 results.","Loblaw; Food Retail; Q4 2024; 2.5%; December 28, 2024; 2025-02-20; Q4",S4,filing,mosaic-finance.com,6,unattributed,,false,false,false,false,false,,none,,,filing,filing,true,false,false,1,false
20261007T051727694130Z-codex.archivist.MP06.r1-a1,archivist,multi_period,MP06,1,5,fact,"Loblaw’s headline Food Retail same-store sales growth for Q1 2025 was 2.2%; period ended March 22, 2025; English MD&A filed 2025-04-30.","Loblaw; Food Retail; Q1 2025; 2.2%; March 22, 2025; 2025-04-30",S5,filing,mosaic-finance.com,5,unattributed,,false,false,false,false,false,,none,,,filing,filing,true,false,false,1,false
20261007T051727694130Z-codex.archivist.MP06.r1-a1,archivist,multi_period,MP06,1,6,fact,"Loblaw’s headline Food Retail same-store sales growth for Q2 2025 was 3.5%; period ended June 14, 2025; English MD&A filed 2025-07-24.","Loblaw; Food Retail; Q2 2025; 3.5%; June 14, 2025; 2025-07-24",S6,filing,mosaic-finance.com,6,unattributed,,false,false,false,false,false,,none,,,filing,filing,true,false,false,2,false
20261007T051727694130Z-codex.archivist.MP06.r1-a1,archivist,multi_period,MP06,1,7,fact,"Loblaw’s headline Food Retail same-store sales growth for Q3 2025 was 2.0%; period ended October 4, 2025; English MD&A filed 2025-11-12.","Loblaw; Food Retail; Q3 2025; 2.0%; October 4, 2025; 2025-11-12",S7,filing,mosaic-finance.com,7,unattributed,,false,false,false,false,false,,none,,,filing,filing,true,false,false,3,false
20261007T051727694130Z-codex.archivist.MP06.r1-a1,archivist,multi_period,MP06,1,8,fact,"Loblaw’s headline Food Retail same-store sales growth for Q4 2025 was 1.5%; period ended January 3, 2026; English annual MD&A filed 2026-02-25, Q4 results.","Loblaw; Food Retail; Q4 2025; 1.5%; January 3, 2026; 2026-02-25; Q4",S8,filing,mosaic-finance.com,7,unattributed,,false,false,false,false,false,,none,,,filing,filing,true,false,false,2,false
20261007T051727694130Z-codex.archivist.MP06.r1-a1,archivist,multi_period,MP06,1,9,fact,"Loblaw’s headline Food Retail same-store sales growth for Q1 2026 was 2.4%; period ended March 28, 2026; English MD&A filed 2026-05-06.","Loblaw; Food Retail; Q1 2026; 2.4%; March 28, 2026; 2026-05-06",S9,filing,mosaic-finance.com,5,unattributed,,false,false,false,false,false,,none,,,filing,filing,true,false,false,1,false
20261007T051727694130Z-codex.archivist.MP06.r1-a1,archivist,multi_period,MP06,1,10,fact,"Loblaw’s headline Food Retail same-store sales growth for Q2 2026 was 1.6%; period ended June 20, 2026; English MD&A filed 2026-07-30.","Loblaw; Food Retail; Q2 2026; 1.6%; June 20, 2026; 2026-07-30",S10,filing,mosaic-finance.com,5,unattributed,,false,false,false,false,false,,none,,,filing,filing,true,false,false,1,false
20261007T051727694130Z-codex.archivist.MP06.r1-a1,archivist,multi_period,MP06,1,11,fact,"Figures are for each quarter, not year to date, and retain timing effects as requested.",,,,,0,unattributed,,true,false,false,false,false,,none,,,unattributed,,false,false,false,0,true
20261007T051759188777Z-codex.both.MP06.r1-a1,both,multi_period,MP06,1,1,fact,"Loblaw’s headline Food Retail same-store sales growth figures from the English MD&As are below, without timing-effect adjustments.",Loblaw; Food Retail,,,,2,filing,filing,false,false,true,false,false,,none,,,filing,filing,true,false,false,2,false
20261007T051759188777Z-codex.both.MP06.r1-a1,both,multi_period,MP06,1,2,fact,"Loblaw’s Food Retail same-store sales growth for Q1 2024, quarter ended March 23, 2024: 3.4%; MD&A source filed 2024-05-01.","Loblaw; Food Retail; Q1 2024; March 23, 2024; 3.4%; 2024-05-01",S1,filing,mosaic-finance.com,5,unattributed,,false,false,false,false,false,,none,,,filing,filing,true,false,false,1,false
20261007T051759188777Z-codex.both.MP06.r1-a1,both,multi_period,MP06,1,3,fact,"Loblaw’s Food Retail same-store sales growth for Q2 2024, quarter ended June 15, 2024: 0.2%; MD&A source filed 2024-07-25.","Loblaw; Food Retail; Q2 2024; June 15, 2024; 0.2%; 2024-07-25",S2,filing,mosaic-finance.com,5,unattributed,,false,false,false,false,false,,none,,,filing,filing,true,false,false,1,false
20261007T051759188777Z-codex.both.MP06.r1-a1,both,multi_period,MP06,1,4,fact,"Loblaw’s Food Retail same-store sales growth for Q3 2024, quarter ended October 5, 2024: 0.5%; MD&A source filed 2024-11-13.","Loblaw; Food Retail; Q3 2024; October 5, 2024; 0.5%; 2024-11-13",S3,filing,mosaic-finance.com,6,unattributed,,false,false,false,false,false,,none,,,filing,filing,true,false,false,2,false
20261007T051759188777Z-codex.both.MP06.r1-a1,both,multi_period,MP06,1,5,fact,"Loblaw’s Food Retail same-store sales growth for Q4 2024, quarter ended December 28, 2024: 2.5%; source: 2024 annual MD&A, filed 2025-02-20.","Loblaw; Food Retail; Q4 2024; December 28, 2024; 2.5%; 2024 annual MD&A; 2025-02-20",S4,filing,mosaic-finance.com,6,unattributed,,false,false,false,false,false,,none,,,filing,filing,true,false,false,1,false
20261007T051759188777Z-codex.both.MP06.r1-a1,both,multi_period,MP06,1,6,fact,"Loblaw’s Food Retail same-store sales growth for Q1 2025, quarter ended March 22, 2025: 2.2%; MD&A source filed 2025-04-30.","Loblaw; Food Retail; Q1 2025; March 22, 2025; 2.2%; 2025-04-30",S5,filing,mosaic-finance.com,5,unattributed,,false,false,false,false,false,,none,,,filing,filing,true,false,false,1,false
20261007T051759188777Z-codex.both.MP06.r1-a1,both,multi_period,MP06,1,7,fact,"Loblaw’s Food Retail same-store sales growth for Q2 2025, quarter ended June 14, 2025: 3.5%; MD&A source filed 2025-07-24.","Loblaw; Food Retail; Q2 2025; June 14, 2025; 3.5%; 2025-07-24",S6,filing,mosaic-finance.com,6,unattributed,,false,false,false,false,false,,none,,,filing,filing,true,false,false,2,false
20261007T051759188777Z-codex.both.MP06.r1-a1,both,multi_period,MP06,1,8,fact,"Loblaw’s Food Retail same-store sales growth for Q3 2025, quarter ended October 4, 2025: 2.0%; MD&A source filed 2025-11-12.","Loblaw; Food Retail; Q3 2025; October 4, 2025; 2.0%; 2025-11-12",S7,filing,mosaic-finance.com,7,unattributed,,false,false,false,false,false,,none,,,filing,filing,true,false,false,3,false
20261007T051759188777Z-codex.both.MP06.r1-a1,both,multi_period,MP06,1,9,fact,"Loblaw’s Food Retail same-store sales growth for Q4 2025, quarter ended January 3, 2026: 1.5%; source: 2025 annual MD&A, filed 2026-02-25.","Loblaw; Food Retail; Q4 2025; January 3, 2026; 1.5%; 2025 annual MD&A; 2026-02-25",S8,filing,mosaic-finance.com,7,unattributed,,false,false,false,false,false,,none,,,filing,filing,true,false,false,2,false
20261007T051759188777Z-codex.both.MP06.r1-a1,both,multi_period,MP06,1,10,fact,"Loblaw’s Food Retail same-store sales growth for Q1 2026, quarter ended March 28, 2026: 2.4%; MD&A source filed 2026-05-06.","Loblaw; Food Retail; Q1 2026; March 28, 2026; 2.4%; 2026-05-06",S9,filing,mosaic-finance.com,5,unattributed,,false,false,false,false,false,,none,,,filing,filing,true,false,false,1,false
20261007T051759188777Z-codex.both.MP06.r1-a1,both,multi_period,MP06,1,11,fact,"Loblaw’s Food Retail same-store sales growth for Q2 2026, quarter ended June 20, 2026: 1.6%; MD&A source filed 2026-07-30.","Loblaw; Food Retail; Q2 2026; June 20, 2026; 1.6%; 2026-07-30",S10,filing,mosaic-finance.com,5,unattributed,,false,false,false,false,false,,none,,,filing,filing,true,false,false,1,false
20261007T051836928947Z-codex.web.MP07.r1-a1,web,multi_period,MP07,1,1,fact,Each value below is from the “Diluted Earnings per Share” discussion in MD&A of that fiscal year’s Form 10-K.,MD&A; Form 10-K,,,,2,secondary,issuer,false,false,false,false,false,issuer; forum; aggregator; reference,none,,,secondary,issuer,false,false,false,2,false
20261007T051836928947Z-codex.web.MP07.r1-a1,web,multi_period,MP07,1,2,fact,2019 | $10.25 | 2019 Form 10-K (2020-03-25),$10.25; 2019 Form 10-K; 2020-03-25,S1,filing,filing-source,3,secondary,issuer,false,false,false,false,false,issuer; forum; aggregator,none,,,filing,filing,true,true,false,2,false
20261007T051836928947Z-codex.web.MP07.r1-a1,web,multi_period,MP07,1,3,fact,2020 | $11.94 | 2020 Form 10-K (2021-03-24),$11.94; 2020 Form 10-K; 2021-03-24,S2,filing,filing-source,3,secondary,issuer,false,false,false,false,false,issuer; aggregator,none,,,filing,filing,true,true,false,2,false
20261007T051836928947Z-codex.web.MP07.r1-a1,web,multi_period,MP07,1,4,fact,2021 | $15.53 | 2021 Form 10-K (2022-03-23),$15.53; 2021 Form 10-K; 2022-03-23,S3,filing,filing-source,3,filing,filing,false,false,true,false,false,forum; aggregator,none,,,filing,filing,true,true,false,2,false
20261007T051836928947Z-codex.web.MP07.r1-a1,web,multi_period,MP07,1,5,fact,2022 | $16.69 | 2022 Form 10-K (2023-03-15),$16.69; 2022 Form 10-K; 2023-03-15,S4,filing,filing-source,3,filing,filing,false,false,true,true,false,issuer; forum; aggregator,none,,,filing,filing,true,true,false,2,false
20261007T051836928947Z-codex.web.MP07.r1-a1,web,multi_period,MP07,1,6,fact,2023 | $15.11 | 2023 Form 10-K (2024-03-13),$15.11; 2023 Form 10-K; 2024-03-13,S5,filing,filing-source,3,filing,filing,false,false,true,true,false,issuer; forum; aggregator,none,,,filing,filing,true,true,false,2,false
20261007T051836928947Z-codex.web.MP07.r1-a1,web,multi_period,MP07,1,7,fact,2024 | $14.91 | 2024 Form 10-K (2025-03-21),$14.91; 2024 Form 10-K; 2025-03-21,S6,filing,filing-source,3,filing,filing,false,false,true,true,false,issuer; forum; aggregator; reference,none,,,filing,filing,true,true,false,2,false
20261007T051836928947Z-codex.web.MP07.r1-a1,web,multi_period,MP07,1,8,fact,2025 | $14.23 | 2025 Form 10-K (2026-03-18),$14.23; 2025 Form 10-K; 2026-03-18,S7,filing,filing-source,3,filing,filing,false,false,true,false,false,issuer; forum; aggregator,none,,,filing,filing,true,true,false,2,false
20261007T051911149520Z-codex.archivist.MP07.r1-a1,archivist,multi_period,MP07,1,1,fact,"The Home Depot’s annual diluted EPS, in US dollars, as reported in Item 7 (MD&A) of each fiscal year’s own Form 10-K.",The Home Depot; US dollars; Item 7; MD&A; Form 10-K,,,,5,unattributed,,false,false,false,false,false,,none,,,unattributed,,false,false,false,5,false
20261007T051911149520Z-codex.archivist.MP07.r1-a1,archivist,multi_period,MP07,1,2,fact,Fiscal year: 2019; Diluted EPS: $10.25; Source: Form 10-K filed 2020-03-25.,$10.25; Form 10-K; 2020-03-25,S1,filing,mosaic-finance.com,3,filing,filing,false,false,true,false,false,,none,,,filing,filing,true,false,false,2,false
20261007T051911149520Z-codex.archivist.MP07.r1-a1,archivist,multi_period,MP07,1,3,fact,Fiscal year: 2020; Diluted EPS: $11.94; Source: Form 10-K filed 2021-03-24.,$11.94; Form 10-K; 2021-03-24,S2,filing,mosaic-finance.com,3,filing,filing,false,false,true,false,false,,none,,,filing,filing,true,false,false,2,false
20261007T051911149520Z-codex.archivist.MP07.r1-a1,archivist,multi_period,MP07,1,4,fact,Fiscal year: 2021; Diluted EPS: $15.53; Source: Form 10-K filed 2022-03-23.,$15.53; Form 10-K; 2022-03-23,S3,filing,mosaic-finance.com,3,filing,filing,false,false,true,false,false,,none,,,filing,filing,true,false,false,2,false
20261007T051911149520Z-codex.archivist.MP07.r1-a1,archivist,multi_period,MP07,1,5,fact,Fiscal year: 2022; Diluted EPS: $16.69; Source: Form 10-K filed 2023-03-15.,$16.69; Form 10-K; 2023-03-15,S4,filing,mosaic-finance.com,3,filing,filing,false,false,true,false,false,,none,,,filing,filing,true,false,false,2,false
20261007T051911149520Z-codex.archivist.MP07.r1-a1,archivist,multi_period,MP07,1,6,fact,Fiscal year: 2023; Diluted EPS: $15.11; Source: Form 10-K filed 2024-03-13.,$15.11; Form 10-K; 2024-03-13,S5,filing,mosaic-finance.com,3,filing,filing,false,false,true,false,false,,none,,,filing,filing,true,false,false,2,false
20261007T051911149520Z-codex.archivist.MP07.r1-a1,archivist,multi_period,MP07,1,7,fact,Fiscal year: 2024; Diluted EPS: $14.91; Source: Form 10-K filed 2025-03-21.,$14.91; Form 10-K; 2025-03-21,S6,filing,mosaic-finance.com,3,filing,filing,false,false,true,false,false,,none,,,filing,filing,true,false,false,2,false
20261007T051911149520Z-codex.archivist.MP07.r1-a1,archivist,multi_period,MP07,1,8,fact,Fiscal year: 2025; Diluted EPS: $14.23; Source: Form 10-K filed 2026-03-18.,$14.23; Form 10-K; 2026-03-18,S7,filing,mosaic-finance.com,3,filing,filing,false,false,true,false,false,,none,,,filing,filing,true,false,false,2,false
20261007T051912402759Z-codex.both.MP07.r1-a1,both,multi_period,MP07,1,1,fact,Each figure is from the “Diluted Earnings per Share” subsection of MD&A in that fiscal year’s Form 10-K.,,,,,0,unattributed,,true,false,false,false,false,,none,,,unattributed,,false,false,false,0,true
20261007T051912402759Z-codex.both.MP07.r1-a1,both,multi_period,MP07,1,2,fact,Fiscal 2019 diluted EPS (US$) was $10.25; the source Form 10-K was filed 2020-03-25.,$10.25; 2020-03-25,S1,filing,filing-source,2,filing,filing,false,false,true,true,false,issuer; forum; aggregator,none,,,filing,filing,true,true,false,2,false
20261007T051912402759Z-codex.both.MP07.r1-a1,both,multi_period,MP07,1,3,fact,Fiscal 2020 diluted EPS (US$) was $11.94; the source Form 10-K was filed 2021-03-24.,$11.94; 2021-03-24,S2,filing,filing-source,2,filing,filing,false,false,true,true,false,issuer; forum; aggregator; reference,none,,,filing,filing,true,true,false,2,false
20261007T051912402759Z-codex.both.MP07.r1-a1,both,multi_period,MP07,1,4,fact,Fiscal 2021 diluted EPS (US$) was $15.53; the source Form 10-K was filed 2022-03-23.,$15.53; 2022-03-23,S3,filing,filing-source,2,filing,filing,false,false,true,true,false,issuer; forum; aggregator,none,,,filing,filing,true,true,false,2,false
20261007T051912402759Z-codex.both.MP07.r1-a1,both,multi_period,MP07,1,5,fact,Fiscal 2022 diluted EPS (US$) was $16.69; the source Form 10-K was filed 2023-03-15.,$16.69; 2023-03-15,S4,filing,filing-source,2,filing,filing,false,false,true,true,false,issuer; forum; promotional; aggregator,none,,,filing,filing,true,true,false,2,false
20261007T051912402759Z-codex.both.MP07.r1-a1,both,multi_period,MP07,1,6,fact,Fiscal 2023 diluted EPS (US$) was $15.11; the source Form 10-K was filed 2024-03-13.,$15.11; 2024-03-13,S5,filing,filing-source,2,filing,filing,false,false,true,true,false,issuer; forum; promotional; aggregator,none,,,filing,filing,true,true,false,2,false
20261007T051912402759Z-codex.both.MP07.r1-a1,both,multi_period,MP07,1,7,fact,Fiscal 2024 diluted EPS (US$) was $14.91; the source Form 10-K was filed 2025-03-21.,$14.91; 2025-03-21,S6,filing,filing-source,2,filing,filing,false,false,true,true,false,issuer; forum; aggregator,none,,,filing,filing,true,true,false,2,false
20261007T051912402759Z-codex.both.MP07.r1-a1,both,multi_period,MP07,1,8,fact,Fiscal 2025 diluted EPS (US$) was $14.23; the source Form 10-K was filed 2026-03-18.,$14.23; 2026-03-18,S7,filing,filing-source,2,filing,filing,false,false,true,true,false,issuer; forum; aggregator,none,,,filing,filing,true,true,false,2,false
20261007T051950192489Z-codex.web.MP08.r1-a1,web,multi_period,MP08,1,1,fact,"Each figure is the year-over-year change for the three-month period, taken from that quarter’s Form 10-Q.",three-month period; Form 10-Q,,,,2,secondary,aggregator,false,false,false,false,false,aggregator,none,,,secondary,aggregator,false,false,false,2,false
20261007T051950192489Z-codex.web.MP08.r1-a1,web,multi_period,MP08,1,2,fact,"Three months ended March 31, 2024: comparable restaurant sales change 7.0%; 10-Q filed 2024-04-25.","March 31, 2024; 7.0%; 10-Q; 2024-04-25",S1,filing,filing-source,4,filing,filing,false,false,true,false,false,issuer; forum; aggregator,none,,,filing,filing,true,true,false,2,false
20261007T051950192489Z-codex.web.MP08.r1-a1,web,multi_period,MP08,1,3,fact,"Three months ended June 30, 2024: comparable restaurant sales change 11.1%; 10-Q filed 2024-07-25.","June 30, 2024; 11.1%; 10-Q; 2024-07-25",S2,filing,filing-source,4,filing,filing,false,false,true,false,false,issuer; aggregator,none,,,filing,filing,true,false,false,2,false
20261007T051950192489Z-codex.web.MP08.r1-a1,web,multi_period,MP08,1,4,fact,"Three months ended September 30, 2024: comparable restaurant sales change 6.0%; 10-Q filed 2024-10-30.","September 30, 2024; 6.0%; 10-Q; 2024-10-30",S3,filing,filing-source,3,filing,filing,false,false,true,false,false,issuer; aggregator,none,,,filing,filing,true,true,false,1,false
20261007T051950192489Z-codex.web.MP08.r1-a1,web,multi_period,MP08,1,5,fact,"Three months ended March 31, 2025: comparable restaurant sales change -0.4%; 10-Q filed 2025-04-24.","March 31, 2025; -0.4%; 10-Q; 2025-04-24",S4,filing,filing-source,3,filing,filing,false,false,true,false,false,issuer; aggregator,none,,,filing,filing,true,true,false,1,false
20261007T051950192489Z-codex.web.MP08.r1-a1,web,multi_period,MP08,1,6,fact,"Three months ended June 30, 2025: comparable restaurant sales change -4.0%; 10-Q filed 2025-07-24.","June 30, 2025; -4.0%; 10-Q; 2025-07-24",S5,filing,filing-source,4,filing,filing,false,false,true,false,false,issuer; aggregator,none,,,filing,filing,true,true,false,2,false
20261007T051950192489Z-codex.web.MP08.r1-a1,web,multi_period,MP08,1,7,fact,"Three months ended September 30, 2025: comparable restaurant sales change 0.3%; 10-Q filed 2025-10-30.","September 30, 2025; 0.3%; 10-Q; 2025-10-30",S6,filing,filing-source,2,filing,filing,false,false,true,false,false,issuer; aggregator,none,,,filing,filing,true,false,false,2,false
20261007T051950192489Z-codex.web.MP08.r1-a1,web,multi_period,MP08,1,8,fact,"Three months ended March 31, 2026: comparable restaurant sales change 0.5%; 10-Q filed 2026-04-30.","March 31, 2026; 0.5%; 10-Q; 2026-04-30",S7,filing,filing-source,2,filing,filing,false,false,true,false,false,issuer; aggregator,none,,,filing,filing,true,false,false,2,false
20261007T051950192489Z-codex.web.MP08.r1-a1,web,multi_period,MP08,1,9,fact,"Three months ended June 30, 2026: comparable restaurant sales change 2.2%; 10-Q filed 2026-07-31.","June 30, 2026; 2.2%; 10-Q; 2026-07-31",S8,filing,filing-source,4,filing,filing,false,false,true,false,false,issuer; forum; aggregator,none,,,filing,filing,true,true,false,2,false
20261007T051958891044Z-codex.archivist.MP08.r1-a1,archivist,multi_period,MP08,1,1,fact,"Chipotle’s year-over-year comparable restaurant sales change for the three months ended March 31, 2024 was 7.0%, taken from that quarter’s own Form 10-Q filed 2024-04-25.","Chipotle; March 31, 2024; 7.0%; Form 10-Q; 2024-04-25",S1,filing,mosaic-finance.com,5,unattributed,,false,false,false,false,false,,none,,,filing,filing,true,false,false,2,false
20261007T051958891044Z-codex.archivist.MP08.r1-a1,archivist,multi_period,MP08,1,2,fact,"Chipotle’s year-over-year comparable restaurant sales change for the three months ended June 30, 2024 was 11.1%, taken from that quarter’s own Form 10-Q filed 2024-07-25.","Chipotle; June 30, 2024; 11.1%; Form 10-Q; 2024-07-25",S2,filing,mosaic-finance.com,5,unattributed,,false,false,false,false,false,,none,,,filing,filing,true,false,false,2,false
20261007T051958891044Z-codex.archivist.MP08.r1-a1,archivist,multi_period,MP08,1,3,fact,"Chipotle’s year-over-year comparable restaurant sales change for the three months ended September 30, 2024 was 6.0%, taken from that quarter’s own Form 10-Q filed 2024-10-30.","Chipotle; September 30, 2024; 6.0%; Form 10-Q; 2024-10-30",S3,filing,mosaic-finance.com,4,unattributed,,false,false,false,false,false,,none,,,filing,filing,true,false,false,1,false
20261007T051958891044Z-codex.archivist.MP08.r1-a1,archivist,multi_period,MP08,1,4,fact,"Chipotle’s year-over-year comparable restaurant sales change for the three months ended March 31, 2025 was -0.4%, taken from that quarter’s own Form 10-Q filed 2025-04-24.","Chipotle; March 31, 2025; -0.4%; Form 10-Q; 2025-04-24",S4,filing,mosaic-finance.com,4,unattributed,,false,false,false,false,false,,none,,,filing,filing,true,false,false,1,false
20261007T051958891044Z-codex.archivist.MP08.r1-a1,archivist,multi_period,MP08,1,5,fact,"Chipotle’s year-over-year comparable restaurant sales change for the three months ended June 30, 2025 was -4.0%, taken from that quarter’s own Form 10-Q filed 2025-07-24.","Chipotle; June 30, 2025; -4.0%; Form 10-Q; 2025-07-24",S5,filing,mosaic-finance.com,5,unattributed,,false,false,false,false,false,,none,,,filing,filing,true,false,false,2,false
20261007T051958891044Z-codex.archivist.MP08.r1-a1,archivist,multi_period,MP08,1,6,fact,"Chipotle’s year-over-year comparable restaurant sales change for the three months ended September 30, 2025 was 0.3%, taken from that quarter’s own Form 10-Q filed 2025-10-30.","Chipotle; September 30, 2025; 0.3%; Form 10-Q; 2025-10-30",S6,filing,mosaic-finance.com,3,unattributed,,false,false,false,false,false,,none,,,unattributed,,false,false,false,3,false
20261007T051958891044Z-codex.archivist.MP08.r1-a1,archivist,multi_period,MP08,1,7,fact,"Chipotle’s year-over-year comparable restaurant sales change for the three months ended March 31, 2026 was 0.5%, taken from that quarter’s own Form 10-Q filed 2026-04-30.","Chipotle; March 31, 2026; 0.5%; Form 10-Q; 2026-04-30",S7,filing,mosaic-finance.com,3,unattributed,,false,false,false,false,false,,none,,,unattributed,,false,false,false,3,false
20261007T051958891044Z-codex.archivist.MP08.r1-a1,archivist,multi_period,MP08,1,8,fact,"Chipotle’s year-over-year comparable restaurant sales change for the three months ended June 30, 2026 was 2.2%, taken from that quarter’s own Form 10-Q filed 2026-07-31.","Chipotle; June 30, 2026; 2.2%; Form 10-Q; 2026-07-31",S8,filing,mosaic-finance.com,5,unattributed,,false,false,false,false,false,,none,,,filing,filing,true,false,false,2,false
20261007T052020847095Z-codex.both.MP08.r1-a1,both,multi_period,MP08,1,1,fact,Each figure is the year-over-year comparable restaurant sales change reported in that quarter’s Form 10-Q.,,,,,0,unattributed,,true,false,false,false,false,,none,,,unattributed,,false,false,false,0,true
20261007T052020847095Z-codex.both.MP08.r1-a1,both,multi_period,MP08,1,2,fact,"March 31, 2024 | 7.0% | 10-Q","March 31, 2024; 7.0%",S1,filing,filing-source,2,filing,filing,false,false,true,true,false,forum; aggregator,none,,,filing,filing,true,true,false,1,false
20261007T052020847095Z-codex.both.MP08.r1-a1,both,multi_period,MP08,1,3,fact,"June 30, 2024 | 11.1% | 10-Q","June 30, 2024; 11.1%",S2,filing,filing-source,2,filing,filing,false,false,true,false,false,,none,,,filing,filing,true,false,false,1,false
20261007T052020847095Z-codex.both.MP08.r1-a1,both,multi_period,MP08,1,4,fact,"September 30, 2024 | 6.0% | 10-Q","September 30, 2024; 6.0%",S3,filing,filing-source,2,filing,filing,false,false,true,false,false,forum; aggregator,none,,,filing,filing,true,true,false,1,false
20261007T052020847095Z-codex.both.MP08.r1-a1,both,multi_period,MP08,1,5,fact,"March 31, 2025 | -0.4% | 10-Q","March 31, 2025; -0.4%",S4,filing,filing-source,1,filing,filing,false,false,true,false,false,,none,,,filing,filing,true,false,false,1,false
20261007T052020847095Z-codex.both.MP08.r1-a1,both,multi_period,MP08,1,6,fact,"June 30, 2025 | -4.0% | 10-Q","June 30, 2025; -4.0%",S5,filing,filing-source,2,filing,filing,false,false,true,true,false,aggregator,none,,,filing,filing,true,true,false,1,false
20261007T052020847095Z-codex.both.MP08.r1-a1,both,multi_period,MP08,1,7,fact,"September 30, 2025 | 0.3% | 10-Q","September 30, 2025; 0.3%",S6,filing,filing-source,1,filing,filing,false,false,true,true,false,issuer; forum; aggregator,none,,,filing,filing,true,true,false,1,false
20261007T052020847095Z-codex.both.MP08.r1-a1,both,multi_period,MP08,1,8,fact,"March 31, 2026 | 0.5% | 10-Q","March 31, 2026; 0.5%",S7,filing,filing-source,1,filing,filing,false,false,true,false,false,,none,,,filing,filing,true,false,false,1,false
20261007T052020847095Z-codex.both.MP08.r1-a1,both,multi_period,MP08,1,9,fact,"June 30, 2026 | 2.2% | 10-Q","June 30, 2026; 2.2%",S8,filing,filing-source,2,filing,filing,false,false,true,true,false,aggregator,none,,,filing,filing,true,true,false,1,false
20261007T052053110816Z-codex.web.MP09.r1-a1,web,multi_period,MP09,1,1,fact,Each figure below comes from that quarter’s Form 10-Q and represents average Family DAP during the indicated month.,Form 10-Q; Family DAP,,,,2,secondary,issuer,false,false,false,false,false,issuer; forum; news,none,,,secondary,issuer,false,false,false,2,false
20261007T052053110816Z-codex.web.MP09.r1-a1,web,multi_period,MP09,1,2,fact,March 2024: DAP (billions) 3.24; Form 10-Q filed 2024-04-25.,March 2024; 3.24; Form 10-Q; 2024-04-25,S1,filing,filing-source,4,filing,filing,false,false,true,false,false,issuer; forum; aggregator; news; other,none,,,filing,filing,true,true,false,2,false
20261007T052053110816Z-codex.web.MP09.r1-a1,web,multi_period,MP09,1,3,fact,June 2024: DAP (billions) 3.27; Form 10-Q filed 2024-08-01.,June 2024; 3.27; Form 10-Q; 2024-08-01,S2,filing,filing-source,3,filing,filing,false,false,true,false,false,issuer; forum; aggregator; news; other,none,,,filing,filing,true,true,false,1,false
20261007T052053110816Z-codex.web.MP09.r1-a1,web,multi_period,MP09,1,4,fact,September 2024: DAP (billions) 3.29; Form 10-Q filed 2024-10-31.,September 2024; 3.29; Form 10-Q; 2024-10-31,S3,filing,filing-source,4,filing,filing,false,false,true,false,false,issuer; forum; aggregator; news,none,,,filing,filing,true,false,false,2,false
20261007T052053110816Z-codex.web.MP09.r1-a1,web,multi_period,MP09,1,5,fact,March 2025: DAP (billions) 3.43; Form 10-Q filed 2025-05-01.,March 2025; 3.43; Form 10-Q; 2025-05-01,S4,filing,filing-source,3,filing,filing,false,false,true,false,false,issuer; forum; news,none,,,filing,filing,true,false,false,1,false
20261007T052053110816Z-codex.web.MP09.r1-a1,web,multi_period,MP09,1,6,fact,June 2025: DAP (billions) 3.48; Form 10-Q filed 2025-07-31.,June 2025; 3.48; Form 10-Q; 2025-07-31,S5,filing,filing-source,4,filing,filing,false,false,true,false,false,issuer; forum; aggregator; news,none,,,filing,filing,true,false,false,2,false
20261007T052053110816Z-codex.web.MP09.r1-a1,web,multi_period,MP09,1,7,fact,September 2025: DAP (billions) 3.54; Form 10-Q filed 2025-10-30.,September 2025; 3.54; Form 10-Q; 2025-10-30,S6,filing,filing-source,3,filing,filing,false,false,true,false,false,issuer; forum; news,none,,,filing,filing,true,false,false,1,false
20261007T052053110816Z-codex.web.MP09.r1-a1,web,multi_period,MP09,1,8,fact,March 2026: DAP (billions) 3.56; Form 10-Q filed 2026-04-30.,March 2026; 3.56; Form 10-Q; 2026-04-30,S7,filing,filing-source,3,filing,filing,false,false,true,false,false,issuer; forum; news,none,,,filing,filing,true,true,false,1,false
20261007T052053110816Z-codex.web.MP09.r1-a1,web,multi_period,MP09,1,9,fact,June 2026: DAP (billions) 3.60; Form 10-Q filed 2026-07-30.,June 2026; 3.60; Form 10-Q; 2026-07-30,S8,filing,filing-source,3,filing,filing,false,false,true,true,false,issuer; forum; aggregator; news,none,,,filing,filing,true,true,false,1,false
20261007T052058385341Z-codex.archivist.MP09.r1-a1,archivist,multi_period,MP09,1,1,fact,"Each figure is worldwide Family DAP, averaged over the indicated month, taken from that quarter’s Form 10-Q.",Form 10-Q,,,,1,filing,filing,false,false,true,false,false,,none,,,filing,filing,true,false,false,1,false
20261007T052058385341Z-codex.archivist.MP09.r1-a1,archivist,multi_period,MP09,1,2,fact,March 2024 DAP (billions): 3.24; 10-Q filed 2024-04-25.,March 2024; 3.24; 10-Q; 2024-04-25,S1,filing,mosaic-finance.com,4,filing,filing,false,false,true,false,false,,none,,,filing,filing,true,false,false,2,false
20261007T052058385341Z-codex.archivist.MP09.r1-a1,archivist,multi_period,MP09,1,3,fact,June 2024 DAP (billions): 3.27; 10-Q filed 2024-08-01.,June 2024; 3.27; 10-Q; 2024-08-01,S2,filing,mosaic-finance.com,3,filing,filing,false,false,true,false,false,,none,,,filing,filing,true,false,false,1,false
20261007T052058385341Z-codex.archivist.MP09.r1-a1,archivist,multi_period,MP09,1,4,fact,September 2024 DAP (billions): 3.29; 10-Q filed 2024-10-31.,September 2024; 3.29; 10-Q; 2024-10-31,S3,filing,mosaic-finance.com,4,filing,filing,false,false,true,false,false,,none,,,filing,filing,true,false,false,2,false
20261007T052058385341Z-codex.archivist.MP09.r1-a1,archivist,multi_period,MP09,1,5,fact,March 2025 DAP (billions): 3.43; 10-Q filed 2025-05-01.,March 2025; 3.43; 10-Q; 2025-05-01,S4,filing,mosaic-finance.com,3,filing,filing,false,false,true,false,false,,none,,,filing,filing,true,false,false,1,false
20261007T052058385341Z-codex.archivist.MP09.r1-a1,archivist,multi_period,MP09,1,6,fact,June 2025 DAP (billions): 3.48; 10-Q filed 2025-07-31.,June 2025; 3.48; 10-Q; 2025-07-31,S5,filing,mosaic-finance.com,4,filing,filing,false,false,true,false,false,,none,,,filing,filing,true,false,false,2,false
20261007T052058385341Z-codex.archivist.MP09.r1-a1,archivist,multi_period,MP09,1,7,fact,September 2025 DAP (billions): 3.54; 10-Q filed 2025-10-30.,September 2025; 3.54; 10-Q; 2025-10-30,S6,filing,mosaic-finance.com,3,filing,filing,false,false,true,false,false,,none,,,filing,filing,true,false,false,1,false
20261007T052058385341Z-codex.archivist.MP09.r1-a1,archivist,multi_period,MP09,1,8,fact,March 2026 DAP (billions): 3.56; 10-Q filed 2026-04-30.,March 2026; 3.56; 10-Q; 2026-04-30,S7,filing,mosaic-finance.com,3,filing,filing,false,false,true,false,false,,none,,,filing,filing,true,false,false,1,false
20261007T052058385341Z-codex.archivist.MP09.r1-a1,archivist,multi_period,MP09,1,9,fact,June 2026 DAP (billions): 3.60; 10-Q filed 2026-07-30.,June 2026; 3.60; 10-Q; 2026-07-30,S8,filing,mosaic-finance.com,3,filing,filing,false,false,true,false,false,,none,,,filing,filing,true,false,false,1,false
20261007T052121981685Z-codex.both.MP09.r1-a1,both,multi_period,MP09,1,1,fact,"Each figure is the average Family DAP for the specified month, taken from that quarter’s Form 10-Q.",Family DAP; Form 10-Q,,,,2,secondary,issuer,false,false,false,false,false,issuer; aggregator,none,,,secondary,issuer,false,false,false,2,false
20261007T052121981685Z-codex.both.MP09.r1-a1,both,multi_period,MP09,1,2,fact,March 2024 DAP: 3.24 billion; Form 10-Q filed 2024-04-25.,March 2024; 3.24; Form 10-Q; 2024-04-25,S1,filing,filing-source,4,filing,filing,false,false,true,false,false,issuer; aggregator,none,,,filing,filing,true,true,false,2,false
20261007T052121981685Z-codex.both.MP09.r1-a1,both,multi_period,MP09,1,3,fact,June 2024 DAP: 3.27 billion; Form 10-Q filed 2024-08-01.,June 2024; 3.27; Form 10-Q; 2024-08-01,S2,filing,filing-source,3,filing,filing,false,false,true,false,false,issuer; aggregator,none,,,filing,filing,true,false,false,1,false
20261007T052121981685Z-codex.both.MP09.r1-a1,both,multi_period,MP09,1,4,fact,September 2024 DAP: 3.29 billion; Form 10-Q filed 2024-10-31.,September 2024; 3.29; Form 10-Q; 2024-10-31,S3,filing,filing-source,4,filing,filing,false,false,true,false,false,issuer; aggregator,none,,,filing,filing,true,true,false,2,false
20261007T052121981685Z-codex.both.MP09.r1-a1,both,multi_period,MP09,1,5,fact,March 2025 DAP: 3.43 billion; Form 10-Q filed 2025-05-01.,March 2025; 3.43; Form 10-Q; 2025-05-01,S4,filing,filing-source,3,filing,filing,false,false,true,false,false,issuer; aggregator,none,,,filing,filing,true,false,false,1,false
20261007T052121981685Z-codex.both.MP09.r1-a1,both,multi_period,MP09,1,6,fact,June 2025 DAP: 3.48 billion; Form 10-Q filed 2025-07-31.,June 2025; 3.48; Form 10-Q; 2025-07-31,S5,filing,filing-source,4,filing,filing,false,false,true,false,false,issuer; aggregator,none,,,filing,filing,true,false,false,2,false
20261007T052121981685Z-codex.both.MP09.r1-a1,both,multi_period,MP09,1,7,fact,September 2025 DAP: 3.54 billion; Form 10-Q filed 2025-10-30.,September 2025; 3.54; Form 10-Q; 2025-10-30,S6,filing,filing-source,3,filing,filing,false,false,true,false,false,issuer; aggregator,none,,,filing,filing,true,false,false,1,false
20261007T052121981685Z-codex.both.MP09.r1-a1,both,multi_period,MP09,1,8,fact,March 2026 DAP: 3.56 billion; Form 10-Q filed 2026-04-30.,March 2026; 3.56; Form 10-Q; 2026-04-30,S7,filing,filing-source,3,filing,filing,false,false,true,false,false,issuer; aggregator,none,,,filing,filing,true,false,false,1,false
20261007T052121981685Z-codex.both.MP09.r1-a1,both,multi_period,MP09,1,9,fact,June 2026 DAP: 3.60 billion; Form 10-Q filed 2026-07-30.,June 2026; 3.60; Form 10-Q; 2026-07-30,S8,filing,filing-source,3,filing,filing,false,false,true,true,false,issuer; aggregator,none,,,filing,filing,true,true,false,1,false
20261007T052151142376Z-codex.web.MP10.r1-a1,web,multi_period,MP10,1,1,fact,Tesla’s MD&A “Overview” reports these approximate year-to-date consumer vehicle deliveries.,Tesla; MD&A “Overview”,,,,2,secondary,issuer,false,false,false,false,false,issuer; forum; aggregator; news; other,none,,,secondary,issuer,false,false,false,2,false
20261007T052151142376Z-codex.web.MP10.r1-a1,web,multi_period,MP10,1,2,fact,"Tesla’s vehicles delivered YTD through Q1 2024: 387,000; 10-Q filing date: 2024-04-24.","Tesla; Q1 2024; 387,000; 2024-04-24",S1,filing,filing-source,4,filing,filing,false,false,true,false,false,issuer; forum; aggregator; news; other,none,,,filing,filing,true,true,false,2,false
20261007T052151142376Z-codex.web.MP10.r1-a1,web,multi_period,MP10,1,3,fact,"Tesla’s vehicles delivered YTD through Q2 2024: 831,000; 10-Q filing date: 2024-07-24.","Tesla; Q2 2024; 831,000; 2024-07-24",S2,filing,filing-source,4,secondary,issuer,false,false,false,false,false,issuer; forum; aggregator; news; other,none,,,filing,filing,true,true,false,2,false
20261007T052151142376Z-codex.web.MP10.r1-a1,web,multi_period,MP10,1,4,fact,"Tesla’s vehicles delivered YTD through Q3 2024: 1,294,000; 10-Q filing date: 2024-10-24.","Tesla; Q3 2024; 1,294,000; 2024-10-24",S3,filing,filing-source,4,filing,filing,false,false,true,false,false,issuer; forum; aggregator; news; other,none,,,filing,filing,true,true,false,2,false
20261007T052151142376Z-codex.web.MP10.r1-a1,web,multi_period,MP10,1,5,fact,"Tesla’s vehicles delivered YTD through Q1 2025: 337,000; 10-Q filing date: 2025-04-23.","Tesla; Q1 2025; 337,000; 2025-04-23",S4,filing,filing-source,4,secondary,issuer,false,false,false,false,false,issuer; forum; aggregator; news; other,none,,,filing,filing,true,true,false,2,false
20261007T052151142376Z-codex.web.MP10.r1-a1,web,multi_period,MP10,1,6,fact,"Tesla’s vehicles delivered YTD through Q2 2025: 721,000; 10-Q filing date: 2025-07-24.","Tesla; Q2 2025; 721,000; 2025-07-24",S5,filing,filing-source,4,secondary,issuer,false,false,false,false,false,issuer; forum; aggregator; news; other,none,,,filing,filing,true,false,false,2,false
20261007T052151142376Z-codex.web.MP10.r1-a1,web,multi_period,MP10,1,7,fact,"Tesla’s vehicles delivered YTD through Q3 2025: 1,218,000; 10-Q filing date: 2025-10-23.","Tesla; Q3 2025; 1,218,000; 2025-10-23",S6,filing,filing-source,4,secondary,issuer,false,false,false,false,false,issuer; forum; aggregator; news; other,none,,,filing,filing,true,false,false,2,false
20261007T052151142376Z-codex.web.MP10.r1-a1,web,multi_period,MP10,1,8,fact,"Tesla’s vehicles delivered YTD through Q1 2026: 358,000; 10-Q filing date: 2026-04-23.","Tesla; Q1 2026; 358,000; 2026-04-23",S7,filing,filing-source,4,secondary,issuer,false,false,false,false,false,issuer; forum; aggregator; news; other,none,,,filing,filing,true,true,false,2,false
20261007T052151142376Z-codex.web.MP10.r1-a1,web,multi_period,MP10,1,9,fact,"Tesla’s vehicles delivered YTD through Q2 2026: 838,000; 10-Q filing date: 2026-07-23.","Tesla; Q2 2026; 838,000; 2026-07-23",S8,filing,filing-source,4,filing,filing,false,false,true,false,false,issuer; forum; aggregator; news; other,none,,,filing,filing,true,false,false,2,false
20261007T052203613491Z-codex.archivist.MP10.r1-a1,archivist,multi_period,MP10,1,1,fact,"Tesla’s MD&A reports approximate year-to-date consumer vehicle deliveries of 387,000 through Q1 2024 (2024-03-31), in the 10-Q filed 2024-04-24.","Tesla; 387,000; Q1 2024; 2024-03-31; 2024-04-24",S1,filing,mosaic-finance.com,5,unattributed,,false,false,false,false,false,,none,,,filing,filing,true,false,false,3,false
20261007T052203613491Z-codex.archivist.MP10.r1-a1,archivist,multi_period,MP10,1,2,fact,"Tesla’s MD&A reports approximate year-to-date consumer vehicle deliveries of 831,000 through Q2 2024 (2024-06-30), in the 10-Q filed 2024-07-24.","Tesla; 831,000; Q2 2024; 2024-06-30; 2024-07-24",S2,filing,mosaic-finance.com,4,unattributed,,false,false,false,false,false,,none,,,filing,filing,true,false,false,2,false
20261007T052203613491Z-codex.archivist.MP10.r1-a1,archivist,multi_period,MP10,1,3,fact,"Tesla’s MD&A reports approximate year-to-date consumer vehicle deliveries of 1,294,000 through Q3 2024 (2024-09-30), in the 10-Q filed 2024-10-24.","Tesla; 1,294,000; Q3 2024; 2024-09-30; 2024-10-24",S3,filing,mosaic-finance.com,4,unattributed,,false,false,false,false,false,,none,,,filing,filing,true,false,false,2,false
20261007T052203613491Z-codex.archivist.MP10.r1-a1,archivist,multi_period,MP10,1,4,fact,"Tesla’s MD&A reports approximate year-to-date consumer vehicle deliveries of 337,000 through Q1 2025 (2025-03-31), in the 10-Q filed 2025-04-23.","Tesla; 337,000; Q1 2025; 2025-03-31; 2025-04-23",S4,filing,mosaic-finance.com,5,unattributed,,false,false,false,false,false,,none,,,filing,filing,true,false,false,3,false
20261007T052203613491Z-codex.archivist.MP10.r1-a1,archivist,multi_period,MP10,1,5,fact,"Tesla’s MD&A reports approximate year-to-date consumer vehicle deliveries of 721,000 through Q2 2025 (2025-06-30), in the 10-Q filed 2025-07-24.","Tesla; 721,000; Q2 2025; 2025-06-30; 2025-07-24",S5,filing,mosaic-finance.com,4,unattributed,,false,false,false,false,false,,none,,,filing,filing,true,false,false,2,false
20261007T052203613491Z-codex.archivist.MP10.r1-a1,archivist,multi_period,MP10,1,6,fact,"Tesla’s MD&A reports approximate year-to-date consumer vehicle deliveries of 1,218,000 through Q3 2025 (2025-09-30), in the 10-Q filed 2025-10-23.","Tesla; 1,218,000; Q3 2025; 2025-09-30; 2025-10-23",S6,filing,mosaic-finance.com,4,unattributed,,false,false,false,false,false,,none,,,filing,filing,true,false,false,2,false
20261007T052203613491Z-codex.archivist.MP10.r1-a1,archivist,multi_period,MP10,1,7,fact,"Tesla’s MD&A reports approximate year-to-date consumer vehicle deliveries of 358,000 through Q1 2026 (2026-03-31), in the 10-Q filed 2026-04-23.","Tesla; 358,000; Q1 2026; 2026-03-31; 2026-04-23",S7,filing,mosaic-finance.com,5,unattributed,,false,false,false,false,false,,none,,,filing,filing,true,false,false,3,false
20261007T052203613491Z-codex.archivist.MP10.r1-a1,archivist,multi_period,MP10,1,8,fact,"Tesla’s MD&A reports approximate year-to-date consumer vehicle deliveries of 838,000 through Q2 2026 (2026-06-30), in the 10-Q filed 2026-07-23.","Tesla; 838,000; Q2 2026; 2026-06-30; 2026-07-23",S8,filing,mosaic-finance.com,4,unattributed,,false,false,false,false,false,,none,,,filing,filing,true,false,false,2,false
20261007T052222674953Z-codex.both.MP10.r1-a1,both,multi_period,MP10,1,1,fact,"Tesla’s approximate year-to-date consumer vehicle deliveries through Q1 2024: 387,000 vehicles; 10-Q filing date: 2024-04-24.","Tesla; Q1 2024; 387,000; 2024-04-24",S1,filing,filing-source,4,secondary,issuer,false,false,false,false,false,issuer; forum; other,none,,,secondary,issuer,false,false,false,2,false
20261007T052222674953Z-codex.both.MP10.r1-a1,both,multi_period,MP10,1,2,fact,"Tesla’s approximate year-to-date consumer vehicle deliveries through Q2 2024: 831,000 vehicles; 10-Q filing date: 2024-07-24.","Tesla; Q2 2024; 831,000; 2024-07-24",S2,filing,filing-source,4,secondary,issuer,false,false,false,false,false,issuer; forum; other,none,,,secondary,issuer,false,false,false,2,false
20261007T052222674953Z-codex.both.MP10.r1-a1,both,multi_period,MP10,1,3,fact,"Tesla’s approximate year-to-date consumer vehicle deliveries through Q3 2024: 1,294,000 vehicles; 10-Q filing date: 2024-10-24.","Tesla; Q3 2024; 1,294,000; 2024-10-24",S3,filing,filing-source,4,secondary,issuer,false,false,false,false,false,issuer; forum; other,none,,,filing,filing,true,false,false,2,false
20261007T052222674953Z-codex.both.MP10.r1-a1,both,multi_period,MP10,1,4,fact,"Tesla’s approximate year-to-date consumer vehicle deliveries through Q1 2025: 337,000 vehicles; 10-Q filing date: 2025-04-23.","Tesla; Q1 2025; 337,000; 2025-04-23",S4,filing,filing-source,4,secondary,issuer,false,false,false,false,false,issuer; forum; other,none,,,filing,filing,true,false,false,2,false
20261007T052222674953Z-codex.both.MP10.r1-a1,both,multi_period,MP10,1,5,fact,"Tesla’s approximate year-to-date consumer vehicle deliveries through Q2 2025: 721,000 vehicles; 10-Q filing date: 2025-07-24.","Tesla; Q2 2025; 721,000; 2025-07-24",S5,filing,filing-source,4,secondary,issuer,false,false,false,false,false,issuer; forum; other,none,,,filing,filing,true,false,false,2,false
20261007T052222674953Z-codex.both.MP10.r1-a1,both,multi_period,MP10,1,6,fact,"Tesla’s approximate year-to-date consumer vehicle deliveries through Q3 2025: 1,218,000 vehicles; 10-Q filing date: 2025-10-23.","Tesla; Q3 2025; 1,218,000; 2025-10-23",S6,filing,filing-source,4,secondary,issuer,false,false,false,false,false,issuer; forum; other,none,,,filing,filing,true,true,false,2,false
20261007T052222674953Z-codex.both.MP10.r1-a1,both,multi_period,MP10,1,7,fact,"Tesla’s approximate year-to-date consumer vehicle deliveries through Q1 2026: 358,000 vehicles; 10-Q filing date: 2026-04-23.","Tesla; Q1 2026; 358,000; 2026-04-23",S7,filing,filing-source,4,secondary,issuer,false,false,false,false,false,issuer; forum; other,none,,,filing,filing,true,true,false,2,false
20261007T052222674953Z-codex.both.MP10.r1-a1,both,multi_period,MP10,1,8,fact,"Tesla’s approximate year-to-date consumer vehicle deliveries through Q2 2026: 838,000 vehicles; 10-Q filing date: 2026-07-23.","Tesla; Q2 2026; 838,000; 2026-07-23",S8,filing,filing-source,4,secondary,issuer,false,false,false,false,false,issuer; forum; other,none,,,filing,filing,true,true,false,2,false
20261007T052248400928Z-codex.web.MP06.r2-a1,web,multi_period,MP06,2,1,fact,"Loblaw’s headline Food Retail same-store sales growth for Q1 2024 was 3.4%, as stated in the Q1 MD&A.",Loblaw; Food Retail; Q1 2024; 3.4%,S1,issuer,dis-prod.assetful.loblaw.ca,4,secondary,issuer,false,true,false,true,false,issuer; forum; reference,none,,,secondary,issuer,false,true,false,1,false
20261007T052248400928Z-codex.web.MP06.r2-a1,web,multi_period,MP06,2,2,fact,"Loblaw’s headline Food Retail same-store sales growth for Q2 2024 was 0.2%, as stated in the Q2 MD&A.",Loblaw; Food Retail; Q2 2024; 0.2%,S2,issuer,dis-prod.assetful.loblaw.ca,3,secondary,issuer,false,true,false,true,false,issuer; forum; reference,none,,,secondary,issuer,false,true,false,3,false
20261007T052248400928Z-codex.web.MP06.r2-a1,web,multi_period,MP06,2,3,fact,"Loblaw’s headline Food Retail same-store sales growth for Q3 2024 was 0.5%, as stated in the Q3 MD&A.",Loblaw; Food Retail; Q3 2024; 0.5%,S3,issuer,dis-prod.assetful.loblaw.ca,3,secondary,issuer,false,true,false,false,false,issuer; forum; reference,none,,,secondary,issuer,false,false,false,3,false
20261007T052248400928Z-codex.web.MP06.r2-a1,web,multi_period,MP06,2,4,fact,"Loblaw’s headline Food Retail same-store sales growth for Q4 2024 was 2.5%, as stated in the 2024 annual MD&A, fourth-quarter results.",Loblaw; Food Retail; Q4 2024; 2.5%; 2024 annual MD&A,S4,issuer,dis-prod.assetful.loblaw.ca,5,secondary,issuer,false,true,false,false,false,issuer; forum; reference,none,,,filing,filing,true,true,false,1,false
20261007T052248400928Z-codex.web.MP06.r2-a1,web,multi_period,MP06,2,5,fact,"Loblaw’s headline Food Retail same-store sales growth for Q1 2025 was 2.2%, as stated in the Q1 MD&A.",Loblaw; Food Retail; Q1 2025; 2.2%,S5,issuer,dis-prod.assetful.loblaw.ca,4,secondary,issuer,false,true,false,false,false,issuer; forum; reference,none,,,secondary,issuer,false,true,false,1,false
20261007T052248400928Z-codex.web.MP06.r2-a1,web,multi_period,MP06,2,6,fact,"Loblaw’s headline Food Retail same-store sales growth for Q2 2025 was 3.5%, as stated in the Q2 MD&A.",Loblaw; Food Retail; Q2 2025; 3.5%,S6,issuer,dis-prod.assetful.loblaw.ca,4,secondary,issuer,false,true,false,false,false,issuer; forum; reference,none,,,secondary,issuer,false,true,false,1,false
20261007T052248400928Z-codex.web.MP06.r2-a1,web,multi_period,MP06,2,7,fact,"Loblaw’s headline Food Retail same-store sales growth for Q3 2025 was 2.0%, as stated in the Q3 MD&A.",Loblaw; Food Retail; Q3 2025; 2.0%,S7,issuer,dis-prod.assetful.loblaw.ca,4,secondary,issuer,false,true,false,false,false,issuer; forum; reference,none,,,filing,filing,true,true,false,1,false
20261007T052248400928Z-codex.web.MP06.r2-a1,web,multi_period,MP06,2,8,fact,"Loblaw’s headline Food Retail same-store sales growth for Q4 2025 was 1.5%, as stated in the 2025 annual MD&A, fourth-quarter results.",Loblaw; Food Retail; Q4 2025; 1.5%; 2025 annual MD&A,S8,issuer,dis-prod.assetful.loblaw.ca,5,secondary,issuer,false,true,false,false,false,issuer; forum; reference,none,,,secondary,issuer,false,true,false,1,false
20261007T052248400928Z-codex.web.MP06.r2-a1,web,multi_period,MP06,2,9,fact,"Loblaw’s headline Food Retail same-store sales growth for Q1 2026 was 2.4%, as stated in the Q1 MD&A.",Loblaw; Food Retail; Q1 2026; 2.4%,S9,issuer,dis-prod.assetful.loblaw.ca,4,secondary,issuer,false,true,false,false,false,issuer; forum; reference,none,,,secondary,issuer,false,true,false,1,false
20261007T052248400928Z-codex.web.MP06.r2-a1,web,multi_period,MP06,2,10,fact,"Loblaw’s headline Food Retail same-store sales growth for Q2 2026 was 1.6%, as stated in the Q2 MD&A.",Loblaw; Food Retail; Q2 2026; 1.6%,S10,issuer,dis-prod.assetful.loblaw.ca,4,secondary,issuer,false,true,false,true,false,issuer; forum; reference,none,,,filing,filing,true,true,false,1,false
20261007T052248400928Z-codex.web.MP06.r2-a1,web,multi_period,MP06,2,11,fact,Figures are quarterly headline rates; no timing-effect adjustments have been substituted.,,,,,0,unattributed,,true,false,false,false,false,,none,,,unattributed,,false,false,false,0,true
20261007T052310859505Z-codex.archivist.MP06.r2-a1,archivist,multi_period,MP06,2,1,fact,"Loblaw’s headline quarterly Food Retail same-store sales growth: Q1 2024; period ended March 23, 2024; growth 3.4%; MD&A filed 2024-05-01.","Loblaw; Food Retail; Q1 2024; March 23, 2024; 3.4%; 2024-05-01",S1,filing,mosaic-finance.com,5,unattributed,,false,false,false,false,false,,none,,,filing,filing,true,false,false,1,false
20261007T052310859505Z-codex.archivist.MP06.r2-a1,archivist,multi_period,MP06,2,2,fact,"Loblaw’s headline quarterly Food Retail same-store sales growth: Q2 2024; period ended June 15, 2024; growth 0.2%; MD&A filed 2024-07-25.","Loblaw; Food Retail; Q2 2024; June 15, 2024; 0.2%; 2024-07-25",S2,filing,mosaic-finance.com,5,unattributed,,false,false,false,false,false,,none,,,filing,filing,true,false,false,1,false
20261007T052310859505Z-codex.archivist.MP06.r2-a1,archivist,multi_period,MP06,2,3,fact,"Loblaw’s headline quarterly Food Retail same-store sales growth: Q3 2024; period ended October 5, 2024; growth 0.5%; MD&A filed 2024-11-13.","Loblaw; Food Retail; Q3 2024; October 5, 2024; 0.5%; 2024-11-13",S3,filing,mosaic-finance.com,6,unattributed,,false,false,false,false,false,,none,,,filing,filing,true,false,false,2,false
20261007T052310859505Z-codex.archivist.MP06.r2-a1,archivist,multi_period,MP06,2,4,fact,"Loblaw’s headline quarterly Food Retail same-store sales growth: Q4 2024; period ended December 28, 2024; growth 2.5%; MD&A filed 2025-02-20 — annual MD&A, Q4 results.","Loblaw; Food Retail; Q4 2024; December 28, 2024; 2.5%; 2025-02-20; Q4",S4,filing,mosaic-finance.com,6,unattributed,,false,false,false,false,false,,none,,,filing,filing,true,false,false,1,false
20261007T052310859505Z-codex.archivist.MP06.r2-a1,archivist,multi_period,MP06,2,5,fact,"Loblaw’s headline quarterly Food Retail same-store sales growth: Q1 2025; period ended March 22, 2025; growth 2.2%; MD&A filed 2025-04-30.","Loblaw; Food Retail; Q1 2025; March 22, 2025; 2.2%; 2025-04-30",S5,filing,mosaic-finance.com,5,unattributed,,false,false,false,false,false,,none,,,filing,filing,true,false,false,1,false
20261007T052310859505Z-codex.archivist.MP06.r2-a1,archivist,multi_period,MP06,2,6,fact,"Loblaw’s headline quarterly Food Retail same-store sales growth: Q2 2025; period ended June 14, 2025; growth 3.5%; MD&A filed 2025-07-24.","Loblaw; Food Retail; Q2 2025; June 14, 2025; 3.5%; 2025-07-24",S6,filing,mosaic-finance.com,6,unattributed,,false,false,false,false,false,,none,,,filing,filing,true,false,false,2,false
20261007T052310859505Z-codex.archivist.MP06.r2-a1,archivist,multi_period,MP06,2,7,fact,"Loblaw’s headline quarterly Food Retail same-store sales growth: Q3 2025; period ended October 4, 2025; growth 2.0%; MD&A filed 2025-11-12.","Loblaw; Food Retail; Q3 2025; October 4, 2025; 2.0%; 2025-11-12",S7,filing,mosaic-finance.com,7,unattributed,,false,false,false,false,false,,none,,,filing,filing,true,false,false,3,false
20261007T052310859505Z-codex.archivist.MP06.r2-a1,archivist,multi_period,MP06,2,8,fact,"Loblaw’s headline quarterly Food Retail same-store sales growth: Q4 2025; period ended January 3, 2026; growth 1.5%; MD&A filed 2026-02-25 — annual MD&A, Q4 results.","Loblaw; Food Retail; Q4 2025; January 3, 2026; 1.5%; 2026-02-25; Q4",S8,filing,mosaic-finance.com,7,unattributed,,false,false,false,false,false,,none,,,filing,filing,true,false,false,2,false
20261007T052310859505Z-codex.archivist.MP06.r2-a1,archivist,multi_period,MP06,2,9,fact,"Loblaw’s headline quarterly Food Retail same-store sales growth: Q1 2026; period ended March 28, 2026; growth 2.4%; MD&A filed 2026-05-06.","Loblaw; Food Retail; Q1 2026; March 28, 2026; 2.4%; 2026-05-06",S9,filing,mosaic-finance.com,5,unattributed,,false,false,false,false,false,,none,,,filing,filing,true,false,false,1,false
20261007T052310859505Z-codex.archivist.MP06.r2-a1,archivist,multi_period,MP06,2,10,fact,"Loblaw’s headline quarterly Food Retail same-store sales growth: Q2 2026; period ended June 20, 2026; growth 1.6%; MD&A filed 2026-07-30.","Loblaw; Food Retail; Q2 2026; June 20, 2026; 1.6%; 2026-07-30",S10,filing,mosaic-finance.com,5,unattributed,,false,false,false,false,false,,none,,,filing,filing,true,false,false,1,false
20261007T052310859505Z-codex.archivist.MP06.r2-a1,archivist,multi_period,MP06,2,11,fact,All figures are for the quarter and retain timing effects as requested.,,,,,0,unattributed,,true,false,false,false,false,,none,,,unattributed,,false,false,false,0,true
20261007T052320644008Z-codex.both.MP06.r2-a1,both,multi_period,MP06,2,1,fact,"Loblaw’s Q1 2024 Food Retail same-store sales growth was 3.4%; the period ended March 23, 2024, and the English MD&A was filed 2024-05-01.","Loblaw; Q1 2024; 3.4%; March 23, 2024; 2024-05-01",S1,filing,mosaic-finance.com,4,unattributed,,false,false,false,false,false,,none,,,filing,filing,true,false,false,1,false
20261007T052320644008Z-codex.both.MP06.r2-a1,both,multi_period,MP06,2,2,fact,"Loblaw’s Q2 2024 Food Retail same-store sales growth was 0.2%; the period ended June 15, 2024, and the English MD&A was filed 2024-07-25.","Loblaw; Q2 2024; 0.2%; June 15, 2024; 2024-07-25",S2,filing,mosaic-finance.com,4,unattributed,,false,false,false,false,false,,none,,,filing,filing,true,false,false,1,false
20261007T052320644008Z-codex.both.MP06.r2-a1,both,multi_period,MP06,2,3,fact,"Loblaw’s Q3 2024 Food Retail same-store sales growth was 0.5%; the period ended October 5, 2024, and the English MD&A was filed 2024-11-13.","Loblaw; Q3 2024; 0.5%; October 5, 2024; 2024-11-13",S3,filing,mosaic-finance.com,5,unattributed,,false,false,false,false,false,,none,,,filing,filing,true,false,false,2,false
20261007T052320644008Z-codex.both.MP06.r2-a1,both,multi_period,MP06,2,4,fact,"Loblaw’s Q4 2024 Food Retail same-store sales growth was 2.5%; the period ended December 28, 2024, and the English annual MD&A was filed 2025-02-20.","Loblaw; Q4 2024; 2.5%; December 28, 2024; 2025-02-20",S4,filing,mosaic-finance.com,4,unattributed,,false,false,false,false,false,,none,,,filing,filing,true,false,false,1,false
20261007T052320644008Z-codex.both.MP06.r2-a1,both,multi_period,MP06,2,5,fact,"Loblaw’s Q1 2025 Food Retail same-store sales growth was 2.2%; the period ended March 22, 2025, and the English MD&A was filed 2025-04-30.","Loblaw; Q1 2025; 2.2%; March 22, 2025; 2025-04-30",S5,filing,mosaic-finance.com,4,unattributed,,false,false,false,false,false,,none,,,filing,filing,true,false,false,1,false
20261007T052320644008Z-codex.both.MP06.r2-a1,both,multi_period,MP06,2,6,fact,"Loblaw’s Q2 2025 Food Retail same-store sales growth was 3.5%; the period ended June 14, 2025, and the English MD&A was filed 2025-07-24.","Loblaw; Q2 2025; 3.5%; June 14, 2025; 2025-07-24",S6,filing,mosaic-finance.com,5,unattributed,,false,false,false,false,false,,none,,,filing,filing,true,false,false,2,false
20261007T052320644008Z-codex.both.MP06.r2-a1,both,multi_period,MP06,2,7,fact,"Loblaw’s Q3 2025 Food Retail same-store sales growth was 2.0%; the period ended October 4, 2025, and the English MD&A was filed 2025-11-12.","Loblaw; Q3 2025; 2.0%; October 4, 2025; 2025-11-12",S7,filing,mosaic-finance.com,6,unattributed,,false,false,false,false,false,,none,,,filing,filing,true,false,false,3,false
20261007T052320644008Z-codex.both.MP06.r2-a1,both,multi_period,MP06,2,8,fact,"Loblaw’s Q4 2025 Food Retail same-store sales growth was 1.5%; the period ended January 3, 2026, and the English annual MD&A was filed 2026-02-25.","Loblaw; Q4 2025; 1.5%; January 3, 2026; 2026-02-25",S8,filing,mosaic-finance.com,5,unattributed,,false,false,false,false,false,,none,,,filing,filing,true,false,false,2,false
20261007T052320644008Z-codex.both.MP06.r2-a1,both,multi_period,MP06,2,9,fact,"Loblaw’s Q1 2026 Food Retail same-store sales growth was 2.4%; the period ended March 28, 2026, and the English MD&A was filed 2026-05-06.","Loblaw; Q1 2026; 2.4%; March 28, 2026; 2026-05-06",S9,filing,mosaic-finance.com,4,unattributed,,false,false,false,false,false,,none,,,filing,filing,true,false,false,1,false
20261007T052320644008Z-codex.both.MP06.r2-a1,both,multi_period,MP06,2,10,fact,"Loblaw’s Q2 2026 Food Retail same-store sales growth was 1.6%; the period ended June 20, 2026, and the English MD&A was filed 2026-07-30.","Loblaw; Q2 2026; 1.6%; June 20, 2026; 2026-07-30",S10,filing,mosaic-finance.com,4,unattributed,,false,false,false,false,false,,none,,,filing,filing,true,false,false,1,false
20261007T052320644008Z-codex.both.MP06.r2-a1,both,multi_period,MP06,2,11,fact,"All figures are the reported headline percentages, without additional adjustments for timing effects.",,,,,0,unattributed,,true,false,false,false,false,,none,,,unattributed,,false,false,false,0,true
20261007T052410750632Z-codex.web.MP07.r2-a1,web,multi_period,MP07,2,1,fact,"The Home Depot’s diluted EPS for fiscal 2019 was $10.25, as reported in the MD&A of that fiscal year’s own Form 10-K, filed 2020-03-25.",The Home Depot; $10.25; Form 10-K; 2020-03-25,S1,filing,filing-source,4,filing,filing,false,false,true,false,false,issuer; forum; aggregator; reference,none,,,filing,filing,true,false,false,2,false
20261007T052410750632Z-codex.web.MP07.r2-a1,web,multi_period,MP07,2,2,fact,"The Home Depot’s diluted EPS for fiscal 2020 was $11.94, as reported in the MD&A of that fiscal year’s own Form 10-K, filed 2021-03-24.",The Home Depot; $11.94; Form 10-K; 2021-03-24,S2,filing,filing-source,4,filing,filing,false,false,true,false,false,issuer; forum; aggregator; reference,none,,,filing,filing,true,false,false,2,false
20261007T052410750632Z-codex.web.MP07.r2-a1,web,multi_period,MP07,2,3,fact,"The Home Depot’s diluted EPS for fiscal 2021 was $15.53, as reported in the MD&A of that fiscal year’s own Form 10-K, filed 2022-03-23.",The Home Depot; $15.53; Form 10-K; 2022-03-23,S3,filing,filing-source,4,filing,filing,false,false,true,false,false,issuer; forum; aggregator; reference,none,,,filing,filing,true,false,false,2,false
20261007T052410750632Z-codex.web.MP07.r2-a1,web,multi_period,MP07,2,4,fact,"The Home Depot’s diluted EPS for fiscal 2022 was $16.69, as reported in the MD&A of that fiscal year’s own Form 10-K, filed 2023-03-15.",The Home Depot; $16.69; Form 10-K; 2023-03-15,S4,filing,filing-source,4,filing,filing,false,false,true,false,false,issuer; forum; aggregator; reference,none,,,filing,filing,true,false,false,2,false
20261007T052410750632Z-codex.web.MP07.r2-a1,web,multi_period,MP07,2,5,fact,"The Home Depot’s diluted EPS for fiscal 2023 was $15.11, as reported in the MD&A of that fiscal year’s own Form 10-K, filed 2024-03-13.",The Home Depot; $15.11; Form 10-K; 2024-03-13,S5,filing,filing-source,4,filing,filing,false,false,true,false,false,issuer; forum; aggregator; reference,none,,,filing,filing,true,false,false,2,false
20261007T052410750632Z-codex.web.MP07.r2-a1,web,multi_period,MP07,2,6,fact,"The Home Depot’s diluted EPS for fiscal 2024 was $14.91, as reported in the MD&A of that fiscal year’s own Form 10-K, filed 2025-03-21.",The Home Depot; $14.91; Form 10-K; 2025-03-21,S6,filing,filing-source,4,filing,filing,false,false,true,false,false,issuer; forum; aggregator; reference,none,,,filing,filing,true,false,false,2,false
20261007T052410750632Z-codex.web.MP07.r2-a1,web,multi_period,MP07,2,7,fact,"The Home Depot’s diluted EPS for fiscal 2025 was $14.23, as reported in the MD&A of that fiscal year’s own Form 10-K, filed 2026-03-18.",The Home Depot; $14.23; Form 10-K; 2026-03-18,S7,filing,filing-source,4,filing,filing,false,false,true,false,false,issuer; forum; aggregator; reference,none,,,filing,filing,true,false,false,2,false
20261007T052421246304Z-codex.archivist.MP07.r2-a1,archivist,multi_period,MP07,2,1,fact,"The Home Depot’s diluted EPS, in US dollars per share, as reported in Item 7 (MD&A) of each fiscal year’s own Form 10-K.",The Home Depot; US dollars per share; Item 7; MD&A; Form 10-K,,,,5,unattributed,,false,false,false,false,false,,none,,,unattributed,,false,false,false,5,false
20261007T052421246304Z-codex.archivist.MP07.r2-a1,archivist,multi_period,MP07,2,2,fact,Fiscal year 2019: diluted EPS $10.25; Form 10-K filed 2020-03-25.,fiscal 2019; $10.25; Form 10-K; 2020-03-25,S1,filing,mosaic-finance.com,3,filing,filing,false,false,true,false,false,,none,,,filing,filing,true,false,false,2,false
20261007T052421246304Z-codex.archivist.MP07.r2-a1,archivist,multi_period,MP07,2,3,fact,Fiscal year 2020: diluted EPS $11.94; Form 10-K filed 2021-03-24.,fiscal 2020; $11.94; Form 10-K; 2021-03-24,S2,filing,mosaic-finance.com,3,filing,filing,false,false,true,false,false,,none,,,filing,filing,true,false,false,2,false
20261007T052421246304Z-codex.archivist.MP07.r2-a1,archivist,multi_period,MP07,2,4,fact,Fiscal year 2021: diluted EPS $15.53; Form 10-K filed 2022-03-23.,fiscal 2021; $15.53; Form 10-K; 2022-03-23,S3,filing,mosaic-finance.com,3,filing,filing,false,false,true,false,false,,none,,,filing,filing,true,false,false,2,false
20261007T052421246304Z-codex.archivist.MP07.r2-a1,archivist,multi_period,MP07,2,5,fact,Fiscal year 2022: diluted EPS $16.69; Form 10-K filed 2023-03-15.,fiscal 2022; $16.69; Form 10-K; 2023-03-15,S4,filing,mosaic-finance.com,3,filing,filing,false,false,true,false,false,,none,,,filing,filing,true,false,false,2,false
20261007T052421246304Z-codex.archivist.MP07.r2-a1,archivist,multi_period,MP07,2,6,fact,Fiscal year 2023: diluted EPS $15.11; Form 10-K filed 2024-03-13.,fiscal 2023; $15.11; Form 10-K; 2024-03-13,S5,filing,mosaic-finance.com,3,filing,filing,false,false,true,false,false,,none,,,filing,filing,true,false,false,2,false
20261007T052421246304Z-codex.archivist.MP07.r2-a1,archivist,multi_period,MP07,2,7,fact,Fiscal year 2024: diluted EPS $14.91; Form 10-K filed 2025-03-21.,fiscal 2024; $14.91; Form 10-K; 2025-03-21,S6,filing,mosaic-finance.com,3,filing,filing,false,false,true,false,false,,none,,,filing,filing,true,false,false,2,false
20261007T052421246304Z-codex.archivist.MP07.r2-a1,archivist,multi_period,MP07,2,8,fact,Fiscal year 2025: diluted EPS $14.23; Form 10-K filed 2026-03-18.,fiscal 2025; $14.23; Form 10-K; 2026-03-18,S7,filing,mosaic-finance.com,3,filing,filing,false,false,true,false,false,,none,,,filing,filing,true,false,false,2,false
20261007T052445472820Z-codex.both.MP07.r2-a1,both,multi_period,MP07,2,1,fact,"The Home Depot’s diluted EPS, in US dollars, from Item 7 (MD&A) of each fiscal year’s own Form 10-K.",The Home Depot; Item 7; Form 10-K,,,,3,filing,filing,false,false,true,false,false,issuer; aggregator; reference,none,,,filing,filing,true,false,false,3,false
20261007T052445472820Z-codex.both.MP07.r2-a1,both,multi_period,MP07,2,2,fact,Fiscal year 2019: diluted EPS $10.25; Form 10-K filed 2020-03-25.,$10.25; Form 10-K; 2020-03-25,S1,filing,mosaic-finance.com,3,filing,filing,false,false,true,true,true,issuer; forum; aggregator; reference,none,,,filing,filing,true,true,true,2,false
20261007T052445472820Z-codex.both.MP07.r2-a1,both,multi_period,MP07,2,3,fact,Fiscal year 2020: diluted EPS $11.94; Form 10-K filed 2021-03-24.,$11.94; Form 10-K; 2021-03-24,S2,filing,mosaic-finance.com,3,filing,filing,false,false,true,true,true,issuer; forum; aggregator; reference,none,,,filing,filing,true,true,true,2,false
20261007T052445472820Z-codex.both.MP07.r2-a1,both,multi_period,MP07,2,4,fact,Fiscal year 2021: diluted EPS $15.53; Form 10-K filed 2022-03-23.,$15.53; Form 10-K; 2022-03-23,S3,filing,mosaic-finance.com,3,filing,filing,false,false,true,false,false,issuer; reference,none,,,filing,filing,true,false,false,2,false
20261007T052445472820Z-codex.both.MP07.r2-a1,both,multi_period,MP07,2,5,fact,Fiscal year 2022: diluted EPS $16.69; Form 10-K filed 2023-03-15.,$16.69; Form 10-K; 2023-03-15,S4,filing,mosaic-finance.com,3,filing,filing,false,false,true,false,false,issuer; forum; reference,none,,,filing,filing,true,false,false,2,false
20261007T052445472820Z-codex.both.MP07.r2-a1,both,multi_period,MP07,2,6,fact,Fiscal year 2023: diluted EPS $15.11; Form 10-K filed 2024-03-13.,$15.11; Form 10-K; 2024-03-13,S5,filing,mosaic-finance.com,3,filing,filing,false,false,true,false,false,issuer; forum; reference,none,,,filing,filing,true,false,false,2,false
20261007T052445472820Z-codex.both.MP07.r2-a1,both,multi_period,MP07,2,7,fact,Fiscal year 2024: diluted EPS $14.91; Form 10-K filed 2025-03-21.,$14.91; Form 10-K; 2025-03-21,S6,filing,mosaic-finance.com,3,filing,filing,false,false,true,false,false,issuer; aggregator; reference,none,,,filing,filing,true,false,false,2,false
20261007T052445472820Z-codex.both.MP07.r2-a1,both,multi_period,MP07,2,8,fact,Fiscal year 2025: diluted EPS $14.23; Form 10-K filed 2026-03-18.,$14.23; Form 10-K; 2026-03-18,S7,filing,mosaic-finance.com,3,filing,filing,false,false,true,false,false,issuer; forum; reference,none,,,filing,filing,true,false,false,2,false
20261007T052506337176Z-codex.web.MP08.r2-a1,web,multi_period,MP08,2,1,fact,"Each figure is the year-over-year change for the three-month quarter, taken from that quarter’s Form 10-Q.",three-month; Form 10-Q,,,,2,secondary,issuer,false,false,false,false,false,issuer; aggregator,none,,,secondary,issuer,false,false,false,2,false
20261007T052506337176Z-codex.web.MP08.r2-a1,web,multi_period,MP08,2,2,fact,"March 31, 2024: Comparable restaurant sales change 7.0%; 10-Q (2024-04-25).","March 31, 2024; 7.0%; 10-Q; 2024-04-25",S1,filing,filing-source,4,filing,filing,false,false,true,false,false,issuer; forum; aggregator,none,,,filing,filing,true,true,false,2,false
20261007T052506337176Z-codex.web.MP08.r2-a1,web,multi_period,MP08,2,3,fact,"June 30, 2024: Comparable restaurant sales change 11.1%; 10-Q (2024-07-25).","June 30, 2024; 11.1%; 10-Q; 2024-07-25",S2,filing,filing-source,4,filing,filing,false,false,true,false,false,issuer; forum; aggregator,none,,,filing,filing,true,false,false,2,false
20261007T052506337176Z-codex.web.MP08.r2-a1,web,multi_period,MP08,2,4,fact,"September 30, 2024: Comparable restaurant sales change 6.0%; 10-Q (2024-10-30).","September 30, 2024; 6.0%; 10-Q; 2024-10-30",S3,filing,filing-source,3,filing,filing,false,false,true,false,false,issuer; forum; aggregator; news,none,,,filing,filing,true,true,false,1,false
20261007T052506337176Z-codex.web.MP08.r2-a1,web,multi_period,MP08,2,5,fact,"March 31, 2025: Comparable restaurant sales change -0.4%; 10-Q (2025-04-24).","March 31, 2025; -0.4%; 10-Q; 2025-04-24",S4,filing,filing-source,3,filing,filing,false,false,true,true,false,issuer; forum; aggregator,none,,,filing,filing,true,true,false,1,false
20261007T052506337176Z-codex.web.MP08.r2-a1,web,multi_period,MP08,2,6,fact,"June 30, 2025: Comparable restaurant sales change -4.0%; 10-Q (2025-07-24).","June 30, 2025; -4.0%; 10-Q; 2025-07-24",S5,filing,filing-source,4,filing,filing,false,false,true,true,false,issuer; aggregator,none,,,filing,filing,true,true,false,2,false
20261007T052506337176Z-codex.web.MP08.r2-a1,web,multi_period,MP08,2,7,fact,"September 30, 2025: Comparable restaurant sales change 0.3%; 10-Q (2025-10-30).","September 30, 2025; 0.3%; 10-Q; 2025-10-30",S6,filing,filing-source,2,filing,filing,false,false,true,true,false,issuer; forum; aggregator,none,,,filing,filing,true,true,false,2,false
20261007T052506337176Z-codex.web.MP08.r2-a1,web,multi_period,MP08,2,8,fact,"March 31, 2026: Comparable restaurant sales change 0.5%; 10-Q (2026-04-30).","March 31, 2026; 0.5%; 10-Q; 2026-04-30",S7,filing,filing-source,2,filing,filing,false,false,true,true,false,issuer; aggregator,none,,,filing,filing,true,true,false,2,false
20261007T052506337176Z-codex.web.MP08.r2-a1,web,multi_period,MP08,2,9,fact,"June 30, 2026: Comparable restaurant sales change 2.2%; 10-Q (2026-07-31).","June 30, 2026; 2.2%; 10-Q; 2026-07-31",S8,filing,filing-source,4,filing,filing,false,false,true,false,false,issuer; forum; aggregator,none,,,filing,filing,true,false,false,2,false
20261007T052538083403Z-codex.archivist.MP08.r2-a1,archivist,multi_period,MP08,2,1,fact,"Each figure is the year-over-year change for the three months ended, taken from that quarter’s Form 10-Q.",Form 10-Q,,,,1,unattributed,,false,false,false,false,false,,none,,,unattributed,,false,false,false,1,false
20261007T052538083403Z-codex.archivist.MP08.r2-a1,archivist,multi_period,MP08,2,2,fact,"March 31, 2024: Comparable restaurant sales change 7.0%; 10-Q filed 2024-04-25.","March 31, 2024; 7.0%; 10-Q; 2024-04-25",S1,filing,mosaic-finance.com,4,filing,filing,false,false,true,false,false,,none,,,filing,filing,true,false,false,2,false
20261007T052538083403Z-codex.archivist.MP08.r2-a1,archivist,multi_period,MP08,2,3,fact,"June 30, 2024: Comparable restaurant sales change 11.1%; 10-Q filed 2024-07-25.","June 30, 2024; 11.1%; 10-Q; 2024-07-25",S2,filing,mosaic-finance.com,4,filing,filing,false,false,true,false,false,,none,,,filing,filing,true,false,false,2,false
20261007T052538083403Z-codex.archivist.MP08.r2-a1,archivist,multi_period,MP08,2,4,fact,"September 30, 2024: Comparable restaurant sales change 6.0%; 10-Q filed 2024-10-30.","September 30, 2024; 6.0%; 10-Q; 2024-10-30",S3,filing,mosaic-finance.com,3,unattributed,,false,false,false,false,false,,none,,,filing,filing,true,false,false,1,false
20261007T052538083403Z-codex.archivist.MP08.r2-a1,archivist,multi_period,MP08,2,5,fact,"March 31, 2025: Comparable restaurant sales change -0.4%; 10-Q filed 2025-04-24.","March 31, 2025; -0.4%; 10-Q; 2025-04-24",S4,filing,mosaic-finance.com,3,filing,filing,false,false,true,false,false,,none,,,filing,filing,true,false,false,1,false
20261007T052538083403Z-codex.archivist.MP08.r2-a1,archivist,multi_period,MP08,2,6,fact,"June 30, 2025: Comparable restaurant sales change -4.0%; 10-Q filed 2025-07-24.","June 30, 2025; -4.0%; 10-Q; 2025-07-24",S5,filing,mosaic-finance.com,4,filing,filing,false,false,true,false,false,,none,,,filing,filing,true,false,false,2,false
20261007T052538083403Z-codex.archivist.MP08.r2-a1,archivist,multi_period,MP08,2,7,fact,"September 30, 2025: Comparable restaurant sales change 0.3%; 10-Q filed 2025-10-30.","September 30, 2025; 0.3%; 10-Q; 2025-10-30",S6,filing,mosaic-finance.com,2,filing,filing,false,false,true,false,false,,none,,,filing,filing,true,false,false,2,false
20261007T052538083403Z-codex.archivist.MP08.r2-a1,archivist,multi_period,MP08,2,8,fact,"March 31, 2026: Comparable restaurant sales change 0.5%; 10-Q filed 2026-04-30.","March 31, 2026; 0.5%; 10-Q; 2026-04-30",S7,filing,mosaic-finance.com,2,filing,filing,false,false,true,false,false,,none,,,filing,filing,true,false,false,2,false
20261007T052538083403Z-codex.archivist.MP08.r2-a1,archivist,multi_period,MP08,2,9,fact,"June 30, 2026: Comparable restaurant sales change 2.2%; 10-Q filed 2026-07-31.","June 30, 2026; 2.2%; 10-Q; 2026-07-31",S8,filing,mosaic-finance.com,4,filing,filing,false,false,true,false,false,,none,,,filing,filing,true,false,false,2,false
20261007T052541803388Z-codex.both.MP08.r2-a1,both,multi_period,MP08,2,1,fact,"Each figure is the year-over-year change for the three-month quarter, taken from that quarter’s Form 10-Q.",three-month; Form 10-Q,,,,2,unattributed,,false,false,false,false,false,,none,,,unattributed,,false,false,false,2,false
20261007T052541803388Z-codex.both.MP08.r2-a1,both,multi_period,MP08,2,2,fact,"March 31, 2024: Comparable restaurant sales change 7.0%; 10-Q filed 2024-04-25.","March 31, 2024; 7.0%; 10-Q; 2024-04-25",S1,filing,mosaic-finance.com,4,filing,filing,false,false,true,false,false,,none,,,filing,filing,true,false,false,2,false
20261007T052541803388Z-codex.both.MP08.r2-a1,both,multi_period,MP08,2,3,fact,"June 30, 2024: Comparable restaurant sales change 11.1%; 10-Q filed 2024-07-25.","June 30, 2024; 11.1%; 10-Q; 2024-07-25",S2,filing,mosaic-finance.com,4,filing,filing,false,false,true,false,false,,none,,,filing,filing,true,false,false,2,false
20261007T052541803388Z-codex.both.MP08.r2-a1,both,multi_period,MP08,2,4,fact,"September 30, 2024: Comparable restaurant sales change 6.0%; 10-Q filed 2024-10-30.","September 30, 2024; 6.0%; 10-Q; 2024-10-30",S3,filing,mosaic-finance.com,3,filing,filing,false,false,true,false,false,,none,,,filing,filing,true,false,false,1,false
20261007T052541803388Z-codex.both.MP08.r2-a1,both,multi_period,MP08,2,5,fact,"March 31, 2025: Comparable restaurant sales change -0.4%; 10-Q filed 2025-04-24.","March 31, 2025; -0.4%; 10-Q; 2025-04-24",S4,filing,mosaic-finance.com,3,filing,filing,false,false,true,false,false,,none,,,filing,filing,true,false,false,1,false
20261007T052541803388Z-codex.both.MP08.r2-a1,both,multi_period,MP08,2,6,fact,"June 30, 2025: Comparable restaurant sales change -4.0%; 10-Q filed 2025-07-24.","June 30, 2025; -4.0%; 10-Q; 2025-07-24",S5,filing,mosaic-finance.com,4,filing,filing,false,false,true,false,false,,none,,,filing,filing,true,false,false,2,false
20261007T052541803388Z-codex.both.MP08.r2-a1,both,multi_period,MP08,2,7,fact,"September 30, 2025: Comparable restaurant sales change 0.3%; 10-Q filed 2025-10-30.","September 30, 2025; 0.3%; 10-Q; 2025-10-30",S6,filing,mosaic-finance.com,2,filing,filing,false,false,true,false,false,,none,,,filing,filing,true,false,false,2,false
20261007T052541803388Z-codex.both.MP08.r2-a1,both,multi_period,MP08,2,8,fact,"March 31, 2026: Comparable restaurant sales change 0.5%; 10-Q filed 2026-04-30.","March 31, 2026; 0.5%; 10-Q; 2026-04-30",S7,filing,mosaic-finance.com,2,filing,filing,false,false,true,false,false,,none,,,filing,filing,true,false,false,2,false
20261007T052541803388Z-codex.both.MP08.r2-a1,both,multi_period,MP08,2,9,fact,"June 30, 2026: Comparable restaurant sales change 2.2%; 10-Q filed 2026-07-31.","June 30, 2026; 2.2%; 10-Q; 2026-07-31",S8,filing,mosaic-finance.com,4,filing,filing,false,false,true,false,false,,none,,,filing,filing,true,false,false,2,false
20261007T052628966627Z-codex.web.MP09.r2-a1,web,multi_period,MP09,2,1,fact,"Each figure below is worldwide Family DAP, averaged over the indicated month, taken from that quarter’s Form 10-Q.",Family DAP; Form 10-Q,,,,2,secondary,issuer,false,false,false,false,false,issuer; forum; aggregator,none,,,secondary,issuer,false,false,false,2,false
20261007T052628966627Z-codex.web.MP09.r2-a1,web,multi_period,MP09,2,2,fact,March 2024 DAP (billions): 3.24; Form 10-Q filed 2024-04-25.,March 2024; 3.24; Form 10-Q; 2024-04-25,S1,filing,filing-source,4,filing,filing,false,false,true,true,false,issuer; forum; promotional; aggregator; news; reference; other,none,,,filing,filing,true,true,false,2,false
20261007T052628966627Z-codex.web.MP09.r2-a1,web,multi_period,MP09,2,3,fact,June 2024 DAP (billions): 3.27; Form 10-Q filed 2024-08-01.,June 2024; 3.27; Form 10-Q; 2024-08-01,S2,filing,filing-source,3,filing,filing,false,false,true,true,false,issuer; forum; aggregator,none,,,filing,filing,true,true,false,1,false
20261007T052628966627Z-codex.web.MP09.r2-a1,web,multi_period,MP09,2,4,fact,September 2024 DAP (billions): 3.29; Form 10-Q filed 2024-10-31.,September 2024; 3.29; Form 10-Q; 2024-10-31,S3,filing,filing-source,4,filing,filing,false,false,true,false,false,issuer; forum; aggregator; other,none,,,filing,filing,true,false,false,2,false
20261007T052628966627Z-codex.web.MP09.r2-a1,web,multi_period,MP09,2,5,fact,March 2025 DAP (billions): 3.43; Form 10-Q filed 2025-05-01.,March 2025; 3.43; Form 10-Q; 2025-05-01,S4,filing,filing-source,3,filing,filing,false,false,true,false,false,issuer; forum; aggregator,none,,,filing,filing,true,false,false,1,false
20261007T052628966627Z-codex.web.MP09.r2-a1,web,multi_period,MP09,2,6,fact,June 2025 DAP (billions): 3.48; Form 10-Q filed 2025-07-31.,June 2025; 3.48; Form 10-Q; 2025-07-31,S5,filing,filing-source,4,filing,filing,false,false,true,true,false,issuer; forum; aggregator; news; other,none,,,filing,filing,true,true,false,2,false
20261007T052628966627Z-codex.web.MP09.r2-a1,web,multi_period,MP09,2,7,fact,September 2025 DAP (billions): 3.54; Form 10-Q filed 2025-10-30.,September 2025; 3.54; Form 10-Q; 2025-10-30,S6,filing,filing-source,3,filing,filing,false,false,true,false,false,issuer; forum; aggregator,none,,,filing,filing,true,false,false,1,false
20261007T052628966627Z-codex.web.MP09.r2-a1,web,multi_period,MP09,2,8,fact,March 2026 DAP (billions): 3.56; Form 10-Q filed 2026-04-30.,March 2026; 3.56; Form 10-Q; 2026-04-30,S7,filing,filing-source,3,filing,filing,false,false,true,false,false,issuer; forum; aggregator,none,,,filing,filing,true,true,false,1,false
20261007T052628966627Z-codex.web.MP09.r2-a1,web,multi_period,MP09,2,9,fact,June 2026 DAP (billions): 3.60; Form 10-Q filed 2026-07-30.,June 2026; 3.60; Form 10-Q; 2026-07-30,S8,filing,filing-source,3,filing,filing,false,false,true,true,false,issuer; forum; aggregator,none,,,filing,filing,true,true,false,1,false
20261007T052639444675Z-codex.archivist.MP09.r2-a1,archivist,multi_period,MP09,2,1,fact,"Meta’s Family DAP, averaged over the final month of each quarter.",Meta; Family DAP,,,,2,unattributed,,false,false,false,false,false,,none,,,unattributed,,false,false,false,2,false
20261007T052639444675Z-codex.archivist.MP09.r2-a1,archivist,multi_period,MP09,2,2,fact,"March 2024: DAP (billions) 3.24; quarter’s 10-Q, filed 2024-04-25.",March 2024; 3.24; 10-Q; 2024-04-25,S1,filing,mosaic-finance.com,4,filing,filing,false,false,true,false,false,,none,,,filing,filing,true,false,false,2,false
20261007T052639444675Z-codex.archivist.MP09.r2-a1,archivist,multi_period,MP09,2,3,fact,"June 2024: DAP (billions) 3.27; quarter’s 10-Q, filed 2024-08-01.",June 2024; 3.27; 10-Q; 2024-08-01,S2,filing,mosaic-finance.com,3,filing,filing,false,false,true,false,false,,none,,,filing,filing,true,false,false,1,false
20261007T052639444675Z-codex.archivist.MP09.r2-a1,archivist,multi_period,MP09,2,4,fact,"September 2024: DAP (billions) 3.29; quarter’s 10-Q, filed 2024-10-31.",September 2024; 3.29; 10-Q; 2024-10-31,S3,filing,mosaic-finance.com,4,filing,filing,false,false,true,false,false,,none,,,filing,filing,true,false,false,2,false
20261007T052639444675Z-codex.archivist.MP09.r2-a1,archivist,multi_period,MP09,2,5,fact,"March 2025: DAP (billions) 3.43; quarter’s 10-Q, filed 2025-05-01.",March 2025; 3.43; 10-Q; 2025-05-01,S4,filing,mosaic-finance.com,3,filing,filing,false,false,true,false,false,,none,,,filing,filing,true,false,false,1,false
20261007T052639444675Z-codex.archivist.MP09.r2-a1,archivist,multi_period,MP09,2,6,fact,"June 2025: DAP (billions) 3.48; quarter’s 10-Q, filed 2025-07-31.",June 2025; 3.48; 10-Q; 2025-07-31,S5,filing,mosaic-finance.com,4,filing,filing,false,false,true,false,false,,none,,,filing,filing,true,false,false,2,false
20261007T052639444675Z-codex.archivist.MP09.r2-a1,archivist,multi_period,MP09,2,7,fact,"September 2025: DAP (billions) 3.54; quarter’s 10-Q, filed 2025-10-30.",September 2025; 3.54; 10-Q; 2025-10-30,S6,filing,mosaic-finance.com,3,filing,filing,false,false,true,false,false,,none,,,filing,filing,true,false,false,1,false
20261007T052639444675Z-codex.archivist.MP09.r2-a1,archivist,multi_period,MP09,2,8,fact,"March 2026: DAP (billions) 3.56; quarter’s 10-Q, filed 2026-04-30.",March 2026; 3.56; 10-Q; 2026-04-30,S7,filing,mosaic-finance.com,3,filing,filing,false,false,true,false,false,,none,,,filing,filing,true,false,false,1,false
20261007T052639444675Z-codex.archivist.MP09.r2-a1,archivist,multi_period,MP09,2,9,fact,"June 2026: DAP (billions) 3.60; quarter’s 10-Q, filed 2026-07-30.",June 2026; 3.60; 10-Q; 2026-07-30,S8,filing,mosaic-finance.com,3,filing,filing,false,false,true,false,false,,none,,,filing,filing,true,false,false,1,false
20261007T052721005104Z-codex.both.MP09.r2-a1,both,multi_period,MP09,2,1,fact,"Each figure below is Family DAP averaged over the indicated month, taken from that quarter’s Form 10-Q.",Family DAP; Form 10-Q,,,,2,secondary,issuer,false,false,false,false,false,issuer; forum; news,none,,,secondary,issuer,false,false,false,2,false
20261007T052721005104Z-codex.both.MP09.r2-a1,both,multi_period,MP09,2,2,fact,March 2024 DAP (billions): 3.24; Form 10-Q filed 2024-04-25.,March 2024; 3.24; Form 10-Q; 2024-04-25,S1,filing,filing-source,4,filing,filing,false,false,true,false,false,issuer; forum; promotional; aggregator; news,none,,,filing,filing,true,true,false,2,false
20261007T052721005104Z-codex.both.MP09.r2-a1,both,multi_period,MP09,2,3,fact,June 2024 DAP (billions): 3.27; Form 10-Q filed 2024-08-01.,June 2024; 3.27; Form 10-Q; 2024-08-01,S2,filing,filing-source,3,filing,filing,false,false,true,false,false,issuer; forum; news,none,,,filing,filing,true,false,false,1,false
20261007T052721005104Z-codex.both.MP09.r2-a1,both,multi_period,MP09,2,4,fact,September 2024 DAP (billions): 3.29; Form 10-Q filed 2024-10-31.,September 2024; 3.29; Form 10-Q; 2024-10-31,S3,filing,filing-source,4,filing,filing,false,false,true,false,false,issuer; forum; aggregator; news,none,,,filing,filing,true,false,false,2,false
20261007T052721005104Z-codex.both.MP09.r2-a1,both,multi_period,MP09,2,5,fact,March 2025 DAP (billions): 3.43; Form 10-Q filed 2025-05-01.,March 2025; 3.43; Form 10-Q; 2025-05-01,S4,filing,filing-source,3,filing,filing,false,false,true,false,false,issuer; forum; news,none,,,filing,filing,true,false,false,1,false
20261007T052721005104Z-codex.both.MP09.r2-a1,both,multi_period,MP09,2,6,fact,June 2025 DAP (billions): 3.48; Form 10-Q filed 2025-07-31.,June 2025; 3.48; Form 10-Q; 2025-07-31,S5,filing,filing-source,4,filing,filing,false,false,true,false,false,issuer; forum; aggregator; news,none,,,filing,filing,true,false,false,2,false
20261007T052721005104Z-codex.both.MP09.r2-a1,both,multi_period,MP09,2,7,fact,September 2025 DAP (billions): 3.54; Form 10-Q filed 2025-10-30.,September 2025; 3.54; Form 10-Q; 2025-10-30,S6,filing,filing-source,3,filing,filing,false,false,true,false,false,issuer; forum; news,none,,,filing,filing,true,false,false,1,false
20261007T052721005104Z-codex.both.MP09.r2-a1,both,multi_period,MP09,2,8,fact,March 2026 DAP (billions): 3.56; Form 10-Q filed 2026-04-30.,March 2026; 3.56; Form 10-Q; 2026-04-30,S7,filing,filing-source,3,filing,filing,false,false,true,false,false,issuer; forum; news,none,,,filing,filing,true,true,false,1,false
20261007T052721005104Z-codex.both.MP09.r2-a1,both,multi_period,MP09,2,9,fact,June 2026 DAP (billions): 3.60; Form 10-Q filed 2026-07-30.,June 2026; 3.60; Form 10-Q; 2026-07-30,S8,filing,filing-source,3,filing,filing,false,false,true,false,false,issuer; forum; news,none,,,filing,filing,true,false,false,1,false
20261007T052732538674Z-codex.web.MP10.r2-a1,web,multi_period,MP10,2,1,fact,Tesla reports these approximate year-to-date consumer vehicle deliveries in the MD&A “Overview” of each Form 10-Q.,Tesla; MD&A; Overview; Form 10-Q,,,,4,secondary,issuer,false,false,false,false,false,issuer; forum; aggregator; news; reference; other,none,,,secondary,issuer,false,false,false,4,false
20261007T052732538674Z-codex.web.MP10.r2-a1,web,multi_period,MP10,2,2,fact,"Q1 2024: 387,000 vehicles delivered YTD; filing date 2024-04-24; 10-Q.","Q1 2024; 2024-04-24; 387,000; 10-Q",S1,filing,filing-source,4,secondary,issuer,false,false,false,false,false,issuer; forum; aggregator; news; reference; other,none,,,filing,filing,true,false,false,2,false
20261007T052732538674Z-codex.web.MP10.r2-a1,web,multi_period,MP10,2,3,fact,"Q2 2024: 831,000 vehicles delivered YTD; filing date 2024-07-24; 10-Q.","Q2 2024; 2024-07-24; 831,000; 10-Q",S2,filing,filing-source,4,secondary,issuer,false,false,false,false,false,issuer; forum; aggregator; news; reference; other,none,,,filing,filing,true,false,false,2,false
20261007T052732538674Z-codex.web.MP10.r2-a1,web,multi_period,MP10,2,4,fact,"Q3 2024: 1,294,000 vehicles delivered YTD; filing date 2024-10-24; 10-Q.","Q3 2024; 2024-10-24; 1,294,000; 10-Q",S3,filing,filing-source,4,secondary,issuer,false,false,false,false,false,issuer; forum; aggregator; news; reference; other,none,,,filing,filing,true,false,false,2,false
20261007T052732538674Z-codex.web.MP10.r2-a1,web,multi_period,MP10,2,5,fact,"Q1 2025: 337,000 vehicles delivered YTD; filing date 2025-04-23; 10-Q.","Q1 2025; 2025-04-23; 337,000; 10-Q",S4,filing,filing-source,4,secondary,issuer,false,false,false,false,false,issuer; forum; aggregator; news; reference; other,none,,,filing,filing,true,false,false,2,false
20261007T052732538674Z-codex.web.MP10.r2-a1,web,multi_period,MP10,2,6,fact,"Q2 2025: 721,000 vehicles delivered YTD; filing date 2025-07-24; 10-Q.","Q2 2025; 2025-07-24; 721,000; 10-Q",S5,filing,filing-source,4,secondary,issuer,false,false,false,false,false,issuer; forum; aggregator; news; reference; other,none,,,filing,filing,true,false,false,2,false
20261007T052732538674Z-codex.web.MP10.r2-a1,web,multi_period,MP10,2,7,fact,"Q3 2025: 1,218,000 vehicles delivered YTD; filing date 2025-10-23; 10-Q.","Q3 2025; 2025-10-23; 1,218,000; 10-Q",S6,filing,filing-source,4,secondary,issuer,false,false,false,false,false,issuer; forum; aggregator; news; reference; other,none,,,filing,filing,true,true,false,2,false
20261007T052732538674Z-codex.web.MP10.r2-a1,web,multi_period,MP10,2,8,fact,"Q1 2026: 358,000 vehicles delivered YTD; filing date 2026-04-23; 10-Q.","Q1 2026; 2026-04-23; 358,000; 10-Q",S7,filing,filing-source,4,secondary,issuer,false,false,false,true,false,issuer; forum; aggregator; news; reference; other,none,,,filing,filing,true,true,false,2,false
20261007T052732538674Z-codex.web.MP10.r2-a1,web,multi_period,MP10,2,9,fact,"Q2 2026: 838,000 vehicles delivered YTD; filing date 2026-07-23; 10-Q.","Q2 2026; 2026-07-23; 838,000; 10-Q",S8,filing,filing-source,4,secondary,issuer,false,false,false,false,false,issuer; forum; aggregator; news; reference; other,none,,,filing,filing,true,false,false,2,false
20261007T052750742690Z-codex.archivist.MP10.r2-a1,archivist,multi_period,MP10,2,1,fact,"Tesla’s MD&A reports approximate year-to-date consumer vehicle deliveries of 387,000 through Q1 2024, period ended 2024-03-31, in the Form 10-Q filed 2024-04-24.","Tesla; 387,000; Q1 2024; 2024-03-31; Form 10-Q; 2024-04-24",S1,filing,mosaic-finance.com,6,unattributed,,false,false,false,false,false,,none,,,filing,filing,true,false,false,3,false
20261007T052750742690Z-codex.archivist.MP10.r2-a1,archivist,multi_period,MP10,2,2,fact,"Tesla’s MD&A reports approximate year-to-date consumer vehicle deliveries of 831,000 through Q2 2024, period ended 2024-06-30, in the Form 10-Q filed 2024-07-24.","Tesla; 831,000; Q2 2024; 2024-06-30; Form 10-Q; 2024-07-24",S2,filing,mosaic-finance.com,5,unattributed,,false,false,false,false,false,,none,,,filing,filing,true,false,false,2,false
20261007T052750742690Z-codex.archivist.MP10.r2-a1,archivist,multi_period,MP10,2,3,fact,"Tesla’s MD&A reports approximate year-to-date consumer vehicle deliveries of 1,294,000 through Q3 2024, period ended 2024-09-30, in the Form 10-Q filed 2024-10-24.","Tesla; 1,294,000; Q3 2024; 2024-09-30; Form 10-Q; 2024-10-24",S3,filing,mosaic-finance.com,5,unattributed,,false,false,false,false,false,,none,,,filing,filing,true,false,false,2,false
20261007T052750742690Z-codex.archivist.MP10.r2-a1,archivist,multi_period,MP10,2,4,fact,"Tesla’s MD&A reports approximate year-to-date consumer vehicle deliveries of 337,000 through Q1 2025, period ended 2025-03-31, in the Form 10-Q filed 2025-04-23.","Tesla; 337,000; Q1 2025; 2025-03-31; Form 10-Q; 2025-04-23",S4,filing,mosaic-finance.com,6,unattributed,,false,false,false,false,false,,none,,,filing,filing,true,false,false,3,false
20261007T052750742690Z-codex.archivist.MP10.r2-a1,archivist,multi_period,MP10,2,5,fact,"Tesla’s MD&A reports approximate year-to-date consumer vehicle deliveries of 721,000 through Q2 2025, period ended 2025-06-30, in the Form 10-Q filed 2025-07-24.","Tesla; 721,000; Q2 2025; 2025-06-30; Form 10-Q; 2025-07-24",S5,filing,mosaic-finance.com,5,unattributed,,false,false,false,false,false,,none,,,filing,filing,true,false,false,2,false
20261007T052750742690Z-codex.archivist.MP10.r2-a1,archivist,multi_period,MP10,2,6,fact,"Tesla’s MD&A reports approximate year-to-date consumer vehicle deliveries of 1,218,000 through Q3 2025, period ended 2025-09-30, in the Form 10-Q filed 2025-10-23.","Tesla; 1,218,000; Q3 2025; 2025-09-30; Form 10-Q; 2025-10-23",S6,filing,mosaic-finance.com,5,unattributed,,false,false,false,false,false,,none,,,filing,filing,true,false,false,2,false
20261007T052750742690Z-codex.archivist.MP10.r2-a1,archivist,multi_period,MP10,2,7,fact,"Tesla’s MD&A reports approximate year-to-date consumer vehicle deliveries of 358,000 through Q1 2026, period ended 2026-03-31, in the Form 10-Q filed 2026-04-23.","Tesla; 358,000; Q1 2026; 2026-03-31; Form 10-Q; 2026-04-23",S7,filing,mosaic-finance.com,6,unattributed,,false,false,false,false,false,,none,,,filing,filing,true,false,false,3,false
20261007T052750742690Z-codex.archivist.MP10.r2-a1,archivist,multi_period,MP10,2,8,fact,"Tesla’s MD&A reports approximate year-to-date consumer vehicle deliveries of 838,000 through Q2 2026, period ended 2026-06-30, in the Form 10-Q filed 2026-07-23.","Tesla; 838,000; Q2 2026; 2026-06-30; Form 10-Q; 2026-07-23",S8,filing,mosaic-finance.com,5,unattributed,,false,false,false,false,false,,none,,,filing,filing,true,false,false,2,false
20261007T052804032379Z-codex.both.MP10.r2-a1,both,multi_period,MP10,2,1,fact,"Tesla’s MD&A “Overview” reports approximate year-to-date consumer vehicle deliveries of 387,000 through Q1 2024 in the 10-Q filed 2024-04-24.","Tesla; 387,000; Q1 2024; 10-Q; 2024-04-24",S1,filing,filing-source,5,secondary,issuer,false,false,false,false,false,issuer; forum; aggregator; news; reference; other,none,,,filing,filing,true,false,false,2,false
20261007T052804032379Z-codex.both.MP10.r2-a1,both,multi_period,MP10,2,2,fact,"Tesla’s MD&A “Overview” reports approximate year-to-date consumer vehicle deliveries of 831,000 through Q2 2024 in the 10-Q filed 2024-07-24.","Tesla; 831,000; Q2 2024; 10-Q; 2024-07-24",S2,filing,filing-source,5,secondary,issuer,false,false,false,false,false,issuer; forum; aggregator; news; reference; other,none,,,filing,filing,true,false,false,2,false
20261007T052804032379Z-codex.both.MP10.r2-a1,both,multi_period,MP10,2,3,fact,"Tesla’s MD&A “Overview” reports approximate year-to-date consumer vehicle deliveries of 1,294,000 through Q3 2024 in the 10-Q filed 2024-10-24.","Tesla; 1,294,000; Q3 2024; 10-Q; 2024-10-24",S3,filing,filing-source,5,secondary,issuer,false,false,false,false,false,issuer; forum; aggregator; news; reference; other,none,,,filing,filing,true,true,false,2,false
20261007T052804032379Z-codex.both.MP10.r2-a1,both,multi_period,MP10,2,4,fact,"Tesla’s MD&A “Overview” reports approximate year-to-date consumer vehicle deliveries of 337,000 through Q1 2025 in the 10-Q filed 2025-04-23.","Tesla; 337,000; Q1 2025; 10-Q; 2025-04-23",S4,filing,filing-source,5,secondary,issuer,false,false,false,false,false,issuer; forum; aggregator; news; reference; other,none,,,filing,filing,true,false,false,2,false
20261007T052804032379Z-codex.both.MP10.r2-a1,both,multi_period,MP10,2,5,fact,"Tesla’s MD&A “Overview” reports approximate year-to-date consumer vehicle deliveries of 721,000 through Q2 2025 in the 10-Q filed 2025-07-24.","Tesla; 721,000; Q2 2025; 10-Q; 2025-07-24",S5,filing,filing-source,5,secondary,issuer,false,false,false,false,false,issuer; forum; aggregator; news; reference; other,none,,,filing,filing,true,true,false,2,false
20261007T052804032379Z-codex.both.MP10.r2-a1,both,multi_period,MP10,2,6,fact,"Tesla’s MD&A “Overview” reports approximate year-to-date consumer vehicle deliveries of 1,218,000 through Q3 2025 in the 10-Q filed 2025-10-23.","Tesla; 1,218,000; Q3 2025; 10-Q; 2025-10-23",S6,filing,filing-source,5,secondary,issuer,false,false,false,false,false,issuer; forum; aggregator; news; reference; other,none,,,filing,filing,true,true,false,2,false
20261007T052804032379Z-codex.both.MP10.r2-a1,both,multi_period,MP10,2,7,fact,"Tesla’s MD&A “Overview” reports approximate year-to-date consumer vehicle deliveries of 358,000 through Q1 2026 in the 10-Q filed 2026-04-23.","Tesla; 358,000; Q1 2026; 10-Q; 2026-04-23",S7,filing,filing-source,5,secondary,issuer,false,false,false,true,false,issuer; forum; aggregator; news; reference; other,none,,,filing,filing,true,true,false,2,false
20261007T052804032379Z-codex.both.MP10.r2-a1,both,multi_period,MP10,2,8,fact,"Tesla’s MD&A “Overview” reports approximate year-to-date consumer vehicle deliveries of 838,000 through Q2 2026 in the 10-Q filed 2026-07-23.","Tesla; 838,000; Q2 2026; 10-Q; 2026-07-23",S8,filing,filing-source,5,secondary,issuer,false,false,false,false,false,issuer; forum; aggregator; news; reference; other,none,,,filing,filing,true,true,false,2,false
20261007T052831553813Z-codex.web.MP06.r3-a1,web,multi_period,MP06,3,1,fact,"Q1 2024 headline Food Retail same-store sales growth, without adjustments for timing effects: 3.4%; English MD&A source: Q1 report, p. 9.",Q1 2024; Food Retail; 3.4%; Q1 report; p. 9,S1,issuer,dis-prod.assetful.loblaw.ca,5,secondary,issuer,false,true,false,false,false,issuer; forum; aggregator; reference,none,,,filing,filing,true,true,false,1,false
20261007T052831553813Z-codex.web.MP06.r3-a1,web,multi_period,MP06,3,2,fact,"Q2 2024 headline Food Retail same-store sales growth, without adjustments for timing effects: 0.2%; English MD&A source: Q2 report, p. 10.",Q2 2024; Food Retail; 0.2%; Q2 report; p. 10,S2,issuer,dis-prod.assetful.loblaw.ca,4,secondary,issuer,false,true,false,false,false,issuer; forum; aggregator; reference,none,,,secondary,issuer,false,false,false,4,false
20261007T052831553813Z-codex.web.MP06.r3-a1,web,multi_period,MP06,3,3,fact,"Q3 2024 headline Food Retail same-store sales growth, without adjustments for timing effects: 0.5%; English MD&A source: Q3 report, p. 11.",Q3 2024; Food Retail; 0.5%; Q3 report; p. 11,S3,issuer,dis-prod.assetful.loblaw.ca,4,secondary,issuer,false,true,false,false,false,issuer; forum; aggregator; reference,none,,,secondary,issuer,false,false,false,4,false
20261007T052831553813Z-codex.web.MP06.r3-a1,web,multi_period,MP06,3,4,fact,"Q4 2024 headline Food Retail same-store sales growth, without adjustments for timing effects: 2.5%; English MD&A source: 2024 annual MD&A, p. 34.",Q4 2024; Food Retail; 2.5%; 2024 annual MD&A; p. 34,S4,issuer,dis-prod.assetful.loblaw.ca,5,secondary,issuer,false,true,false,false,false,issuer; forum; aggregator; reference,none,,,filing,filing,true,true,false,1,false
20261007T052831553813Z-codex.web.MP06.r3-a1,web,multi_period,MP06,3,5,fact,"Q1 2025 headline Food Retail same-store sales growth, without adjustments for timing effects: 2.2%; English MD&A source: Q1 report, p. 9.",Q1 2025; Food Retail; 2.2%; Q1 report; p. 9,S5,issuer,dis-prod.assetful.loblaw.ca,5,secondary,issuer,false,true,false,false,false,issuer; forum; aggregator; reference,none,,,filing,filing,true,true,false,1,false
20261007T052831553813Z-codex.web.MP06.r3-a1,web,multi_period,MP06,3,6,fact,"Q2 2025 headline Food Retail same-store sales growth, without adjustments for timing effects: 3.5%; English MD&A source: Q2 report, p. 11.",Q2 2025; Food Retail; 3.5%; Q2 report; p. 11,S6,issuer,dis-prod.assetful.loblaw.ca,5,secondary,issuer,false,true,false,false,false,issuer; forum; aggregator; reference,none,,,secondary,issuer,false,true,false,1,false
20261007T052831553813Z-codex.web.MP06.r3-a1,web,multi_period,MP06,3,7,fact,"Q3 2025 headline Food Retail same-store sales growth, without adjustments for timing effects: 2.0%; English MD&A source: Q3 report, p. 11.",Q3 2025; Food Retail; 2.0%; Q3 report; p. 11,S7,issuer,dis-prod.assetful.loblaw.ca,5,secondary,issuer,false,true,false,false,false,issuer; forum; aggregator; reference,none,,,filing,filing,true,true,false,1,false
20261007T052831553813Z-codex.web.MP06.r3-a1,web,multi_period,MP06,3,8,fact,"Q4 2025 headline Food Retail same-store sales growth, without adjustments for timing effects: 1.5%; English MD&A source: 2025 annual MD&A, p. 34.",Q4 2025; Food Retail; 1.5%; 2025 annual MD&A; p. 34,S8,issuer,dis-prod.assetful.loblaw.ca,5,secondary,issuer,false,true,false,false,false,issuer; forum; aggregator; reference,none,,,filing,filing,true,true,false,1,false
20261007T052831553813Z-codex.web.MP06.r3-a1,web,multi_period,MP06,3,9,fact,"Q1 2026 headline Food Retail same-store sales growth, without adjustments for timing effects: 2.4%; English MD&A source: Q1 report, p. 8.",Q1 2026; Food Retail; 2.4%; Q1 report; p. 8,S9,issuer,dis-prod.assetful.loblaw.ca,5,secondary,issuer,false,true,false,false,false,issuer; forum; aggregator; reference,none,,,filing,filing,true,true,false,1,false
20261007T052831553813Z-codex.web.MP06.r3-a1,web,multi_period,MP06,3,10,fact,"Q2 2026 headline Food Retail same-store sales growth, without adjustments for timing effects: 1.6%; English MD&A source: Q2 report, p. 10.",Q2 2026; Food Retail; 1.6%; Q2 report; p. 10,S10,issuer,dis-prod.assetful.loblaw.ca,5,secondary,issuer,false,true,false,false,false,issuer; forum; aggregator; reference,none,,,filing,filing,true,true,false,1,false
20261007T052904391289Z-codex.archivist.MP06.r3-a1,archivist,multi_period,MP06,3,1,fact,"Loblaw’s quarterly Food Retail same-store sales growth: Q1 2024, period ended 2024-03-23, 3.4%; English MD&A filing date 2024-05-01.",Loblaw; Food Retail; Q1 2024; 2024-03-23; 3.4%; 2024-05-01,S1,filing,mosaic-finance.com,5,unattributed,,false,false,false,false,false,,none,,,filing,filing,true,false,false,2,false
20261007T052904391289Z-codex.archivist.MP06.r3-a1,archivist,multi_period,MP06,3,2,fact,"Loblaw’s quarterly Food Retail same-store sales growth: Q2 2024, period ended 2024-06-15, 0.2%; English MD&A filing date 2024-07-25.",Loblaw; Food Retail; Q2 2024; 2024-06-15; 0.2%; 2024-07-25,S2,filing,mosaic-finance.com,5,unattributed,,false,false,false,false,false,,none,,,filing,filing,true,false,false,2,false
20261007T052904391289Z-codex.archivist.MP06.r3-a1,archivist,multi_period,MP06,3,3,fact,"Loblaw’s quarterly Food Retail same-store sales growth: Q3 2024, period ended 2024-10-05, 0.5%; English MD&A filing date 2024-11-13.",Loblaw; Food Retail; Q3 2024; 2024-10-05; 0.5%; 2024-11-13,S3,filing,mosaic-finance.com,5,unattributed,,false,false,false,false,false,,none,,,filing,filing,true,false,false,2,false
20261007T052904391289Z-codex.archivist.MP06.r3-a1,archivist,multi_period,MP06,3,4,fact,"Loblaw’s quarterly Food Retail same-store sales growth: Q4 2024, period ended 2024-12-28, 2.5%; 2024 annual MD&A, filing date 2025-02-20.",Loblaw; Food Retail; Q4 2024; 2024-12-28; 2.5%; 2024 annual MD&A; 2025-02-20,S4,filing,mosaic-finance.com,7,unattributed,,false,false,false,false,false,,none,,,filing,filing,true,false,false,3,false
20261007T052904391289Z-codex.archivist.MP06.r3-a1,archivist,multi_period,MP06,3,5,fact,"Loblaw’s quarterly Food Retail same-store sales growth: Q1 2025, period ended 2025-03-22, 2.2%; English MD&A filing date 2025-04-30.",Loblaw; Food Retail; Q1 2025; 2025-03-22; 2.2%; 2025-04-30,S5,filing,mosaic-finance.com,5,unattributed,,false,false,false,false,false,,none,,,filing,filing,true,false,false,2,false
20261007T052904391289Z-codex.archivist.MP06.r3-a1,archivist,multi_period,MP06,3,6,fact,"Loblaw’s quarterly Food Retail same-store sales growth: Q2 2025, period ended 2025-06-14, 3.5%; English MD&A filing date 2025-07-24.",Loblaw; Food Retail; Q2 2025; 2025-06-14; 3.5%; 2025-07-24,S6,filing,mosaic-finance.com,6,unattributed,,false,false,false,false,false,,none,,,filing,filing,true,false,false,3,false
20261007T052904391289Z-codex.archivist.MP06.r3-a1,archivist,multi_period,MP06,3,7,fact,"Loblaw’s quarterly Food Retail same-store sales growth: Q3 2025, period ended 2025-10-04, 2.0%; English MD&A filing date 2025-11-12.",Loblaw; Food Retail; Q3 2025; 2025-10-04; 2.0%; 2025-11-12,S7,filing,mosaic-finance.com,6,unattributed,,false,false,false,false,false,,none,,,filing,filing,true,false,false,3,false
20261007T052904391289Z-codex.archivist.MP06.r3-a1,archivist,multi_period,MP06,3,8,fact,"Loblaw’s quarterly Food Retail same-store sales growth: Q4 2025, period ended 2026-01-03, 1.5%; 2025 annual MD&A, filing date 2026-02-25.",Loblaw; Food Retail; Q4 2025; 2026-01-03; 1.5%; 2025 annual MD&A; 2026-02-25,S8,filing,mosaic-finance.com,6,unattributed,,false,false,false,false,false,,none,,,filing,filing,true,false,false,2,false
20261007T052904391289Z-codex.archivist.MP06.r3-a1,archivist,multi_period,MP06,3,9,fact,"Loblaw’s quarterly Food Retail same-store sales growth: Q1 2026, period ended 2026-03-28, 2.4%; English MD&A filing date 2026-05-06.",Loblaw; Food Retail; Q1 2026; 2026-03-28; 2.4%; 2026-05-06,S9,filing,mosaic-finance.com,5,unattributed,,false,false,false,false,false,,none,,,filing,filing,true,false,false,2,false
20261007T052904391289Z-codex.archivist.MP06.r3-a1,archivist,multi_period,MP06,3,10,fact,"Loblaw’s quarterly Food Retail same-store sales growth: Q2 2026, period ended 2026-06-20, 1.6%; English MD&A filing date 2026-07-30.",Loblaw; Food Retail; Q2 2026; 2026-06-20; 1.6%; 2026-07-30,S10,filing,mosaic-finance.com,4,unattributed,,false,false,false,false,false,,none,,,filing,filing,true,false,false,1,false
20261007T052904391289Z-codex.archivist.MP06.r3-a1,archivist,multi_period,MP06,3,11,fact,All figures are for the individual quarter and retain the headline values without timing-effect adjustments.,,,,,0,unattributed,,true,false,false,false,false,,none,,,unattributed,,false,false,false,0,true
20261007T052907414196Z-codex.both.MP06.r3-a1,both,multi_period,MP06,3,1,fact,"Loblaw’s headline Food Retail same-store sales growth figures are below, as stated in each English MD&A, without adjustments for timing effects.",Loblaw; Food Retail,,,,2,filing,filing,false,false,true,true,true,issuer; forum; aggregator; reference,none,,,filing,filing,true,true,true,2,false
20261007T052907414196Z-codex.both.MP06.r3-a1,both,multi_period,MP06,3,2,fact,"Q1 2024 | March 23, 2024 | 3.4% | Quarterly MD&A — 2024-05-01","Q1 2024; March 23, 2024; 3.4%; 2024-05-01",S1,filing,mosaic-finance.com,3,secondary,forum,false,false,false,false,false,forum,none,,,filing,filing,true,true,true,1,false
20261007T052907414196Z-codex.both.MP06.r3-a1,both,multi_period,MP06,3,3,fact,"Q2 2024 | June 15, 2024 | 0.2% | Quarterly MD&A — 2024-07-25","Q2 2024; June 15, 2024; 0.2%; 2024-07-25",S2,filing,mosaic-finance.com,3,secondary,issuer,false,false,false,false,false,issuer; forum; aggregator,none,,,filing,filing,true,true,true,1,false
20261007T052907414196Z-codex.both.MP06.r3-a1,both,multi_period,MP06,3,4,fact,"Q3 2024 | October 5, 2024 | 0.5% | Quarterly MD&A — 2024-11-13","Q3 2024; October 5, 2024; 0.5%; 2024-11-13",S3,filing,mosaic-finance.com,4,secondary,issuer,false,false,false,false,false,issuer; forum,none,,,filing,filing,true,true,true,2,false
20261007T052907414196Z-codex.both.MP06.r3-a1,both,multi_period,MP06,3,5,fact,"Q4 2024 | December 28, 2024 | 2.5% | Annual MD&A, fourth-quarter results — 2025-02-20","Q4 2024; December 28, 2024; 2.5%; 2025-02-20",S4,filing,mosaic-finance.com,3,secondary,issuer,false,false,false,false,false,issuer; forum,none,,,filing,filing,true,true,true,1,false
20261007T052907414196Z-codex.both.MP06.r3-a1,both,multi_period,MP06,3,6,fact,"Q1 2025 | March 22, 2025 | 2.2% | Quarterly MD&A — 2025-04-30","Q1 2025; March 22, 2025; 2.2%; 2025-04-30",S5,filing,mosaic-finance.com,3,secondary,issuer,false,false,false,false,false,issuer; forum; reference,none,,,filing,filing,true,true,true,1,false
20261007T052907414196Z-codex.both.MP06.r3-a1,both,multi_period,MP06,3,7,fact,"Q2 2025 | June 14, 2025 | 3.5% | Quarterly MD&A — 2025-07-24","Q2 2025; June 14, 2025; 3.5%; 2025-07-24",S6,filing,mosaic-finance.com,4,secondary,issuer,false,false,false,false,false,issuer; reference,none,,,filing,filing,true,true,true,2,false
20261007T052907414196Z-codex.both.MP06.r3-a1,both,multi_period,MP06,3,8,fact,"Q3 2025 | October 4, 2025 | 2.0% | Quarterly MD&A — 2025-11-12","Q3 2025; October 4, 2025; 2.0%; 2025-11-12",S7,filing,mosaic-finance.com,5,secondary,issuer,false,false,false,false,false,issuer; forum; aggregator; reference,none,,,filing,filing,true,true,true,3,false
20261007T052907414196Z-codex.both.MP06.r3-a1,both,multi_period,MP06,3,9,fact,"Q4 2025 | January 3, 2026 | 1.5% | Annual MD&A, fourth-quarter results — 2026-02-25","Q4 2025; January 3, 2026; 1.5%; 2026-02-25",S8,filing,mosaic-finance.com,4,secondary,issuer,false,false,false,true,false,issuer; forum; aggregator; reference,none,,,filing,filing,true,true,true,2,false
20261007T052907414196Z-codex.both.MP06.r3-a1,both,multi_period,MP06,3,10,fact,"Q1 2026 | March 28, 2026 | 2.4% | Quarterly MD&A — 2026-05-06","Q1 2026; March 28, 2026; 2.4%; 2026-05-06",S9,filing,mosaic-finance.com,3,secondary,issuer,false,false,false,false,false,issuer; forum,none,,,filing,filing,true,true,true,1,false
20261007T052907414196Z-codex.both.MP06.r3-a1,both,multi_period,MP06,3,11,fact,"Q2 2026 | June 20, 2026 | 1.6% | Quarterly MD&A — 2026-07-30","Q2 2026; June 20, 2026; 1.6%; 2026-07-30",S10,filing,mosaic-finance.com,3,secondary,issuer,false,false,false,false,false,issuer; forum,none,,,filing,filing,true,true,true,1,false
20261007T053000080469Z-codex.web.MP07.r3-a1,web,multi_period,MP07,3,1,fact,"The Home Depot’s diluted EPS for fiscal 2019, as stated in the Form 10-K MD&A (Item 7), was $10.25; the 10-K filing date was 2020-03-25.",The Home Depot; fiscal 2019; Form 10-K; Item 7; $10.25; 2020-03-25,S1,filing,filing-source,5,filing,filing,false,false,true,true,false,issuer; forum; aggregator; reference; other,none,,,filing,filing,true,true,false,2,false
20261007T053000080469Z-codex.web.MP07.r3-a1,web,multi_period,MP07,3,2,fact,"The Home Depot’s diluted EPS for fiscal 2020, as stated in the Form 10-K MD&A (Item 7), was $11.94; the 10-K filing date was 2021-03-24.",The Home Depot; fiscal 2020; Form 10-K; Item 7; $11.94; 2021-03-24,S2,filing,filing-source,5,filing,filing,false,false,true,true,false,issuer; forum; aggregator; reference; other,none,,,filing,filing,true,true,false,2,false
20261007T053000080469Z-codex.web.MP07.r3-a1,web,multi_period,MP07,3,3,fact,"The Home Depot’s diluted EPS for fiscal 2021, as stated in the Form 10-K MD&A (Item 7), was $15.53; the 10-K filing date was 2022-03-23.",The Home Depot; fiscal 2021; Form 10-K; Item 7; $15.53; 2022-03-23,S3,filing,filing-source,5,filing,filing,false,false,true,false,false,issuer; forum; aggregator; reference; other,none,,,filing,filing,true,false,false,2,false
20261007T053000080469Z-codex.web.MP07.r3-a1,web,multi_period,MP07,3,4,fact,"The Home Depot’s diluted EPS for fiscal 2022, as stated in the Form 10-K MD&A (Item 7), was $16.69; the 10-K filing date was 2023-03-15.",The Home Depot; fiscal 2022; Form 10-K; Item 7; $16.69; 2023-03-15,S4,filing,filing-source,5,filing,filing,false,false,true,false,false,issuer; forum; aggregator; reference; other,none,,,filing,filing,true,false,false,2,false
20261007T053000080469Z-codex.web.MP07.r3-a1,web,multi_period,MP07,3,5,fact,"The Home Depot’s diluted EPS for fiscal 2023, as stated in the Form 10-K MD&A (Item 7), was $15.11; the 10-K filing date was 2024-03-13.",The Home Depot; fiscal 2023; Form 10-K; Item 7; $15.11; 2024-03-13,S5,filing,filing-source,5,filing,filing,false,false,true,true,false,issuer; forum; aggregator; reference; other,none,,,filing,filing,true,true,false,2,false
20261007T053000080469Z-codex.web.MP07.r3-a1,web,multi_period,MP07,3,6,fact,"The Home Depot’s diluted EPS for fiscal 2024, as stated in the Form 10-K MD&A (Item 7), was $14.91; the 10-K filing date was 2025-03-21.",The Home Depot; fiscal 2024; Form 10-K; Item 7; $14.91; 2025-03-21,S6,filing,filing-source,5,filing,filing,false,false,true,true,false,issuer; forum; aggregator; reference; other,none,,,filing,filing,true,true,false,2,false
20261007T053000080469Z-codex.web.MP07.r3-a1,web,multi_period,MP07,3,7,fact,"The Home Depot’s diluted EPS for fiscal 2025, as stated in the Form 10-K MD&A (Item 7), was $14.23; the 10-K filing date was 2026-03-18.",The Home Depot; fiscal 2025; Form 10-K; Item 7; $14.23; 2026-03-18,S7,filing,filing-source,5,filing,filing,false,false,true,true,false,issuer; forum; aggregator; reference; other,none,,,filing,filing,true,true,false,2,false
20261007T053008924347Z-codex.archivist.MP07.r3-a1,archivist,multi_period,MP07,3,1,fact,"The Home Depot’s annual diluted EPS, in US dollars, as reported in Item 7 (MD&A) of each fiscal year’s own Form 10-K.",The Home Depot; US dollars; Item 7; MD&A; Form 10-K,,,,5,unattributed,,false,false,false,false,false,,none,,,unattributed,,false,false,false,5,false
20261007T053008924347Z-codex.archivist.MP07.r3-a1,archivist,multi_period,MP07,3,2,fact,Fiscal year 2019: diluted EPS $10.25; Form 10-K filed 2020-03-25.,$10.25; Form 10-K; 2020-03-25,S1,filing,mosaic-finance.com,3,filing,filing,false,false,true,false,false,,none,,,filing,filing,true,false,false,2,false
20261007T053008924347Z-codex.archivist.MP07.r3-a1,archivist,multi_period,MP07,3,3,fact,Fiscal year 2020: diluted EPS $11.94; Form 10-K filed 2021-03-24.,$11.94; Form 10-K; 2021-03-24,S2,filing,mosaic-finance.com,3,filing,filing,false,false,true,false,false,,none,,,filing,filing,true,false,false,2,false
20261007T053008924347Z-codex.archivist.MP07.r3-a1,archivist,multi_period,MP07,3,4,fact,Fiscal year 2021: diluted EPS $15.53; Form 10-K filed 2022-03-23.,$15.53; Form 10-K; 2022-03-23,S3,filing,mosaic-finance.com,3,filing,filing,false,false,true,false,false,,none,,,filing,filing,true,false,false,2,false
20261007T053008924347Z-codex.archivist.MP07.r3-a1,archivist,multi_period,MP07,3,5,fact,Fiscal year 2022: diluted EPS $16.69; Form 10-K filed 2023-03-15.,$16.69; Form 10-K; 2023-03-15,S4,filing,mosaic-finance.com,3,filing,filing,false,false,true,false,false,,none,,,filing,filing,true,false,false,2,false
20261007T053008924347Z-codex.archivist.MP07.r3-a1,archivist,multi_period,MP07,3,6,fact,Fiscal year 2023: diluted EPS $15.11; Form 10-K filed 2024-03-13.,$15.11; Form 10-K; 2024-03-13,S5,filing,mosaic-finance.com,3,filing,filing,false,false,true,false,false,,none,,,filing,filing,true,false,false,2,false
20261007T053008924347Z-codex.archivist.MP07.r3-a1,archivist,multi_period,MP07,3,7,fact,Fiscal year 2024: diluted EPS $14.91; Form 10-K filed 2025-03-21.,$14.91; Form 10-K; 2025-03-21,S6,filing,mosaic-finance.com,3,filing,filing,false,false,true,false,false,,none,,,filing,filing,true,false,false,2,false
20261007T053008924347Z-codex.archivist.MP07.r3-a1,archivist,multi_period,MP07,3,8,fact,Fiscal year 2025: diluted EPS $14.23; Form 10-K filed 2026-03-18.,$14.23; Form 10-K; 2026-03-18,S7,filing,mosaic-finance.com,3,filing,filing,false,false,true,false,false,,none,,,filing,filing,true,false,false,2,false
20261007T053046247282Z-codex.both.MP07.r3-a1,both,multi_period,MP07,3,1,fact,"The Home Depot’s annual diluted EPS for fiscal 2019 was $10.25, as reported in MD&A of that fiscal year’s own Form 10-K filed 2020-03-25.",The Home Depot; $10.25; MD&A; Form 10-K; 2020-03-25,S1,filing,mosaic-finance.com,5,filing,filing,false,false,true,false,false,issuer; forum; aggregator; news; reference; other,none,,,filing,filing,true,true,true,2,false
20261007T053046247282Z-codex.both.MP07.r3-a1,both,multi_period,MP07,3,2,fact,"The Home Depot’s annual diluted EPS for fiscal 2020 was $11.94, as reported in MD&A of that fiscal year’s own Form 10-K filed 2021-03-24.",The Home Depot; $11.94; MD&A; Form 10-K; 2021-03-24,S2,filing,mosaic-finance.com,5,filing,filing,false,false,true,false,false,issuer; forum; aggregator; news; reference; other,none,,,filing,filing,true,true,true,2,false
20261007T053046247282Z-codex.both.MP07.r3-a1,both,multi_period,MP07,3,3,fact,"The Home Depot’s annual diluted EPS for fiscal 2021 was $15.53, as reported in MD&A of that fiscal year’s own Form 10-K filed 2022-03-23.",The Home Depot; $15.53; MD&A; Form 10-K; 2022-03-23,S3,filing,mosaic-finance.com,5,filing,filing,false,false,true,false,false,issuer; forum; aggregator; news; reference; other,none,,,filing,filing,true,true,true,2,false
20261007T053046247282Z-codex.both.MP07.r3-a1,both,multi_period,MP07,3,4,fact,"The Home Depot’s annual diluted EPS for fiscal 2022 was $16.69, as reported in MD&A of that fiscal year’s own Form 10-K filed 2023-03-15.",The Home Depot; $16.69; MD&A; Form 10-K; 2023-03-15,S4,filing,mosaic-finance.com,5,filing,filing,false,false,true,false,false,issuer; forum; aggregator; news; reference; other,none,,,filing,filing,true,false,false,2,false
20261007T053046247282Z-codex.both.MP07.r3-a1,both,multi_period,MP07,3,5,fact,"The Home Depot’s annual diluted EPS for fiscal 2023 was $15.11, as reported in MD&A of that fiscal year’s own Form 10-K filed 2024-03-13.",The Home Depot; $15.11; MD&A; Form 10-K; 2024-03-13,S5,filing,mosaic-finance.com,5,filing,filing,false,false,true,false,false,issuer; forum; aggregator; news; reference; other,none,,,filing,filing,true,true,true,2,false
20261007T053046247282Z-codex.both.MP07.r3-a1,both,multi_period,MP07,3,6,fact,"The Home Depot’s annual diluted EPS for fiscal 2024 was $14.91, as reported in MD&A of that fiscal year’s own Form 10-K filed 2025-03-21.",The Home Depot; $14.91; MD&A; Form 10-K; 2025-03-21,S6,filing,mosaic-finance.com,5,filing,filing,false,false,true,false,false,issuer; forum; aggregator; news; reference; other,none,,,filing,filing,true,true,true,2,false
20261007T053046247282Z-codex.both.MP07.r3-a1,both,multi_period,MP07,3,7,fact,"The Home Depot’s annual diluted EPS for fiscal 2025 was $14.23, as reported in MD&A of that fiscal year’s own Form 10-K filed 2026-03-18.",The Home Depot; $14.23; MD&A; Form 10-K; 2026-03-18,S7,filing,mosaic-finance.com,5,filing,filing,false,false,true,false,false,issuer; forum; aggregator; news; reference; other,none,,,filing,filing,true,true,true,2,false
20261007T053055598616Z-codex.web.MP08.r3-a1,web,multi_period,MP08,3,1,fact,"Each figure is the year-over-year change for the three months ended, taken from that quarter’s Form 10-Q.",three months; Form 10-Q,,,,2,filing,filing,false,false,true,true,false,aggregator,none,,,filing,filing,true,true,false,2,false
20261007T053055598616Z-codex.web.MP08.r3-a1,web,multi_period,MP08,3,2,fact,"March 31, 2024 | Comparable restaurant sales change: 7.0% | 10-Q, 2024-04-25","March 31, 2024; 7.0%; 10-Q; 2024-04-25",S1,filing,filing-source,4,filing,filing,false,false,true,false,false,forum; aggregator,none,,,filing,filing,true,true,false,2,false
20261007T053055598616Z-codex.web.MP08.r3-a1,web,multi_period,MP08,3,3,fact,"June 30, 2024 | Comparable restaurant sales change: 11.1% | 10-Q, 2024-07-25","June 30, 2024; 11.1%; 10-Q; 2024-07-25",S2,filing,filing-source,4,filing,filing,false,false,true,false,false,aggregator,none,,,filing,filing,true,false,false,2,false
20261007T053055598616Z-codex.web.MP08.r3-a1,web,multi_period,MP08,3,4,fact,"September 30, 2024 | Comparable restaurant sales change: 6.0% | 10-Q, 2024-10-30","September 30, 2024; 6.0%; 10-Q; 2024-10-30",S3,filing,filing-source,3,filing,filing,false,false,true,true,false,forum; aggregator,none,,,filing,filing,true,true,false,1,false
20261007T053055598616Z-codex.web.MP08.r3-a1,web,multi_period,MP08,3,5,fact,"March 31, 2025 | Comparable restaurant sales change: -0.4% | 10-Q, 2025-04-24","March 31, 2025; -0.4%; 10-Q; 2025-04-24",S4,filing,filing-source,3,filing,filing,false,false,true,false,false,aggregator,none,,,filing,filing,true,true,false,1,false
20261007T053055598616Z-codex.web.MP08.r3-a1,web,multi_period,MP08,3,6,fact,"June 30, 2025 | Comparable restaurant sales change: -4.0% | 10-Q, 2025-07-24","June 30, 2025; -4.0%; 10-Q; 2025-07-24",S5,filing,filing-source,4,filing,filing,false,false,true,true,false,aggregator,none,,,filing,filing,true,true,false,2,false
20261007T053055598616Z-codex.web.MP08.r3-a1,web,multi_period,MP08,3,7,fact,"September 30, 2025 | Comparable restaurant sales change: 0.3% | 10-Q, 2025-10-30","September 30, 2025; 0.3%; 10-Q; 2025-10-30",S6,filing,filing-source,2,filing,filing,false,false,true,false,false,aggregator,none,,,filing,filing,true,false,false,2,false
20261007T053055598616Z-codex.web.MP08.r3-a1,web,multi_period,MP08,3,8,fact,"March 31, 2026 | Comparable restaurant sales change: 0.5% | 10-Q, 2026-04-30","March 31, 2026; 0.5%; 10-Q; 2026-04-30",S7,filing,filing-source,2,filing,filing,false,false,true,false,false,aggregator,none,,,filing,filing,true,false,false,2,false
20261007T053055598616Z-codex.web.MP08.r3-a1,web,multi_period,MP08,3,9,fact,"June 30, 2026 | Comparable restaurant sales change: 2.2% | 10-Q, 2026-07-31","June 30, 2026; 2.2%; 10-Q; 2026-07-31",S8,filing,filing-source,4,filing,filing,false,false,true,true,false,forum; aggregator,none,,,filing,filing,true,true,false,2,false
20261007T053129458733Z-codex.archivist.MP08.r3-a1,archivist,multi_period,MP08,3,1,fact,"Each figure is the year-over-year change for the three-month quarter, taken from that quarter’s Form 10-Q.",Form 10-Q,,,,1,unattributed,,false,false,false,false,false,,none,,,unattributed,,false,false,false,1,false
20261007T053129458733Z-codex.archivist.MP08.r3-a1,archivist,multi_period,MP08,3,2,fact,"March 31, 2024: Comparable restaurant sales change 7.0%; 10-Q filed 2024-04-25.","March 31, 2024; 7.0%; 2024-04-25",S1,filing,mosaic-finance.com,3,filing,filing,false,false,true,false,false,,none,,,filing,filing,true,false,false,2,false
20261007T053129458733Z-codex.archivist.MP08.r3-a1,archivist,multi_period,MP08,3,3,fact,"June 30, 2024: Comparable restaurant sales change 11.1%; 10-Q filed 2024-07-25.","June 30, 2024; 11.1%; 2024-07-25",S2,filing,mosaic-finance.com,3,filing,filing,false,false,true,false,false,,none,,,filing,filing,true,false,false,2,false
20261007T053129458733Z-codex.archivist.MP08.r3-a1,archivist,multi_period,MP08,3,4,fact,"September 30, 2024: Comparable restaurant sales change 6.0%; 10-Q filed 2024-10-30.","September 30, 2024; 6.0%; 2024-10-30",S3,filing,mosaic-finance.com,2,filing,filing,false,false,true,false,false,,none,,,filing,filing,true,false,false,1,false
20261007T053129458733Z-codex.archivist.MP08.r3-a1,archivist,multi_period,MP08,3,5,fact,"March 31, 2025: Comparable restaurant sales change -0.4%; 10-Q filed 2025-04-24.","March 31, 2025; -0.4%; 2025-04-24",S4,filing,mosaic-finance.com,2,filing,filing,false,false,true,false,false,,none,,,filing,filing,true,false,false,1,false
20261007T053129458733Z-codex.archivist.MP08.r3-a1,archivist,multi_period,MP08,3,6,fact,"June 30, 2025: Comparable restaurant sales change -4.0%; 10-Q filed 2025-07-24.","June 30, 2025; -4.0%; 2025-07-24",S5,filing,mosaic-finance.com,3,filing,filing,false,false,true,false,false,,none,,,filing,filing,true,false,false,2,false
20261007T053129458733Z-codex.archivist.MP08.r3-a1,archivist,multi_period,MP08,3,7,fact,"September 30, 2025: Comparable restaurant sales change 0.3%; 10-Q filed 2025-10-30.","September 30, 2025; 0.3%; 2025-10-30",S6,filing,mosaic-finance.com,1,filing,filing,false,false,true,false,false,,none,,,filing,filing,true,false,false,1,false
20261007T053129458733Z-codex.archivist.MP08.r3-a1,archivist,multi_period,MP08,3,8,fact,"March 31, 2026: Comparable restaurant sales change 0.5%; 10-Q filed 2026-04-30.","March 31, 2026; 0.5%; 2026-04-30",S7,filing,mosaic-finance.com,1,filing,filing,false,false,true,false,false,,none,,,filing,filing,true,false,false,1,false
20261007T053129458733Z-codex.archivist.MP08.r3-a1,archivist,multi_period,MP08,3,9,fact,"June 30, 2026: Comparable restaurant sales change 2.2%; 10-Q filed 2026-07-31.","June 30, 2026; 2.2%; 2026-07-31",S8,filing,mosaic-finance.com,3,filing,filing,false,false,true,false,false,,none,,,filing,filing,true,false,false,2,false
20261007T053218736312Z-codex.both.MP08.r3-a1,both,multi_period,MP08,3,1,fact,"Each figure is the year-over-year comparable restaurant sales change for that quarter, taken from its own Form 10-Q.",Form 10-Q,,,,1,filing,filing,false,false,true,true,false,issuer,none,,,filing,filing,true,true,false,1,false
20261007T053218736312Z-codex.both.MP08.r3-a1,both,multi_period,MP08,3,2,fact,"March 31, 2024: comparable restaurant sales change 7.0%; 10-Q filed 2024-04-25.","March 31, 2024; 7.0%; 10-Q; 2024-04-25",S1,filing,mosaic-finance.com,4,filing,filing,false,false,true,false,false,issuer; forum; aggregator; news,none,,,filing,filing,true,true,true,2,false
20261007T053218736312Z-codex.both.MP08.r3-a1,both,multi_period,MP08,3,3,fact,"June 30, 2024: comparable restaurant sales change 11.1%; 10-Q filed 2024-07-25.","June 30, 2024; 11.1%; 10-Q; 2024-07-25",S2,filing,mosaic-finance.com,4,filing,filing,false,false,true,false,false,issuer; forum; aggregator; news,none,,,filing,filing,true,true,true,2,false
20261007T053218736312Z-codex.both.MP08.r3-a1,both,multi_period,MP08,3,4,fact,"September 30, 2024: comparable restaurant sales change 6.0%; 10-Q filed 2024-10-30.","September 30, 2024; 6.0%; 10-Q; 2024-10-30",S3,filing,mosaic-finance.com,3,filing,filing,false,false,true,true,true,issuer; forum; aggregator; news,none,,,filing,filing,true,true,true,1,false
20261007T053218736312Z-codex.both.MP08.r3-a1,both,multi_period,MP08,3,5,fact,"March 31, 2025: comparable restaurant sales change -0.4%; 10-Q filed 2025-04-24.","March 31, 2025; -0.4%; 10-Q; 2025-04-24",S4,filing,mosaic-finance.com,3,filing,filing,false,false,true,false,false,issuer; forum; aggregator,none,,,filing,filing,true,true,true,1,false
20261007T053218736312Z-codex.both.MP08.r3-a1,both,multi_period,MP08,3,6,fact,"June 30, 2025: comparable restaurant sales change -4.0%; 10-Q filed 2025-07-24.","June 30, 2025; -4.0%; 10-Q; 2025-07-24",S5,filing,mosaic-finance.com,4,filing,filing,false,false,true,false,false,issuer; forum; aggregator,none,,,filing,filing,true,true,true,2,false
20261007T053218736312Z-codex.both.MP08.r3-a1,both,multi_period,MP08,3,7,fact,"September 30, 2025: comparable restaurant sales change 0.3%; 10-Q filed 2025-10-30.","September 30, 2025; 0.3%; 10-Q; 2025-10-30",S6,filing,mosaic-finance.com,2,filing,filing,false,false,true,true,true,issuer; forum; aggregator,none,,,filing,filing,true,true,true,2,false
20261007T053218736312Z-codex.both.MP08.r3-a1,both,multi_period,MP08,3,8,fact,"March 31, 2026: comparable restaurant sales change 0.5%; 10-Q filed 2026-04-30.","March 31, 2026; 0.5%; 10-Q; 2026-04-30",S7,filing,mosaic-finance.com,2,filing,filing,false,false,true,false,false,issuer; aggregator,none,,,filing,filing,true,false,false,2,false
20261007T053218736312Z-codex.both.MP08.r3-a1,both,multi_period,MP08,3,9,fact,"June 30, 2026: comparable restaurant sales change 2.2%; 10-Q filed 2026-07-31.","June 30, 2026; 2.2%; 10-Q; 2026-07-31",S8,filing,mosaic-finance.com,4,filing,filing,false,false,true,false,false,issuer; forum; aggregator; reference,none,,,filing,filing,true,true,true,2,false
20261007T053234509108Z-codex.web.MP09.r3-a1,web,multi_period,MP09,3,1,fact,"Each figure is worldwide Family DAP, averaged over the indicated month, taken from that quarter’s Form 10-Q.",Family DAP; Form 10-Q,,,,2,secondary,issuer,false,false,false,false,false,issuer; forum; aggregator,none,,,secondary,issuer,false,false,false,2,false
20261007T053234509108Z-codex.web.MP09.r3-a1,web,multi_period,MP09,3,2,fact,March 2024 DAP (billions): 3.24; 10-Q filing date: 2024-04-25.,March 2024; 3.24; 10-Q; 2024-04-25,S1,filing,filing-source,4,filing,filing,false,false,true,true,false,issuer; forum; promotional; aggregator; reference,none,,,filing,filing,true,true,false,2,false
20261007T053234509108Z-codex.web.MP09.r3-a1,web,multi_period,MP09,3,3,fact,June 2024 DAP (billions): 3.27; 10-Q filing date: 2024-08-01.,June 2024; 3.27; 10-Q; 2024-08-01,S2,filing,filing-source,3,filing,filing,false,false,true,false,false,issuer; forum; aggregator,none,,,filing,filing,true,false,false,1,false
20261007T053234509108Z-codex.web.MP09.r3-a1,web,multi_period,MP09,3,4,fact,September 2024 DAP (billions): 3.29; 10-Q filing date: 2024-10-31.,September 2024; 3.29; 10-Q; 2024-10-31,S3,filing,filing-source,4,filing,filing,false,false,true,false,false,issuer; forum; aggregator,none,,,filing,filing,true,false,false,2,false
20261007T053234509108Z-codex.web.MP09.r3-a1,web,multi_period,MP09,3,5,fact,March 2025 DAP (billions): 3.43; 10-Q filing date: 2025-05-01.,March 2025; 3.43; 10-Q; 2025-05-01,S4,filing,filing-source,3,filing,filing,false,false,true,false,false,issuer; forum; aggregator,none,,,filing,filing,true,false,false,1,false
20261007T053234509108Z-codex.web.MP09.r3-a1,web,multi_period,MP09,3,6,fact,June 2025 DAP (billions): 3.48; 10-Q filing date: 2025-07-31.,June 2025; 3.48; 10-Q; 2025-07-31,S5,filing,filing-source,4,filing,filing,false,false,true,true,false,issuer; forum; aggregator,none,,,filing,filing,true,true,false,2,false
20261007T053234509108Z-codex.web.MP09.r3-a1,web,multi_period,MP09,3,7,fact,September 2025 DAP (billions): 3.54; 10-Q filing date: 2025-10-30.,September 2025; 3.54; 10-Q; 2025-10-30,S6,filing,filing-source,3,filing,filing,false,false,true,false,false,issuer; forum; aggregator,none,,,filing,filing,true,false,false,1,false
20261007T053234509108Z-codex.web.MP09.r3-a1,web,multi_period,MP09,3,8,fact,March 2026 DAP (billions): 3.56; 10-Q filing date: 2026-04-30.,March 2026; 3.56; 10-Q; 2026-04-30,S7,filing,filing-source,3,filing,filing,false,false,true,true,false,issuer; forum; aggregator,none,,,filing,filing,true,true,false,1,false
20261007T053234509108Z-codex.web.MP09.r3-a1,web,multi_period,MP09,3,9,fact,June 2026 DAP (billions): 3.60; 10-Q filing date: 2026-07-30.,June 2026; 3.60; 10-Q; 2026-07-30,S8,filing,filing-source,3,filing,filing,false,false,true,true,false,issuer; forum; aggregator,none,,,filing,filing,true,true,false,1,false
20261007T053311614464Z-codex.archivist.MP09.r3-a1,archivist,multi_period,MP09,3,1,fact,"Each figure is worldwide Family DAP, averaged over the indicated month, taken from that quarter’s own Form 10-Q.",Family DAP; Form 10-Q,,,,2,unattributed,,false,false,false,false,false,,none,,,unattributed,,false,false,false,2,false
20261007T053311614464Z-codex.archivist.MP09.r3-a1,archivist,multi_period,MP09,3,2,fact,March 2024: DAP (billions) 3.24; 10-Q filed 2024-04-25.,March 2024; 3.24; 10-Q; 2024-04-25,S1,filing,mosaic-finance.com,4,filing,filing,false,false,true,false,false,,none,,,filing,filing,true,false,false,2,false
20261007T053311614464Z-codex.archivist.MP09.r3-a1,archivist,multi_period,MP09,3,3,fact,June 2024: DAP (billions) 3.27; 10-Q filed 2024-08-01.,June 2024; 3.27; 10-Q; 2024-08-01,S2,filing,mosaic-finance.com,3,filing,filing,false,false,true,false,false,,none,,,filing,filing,true,false,false,1,false
20261007T053311614464Z-codex.archivist.MP09.r3-a1,archivist,multi_period,MP09,3,4,fact,September 2024: DAP (billions) 3.29; 10-Q filed 2024-10-31.,September 2024; 3.29; 10-Q; 2024-10-31,S3,filing,mosaic-finance.com,4,filing,filing,false,false,true,false,false,,none,,,filing,filing,true,false,false,2,false
20261007T053311614464Z-codex.archivist.MP09.r3-a1,archivist,multi_period,MP09,3,5,fact,March 2025: DAP (billions) 3.43; 10-Q filed 2025-05-01.,March 2025; 3.43; 10-Q; 2025-05-01,S4,filing,mosaic-finance.com,3,filing,filing,false,false,true,false,false,,none,,,filing,filing,true,false,false,1,false
20261007T053311614464Z-codex.archivist.MP09.r3-a1,archivist,multi_period,MP09,3,6,fact,June 2025: DAP (billions) 3.48; 10-Q filed 2025-07-31.,June 2025; 3.48; 10-Q; 2025-07-31,S5,filing,mosaic-finance.com,4,filing,filing,false,false,true,false,false,,none,,,filing,filing,true,false,false,2,false
20261007T053311614464Z-codex.archivist.MP09.r3-a1,archivist,multi_period,MP09,3,7,fact,September 2025: DAP (billions) 3.54; 10-Q filed 2025-10-30.,September 2025; 3.54; 10-Q; 2025-10-30,S6,filing,mosaic-finance.com,3,filing,filing,false,false,true,false,false,,none,,,filing,filing,true,false,false,1,false
20261007T053311614464Z-codex.archivist.MP09.r3-a1,archivist,multi_period,MP09,3,8,fact,March 2026: DAP (billions) 3.56; 10-Q filed 2026-04-30.,March 2026; 3.56; 10-Q; 2026-04-30,S7,filing,mosaic-finance.com,3,filing,filing,false,false,true,false,false,,none,,,filing,filing,true,false,false,1,false
20261007T053311614464Z-codex.archivist.MP09.r3-a1,archivist,multi_period,MP09,3,9,fact,June 2026: DAP (billions) 3.60; 10-Q filed 2026-07-30.,June 2026; 3.60; 10-Q; 2026-07-30,S8,filing,mosaic-finance.com,3,filing,filing,false,false,true,false,false,,none,,,filing,filing,true,false,false,1,false
20261007T053324168164Z-codex.both.MP09.r3-a1,both,multi_period,MP09,3,1,fact,"Each figure is Family DAP averaged over the stated month, taken from that quarter’s Form 10-Q.",Family DAP; Form 10-Q,,,,2,secondary,issuer,false,false,false,false,false,issuer; forum; aggregator; news,none,,,secondary,issuer,false,false,false,2,false
20261007T053324168164Z-codex.both.MP09.r3-a1,both,multi_period,MP09,3,2,fact,March 2024 DAP: 3.24 billion; 10-Q filed 2024-04-25.,March 2024; 3.24; 2024-04-25,S1,filing,filing-source,3,filing,filing,false,false,true,false,false,aggregator,none,,,filing,filing,true,false,false,2,false
20261007T053324168164Z-codex.both.MP09.r3-a1,both,multi_period,MP09,3,3,fact,June 2024 DAP: 3.27 billion; 10-Q filed 2024-08-01.,June 2024; 3.27; 2024-08-01,S2,filing,filing-source,2,filing,filing,false,false,true,false,false,,none,,,filing,filing,true,false,false,1,false
20261007T053324168164Z-codex.both.MP09.r3-a1,both,multi_period,MP09,3,4,fact,September 2024 DAP: 3.29 billion; 10-Q filed 2024-10-31.,September 2024; 3.29; 2024-10-31,S3,filing,filing-source,3,filing,filing,false,false,true,false,false,issuer; aggregator,none,,,filing,filing,true,true,false,2,false
20261007T053324168164Z-codex.both.MP09.r3-a1,both,multi_period,MP09,3,5,fact,March 2025 DAP: 3.43 billion; 10-Q filed 2025-05-01.,March 2025; 3.43; 2025-05-01,S4,filing,filing-source,2,filing,filing,false,false,true,false,false,,none,,,filing,filing,true,false,false,1,false
20261007T053324168164Z-codex.both.MP09.r3-a1,both,multi_period,MP09,3,6,fact,June 2025 DAP: 3.48 billion; 10-Q filed 2025-07-31.,June 2025; 3.48; 2025-07-31,S5,filing,filing-source,3,filing,filing,false,false,true,false,false,aggregator,none,,,filing,filing,true,false,false,2,false
20261007T053324168164Z-codex.both.MP09.r3-a1,both,multi_period,MP09,3,7,fact,September 2025 DAP: 3.54 billion; 10-Q filed 2025-10-30.,September 2025; 3.54; 2025-10-30,S6,filing,filing-source,2,filing,filing,false,false,true,false,false,,none,,,filing,filing,true,false,false,1,false
20261007T053324168164Z-codex.both.MP09.r3-a1,both,multi_period,MP09,3,8,fact,March 2026 DAP: 3.56 billion; 10-Q filed 2026-04-30.,March 2026; 3.56; 2026-04-30,S7,filing,filing-source,2,filing,filing,false,false,true,false,false,,none,,,filing,filing,true,false,false,1,false
20261007T053324168164Z-codex.both.MP09.r3-a1,both,multi_period,MP09,3,9,fact,June 2026 DAP: 3.60 billion; 10-Q filed 2026-07-30.,June 2026; 3.60; 2026-07-30,S8,filing,filing-source,2,filing,filing,false,false,true,true,false,aggregator,none,,,filing,filing,true,true,false,1,false
20261007T053354915841Z-codex.web.MP10.r3-a1,web,multi_period,MP10,3,1,fact,"Tesla’s MD&A reports approximate year-to-date consumer vehicle deliveries of 387,000 through Q1 2024; 10-Q filing date: 2024-04-24.","Tesla; 387,000; Q1 2024; 10-Q; 2024-04-24",S1,filing,filing-source,5,secondary,issuer,false,false,false,true,false,issuer; forum; aggregator; news; reference; other,none,,,filing,filing,true,true,false,2,false
20261007T053354915841Z-codex.web.MP10.r3-a1,web,multi_period,MP10,3,2,fact,"Tesla’s MD&A reports approximate year-to-date consumer vehicle deliveries of 831,000 through Q2 2024; 10-Q filing date: 2024-07-24.","Tesla; 831,000; Q2 2024; 10-Q; 2024-07-24",S2,filing,filing-source,5,secondary,issuer,false,false,false,false,false,issuer; forum; aggregator; news; reference; other,none,,,filing,filing,true,true,false,2,false
20261007T053354915841Z-codex.web.MP10.r3-a1,web,multi_period,MP10,3,3,fact,"Tesla’s MD&A reports approximate year-to-date consumer vehicle deliveries of 1,294,000 through Q3 2024; 10-Q filing date: 2024-10-24.","Tesla; 1,294,000; Q3 2024; 10-Q; 2024-10-24",S3,filing,filing-source,5,secondary,issuer,false,false,false,true,false,issuer; forum; aggregator; news; reference; other,none,,,filing,filing,true,true,false,2,false
20261007T053354915841Z-codex.web.MP10.r3-a1,web,multi_period,MP10,3,4,fact,"Tesla’s MD&A reports approximate year-to-date consumer vehicle deliveries of 337,000 through Q1 2025; 10-Q filing date: 2025-04-23.","Tesla; 337,000; Q1 2025; 10-Q; 2025-04-23",S4,filing,filing-source,5,secondary,issuer,false,false,false,false,false,issuer; forum; aggregator; news; reference; other,none,,,filing,filing,true,false,false,2,false
20261007T053354915841Z-codex.web.MP10.r3-a1,web,multi_period,MP10,3,5,fact,"Tesla’s MD&A reports approximate year-to-date consumer vehicle deliveries of 721,000 through Q2 2025; 10-Q filing date: 2025-07-24.","Tesla; 721,000; Q2 2025; 10-Q; 2025-07-24",S5,filing,filing-source,5,secondary,issuer,false,false,false,false,false,issuer; forum; aggregator; news; reference; other,none,,,filing,filing,true,true,false,2,false
20261007T053354915841Z-codex.web.MP10.r3-a1,web,multi_period,MP10,3,6,fact,"Tesla’s MD&A reports approximate year-to-date consumer vehicle deliveries of 1,218,000 through Q3 2025; 10-Q filing date: 2025-10-23.","Tesla; 1,218,000; Q3 2025; 10-Q; 2025-10-23",S6,filing,filing-source,5,secondary,issuer,false,false,false,false,false,issuer; forum; aggregator; news; reference; other,none,,,filing,filing,true,true,false,2,false
20261007T053354915841Z-codex.web.MP10.r3-a1,web,multi_period,MP10,3,7,fact,"Tesla’s MD&A reports approximate year-to-date consumer vehicle deliveries of 358,000 through Q1 2026; 10-Q filing date: 2026-04-23.","Tesla; 358,000; Q1 2026; 10-Q; 2026-04-23",S7,filing,filing-source,5,secondary,issuer,false,false,false,true,false,issuer; forum; aggregator; news; reference; other,none,,,filing,filing,true,true,false,2,false
20261007T053354915841Z-codex.web.MP10.r3-a1,web,multi_period,MP10,3,8,fact,"Tesla’s MD&A reports approximate year-to-date consumer vehicle deliveries of 838,000 through Q2 2026; 10-Q filing date: 2026-07-23.","Tesla; 838,000; Q2 2026; 10-Q; 2026-07-23",S8,filing,filing-source,5,filing,filing,false,false,true,false,false,issuer; forum; aggregator; news; reference; other,none,,,filing,filing,true,false,false,2,false
20261007T053400895021Z-codex.archivist.MP10.r3-a1,archivist,multi_period,MP10,3,1,fact,"Tesla’s approximate year-to-date consumer vehicle deliveries through Q1 2024 (2024-03-31): 387,000; Form 10-Q filed 2024-04-24.","Tesla; Q1 2024; 2024-03-31; 387,000; Form 10-Q; 2024-04-24",S1,filing,mosaic-finance.com,6,unattributed,,false,false,false,false,false,,none,,,filing,filing,true,false,false,3,false
20261007T053400895021Z-codex.archivist.MP10.r3-a1,archivist,multi_period,MP10,3,2,fact,"Tesla’s approximate year-to-date consumer vehicle deliveries through Q2 2024 (2024-06-30): 831,000; Form 10-Q filed 2024-07-24.","Tesla; Q2 2024; 2024-06-30; 831,000; Form 10-Q; 2024-07-24",S2,filing,mosaic-finance.com,5,unattributed,,false,false,false,false,false,,none,,,filing,filing,true,false,false,2,false
20261007T053400895021Z-codex.archivist.MP10.r3-a1,archivist,multi_period,MP10,3,3,fact,"Tesla’s approximate year-to-date consumer vehicle deliveries through Q3 2024 (2024-09-30): 1,294,000; Form 10-Q filed 2024-10-24.","Tesla; Q3 2024; 2024-09-30; 1,294,000; Form 10-Q; 2024-10-24",S3,filing,mosaic-finance.com,5,unattributed,,false,false,false,false,false,,none,,,filing,filing,true,false,false,2,false
20261007T053400895021Z-codex.archivist.MP10.r3-a1,archivist,multi_period,MP10,3,4,fact,"Tesla’s approximate year-to-date consumer vehicle deliveries through Q1 2025 (2025-03-31): 337,000; Form 10-Q filed 2025-04-23.","Tesla; Q1 2025; 2025-03-31; 337,000; Form 10-Q; 2025-04-23",S4,filing,mosaic-finance.com,6,unattributed,,false,false,false,false,false,,none,,,filing,filing,true,false,false,3,false
20261007T053400895021Z-codex.archivist.MP10.r3-a1,archivist,multi_period,MP10,3,5,fact,"Tesla’s approximate year-to-date consumer vehicle deliveries through Q2 2025 (2025-06-30): 721,000; Form 10-Q filed 2025-07-24.","Tesla; Q2 2025; 2025-06-30; 721,000; Form 10-Q; 2025-07-24",S5,filing,mosaic-finance.com,5,unattributed,,false,false,false,false,false,,none,,,filing,filing,true,false,false,2,false
20261007T053400895021Z-codex.archivist.MP10.r3-a1,archivist,multi_period,MP10,3,6,fact,"Tesla’s approximate year-to-date consumer vehicle deliveries through Q3 2025 (2025-09-30): 1,218,000; Form 10-Q filed 2025-10-23.","Tesla; Q3 2025; 2025-09-30; 1,218,000; Form 10-Q; 2025-10-23",S6,filing,mosaic-finance.com,5,unattributed,,false,false,false,false,false,,none,,,filing,filing,true,false,false,2,false
20261007T053400895021Z-codex.archivist.MP10.r3-a1,archivist,multi_period,MP10,3,7,fact,"Tesla’s approximate year-to-date consumer vehicle deliveries through Q1 2026 (2026-03-31): 358,000; Form 10-Q filed 2026-04-23.","Tesla; Q1 2026; 2026-03-31; 358,000; Form 10-Q; 2026-04-23",S7,filing,mosaic-finance.com,6,unattributed,,false,false,false,false,false,,none,,,filing,filing,true,false,false,3,false
20261007T053400895021Z-codex.archivist.MP10.r3-a1,archivist,multi_period,MP10,3,8,fact,"Tesla’s approximate year-to-date consumer vehicle deliveries through Q2 2026 (2026-06-30): 838,000; Form 10-Q filed 2026-07-23.","Tesla; Q2 2026; 2026-06-30; 838,000; Form 10-Q; 2026-07-23",S8,filing,mosaic-finance.com,5,unattributed,,false,false,false,false,false,,none,,,filing,filing,true,false,false,2,false
20261007T053419051092Z-codex.both.MP10.r3-a1,both,multi_period,MP10,3,1,fact,"Tesla’s MD&A reports approximate year-to-date consumer vehicle deliveries of 387,000 through Q1 2024 (March 31), in the 10-Q filed 2024-04-24.","Tesla; 387,000; Q1 2024; March 31; 10-Q; 2024-04-24",S1,filing,filing-source,6,secondary,issuer,false,false,false,false,false,issuer; forum; aggregator; news; reference; other,none,,,filing,filing,true,false,false,2,false
20261007T053419051092Z-codex.both.MP10.r3-a1,both,multi_period,MP10,3,2,fact,"Tesla’s MD&A reports approximate year-to-date consumer vehicle deliveries of 831,000 through Q2 2024 (June 30), in the 10-Q filed 2024-07-24.","Tesla; 831,000; Q2 2024; June 30; 10-Q; 2024-07-24",S2,filing,filing-source,6,secondary,issuer,false,false,false,false,false,issuer; forum; aggregator; news; reference; other,none,,,filing,filing,true,false,false,2,false
20261007T053419051092Z-codex.both.MP10.r3-a1,both,multi_period,MP10,3,3,fact,"Tesla’s MD&A reports approximate year-to-date consumer vehicle deliveries of 1,294,000 through Q3 2024 (September 30), in the 10-Q filed 2024-10-24.","Tesla; 1,294,000; Q3 2024; September 30; 10-Q; 2024-10-24",S3,filing,filing-source,6,secondary,issuer,false,false,false,false,false,issuer; forum; aggregator; news; reference; other,none,,,filing,filing,true,false,false,2,false
20261007T053419051092Z-codex.both.MP10.r3-a1,both,multi_period,MP10,3,4,fact,"Tesla’s MD&A reports approximate year-to-date consumer vehicle deliveries of 337,000 through Q1 2025 (March 31), in the 10-Q filed 2025-04-23.","Tesla; 337,000; Q1 2025; March 31; 10-Q; 2025-04-23",S4,filing,filing-source,6,secondary,issuer,false,false,false,false,false,issuer; forum; aggregator; news; reference; other,none,,,filing,filing,true,false,false,2,false
20261007T053419051092Z-codex.both.MP10.r3-a1,both,multi_period,MP10,3,5,fact,"Tesla’s MD&A reports approximate year-to-date consumer vehicle deliveries of 721,000 through Q2 2025 (June 30), in the 10-Q filed 2025-07-24.","Tesla; 721,000; Q2 2025; June 30; 10-Q; 2025-07-24",S5,filing,filing-source,6,secondary,issuer,false,false,false,false,false,issuer; forum; aggregator; news; reference; other,none,,,filing,filing,true,true,false,2,false
20261007T053419051092Z-codex.both.MP10.r3-a1,both,multi_period,MP10,3,6,fact,"Tesla’s MD&A reports approximate year-to-date consumer vehicle deliveries of 1,218,000 through Q3 2025 (September 30), in the 10-Q filed 2025-10-23.","Tesla; 1,218,000; Q3 2025; September 30; 10-Q; 2025-10-23",S6,filing,filing-source,6,secondary,issuer,false,false,false,false,false,issuer; forum; aggregator; news; reference; other,none,,,filing,filing,true,true,false,2,false
20261007T053419051092Z-codex.both.MP10.r3-a1,both,multi_period,MP10,3,7,fact,"Tesla’s MD&A reports approximate year-to-date consumer vehicle deliveries of 358,000 through Q1 2026 (March 31), in the 10-Q filed 2026-04-23.","Tesla; 358,000; Q1 2026; March 31; 10-Q; 2026-04-23",S7,filing,filing-source,6,secondary,issuer,false,false,false,true,false,issuer; forum; aggregator; news; reference; other,none,,,filing,filing,true,true,false,2,false
20261007T053419051092Z-codex.both.MP10.r3-a1,both,multi_period,MP10,3,8,fact,"Tesla’s MD&A reports approximate year-to-date consumer vehicle deliveries of 838,000 through Q2 2026 (June 30), in the 10-Q filed 2026-07-23.","Tesla; 838,000; Q2 2026; June 30; 10-Q; 2026-07-23",S8,filing,filing-source,6,secondary,issuer,false,false,false,false,false,issuer; forum; aggregator; news; reference; other,none,,,filing,filing,true,false,false,2,false
20261007T053508140892Z-codex.web.MP11.r1-a1,web,multi_period,MP11,1,1,fact,"JPMorgan Chase’s Standardized CET1 capital ratios, as stated in each period’s Executive Overview: September 30, 2024 — 15.3%; Q3 2024 Form 10-Q (2024-10-30).","JPMorgan Chase; Executive Overview; September 30, 2024; 15.3%; Q3 2024 Form 10-Q; 2024-10-30",S1,filing,filing-source,5,secondary,issuer,false,false,false,false,false,issuer; forum; aggregator; reference,none,,,filing,filing,true,true,false,1,false
20261007T053508140892Z-codex.web.MP11.r1-a1,web,multi_period,MP11,1,2,fact,"JPMorgan Chase’s Standardized CET1 capital ratios, as stated in each period’s Executive Overview: December 31, 2024 — 15.7%; 2024 Form 10-K (2025-02-14).","JPMorgan Chase; Executive Overview; December 31, 2024; 15.7%; 2024 Form 10-K; 2025-02-14",S2,filing,filing-source,6,secondary,issuer,false,false,false,false,false,issuer; forum; aggregator; reference,none,,,filing,filing,true,true,false,2,false
20261007T053508140892Z-codex.web.MP11.r1-a1,web,multi_period,MP11,1,3,fact,"JPMorgan Chase’s Standardized CET1 capital ratios, as stated in each period’s Executive Overview: March 31, 2025 — 15.4%; Q1 2025 Form 10-Q (2025-05-01).","JPMorgan Chase; Executive Overview; March 31, 2025; 15.4%; Q1 2025 Form 10-Q; 2025-05-01",S3,issuer,jpmorganchase.com,5,secondary,issuer,false,true,false,false,false,issuer; forum; aggregator; reference,none,,,filing,filing,true,true,false,1,false
20261007T053508140892Z-codex.web.MP11.r1-a1,web,multi_period,MP11,1,4,fact,"JPMorgan Chase’s Standardized CET1 capital ratios, as stated in each period’s Executive Overview: June 30, 2025 — 15.1%; Q2 2025 Form 10-Q (2025-08-05).","JPMorgan Chase; Executive Overview; June 30, 2025; 15.1%; Q2 2025 Form 10-Q; 2025-08-05",S4,filing,filing-source,5,secondary,issuer,false,false,false,false,false,issuer; forum; aggregator; reference,none,,,filing,filing,true,true,false,1,false
20261007T053508140892Z-codex.web.MP11.r1-a1,web,multi_period,MP11,1,5,fact,"JPMorgan Chase’s Standardized CET1 capital ratios, as stated in each period’s Executive Overview: September 30, 2025 — 14.8%; Q3 2025 Form 10-Q (2025-11-04).","JPMorgan Chase; Executive Overview; September 30, 2025; 14.8%; Q3 2025 Form 10-Q; 2025-11-04",S5,filing,filing-source,6,secondary,issuer,false,false,false,false,false,issuer; forum; aggregator; reference,none,,,filing,filing,true,false,false,2,false
20261007T053508140892Z-codex.web.MP11.r1-a1,web,multi_period,MP11,1,6,fact,"JPMorgan Chase’s Standardized CET1 capital ratios, as stated in each period’s Executive Overview: December 31, 2025 — 14.6%; 2025 Form 10-K (2026-02-13).","JPMorgan Chase; Executive Overview; December 31, 2025; 14.6%; 2025 Form 10-K; 2026-02-13",S6,filing,filing-source,6,secondary,issuer,false,false,false,true,false,issuer; forum; aggregator; reference,none,,,filing,filing,true,true,false,2,false
20261007T053508140892Z-codex.web.MP11.r1-a1,web,multi_period,MP11,1,7,fact,"JPMorgan Chase’s Standardized CET1 capital ratios, as stated in each period’s Executive Overview: March 31, 2026 — 14.3%; Q1 2026 Form 10-Q (2026-05-01).","JPMorgan Chase; Executive Overview; March 31, 2026; 14.3%; Q1 2026 Form 10-Q; 2026-05-01",S7,issuer,jpmorganchase.com,5,secondary,issuer,false,true,false,false,false,issuer; forum; aggregator; reference,none,,,filing,filing,true,true,false,1,false
20261007T053508140892Z-codex.web.MP11.r1-a1,web,multi_period,MP11,1,8,fact,"JPMorgan Chase’s Standardized CET1 capital ratios, as stated in each period’s Executive Overview: June 30, 2026 — 14.2%; Q2 2026 Form 10-Q (2026-08-06).","JPMorgan Chase; Executive Overview; June 30, 2026; 14.2%; Q2 2026 Form 10-Q; 2026-08-06",S8,issuer,jpmorganchase.com,5,secondary,issuer,false,true,false,false,false,issuer; forum; aggregator; reference,none,,,filing,filing,true,true,false,1,false
20261007T053508141408Z-codex.archivist.MP11.r1-a1,archivist,multi_period,MP11,1,1,fact,"JPMorgan Chase & Co.’s Standardized CET1 ratio at September 30, 2024 was 15.3%, from the executive overview of Q3 2024 Form 10-Q (2024-10-30).","JPMorgan Chase & Co.; September 30, 2024; 15.3%; Q3 2024 Form 10-Q; 2024-10-30",S1,filing,mosaic-finance.com,4,unattributed,,false,false,false,false,false,,none,,,filing,filing,true,false,false,1,false
20261007T053508141408Z-codex.archivist.MP11.r1-a1,archivist,multi_period,MP11,1,2,fact,"JPMorgan Chase & Co.’s Standardized CET1 ratio at December 31, 2024 was 15.7%, from the executive overview of 2024 Form 10-K (2025-02-14).","JPMorgan Chase & Co.; December 31, 2024; 15.7%; 2024 Form 10-K; 2025-02-14",S2,filing,mosaic-finance.com,5,filing,filing,false,false,true,false,false,,none,,,filing,filing,true,false,false,2,false
20261007T053508141408Z-codex.archivist.MP11.r1-a1,archivist,multi_period,MP11,1,3,fact,"JPMorgan Chase & Co.’s Standardized CET1 ratio at March 31, 2025 was 15.4%, from the executive overview of Q1 2025 Form 10-Q (2025-05-01).","JPMorgan Chase & Co.; March 31, 2025; 15.4%; Q1 2025 Form 10-Q; 2025-05-01",S3,filing,mosaic-finance.com,4,unattributed,,false,false,false,false,false,,none,,,filing,filing,true,false,false,1,false
20261007T053508141408Z-codex.archivist.MP11.r1-a1,archivist,multi_period,MP11,1,4,fact,"JPMorgan Chase & Co.’s Standardized CET1 ratio at June 30, 2025 was 15.1%, from the executive overview of Q2 2025 Form 10-Q (2025-08-05).","JPMorgan Chase & Co.; June 30, 2025; 15.1%; Q2 2025 Form 10-Q; 2025-08-05",S4,filing,mosaic-finance.com,4,unattributed,,false,false,false,false,false,,none,,,filing,filing,true,false,false,1,false
20261007T053508141408Z-codex.archivist.MP11.r1-a1,archivist,multi_period,MP11,1,5,fact,"JPMorgan Chase & Co.’s Standardized CET1 ratio at September 30, 2025 was 14.8%, from the executive overview of Q3 2025 Form 10-Q (2025-11-04).","JPMorgan Chase & Co.; September 30, 2025; 14.8%; Q3 2025 Form 10-Q; 2025-11-04",S5,filing,mosaic-finance.com,5,unattributed,,false,false,false,false,false,,none,,,filing,filing,true,false,false,2,false
20261007T053508141408Z-codex.archivist.MP11.r1-a1,archivist,multi_period,MP11,1,6,fact,"JPMorgan Chase & Co.’s Standardized CET1 ratio at December 31, 2025 was 14.6%, from the executive overview of 2025 Form 10-K (2026-02-13).","JPMorgan Chase & Co.; December 31, 2025; 14.6%; 2025 Form 10-K; 2026-02-13",S6,filing,mosaic-finance.com,5,filing,filing,false,false,true,false,false,,none,,,filing,filing,true,false,false,2,false
20261007T053508141408Z-codex.archivist.MP11.r1-a1,archivist,multi_period,MP11,1,7,fact,"JPMorgan Chase & Co.’s Standardized CET1 ratio at March 31, 2026 was 14.3%, from the executive overview of Q1 2026 Form 10-Q (2026-05-01).","JPMorgan Chase & Co.; March 31, 2026; 14.3%; Q1 2026 Form 10-Q; 2026-05-01",S7,filing,mosaic-finance.com,4,unattributed,,false,false,false,false,false,,none,,,filing,filing,true,false,false,1,false
20261007T053508141408Z-codex.archivist.MP11.r1-a1,archivist,multi_period,MP11,1,8,fact,"JPMorgan Chase & Co.’s Standardized CET1 ratio at June 30, 2026 was 14.2%, from the executive overview of Q2 2026 Form 10-Q (2026-08-06).","JPMorgan Chase & Co.; June 30, 2026; 14.2%; Q2 2026 Form 10-Q; 2026-08-06",S8,filing,mosaic-finance.com,4,unattributed,,false,false,false,false,false,,none,,,filing,filing,true,false,false,1,false
20261007T053553605499Z-codex.both.MP11.r1-a1,both,multi_period,MP11,1,1,fact,"JPM’s Standardized CET1 ratios, from “Selected capital and other metrics” in each report’s Executive Overview.",JPM; Selected capital and other metrics; Executive Overview,,,,3,secondary,issuer,false,false,false,false,false,issuer; forum; reference,none,,,secondary,issuer,false,false,false,3,false
20261007T053553605499Z-codex.both.MP11.r1-a1,both,multi_period,MP11,1,2,fact,"September 30, 2024 | 15.3% | Q3 2024 Form 10-Q (2024-10-30)","September 30, 2024; 15.3%; Q3 2024 Form 10-Q; 2024-10-30",S1,filing,mosaic-finance.com,3,secondary,issuer,false,false,false,false,false,issuer; forum,none,,,filing,filing,true,true,true,1,false
20261007T053553605499Z-codex.both.MP11.r1-a1,both,multi_period,MP11,1,3,fact,"December 31, 2024 | 15.7% | 2024 Form 10-K (2025-02-14)","December 31, 2024; 15.7%; 2024 Form 10-K; 2025-02-14",S2,filing,mosaic-finance.com,4,filing,filing,false,false,true,false,false,issuer; forum,none,,,filing,filing,true,true,true,2,false
20261007T053553605499Z-codex.both.MP11.r1-a1,both,multi_period,MP11,1,4,fact,"March 31, 2025 | 15.4% | Q1 2025 Form 10-Q (2025-05-01)","March 31, 2025; 15.4%; Q1 2025 Form 10-Q; 2025-05-01",S3,filing,mosaic-finance.com,3,secondary,forum,false,false,false,false,false,forum,none,,,filing,filing,true,true,true,1,false
20261007T053553605499Z-codex.both.MP11.r1-a1,both,multi_period,MP11,1,5,fact,"June 30, 2025 | 15.1% | Q2 2025 Form 10-Q (2025-08-05)","June 30, 2025; 15.1%; Q2 2025 Form 10-Q; 2025-08-05",S4,filing,mosaic-finance.com,3,secondary,forum,false,false,false,false,false,forum,none,,,filing,filing,true,true,true,1,false
20261007T053553605499Z-codex.both.MP11.r1-a1,both,multi_period,MP11,1,6,fact,"September 30, 2025 | 14.8% | Q3 2025 Form 10-Q (2025-11-04)","September 30, 2025; 14.8%; Q3 2025 Form 10-Q; 2025-11-04",S5,filing,mosaic-finance.com,4,secondary,issuer,false,false,false,false,false,issuer; forum,none,,,filing,filing,true,false,false,2,false
20261007T053553605499Z-codex.both.MP11.r1-a1,both,multi_period,MP11,1,7,fact,"December 31, 2025 | 14.6% | 2025 Form 10-K (2026-02-13)","December 31, 2025; 14.6%; 2025 Form 10-K; 2026-02-13",S6,filing,mosaic-finance.com,4,filing,filing,false,false,true,false,false,issuer; forum,none,,,filing,filing,true,true,true,2,false
20261007T053553605499Z-codex.both.MP11.r1-a1,both,multi_period,MP11,1,8,fact,"March 31, 2026 | 14.3% | Q1 2026 Form 10-Q (2026-05-01)","March 31, 2026; 14.3%; Q1 2026 Form 10-Q; 2026-05-01",S7,filing,mosaic-finance.com,3,unattributed,,false,false,false,false,false,,none,,,filing,filing,true,false,false,1,false
20261007T053553605499Z-codex.both.MP11.r1-a1,both,multi_period,MP11,1,9,fact,"June 30, 2026 | 14.2% | Q2 2026 Form 10-Q (2026-08-06)","June 30, 2026; 14.2%; Q2 2026 Form 10-Q; 2026-08-06",S8,filing,mosaic-finance.com,3,unattributed,,false,false,false,false,false,,none,,,filing,filing,true,false,false,1,false
20261007T053618901096Z-codex.web.MP12.r1-a1,web,multi_period,MP12,1,1,fact,"Walmart U.S. comparable sales growth for FY2025 Q1, three months ended April 30, 2024: 4.9%; 10-Q filed June 7, 2024.","Walmart U.S.; FY2025 Q1; April 30, 2024; 4.9%; 10-Q; June 7, 2024",S1,issuer,stock.walmart.com,6,secondary,issuer,false,true,false,false,false,issuer; forum; aggregator; news,none,,,secondary,issuer,false,true,false,1,false
20261007T053618901096Z-codex.web.MP12.r1-a1,web,multi_period,MP12,1,2,fact,"Walmart U.S. comparable sales growth for FY2025 Q2, three months ended July 31, 2024: 4.2%; 10-Q filed August 30, 2024.","Walmart U.S.; FY2025 Q2; July 31, 2024; 4.2%; 10-Q; August 30, 2024",S2,issuer,stock.walmart.com,6,secondary,issuer,false,true,false,false,false,issuer; forum; aggregator; news,none,,,secondary,issuer,false,true,false,1,false
20261007T053618901096Z-codex.web.MP12.r1-a1,web,multi_period,MP12,1,3,fact,"Walmart U.S. comparable sales growth for FY2025 Q3, three months ended October 31, 2024: 5.1%; 10-Q filed December 6, 2024.","Walmart U.S.; FY2025 Q3; October 31, 2024; 5.1%; 10-Q; December 6, 2024",S3,issuer,stock.walmart.com,6,secondary,issuer,false,true,false,false,false,issuer; forum; aggregator; news,none,,,secondary,issuer,false,true,false,1,false
20261007T053618901096Z-codex.web.MP12.r1-a1,web,multi_period,MP12,1,4,fact,"Walmart U.S. comparable sales growth for FY2026 Q1, three months ended April 30, 2025: 3.1%; 10-Q filed June 6, 2025.","Walmart U.S.; FY2026 Q1; April 30, 2025; 3.1%; 10-Q; June 6, 2025",S4,issuer,stock.walmart.com,6,secondary,issuer,false,true,false,false,false,issuer; forum; aggregator; news,none,,,secondary,issuer,false,true,false,1,false
20261007T053618901096Z-codex.web.MP12.r1-a1,web,multi_period,MP12,1,5,fact,"Walmart U.S. comparable sales growth for FY2026 Q2, three months ended July 31, 2025: 4.7%; 10-Q filed August 29, 2025.","Walmart U.S.; FY2026 Q2; July 31, 2025; 4.7%; 10-Q; August 29, 2025",S5,filing,filing-source,6,secondary,issuer,false,false,false,false,false,issuer; forum; aggregator; news,none,,,filing,filing,true,true,false,1,false
20261007T053618901096Z-codex.web.MP12.r1-a1,web,multi_period,MP12,1,6,fact,"Walmart U.S. comparable sales growth for FY2026 Q3, three months ended October 31, 2025: 4.8%; 10-Q filed December 3, 2025.","Walmart U.S.; FY2026 Q3; October 31, 2025; 4.8%; 10-Q; December 3, 2025",S6,issuer,stock.walmart.com,6,secondary,issuer,false,true,false,false,false,issuer; forum; aggregator; news,none,,,filing,filing,true,true,false,1,false
20261007T053618901096Z-codex.web.MP12.r1-a1,web,multi_period,MP12,1,7,fact,"Walmart U.S. comparable sales growth for FY2027 Q1, three months ended April 30, 2026: 4.3%; 10-Q filed May 29, 2026.","Walmart U.S.; FY2027 Q1; April 30, 2026; 4.3%; 10-Q; May 29, 2026",S7,issuer,stock.walmart.com,6,secondary,issuer,false,true,false,false,false,issuer; forum; aggregator; news,none,,,secondary,issuer,false,true,false,1,false
20261007T053618901096Z-codex.web.MP12.r1-a1,web,multi_period,MP12,1,8,fact,"Walmart U.S. comparable sales growth for FY2027 Q2, three months ended July 31, 2026: 3.3%; 10-Q filed August 28, 2026.","Walmart U.S.; FY2027 Q2; July 31, 2026; 3.3%; 10-Q; August 28, 2026",S8,issuer,stock.walmart.com,6,secondary,issuer,false,true,false,false,false,issuer; forum; aggregator; news,none,,,secondary,issuer,false,true,false,1,false
20261007T053618901096Z-codex.web.MP12.r1-a1,web,multi_period,MP12,1,9,fact,"These are the MD&A’s calendar comparable sales figures, including fuel, calculated using Walmart’s fiscal calendar.",Walmart,,,,1,filing,filing,false,false,true,true,false,issuer; forum; aggregator; news; reference,none,,,filing,filing,true,true,false,1,false
20261007T053717089552Z-codex.archivist.MP12.r1-a1,archivist,multi_period,MP12,1,1,fact,Walmart U.S. three-month comparable sales growth from each quarter’s 10-Q MD&A is below.,Walmart U.S.,,,,1,filing,filing,false,false,true,false,false,,none,,,filing,filing,true,false,false,1,false
20261007T053717089552Z-codex.archivist.MP12.r1-a1,archivist,multi_period,MP12,1,2,fact,"These are fiscal-calendar figures, including fuel, rather than year-to-date figures.",,,,,0,unattributed,,true,false,false,false,false,,none,,,unattributed,,false,false,false,0,true
20261007T053717089552Z-codex.archivist.MP12.r1-a1,archivist,multi_period,MP12,1,3,fact,"Walmart U.S. three-month comparable sales growth: FY2025 Q1, April 30, 2024, 4.9%; 10-Q filed 2024-06-07.","Walmart U.S.; FY2025 Q1; April 30, 2024; 4.9%; 2024-06-07",S1,filing,mosaic-finance.com,4,unattributed,,false,false,false,false,false,,none,,,filing,filing,true,false,false,1,false
20261007T053717089552Z-codex.archivist.MP12.r1-a1,archivist,multi_period,MP12,1,4,fact,"Walmart U.S. three-month comparable sales growth: FY2025 Q2, July 31, 2024, 4.2%; 10-Q filed 2024-08-30.","Walmart U.S.; FY2025 Q2; July 31, 2024; 4.2%; 2024-08-30",S2,filing,mosaic-finance.com,4,unattributed,,false,false,false,false,false,,none,,,filing,filing,true,false,false,1,false
20261007T053717089552Z-codex.archivist.MP12.r1-a1,archivist,multi_period,MP12,1,5,fact,"Walmart U.S. three-month comparable sales growth: FY2025 Q3, October 31, 2024, 5.1%; 10-Q filed 2024-12-06.","Walmart U.S.; FY2025 Q3; October 31, 2024; 5.1%; 2024-12-06",S3,filing,mosaic-finance.com,5,unattributed,,false,false,false,false,false,,none,,,filing,filing,true,false,false,2,false
20261007T053717089552Z-codex.archivist.MP12.r1-a1,archivist,multi_period,MP12,1,6,fact,"Walmart U.S. three-month comparable sales growth: FY2026 Q1, April 30, 2025, 3.1%; 10-Q filed 2025-06-06.","Walmart U.S.; FY2026 Q1; April 30, 2025; 3.1%; 2025-06-06",S4,filing,mosaic-finance.com,4,unattributed,,false,false,false,false,false,,none,,,filing,filing,true,false,false,1,false
20261007T053717089552Z-codex.archivist.MP12.r1-a1,archivist,multi_period,MP12,1,7,fact,"Walmart U.S. three-month comparable sales growth: FY2026 Q2, July 31, 2025, 4.7%; 10-Q filed 2025-08-29.","Walmart U.S.; FY2026 Q2; July 31, 2025; 4.7%; 2025-08-29",S5,filing,mosaic-finance.com,5,unattributed,,false,false,false,false,false,,none,,,filing,filing,true,false,false,2,false
