run_id,arm,stratum,question_id,repetition,claim_index,type,text,values,sources,cited_categories,cited_hosts,usable_values,label,category,citation_only,secondary_use,primary_read,values_in_nonfiling_source,verified_by_archivist,matching_nonfiling_categories,attributed_to,phrase,absent_from_filing,numbers_only_label,numbers_only_category,numbers_only_primary_read,numbers_only_values_in_nonfiling_source,numbers_only_verified_by_archivist,numbers_only_usable_values,numbers_only_citation_only
20261007T053717089552Z-codex.archivist.MP12.r1-a1,archivist,multi_period,MP12,1,8,fact,"Walmart U.S. three-month comparable sales growth: FY2026 Q3, October 31, 2025, 4.8%; 10-Q filed 2025-12-03.","Walmart U.S.; FY2026 Q3; October 31, 2025; 4.8%; 2025-12-03",S6,filing,mosaic-finance.com,5,unattributed,,false,false,false,false,false,,none,,,filing,filing,true,false,false,2,false
20261007T053717089552Z-codex.archivist.MP12.r1-a1,archivist,multi_period,MP12,1,9,fact,"Walmart U.S. three-month comparable sales growth: FY2027 Q1, April 30, 2026, 4.3%; 10-Q filed 2026-05-29.","Walmart U.S.; FY2027 Q1; April 30, 2026; 4.3%; 2026-05-29",S7,filing,mosaic-finance.com,5,unattributed,,false,false,false,false,false,,none,,,filing,filing,true,false,false,2,false
20261007T053717089552Z-codex.archivist.MP12.r1-a1,archivist,multi_period,MP12,1,10,fact,"Walmart U.S. three-month comparable sales growth: FY2027 Q2, July 31, 2026, 3.3%; 10-Q filed 2026-08-28.","Walmart U.S.; FY2027 Q2; July 31, 2026; 3.3%; 2026-08-28",S8,filing,mosaic-finance.com,5,unattributed,,false,false,false,false,false,,none,,,filing,filing,true,false,false,2,false
20261007T053720627077Z-codex.both.MP12.r1-a1,both,multi_period,MP12,1,1,fact,"These are the three-month Walmart U.S. calendar comparable sales growth figures, including fuel, from MD&A in each quarter’s own 10-Q.",Walmart U.S.; MD&A; 10-Q,,,,3,secondary,issuer,false,false,false,false,false,issuer; forum; aggregator,none,,,secondary,issuer,false,false,false,3,false
20261007T053720627077Z-codex.both.MP12.r1-a1,both,multi_period,MP12,1,2,fact,"Walmart U.S. comparable sales growth, including fuel: FY2025 Q1; three months ended April 30, 2024; 4.9%; 10-Q filed June 7, 2024.","Walmart U.S.; FY2025 Q1; April 30, 2024; 4.9%; 10-Q; June 7, 2024",S1,issuer,stock.walmart.com,6,secondary,issuer,false,true,false,false,false,issuer; forum; aggregator,none,,,secondary,issuer,false,true,false,1,false
20261007T053720627077Z-codex.both.MP12.r1-a1,both,multi_period,MP12,1,3,fact,"Walmart U.S. comparable sales growth, including fuel: FY2025 Q2; three months ended July 31, 2024; 4.2%; 10-Q filed August 30, 2024.","Walmart U.S.; FY2025 Q2; July 31, 2024; 4.2%; 10-Q; August 30, 2024",S2,issuer,stock.walmart.com,6,secondary,issuer,false,true,false,false,false,issuer; forum; aggregator,none,,,secondary,issuer,false,true,false,1,false
20261007T053720627077Z-codex.both.MP12.r1-a1,both,multi_period,MP12,1,4,fact,"Walmart U.S. comparable sales growth, including fuel: FY2025 Q3; three months ended October 31, 2024; 5.1%; 10-Q filed December 6, 2024.","Walmart U.S.; FY2025 Q3; October 31, 2024; 5.1%; 10-Q; December 6, 2024",S3,issuer,stock.walmart.com,6,secondary,issuer,false,true,false,false,false,issuer; forum; aggregator,none,,,secondary,issuer,false,true,false,1,false
20261007T053720627077Z-codex.both.MP12.r1-a1,both,multi_period,MP12,1,5,fact,"Walmart U.S. comparable sales growth, including fuel: FY2026 Q1; three months ended April 30, 2025; 3.1%; 10-Q filed June 6, 2025.","Walmart U.S.; FY2026 Q1; April 30, 2025; 3.1%; 10-Q; June 6, 2025",S4,issuer,stock.walmart.com,6,secondary,issuer,false,true,false,false,false,issuer; forum; aggregator,none,,,secondary,issuer,false,true,false,1,false
20261007T053720627077Z-codex.both.MP12.r1-a1,both,multi_period,MP12,1,6,fact,"Walmart U.S. comparable sales growth, including fuel: FY2026 Q2; three months ended July 31, 2025; 4.7%; 10-Q filed August 29, 2025.","Walmart U.S.; FY2026 Q2; July 31, 2025; 4.7%; 10-Q; August 29, 2025",S5,issuer,stock.walmart.com,6,secondary,issuer,false,true,false,false,false,issuer; forum; aggregator; news,none,,,filing,filing,true,true,false,1,false
20261007T053720627077Z-codex.both.MP12.r1-a1,both,multi_period,MP12,1,7,fact,"Walmart U.S. comparable sales growth, including fuel: FY2026 Q3; three months ended October 31, 2025; 4.8%; 10-Q filed December 3, 2025.","Walmart U.S.; FY2026 Q3; October 31, 2025; 4.8%; 10-Q; December 3, 2025",S6,issuer,stock.walmart.com,6,secondary,issuer,false,true,false,false,false,issuer; forum; aggregator; news,none,,,secondary,issuer,false,true,false,1,false
20261007T053720627077Z-codex.both.MP12.r1-a1,both,multi_period,MP12,1,8,fact,"Walmart U.S. comparable sales growth, including fuel: FY2027 Q1; three months ended April 30, 2026; 4.3%; 10-Q filed May 29, 2026.","Walmart U.S.; FY2027 Q1; April 30, 2026; 4.3%; 10-Q; May 29, 2026",S7,issuer,stock.walmart.com,6,secondary,issuer,false,true,false,false,false,issuer; forum; aggregator,none,,,secondary,issuer,false,true,false,1,false
20261007T053720627077Z-codex.both.MP12.r1-a1,both,multi_period,MP12,1,9,fact,"Walmart U.S. comparable sales growth, including fuel: FY2027 Q2; three months ended July 31, 2026; 3.3%; 10-Q filed August 28, 2026.","Walmart U.S.; FY2027 Q2; July 31, 2026; 3.3%; 10-Q; August 28, 2026",S8,issuer,stock.walmart.com,6,secondary,issuer,false,true,false,false,false,issuer; forum; aggregator,none,,,secondary,issuer,false,true,false,1,false
20261007T053720627077Z-codex.both.MP12.r1-a1,both,multi_period,MP12,1,10,fact,Walmart explains that these fiscal-calendar figures can differ from the retail-calendar comparable sales reported in earnings releases.,Walmart,S4,issuer,stock.walmart.com,1,filing,filing,false,true,true,true,false,issuer; forum; aggregator; news,none,,,filing,filing,true,true,false,1,false
20261007T053803005241Z-codex.web.MP13.r1-a1,web,multi_period,MP13,1,1,fact,"Uber’s overall Gross Bookings for Q1 2024 were 37.7 US$ billions, as stated in the MD&A quarterly highlights of the quarter’s own Form 10-Q, filed 2024-05-08.",Uber; Q1 2024; 37.7; Form 10-Q; 2024-05-08,S1,filing,filing-source,4,filing,filing,false,false,true,false,false,issuer; forum; aggregator,none,,,filing,filing,true,false,false,1,false
20261007T053803005241Z-codex.web.MP13.r1-a1,web,multi_period,MP13,1,2,fact,"Uber’s overall Gross Bookings for Q2 2024 were 40.0 US$ billions, as stated in the MD&A quarterly highlights of the quarter’s own Form 10-Q, filed 2024-08-06.",Uber; Q2 2024; 40.0; Form 10-Q; 2024-08-06,S2,filing,filing-source,4,filing,filing,false,false,true,false,false,issuer; forum; aggregator,none,,,filing,filing,true,true,false,1,false
20261007T053803005241Z-codex.web.MP13.r1-a1,web,multi_period,MP13,1,3,fact,"Uber’s overall Gross Bookings for Q3 2024 were 41.0 US$ billions, as stated in the MD&A quarterly highlights of the quarter’s own Form 10-Q, filed 2024-10-31.",Uber; Q3 2024; 41.0; Form 10-Q; 2024-10-31,S3,filing,filing-source,5,filing,filing,false,false,true,false,false,issuer; forum; aggregator,none,,,filing,filing,true,false,false,2,false
20261007T053803005241Z-codex.web.MP13.r1-a1,web,multi_period,MP13,1,4,fact,"Uber’s overall Gross Bookings for Q1 2025 were 42.8 US$ billions, as stated in the MD&A quarterly highlights of the quarter’s own Form 10-Q, filed 2025-05-07.",Uber; Q1 2025; 42.8; Form 10-Q; 2025-05-07,S4,filing,filing-source,4,filing,filing,false,false,true,false,false,issuer; forum; aggregator,none,,,filing,filing,true,false,false,1,false
20261007T053803005241Z-codex.web.MP13.r1-a1,web,multi_period,MP13,1,5,fact,"Uber’s overall Gross Bookings for Q2 2025 were 46.8 US$ billions, as stated in the MD&A quarterly highlights of the quarter’s own Form 10-Q, filed 2025-08-06.",Uber; Q2 2025; 46.8; Form 10-Q; 2025-08-06,S5,filing,filing-source,4,filing,filing,false,false,true,false,false,issuer; forum; aggregator,none,,,filing,filing,true,true,false,1,false
20261007T053803005241Z-codex.web.MP13.r1-a1,web,multi_period,MP13,1,6,fact,"Uber’s overall Gross Bookings for Q3 2025 were 49.7 US$ billions, as stated in the MD&A quarterly highlights of the quarter’s own Form 10-Q, filed 2025-11-04.",Uber; Q3 2025; 49.7; Form 10-Q; 2025-11-04,S6,filing,filing-source,5,secondary,issuer,false,false,false,false,false,issuer; forum; aggregator,none,,,filing,filing,true,true,false,2,false
20261007T053803005241Z-codex.web.MP13.r1-a1,web,multi_period,MP13,1,7,fact,"Uber’s overall Gross Bookings for Q1 2026 were 53.7 US$ billions, as stated in the MD&A quarterly highlights of the quarter’s own Form 10-Q, filed 2026-05-06.",Uber; Q1 2026; 53.7; Form 10-Q; 2026-05-06,S7,filing,filing-source,4,secondary,issuer,false,false,false,false,false,issuer; forum; aggregator,none,,,filing,filing,true,true,false,1,false
20261007T053803005241Z-codex.web.MP13.r1-a1,web,multi_period,MP13,1,8,fact,"Uber’s overall Gross Bookings for Q2 2026 were 58.0 US$ billions, as stated in the MD&A quarterly highlights of the quarter’s own Form 10-Q, filed 2026-08-05.",Uber; Q2 2026; 58.0; Form 10-Q; 2026-08-05,S8,filing,filing-source,4,secondary,issuer,false,false,false,false,false,issuer; forum; aggregator,none,,,filing,filing,true,true,false,1,false
20261007T053828567148Z-codex.archivist.MP13.r1-a1,archivist,multi_period,MP13,1,1,fact,"Uber’s quarterly overall Gross Bookings, using the rounded figures stated in each quarter’s MD&A: Q1 2024 (March 31), 37.7 (US$ billions); Form 10-Q filed 2024-05-08.",Uber; MD&A; Q1 2024; March 31; 37.7; US$ billions; Form 10-Q; 2024-05-08,S1,filing,mosaic-finance.com,7,unattributed,,false,false,false,false,false,,none,,,filing,filing,true,false,false,1,false
20261007T053828567148Z-codex.archivist.MP13.r1-a1,archivist,multi_period,MP13,1,2,fact,"Uber’s quarterly overall Gross Bookings, using the rounded figures stated in each quarter’s MD&A: Q2 2024 (June 30), 40.0 (US$ billions); Form 10-Q filed 2024-08-06.",Uber; MD&A; Q2 2024; June 30; 40.0; US$ billions; Form 10-Q; 2024-08-06,S2,filing,mosaic-finance.com,7,unattributed,,false,false,false,false,false,,none,,,filing,filing,true,false,false,1,false
20261007T053828567148Z-codex.archivist.MP13.r1-a1,archivist,multi_period,MP13,1,3,fact,"Uber’s quarterly overall Gross Bookings, using the rounded figures stated in each quarter’s MD&A: Q3 2024 (September 30), 41.0 (US$ billions); Form 10-Q filed 2024-10-31.",Uber; MD&A; Q3 2024; September 30; 41.0; US$ billions; Form 10-Q; 2024-10-31,S3,filing,mosaic-finance.com,8,unattributed,,false,false,false,false,false,,none,,,filing,filing,true,false,false,2,false
20261007T053828567148Z-codex.archivist.MP13.r1-a1,archivist,multi_period,MP13,1,4,fact,"Uber’s quarterly overall Gross Bookings, using the rounded figures stated in each quarter’s MD&A: Q1 2025 (March 31), 42.8 (US$ billions); Form 10-Q filed 2025-05-07.",Uber; MD&A; Q1 2025; March 31; 42.8; US$ billions; Form 10-Q; 2025-05-07,S4,filing,mosaic-finance.com,7,unattributed,,false,false,false,false,false,,none,,,filing,filing,true,false,false,1,false
20261007T053828567148Z-codex.archivist.MP13.r1-a1,archivist,multi_period,MP13,1,5,fact,"Uber’s quarterly overall Gross Bookings, using the rounded figures stated in each quarter’s MD&A: Q2 2025 (June 30), 46.8 (US$ billions); Form 10-Q filed 2025-08-06.",Uber; MD&A; Q2 2025; June 30; 46.8; US$ billions; Form 10-Q; 2025-08-06,S5,filing,mosaic-finance.com,7,unattributed,,false,false,false,false,false,,none,,,filing,filing,true,false,false,1,false
20261007T053828567148Z-codex.archivist.MP13.r1-a1,archivist,multi_period,MP13,1,6,fact,"Uber’s quarterly overall Gross Bookings, using the rounded figures stated in each quarter’s MD&A: Q3 2025 (September 30), 49.7 (US$ billions); Form 10-Q filed 2025-11-04.",Uber; MD&A; Q3 2025; September 30; 49.7; US$ billions; Form 10-Q; 2025-11-04,S6,filing,mosaic-finance.com,8,unattributed,,false,false,false,false,false,,none,,,filing,filing,true,false,false,2,false
20261007T053828567148Z-codex.archivist.MP13.r1-a1,archivist,multi_period,MP13,1,7,fact,"Uber’s quarterly overall Gross Bookings, using the rounded figures stated in each quarter’s MD&A: Q1 2026 (March 31), 53.7 (US$ billions); Form 10-Q filed 2026-05-06.",Uber; MD&A; Q1 2026; March 31; 53.7; US$ billions; Form 10-Q; 2026-05-06,S7,filing,mosaic-finance.com,7,unattributed,,false,false,false,false,false,,none,,,filing,filing,true,false,false,1,false
20261007T053828567148Z-codex.archivist.MP13.r1-a1,archivist,multi_period,MP13,1,8,fact,"Uber’s quarterly overall Gross Bookings, using the rounded figures stated in each quarter’s MD&A: Q2 2026 (June 30), 58.0 (US$ billions); Form 10-Q filed 2026-08-05.",Uber; MD&A; Q2 2026; June 30; 58.0; US$ billions; Form 10-Q; 2026-08-05,S8,filing,mosaic-finance.com,7,unattributed,,false,false,false,false,false,,none,,,filing,filing,true,false,false,1,false
20261007T053834316316Z-codex.both.MP13.r1-a1,both,multi_period,MP13,1,1,fact,Uber’s quarterly overall Gross Bookings use the rounded figures stated in each quarter’s MD&A.,Uber,,,,1,filing,filing,false,false,true,false,false,,none,,,filing,filing,true,false,false,1,false
20261007T053834316316Z-codex.both.MP13.r1-a1,both,multi_period,MP13,1,2,fact,Uber’s quarterly overall Gross Bookings for Q1 2024 (March 31): 37.7 US$ billions; 10-Q filed 2024-05-08.,Uber; Q1 2024; March 31; 37.7; 2024-05-08,S1,filing,mosaic-finance.com,4,filing,filing,false,false,true,false,false,,none,,,filing,filing,true,false,false,1,false
20261007T053834316316Z-codex.both.MP13.r1-a1,both,multi_period,MP13,1,3,fact,Uber’s quarterly overall Gross Bookings for Q2 2024 (June 30): 40.0 US$ billions; 10-Q filed 2024-08-06.,Uber; Q2 2024; June 30; 40.0; 2024-08-06,S2,filing,mosaic-finance.com,4,filing,filing,false,false,true,false,false,,none,,,filing,filing,true,false,false,1,false
20261007T053834316316Z-codex.both.MP13.r1-a1,both,multi_period,MP13,1,4,fact,Uber’s quarterly overall Gross Bookings for Q3 2024 (September 30): 41.0 US$ billions; 10-Q filed 2024-10-31.,Uber; Q3 2024; September 30; 41.0; 2024-10-31,S3,filing,mosaic-finance.com,5,filing,filing,false,false,true,false,false,,none,,,filing,filing,true,false,false,2,false
20261007T053834316316Z-codex.both.MP13.r1-a1,both,multi_period,MP13,1,5,fact,Uber’s quarterly overall Gross Bookings for Q1 2025 (March 31): 42.8 US$ billions; 10-Q filed 2025-05-07.,Uber; Q1 2025; March 31; 42.8; 2025-05-07,S4,filing,mosaic-finance.com,4,filing,filing,false,false,true,false,false,,none,,,filing,filing,true,false,false,1,false
20261007T053834316316Z-codex.both.MP13.r1-a1,both,multi_period,MP13,1,6,fact,Uber’s quarterly overall Gross Bookings for Q2 2025 (June 30): 46.8 US$ billions; 10-Q filed 2025-08-06.,Uber; Q2 2025; June 30; 46.8; 2025-08-06,S5,filing,mosaic-finance.com,4,filing,filing,false,false,true,false,false,,none,,,filing,filing,true,false,false,1,false
20261007T053834316316Z-codex.both.MP13.r1-a1,both,multi_period,MP13,1,7,fact,Uber’s quarterly overall Gross Bookings for Q3 2025 (September 30): 49.7 US$ billions; 10-Q filed 2025-11-04.,Uber; Q3 2025; September 30; 49.7; 2025-11-04,S6,filing,mosaic-finance.com,5,filing,filing,false,false,true,false,false,,none,,,filing,filing,true,false,false,2,false
20261007T053834316316Z-codex.both.MP13.r1-a1,both,multi_period,MP13,1,8,fact,Uber’s quarterly overall Gross Bookings for Q1 2026 (March 31): 53.7 US$ billions; 10-Q filed 2026-05-06.,Uber; Q1 2026; March 31; 53.7; 2026-05-06,S7,filing,mosaic-finance.com,4,filing,filing,false,false,true,false,false,,none,,,filing,filing,true,false,false,1,false
20261007T053834316316Z-codex.both.MP13.r1-a1,both,multi_period,MP13,1,9,fact,Uber’s quarterly overall Gross Bookings for Q2 2026 (June 30): 58.0 US$ billions; 10-Q filed 2026-08-05.,Uber; Q2 2026; June 30; 58.0; 2026-08-05,S8,filing,mosaic-finance.com,4,filing,filing,false,false,true,false,false,,none,,,filing,filing,true,false,false,1,false
20261007T053923399749Z-codex.web.MP14.r1-a1,web,multi_period,MP14,1,1,fact,All figures are approximate annual growth rates stated in each year’s Form 10-K MD&A.,Form 10-K,,,,1,filing,filing,false,false,true,false,false,,none,,,filing,filing,true,false,false,1,false
20261007T053923399749Z-codex.web.MP14.r1-a1,web,multi_period,MP14,1,2,fact,2019 U.S. da Vinci procedure growth: 17%; 2019 Form 10-K (2020-02-07).,U.S.; da Vinci; 17%; 2019 Form 10-K; 2020-02-07,S1,filing,filing-source,4,secondary,forum,false,false,false,false,false,forum; aggregator,none,,,filing,filing,true,true,false,1,false
20261007T053923399749Z-codex.web.MP14.r1-a1,web,multi_period,MP14,1,3,fact,2020 U.S. da Vinci procedure growth: -1%; 2020 Form 10-K (2021-02-10).,U.S.; da Vinci; -1%; 2020 Form 10-K; 2021-02-10,S2,filing,filing-source,3,secondary,forum,false,false,false,false,false,forum; aggregator,none,,,secondary,forum,false,false,false,3,false
20261007T053923399749Z-codex.web.MP14.r1-a1,web,multi_period,MP14,1,4,fact,2021 U.S. da Vinci procedure growth: 27%; 2021 Form 10-K (2022-02-03).,U.S.; da Vinci; 27%; 2021 Form 10-K; 2022-02-03,S3,filing,filing-source,4,secondary,forum,false,false,false,false,false,forum; aggregator,none,,,filing,filing,true,true,false,1,false
20261007T053923399749Z-codex.web.MP14.r1-a1,web,multi_period,MP14,1,5,fact,2022 U.S. da Vinci procedure growth: 16%; 2022 Form 10-K (2023-02-10).,U.S.; da Vinci; 16%; 2022 Form 10-K; 2023-02-10,S4,filing,filing-source,4,secondary,forum,false,false,false,false,false,forum; aggregator,none,,,filing,filing,true,true,false,1,false
20261007T053923399749Z-codex.web.MP14.r1-a1,web,multi_period,MP14,1,6,fact,2023 U.S. da Vinci procedure growth: 19%; 2023 Form 10-K (2024-01-31).,U.S.; da Vinci; 19%; 2023 Form 10-K; 2024-01-31,S5,filing,filing-source,5,secondary,forum,false,false,false,false,false,forum; aggregator,none,,,filing,filing,true,true,false,2,false
20261007T053923399749Z-codex.web.MP14.r1-a1,web,multi_period,MP14,1,7,fact,2024 U.S. da Vinci procedure growth: 15%; 2024 Form 10-K (2025-01-31).,U.S.; da Vinci; 15%; 2024 Form 10-K; 2025-01-31,S6,filing,filing-source,5,secondary,forum,false,false,false,false,false,forum; aggregator,none,,,filing,filing,true,true,false,2,false
20261007T053923399749Z-codex.web.MP14.r1-a1,web,multi_period,MP14,1,8,fact,2025 U.S. da Vinci procedure growth: 15%; 2025 Form 10-K (2026-02-03).,U.S.; da Vinci; 15%; 2025 Form 10-K; 2026-02-03,S7,filing,filing-source,4,secondary,forum,false,false,false,false,false,forum; aggregator,none,,,filing,filing,true,true,false,1,false
20261007T053931232790Z-codex.archivist.MP14.r1-a1,archivist,multi_period,MP14,1,1,fact,"2019 U.S. da Vinci procedure growth for the year ended December 31 was approximately 17%, as reported in that year’s Form 10-K MD&A; Form 10-K filed 2020-02-07.",U.S.; da Vinci; December 31; 17%; Form 10-K; 2020-02-07,S1,filing,mosaic-finance.com,5,unattributed,,false,false,false,false,false,,none,,,filing,filing,true,false,false,1,false
20261007T053931232790Z-codex.archivist.MP14.r1-a1,archivist,multi_period,MP14,1,2,fact,"2020 U.S. da Vinci procedure growth for the year ended December 31 was approximately -1%, as reported in that year’s Form 10-K MD&A; Form 10-K filed 2021-02-10.",U.S.; da Vinci; December 31; -1%; Form 10-K; 2021-02-10,S2,filing,mosaic-finance.com,4,unattributed,,false,false,false,false,false,,none,,,unattributed,,false,false,false,4,false
20261007T053931232790Z-codex.archivist.MP14.r1-a1,archivist,multi_period,MP14,1,3,fact,"2021 U.S. da Vinci procedure growth for the year ended December 31 was approximately 27%, as reported in that year’s Form 10-K MD&A; Form 10-K filed 2022-02-03.",U.S.; da Vinci; December 31; 27%; Form 10-K; 2022-02-03,S3,filing,mosaic-finance.com,5,unattributed,,false,false,false,false,false,,none,,,filing,filing,true,false,false,1,false
20261007T053931232790Z-codex.archivist.MP14.r1-a1,archivist,multi_period,MP14,1,4,fact,"2022 U.S. da Vinci procedure growth for the year ended December 31 was approximately 16%, as reported in that year’s Form 10-K MD&A; Form 10-K filed 2023-02-10.",U.S.; da Vinci; December 31; 16%; Form 10-K; 2023-02-10,S4,filing,mosaic-finance.com,5,unattributed,,false,false,false,false,false,,none,,,filing,filing,true,false,false,1,false
20261007T053931232790Z-codex.archivist.MP14.r1-a1,archivist,multi_period,MP14,1,5,fact,"2023 U.S. da Vinci procedure growth for the year ended December 31 was approximately 19%, as reported in that year’s Form 10-K MD&A; Form 10-K filed 2024-01-31.",U.S.; da Vinci; December 31; 19%; Form 10-K; 2024-01-31,S5,filing,mosaic-finance.com,6,unattributed,,false,false,false,false,false,,none,,,filing,filing,true,false,false,2,false
20261007T053931232790Z-codex.archivist.MP14.r1-a1,archivist,multi_period,MP14,1,6,fact,"2024 U.S. da Vinci procedure growth for the year ended December 31 was approximately 15%, as reported in that year’s Form 10-K MD&A; Form 10-K filed 2025-01-31.",U.S.; da Vinci; December 31; 15%; Form 10-K; 2025-01-31,S6,filing,mosaic-finance.com,6,unattributed,,false,false,false,false,false,,none,,,filing,filing,true,false,false,2,false
20261007T053931232790Z-codex.archivist.MP14.r1-a1,archivist,multi_period,MP14,1,7,fact,"2025 U.S. da Vinci procedure growth for the year ended December 31 was approximately 15%, as reported in that year’s Form 10-K MD&A; Form 10-K filed 2026-02-03.",U.S.; da Vinci; December 31; 15%; Form 10-K; 2026-02-03,S7,filing,mosaic-finance.com,5,unattributed,,false,false,false,false,false,,none,,,filing,filing,true,false,false,1,false
20261007T053949677894Z-codex.both.MP14.r1-a1,both,multi_period,MP14,1,1,fact,All figures are the approximate annual U.S. da Vinci procedure growth reported in each year’s Form 10-K MD&A.,U.S.; da Vinci; Form 10-K MD&A,,,,3,secondary,issuer,false,false,false,false,false,issuer; forum; aggregator; reference,none,,,secondary,issuer,false,false,false,3,false
20261007T053949677894Z-codex.both.MP14.r1-a1,both,multi_period,MP14,1,2,fact,2019 U.S. da Vinci procedure growth: 17%; source: Form 10-K filed 2020-02-07.,U.S.; da Vinci; 17%; Form 10-K; 2020-02-07,S1,filing,filing-source,4,filing,filing,false,false,true,true,false,issuer; forum; aggregator; reference,none,,,filing,filing,true,true,false,1,false
20261007T053949677894Z-codex.both.MP14.r1-a1,both,multi_period,MP14,1,3,fact,2020 U.S. da Vinci procedure growth: -1%; source: Form 10-K filed 2021-02-10.,U.S.; da Vinci; -1%; Form 10-K; 2021-02-10,S2,filing,filing-source,3,filing,filing,false,false,true,true,false,issuer; forum; aggregator; reference,none,,,filing,filing,true,true,false,3,false
20261007T053949677894Z-codex.both.MP14.r1-a1,both,multi_period,MP14,1,4,fact,2021 U.S. da Vinci procedure growth: 27%; source: Form 10-K filed 2022-02-03.,U.S.; da Vinci; 27%; Form 10-K; 2022-02-03,S3,filing,filing-source,4,filing,filing,false,false,true,true,false,issuer; forum; aggregator; reference,none,,,filing,filing,true,true,false,1,false
20261007T053949677894Z-codex.both.MP14.r1-a1,both,multi_period,MP14,1,5,fact,2022 U.S. da Vinci procedure growth: 16%; source: Form 10-K filed 2023-02-10.,U.S.; da Vinci; 16%; Form 10-K; 2023-02-10,S4,issuer,isrg.intuitive.com,4,filing,filing,false,true,true,true,false,issuer; forum; aggregator; reference,none,,,filing,filing,true,true,false,1,false
20261007T053949677894Z-codex.both.MP14.r1-a1,both,multi_period,MP14,1,6,fact,2023 U.S. da Vinci procedure growth: 19%; source: Form 10-K filed 2024-01-31.,U.S.; da Vinci; 19%; Form 10-K; 2024-01-31,S5,filing,filing-source,5,filing,filing,false,false,true,true,false,issuer; forum; aggregator; reference,none,,,filing,filing,true,true,false,2,false
20261007T053949677894Z-codex.both.MP14.r1-a1,both,multi_period,MP14,1,7,fact,2024 U.S. da Vinci procedure growth: 15%; source: Form 10-K filed 2025-01-31.,U.S.; da Vinci; 15%; Form 10-K; 2025-01-31,S6,issuer,isrg.intuitive.com,5,filing,filing,false,true,true,true,false,issuer; forum; aggregator; reference,none,,,filing,filing,true,true,false,2,false
20261007T053949677894Z-codex.both.MP14.r1-a1,both,multi_period,MP14,1,8,fact,2025 U.S. da Vinci procedure growth: 15%; source: Form 10-K filed 2026-02-03.,U.S.; da Vinci; 15%; Form 10-K; 2026-02-03,S7,filing,filing-source,4,filing,filing,false,false,true,true,false,issuer; forum; aggregator; reference,none,,,filing,filing,true,true,false,1,false
20261007T054015416854Z-codex.web.MP15.r1-a1,web,multi_period,MP15,1,1,fact,"Gemini is mentioned in the fiscal 2023–2025 10-Ks, but not in fiscal 2020–2022.",Gemini; 2023–2025; 2020–2022,,,,1,filing,filing,false,false,true,true,false,forum; reference,none,,,filing,filing,true,true,false,1,false
20261007T054015416854Z-codex.web.MP15.r1-a1,web,multi_period,MP15,1,2,fact,2020 Form 10-K: filing date 2021-02-03; mentions Gemini: No.,2020 Form 10-K; 2021-02-03; Gemini,S1,filing,filing-source,2,secondary,issuer,false,false,false,true,false,issuer; forum; reference,none,,,secondary,issuer,false,true,false,2,false
20261007T054015416854Z-codex.web.MP15.r1-a1,web,multi_period,MP15,1,3,fact,2021 Form 10-K: filing date 2022-02-02; mentions Gemini: No.,2021 Form 10-K; 2022-02-02; Gemini,S2,filing,filing-source,2,secondary,forum,false,false,false,false,false,forum; reference,none,,,secondary,forum,false,false,false,2,false
20261007T054015416854Z-codex.web.MP15.r1-a1,web,multi_period,MP15,1,4,fact,2022 Form 10-K: filing date 2023-02-03; mentions Gemini: No.,2022 Form 10-K; 2023-02-03; Gemini,S3,filing,filing-source,2,secondary,forum,false,false,false,false,false,forum; reference,none,,,secondary,forum,false,false,false,2,false
20261007T054015416854Z-codex.web.MP15.r1-a1,web,multi_period,MP15,1,5,fact,2023 Form 10-K: filing date 2024-01-31; mentions Gemini: Yes.,2023 Form 10-K; 2024-01-31; Gemini,S4,filing,filing-source,3,secondary,issuer,false,false,false,false,false,issuer; forum; aggregator; reference,none,,,filing,filing,true,true,false,1,false
20261007T054015416854Z-codex.web.MP15.r1-a1,web,multi_period,MP15,1,6,fact,2023 Form 10-K discusses Gemini’s December 2023 launch.,2023 Form 10-K; Gemini; December 2023,S4,filing,filing-source,3,secondary,forum,false,false,false,false,false,forum; reference,none,,,secondary,forum,false,false,false,3,false
20261007T054015416854Z-codex.web.MP15.r1-a1,web,multi_period,MP15,1,7,fact,2024 Form 10-K: filing date 2025-02-05; mentions Gemini: Yes.,2024 Form 10-K; 2025-02-05; Gemini,S5,filing,filing-source,2,secondary,forum,false,false,false,false,false,forum; reference,none,,,secondary,forum,false,false,false,2,false
20261007T054015416854Z-codex.web.MP15.r1-a1,web,multi_period,MP15,1,8,fact,2024 Form 10-K discusses Gemini and Gemini 2.0.,2024 Form 10-K; Gemini; Gemini 2.0,S5,filing,filing-source,3,secondary,forum,false,false,false,false,false,forum; reference,none,,,secondary,forum,false,false,false,3,false
20261007T054015416854Z-codex.web.MP15.r1-a1,web,multi_period,MP15,1,9,fact,2025 Form 10-K: filing date 2026-02-05; mentions Gemini: Yes.,2025 Form 10-K; 2026-02-05; Gemini,S6,filing,filing-source,2,secondary,forum,false,false,false,false,false,forum; reference,none,,,secondary,forum,false,false,false,2,false
20261007T054015416854Z-codex.web.MP15.r1-a1,web,multi_period,MP15,1,10,fact,2025 Form 10-K discusses Gemini 3.,2025 Form 10-K; Gemini 3,S6,filing,filing-source,2,unattributed,,false,false,false,false,false,,none,,,unattributed,,false,false,false,2,false
20261007T054015416854Z-codex.web.MP15.r1-a1,web,multi_period,MP15,1,11,fact,I searched each filing’s text for “Gemini”; the 2020–2022 filings returned no matches.,Gemini; 2020–2022,,,,1,filing,filing,false,false,true,true,false,forum; reference,none,,,filing,filing,true,true,false,1,false
20261007T054034276844Z-codex.archivist.MP15.r1-a1,archivist,multi_period,MP15,1,1,fact,"Fiscal year 2020, 10-K filed 2021-02-03: No, does not mention Gemini.",2021-02-03; Gemini,S1,filing,mosaic-finance.com,1,filing,filing,false,false,true,false,false,,none,,,filing,filing,true,false,false,1,false
20261007T054034276844Z-codex.archivist.MP15.r1-a1,archivist,multi_period,MP15,1,2,fact,"Fiscal year 2021, 10-K filed 2022-02-02: No, does not mention Gemini.",2022-02-02; Gemini,S2,filing,mosaic-finance.com,1,filing,filing,false,false,true,false,false,,none,,,filing,filing,true,false,false,1,false
20261007T054034276844Z-codex.archivist.MP15.r1-a1,archivist,multi_period,MP15,1,3,fact,"Fiscal year 2022, 10-K filed 2023-02-03: No, does not mention Gemini.",2023-02-03; Gemini,S3,filing,mosaic-finance.com,1,filing,filing,false,false,true,false,false,,none,,,filing,filing,true,false,false,1,false
20261007T054034276844Z-codex.archivist.MP15.r1-a1,archivist,multi_period,MP15,1,4,fact,"Fiscal year 2023, 10-K filed 2024-01-31: Yes, mentions Gemini.",2024-01-31; Gemini,S4,filing,mosaic-finance.com,2,filing,filing,false,false,true,false,false,,none,,,filing,filing,true,false,false,1,false
20261007T054034276844Z-codex.archivist.MP15.r1-a1,archivist,multi_period,MP15,1,5,fact,"In December 2023, we launched Gemini.",December 2023; Gemini,S4,filing,mosaic-finance.com,2,filing,filing,false,false,true,false,false,,none,,,filing,filing,true,false,false,2,false
20261007T054034276844Z-codex.archivist.MP15.r1-a1,archivist,multi_period,MP15,1,6,fact,"Fiscal year 2024, 10-K filed 2025-02-05: Yes, discusses Gemini and Gemini 2.0.",2025-02-05; Gemini; Gemini 2.0,S5,filing,mosaic-finance.com,2,filing,filing,false,false,true,false,false,,none,,,filing,filing,true,false,false,2,false
20261007T054034276844Z-codex.archivist.MP15.r1-a1,archivist,multi_period,MP15,1,7,fact,"Fiscal year 2025, 10-K filed 2026-02-05: Yes, mentions Gemini 3.",2026-02-05; Gemini 3,S6,filing,mosaic-finance.com,1,filing,filing,false,false,true,false,false,,none,,,filing,filing,true,false,false,1,false
20261007T054034276844Z-codex.archivist.MP15.r1-a1,archivist,multi_period,MP15,1,8,evaluative,Calls Gemini 3 “our most intelligent AI model yet”.,,S6,filing,mosaic-finance.com,,,,,,,,,,filer,our most intelligent AI model yet,false,,,,,,,
20261007T054034276844Z-codex.archivist.MP15.r1-a1,archivist,multi_period,MP15,1,9,fact,The “No” results reflect zero matches for “Gemini” in each respective filing.,zero; Gemini,,,,2,unattributed,,false,false,false,false,false,,none,,,unattributed,,false,false,false,2,false
20261007T054049510591Z-codex.both.MP15.r1-a1,both,multi_period,MP15,1,1,fact,"The 2020 Form 10-K, filed 2021-02-03, does not mention Gemini.",2020 Form 10-K; 2021-02-03; Gemini,S1,filing,mosaic-finance.com,2,unattributed,,false,false,false,false,false,,none,,,unattributed,,false,false,false,2,false
20261007T054049510591Z-codex.both.MP15.r1-a1,both,multi_period,MP15,1,2,fact,"The 2021 Form 10-K, filed 2022-02-02, does not mention Gemini.",2021 Form 10-K; 2022-02-02; Gemini,S2,filing,filing-source,2,unattributed,,false,false,false,false,false,,none,,,unattributed,,false,false,false,2,false
20261007T054049510591Z-codex.both.MP15.r1-a1,both,multi_period,MP15,1,3,fact,"The 2022 Form 10-K, filed 2023-02-03, does not mention Gemini.",2022 Form 10-K; 2023-02-03; Gemini,S3,filing,mosaic-finance.com,2,unattributed,,false,false,false,false,false,,none,,,unattributed,,false,false,false,2,false
20261007T054049510591Z-codex.both.MP15.r1-a1,both,multi_period,MP15,1,4,fact,"The fiscal 2023 10-K, filed 2024-01-31, mentions Gemini’s December 2023 launch in Item 1.",10-K; 2024-01-31; Gemini; December 2023; Item 1,S4,filing,filing-source,4,filing,filing,false,false,true,false,false,issuer; forum; aggregator,none,,,filing,filing,true,true,true,1,false
20261007T054049510591Z-codex.both.MP15.r1-a1,both,multi_period,MP15,1,5,fact,"The fiscal 2024 10-K, filed 2025-02-05, mentions Gemini 2.0 in Item 1.",10-K; 2025-02-05; Gemini 2.0; Item 1,S5,filing,mosaic-finance.com,2,filing,filing,false,false,true,false,false,issuer,none,,,filing,filing,true,false,false,2,false
20261007T054049510591Z-codex.both.MP15.r1-a1,both,multi_period,MP15,1,6,fact,"The fiscal 2025 10-K, filed 2026-02-05, mentions Gemini 3 in Item 1.",10-K; 2026-02-05; Gemini 3; Item 1,S6,filing,mosaic-finance.com,2,filing,filing,false,false,true,false,false,issuer,none,,,filing,filing,true,false,false,2,false
20261007T054049510591Z-codex.both.MP15.r1-a1,both,multi_period,MP15,1,7,fact,“No” indicates that a text search of the filing found no occurrence of “Gemini.”,Gemini,,,,1,filing,filing,false,false,true,false,false,,none,,,filing,filing,true,false,false,1,false
20261007T054133169594Z-codex.web.MP11.r2-a1,web,multi_period,MP11,2,1,fact,"JPM’s Standardized CET1 capital ratio at September 30, 2024 was 15.3%, as stated in the Executive Overview of Q3 2024 Form 10-Q, p. 5 (2024-10-30).","JPM; September 30, 2024; 15.3%; Executive Overview; Q3 2024 Form 10-Q; p. 5; 2024-10-30",S1,issuer,jpmorganchase.com,6,secondary,issuer,false,true,false,false,false,issuer; forum; aggregator; reference; other,none,,,secondary,issuer,false,true,false,1,false
20261007T054133169594Z-codex.web.MP11.r2-a1,web,multi_period,MP11,2,2,fact,"JPM’s Standardized CET1 capital ratio at December 31, 2024 was 15.7%, as stated in the Executive Overview of 2024 Form 10-K, p. 54 (2025-02-14).","JPM; December 31, 2024; 15.7%; Executive Overview; 2024 Form 10-K; p. 54; 2025-02-14",S2,issuer,jpmorganchase.com,7,secondary,issuer,false,true,false,false,false,issuer; forum; aggregator; reference; other,none,,,secondary,issuer,false,true,false,2,false
20261007T054133169594Z-codex.web.MP11.r2-a1,web,multi_period,MP11,2,3,fact,"JPM’s Standardized CET1 capital ratio at March 31, 2025 was 15.4%, as stated in the Executive Overview of Q1 2025 Form 10-Q, p. 5 (2025-05-01).","JPM; March 31, 2025; 15.4%; Executive Overview; Q1 2025 Form 10-Q; p. 5; 2025-05-01",S3,issuer,jpmorganchase.com,6,secondary,issuer,false,true,false,false,false,issuer; forum; aggregator; reference; other,none,,,secondary,issuer,false,true,false,1,false
20261007T054133169594Z-codex.web.MP11.r2-a1,web,multi_period,MP11,2,4,fact,"JPM’s Standardized CET1 capital ratio at June 30, 2025 was 15.1%, as stated in the Executive Overview of Q2 2025 Form 10-Q, p. 5 (2025-08-05).","JPM; June 30, 2025; 15.1%; Executive Overview; Q2 2025 Form 10-Q; p. 5; 2025-08-05",S4,issuer,jpmorganchase.com,6,secondary,issuer,false,true,false,false,false,issuer; forum; aggregator; reference; other,none,,,secondary,issuer,false,true,false,1,false
20261007T054133169594Z-codex.web.MP11.r2-a1,web,multi_period,MP11,2,5,fact,"JPM’s Standardized CET1 capital ratio at September 30, 2025 was 14.8%, as stated in the Executive Overview of Q3 2025 Form 10-Q, p. 5 (2025-11-04).","JPM; September 30, 2025; 14.8%; Executive Overview; Q3 2025 Form 10-Q; p. 5; 2025-11-04",S5,issuer,jpmorganchase.com,7,secondary,issuer,false,true,false,false,false,issuer; forum; aggregator; reference; other,none,,,secondary,issuer,false,true,false,2,false
20261007T054133169594Z-codex.web.MP11.r2-a1,web,multi_period,MP11,2,6,fact,"JPM’s Standardized CET1 capital ratio at December 31, 2025 was 14.6%, as stated in the Executive Overview of 2025 Form 10-K, p. 47 (2026-02-13).","JPM; December 31, 2025; 14.6%; Executive Overview; 2025 Form 10-K; p. 47; 2026-02-13",S6,issuer,jpmorganchase.com,7,secondary,issuer,false,true,false,false,false,issuer; forum; aggregator; reference; other,none,,,secondary,issuer,false,true,false,2,false
20261007T054133169594Z-codex.web.MP11.r2-a1,web,multi_period,MP11,2,7,fact,"JPM’s Standardized CET1 capital ratio at March 31, 2026 was 14.3%, as stated in the Executive Overview of Q1 2026 Form 10-Q, p. 5 (2026-05-01).","JPM; March 31, 2026; 14.3%; Executive Overview; Q1 2026 Form 10-Q; p. 5; 2026-05-01",S7,issuer,jpmorganchase.com,6,secondary,issuer,false,true,false,false,false,issuer; forum; aggregator; reference; other,none,,,secondary,issuer,false,true,false,1,false
20261007T054133169594Z-codex.web.MP11.r2-a1,web,multi_period,MP11,2,8,fact,"JPM’s Standardized CET1 capital ratio at June 30, 2026 was 14.2%, as stated in the Executive Overview of Q2 2026 Form 10-Q, p. 5 (2026-08-06).","JPM; June 30, 2026; 14.2%; Executive Overview; Q2 2026 Form 10-Q; p. 5; 2026-08-06",S8,issuer,jpmorganchase.com,6,secondary,issuer,false,true,false,false,false,issuer; forum; aggregator; reference; other,none,,,secondary,issuer,false,true,false,1,false
20261007T054133536221Z-codex.archivist.MP11.r2-a1,archivist,multi_period,MP11,2,1,fact,"JPMorgan Chase’s Standardized CET1 capital ratios, from each period’s Executive Overview: September 30, 2024 | 15.3% | Q3 2024 Form 10-Q (2024-10-30).","JPMorgan Chase; Executive Overview; September 30, 2024; 15.3%; Q3 2024 Form 10-Q; 2024-10-30",S1,filing,mosaic-finance.com,5,unattributed,,false,false,false,false,false,,none,,,filing,filing,true,false,false,1,false
20261007T054133536221Z-codex.archivist.MP11.r2-a1,archivist,multi_period,MP11,2,2,fact,"JPMorgan Chase’s Standardized CET1 capital ratios, from each period’s Executive Overview: December 31, 2024 | 15.7% | 2024 Form 10-K (2025-02-14).","JPMorgan Chase; Executive Overview; December 31, 2024; 15.7%; 2024 Form 10-K; 2025-02-14",S2,filing,mosaic-finance.com,6,filing,filing,false,false,true,false,false,,none,,,filing,filing,true,false,false,2,false
20261007T054133536221Z-codex.archivist.MP11.r2-a1,archivist,multi_period,MP11,2,3,fact,"JPMorgan Chase’s Standardized CET1 capital ratios, from each period’s Executive Overview: March 31, 2025 | 15.4% | Q1 2025 Form 10-Q (2025-05-01).","JPMorgan Chase; Executive Overview; March 31, 2025; 15.4%; Q1 2025 Form 10-Q; 2025-05-01",S3,filing,mosaic-finance.com,5,unattributed,,false,false,false,false,false,,none,,,filing,filing,true,false,false,1,false
20261007T054133536221Z-codex.archivist.MP11.r2-a1,archivist,multi_period,MP11,2,4,fact,"JPMorgan Chase’s Standardized CET1 capital ratios, from each period’s Executive Overview: June 30, 2025 | 15.1% | Q2 2025 Form 10-Q (2025-08-05).","JPMorgan Chase; Executive Overview; June 30, 2025; 15.1%; Q2 2025 Form 10-Q; 2025-08-05",S4,filing,mosaic-finance.com,5,unattributed,,false,false,false,false,false,,none,,,filing,filing,true,false,false,1,false
20261007T054133536221Z-codex.archivist.MP11.r2-a1,archivist,multi_period,MP11,2,5,fact,"JPMorgan Chase’s Standardized CET1 capital ratios, from each period’s Executive Overview: September 30, 2025 | 14.8% | Q3 2025 Form 10-Q (2025-11-04).","JPMorgan Chase; Executive Overview; September 30, 2025; 14.8%; Q3 2025 Form 10-Q; 2025-11-04",S5,filing,mosaic-finance.com,6,unattributed,,false,false,false,false,false,,none,,,filing,filing,true,false,false,2,false
20261007T054133536221Z-codex.archivist.MP11.r2-a1,archivist,multi_period,MP11,2,6,fact,"JPMorgan Chase’s Standardized CET1 capital ratios, from each period’s Executive Overview: December 31, 2025 | 14.6% | 2025 Form 10-K (2026-02-13).","JPMorgan Chase; Executive Overview; December 31, 2025; 14.6%; 2025 Form 10-K; 2026-02-13",S6,filing,mosaic-finance.com,6,filing,filing,false,false,true,false,false,,none,,,filing,filing,true,false,false,2,false
20261007T054133536221Z-codex.archivist.MP11.r2-a1,archivist,multi_period,MP11,2,7,fact,"JPMorgan Chase’s Standardized CET1 capital ratios, from each period’s Executive Overview: March 31, 2026 | 14.3% | Q1 2026 Form 10-Q (2026-05-01).","JPMorgan Chase; Executive Overview; March 31, 2026; 14.3%; Q1 2026 Form 10-Q; 2026-05-01",S7,filing,mosaic-finance.com,5,unattributed,,false,false,false,false,false,,none,,,filing,filing,true,false,false,1,false
20261007T054133536221Z-codex.archivist.MP11.r2-a1,archivist,multi_period,MP11,2,8,fact,"JPMorgan Chase’s Standardized CET1 capital ratios, from each period’s Executive Overview: June 30, 2026 | 14.2% | Q2 2026 Form 10-Q (2026-08-06).","JPMorgan Chase; Executive Overview; June 30, 2026; 14.2%; Q2 2026 Form 10-Q; 2026-08-06",S8,filing,mosaic-finance.com,5,unattributed,,false,false,false,false,false,,none,,,filing,filing,true,false,false,1,false
20261007T054225494505Z-codex.both.MP11.r2-a1,both,multi_period,MP11,2,1,fact,"JPM’s Standardized CET1 capital ratios, from each period’s executive overview: September 30, 2024 | 15.3% | Q3 2024 Form 10-Q (2024-10-30).","JPM; September 30, 2024; 15.3%; Q3 2024 Form 10-Q; 2024-10-30",S1,filing,mosaic-finance.com,4,unattributed,,false,false,false,false,false,,none,,,filing,filing,true,false,false,1,false
20261007T054225494505Z-codex.both.MP11.r2-a1,both,multi_period,MP11,2,2,fact,"JPM’s Standardized CET1 capital ratios, from each period’s executive overview: December 31, 2024 | 15.7% | 2024 Form 10-K (2025-02-14).","JPM; December 31, 2024; 15.7%; 2024 Form 10-K; 2025-02-14",S2,filing,mosaic-finance.com,5,filing,filing,false,false,true,false,false,,none,,,filing,filing,true,false,false,2,false
20261007T054225494505Z-codex.both.MP11.r2-a1,both,multi_period,MP11,2,3,fact,"JPM’s Standardized CET1 capital ratios, from each period’s executive overview: March 31, 2025 | 15.4% | Q1 2025 Form 10-Q (2025-05-01).","JPM; March 31, 2025; 15.4%; Q1 2025 Form 10-Q; 2025-05-01",S3,filing,mosaic-finance.com,4,unattributed,,false,false,false,false,false,,none,,,filing,filing,true,false,false,1,false
20261007T054225494505Z-codex.both.MP11.r2-a1,both,multi_period,MP11,2,4,fact,"JPM’s Standardized CET1 capital ratios, from each period’s executive overview: June 30, 2025 | 15.1% | Q2 2025 Form 10-Q (2025-08-05).","JPM; June 30, 2025; 15.1%; Q2 2025 Form 10-Q; 2025-08-05",S4,filing,mosaic-finance.com,4,unattributed,,false,false,false,false,false,,none,,,filing,filing,true,false,false,1,false
20261007T054225494505Z-codex.both.MP11.r2-a1,both,multi_period,MP11,2,5,fact,"JPM’s Standardized CET1 capital ratios, from each period’s executive overview: September 30, 2025 | 14.8% | Q3 2025 Form 10-Q (2025-11-04).","JPM; September 30, 2025; 14.8%; Q3 2025 Form 10-Q; 2025-11-04",S5,filing,mosaic-finance.com,5,unattributed,,false,false,false,false,false,,none,,,filing,filing,true,false,false,2,false
20261007T054225494505Z-codex.both.MP11.r2-a1,both,multi_period,MP11,2,6,fact,"JPM’s Standardized CET1 capital ratios, from each period’s executive overview: December 31, 2025 | 14.6% | 2025 Form 10-K (2026-02-13).","JPM; December 31, 2025; 14.6%; 2025 Form 10-K; 2026-02-13",S6,filing,mosaic-finance.com,5,filing,filing,false,false,true,false,false,,none,,,filing,filing,true,false,false,2,false
20261007T054225494505Z-codex.both.MP11.r2-a1,both,multi_period,MP11,2,7,fact,"JPM’s Standardized CET1 capital ratios, from each period’s executive overview: March 31, 2026 | 14.3% | Q1 2026 Form 10-Q (2026-05-01).","JPM; March 31, 2026; 14.3%; Q1 2026 Form 10-Q; 2026-05-01",S7,filing,mosaic-finance.com,4,unattributed,,false,false,false,false,false,,none,,,filing,filing,true,false,false,1,false
20261007T054225494505Z-codex.both.MP11.r2-a1,both,multi_period,MP11,2,8,fact,"JPM’s Standardized CET1 capital ratios, from each period’s executive overview: June 30, 2026 | 14.2% | Q2 2026 Form 10-Q (2026-08-06).","JPM; June 30, 2026; 14.2%; Q2 2026 Form 10-Q; 2026-08-06",S8,filing,mosaic-finance.com,4,unattributed,,false,false,false,false,false,,none,,,filing,filing,true,false,false,1,false
20261007T054226931167Z-codex.web.MP12.r2-a1,web,multi_period,MP12,2,1,fact,"These are the three-month Walmart U.S. calendar comparable sales growth figures, including fuel, reported in each quarter’s 10-Q MD&A.",Walmart U.S.; 10-Q,,,,2,filing,filing,false,false,true,true,false,issuer; forum; aggregator; news,none,,,filing,filing,true,true,false,2,false
20261007T054226931167Z-codex.web.MP12.r2-a1,web,multi_period,MP12,2,2,fact,"FY2025 Q1: three months ended April 30, 2024; Walmart U.S. comparable sales growth including fuel: 4.9%; 10-Q filed June 7, 2024.","FY2025 Q1; April 30, 2024; Walmart U.S.; 4.9%; 10-Q; June 7, 2024",S1,filing,filing-source,6,secondary,issuer,false,false,false,false,false,issuer; forum; aggregator; news,none,,,filing,filing,true,true,false,1,false
20261007T054226931167Z-codex.web.MP12.r2-a1,web,multi_period,MP12,2,3,fact,"FY2025 Q2: three months ended July 31, 2024; Walmart U.S. comparable sales growth including fuel: 4.2%; 10-Q filed August 30, 2024.","FY2025 Q2; July 31, 2024; Walmart U.S.; 4.2%; 10-Q; August 30, 2024",S2,filing,filing-source,6,secondary,issuer,false,false,false,false,false,issuer; forum; aggregator; news,none,,,filing,filing,true,true,false,1,false
20261007T054226931167Z-codex.web.MP12.r2-a1,web,multi_period,MP12,2,4,fact,"FY2025 Q3: three months ended October 31, 2024; Walmart U.S. comparable sales growth including fuel: 5.1%; 10-Q filed December 6, 2024.","FY2025 Q3; October 31, 2024; Walmart U.S.; 5.1%; 10-Q; December 6, 2024",S3,filing,filing-source,6,secondary,issuer,false,false,false,false,false,issuer; forum; aggregator; news,none,,,filing,filing,true,true,false,1,false
20261007T054226931167Z-codex.web.MP12.r2-a1,web,multi_period,MP12,2,5,fact,"FY2026 Q1: three months ended April 30, 2025; Walmart U.S. comparable sales growth including fuel: 3.1%; 10-Q filed June 6, 2025.","FY2026 Q1; April 30, 2025; Walmart U.S.; 3.1%; 10-Q; June 6, 2025",S4,filing,filing-source,6,secondary,issuer,false,false,false,false,false,issuer; forum; aggregator; news,none,,,filing,filing,true,true,false,1,false
20261007T054226931167Z-codex.web.MP12.r2-a1,web,multi_period,MP12,2,6,fact,"FY2026 Q2: three months ended July 31, 2025; Walmart U.S. comparable sales growth including fuel: 4.7%; 10-Q filed August 29, 2025.","FY2026 Q2; July 31, 2025; Walmart U.S.; 4.7%; 10-Q; August 29, 2025",S5,issuer,stock.walmart.com,6,secondary,issuer,false,true,false,false,false,issuer; forum; aggregator; news,none,,,filing,filing,true,true,false,1,false
20261007T054226931167Z-codex.web.MP12.r2-a1,web,multi_period,MP12,2,7,fact,"FY2026 Q3: three months ended October 31, 2025; Walmart U.S. comparable sales growth including fuel: 4.8%; 10-Q filed December 3, 2025.","FY2026 Q3; October 31, 2025; Walmart U.S.; 4.8%; 10-Q; December 3, 2025",S6,filing,filing-source,6,secondary,issuer,false,false,false,false,false,issuer; forum; aggregator; news,none,,,filing,filing,true,true,false,1,false
20261007T054226931167Z-codex.web.MP12.r2-a1,web,multi_period,MP12,2,8,fact,"FY2027 Q1: three months ended April 30, 2026; Walmart U.S. comparable sales growth including fuel: 4.3%; 10-Q filed May 29, 2026.","FY2027 Q1; April 30, 2026; Walmart U.S.; 4.3%; 10-Q; May 29, 2026",S7,issuer,stock.walmart.com,6,secondary,issuer,false,true,false,false,false,issuer; forum; aggregator; news,none,,,filing,filing,true,true,false,1,false
20261007T054226931167Z-codex.web.MP12.r2-a1,web,multi_period,MP12,2,9,fact,"FY2027 Q2: three months ended July 31, 2026; Walmart U.S. comparable sales growth including fuel: 3.3%; 10-Q filed August 28, 2026.","FY2027 Q2; July 31, 2026; Walmart U.S.; 3.3%; 10-Q; August 28, 2026",S8,issuer,stock.walmart.com,6,secondary,issuer,false,true,false,false,false,issuer; forum; aggregator; news,none,,,filing,filing,true,true,false,1,false
20261007T054254560705Z-codex.archivist.MP12.r2-a1,archivist,multi_period,MP12,2,1,fact,"Walmart U.S. three-month comparable sales growth, using the fiscal-calendar measure reported in each quarter’s 10-Q MD&A (including fuel).",Walmart U.S.; three-month; 10-Q,,,,3,unattributed,,false,false,false,false,false,,none,,,unattributed,,false,false,false,3,false
20261007T054254560705Z-codex.archivist.MP12.r2-a1,archivist,multi_period,MP12,2,2,fact,"Walmart U.S. three-month comparable sales growth: FY2025 Q1, three months ended April 30, 2024, 4.9%; 10-Q filed June 7, 2024.","Walmart U.S.; FY2025 Q1; three months; April 30, 2024; 4.9%; 10-Q; June 7, 2024",S1,filing,mosaic-finance.com,7,unattributed,,false,false,false,false,false,,none,,,filing,filing,true,false,false,1,false
20261007T054254560705Z-codex.archivist.MP12.r2-a1,archivist,multi_period,MP12,2,3,fact,"Walmart U.S. three-month comparable sales growth: FY2025 Q2, three months ended July 31, 2024, 4.2%; 10-Q filed August 30, 2024.","Walmart U.S.; FY2025 Q2; three months; July 31, 2024; 4.2%; 10-Q; August 30, 2024",S2,filing,mosaic-finance.com,7,unattributed,,false,false,false,false,false,,none,,,filing,filing,true,false,false,1,false
20261007T054254560705Z-codex.archivist.MP12.r2-a1,archivist,multi_period,MP12,2,4,fact,"Walmart U.S. three-month comparable sales growth: FY2025 Q3, three months ended October 31, 2024, 5.1%; 10-Q filed December 6, 2024.","Walmart U.S.; FY2025 Q3; three months; October 31, 2024; 5.1%; 10-Q; December 6, 2024",S3,filing,mosaic-finance.com,7,unattributed,,false,false,false,false,false,,none,,,filing,filing,true,false,false,1,false
20261007T054254560705Z-codex.archivist.MP12.r2-a1,archivist,multi_period,MP12,2,5,fact,"Walmart U.S. three-month comparable sales growth: FY2026 Q1, three months ended April 30, 2025, 3.1%; 10-Q filed June 6, 2025.","Walmart U.S.; FY2026 Q1; three months; April 30, 2025; 3.1%; 10-Q; June 6, 2025",S4,filing,mosaic-finance.com,7,unattributed,,false,false,false,false,false,,none,,,filing,filing,true,false,false,1,false
20261007T054254560705Z-codex.archivist.MP12.r2-a1,archivist,multi_period,MP12,2,6,fact,"Walmart U.S. three-month comparable sales growth: FY2026 Q2, three months ended July 31, 2025, 4.7%; 10-Q filed August 29, 2025.","Walmart U.S.; FY2026 Q2; three months; July 31, 2025; 4.7%; 10-Q; August 29, 2025",S5,filing,mosaic-finance.com,7,unattributed,,false,false,false,false,false,,none,,,filing,filing,true,false,false,1,false
20261007T054254560705Z-codex.archivist.MP12.r2-a1,archivist,multi_period,MP12,2,7,fact,"Walmart U.S. three-month comparable sales growth: FY2026 Q3, three months ended October 31, 2025, 4.8%; 10-Q filed December 3, 2025.","Walmart U.S.; FY2026 Q3; three months; October 31, 2025; 4.8%; 10-Q; December 3, 2025",S6,filing,mosaic-finance.com,7,unattributed,,false,false,false,false,false,,none,,,filing,filing,true,false,false,1,false
20261007T054254560705Z-codex.archivist.MP12.r2-a1,archivist,multi_period,MP12,2,8,fact,"Walmart U.S. three-month comparable sales growth: FY2027 Q1, three months ended April 30, 2026, 4.3%; 10-Q filed May 29, 2026.","Walmart U.S.; FY2027 Q1; three months; April 30, 2026; 4.3%; 10-Q; May 29, 2026",S7,filing,mosaic-finance.com,7,unattributed,,false,false,false,false,false,,none,,,filing,filing,true,false,false,1,false
20261007T054254560705Z-codex.archivist.MP12.r2-a1,archivist,multi_period,MP12,2,9,fact,"Walmart U.S. three-month comparable sales growth: FY2027 Q2, three months ended July 31, 2026, 3.3%; 10-Q filed August 28, 2026.","Walmart U.S.; FY2027 Q2; three months; July 31, 2026; 3.3%; 10-Q; August 28, 2026",S8,filing,mosaic-finance.com,7,unattributed,,false,false,false,false,false,,none,,,filing,filing,true,false,false,1,false
20261007T054338895581Z-codex.both.MP12.r2-a1,both,multi_period,MP12,2,1,fact,Walmart U.S. comparable sales growth reported in each quarter’s Form 10-Q MD&A.,Walmart U.S.; Form 10-Q; MD&A,,,,3,secondary,issuer,false,false,false,false,false,issuer; forum; aggregator; news,none,,,secondary,issuer,false,false,false,3,false
20261007T054338895581Z-codex.both.MP12.r2-a1,both,multi_period,MP12,2,2,fact,"Walmart U.S. comparable sales growth for FY2025 Q1, three months ended April 30, 2024, was 4.9%, reported in the 10-Q filed June 7, 2024.","Walmart U.S.; FY2025 Q1; April 30, 2024; 4.9%; 10-Q; June 7, 2024",S1,issuer,stock.walmart.com,6,secondary,issuer,false,true,false,false,false,issuer; forum; aggregator; news,none,,,filing,filing,true,true,false,1,false
20261007T054338895581Z-codex.both.MP12.r2-a1,both,multi_period,MP12,2,3,fact,"Walmart U.S. comparable sales growth for FY2025 Q2, three months ended July 31, 2024, was 4.2%, reported in the 10-Q filed August 30, 2024.","Walmart U.S.; FY2025 Q2; July 31, 2024; 4.2%; 10-Q; August 30, 2024",S2,issuer,stock.walmart.com,6,secondary,issuer,false,true,false,false,false,issuer; forum; aggregator; news,none,,,filing,filing,true,true,false,1,false
20261007T054338895581Z-codex.both.MP12.r2-a1,both,multi_period,MP12,2,4,fact,"Walmart U.S. comparable sales growth for FY2025 Q3, three months ended October 31, 2024, was 5.1%, reported in the 10-Q filed December 6, 2024.","Walmart U.S.; FY2025 Q3; October 31, 2024; 5.1%; 10-Q; December 6, 2024",S3,filing,filing-source,6,secondary,issuer,false,false,false,false,false,issuer; forum; aggregator; news,none,,,filing,filing,true,true,false,1,false
20261007T054338895581Z-codex.both.MP12.r2-a1,both,multi_period,MP12,2,5,fact,"Walmart U.S. comparable sales growth for FY2026 Q1, three months ended April 30, 2025, was 3.1%, reported in the 10-Q filed June 6, 2025.","Walmart U.S.; FY2026 Q1; April 30, 2025; 3.1%; 10-Q; June 6, 2025",S4,filing,filing-source,6,secondary,issuer,false,false,false,false,false,issuer; forum; aggregator; news,none,,,filing,filing,true,true,false,1,false
20261007T054338895581Z-codex.both.MP12.r2-a1,both,multi_period,MP12,2,6,fact,"Walmart U.S. comparable sales growth for FY2026 Q2, three months ended July 31, 2025, was 4.7%, reported in the 10-Q filed August 29, 2025.","Walmart U.S.; FY2026 Q2; July 31, 2025; 4.7%; 10-Q; August 29, 2025",S5,filing,filing-source,6,secondary,issuer,false,false,false,false,false,issuer; forum; aggregator; news,none,,,filing,filing,true,false,false,1,false
20261007T054338895581Z-codex.both.MP12.r2-a1,both,multi_period,MP12,2,7,fact,"Walmart U.S. comparable sales growth for FY2026 Q3, three months ended October 31, 2025, was 4.8%, reported in the 10-Q filed December 3, 2025.","Walmart U.S.; FY2026 Q3; October 31, 2025; 4.8%; 10-Q; December 3, 2025",S6,filing,filing-source,6,secondary,issuer,false,false,false,false,false,issuer; forum; aggregator; news,none,,,filing,filing,true,true,false,1,false
20261007T054338895581Z-codex.both.MP12.r2-a1,both,multi_period,MP12,2,8,fact,"Walmart U.S. comparable sales growth for FY2027 Q1, three months ended April 30, 2026, was 4.3%, reported in the 10-Q filed May 29, 2026.","Walmart U.S.; FY2027 Q1; April 30, 2026; 4.3%; 10-Q; May 29, 2026",S7,issuer,stock.walmart.com,6,secondary,issuer,false,true,false,false,false,issuer; forum; aggregator; news,none,,,filing,filing,true,true,false,1,false
20261007T054338895581Z-codex.both.MP12.r2-a1,both,multi_period,MP12,2,9,fact,"Walmart U.S. comparable sales growth for FY2027 Q2, three months ended July 31, 2026, was 3.3%, reported in the 10-Q filed August 28, 2026.","Walmart U.S.; FY2027 Q2; July 31, 2026; 3.3%; 10-Q; August 28, 2026",S8,filing,filing-source,6,secondary,issuer,false,false,false,false,false,issuer; forum; aggregator; news,none,,,filing,filing,true,true,false,1,false
20261007T054338895581Z-codex.both.MP12.r2-a1,both,multi_period,MP12,2,10,fact,"All figures are for the three-month period, using the MD&A’s calendar comparable sales measure.",three-month; MD&A,,,,2,secondary,news,false,false,false,false,false,news,none,,,secondary,news,false,false,false,2,false
20261007T054344872032Z-codex.web.MP13.r2-a1,web,multi_period,MP13,2,1,fact,"Uber’s overall Gross Bookings, as stated in the MD&A’s quarterly highlights in each quarter’s own Form 10-Q.",Uber; Form 10-Q,,,,2,filing,filing,false,false,true,true,false,issuer; forum; promotional; aggregator; news; reference,none,,,filing,filing,true,true,false,2,false
20261007T054344872032Z-codex.web.MP13.r2-a1,web,multi_period,MP13,2,2,fact,Uber’s Q1 2024 Gross Bookings were 37.7 US$ billions; the 10-Q filing date was 2024-05-08.,Uber; Q1 2024; 37.7; 10-Q; 2024-05-08,S1,filing,filing-source,4,filing,filing,false,false,true,false,false,issuer; forum; promotional; aggregator; news; reference,none,,,filing,filing,true,false,false,1,false
20261007T054344872032Z-codex.web.MP13.r2-a1,web,multi_period,MP13,2,3,fact,Uber’s Q2 2024 Gross Bookings were 40.0 US$ billions; the 10-Q filing date was 2024-08-06.,Uber; Q2 2024; 40.0; 10-Q; 2024-08-06,S2,filing,filing-source,4,secondary,issuer,false,false,false,true,false,issuer; forum; promotional; aggregator; news; reference,none,,,secondary,news,false,true,false,1,false
20261007T054344872032Z-codex.web.MP13.r2-a1,web,multi_period,MP13,2,4,fact,Uber’s Q3 2024 Gross Bookings were 41.0 US$ billions; the 10-Q filing date was 2024-10-31.,Uber; Q3 2024; 41.0; 10-Q; 2024-10-31,S3,filing,filing-source,5,filing,filing,false,false,true,false,false,issuer; forum; promotional; aggregator; news; reference,none,,,filing,filing,true,false,false,2,false
20261007T054344872032Z-codex.web.MP13.r2-a1,web,multi_period,MP13,2,5,fact,Uber’s Q1 2025 Gross Bookings were 42.8 US$ billions; the 10-Q filing date was 2025-05-07.,Uber; Q1 2025; 42.8; 10-Q; 2025-05-07,S4,filing,filing-source,4,filing,filing,false,false,true,false,false,issuer; forum; promotional; aggregator; news; reference,none,,,filing,filing,true,false,false,1,false
20261007T054344872032Z-codex.web.MP13.r2-a1,web,multi_period,MP13,2,6,fact,Uber’s Q2 2025 Gross Bookings were 46.8 US$ billions; the 10-Q filing date was 2025-08-06.,Uber; Q2 2025; 46.8; 10-Q; 2025-08-06,S5,filing,filing-source,4,filing,filing,false,false,true,false,false,issuer; forum; promotional; aggregator; news; reference,none,,,filing,filing,true,false,false,1,false
20261007T054344872032Z-codex.web.MP13.r2-a1,web,multi_period,MP13,2,7,fact,Uber’s Q3 2025 Gross Bookings were 49.7 US$ billions; the 10-Q filing date was 2025-11-04.,Uber; Q3 2025; 49.7; 10-Q; 2025-11-04,S6,filing,filing-source,5,secondary,issuer,false,false,false,false,false,issuer; forum; promotional; aggregator; news; reference,none,,,filing,filing,true,false,false,2,false
20261007T054344872032Z-codex.web.MP13.r2-a1,web,multi_period,MP13,2,8,fact,Uber’s Q1 2026 Gross Bookings were 53.7 US$ billions; the 10-Q filing date was 2026-05-06.,Uber; Q1 2026; 53.7; 10-Q; 2026-05-06,S7,filing,filing-source,4,secondary,issuer,false,false,false,true,false,issuer; forum; promotional; aggregator; news; reference,none,,,filing,filing,true,true,false,1,false
20261007T054344872032Z-codex.web.MP13.r2-a1,web,multi_period,MP13,2,9,fact,Uber’s Q2 2026 Gross Bookings were 58.0 US$ billions; the 10-Q filing date was 2026-08-05.,Uber; Q2 2026; 58.0; 10-Q; 2026-08-05,S8,filing,filing-source,4,secondary,issuer,false,false,false,true,false,issuer; forum; promotional; aggregator; news; reference,none,,,filing,filing,true,true,false,1,false
20261007T054406266696Z-codex.archivist.MP13.r2-a1,archivist,multi_period,MP13,2,1,fact,"Uber’s quarterly overall Gross Bookings, using the rounded figures stated in each quarter’s MD&A: Q1 2024 (March 31), 37.7 (US$ billions); 10-Q filed 2024-05-08.",Uber; Q1 2024; March 31; 37.7; 2024-05-08,S1,filing,mosaic-finance.com,4,filing,filing,false,false,true,false,false,,none,,,filing,filing,true,false,false,1,false
20261007T054406266696Z-codex.archivist.MP13.r2-a1,archivist,multi_period,MP13,2,2,fact,"Uber’s quarterly overall Gross Bookings, using the rounded figures stated in each quarter’s MD&A: Q2 2024 (June 30), 40.0 (US$ billions); 10-Q filed 2024-08-06.",Uber; Q2 2024; June 30; 40.0; 2024-08-06,S2,filing,mosaic-finance.com,4,filing,filing,false,false,true,false,false,,none,,,filing,filing,true,false,false,1,false
20261007T054406266696Z-codex.archivist.MP13.r2-a1,archivist,multi_period,MP13,2,3,fact,"Uber’s quarterly overall Gross Bookings, using the rounded figures stated in each quarter’s MD&A: Q3 2024 (September 30), 41.0 (US$ billions); 10-Q filed 2024-10-31.",Uber; Q3 2024; September 30; 41.0; 2024-10-31,S3,filing,mosaic-finance.com,5,filing,filing,false,false,true,false,false,,none,,,filing,filing,true,false,false,2,false
20261007T054406266696Z-codex.archivist.MP13.r2-a1,archivist,multi_period,MP13,2,4,fact,"Uber’s quarterly overall Gross Bookings, using the rounded figures stated in each quarter’s MD&A: Q1 2025 (March 31), 42.8 (US$ billions); 10-Q filed 2025-05-07.",Uber; Q1 2025; March 31; 42.8; 2025-05-07,S4,filing,mosaic-finance.com,4,filing,filing,false,false,true,false,false,,none,,,filing,filing,true,false,false,1,false
20261007T054406266696Z-codex.archivist.MP13.r2-a1,archivist,multi_period,MP13,2,5,fact,"Uber’s quarterly overall Gross Bookings, using the rounded figures stated in each quarter’s MD&A: Q2 2025 (June 30), 46.8 (US$ billions); 10-Q filed 2025-08-06.",Uber; Q2 2025; June 30; 46.8; 2025-08-06,S5,filing,mosaic-finance.com,4,filing,filing,false,false,true,false,false,,none,,,filing,filing,true,false,false,1,false
20261007T054406266696Z-codex.archivist.MP13.r2-a1,archivist,multi_period,MP13,2,6,fact,"Uber’s quarterly overall Gross Bookings, using the rounded figures stated in each quarter’s MD&A: Q3 2025 (September 30), 49.7 (US$ billions); 10-Q filed 2025-11-04.",Uber; Q3 2025; September 30; 49.7; 2025-11-04,S6,filing,mosaic-finance.com,5,filing,filing,false,false,true,false,false,,none,,,filing,filing,true,false,false,2,false
20261007T054406266696Z-codex.archivist.MP13.r2-a1,archivist,multi_period,MP13,2,7,fact,"Uber’s quarterly overall Gross Bookings, using the rounded figures stated in each quarter’s MD&A: Q1 2026 (March 31), 53.7 (US$ billions); 10-Q filed 2026-05-06.",Uber; Q1 2026; March 31; 53.7; 2026-05-06,S7,filing,mosaic-finance.com,4,filing,filing,false,false,true,false,false,,none,,,filing,filing,true,false,false,1,false
20261007T054406266696Z-codex.archivist.MP13.r2-a1,archivist,multi_period,MP13,2,8,fact,"Uber’s quarterly overall Gross Bookings, using the rounded figures stated in each quarter’s MD&A: Q2 2026 (June 30), 58.0 (US$ billions); 10-Q filed 2026-08-05.",Uber; Q2 2026; June 30; 58.0; 2026-08-05,S8,filing,mosaic-finance.com,4,filing,filing,false,false,true,false,false,,none,,,filing,filing,true,false,false,1,false
20261007T054420915701Z-codex.both.MP13.r2-a1,both,multi_period,MP13,2,1,fact,"Uber’s overall Gross Bookings, as stated in the MD&A “Highlights” of each quarter’s own Form 10-Q.",Uber; MD&A; Form 10-Q,,,,3,secondary,issuer,false,false,false,false,false,issuer; forum; aggregator; reference,none,,,secondary,issuer,false,false,false,3,false
20261007T054420915701Z-codex.both.MP13.r2-a1,both,multi_period,MP13,2,2,fact,"Uber’s overall Gross Bookings: Q1 2024 — 37.7 (US$ billions); 10-Q, 2024-05-08.",Uber; Q1 2024; 37.7; US$; 10-Q; 2024-05-08,S1,filing,filing-source,5,secondary,issuer,false,false,false,false,false,issuer; forum; aggregator; reference,none,,,filing,filing,true,false,false,1,false
20261007T054420915701Z-codex.both.MP13.r2-a1,both,multi_period,MP13,2,3,fact,"Uber’s overall Gross Bookings: Q2 2024 — 40.0 (US$ billions); 10-Q, 2024-08-06.",Uber; Q2 2024; 40.0; US$; 10-Q; 2024-08-06,S2,filing,filing-source,5,secondary,issuer,false,false,false,false,false,issuer; forum; aggregator; reference,none,,,filing,filing,true,true,false,1,false
20261007T054420915701Z-codex.both.MP13.r2-a1,both,multi_period,MP13,2,4,fact,"Uber’s overall Gross Bookings: Q3 2024 — 41.0 (US$ billions); 10-Q, 2024-10-31.",Uber; Q3 2024; 41.0; US$; 10-Q; 2024-10-31,S3,filing,filing-source,6,secondary,issuer,false,false,false,false,false,issuer; forum; aggregator; reference,none,,,filing,filing,true,true,false,2,false
20261007T054420915701Z-codex.both.MP13.r2-a1,both,multi_period,MP13,2,5,fact,"Uber’s overall Gross Bookings: Q1 2025 — 42.8 (US$ billions); 10-Q, 2025-05-07.",Uber; Q1 2025; 42.8; US$; 10-Q; 2025-05-07,S4,filing,filing-source,5,secondary,issuer,false,false,false,false,false,issuer; forum; aggregator; reference,none,,,filing,filing,true,true,false,1,false
20261007T054420915701Z-codex.both.MP13.r2-a1,both,multi_period,MP13,2,6,fact,"Uber’s overall Gross Bookings: Q2 2025 — 46.8 (US$ billions); 10-Q, 2025-08-06.",Uber; Q2 2025; 46.8; US$; 10-Q; 2025-08-06,S5,filing,filing-source,5,secondary,issuer,false,false,false,false,false,issuer; forum; aggregator; reference,none,,,filing,filing,true,true,false,1,false
20261007T054420915701Z-codex.both.MP13.r2-a1,both,multi_period,MP13,2,7,fact,"Uber’s overall Gross Bookings: Q3 2025 — 49.7 (US$ billions); 10-Q, 2025-11-04.",Uber; Q3 2025; 49.7; US$; 10-Q; 2025-11-04,S6,filing,filing-source,6,secondary,issuer,false,false,false,false,false,issuer; forum; aggregator; reference,none,,,filing,filing,true,true,false,2,false
20261007T054420915701Z-codex.both.MP13.r2-a1,both,multi_period,MP13,2,8,fact,"Uber’s overall Gross Bookings: Q1 2026 — 53.7 (US$ billions); 10-Q, 2026-05-06.",Uber; Q1 2026; 53.7; US$; 10-Q; 2026-05-06,S7,filing,filing-source,5,secondary,issuer,false,false,false,false,false,issuer; forum; aggregator; reference,none,,,filing,filing,true,true,false,1,false
20261007T054420915701Z-codex.both.MP13.r2-a1,both,multi_period,MP13,2,9,fact,"Uber’s overall Gross Bookings: Q2 2026 — 58.0 (US$ billions); 10-Q, 2026-08-05.",Uber; Q2 2026; 58.0; US$; 10-Q; 2026-08-05,S8,filing,filing-source,5,secondary,issuer,false,false,false,false,false,issuer; forum; aggregator; reference,none,,,filing,filing,true,true,false,1,false
20261007T054449766636Z-codex.web.MP14.r2-a1,web,multi_period,MP14,2,1,fact,All figures are approximate annual growth rates reported in MD&A of each year’s Form 10-K.,Form 10-K,,,,1,filing,filing,false,false,true,true,false,issuer; aggregator,none,,,filing,filing,true,true,false,1,false
20261007T054449766636Z-codex.web.MP14.r2-a1,web,multi_period,MP14,2,2,fact,2019: U.S. da Vinci procedure growth 17%; 2019 Form 10-K (2020-02-07).,U.S.; da Vinci; 17%; 2019 Form 10-K; 2020-02-07,S1,filing,filing-source,4,secondary,issuer,false,false,false,false,false,issuer; forum; aggregator; reference,none,,,filing,filing,true,true,false,1,false
20261007T054449766636Z-codex.web.MP14.r2-a1,web,multi_period,MP14,2,3,fact,2020: U.S. da Vinci procedure growth -1%; 2020 Form 10-K (2021-02-10).,U.S.; da Vinci; -1%; 2020 Form 10-K; 2021-02-10,S2,filing,filing-source,3,secondary,issuer,false,false,false,false,false,issuer; forum; aggregator; reference,none,,,secondary,issuer,false,false,false,3,false
20261007T054449766636Z-codex.web.MP14.r2-a1,web,multi_period,MP14,2,4,fact,2021: U.S. da Vinci procedure growth 27%; 2021 Form 10-K (2022-02-03).,U.S.; da Vinci; 27%; 2021 Form 10-K; 2022-02-03,S3,filing,filing-source,4,secondary,issuer,false,false,false,false,false,issuer; forum; aggregator; reference,none,,,filing,filing,true,true,false,1,false
20261007T054449766636Z-codex.web.MP14.r2-a1,web,multi_period,MP14,2,5,fact,2022: U.S. da Vinci procedure growth 16%; 2022 Form 10-K (2023-02-10).,U.S.; da Vinci; 16%; 2022 Form 10-K; 2023-02-10,S4,filing,filing-source,4,secondary,issuer,false,false,false,false,false,issuer; forum; aggregator; reference,none,,,filing,filing,true,true,false,1,false
20261007T054449766636Z-codex.web.MP14.r2-a1,web,multi_period,MP14,2,6,fact,2023: U.S. da Vinci procedure growth 19%; 2023 Form 10-K (2024-01-31).,U.S.; da Vinci; 19%; 2023 Form 10-K; 2024-01-31,S5,filing,filing-source,5,secondary,issuer,false,false,false,false,false,issuer; forum; aggregator; reference,none,,,filing,filing,true,true,false,2,false
20261007T054449766636Z-codex.web.MP14.r2-a1,web,multi_period,MP14,2,7,fact,2024: U.S. da Vinci procedure growth 15%; 2024 Form 10-K (2025-01-31).,U.S.; da Vinci; 15%; 2024 Form 10-K; 2025-01-31,S6,filing,filing-source,5,secondary,issuer,false,false,false,false,false,issuer; forum; aggregator; reference,none,,,filing,filing,true,true,false,2,false
20261007T054449766636Z-codex.web.MP14.r2-a1,web,multi_period,MP14,2,8,fact,2025: U.S. da Vinci procedure growth 15%; 2025 Form 10-K (2026-02-03).,U.S.; da Vinci; 15%; 2025 Form 10-K; 2026-02-03,S7,filing,filing-source,4,secondary,issuer,false,false,false,false,false,issuer; forum; aggregator; reference,none,,,filing,filing,true,true,false,1,false
20261007T054455884794Z-codex.archivist.MP14.r2-a1,archivist,multi_period,MP14,2,1,fact,"U.S. da Vinci procedure growth, as reported in each year’s Form 10-K MD&A.",U.S.; da Vinci; Form 10-K,,,,3,unattributed,,false,false,false,false,false,,none,,,unattributed,,false,false,false,3,false
20261007T054455884794Z-codex.archivist.MP14.r2-a1,archivist,multi_period,MP14,2,2,fact,"All figures are approximate, year-over-year, for years ended December 31.",December 31,,,,1,filing,filing,false,false,true,false,false,,none,,,filing,filing,true,false,false,1,false
20261007T054455884794Z-codex.archivist.MP14.r2-a1,archivist,multi_period,MP14,2,3,fact,2019 U.S. da Vinci procedure growth: 17%; Form 10-K filed 2020-02-07.,U.S.; da Vinci; 17%; Form 10-K; 2020-02-07,S1,filing,mosaic-finance.com,4,unattributed,,false,false,false,false,false,,none,,,filing,filing,true,false,false,1,false
20261007T054455884794Z-codex.archivist.MP14.r2-a1,archivist,multi_period,MP14,2,4,fact,2020 U.S. da Vinci procedure growth: -1%; Form 10-K filed 2021-02-10.,U.S.; da Vinci; -1%; Form 10-K; 2021-02-10,S2,filing,mosaic-finance.com,3,unattributed,,false,false,false,false,false,,none,,,unattributed,,false,false,false,3,false
20261007T054455884794Z-codex.archivist.MP14.r2-a1,archivist,multi_period,MP14,2,5,fact,2021 U.S. da Vinci procedure growth: 27%; Form 10-K filed 2022-02-03.,U.S.; da Vinci; 27%; Form 10-K; 2022-02-03,S3,filing,mosaic-finance.com,4,unattributed,,false,false,false,false,false,,none,,,filing,filing,true,false,false,1,false
20261007T054455884794Z-codex.archivist.MP14.r2-a1,archivist,multi_period,MP14,2,6,fact,2022 U.S. da Vinci procedure growth: 16%; Form 10-K filed 2023-02-10.,U.S.; da Vinci; 16%; Form 10-K; 2023-02-10,S4,filing,mosaic-finance.com,4,unattributed,,false,false,false,false,false,,none,,,filing,filing,true,false,false,1,false
20261007T054455884794Z-codex.archivist.MP14.r2-a1,archivist,multi_period,MP14,2,7,fact,2023 U.S. da Vinci procedure growth: 19%; Form 10-K filed 2024-01-31.,U.S.; da Vinci; 19%; Form 10-K; 2024-01-31,S5,filing,mosaic-finance.com,5,unattributed,,false,false,false,false,false,,none,,,filing,filing,true,false,false,2,false
20261007T054455884794Z-codex.archivist.MP14.r2-a1,archivist,multi_period,MP14,2,8,fact,2024 U.S. da Vinci procedure growth: 15%; Form 10-K filed 2025-01-31.,U.S.; da Vinci; 15%; Form 10-K; 2025-01-31,S6,filing,mosaic-finance.com,5,unattributed,,false,false,false,false,false,,none,,,filing,filing,true,false,false,2,false
20261007T054455884794Z-codex.archivist.MP14.r2-a1,archivist,multi_period,MP14,2,9,fact,2025 U.S. da Vinci procedure growth: 15%; Form 10-K filed 2026-02-03.,U.S.; da Vinci; 15%; Form 10-K; 2026-02-03,S7,filing,mosaic-finance.com,4,unattributed,,false,false,false,false,false,,none,,,filing,filing,true,false,false,1,false
20261007T054520880903Z-codex.both.MP14.r2-a1,both,multi_period,MP14,2,1,fact,All figures are approximate annual growth rates stated in each year’s Form 10-K MD&A.,Form 10-K; MD&A,,,,2,secondary,issuer,false,false,false,false,false,issuer; aggregator,none,,,secondary,issuer,false,false,false,2,false
20261007T054520880903Z-codex.both.MP14.r2-a1,both,multi_period,MP14,2,2,fact,2019 U.S. da Vinci procedure growth: 17%; source: 2019 Form 10-K (2020-02-07).,U.S.; da Vinci; 17%; 2019 Form 10-K; 2020-02-07,S1,filing,filing-source,4,secondary,issuer,false,false,false,false,false,issuer; forum; aggregator; news; reference,none,,,filing,filing,true,true,false,1,false
20261007T054520880903Z-codex.both.MP14.r2-a1,both,multi_period,MP14,2,3,fact,2020 U.S. da Vinci procedure growth: -1%; source: 2020 Form 10-K (2021-02-10).,U.S.; da Vinci; -1%; 2020 Form 10-K; 2021-02-10,S2,filing,filing-source,3,secondary,issuer,false,false,false,false,false,issuer; forum; aggregator; news; reference,none,,,secondary,issuer,false,false,false,3,false
20261007T054520880903Z-codex.both.MP14.r2-a1,both,multi_period,MP14,2,4,fact,2021 U.S. da Vinci procedure growth: 27%; source: 2021 Form 10-K (2022-02-03).,U.S.; da Vinci; 27%; 2021 Form 10-K; 2022-02-03,S3,filing,filing-source,4,secondary,issuer,false,false,false,false,false,issuer; forum; aggregator; news; reference,none,,,filing,filing,true,false,false,1,false
20261007T054520880903Z-codex.both.MP14.r2-a1,both,multi_period,MP14,2,5,fact,2022 U.S. da Vinci procedure growth: 16%; source: 2022 Form 10-K (2023-02-10).,U.S.; da Vinci; 16%; 2022 Form 10-K; 2023-02-10,S4,filing,filing-source,4,secondary,issuer,false,false,false,false,false,issuer; forum; aggregator; news; reference,none,,,filing,filing,true,true,false,1,false
20261007T054520880903Z-codex.both.MP14.r2-a1,both,multi_period,MP14,2,6,fact,2023 U.S. da Vinci procedure growth: 19%; source: 2023 Form 10-K (2024-01-31).,U.S.; da Vinci; 19%; 2023 Form 10-K; 2024-01-31,S5,filing,filing-source,5,secondary,issuer,false,false,false,false,false,issuer; forum; aggregator; news; reference,none,,,filing,filing,true,true,false,2,false
20261007T054520880903Z-codex.both.MP14.r2-a1,both,multi_period,MP14,2,7,fact,2024 U.S. da Vinci procedure growth: 15%; source: 2024 Form 10-K (2025-01-31).,U.S.; da Vinci; 15%; 2024 Form 10-K; 2025-01-31,S6,filing,filing-source,5,secondary,issuer,false,false,false,false,false,issuer; forum; aggregator; news; reference,none,,,filing,filing,true,true,false,2,false
20261007T054520880903Z-codex.both.MP14.r2-a1,both,multi_period,MP14,2,8,fact,2025 U.S. da Vinci procedure growth: 15%; source: 2025 Form 10-K (2026-02-03).,U.S.; da Vinci; 15%; 2025 Form 10-K; 2026-02-03,S7,filing,filing-source,4,secondary,issuer,false,false,false,false,false,issuer; forum; aggregator; news; reference,none,,,filing,filing,true,true,false,1,false
20261007T054537815512Z-codex.web.MP15.r2-a1,web,multi_period,MP15,2,1,fact,"Gemini is mentioned in the fiscal 2023–2025 filings, but not in 2020–2022.",Gemini; 2023–2025; 2020–2022,,,,1,filing,filing,false,false,true,true,false,forum; promotional; aggregator; other,none,,,filing,filing,true,true,false,1,false
20261007T054537815512Z-codex.web.MP15.r2-a1,web,multi_period,MP15,2,2,fact,"2020 Form 10-K, filed 2021-02-03: does not mention Gemini.",2020 Form 10-K; 2021-02-03; Gemini,S1,filing,filing-source,2,secondary,forum,false,false,false,false,false,forum; promotional; aggregator; other,none,,,secondary,forum,false,false,false,2,false
20261007T054537815512Z-codex.web.MP15.r2-a1,web,multi_period,MP15,2,3,fact,"2021 Form 10-K, filed 2022-02-02: does not mention Gemini.",2021 Form 10-K; 2022-02-02; Gemini,S2,filing,filing-source,2,secondary,forum,false,false,false,false,false,forum; promotional; aggregator; other,none,,,secondary,forum,false,false,false,2,false
20261007T054537815512Z-codex.web.MP15.r2-a1,web,multi_period,MP15,2,4,fact,"2022 Form 10-K, filed 2023-02-03: does not mention Gemini.",2022 Form 10-K; 2023-02-03; Gemini,S3,filing,filing-source,2,secondary,forum,false,false,false,false,false,forum; promotional; aggregator; other,none,,,secondary,forum,false,false,false,2,false
20261007T054537815512Z-codex.web.MP15.r2-a1,web,multi_period,MP15,2,5,fact,"2023 Form 10-K, filed 2024-01-31: mentions Gemini in Item 1.",2023 Form 10-K; 2024-01-31; Gemini; Item 1,S4,filing,filing-source,4,secondary,forum,false,false,false,false,false,forum; promotional; aggregator; other,none,,,filing,filing,true,true,false,1,false
20261007T054537815512Z-codex.web.MP15.r2-a1,web,multi_period,MP15,2,6,fact,"2024 Form 10-K, filed 2025-02-05: mentions Gemini in Item 1.",2024 Form 10-K; 2025-02-05; Gemini; Item 1,S5,filing,filing-source,3,secondary,forum,false,false,false,false,false,forum; promotional; aggregator; other,none,,,secondary,forum,false,false,false,3,false
20261007T054537815512Z-codex.web.MP15.r2-a1,web,multi_period,MP15,2,7,fact,"2025 Form 10-K, filed 2026-02-05: mentions Gemini in Item 1.",2025 Form 10-K; 2026-02-05; Gemini; Item 1,S6,filing,filing-source,3,filing,filing,false,false,true,false,false,forum; promotional; aggregator; other,none,,,filing,filing,true,false,false,3,false
20261007T054537815512Z-codex.web.MP15.r2-a1,web,multi_period,MP15,2,8,fact,The three positive results explicitly discuss Google’s AI model.,three; Google,,,,2,filing,filing,false,false,true,true,false,forum; promotional; aggregator; reference; other,none,,,filing,filing,true,true,false,2,false
20261007T054559819247Z-codex.archivist.MP15.r2-a1,archivist,multi_period,MP15,2,1,fact,Fiscal year 2020 | 10-K filing date 2021-02-03 | No: no matches for “Gemini.”,10-K; 2021-02-03; Gemini,S1,filing,mosaic-finance.com,1,filing,filing,false,false,true,false,false,,none,,,filing,filing,true,false,false,1,false
20261007T054559819247Z-codex.archivist.MP15.r2-a1,archivist,multi_period,MP15,2,2,fact,Fiscal year 2021 | 10-K filing date 2022-02-02 | No: no matches for “Gemini.”,10-K; 2022-02-02; Gemini,S2,filing,mosaic-finance.com,1,filing,filing,false,false,true,false,false,,none,,,filing,filing,true,false,false,1,false
20261007T054559819247Z-codex.archivist.MP15.r2-a1,archivist,multi_period,MP15,2,3,fact,Fiscal year 2022 | 10-K filing date 2023-02-03 | No: no matches for “Gemini.”,10-K; 2023-02-03; Gemini,S3,filing,mosaic-finance.com,1,filing,filing,false,false,true,false,false,,none,,,filing,filing,true,false,false,1,false
20261007T054559819247Z-codex.archivist.MP15.r2-a1,archivist,multi_period,MP15,2,4,fact,Fiscal year 2023 | 10-K filing date 2024-01-31 | Mentions Gemini? Yes | Item 1.,10-K; 2024-01-31; Gemini; Item 1,S4,filing,mosaic-finance.com,3,filing,filing,false,false,true,false,false,,none,,,filing,filing,true,false,false,1,false
20261007T054559819247Z-codex.archivist.MP15.r2-a1,archivist,multi_period,MP15,2,5,fact,"In December 2023, we launched Gemini",December 2023; Gemini,S4,filing,mosaic-finance.com,2,filing,filing,false,false,true,false,false,,none,,,filing,filing,true,false,false,2,false
20261007T054559819247Z-codex.archivist.MP15.r2-a1,archivist,multi_period,MP15,2,6,evaluative,our most capable and general model,,S4,filing,mosaic-finance.com,,,,,,,,,,filer,most capable and general model,false,,,,,,,
20261007T054559819247Z-codex.archivist.MP15.r2-a1,archivist,multi_period,MP15,2,7,fact,Fiscal year 2024 | 10-K filing date 2025-02-05 | Yes: Business discusses Gemini and the launch of Gemini 2.0.,10-K; 2025-02-05; Gemini; Gemini 2.0,S5,filing,mosaic-finance.com,2,filing,filing,false,false,true,false,false,,none,,,filing,filing,true,false,false,2,false
20261007T054559819247Z-codex.archivist.MP15.r2-a1,archivist,multi_period,MP15,2,8,fact,Fiscal year 2025 | 10-K filing date 2026-02-05 | Mentions Gemini? Yes | Item 1 calls Gemini 3 “our most intelligent AI model yet.”,10-K; 2026-02-05; Gemini; Item 1; Gemini 3,S6,filing,mosaic-finance.com,3,filing,filing,false,false,true,false,false,,none,,,filing,filing,true,false,false,3,false
20261007T054559819247Z-codex.archivist.MP15.r2-a1,archivist,multi_period,MP15,2,9,evaluative,Gemini 3 “our most intelligent AI model yet.”,,S6,filing,mosaic-finance.com,,,,,,,,,,filer,most intelligent AI model yet,false,,,,,,,
20261007T054600263738Z-codex.both.MP15.r2-a1,both,multi_period,MP15,2,1,fact,"2020 Form 10-K, filed 2021-02-03: No mention of Gemini.",2020 Form 10-K; 2021-02-03; Gemini,S1,filing,filing-source,2,secondary,issuer,false,false,false,false,false,issuer; reference,none,,,secondary,issuer,false,false,false,2,false
20261007T054600263738Z-codex.both.MP15.r2-a1,both,multi_period,MP15,2,2,fact,"2021 Form 10-K, filed 2022-02-02: No mention of Gemini.",2021 Form 10-K; 2022-02-02; Gemini,S2,filing,filing-source,2,secondary,issuer,false,false,false,false,false,issuer; reference,none,,,secondary,issuer,false,false,false,2,false
20261007T054600263738Z-codex.both.MP15.r2-a1,both,multi_period,MP15,2,3,fact,"2022 Form 10-K, filed 2023-02-03: No mention of Gemini.",2022 Form 10-K; 2023-02-03; Gemini,S3,filing,filing-source,2,secondary,issuer,false,false,false,false,false,issuer; reference,none,,,secondary,issuer,false,false,false,2,false
20261007T054600263738Z-codex.both.MP15.r2-a1,both,multi_period,MP15,2,4,fact,"2023 Form 10-K, filed 2024-01-31: Yes, mentions Gemini.",2023 Form 10-K; 2024-01-31; Gemini,S4,filing,filing-source,3,secondary,issuer,false,false,false,false,false,issuer; forum; promotional; aggregator; reference; other,none,,,filing,filing,true,true,false,1,false
20261007T054600263738Z-codex.both.MP15.r2-a1,both,multi_period,MP15,2,5,fact,"2023 Form 10-K, Item 1: discusses Gemini’s December 2023 launch.",2023 Form 10-K; Item 1; Gemini; December 2023,S4,filing,filing-source,4,secondary,issuer,false,false,false,false,false,issuer; reference,none,,,secondary,issuer,false,false,false,4,false
20261007T054600263738Z-codex.both.MP15.r2-a1,both,multi_period,MP15,2,6,fact,"2024 Form 10-K, filed 2025-02-05: Yes, mentions Gemini.",2024 Form 10-K; 2025-02-05; Gemini,S5,filing,filing-source,2,secondary,issuer,false,false,false,false,false,issuer; reference,none,,,secondary,issuer,false,false,false,2,false
20261007T054600263738Z-codex.both.MP15.r2-a1,both,multi_period,MP15,2,7,fact,"2024 Form 10-K, Item 1: discusses Gemini and Gemini 2.0.",2024 Form 10-K; Item 1; Gemini; Gemini 2.0,S5,filing,filing-source,4,secondary,issuer,false,false,false,false,false,issuer; reference,none,,,secondary,issuer,false,false,false,4,false
20261007T054600263738Z-codex.both.MP15.r2-a1,both,multi_period,MP15,2,8,fact,"2025 Form 10-K, filed 2026-02-05: Yes, mentions Gemini.",2025 Form 10-K; 2026-02-05; Gemini,S6,filing,filing-source,2,secondary,issuer,false,false,false,false,false,issuer; reference,none,,,secondary,issuer,false,false,false,2,false
20261007T054600263738Z-codex.both.MP15.r2-a1,both,multi_period,MP15,2,9,fact,"2025 Form 10-K, Item 1: discusses Gemini 3.",2025 Form 10-K; Item 1; Gemini 3,S6,filing,filing-source,3,unattributed,,false,false,false,false,false,,none,,,unattributed,,false,false,false,3,false
20261007T054600263738Z-codex.both.MP15.r2-a1,both,multi_period,MP15,2,10,fact,The “No” answers reflect full-document text searches for “Gemini” with no matches.,Gemini,,,,1,filing,filing,false,false,true,true,false,issuer; reference,none,,,filing,filing,true,true,false,1,false
20261007T054622081588Z-codex.web.MP11.r3-a1,web,multi_period,MP11,3,1,fact,"JPMorgan Chase & Co.’s Standardized CET1 capital ratio at September 30, 2024: 15.3%, as stated in the Executive Overview of Q3 2024 Form 10-Q (filing date 2024-10-30).","JPMorgan Chase & Co.; September 30, 2024; 15.3%; Executive Overview; Q3 2024 Form 10-Q; 2024-10-30",S1,filing,filing-source,5,secondary,issuer,false,false,false,false,false,issuer; forum; aggregator,none,,,filing,filing,true,true,false,1,false
20261007T054622081588Z-codex.web.MP11.r3-a1,web,multi_period,MP11,3,2,fact,"JPMorgan Chase & Co.’s Standardized CET1 capital ratio at December 31, 2024: 15.7%, as stated in the Executive Overview of 2024 Form 10-K (filing date 2025-02-14).","JPMorgan Chase & Co.; December 31, 2024; 15.7%; Executive Overview; 2024 Form 10-K; 2025-02-14",S2,filing,filing-source,6,filing,filing,false,false,true,true,false,issuer; forum; aggregator,none,,,filing,filing,true,true,false,2,false
20261007T054622081588Z-codex.web.MP11.r3-a1,web,multi_period,MP11,3,3,fact,"JPMorgan Chase & Co.’s Standardized CET1 capital ratio at March 31, 2025: 15.4%, as stated in the Executive Overview of Q1 2025 Form 10-Q (filing date 2025-05-01).","JPMorgan Chase & Co.; March 31, 2025; 15.4%; Executive Overview; Q1 2025 Form 10-Q; 2025-05-01",S3,filing,filing-source,5,secondary,issuer,false,false,false,false,false,issuer; aggregator,none,,,filing,filing,true,true,false,1,false
20261007T054622081588Z-codex.web.MP11.r3-a1,web,multi_period,MP11,3,4,fact,"JPMorgan Chase & Co.’s Standardized CET1 capital ratio at June 30, 2025: 15.1%, as stated in the Executive Overview of Q2 2025 Form 10-Q (filing date 2025-08-05).","JPMorgan Chase & Co.; June 30, 2025; 15.1%; Executive Overview; Q2 2025 Form 10-Q; 2025-08-05",S4,filing,filing-source,5,secondary,issuer,false,false,false,false,false,issuer; forum; aggregator,none,,,filing,filing,true,true,false,1,false
20261007T054622081588Z-codex.web.MP11.r3-a1,web,multi_period,MP11,3,5,fact,"JPMorgan Chase & Co.’s Standardized CET1 capital ratio at September 30, 2025: 14.8%, as stated in the Executive Overview of Q3 2025 Form 10-Q (filing date 2025-11-04).","JPMorgan Chase & Co.; September 30, 2025; 14.8%; Executive Overview; Q3 2025 Form 10-Q; 2025-11-04",S5,filing,filing-source,6,secondary,issuer,false,false,false,false,false,issuer; forum; aggregator,none,,,filing,filing,true,false,false,2,false
20261007T054622081588Z-codex.web.MP11.r3-a1,web,multi_period,MP11,3,6,fact,"JPMorgan Chase & Co.’s Standardized CET1 capital ratio at December 31, 2025: 14.6%, as stated in the Executive Overview of 2025 Form 10-K (filing date 2026-02-13).","JPMorgan Chase & Co.; December 31, 2025; 14.6%; Executive Overview; 2025 Form 10-K; 2026-02-13",S6,filing,filing-source,6,filing,filing,false,false,true,true,false,issuer; forum; aggregator; reference,none,,,filing,filing,true,true,false,2,false
20261007T054622081588Z-codex.web.MP11.r3-a1,web,multi_period,MP11,3,7,fact,"JPMorgan Chase & Co.’s Standardized CET1 capital ratio at March 31, 2026: 14.3%, as stated in the Executive Overview of Q1 2026 Form 10-Q (filing date 2026-05-01).","JPMorgan Chase & Co.; March 31, 2026; 14.3%; Executive Overview; Q1 2026 Form 10-Q; 2026-05-01",S7,filing,filing-source,5,secondary,issuer,false,false,false,false,false,issuer; aggregator,none,,,filing,filing,true,true,false,1,false
20261007T054622081588Z-codex.web.MP11.r3-a1,web,multi_period,MP11,3,8,fact,"JPMorgan Chase & Co.’s Standardized CET1 capital ratio at June 30, 2026: 14.2%, as stated in the Executive Overview of Q2 2026 Form 10-Q (filing date 2026-08-06).","JPMorgan Chase & Co.; June 30, 2026; 14.2%; Executive Overview; Q2 2026 Form 10-Q; 2026-08-06",S8,filing,filing-source,5,secondary,issuer,false,false,false,false,false,issuer; aggregator,none,,,filing,filing,true,false,false,1,false
20261007T054639743428Z-codex.archivist.MP11.r3-a1,archivist,multi_period,MP11,3,1,fact,"JPMorgan Chase’s Standardized CET1 ratios, from “Selected capital and other metrics” in each report’s executive overview.",JPMorgan Chase; Standardized CET1; Selected capital and other metrics,,,,3,filing,filing,false,false,true,false,false,,none,,,filing,filing,true,false,false,3,false
20261007T054639743428Z-codex.archivist.MP11.r3-a1,archivist,multi_period,MP11,3,2,fact,"September 30, 2024: 15.3%; Q3 2024 Form 10-Q (2024-10-30).","September 30, 2024; 15.3%; Q3 2024 Form 10-Q; 2024-10-30",S1,filing,mosaic-finance.com,3,unattributed,,false,false,false,false,false,,none,,,filing,filing,true,false,false,1,false
20261007T054639743428Z-codex.archivist.MP11.r3-a1,archivist,multi_period,MP11,3,3,fact,"December 31, 2024: 15.7%; 2024 Form 10-K (2025-02-14).","December 31, 2024; 15.7%; 2024 Form 10-K; 2025-02-14",S2,filing,mosaic-finance.com,4,filing,filing,false,false,true,false,false,,none,,,filing,filing,true,false,false,2,false
20261007T054639743428Z-codex.archivist.MP11.r3-a1,archivist,multi_period,MP11,3,4,fact,"March 31, 2025: 15.4%; Q1 2025 Form 10-Q (2025-05-01).","March 31, 2025; 15.4%; Q1 2025 Form 10-Q; 2025-05-01",S3,filing,mosaic-finance.com,3,unattributed,,false,false,false,false,false,,none,,,filing,filing,true,false,false,1,false
20261007T054639743428Z-codex.archivist.MP11.r3-a1,archivist,multi_period,MP11,3,5,fact,"June 30, 2025: 15.1%; Q2 2025 Form 10-Q (2025-08-05).","June 30, 2025; 15.1%; Q2 2025 Form 10-Q; 2025-08-05",S4,filing,mosaic-finance.com,3,unattributed,,false,false,false,false,false,,none,,,filing,filing,true,false,false,1,false
20261007T054639743428Z-codex.archivist.MP11.r3-a1,archivist,multi_period,MP11,3,6,fact,"September 30, 2025: 14.8%; Q3 2025 Form 10-Q (2025-11-04).","September 30, 2025; 14.8%; Q3 2025 Form 10-Q; 2025-11-04",S5,filing,mosaic-finance.com,4,unattributed,,false,false,false,false,false,,none,,,filing,filing,true,false,false,2,false
20261007T054639743428Z-codex.archivist.MP11.r3-a1,archivist,multi_period,MP11,3,7,fact,"December 31, 2025: 14.6%; 2025 Form 10-K (2026-02-13).","December 31, 2025; 14.6%; 2025 Form 10-K; 2026-02-13",S6,filing,mosaic-finance.com,4,filing,filing,false,false,true,false,false,,none,,,filing,filing,true,false,false,2,false
20261007T054639743428Z-codex.archivist.MP11.r3-a1,archivist,multi_period,MP11,3,8,fact,"March 31, 2026: 14.3%; Q1 2026 Form 10-Q (2026-05-01).","March 31, 2026; 14.3%; Q1 2026 Form 10-Q; 2026-05-01",S7,filing,mosaic-finance.com,3,unattributed,,false,false,false,false,false,,none,,,filing,filing,true,false,false,1,false
20261007T054639743428Z-codex.archivist.MP11.r3-a1,archivist,multi_period,MP11,3,9,fact,"June 30, 2026: 14.2%; Q2 2026 Form 10-Q (2026-08-06).","June 30, 2026; 14.2%; Q2 2026 Form 10-Q; 2026-08-06",S8,filing,mosaic-finance.com,3,unattributed,,false,false,false,false,false,,none,,,filing,filing,true,false,false,1,false
20261007T054720327423Z-codex.both.MP11.r3-a1,both,multi_period,MP11,3,1,fact,"JPMorgan Chase’s Standardized CET1 capital ratios, from the executive overview’s “Selected capital and other metrics” in each period’s report.",JPMorgan Chase; Selected capital and other metrics,,,,2,filing,filing,false,false,true,false,false,,none,,,filing,filing,true,false,false,2,false
20261007T054720327423Z-codex.both.MP11.r3-a1,both,multi_period,MP11,3,2,fact,"September 30, 2024: 15.3%; Q3 2024 Form 10-Q (2024-10-30).","September 30, 2024; 15.3%; Q3 2024 Form 10-Q; 2024-10-30",S1,filing,mosaic-finance.com,3,unattributed,,false,false,false,false,false,,none,,,filing,filing,true,false,false,1,false
20261007T054720327423Z-codex.both.MP11.r3-a1,both,multi_period,MP11,3,3,fact,"December 31, 2024: 15.7%; 2024 Form 10-K (2025-02-14).","December 31, 2024; 15.7%; 2024 Form 10-K; 2025-02-14",S2,filing,mosaic-finance.com,4,filing,filing,false,false,true,false,false,,none,,,filing,filing,true,false,false,2,false
20261007T054720327423Z-codex.both.MP11.r3-a1,both,multi_period,MP11,3,4,fact,"March 31, 2025: 15.4%; Q1 2025 Form 10-Q (2025-05-01).","March 31, 2025; 15.4%; Q1 2025 Form 10-Q; 2025-05-01",S3,filing,mosaic-finance.com,3,unattributed,,false,false,false,false,false,,none,,,filing,filing,true,false,false,1,false
20261007T054720327423Z-codex.both.MP11.r3-a1,both,multi_period,MP11,3,5,fact,"June 30, 2025: 15.1%; Q2 2025 Form 10-Q (2025-08-05).","June 30, 2025; 15.1%; Q2 2025 Form 10-Q; 2025-08-05",S4,filing,mosaic-finance.com,3,unattributed,,false,false,false,false,false,,none,,,filing,filing,true,false,false,1,false
20261007T054720327423Z-codex.both.MP11.r3-a1,both,multi_period,MP11,3,6,fact,"September 30, 2025: 14.8%; Q3 2025 Form 10-Q (2025-11-04).","September 30, 2025; 14.8%; Q3 2025 Form 10-Q; 2025-11-04",S5,filing,mosaic-finance.com,4,unattributed,,false,false,false,false,false,,none,,,filing,filing,true,false,false,2,false
20261007T054720327423Z-codex.both.MP11.r3-a1,both,multi_period,MP11,3,7,fact,"December 31, 2025: 14.6%; 2025 Form 10-K (2026-02-13).","December 31, 2025; 14.6%; 2025 Form 10-K; 2026-02-13",S6,filing,mosaic-finance.com,4,filing,filing,false,false,true,false,false,,none,,,filing,filing,true,false,false,2,false
20261007T054720327423Z-codex.both.MP11.r3-a1,both,multi_period,MP11,3,8,fact,"March 31, 2026: 14.3%; Q1 2026 Form 10-Q (2026-05-01).","March 31, 2026; 14.3%; Q1 2026 Form 10-Q; 2026-05-01",S7,filing,mosaic-finance.com,3,unattributed,,false,false,false,false,false,,none,,,filing,filing,true,false,false,1,false
20261007T054720327423Z-codex.both.MP11.r3-a1,both,multi_period,MP11,3,9,fact,"June 30, 2026: 14.2%; Q2 2026 Form 10-Q (2026-08-06).","June 30, 2026; 14.2%; Q2 2026 Form 10-Q; 2026-08-06",S8,filing,mosaic-finance.com,3,unattributed,,false,false,false,false,false,,none,,,filing,filing,true,false,false,1,false
20261007T054747036559Z-codex.web.MP12.r3-a1,web,multi_period,MP12,3,1,fact,"These are the three-month Walmart U.S. calendar comparable sales growth figures, including fuel, from each quarter’s Form 10-Q MD&A.",Walmart U.S.; Form 10-Q,,,,2,filing,filing,false,false,true,true,false,issuer,none,,,filing,filing,true,true,false,2,false
20261007T054747036559Z-codex.web.MP12.r3-a1,web,multi_period,MP12,3,2,fact,"FY2025 Q1: three months ended April 30, 2024; growth 4.9%; 10-Q filed June 7, 2024.","FY2025 Q1; April 30, 2024; 4.9%; 10-Q; June 7, 2024",S1,issuer,stock.walmart.com,5,secondary,issuer,false,true,false,false,false,issuer; forum; aggregator; news,none,,,secondary,issuer,false,true,false,1,false
20261007T054747036559Z-codex.web.MP12.r3-a1,web,multi_period,MP12,3,3,fact,"FY2025 Q2: three months ended July 31, 2024; growth 4.2%; 10-Q filed August 30, 2024.","FY2025 Q2; July 31, 2024; 4.2%; 10-Q; August 30, 2024",S2,issuer,stock.walmart.com,5,secondary,issuer,false,true,false,false,false,issuer; forum; aggregator,none,,,secondary,issuer,false,true,false,1,false
20261007T054747036559Z-codex.web.MP12.r3-a1,web,multi_period,MP12,3,4,fact,"FY2025 Q3: three months ended October 31, 2024; growth 5.1%; 10-Q filed December 6, 2024.","FY2025 Q3; October 31, 2024; 5.1%; 10-Q; December 6, 2024",S3,issuer,stock.walmart.com,5,secondary,issuer,false,true,false,false,false,issuer; forum; aggregator; news,none,,,secondary,issuer,false,true,false,1,false
20261007T054747036559Z-codex.web.MP12.r3-a1,web,multi_period,MP12,3,5,fact,"FY2026 Q1: three months ended April 30, 2025; growth 3.1%; 10-Q filed June 6, 2025.","FY2026 Q1; April 30, 2025; 3.1%; 10-Q; June 6, 2025",S4,issuer,stock.walmart.com,5,secondary,issuer,false,true,false,false,false,issuer; forum; aggregator,none,,,secondary,issuer,false,true,false,1,false
20261007T054747036559Z-codex.web.MP12.r3-a1,web,multi_period,MP12,3,6,fact,"FY2026 Q2: three months ended July 31, 2025; growth 4.7%; 10-Q filed August 29, 2025.","FY2026 Q2; July 31, 2025; 4.7%; 10-Q; August 29, 2025",S5,issuer,stock.walmart.com,5,secondary,issuer,false,true,false,false,false,issuer; forum; aggregator; news,none,,,secondary,issuer,false,true,false,1,false
20261007T054747036559Z-codex.web.MP12.r3-a1,web,multi_period,MP12,3,7,fact,"FY2026 Q3: three months ended October 31, 2025; growth 4.8%; 10-Q filed December 3, 2025.","FY2026 Q3; October 31, 2025; 4.8%; 10-Q; December 3, 2025",S6,issuer,stock.walmart.com,5,secondary,issuer,false,true,false,false,false,issuer; forum; aggregator; news,none,,,secondary,issuer,false,true,false,1,false
20261007T054747036559Z-codex.web.MP12.r3-a1,web,multi_period,MP12,3,8,fact,"FY2027 Q1: three months ended April 30, 2026; growth 4.3%; 10-Q filed May 29, 2026.","FY2027 Q1; April 30, 2026; 4.3%; 10-Q; May 29, 2026",S7,issuer,stock.walmart.com,5,secondary,issuer,false,true,false,false,false,issuer; forum; aggregator,none,,,secondary,issuer,false,true,false,1,false
20261007T054747036559Z-codex.web.MP12.r3-a1,web,multi_period,MP12,3,9,fact,"FY2027 Q2: three months ended July 31, 2026; growth 3.3%; 10-Q filed August 28, 2026.","FY2027 Q2; July 31, 2026; 3.3%; 10-Q; August 28, 2026",S8,issuer,stock.walmart.com,5,secondary,issuer,false,true,false,false,false,issuer; forum; aggregator,none,,,secondary,issuer,false,true,false,1,false
20261007T054823339692Z-codex.archivist.MP12.r3-a1,archivist,multi_period,MP12,3,1,fact,"Walmart U.S. comparable sales growth below is the three-month, fiscal-calendar figure, including fuel, from each quarter’s Form 10-Q MD&A.",Walmart U.S.; three-month; Form 10-Q,,,,3,unattributed,,false,false,false,false,false,,none,,,unattributed,,false,false,false,3,false
20261007T054823339692Z-codex.archivist.MP12.r3-a1,archivist,multi_period,MP12,3,2,fact,"Walmart U.S. comparable sales growth: FY2025 Q1; three months ended April 30, 2024; 4.9%; 10-Q filed 2024-06-07.","Walmart U.S.; FY2025 Q1; April 30, 2024; 4.9%; 10-Q; 2024-06-07",S1,filing,mosaic-finance.com,5,unattributed,,false,false,false,false,false,,none,,,filing,filing,true,false,false,1,false
20261007T054823339692Z-codex.archivist.MP12.r3-a1,archivist,multi_period,MP12,3,3,fact,"Walmart U.S. comparable sales growth: FY2025 Q2; three months ended July 31, 2024; 4.2%; 10-Q filed 2024-08-30.","Walmart U.S.; FY2025 Q2; July 31, 2024; 4.2%; 10-Q; 2024-08-30",S2,filing,mosaic-finance.com,5,unattributed,,false,false,false,false,false,,none,,,filing,filing,true,false,false,1,false
20261007T054823339692Z-codex.archivist.MP12.r3-a1,archivist,multi_period,MP12,3,4,fact,"Walmart U.S. comparable sales growth: FY2025 Q3; three months ended October 31, 2024; 5.1%; 10-Q filed 2024-12-06.","Walmart U.S.; FY2025 Q3; October 31, 2024; 5.1%; 10-Q; 2024-12-06",S3,filing,mosaic-finance.com,6,unattributed,,false,false,false,false,false,,none,,,filing,filing,true,false,false,2,false
20261007T054823339692Z-codex.archivist.MP12.r3-a1,archivist,multi_period,MP12,3,5,fact,"Walmart U.S. comparable sales growth: FY2026 Q1; three months ended April 30, 2025; 3.1%; 10-Q filed 2025-06-06.","Walmart U.S.; FY2026 Q1; April 30, 2025; 3.1%; 10-Q; 2025-06-06",S4,filing,mosaic-finance.com,5,unattributed,,false,false,false,false,false,,none,,,filing,filing,true,false,false,1,false
20261007T054823339692Z-codex.archivist.MP12.r3-a1,archivist,multi_period,MP12,3,6,fact,"Walmart U.S. comparable sales growth: FY2026 Q2; three months ended July 31, 2025; 4.7%; 10-Q filed 2025-08-29.","Walmart U.S.; FY2026 Q2; July 31, 2025; 4.7%; 10-Q; 2025-08-29",S5,filing,mosaic-finance.com,6,unattributed,,false,false,false,false,false,,none,,,filing,filing,true,false,false,2,false
20261007T054823339692Z-codex.archivist.MP12.r3-a1,archivist,multi_period,MP12,3,7,fact,"Walmart U.S. comparable sales growth: FY2026 Q3; three months ended October 31, 2025; 4.8%; 10-Q filed 2025-12-03.","Walmart U.S.; FY2026 Q3; October 31, 2025; 4.8%; 10-Q; 2025-12-03",S6,filing,mosaic-finance.com,6,unattributed,,false,false,false,false,false,,none,,,filing,filing,true,false,false,2,false
20261007T054823339692Z-codex.archivist.MP12.r3-a1,archivist,multi_period,MP12,3,8,fact,"Walmart U.S. comparable sales growth: FY2027 Q1; three months ended April 30, 2026; 4.3%; 10-Q filed 2026-05-29.","Walmart U.S.; FY2027 Q1; April 30, 2026; 4.3%; 10-Q; 2026-05-29",S7,filing,mosaic-finance.com,6,unattributed,,false,false,false,false,false,,none,,,filing,filing,true,false,false,2,false
20261007T054823339692Z-codex.archivist.MP12.r3-a1,archivist,multi_period,MP12,3,9,fact,"Walmart U.S. comparable sales growth: FY2027 Q2; three months ended July 31, 2026; 3.3%; 10-Q filed 2026-08-28.","Walmart U.S.; FY2027 Q2; July 31, 2026; 3.3%; 10-Q; 2026-08-28",S8,filing,mosaic-finance.com,6,unattributed,,false,false,false,false,false,,none,,,filing,filing,true,false,false,2,false
20261007T054828161070Z-codex.both.MP12.r3-a1,both,multi_period,MP12,3,1,fact,"These are Walmart U.S. three-month calendar comparable sales growth figures, including fuel, from each quarter’s 10-Q MD&A.",Walmart U.S.,,,,1,filing,filing,false,false,true,true,true,issuer,none,,,filing,filing,true,true,true,1,false
20261007T054828161070Z-codex.both.MP12.r3-a1,both,multi_period,MP12,3,2,fact,"Walmart U.S. comparable sales growth: FY2025 Q1; three months ended April 30, 2024; 4.9%; 10-Q filed 2024-06-07.","Walmart U.S.; FY2025 Q1; April 30, 2024; 4.9%; 2024-06-07",S1,filing,mosaic-finance.com,4,secondary,issuer,false,false,false,false,false,issuer,none,,,filing,filing,true,false,false,1,false
20261007T054828161070Z-codex.both.MP12.r3-a1,both,multi_period,MP12,3,3,fact,"Walmart U.S. comparable sales growth: FY2025 Q2; three months ended July 31, 2024; 4.2%; 10-Q filed 2024-08-30.","Walmart U.S.; FY2025 Q2; July 31, 2024; 4.2%; 2024-08-30",S2,filing,mosaic-finance.com,4,secondary,issuer,false,false,false,false,false,issuer,none,,,filing,filing,true,false,false,1,false
20261007T054828161070Z-codex.both.MP12.r3-a1,both,multi_period,MP12,3,4,fact,"Walmart U.S. comparable sales growth: FY2025 Q3; three months ended October 31, 2024; 5.1%; 10-Q filed 2024-12-06.","Walmart U.S.; FY2025 Q3; October 31, 2024; 5.1%; 2024-12-06",S3,filing,mosaic-finance.com,5,secondary,issuer,false,false,false,false,false,issuer,none,,,filing,filing,true,false,false,2,false
20261007T054828161070Z-codex.both.MP12.r3-a1,both,multi_period,MP12,3,5,fact,"Walmart U.S. comparable sales growth: FY2026 Q1; three months ended April 30, 2025; 3.1%; 10-Q filed 2025-06-06.","Walmart U.S.; FY2026 Q1; April 30, 2025; 3.1%; 2025-06-06",S4,filing,mosaic-finance.com,4,secondary,issuer,false,false,false,false,false,issuer,none,,,filing,filing,true,true,true,1,false
20261007T054828161070Z-codex.both.MP12.r3-a1,both,multi_period,MP12,3,6,fact,"Walmart U.S. comparable sales growth: FY2026 Q2; three months ended July 31, 2025; 4.7%; 10-Q filed 2025-08-29.","Walmart U.S.; FY2026 Q2; July 31, 2025; 4.7%; 2025-08-29",S5,filing,mosaic-finance.com,5,secondary,issuer,false,false,false,false,false,issuer,none,,,filing,filing,true,false,false,2,false
20261007T054828161070Z-codex.both.MP12.r3-a1,both,multi_period,MP12,3,7,fact,"Walmart U.S. comparable sales growth: FY2026 Q3; three months ended October 31, 2025; 4.8%; 10-Q filed 2025-12-03.","Walmart U.S.; FY2026 Q3; October 31, 2025; 4.8%; 2025-12-03",S6,filing,mosaic-finance.com,5,secondary,issuer,false,false,false,false,false,issuer,none,,,filing,filing,true,false,false,2,false
20261007T054828161070Z-codex.both.MP12.r3-a1,both,multi_period,MP12,3,8,fact,"Walmart U.S. comparable sales growth: FY2027 Q1; three months ended April 30, 2026; 4.3%; 10-Q filed 2026-05-29.","Walmart U.S.; FY2027 Q1; April 30, 2026; 4.3%; 2026-05-29",S7,filing,mosaic-finance.com,5,secondary,issuer,false,false,false,false,false,issuer,none,,,filing,filing,true,false,false,2,false
20261007T054828161070Z-codex.both.MP12.r3-a1,both,multi_period,MP12,3,9,fact,"Walmart U.S. comparable sales growth: FY2027 Q2; three months ended July 31, 2026; 3.3%; 10-Q filed 2026-08-28.","Walmart U.S.; FY2027 Q2; July 31, 2026; 3.3%; 2026-08-28",S8,filing,mosaic-finance.com,5,secondary,issuer,false,false,false,false,false,issuer,none,,,filing,filing,true,false,false,2,false
20261007T054920110584Z-codex.web.MP13.r3-a1,web,multi_period,MP13,3,1,fact,"Uber’s overall Gross Bookings, as stated in the MD&A of each quarter’s own Form 10-Q",Uber; Form 10-Q,,,,2,filing,filing,false,false,true,false,false,issuer; forum; aggregator,none,,,filing,filing,true,false,false,2,false
20261007T054920110584Z-codex.web.MP13.r3-a1,web,multi_period,MP13,3,2,fact,Q1 2024 Gross Bookings (US$ billions): 37.7; 10-Q filed 2024-05-08.,Q1 2024; 37.7; 2024-05-08,S1,filing,filing-source,2,unattributed,,false,false,false,false,false,,none,,,filing,filing,true,false,false,1,false
20261007T054920110584Z-codex.web.MP13.r3-a1,web,multi_period,MP13,3,3,fact,Q2 2024 Gross Bookings (US$ billions): 40.0; 10-Q filed 2024-08-06.,Q2 2024; 40.0; 2024-08-06,S2,filing,filing-source,2,filing,filing,false,false,true,false,false,aggregator,none,,,filing,filing,true,true,false,1,false
20261007T054920110584Z-codex.web.MP13.r3-a1,web,multi_period,MP13,3,4,fact,Q3 2024 Gross Bookings (US$ billions): 41.0; 10-Q filed 2024-10-31.,Q3 2024; 41.0; 2024-10-31,S3,filing,filing-source,3,secondary,aggregator,false,false,false,false,false,aggregator,none,,,filing,filing,true,false,false,2,false
20261007T054920110584Z-codex.web.MP13.r3-a1,web,multi_period,MP13,3,5,fact,Q1 2025 Gross Bookings (US$ billions): 42.8; 10-Q filed 2025-05-07.,Q1 2025; 42.8; 2025-05-07,S4,filing,filing-source,2,secondary,aggregator,false,false,false,false,false,aggregator,none,,,secondary,aggregator,false,true,false,1,false
20261007T054920110584Z-codex.web.MP13.r3-a1,web,multi_period,MP13,3,6,fact,Q2 2025 Gross Bookings (US$ billions): 46.8; 10-Q filed 2025-08-06.,Q2 2025; 46.8; 2025-08-06,S5,filing,filing-source,2,filing,filing,false,false,true,true,false,issuer,none,,,filing,filing,true,true,false,1,false
20261007T054920110584Z-codex.web.MP13.r3-a1,web,multi_period,MP13,3,7,fact,Q3 2025 Gross Bookings (US$ billions): 49.7; 10-Q filed 2025-11-04.,Q3 2025; 49.7; 2025-11-04,S6,filing,filing-source,3,secondary,forum,false,false,false,false,false,forum; aggregator,none,,,filing,filing,true,false,false,2,false
20261007T054920110584Z-codex.web.MP13.r3-a1,web,multi_period,MP13,3,8,fact,Q1 2026 Gross Bookings (US$ billions): 53.7; 10-Q filed 2026-05-06.,Q1 2026; 53.7; 2026-05-06,S7,filing,filing-source,2,secondary,forum,false,false,false,false,false,forum; aggregator,none,,,filing,filing,true,false,false,1,false
20261007T054920110584Z-codex.web.MP13.r3-a1,web,multi_period,MP13,3,9,fact,Q2 2026 Gross Bookings (US$ billions): 58.0; 10-Q filed 2026-08-05.,Q2 2026; 58.0; 2026-08-05,S8,filing,filing-source,2,filing,filing,false,false,true,true,false,issuer; forum; aggregator,none,,,filing,filing,true,true,false,1,false
20261007T054920110584Z-codex.web.MP13.r3-a1,web,multi_period,MP13,3,10,fact,Figures preserve the rounded amounts stated in the MD&A narrative.,,,,,0,unattributed,,true,false,false,false,false,,none,,,unattributed,,false,false,false,0,true
20261007T054940154152Z-codex.archivist.MP13.r3-a1,archivist,multi_period,MP13,3,1,fact,"Uber’s overall quarterly Gross Bookings: Q1 2024 (March 31), 37.7 US$ billions; 10-Q filed 2024-05-08.",Uber; Q1 2024; March 31; 37.7; 2024-05-08,S1,filing,mosaic-finance.com,4,filing,filing,false,false,true,false,false,,none,,,filing,filing,true,false,false,1,false
20261007T054940154152Z-codex.archivist.MP13.r3-a1,archivist,multi_period,MP13,3,2,fact,"Uber’s overall quarterly Gross Bookings: Q2 2024 (June 30), 40.0 US$ billions; 10-Q filed 2024-08-06.",Uber; Q2 2024; June 30; 40.0; 2024-08-06,S2,filing,mosaic-finance.com,4,filing,filing,false,false,true,false,false,,none,,,filing,filing,true,false,false,1,false
20261007T054940154152Z-codex.archivist.MP13.r3-a1,archivist,multi_period,MP13,3,3,fact,"Uber’s overall quarterly Gross Bookings: Q3 2024 (September 30), 41.0 US$ billions; 10-Q filed 2024-10-31.",Uber; Q3 2024; September 30; 41.0; 2024-10-31,S3,filing,mosaic-finance.com,5,filing,filing,false,false,true,false,false,,none,,,filing,filing,true,false,false,2,false
20261007T054940154152Z-codex.archivist.MP13.r3-a1,archivist,multi_period,MP13,3,4,fact,"Uber’s overall quarterly Gross Bookings: Q1 2025 (March 31), 42.8 US$ billions; 10-Q filed 2025-05-07.",Uber; Q1 2025; March 31; 42.8; 2025-05-07,S4,filing,mosaic-finance.com,4,filing,filing,false,false,true,false,false,,none,,,filing,filing,true,false,false,1,false
20261007T054940154152Z-codex.archivist.MP13.r3-a1,archivist,multi_period,MP13,3,5,fact,"Uber’s overall quarterly Gross Bookings: Q2 2025 (June 30), 46.8 US$ billions; 10-Q filed 2025-08-06.",Uber; Q2 2025; June 30; 46.8; 2025-08-06,S5,filing,mosaic-finance.com,4,filing,filing,false,false,true,false,false,,none,,,filing,filing,true,false,false,1,false
20261007T054940154152Z-codex.archivist.MP13.r3-a1,archivist,multi_period,MP13,3,6,fact,"Uber’s overall quarterly Gross Bookings: Q3 2025 (September 30), 49.7 US$ billions; 10-Q filed 2025-11-04.",Uber; Q3 2025; September 30; 49.7; 2025-11-04,S6,filing,mosaic-finance.com,5,filing,filing,false,false,true,false,false,,none,,,filing,filing,true,false,false,2,false
20261007T054940154152Z-codex.archivist.MP13.r3-a1,archivist,multi_period,MP13,3,7,fact,"Uber’s overall quarterly Gross Bookings: Q1 2026 (March 31), 53.7 US$ billions; 10-Q filed 2026-05-06.",Uber; Q1 2026; March 31; 53.7; 2026-05-06,S7,filing,mosaic-finance.com,4,filing,filing,false,false,true,false,false,,none,,,filing,filing,true,false,false,1,false
20261007T054940154152Z-codex.archivist.MP13.r3-a1,archivist,multi_period,MP13,3,8,fact,"Uber’s overall quarterly Gross Bookings: Q2 2026 (June 30), 58.0 US$ billions; 10-Q filed 2026-08-05.",Uber; Q2 2026; June 30; 58.0; 2026-08-05,S8,filing,mosaic-finance.com,4,filing,filing,false,false,true,false,false,,none,,,filing,filing,true,false,false,1,false
20261007T054940154152Z-codex.archivist.MP13.r3-a1,archivist,multi_period,MP13,3,9,fact,"Figures use the rounded amounts in MD&A’s “Overall Gross Bookings” narrative and are quarterly, not year to date.",,,,,0,unattributed,,true,false,false,false,false,,none,,,unattributed,,false,false,false,0,true
20261007T054952374031Z-codex.both.MP13.r3-a1,both,multi_period,MP13,3,1,fact,Q1 2024 | 2024-05-08 | 37.7,Q1 2024; 2024-05-08; 37.7,S1,filing,filing-source,2,unattributed,,false,false,false,false,false,,none,,,filing,filing,true,false,false,1,false
20261007T054952374031Z-codex.both.MP13.r3-a1,both,multi_period,MP13,3,2,fact,Q2 2024 | 2024-08-06 | 40.0,Q2 2024; 2024-08-06; 40.0,S2,filing,filing-source,2,secondary,issuer,false,false,false,true,false,issuer; aggregator,none,,,filing,filing,true,true,false,1,false
20261007T054952374031Z-codex.both.MP13.r3-a1,both,multi_period,MP13,3,3,fact,Q3 2024 | 2024-10-31 | 41.0,Q3 2024; 2024-10-31; 41.0,S3,filing,filing-source,3,secondary,issuer,false,false,false,false,false,issuer; aggregator,none,,,filing,filing,true,true,false,2,false
20261007T054952374031Z-codex.both.MP13.r3-a1,both,multi_period,MP13,3,4,fact,Q1 2025 | 2025-05-07 | 42.8,Q1 2025; 2025-05-07; 42.8,S4,filing,filing-source,2,secondary,forum,false,false,false,false,false,forum,none,,,filing,filing,true,false,false,1,false
20261007T054952374031Z-codex.both.MP13.r3-a1,both,multi_period,MP13,3,5,fact,Q2 2025 | 2025-08-06 | 46.8,Q2 2025; 2025-08-06; 46.8,S5,filing,filing-source,2,filing,filing,false,false,true,true,false,issuer; forum,none,,,filing,filing,true,true,false,1,false
20261007T054952374031Z-codex.both.MP13.r3-a1,both,multi_period,MP13,3,6,fact,Q3 2025 | 2025-11-04 | 49.7,Q3 2025; 2025-11-04; 49.7,S6,filing,filing-source,3,secondary,issuer,false,false,false,false,false,issuer; aggregator,none,,,filing,filing,true,false,false,2,false
20261007T054952374031Z-codex.both.MP13.r3-a1,both,multi_period,MP13,3,7,fact,Q1 2026 | 2026-05-06 | 53.7,Q1 2026; 2026-05-06; 53.7,S7,filing,filing-source,2,unattributed,,false,false,false,false,false,,none,,,filing,filing,true,false,false,1,false
20261007T054952374031Z-codex.both.MP13.r3-a1,both,multi_period,MP13,3,8,fact,Q2 2026 | 2026-08-05 | 58.0,Q2 2026; 2026-08-05; 58.0,S8,filing,filing-source,2,secondary,issuer,false,false,false,true,false,issuer; forum; aggregator,none,,,filing,filing,true,true,false,1,false
20261007T055035836344Z-codex.web.MP14.r3-a1,web,multi_period,MP14,3,1,fact,"2019 U.S. da Vinci procedure growth: approximately 17%, as stated in the 2019 Form 10-K MD&A (2020-02-07).",U.S.; da Vinci; 17%; 2019 Form 10-K; 2020-02-07,S1,filing,filing-source,4,secondary,issuer,false,false,false,false,false,issuer; forum; aggregator; other,none,,,filing,filing,true,true,false,1,false
20261007T055035836344Z-codex.web.MP14.r3-a1,web,multi_period,MP14,3,2,fact,"2020 U.S. da Vinci procedure growth: approximately -1%, as stated in the 2020 Form 10-K MD&A (2021-02-10).",U.S.; da Vinci; -1%; 2020 Form 10-K; 2021-02-10,S2,filing,filing-source,3,secondary,issuer,false,false,false,false,false,issuer; forum; aggregator,none,,,secondary,issuer,false,false,false,3,false
20261007T055035836344Z-codex.web.MP14.r3-a1,web,multi_period,MP14,3,3,fact,"2021 U.S. da Vinci procedure growth: approximately 27%, as stated in the 2021 Form 10-K MD&A (2022-02-03).",U.S.; da Vinci; 27%; 2021 Form 10-K; 2022-02-03,S3,filing,filing-source,4,secondary,issuer,false,false,false,false,false,issuer; forum; aggregator,none,,,filing,filing,true,false,false,1,false
20261007T055035836344Z-codex.web.MP14.r3-a1,web,multi_period,MP14,3,4,fact,"2022 U.S. da Vinci procedure growth: approximately 16%, as stated in the 2022 Form 10-K MD&A (2023-02-10).",U.S.; da Vinci; 16%; 2022 Form 10-K; 2023-02-10,S4,filing,filing-source,4,secondary,issuer,false,false,false,false,false,issuer; forum; aggregator,none,,,filing,filing,true,true,false,1,false
20261007T055035836344Z-codex.web.MP14.r3-a1,web,multi_period,MP14,3,5,fact,"2023 U.S. da Vinci procedure growth: approximately 19%, as stated in the 2023 Form 10-K MD&A (2024-01-31).",U.S.; da Vinci; 19%; 2023 Form 10-K; 2024-01-31,S5,filing,filing-source,5,secondary,issuer,false,false,false,false,false,issuer; forum; aggregator; other,none,,,filing,filing,true,true,false,2,false
20261007T055035836344Z-codex.web.MP14.r3-a1,web,multi_period,MP14,3,6,fact,"2024 U.S. da Vinci procedure growth: approximately 15%, as stated in the 2024 Form 10-K MD&A (2025-01-31).",U.S.; da Vinci; 15%; 2024 Form 10-K; 2025-01-31,S6,issuer,isrg.intuitive.com,5,secondary,issuer,false,true,false,false,false,issuer; forum; aggregator; other,none,,,filing,filing,true,true,false,2,false
20261007T055035836344Z-codex.web.MP14.r3-a1,web,multi_period,MP14,3,7,fact,"2025 U.S. da Vinci procedure growth: approximately 15%, as stated in the 2025 Form 10-K MD&A (2026-02-03).",U.S.; da Vinci; 15%; 2025 Form 10-K; 2026-02-03,S7,filing,filing-source,4,secondary,issuer,false,false,false,false,false,issuer; forum; aggregator,none,,,filing,filing,true,true,false,1,false
20261007T055037686072Z-codex.archivist.MP14.r3-a1,archivist,multi_period,MP14,3,1,fact,"ISRG reported approximate annual U.S. da Vinci procedure growth of 17% for 2019, from MD&A in that year’s Form 10-K, filed 2020-02-07.",ISRG; U.S.; da Vinci; 17%; MD&A; Form 10-K; 2020-02-07,S1,filing,mosaic-finance.com,6,unattributed,,false,false,false,false,false,,none,,,filing,filing,true,false,false,1,false
20261007T055037686072Z-codex.archivist.MP14.r3-a1,archivist,multi_period,MP14,3,2,fact,"ISRG reported approximate annual U.S. da Vinci procedure growth of -1% for 2020, from MD&A in that year’s Form 10-K, filed 2021-02-10.",ISRG; U.S.; da Vinci; -1%; MD&A; Form 10-K; 2021-02-10,S2,filing,mosaic-finance.com,5,unattributed,,false,false,false,false,false,,none,,,unattributed,,false,false,false,5,false
20261007T055037686072Z-codex.archivist.MP14.r3-a1,archivist,multi_period,MP14,3,3,fact,"ISRG reported approximate annual U.S. da Vinci procedure growth of 27% for 2021, from MD&A in that year’s Form 10-K, filed 2022-02-03.",ISRG; U.S.; da Vinci; 27%; MD&A; Form 10-K; 2022-02-03,S3,filing,mosaic-finance.com,6,unattributed,,false,false,false,false,false,,none,,,filing,filing,true,false,false,1,false
20261007T055037686072Z-codex.archivist.MP14.r3-a1,archivist,multi_period,MP14,3,4,fact,"ISRG reported approximate annual U.S. da Vinci procedure growth of 16% for 2022, from MD&A in that year’s Form 10-K, filed 2023-02-10.",ISRG; U.S.; da Vinci; 16%; MD&A; Form 10-K; 2023-02-10,S4,filing,mosaic-finance.com,6,unattributed,,false,false,false,false,false,,none,,,filing,filing,true,false,false,1,false
20261007T055037686072Z-codex.archivist.MP14.r3-a1,archivist,multi_period,MP14,3,5,fact,"ISRG reported approximate annual U.S. da Vinci procedure growth of 19% for 2023, from MD&A in that year’s Form 10-K, filed 2024-01-31.",ISRG; U.S.; da Vinci; 19%; MD&A; Form 10-K; 2024-01-31,S5,filing,mosaic-finance.com,7,unattributed,,false,false,false,false,false,,none,,,filing,filing,true,false,false,2,false
20261007T055037686072Z-codex.archivist.MP14.r3-a1,archivist,multi_period,MP14,3,6,fact,"ISRG reported approximate annual U.S. da Vinci procedure growth of 15% for 2024, from MD&A in that year’s Form 10-K, filed 2025-01-31.",ISRG; U.S.; da Vinci; 15%; MD&A; Form 10-K; 2025-01-31,S6,filing,mosaic-finance.com,7,unattributed,,false,false,false,false,false,,none,,,filing,filing,true,false,false,2,false
20261007T055037686072Z-codex.archivist.MP14.r3-a1,archivist,multi_period,MP14,3,7,fact,"ISRG reported approximate annual U.S. da Vinci procedure growth of 15% for 2025, from MD&A in that year’s Form 10-K, filed 2026-02-03.",ISRG; U.S.; da Vinci; 15%; MD&A; Form 10-K; 2026-02-03,S7,filing,mosaic-finance.com,6,unattributed,,false,false,false,false,false,,none,,,filing,filing,true,false,false,1,false
20261007T055037686072Z-codex.archivist.MP14.r3-a1,archivist,multi_period,MP14,3,8,fact,Years ended December 31.,December 31,,,,1,filing,filing,false,false,true,false,false,,none,,,filing,filing,true,false,false,1,false
20261007T055113291824Z-codex.both.MP14.r3-a1,both,multi_period,MP14,3,1,fact,All figures are approximate year-over-year growth rates stated in each year’s Form 10-K MD&A.,Form 10-K; MD&A,,,,2,secondary,issuer,false,false,false,false,false,issuer; aggregator,none,,,secondary,issuer,false,false,false,2,false
20261007T055113291824Z-codex.both.MP14.r3-a1,both,multi_period,MP14,3,2,fact,2019 U.S. da Vinci procedure growth: 17%; 2019 Form 10-K (2020-02-07).,U.S.; da Vinci; 17%; 2019 Form 10-K; 2020-02-07,S1,filing,filing-source,4,secondary,issuer,false,false,false,false,false,issuer; forum; aggregator; reference; other,none,,,filing,filing,true,true,false,1,false
20261007T055113291824Z-codex.both.MP14.r3-a1,both,multi_period,MP14,3,3,fact,2020 U.S. da Vinci procedure growth: -1%; 2020 Form 10-K (2021-02-10).,U.S.; da Vinci; -1%; 2020 Form 10-K; 2021-02-10,S2,filing,filing-source,3,secondary,issuer,false,false,false,false,false,issuer; forum; aggregator; reference,none,,,secondary,issuer,false,false,false,3,false
20261007T055113291824Z-codex.both.MP14.r3-a1,both,multi_period,MP14,3,4,fact,2021 U.S. da Vinci procedure growth: 27%; 2021 Form 10-K (2022-02-03).,U.S.; da Vinci; 27%; 2021 Form 10-K; 2022-02-03,S3,filing,filing-source,4,secondary,issuer,false,false,false,false,false,issuer; forum; aggregator; reference,none,,,filing,filing,true,true,false,1,false
20261007T055113291824Z-codex.both.MP14.r3-a1,both,multi_period,MP14,3,5,fact,2022 U.S. da Vinci procedure growth: 16%; 2022 Form 10-K (2023-02-10).,U.S.; da Vinci; 16%; 2022 Form 10-K; 2023-02-10,S4,filing,filing-source,4,secondary,issuer,false,false,false,false,false,issuer; forum; aggregator; reference,none,,,filing,filing,true,true,false,1,false
20261007T055113291824Z-codex.both.MP14.r3-a1,both,multi_period,MP14,3,6,fact,2023 U.S. da Vinci procedure growth: 19%; 2023 Form 10-K (2024-01-31).,U.S.; da Vinci; 19%; 2023 Form 10-K; 2024-01-31,S5,filing,filing-source,5,secondary,issuer,false,false,false,false,false,issuer; forum; aggregator; reference; other,none,,,filing,filing,true,true,false,2,false
20261007T055113291824Z-codex.both.MP14.r3-a1,both,multi_period,MP14,3,7,fact,2024 U.S. da Vinci procedure growth: 15%; 2024 Form 10-K (2025-01-31).,U.S.; da Vinci; 15%; 2024 Form 10-K; 2025-01-31,S6,filing,filing-source,5,secondary,issuer,false,false,false,false,false,issuer; forum; aggregator; reference; other,none,,,filing,filing,true,true,false,2,false
20261007T055113291824Z-codex.both.MP14.r3-a1,both,multi_period,MP14,3,8,fact,2025 U.S. da Vinci procedure growth: 15%; 2025 Form 10-K (2026-02-03).,U.S.; da Vinci; 15%; 2025 Form 10-K; 2026-02-03,S7,filing,filing-source,4,secondary,issuer,false,false,false,false,false,issuer; forum; aggregator; reference,none,,,filing,filing,true,true,false,1,false
20261007T055137263201Z-codex.web.MP15.r3-a1,web,multi_period,MP15,3,1,fact,2020 Form 10-K: Filing date 2021-02-03; Mentions Gemini? No.,2020 Form 10-K; 2021-02-03; Gemini,S1,filing,filing-source,2,secondary,other,false,false,false,false,false,other,none,,,secondary,other,false,false,false,2,false
20261007T055137263201Z-codex.web.MP15.r3-a1,web,multi_period,MP15,3,2,fact,2021 Form 10-K: Filing date 2022-02-02; Mentions Gemini? No.,2021 Form 10-K; 2022-02-02; Gemini,S2,filing,filing-source,2,secondary,other,false,false,false,false,false,other,none,,,secondary,other,false,false,false,2,false
20261007T055137263201Z-codex.web.MP15.r3-a1,web,multi_period,MP15,3,3,fact,2022 Form 10-K: Filing date 2023-02-03; Mentions Gemini? No.,2022 Form 10-K; 2023-02-03; Gemini,S3,filing,filing-source,2,secondary,other,false,false,false,false,false,other,none,,,secondary,other,false,false,false,2,false
20261007T055137263201Z-codex.web.MP15.r3-a1,web,multi_period,MP15,3,4,fact,2023 Form 10-K: Filing date 2024-01-31; Mentions Gemini? Yes.,2023 Form 10-K; 2024-01-31; Gemini,S4,filing,filing-source,3,secondary,forum,false,false,false,false,false,forum; aggregator; other,none,,,filing,filing,true,true,false,1,false
20261007T055137263201Z-codex.web.MP15.r3-a1,web,multi_period,MP15,3,5,fact,"2023 Form 10-K, Item 1: Gemini’s December 2023 launch.",2023 Form 10-K; Item 1; Gemini; December 2023,S4,filing,filing-source,4,secondary,other,false,false,false,false,false,other,none,,,secondary,other,false,false,false,4,false
20261007T055137263201Z-codex.web.MP15.r3-a1,web,multi_period,MP15,3,6,fact,2024 Form 10-K: Filing date 2025-02-05; Mentions Gemini? Yes.,2024 Form 10-K; 2025-02-05; Gemini,S5,filing,filing-source,2,secondary,other,false,false,false,false,false,other,none,,,secondary,other,false,false,false,2,false
20261007T055137263201Z-codex.web.MP15.r3-a1,web,multi_period,MP15,3,7,fact,"2024 Form 10-K, Item 1: Gemini and Gemini 2.0.",2024 Form 10-K; Item 1; Gemini; Gemini 2.0,S5,filing,filing-source,4,secondary,other,false,false,false,false,false,other,none,,,secondary,other,false,false,false,4,false
20261007T055137263201Z-codex.web.MP15.r3-a1,web,multi_period,MP15,3,8,fact,2025 Form 10-K: Filing date 2026-02-05; Mentions Gemini? Yes.,2025 Form 10-K; 2026-02-05; Gemini,S6,filing,filing-source,2,secondary,other,false,false,false,false,false,other,none,,,secondary,other,false,false,false,2,false
20261007T055137263201Z-codex.web.MP15.r3-a1,web,multi_period,MP15,3,9,fact,"2025 Form 10-K, Item 1: Gemini 3.",2025 Form 10-K; Item 1; Gemini 3,S6,filing,filing-source,3,unattributed,,false,false,false,false,false,,none,,,unattributed,,false,false,false,3,false
20261007T055137263201Z-codex.web.MP15.r3-a1,web,multi_period,MP15,3,10,fact,I searched each filing’s text for “Gemini”; there were no matches in the 2020–2022 filings.,Gemini; 2020–2022 filings,,,,2,secondary,other,false,false,false,false,false,other,none,,,secondary,other,false,false,false,2,false
20261007T055151336054Z-codex.archivist.MP15.r3-a1,archivist,multi_period,MP15,3,1,fact,Fiscal year 2020: 10-K filing date 2021-02-03; no matches for “Gemini.”,2021-02-03; Gemini,S1,filing,mosaic-finance.com,1,filing,filing,false,false,true,false,false,,none,,,filing,filing,true,false,false,1,false
20261007T055151336054Z-codex.archivist.MP15.r3-a1,archivist,multi_period,MP15,3,2,fact,Fiscal year 2021: 10-K filing date 2022-02-02; no matches for “Gemini.”,2022-02-02; Gemini,S2,filing,mosaic-finance.com,1,filing,filing,false,false,true,false,false,,none,,,filing,filing,true,false,false,1,false
20261007T055151336054Z-codex.archivist.MP15.r3-a1,archivist,multi_period,MP15,3,3,fact,Fiscal year 2022: 10-K filing date 2023-02-03; no matches for “Gemini.”,2023-02-03; Gemini,S3,filing,mosaic-finance.com,1,filing,filing,false,false,true,false,false,,none,,,filing,filing,true,false,false,1,false
20261007T055151336054Z-codex.archivist.MP15.r3-a1,archivist,multi_period,MP15,3,4,fact,Fiscal year 2023: 10-K filing date 2024-01-31; mentions Gemini: Yes.,2024-01-31; Gemini,S4,filing,mosaic-finance.com,2,filing,filing,false,false,true,false,false,,none,,,filing,filing,true,false,false,1,false
20261007T055151336054Z-codex.archivist.MP15.r3-a1,archivist,multi_period,MP15,3,5,fact,"In December 2023, we launched Gemini.",December 2023; Gemini,S4,filing,mosaic-finance.com,2,filing,filing,false,false,true,false,false,,none,,,filing,filing,true,false,false,2,false
20261007T055151336054Z-codex.archivist.MP15.r3-a1,archivist,multi_period,MP15,3,6,fact,Fiscal year 2024: 10-K filing date 2025-02-05; mentions Gemini: Yes.,2025-02-05; Gemini,S5,filing,mosaic-finance.com,1,filing,filing,false,false,true,false,false,,none,,,filing,filing,true,false,false,1,false
20261007T055151336054Z-codex.archivist.MP15.r3-a1,archivist,multi_period,MP15,3,7,fact,"In 2024, we launched Gemini 2.0.",Gemini 2.0,S5,filing,mosaic-finance.com,1,filing,filing,false,false,true,false,false,,none,,,filing,filing,true,false,false,1,false
20261007T055151336054Z-codex.archivist.MP15.r3-a1,archivist,multi_period,MP15,3,8,fact,Fiscal year 2025: 10-K filing date 2026-02-05; mentions Gemini: Yes.,2026-02-05; Gemini,S6,filing,mosaic-finance.com,1,filing,filing,false,false,true,false,false,,none,,,filing,filing,true,false,false,1,false
20261007T055151336054Z-codex.archivist.MP15.r3-a1,archivist,multi_period,MP15,3,9,evaluative,"Gemini 3, our most intelligent AI model yet.",,S6,filing,mosaic-finance.com,,,,,,,,,,filer,our most intelligent AI model yet,false,,,,,,,
20261007T055151336054Z-codex.archivist.MP15.r3-a1,archivist,multi_period,MP15,3,10,fact,The “No” answers reflect filing-wide term checks using [source] [tool].,,,,,0,unattributed,,true,false,false,false,false,,none,,,unattributed,,false,false,false,0,true
20261007T055200333898Z-codex.both.MP15.r3-a1,both,multi_period,MP15,3,1,fact,2020 | 2021-02-03 | No | 2020 Form 10-K,2020 Form 10-K; 2021-02-03; Gemini,S1,filing,filing-source,2,secondary,forum,false,false,false,false,false,forum; reference,none,,,secondary,forum,false,false,false,2,false
20261007T055200333898Z-codex.both.MP15.r3-a1,both,multi_period,MP15,3,2,fact,2021 | 2022-02-02 | No | 2021 Form 10-K,2021 Form 10-K; 2022-02-02; Gemini,S2,filing,filing-source,2,secondary,forum,false,false,false,false,false,forum; reference,none,,,secondary,forum,false,false,false,2,false
20261007T055200333898Z-codex.both.MP15.r3-a1,both,multi_period,MP15,3,3,fact,2022 | 2023-02-03 | No | 2022 Form 10-K,2022 Form 10-K; 2023-02-03; Gemini,S3,filing,filing-source,2,secondary,forum,false,false,false,false,false,forum; reference,none,,,secondary,forum,false,false,false,2,false
20261007T055200333898Z-codex.both.MP15.r3-a1,both,multi_period,MP15,3,4,fact,"2023 | 2024-01-31 | Yes | 2023 Form 10-K, Item 1: Gemini’s December 2023 launch.",2023 Form 10-K; 2024-01-31; Item 1; Gemini; December 2023,S4,filing,filing-source,5,secondary,forum,false,false,false,false,false,forum; aggregator; reference,none,,,filing,filing,true,true,false,1,false
20261007T055200333898Z-codex.both.MP15.r3-a1,both,multi_period,MP15,3,5,fact,"2024 | 2025-02-05 | Yes | 2024 Form 10-K, Item 1: Gemini and Gemini 2.0.",2024 Form 10-K; 2025-02-05; Item 1; Gemini; Gemini 2.0,S5,filing,filing-source,4,secondary,forum,false,false,false,false,false,forum; reference,none,,,secondary,forum,false,false,false,4,false
20261007T055200333898Z-codex.both.MP15.r3-a1,both,multi_period,MP15,3,6,fact,"2025 | 2026-02-05 | Yes | 2025 Form 10-K, Item 1: Gemini 3.",2025 Form 10-K; 2026-02-05; Item 1; Gemini; Gemini 3,S6,filing,filing-source,4,secondary,forum,false,false,false,false,false,forum; reference,none,,,secondary,forum,false,false,false,4,false
20261007T055200333898Z-codex.both.MP15.r3-a1,both,multi_period,MP15,3,7,fact,I searched each report’s text for “Gemini”; the 2020–2022 reports returned no matches.,Gemini; 2020–2022 reports,,,,2,secondary,forum,false,false,false,false,false,forum; reference,none,,,secondary,forum,false,false,false,2,false
20261007T055231752939Z-codex.web.BR01.r1-a1,web,breadth,BR01,1,1,fact,"JPMorgan Chase & Co. (JPM): PricewaterhouseCoopers LLP; auditor since 1965; 10-K, p. 164.",JPMorgan Chase & Co.; JPM; PricewaterhouseCoopers LLP; 164,S1,issuer,jpmorganchase.com,4,filing,filing,false,true,true,true,false,issuer; forum; aggregator; news; reference; other,none,,,filing,filing,true,true,false,1,false
20261007T055231752939Z-codex.web.BR01.r1-a1,web,breadth,BR01,1,2,fact,"Bank of America Corporation (BAC): PricewaterhouseCoopers LLP; auditor since 1958; 10-K, p. 90.",Bank of America Corporation; BAC; PricewaterhouseCoopers LLP; 90,S2,news,fortune.com,3,filing,filing,false,true,true,true,false,issuer; forum; aggregator; news; other,none,,,filing,filing,true,true,false,3,false
20261007T055231752939Z-codex.web.BR01.r1-a1,web,breadth,BR01,1,3,fact,"Citigroup Inc. (C): KPMG LLP; auditor since 1969; 10-K, p. 132.",Citigroup Inc.; C; KPMG LLP; 132,S3,issuer,citigroup.com,3,secondary,issuer,false,true,false,true,false,issuer; reference,none,,,secondary,issuer,false,true,false,1,false
20261007T055231752939Z-codex.web.BR01.r1-a1,web,breadth,BR01,1,4,fact,"The Goldman Sachs Group, Inc. (GS): PricewaterhouseCoopers LLP; auditor since 1922; 10-K, p. 137.","The Goldman Sachs Group, Inc.; GS; PricewaterhouseCoopers LLP; 137",S4,issuer,d3cobg6h0snvt3.cloudfront.net,4,secondary,issuer,false,true,false,true,false,issuer; forum; aggregator; news; other,none,,,secondary,issuer,false,true,false,1,false
20261007T055231752939Z-codex.web.BR01.r1-a1,web,breadth,BR01,1,5,fact,Morgan Stanley (MS): Deloitte & Touche LLP; auditor since 1997; 10-K auditor’s report.,Morgan Stanley; MS; Deloitte & Touche LLP,S5,filing,filing-source,3,filing,filing,false,false,true,true,false,issuer; forum; aggregator; reference; other,none,,,filing,filing,true,true,false,3,false
20261007T055231752939Z-codex.web.BR01.r1-a1,web,breadth,BR01,1,6,fact,"The PNC Financial Services Group, Inc. (PNC): PricewaterhouseCoopers LLP; auditor since 2007; 10-K, p. 83.","The PNC Financial Services Group, Inc.; PNC; PricewaterhouseCoopers LLP; 83",S6,issuer,investor.pnc.com,4,filing,filing,false,true,true,true,false,issuer; forum; aggregator; news,none,,,filing,filing,true,true,false,1,false
20261007T055231752939Z-codex.web.BR01.r1-a1,web,breadth,BR01,1,7,fact,"U.S. Bancorp (USB): Ernst & Young LLP; auditor since 2003; 2025 financials, p. 63.",U.S. Bancorp; USB; Ernst & Young LLP; 2025 financials; 63,S7,issuer,usbank.com,5,secondary,issuer,false,true,false,false,false,issuer,none,,,secondary,issuer,false,true,false,1,false
20261007T055231752939Z-codex.web.BR01.r1-a1,web,breadth,BR01,1,8,fact,"The Charles Schwab Corporation (SCHW): Deloitte & Touche LLP; auditor since 1976; 10-K, p. 118.",The Charles Schwab Corporation; SCHW; Deloitte & Touche LLP; 118,S8,issuer,content.schwab.com,4,secondary,issuer,false,true,false,true,false,issuer; forum; aggregator; reference,none,,,secondary,issuer,false,true,false,1,false
20261007T055231753220Z-codex.archivist.BR01.r1-a1,archivist,breadth,BR01,1,1,fact,"The auditor reports are in the 2025 Forms 10-K (year ended December 31, 2025).","2025 Forms 10-K; December 31, 2025",,,,2,unattributed,,false,false,false,false,false,,none,,,unattributed,,false,false,false,2,false
20261007T055231753220Z-codex.archivist.BR01.r1-a1,archivist,breadth,BR01,1,2,fact,JPMorgan Chase & Co. (JPM): Independent registered public accounting firm — PricewaterhouseCoopers LLP.,JPMorgan Chase & Co. (JPM); PricewaterhouseCoopers LLP,S1,filing,mosaic-finance.com,2,unattributed,,false,false,false,false,false,,none,,,unattributed,,false,false,false,2,false
20261007T055231753220Z-codex.archivist.BR01.r1-a1,archivist,breadth,BR01,1,3,fact,"JPMorgan Chase & Co. (JPM): PricewaterhouseCoopers LLP, auditor since 1965.",JPMorgan Chase & Co. (JPM); PricewaterhouseCoopers LLP,S2,filing,mosaic-finance.com,2,unattributed,,false,false,false,false,false,,none,,,unattributed,,false,false,false,2,false
20261007T055231753220Z-codex.archivist.BR01.r1-a1,archivist,breadth,BR01,1,4,fact,"JPMorgan Chase & Co. (JPM): 10-K filed February 13, 2026.","JPMorgan Chase & Co. (JPM); 10-K; February 13, 2026",,,,2,unattributed,,false,false,false,false,false,,none,,,unattributed,,false,false,false,2,false
20261007T055231753220Z-codex.archivist.BR01.r1-a1,archivist,breadth,BR01,1,5,fact,Bank of America Corporation (BAC): Independent registered public accounting firm — PricewaterhouseCoopers LLP.,Bank of America Corporation (BAC); PricewaterhouseCoopers LLP,S3,filing,mosaic-finance.com,2,unattributed,,false,false,false,false,false,,none,,,unattributed,,false,false,false,2,false
20261007T055231753220Z-codex.archivist.BR01.r1-a1,archivist,breadth,BR01,1,6,fact,"Bank of America Corporation (BAC): PricewaterhouseCoopers LLP, auditor since 1958.",Bank of America Corporation (BAC); PricewaterhouseCoopers LLP,S4,filing,mosaic-finance.com,2,unattributed,,false,false,false,false,false,,none,,,unattributed,,false,false,false,2,false
20261007T055231753220Z-codex.archivist.BR01.r1-a1,archivist,breadth,BR01,1,7,fact,"Bank of America Corporation (BAC): 10-K filed February 25, 2026.","Bank of America Corporation (BAC); 10-K; February 25, 2026",,,,2,unattributed,,false,false,false,false,false,,none,,,unattributed,,false,false,false,2,false
20261007T055231753220Z-codex.archivist.BR01.r1-a1,archivist,breadth,BR01,1,8,fact,Citigroup Inc. (C): Independent registered public accounting firm — KPMG LLP.,Citigroup Inc. (C); KPMG LLP,,,,2,unattributed,,false,false,false,false,false,,none,,,unattributed,,false,false,false,2,false
20261007T055231753220Z-codex.archivist.BR01.r1-a1,archivist,breadth,BR01,1,9,fact,"Citigroup Inc. (C): KPMG LLP, auditor since 1969.",Citigroup Inc. (C); KPMG LLP,S5,filing,mosaic-finance.com,2,unattributed,,false,false,false,false,false,,none,,,unattributed,,false,false,false,2,false
20261007T055231753220Z-codex.archivist.BR01.r1-a1,archivist,breadth,BR01,1,10,fact,"Citigroup Inc. (C): 10-K filed February 20, 2026.","Citigroup Inc. (C); 10-K; February 20, 2026",,,,2,unattributed,,false,false,false,false,false,,none,,,unattributed,,false,false,false,2,false
20261007T055231753220Z-codex.archivist.BR01.r1-a1,archivist,breadth,BR01,1,11,fact,"The Goldman Sachs Group, Inc. (GS): Independent registered public accounting firm — PricewaterhouseCoopers LLP.","The Goldman Sachs Group, Inc. (GS); PricewaterhouseCoopers LLP",,,,2,unattributed,,false,false,false,false,false,,none,,,unattributed,,false,false,false,2,false
20261007T055231753220Z-codex.archivist.BR01.r1-a1,archivist,breadth,BR01,1,12,fact,"The Goldman Sachs Group, Inc. (GS): PricewaterhouseCoopers LLP, auditor since 1922.","The Goldman Sachs Group, Inc. (GS); PricewaterhouseCoopers LLP",S6,filing,mosaic-finance.com,2,unattributed,,false,false,false,false,false,,none,,,unattributed,,false,false,false,2,false
20261007T055231753220Z-codex.archivist.BR01.r1-a1,archivist,breadth,BR01,1,13,fact,"The Goldman Sachs Group, Inc. (GS): 10-K filed February 25, 2026.","The Goldman Sachs Group, Inc. (GS); 10-K; February 25, 2026",,,,2,unattributed,,false,false,false,false,false,,none,,,unattributed,,false,false,false,2,false
20261007T055231753220Z-codex.archivist.BR01.r1-a1,archivist,breadth,BR01,1,14,fact,Morgan Stanley (MS): Independent registered public accounting firm — Deloitte & Touche LLP.,Morgan Stanley (MS); Deloitte & Touche LLP,,,,2,unattributed,,false,false,false,false,false,,none,,,unattributed,,false,false,false,2,false
20261007T055231753220Z-codex.archivist.BR01.r1-a1,archivist,breadth,BR01,1,15,fact,"Morgan Stanley (MS): Deloitte & Touche LLP, auditor since 1997.",Morgan Stanley (MS); Deloitte & Touche LLP,S7,filing,mosaic-finance.com,2,unattributed,,false,false,false,false,false,,none,,,unattributed,,false,false,false,2,false
20261007T055231753220Z-codex.archivist.BR01.r1-a1,archivist,breadth,BR01,1,16,fact,"Morgan Stanley (MS): 10-K filed February 19, 2026.","Morgan Stanley (MS); 10-K; February 19, 2026",,,,2,unattributed,,false,false,false,false,false,,none,,,unattributed,,false,false,false,2,false
20261007T055231753220Z-codex.archivist.BR01.r1-a1,archivist,breadth,BR01,1,17,fact,"The PNC Financial Services Group, Inc. (PNC): Independent registered public accounting firm — PricewaterhouseCoopers LLP.","The PNC Financial Services Group, Inc. (PNC); PricewaterhouseCoopers LLP",,,,2,unattributed,,false,false,false,false,false,,none,,,unattributed,,false,false,false,2,false
20261007T055231753220Z-codex.archivist.BR01.r1-a1,archivist,breadth,BR01,1,18,fact,"The PNC Financial Services Group, Inc. (PNC): PricewaterhouseCoopers LLP, auditor since 2007.","The PNC Financial Services Group, Inc. (PNC); PricewaterhouseCoopers LLP",S8,filing,mosaic-finance.com,2,unattributed,,false,false,false,false,false,,none,,,unattributed,,false,false,false,2,false
20261007T055231753220Z-codex.archivist.BR01.r1-a1,archivist,breadth,BR01,1,19,fact,"The PNC Financial Services Group, Inc. (PNC): 10-K filed February 20, 2026.","The PNC Financial Services Group, Inc. (PNC); 10-K; February 20, 2026",,,,2,unattributed,,false,false,false,false,false,,none,,,unattributed,,false,false,false,2,false
20261007T055231753220Z-codex.archivist.BR01.r1-a1,archivist,breadth,BR01,1,20,fact,U.S. Bancorp (USB): Independent registered public accounting firm — Ernst & Young LLP.,U.S. Bancorp (USB); Ernst & Young LLP,S9,filing,mosaic-finance.com,2,unattributed,,false,false,false,false,false,,none,,,unattributed,,false,false,false,2,false
20261007T055231753220Z-codex.archivist.BR01.r1-a1,archivist,breadth,BR01,1,21,fact,"U.S. Bancorp (USB): Ernst & Young LLP, auditor since 2003.",U.S. Bancorp (USB); Ernst & Young LLP,S10,filing,mosaic-finance.com,2,unattributed,,false,false,false,false,false,,none,,,unattributed,,false,false,false,2,false
20261007T055231753220Z-codex.archivist.BR01.r1-a1,archivist,breadth,BR01,1,22,fact,"U.S. Bancorp (USB): 10-K filed February 23, 2026.","U.S. Bancorp (USB); 10-K; February 23, 2026",,,,2,unattributed,,false,false,false,false,false,,none,,,unattributed,,false,false,false,2,false
20261007T055231753220Z-codex.archivist.BR01.r1-a1,archivist,breadth,BR01,1,23,fact,The Charles Schwab Corporation (SCHW): Independent registered public accounting firm — Deloitte & Touche LLP.,The Charles Schwab Corporation (SCHW); Deloitte & Touche LLP,,,,2,unattributed,,false,false,false,false,false,,none,,,unattributed,,false,false,false,2,false
20261007T055231753220Z-codex.archivist.BR01.r1-a1,archivist,breadth,BR01,1,24,fact,"The Charles Schwab Corporation (SCHW): Deloitte & Touche LLP, auditor since 1976.",The Charles Schwab Corporation (SCHW); Deloitte & Touche LLP,S11,filing,mosaic-finance.com,2,unattributed,,false,false,false,false,false,,none,,,unattributed,,false,false,false,2,false
20261007T055231753220Z-codex.archivist.BR01.r1-a1,archivist,breadth,BR01,1,25,fact,"The Charles Schwab Corporation (SCHW): 10-K filed February 25, 2026.","The Charles Schwab Corporation (SCHW); 10-K; February 25, 2026",,,,2,unattributed,,false,false,false,false,false,,none,,,unattributed,,false,false,false,2,false
20261007T055334206438Z-codex.both.BR01.r1-a1,both,breadth,BR01,1,1,fact,"From the independent auditor reports in each company’s Form 10-K for the fiscal year ended December 31, 2025.","Form 10-K; December 31, 2025",,,,2,filing,filing,false,false,true,true,false,issuer; forum; aggregator; reference; other,none,,,filing,filing,true,true,false,2,false
20261007T055334206438Z-codex.both.BR01.r1-a1,both,breadth,BR01,1,2,fact,"JPMorgan Chase & Co. (JPM) | PricewaterhouseCoopers LLP | Auditor since: 1965 | 2025 Form 10-K, p. 164",JPMorgan Chase & Co.; JPM; PricewaterhouseCoopers LLP; 2025 Form 10-K; 164,S1,issuer,jpmorganchaseco.gcs-web.com,5,secondary,issuer,false,true,false,true,false,issuer; forum; aggregator; reference; other,none,,,secondary,issuer,false,true,false,1,false
20261007T055334206438Z-codex.both.BR01.r1-a1,both,breadth,BR01,1,3,fact,"Bank of America Corporation (BAC) | PricewaterhouseCoopers LLP | Auditor since: 1958 | 2025 Form 10-K, p. 90",Bank of America Corporation; BAC; PricewaterhouseCoopers LLP; 2025 Form 10-K; 90,S2,issuer,investor.bankofamerica.com,4,filing,filing,false,true,true,true,false,issuer; forum; aggregator; reference; other,none,,,filing,filing,true,true,false,4,false
20261007T055334206438Z-codex.both.BR01.r1-a1,both,breadth,BR01,1,4,fact,"Citigroup Inc. (C) | KPMG LLP | Auditor since: 1969 | 2025 Form 10-K, p. 132",Citigroup Inc.; C; KPMG LLP; 2025 Form 10-K; 132,S3,issuer,citigroup.com,4,secondary,issuer,false,true,false,true,false,issuer; forum; aggregator; reference,none,,,filing,filing,true,true,false,1,false
20261007T055334206438Z-codex.both.BR01.r1-a1,both,breadth,BR01,1,5,fact,"The Goldman Sachs Group, Inc. (GS) | PricewaterhouseCoopers LLP | Auditor since: 1922 | 2025 Form 10-K, p. 137","The Goldman Sachs Group, Inc.; GS; PricewaterhouseCoopers LLP; 2025 Form 10-K; 137",S4,filing,filing-source,5,secondary,issuer,false,false,false,true,false,issuer; forum; aggregator; reference; other,none,,,secondary,issuer,false,true,false,1,false
20261007T055334206438Z-codex.both.BR01.r1-a1,both,breadth,BR01,1,6,fact,"Morgan Stanley (MS) | Deloitte & Touche LLP | Auditor since: 1997 | 2025 Form 10-K, p. 79",Morgan Stanley; MS; Deloitte & Touche LLP; 2025 Form 10-K; 79,S5,issuer,morganstanley.ca,5,secondary,issuer,false,true,false,true,false,issuer; forum; promotional; aggregator; reference; other,none,,,secondary,issuer,false,true,false,1,false
20261007T055334206438Z-codex.both.BR01.r1-a1,both,breadth,BR01,1,7,fact,"The PNC Financial Services Group, Inc. (PNC) | PricewaterhouseCoopers LLP | Auditor since: 2007 | 2025 Form 10-K, p. 83","The PNC Financial Services Group, Inc.; PNC; PricewaterhouseCoopers LLP; 2025 Form 10-K; 83",S6,issuer,investor.pnc.com,5,filing,filing,false,true,true,true,false,issuer; forum; aggregator; reference; other,none,,,filing,filing,true,true,false,1,false
20261007T055334206438Z-codex.both.BR01.r1-a1,both,breadth,BR01,1,8,fact,"U.S. Bancorp (USB) | Ernst & Young LLP | Auditor since: 2003 | 2025 auditor report, p. 63",U.S. Bancorp; USB; Ernst & Young LLP; 2025 auditor report; 63,S7,issuer,usbank.com,5,secondary,issuer,false,true,false,false,false,issuer; forum; aggregator,none,,,secondary,issuer,false,true,false,1,false
20261007T055334206438Z-codex.both.BR01.r1-a1,both,breadth,BR01,1,9,fact,"The Charles Schwab Corporation (SCHW) | Deloitte & Touche LLP | Auditor since: 1976 | 2025 Form 10-K, p. 118",The Charles Schwab Corporation; SCHW; Deloitte & Touche LLP; 2025 Form 10-K; 118,S8,issuer,content.schwab.com,5,filing,filing,false,true,true,true,false,issuer; forum; aggregator; reference,none,,,filing,filing,true,true,false,1,false
20261007T055347763120Z-codex.web.BR02.r1-a1,web,breadth,BR02,1,1,fact,"Walmart (WMT): Approximately 2,100,000 associates worldwide; FY2026 Form 10-K.","Walmart; WMT; 2,100,000; FY2026 Form 10-K",S1,issuer,stock.walmart.com,4,secondary,issuer,false,true,false,false,false,issuer; forum; news; reference,none,,,filing,filing,true,true,false,1,false
20261007T055347763120Z-codex.web.BR02.r1-a1,web,breadth,BR02,1,2,fact,"Target (TGT): Approximately 415,000 full-time, part-time and seasonal team members; Form 10-K.","Target; TGT; 415,000; Form 10-K",S2,filing,filing-source,4,filing,filing,false,false,true,false,false,issuer; aggregator; news; reference,none,,,filing,filing,true,false,false,1,false
20261007T055347763120Z-codex.web.BR02.r1-a1,web,breadth,BR02,1,3,fact,"Costco (COST): 341,000 employees worldwide; FY2025 Form 10-K.","Costco; COST; 341,000; FY2025 Form 10-K",S3,filing,filing-source,4,secondary,issuer,false,false,false,false,false,issuer; forum; aggregator; news; reference,none,,,filing,filing,true,true,false,1,false
20261007T055347763120Z-codex.web.BR02.r1-a1,web,breadth,BR02,1,4,fact,"Home Depot (HD): Approximately 472,400 associates; FY2025 Form 10-K.","Home Depot; HD; 472,400; FY2025 Form 10-K",S4,filing,filing-source,4,secondary,news,false,false,false,false,false,news,none,,,filing,filing,true,false,false,1,false
20261007T055347763120Z-codex.web.BR02.r1-a1,web,breadth,BR02,1,5,fact,"Lowe’s (LOW): Approximately 276,000 associates: 167,000 full-time + 109,000 part-time; Form 10-K.","Lowe’s; LOW; 276,000; 167,000; 109,000; Form 10-K",S5,filing,filing-source,6,secondary,issuer,false,false,false,true,false,issuer; forum; aggregator; news; reference,none,,,secondary,issuer,false,true,false,3,false
20261007T055347763120Z-codex.web.BR02.r1-a1,web,breadth,BR02,1,6,fact,"Kroger (KR): More than 403,000 full- and part-time employees; Form 10-K, annual-report copy.","Kroger; KR; 403,000; Form 10-K",S6,filing,filing-source,4,filing,filing,false,false,true,true,false,issuer; forum; aggregator; news; reference; other,none,,,filing,filing,true,true,false,1,false
20261007T055347763120Z-codex.web.BR02.r1-a1,web,breadth,BR02,1,7,fact,"Best Buy (BBY): Approximately 82,000 employees in the U.S. and Canada; FY2026 Form 10-K.","Best Buy; BBY; 82,000; U.S.; Canada; FY2026 Form 10-K",S7,filing,filing-source,6,secondary,issuer,false,false,false,false,false,issuer; forum; aggregator; news; reference,none,,,filing,filing,true,true,false,1,false
20261007T055347763120Z-codex.web.BR02.r1-a1,web,breadth,BR02,1,8,fact,"TJX (TJX): Approximately 377,000 associates; Form 10-K.","TJX; 377,000; Form 10-K",S8,filing,filing-source,3,filing,filing,false,false,true,false,false,issuer; aggregator; news; reference,none,,,filing,filing,true,false,false,1,false
20261007T055347763120Z-codex.web.BR02.r1-a1,web,breadth,BR02,1,9,fact,"Ross Stores (ROST): Approximately 111,000 full- and part-time associates; Form 10-K.","Ross Stores; ROST; 111,000; Form 10-K",S9,filing,filing-source,4,filing,filing,false,false,true,true,false,issuer; forum; aggregator; news; reference,none,,,filing,filing,true,true,false,1,false
20261007T055447137481Z-codex.archivist.BR02.r1-a1,archivist,breadth,BR02,1,1,fact,Walmart (WMT): Approximately 2.1 million associates worldwide.,Walmart; WMT; 2.1 million,S1,filing,mosaic-finance.com,3,filing,filing,false,false,true,false,false,,none,,,filing,filing,true,false,false,1,false
20261007T055447137481Z-codex.archivist.BR02.r1-a1,archivist,breadth,BR02,1,2,fact,"Target (TGT): Approximately 415,000 full-time, part-time and seasonal team members.","Target; TGT; 415,000",S2,filing,mosaic-finance.com,3,filing,filing,false,false,true,false,false,,none,,,filing,filing,true,false,false,1,false
20261007T055447137481Z-codex.archivist.BR02.r1-a1,archivist,breadth,BR02,1,3,fact,"Costco (COST): 341,000 employees worldwide.","Costco; COST; 341,000",S3,filing,mosaic-finance.com,3,filing,filing,false,false,true,false,false,,none,,,filing,filing,true,false,false,1,false
20261007T055447137481Z-codex.archivist.BR02.r1-a1,archivist,breadth,BR02,1,4,fact,"Home Depot (HD): Approximately 472,400 associates.","Home Depot; HD; 472,400",S4,filing,mosaic-finance.com,3,filing,filing,false,false,true,false,false,,none,,,filing,filing,true,false,false,1,false
20261007T055447137481Z-codex.archivist.BR02.r1-a1,archivist,breadth,BR02,1,5,fact,"Lowe’s (LOW): Approximately 276,000 associates, calculated as 167,000 full-time + 109,000 part-time.","Lowe’s; LOW; 276,000; 167,000; 109,000",S5,filing,mosaic-finance.com,5,unattributed,,false,false,false,false,false,,none,,,unattributed,,false,false,false,3,false
20261007T055447137481Z-codex.archivist.BR02.r1-a1,archivist,breadth,BR02,1,6,fact,"Kroger (KR): More than 403,000 full- and part-time employees.","Kroger; KR; 403,000",S6,filing,mosaic-finance.com,3,filing,filing,false,false,true,false,false,,none,,,filing,filing,true,false,false,1,false
20261007T055447137481Z-codex.archivist.BR02.r1-a1,archivist,breadth,BR02,1,7,fact,"Best Buy (BBY): Approximately 82,000 employees in the U.S. and Canada.","Best Buy; BBY; 82,000; U.S.; Canada",S7,filing,mosaic-finance.com,5,filing,filing,false,false,true,false,false,,none,,,filing,filing,true,false,false,1,false
20261007T055447137481Z-codex.archivist.BR02.r1-a1,archivist,breadth,BR02,1,8,fact,"TJX (TJX): Approximately 377,000 associates.","TJX; 377,000",S8,filing,mosaic-finance.com,2,filing,filing,false,false,true,false,false,,none,,,filing,filing,true,false,false,1,false
20261007T055447137481Z-codex.archivist.BR02.r1-a1,archivist,breadth,BR02,1,9,fact,"Ross Stores (ROST): Approximately 111,000 total associates, including full- and part-time associates.","Ross Stores; ROST; 111,000",S9,filing,mosaic-finance.com,3,filing,filing,false,false,true,false,false,,none,,,filing,filing,true,false,false,1,false
20261007T055457470662Z-codex.both.BR02.r1-a1,both,breadth,BR02,1,1,fact,"These are the company-wide counts reported in the human capital sections of the named filings, including international employees where applicable.",,,,,0,unattributed,,true,false,false,false,false,,none,,,unattributed,,false,false,false,0,true
20261007T055457470662Z-codex.both.BR02.r1-a1,both,breadth,BR02,1,2,fact,"Walmart (WMT): Approximately 2,100,000 associates worldwide; 2026 Form 10-K.","Walmart; WMT; 2,100,000; 2026 Form 10-K",S1,filing,filing-source,4,filing,filing,false,false,true,false,false,issuer; forum; aggregator; news; reference,none,,,filing,filing,true,true,false,1,false
20261007T055457470662Z-codex.both.BR02.r1-a1,both,breadth,BR02,1,3,fact,"Target (TGT): Approximately 415,000 full-time, part-time and seasonal team members; Form 10-K.","Target; TGT; 415,000; Form 10-K",S2,filing,filing-source,4,filing,filing,false,false,true,true,false,issuer; aggregator; reference,none,,,filing,filing,true,true,false,1,false
20261007T055457470662Z-codex.both.BR02.r1-a1,both,breadth,BR02,1,4,fact,"Costco (COST): 341,000 employees worldwide; 2025 Form 10-K.","Costco; COST; 341,000; 2025 Form 10-K",S3,filing,filing-source,4,filing,filing,false,false,true,true,false,issuer; forum; aggregator; news; reference,none,,,filing,filing,true,true,false,1,false
20261007T055457470662Z-codex.both.BR02.r1-a1,both,breadth,BR02,1,5,fact,"Home Depot (HD): Approximately 472,400 associates; 2025 Form 10-K.","Home Depot; HD; 472,400; 2025 Form 10-K",S4,filing,filing-source,4,filing,filing,false,false,true,false,false,issuer,none,,,filing,filing,true,false,false,1,false
20261007T055457470662Z-codex.both.BR02.r1-a1,both,breadth,BR02,1,6,fact,"Lowe’s (LOW): Approximately 276,000 associates: 167,000 full-time + 109,000 part-time; Form 10-K.","Lowe’s; LOW; 276,000; 167,000; 109,000; Form 10-K",S5,issuer,corporate.lowes.com,6,secondary,issuer,false,true,false,false,false,issuer; forum; aggregator; reference,none,,,secondary,issuer,false,false,false,3,false
20261007T055457470662Z-codex.both.BR02.r1-a1,both,breadth,BR02,1,7,fact,"Kroger (KR): More than 403,000 full-time and part-time employees; Form 10-K.","Kroger; KR; 403,000; Form 10-K",S6,filing,filing-source,4,filing,filing,false,false,true,true,false,issuer; aggregator; reference,none,,,filing,filing,true,true,false,1,false
20261007T055457470662Z-codex.both.BR02.r1-a1,both,breadth,BR02,1,8,fact,"Best Buy (BBY): Approximately 82,000 employees in the U.S. and Canada; 2026 Form 10-K.","Best Buy; BBY; 82,000; U.S.; Canada; 2026 Form 10-K",S7,filing,filing-source,6,filing,filing,false,false,true,false,false,issuer; forum; aggregator; news; reference,none,,,filing,filing,true,true,false,1,false
20261007T055457470662Z-codex.both.BR02.r1-a1,both,breadth,BR02,1,9,fact,"TJX (TJX): Approximately 377,000 associates; Form 10-K.","TJX; 377,000; Form 10-K",S8,filing,filing-source,3,filing,filing,false,false,true,false,false,issuer; aggregator; reference,none,,,filing,filing,true,false,false,1,false
20261007T055457470662Z-codex.both.BR02.r1-a1,both,breadth,BR02,1,10,fact,"Ross Stores (ROST): Approximately 111,000 full-time and part-time associates; Form 10-K.","Ross Stores; ROST; 111,000; Form 10-K",S9,filing,filing-source,4,secondary,issuer,false,false,false,false,false,issuer; aggregator; reference,none,,,filing,filing,true,false,false,1,false
20261007T055542066765Z-codex.web.BR03.r1-a1,web,breadth,BR03,1,1,fact,"PepsiCo (PEP): Yes. Fiscal 2025 10-K: “weight-loss drugs, such as GLP-1 medications.”",PepsiCo; PEP; fiscal 2025; 10-K; GLP-1,S1,filing,filing-source,3,filing,filing,false,false,true,true,false,issuer; forum; aggregator; reference,none,,,filing,filing,true,true,false,3,false
20261007T055542066765Z-codex.web.BR03.r1-a1,web,breadth,BR03,1,2,fact,Kraft Heinz (KHC): Yes. Fiscal 2025 10-K: “consumption patterns…potentially associated with weight-loss drugs.”,Kraft Heinz; KHC; fiscal 2025; 10-K,S2,filing,filing-source,2,filing,filing,false,false,true,false,false,,none,,,filing,filing,true,false,false,2,false
20261007T055542066765Z-codex.web.BR03.r1-a1,web,breadth,BR03,1,3,fact,Mondelez (MDLZ): Yes. Fiscal 2025 10-K: “using weight-loss drugs.”,Mondelez; MDLZ; fiscal 2025; 10-K,S3,filing,filing-source,2,filing,filing,false,false,true,true,false,issuer; forum; aggregator; reference,none,,,filing,filing,true,true,false,2,false
20261007T055542066765Z-codex.web.BR03.r1-a1,web,breadth,BR03,1,4,fact,Conagra Brands (CAG): Yes. Fiscal 2025 10-K: “Growing use of weight loss medication.”,Conagra Brands; CAG; fiscal 2025; 10-K,S4,filing,filing-source,2,filing,filing,false,false,true,false,false,,none,,,filing,filing,true,false,false,2,false
20261007T055542066765Z-codex.web.BR03.r1-a1,web,breadth,BR03,1,5,fact,"Constellation Brands (STZ): Yes. Fiscal 2025 10-K: “weight loss regimens and pharmaceuticals, including GLP-1 drugs.”",Constellation Brands; STZ; fiscal 2025; 10-K; GLP-1,S5,filing,filing-source,3,filing,filing,false,false,true,true,false,issuer; forum; aggregator,none,,,filing,filing,true,true,false,3,false
20261007T055542066765Z-codex.web.BR03.r1-a1,web,breadth,BR03,1,6,fact,"J&J Snack Foods (JJSF): Yes. Fiscal 2025 10-K: “prescription weight-loss therapies, including GLP-1 and related drugs.”",J&J Snack Foods; JJSF; fiscal 2025; 10-K; GLP-1,S6,filing,filing-source,3,filing,filing,false,false,true,false,false,issuer; forum; aggregator,none,,,filing,filing,true,false,false,3,false
20261007T055542066765Z-codex.web.BR03.r1-a1,web,breadth,BR03,1,7,fact,Campbell’s (CPB): No. No relevant mention found in the fiscal 2025 10-K.,Campbell’s; CPB; fiscal 2025; 10-K,S7,filing,filing-source,2,filing,filing,false,false,true,true,false,aggregator,none,,,filing,filing,true,true,false,2,false
20261007T055542066765Z-codex.web.BR03.r1-a1,web,breadth,BR03,1,8,fact,McCormick (MKC): No. No relevant mention found in the fiscal 2025 10-K.,McCormick; MKC; fiscal 2025; 10-K,S8,filing,filing-source,2,filing,filing,false,false,true,true,false,aggregator; reference,none,,,filing,filing,true,true,false,2,false
20261007T055542066765Z-codex.web.BR03.r1-a1,web,breadth,BR03,1,9,fact,Boston Beer (SAM): No. No relevant mention found in the fiscal 2025 10-K.,Boston Beer; SAM; fiscal 2025; 10-K,S9,filing,filing-source,2,filing,filing,false,false,true,true,false,issuer; forum; aggregator; reference,none,,,filing,filing,true,true,false,2,false
20261007T055542066765Z-codex.web.BR03.r1-a1,web,breadth,BR03,1,10,fact,Monster Beverage (MNST): No. No relevant mention found in the fiscal 2025 10-K.,Monster Beverage; MNST; fiscal 2025; 10-K,S10,filing,filing-source,2,filing,filing,false,false,true,true,false,issuer; forum; aggregator; reference,none,,,filing,filing,true,true,false,2,false
20261007T055542320615Z-codex.archivist.BR03.r1-a1,archivist,breadth,BR03,1,1,fact,"PepsiCo (PEP), fiscal 2025 Form 10-K, filed 2026-02-03: Yes — “weight-loss drugs, such as GLP-1 medications”.",PepsiCo; PEP; fiscal 2025; Form 10-K; 2026-02-03; GLP-1,S1,filing,mosaic-finance.com,4,filing,filing,false,false,true,false,false,,none,,,filing,filing,true,false,false,4,false
20261007T055542320615Z-codex.archivist.BR03.r1-a1,archivist,breadth,BR03,1,2,fact,"Kraft Heinz (KHC), fiscal 2025 Form 10-K, filed 2026-02-12: Yes — “weight-loss drugs”.",Kraft Heinz; KHC; fiscal 2025; Form 10-K; 2026-02-12,S2,filing,mosaic-finance.com,4,filing,filing,false,false,true,false,false,,none,,,filing,filing,true,false,false,1,false
20261007T055542320615Z-codex.archivist.BR03.r1-a1,archivist,breadth,BR03,1,3,fact,"Mondelez (MDLZ), fiscal 2025 Form 10-K, filed 2026-02-04: Yes — “using weight-loss drugs”.",Mondelez; MDLZ; fiscal 2025; Form 10-K; 2026-02-04,S3,filing,mosaic-finance.com,3,filing,filing,false,false,true,false,false,,none,,,filing,filing,true,false,false,3,false
20261007T055542320615Z-codex.archivist.BR03.r1-a1,archivist,breadth,BR03,1,4,fact,"Conagra Brands (CAG), fiscal 2025 Form 10-K, filed 2025-07-10: Yes — “Growing use of weight loss medication”.",Conagra Brands; CAG; fiscal 2025; Form 10-K; 2025-07-10,S4,filing,mosaic-finance.com,3,filing,filing,false,false,true,false,false,,none,,,filing,filing,true,false,false,3,false
20261007T055542320615Z-codex.archivist.BR03.r1-a1,archivist,breadth,BR03,1,5,fact,"Constellation Brands (STZ), fiscal 2025 Form 10-K, filed 2025-04-23: Yes — “weight loss regimens and pharmaceuticals, including GLP-1 drugs”.",Constellation Brands; STZ; fiscal 2025; Form 10-K; 2025-04-23; GLP-1,S5,filing,mosaic-finance.com,5,filing,filing,false,false,true,false,false,,none,,,filing,filing,true,false,false,1,false
20261007T055542320615Z-codex.archivist.BR03.r1-a1,archivist,breadth,BR03,1,6,fact,"J&J Snack Foods (JJSF), fiscal 2025 Form 10-K, filed 2025-11-26: Yes — “prescription weight-loss therapies, including GLP-1 and related drugs”.",J&J Snack Foods; JJSF; fiscal 2025; Form 10-K; 2025-11-26; GLP-1,S6,filing,mosaic-finance.com,6,unattributed,,false,false,false,false,false,,none,,,filing,filing,true,false,false,2,false
20261007T055542320615Z-codex.archivist.BR03.r1-a1,archivist,breadth,BR03,1,7,fact,"Campbell’s (CPB), fiscal 2025 Form 10-K, filed 2025-09-18: No — No relevant mention found in the 10-K.",Campbell’s; CPB; fiscal 2025; Form 10-K; 2025-09-18,S7,filing,mosaic-finance.com,4,filing,filing,false,false,true,false,false,,none,,,filing,filing,true,false,false,1,false
20261007T055542320615Z-codex.archivist.BR03.r1-a1,archivist,breadth,BR03,1,8,fact,"McCormick (MKC), fiscal 2025 Form 10-K, filed 2026-01-22: No — No relevant mention found in the 10-K.",McCormick; MKC; fiscal 2025; Form 10-K; 2026-01-22,S8,filing,mosaic-finance.com,4,filing,filing,false,false,true,false,false,,none,,,filing,filing,true,false,false,1,false
20261007T055542320615Z-codex.archivist.BR03.r1-a1,archivist,breadth,BR03,1,9,fact,"Boston Beer (SAM), fiscal 2025 Form 10-K, filed 2026-02-24: No — No relevant mention found in the 10-K.",Boston Beer; SAM; fiscal 2025; Form 10-K; 2026-02-24,S9,filing,mosaic-finance.com,4,filing,filing,false,false,true,false,false,,none,,,filing,filing,true,false,false,1,false
20261007T055542320615Z-codex.archivist.BR03.r1-a1,archivist,breadth,BR03,1,10,fact,"Monster Beverage (MNST), fiscal 2025 Form 10-K, filed 2026-02-27: No — No relevant mention found in the 10-K.",Monster Beverage; MNST; fiscal 2025; Form 10-K; 2026-02-27,S10,filing,mosaic-finance.com,4,filing,filing,false,false,true,false,false,,none,,,filing,filing,true,false,false,1,false
20261007T055634737196Z-codex.both.BR03.r1-a1,both,breadth,BR03,1,1,fact,"PepsiCo (PEP): Yes. Fiscal 2025 Form 10-K mentions “weight-loss drugs, such as GLP-1 medications.”",PepsiCo; PEP; fiscal 2025; Form 10-K; GLP-1,S1,filing,mosaic-finance.com,4,filing,filing,false,false,true,true,true,issuer; forum; news; reference,none,,,filing,filing,true,true,true,4,false
20261007T055634737196Z-codex.both.BR03.r1-a1,both,breadth,BR03,1,2,fact,"Kraft Heinz (KHC): Yes. Fiscal 2025 Form 10-K mentions “changing consumption patterns, such as those potentially associated with weight-loss drugs.”",Kraft Heinz; KHC; fiscal 2025; Form 10-K,S2,filing,mosaic-finance.com,3,filing,filing,false,false,true,false,false,issuer; news; reference,none,,,filing,filing,true,false,false,3,false
20261007T055634737196Z-codex.both.BR03.r1-a1,both,breadth,BR03,1,3,fact,Mondelez (MDLZ): Yes. Fiscal 2025 Form 10-K mentions “using weight-loss drugs.”,Mondelez; MDLZ; fiscal 2025; Form 10-K,S3,filing,mosaic-finance.com,3,filing,filing,false,false,true,false,false,issuer; reference,none,,,filing,filing,true,false,false,3,false
20261007T055634737196Z-codex.both.BR03.r1-a1,both,breadth,BR03,1,4,fact,Conagra (CAG): Yes. Fiscal 2025 Form 10-K states “Growing use of weight loss medication may cause shifts in consumer preferences.”,Conagra; CAG; fiscal 2025; Form 10-K,S4,filing,mosaic-finance.com,3,filing,filing,false,false,true,false,false,issuer; forum; news; reference,none,,,filing,filing,true,false,false,3,false
20261007T055634737196Z-codex.both.BR03.r1-a1,both,breadth,BR03,1,5,fact,"Constellation Brands (STZ): Yes. Fiscal 2025 Form 10-K mentions “weight loss regimens and pharmaceuticals, including GLP-1 drugs.”",Constellation Brands; STZ; fiscal 2025; Form 10-K; GLP-1,S5,filing,mosaic-finance.com,4,filing,filing,false,false,true,true,true,issuer; forum; news; reference,none,,,filing,filing,true,true,true,4,false
20261007T055634737196Z-codex.both.BR03.r1-a1,both,breadth,BR03,1,6,fact,"J&J Snack Foods (JJSF): Yes. Fiscal 2025 Form 10-K mentions “prescription weight-loss therapies, including GLP-1 and related drugs.”",J&J Snack Foods; JJSF; fiscal 2025; Form 10-K; GLP-1,S6,filing,mosaic-finance.com,4,filing,filing,false,false,true,true,false,issuer; forum; news; reference,none,,,filing,filing,true,true,false,4,false
20261007T055634737196Z-codex.both.BR03.r1-a1,both,breadth,BR03,1,7,fact,Campbell’s (CPB): No. No relevant mention found in the fiscal 2025 Form 10-K.,Campbell’s; CPB; fiscal 2025; Form 10-K,S7,filing,mosaic-finance.com,3,filing,filing,false,false,true,false,false,issuer; reference,none,,,filing,filing,true,false,false,3,false
20261007T055634737196Z-codex.both.BR03.r1-a1,both,breadth,BR03,1,8,fact,McCormick (MKC): No. No relevant mention found in the fiscal 2025 Form 10-K.,McCormick; MKC; fiscal 2025; Form 10-K,S8,filing,mosaic-finance.com,3,filing,filing,false,false,true,false,false,issuer; reference,none,,,filing,filing,true,false,false,3,false
20261007T055634737196Z-codex.both.BR03.r1-a1,both,breadth,BR03,1,9,fact,Boston Beer (SAM): No. No relevant mention found in the fiscal 2025 Form 10-K.,Boston Beer; SAM; fiscal 2025; Form 10-K,S9,filing,mosaic-finance.com,3,filing,filing,false,false,true,false,false,issuer; forum; reference,none,,,filing,filing,true,false,false,3,false
20261007T055634737196Z-codex.both.BR03.r1-a1,both,breadth,BR03,1,10,fact,Monster Beverage (MNST): No. No relevant mention found in the fiscal 2025 Form 10-K.,Monster Beverage; MNST; fiscal 2025; Form 10-K,S10,filing,mosaic-finance.com,3,filing,filing,false,false,true,false,false,issuer; reference,none,,,filing,filing,true,false,false,3,false
20261007T055733850099Z-codex.web.BR04.r1-a1,web,breadth,BR04,1,1,fact,"For the fiscal year ended December 31, 2025, JetBlue (JBLU): Yes—mentions Pratt & Whitney or GTF engines; 10-K—engine inspections and groundings.","December 31, 2025; JetBlue; JBLU; Pratt & Whitney; GTF; 10-K",S1,filing,filing-source,5,filing,filing,false,false,true,true,false,issuer; aggregator; news; reference; other,none,,,filing,filing,true,true,false,5,false
20261007T055733850099Z-codex.web.BR04.r1-a1,web,breadth,BR04,1,2,fact,"For the fiscal year ended December 31, 2025, American (AAL): Yes—mentions Pratt & Whitney or GTF engines; 10-K, p. 37—Pratt & Whitney GTF restrictions.","December 31, 2025; American; AAL; Pratt & Whitney; GTF; 10-K; p. 37",S2,issuer,americanairlines.gcs-web.com,6,secondary,issuer,false,true,false,false,false,issuer; forum; aggregator; news; reference; other,none,,,secondary,issuer,false,false,false,6,false
20261007T055733850099Z-codex.web.BR04.r1-a1,web,breadth,BR04,1,3,fact,"For the fiscal year ended December 31, 2025, Frontier (ULCC): Yes—mentions Pratt & Whitney or GTF engines; 10-K—PW1100 GTF engines.","December 31, 2025; Frontier; ULCC; Pratt & Whitney; GTF; 10-K; PW1100",S3,filing,filing-source,6,filing,filing,false,false,true,true,false,issuer; aggregator; news; reference; other,none,,,filing,filing,true,true,false,6,false
20261007T055733850099Z-codex.web.BR04.r1-a1,web,breadth,BR04,1,4,fact,"For the fiscal year ended December 31, 2025, United (UAL): No—10-K mentions Pratt & Whitney or GTF engines?","December 31, 2025; United; UAL; 10-K; Pratt & Whitney; GTF",S4,filing,filing-source,5,filing,filing,false,false,true,true,false,issuer; forum; aggregator; news; reference; other,none,,,filing,filing,true,true,false,5,false
20261007T055733850099Z-codex.web.BR04.r1-a1,web,breadth,BR04,1,5,fact,"For the fiscal year ended December 31, 2025, Delta (DAL): No—10-K mentions Pratt & Whitney or GTF engines?","December 31, 2025; Delta; DAL; 10-K; Pratt & Whitney; GTF",S5,filing,filing-source,5,filing,filing,false,false,true,true,false,issuer; forum; aggregator; news; reference; other,none,,,filing,filing,true,true,false,5,false
20261007T055733850099Z-codex.web.BR04.r1-a1,web,breadth,BR04,1,6,fact,"For the fiscal year ended December 31, 2025, Alaska (ALK): No—10-K mentions Pratt & Whitney or GTF engines?","December 31, 2025; Alaska; ALK; 10-K; Pratt & Whitney; GTF",S6,filing,filing-source,5,secondary,issuer,false,false,false,true,false,issuer; aggregator; news; reference; other,none,,,secondary,issuer,false,true,false,5,false
20261007T055733850099Z-codex.web.BR04.r1-a1,web,breadth,BR04,1,7,fact,"For the fiscal year ended December 31, 2025, Southwest (LUV): No—10-K mentions Pratt & Whitney or GTF engines?","December 31, 2025; Southwest; LUV; 10-K; Pratt & Whitney; GTF",S7,filing,filing-source,5,filing,filing,false,false,true,false,false,issuer; aggregator; news; reference; other,none,,,filing,filing,true,false,false,5,false
20261007T055733850099Z-codex.web.BR04.r1-a1,web,breadth,BR04,1,8,fact,"For the fiscal year ended December 31, 2025, Allegiant (ALGT): No—10-K mentions Pratt & Whitney or GTF engines?","December 31, 2025; Allegiant; ALGT; 10-K; Pratt & Whitney; GTF",S8,filing,filing-source,5,secondary,issuer,false,false,false,true,false,issuer; aggregator; news; reference; other,none,,,secondary,issuer,false,true,false,5,false
20261007T055733850099Z-codex.web.BR04.r1-a1,web,breadth,BR04,1,9,fact,"For the fiscal year ended December 31, 2025, Sun Country (SNCY): No—10-K mentions Pratt & Whitney or GTF engines?","December 31, 2025; Sun Country; SNCY; 10-K; Pratt & Whitney; GTF",S9,filing,filing-source,5,filing,filing,false,false,true,false,false,issuer; aggregator; news; reference; other,none,,,filing,filing,true,false,false,5,false
20261007T055748725852Z-codex.archivist.BR04.r1-a1,archivist,breadth,BR04,1,1,fact,"JetBlue (JBLU): Yes, mentions Pratt & Whitney or GTF engines in the 2025-12-31 fiscal-year Form 10-K. Source: Risk factors.",JetBlue; JBLU; Pratt & Whitney; GTF; 2025-12-31,S1,filing,mosaic-finance.com,6,filing,filing,false,false,true,false,false,,none,,,filing,filing,true,false,false,2,false
20261007T055748725852Z-codex.archivist.BR04.r1-a1,archivist,breadth,BR04,1,2,fact,"American (AAL): Yes, mentions Pratt & Whitney or GTF engines in the 2025-12-31 fiscal-year Form 10-K. Source: Risk factors.",American; AAL; Pratt & Whitney; GTF; 2025-12-31,S2,filing,mosaic-finance.com,6,filing,filing,false,false,true,false,false,,none,,,filing,filing,true,false,false,2,false
20261007T055748725852Z-codex.archivist.BR04.r1-a1,archivist,breadth,BR04,1,3,fact,"Frontier (ULCC): Yes, mentions Pratt & Whitney or GTF engines in the 2025-12-31 fiscal-year Form 10-K. Source: Risk factors.",Frontier; ULCC; Pratt & Whitney; GTF; 2025-12-31,S3,filing,mosaic-finance.com,6,filing,filing,false,false,true,false,false,,none,,,filing,filing,true,false,false,2,false
20261007T055748725852Z-codex.archivist.BR04.r1-a1,archivist,breadth,BR04,1,4,fact,"United (UAL): No, does not mention Pratt & Whitney or GTF engines in the 2025-12-31 fiscal-year Form 10-K.",United; UAL; Pratt & Whitney; GTF; 2025-12-31,S4,filing,mosaic-finance.com,6,filing,filing,false,false,true,false,false,,none,,,filing,filing,true,false,false,2,false
20261007T055748725852Z-codex.archivist.BR04.r1-a1,archivist,breadth,BR04,1,5,fact,"Delta (DAL): No, does not mention Pratt & Whitney or GTF engines in the 2025-12-31 fiscal-year Form 10-K.",Delta; DAL; Pratt & Whitney; GTF; 2025-12-31,S5,filing,mosaic-finance.com,6,filing,filing,false,false,true,false,false,,none,,,filing,filing,true,false,false,2,false
20261007T055748725852Z-codex.archivist.BR04.r1-a1,archivist,breadth,BR04,1,6,fact,"Alaska (ALK): No, does not mention Pratt & Whitney or GTF engines in the 2025-12-31 fiscal-year Form 10-K.",Alaska; ALK; Pratt & Whitney; GTF; 2025-12-31,S6,filing,mosaic-finance.com,6,filing,filing,false,false,true,false,false,,none,,,filing,filing,true,false,false,2,false
20261007T055748725852Z-codex.archivist.BR04.r1-a1,archivist,breadth,BR04,1,7,fact,"Southwest (LUV): No, does not mention Pratt & Whitney or GTF engines in the 2025-12-31 fiscal-year Form 10-K.",Southwest; LUV; Pratt & Whitney; GTF; 2025-12-31,S7,filing,mosaic-finance.com,6,filing,filing,false,false,true,false,false,,none,,,filing,filing,true,false,false,2,false
20261007T055748725852Z-codex.archivist.BR04.r1-a1,archivist,breadth,BR04,1,8,fact,"Allegiant (ALGT): No, does not mention Pratt & Whitney or GTF engines in the 2025-12-31 fiscal-year Form 10-K.",Allegiant; ALGT; Pratt & Whitney; GTF; 2025-12-31,S8,filing,mosaic-finance.com,6,filing,filing,false,false,true,false,false,,none,,,filing,filing,true,false,false,2,false
20261007T055748725852Z-codex.archivist.BR04.r1-a1,archivist,breadth,BR04,1,9,fact,"Sun Country (SNCY): No, does not mention Pratt & Whitney or GTF engines in the 2025-12-31 fiscal-year Form 10-K.",Sun Country; SNCY; Pratt & Whitney; GTF; 2025-12-31,S9,filing,mosaic-finance.com,6,filing,filing,false,false,true,false,false,,none,,,filing,filing,true,false,false,2,false
20261007T055748725852Z-codex.archivist.BR04.r1-a1,archivist,breadth,BR04,1,10,fact,"“No” reflects searches for Pratt, Whitney, GTF, and geared turbofan; unrelated Whitney names were excluded.",Pratt; Whitney; GTF,,,,3,filing,filing,false,false,true,false,false,,none,,,filing,filing,true,false,false,3,false
20261007T055827526674Z-codex.both.BR04.r1-a1,both,breadth,BR04,1,1,fact,"JetBlue (JBLU): Yes, mentions Pratt & Whitney or GTF engines in its 10-K, Risk Factors, for the fiscal year ended December 31, 2025, using the specified February 2026 filings.","JetBlue; JBLU; Pratt & Whitney; GTF; December 31, 2025; February 2026",S1,filing,mosaic-finance.com,6,filing,filing,false,false,true,false,false,issuer; forum; aggregator; reference; other,none,,,filing,filing,true,false,false,6,false
20261007T055827526674Z-codex.both.BR04.r1-a1,both,breadth,BR04,1,2,fact,"American (AAL): Yes, mentions Pratt & Whitney or GTF engines in its 10-K, Risk Factors, for the fiscal year ended December 31, 2025, using the specified February 2026 filings.","American; AAL; Pratt & Whitney; GTF; December 31, 2025; February 2026",S2,filing,mosaic-finance.com,6,filing,filing,false,false,true,false,false,issuer; forum; aggregator; reference; other,none,,,filing,filing,true,false,false,6,false
20261007T055827526674Z-codex.both.BR04.r1-a1,both,breadth,BR04,1,3,fact,"Frontier (ULCC): Yes, mentions Pratt & Whitney or GTF engines in its 10-K, Risk Factors, for the fiscal year ended December 31, 2025, using the specified February 2026 filings.","Frontier; ULCC; Pratt & Whitney; GTF; December 31, 2025; February 2026",S3,filing,mosaic-finance.com,6,filing,filing,false,false,true,false,false,issuer; forum; aggregator; reference; other,none,,,filing,filing,true,false,false,6,false
20261007T055827526674Z-codex.both.BR04.r1-a1,both,breadth,BR04,1,4,fact,"United (UAL): No mention of Pratt & Whitney or GTF engines found in its 2025 10-K for the fiscal year ended December 31, 2025, using the specified February 2026 filings.","United; UAL; Pratt & Whitney; GTF; December 31, 2025; February 2026",S4,filing,filing-source,6,filing,filing,false,false,true,false,false,issuer; forum; aggregator; reference; other,none,,,filing,filing,true,false,false,6,false
20261007T055827526674Z-codex.both.BR04.r1-a1,both,breadth,BR04,1,5,fact,"Delta (DAL): No mention of Pratt & Whitney or GTF engines found in its 2025 10-K for the fiscal year ended December 31, 2025, using the specified February 2026 filings.","Delta; DAL; Pratt & Whitney; GTF; December 31, 2025; February 2026",S5,filing,filing-source,6,filing,filing,false,false,true,false,false,issuer; forum; aggregator; reference; other,none,,,filing,filing,true,false,false,6,false
20261007T055827526674Z-codex.both.BR04.r1-a1,both,breadth,BR04,1,6,fact,"Alaska (ALK): No mention of Pratt & Whitney or GTF engines found in its 2025 10-K for the fiscal year ended December 31, 2025, using the specified February 2026 filings.","Alaska; ALK; Pratt & Whitney; GTF; December 31, 2025; February 2026",S6,filing,filing-source,6,filing,filing,false,false,true,false,false,issuer; forum; aggregator; reference; other,none,,,filing,filing,true,false,false,6,false
20261007T055827526674Z-codex.both.BR04.r1-a1,both,breadth,BR04,1,7,fact,"Southwest (LUV): No mention of Pratt & Whitney or GTF engines found in its 2025 10-K for the fiscal year ended December 31, 2025, using the specified February 2026 filings.","Southwest; LUV; Pratt & Whitney; GTF; December 31, 2025; February 2026",S7,filing,mosaic-finance.com,6,filing,filing,false,false,true,false,false,issuer; forum; aggregator; reference; other,none,,,filing,filing,true,false,false,6,false
20261007T055827526674Z-codex.both.BR04.r1-a1,both,breadth,BR04,1,8,fact,"Allegiant (ALGT): No mention of Pratt & Whitney or GTF engines found in its 2025 10-K for the fiscal year ended December 31, 2025, using the specified February 2026 filings.","Allegiant; ALGT; Pratt & Whitney; GTF; December 31, 2025; February 2026",S8,filing,filing-source,6,filing,filing,false,false,true,false,false,issuer; forum; aggregator; reference; other,none,,,filing,filing,true,false,false,6,false
20261007T055827526674Z-codex.both.BR04.r1-a1,both,breadth,BR04,1,9,fact,"Sun Country (SNCY): No mention of Pratt & Whitney or GTF engines found in its 2025 10-K for the fiscal year ended December 31, 2025, using the specified February 2026 filings.","Sun Country; SNCY; Pratt & Whitney; GTF; December 31, 2025; February 2026",S9,filing,filing-source,6,filing,filing,false,false,true,false,false,issuer; forum; aggregator; reference; other,none,,,filing,filing,true,false,false,6,false
20261007T055840782109Z-codex.web.BR05.r1-a1,web,breadth,BR05,1,1,fact,Royal Bank of Canada (RY): the English fiscal 2025 AIF names PricewaterhouseCoopers LLP as external auditor in “Experts”.,Royal Bank of Canada; RY; 2025 AIF; PricewaterhouseCoopers LLP,S1,issuer,rbc.com,4,secondary,issuer,false,true,false,false,false,issuer; forum; aggregator; reference; other,none,,,secondary,issuer,false,false,false,4,false
20261007T055840782109Z-codex.web.BR05.r1-a1,web,breadth,BR05,1,2,fact,The Toronto-Dominion Bank (TD): the English fiscal 2025 AIF names Ernst & Young LLP as external auditor in “Interests of Experts”.,The Toronto-Dominion Bank; TD; 2025 AIF; Ernst & Young LLP,S2,issuer,td.com,4,secondary,issuer,false,true,false,false,false,issuer; forum; aggregator; other,none,,,secondary,issuer,false,false,false,4,false
20261007T055840782109Z-codex.web.BR05.r1-a1,web,breadth,BR05,1,3,fact,"The Bank of Nova Scotia (BNS): the English fiscal 2025 AIF names KPMG LLP as external auditor in “Experts,” included in Form 40-F.",The Bank of Nova Scotia; BNS; 2025 AIF; KPMG LLP; Form 40-F,S3,issuer,scotiabank.com,5,secondary,issuer,false,true,false,false,false,issuer; aggregator,none,,,secondary,issuer,false,false,false,5,false
20261007T055840782109Z-codex.web.BR05.r1-a1,web,breadth,BR05,1,4,fact,Bank of Montreal (BMO): the English fiscal 2025 AIF names KPMG LLP as external auditor in “Interests of Experts”.,Bank of Montreal; BMO; 2025 AIF; KPMG LLP,S4,issuer,bmo.com,4,secondary,issuer,false,true,false,false,false,issuer; forum; aggregator; reference,none,,,secondary,issuer,false,false,false,4,false
20261007T055840782109Z-codex.web.BR05.r1-a1,web,breadth,BR05,1,5,fact,Canadian Imperial Bank of Commerce (CM): the English fiscal 2025 AIF names Ernst & Young LLP as external auditor in “Experts”.,Canadian Imperial Bank of Commerce; CM; 2025 AIF; Ernst & Young LLP,S5,issuer,cibc.com,4,secondary,issuer,false,true,false,false,false,issuer; aggregator; reference,none,,,secondary,issuer,false,false,false,4,false
20261007T055840782109Z-codex.web.BR05.r1-a1,web,breadth,BR05,1,6,fact,National Bank of Canada (NA): the English fiscal 2025 AIF names Deloitte LLP as external auditor in “Interests of Experts”.,National Bank of Canada; NA; 2025 AIF; Deloitte LLP,S6,issuer,nbc.ca,4,secondary,issuer,false,true,false,false,false,issuer; forum; aggregator; reference; other,none,,,secondary,issuer,false,false,false,4,false
20261007T055840782109Z-codex.web.BR05.r1-a1,web,breadth,BR05,1,7,fact,Laurentian Bank of Canada (LB): the English fiscal 2025 AIF names Ernst & Young LLP as external auditor in the glossary and external-auditor disclosure.,Laurentian Bank of Canada; LB; 2025 AIF; Ernst & Young LLP,S7,aggregator,marketscreener.com,4,secondary,issuer,false,true,false,false,false,issuer; aggregator; reference; other,none,,,secondary,issuer,false,false,false,4,false
20261007T055840782109Z-codex.web.BR05.r1-a1,web,breadth,BR05,1,8,fact,EQB Inc. (EQB): the English fiscal 2025 AIF names KPMG LLP as external auditor in “Experts”.,EQB Inc.; EQB; 2025 AIF; KPMG LLP,S8,filing,filing-source,4,secondary,issuer,false,false,false,false,false,issuer,none,,,secondary,issuer,false,false,false,4,false
20261007T055840782109Z-codex.web.BR05.r1-a1,web,breadth,BR05,1,9,fact,Sources link to issuer-hosted copies or reproductions of the AIFs.,,,,,0,unattributed,,true,false,false,false,false,,none,,,unattributed,,false,false,false,0,true
20261007T055840782109Z-codex.web.BR05.r1-a1,web,breadth,BR05,1,10,fact,SEDAR+ blocked direct browser access.,SEDAR+,,,,1,filing,filing,false,false,true,true,false,issuer; other,none,,,filing,filing,true,true,false,1,false
20261007T055929601072Z-codex.archivist.BR05.r1-a1,archivist,breadth,BR05,1,1,fact,"Royal Bank of Canada (RY): English fiscal 2025 AIF external auditor PricewaterhouseCoopers LLP; SEDAR+ filing date December 3, 2025.","Royal Bank of Canada; RY; fiscal 2025; PricewaterhouseCoopers LLP; SEDAR+; December 3, 2025",S1,filing,mosaic-finance.com,5,unattributed,,false,false,false,false,false,,none,,,unattributed,,false,false,false,5,false
20261007T055929601072Z-codex.archivist.BR05.r1-a1,archivist,breadth,BR05,1,2,fact,"The Toronto-Dominion Bank (TD): English fiscal 2025 AIF external auditor Ernst & Young LLP; SEDAR+ filing date December 4, 2025.","The Toronto-Dominion Bank; TD; fiscal 2025; Ernst & Young LLP; SEDAR+; December 4, 2025",S2,filing,mosaic-finance.com,5,unattributed,,false,false,false,false,false,,none,,,unattributed,,false,false,false,5,false
20261007T055929601072Z-codex.archivist.BR05.r1-a1,archivist,breadth,BR05,1,3,fact,"The Bank of Nova Scotia (BNS): English fiscal 2025 AIF external auditor KPMG LLP; SEDAR+ filing date December 2, 2025.","The Bank of Nova Scotia; BNS; fiscal 2025; KPMG LLP; SEDAR+; December 2, 2025",S3,filing,mosaic-finance.com,5,unattributed,,false,false,false,false,false,,none,,,unattributed,,false,false,false,5,false
20261007T055929601072Z-codex.archivist.BR05.r1-a1,archivist,breadth,BR05,1,4,fact,"Bank of Montreal (BMO): English fiscal 2025 AIF external auditor KPMG LLP; SEDAR+ filing date December 4, 2025.","Bank of Montreal; BMO; fiscal 2025; KPMG LLP; SEDAR+; December 4, 2025",S4,filing,mosaic-finance.com,5,filing,filing,false,false,true,false,false,,none,,,filing,filing,true,false,false,5,false
20261007T055929601072Z-codex.archivist.BR05.r1-a1,archivist,breadth,BR05,1,5,fact,"Canadian Imperial Bank of Commerce (CM): English fiscal 2025 AIF external auditor Ernst & Young LLP; SEDAR+ filing date December 4, 2025.","Canadian Imperial Bank of Commerce; CM; fiscal 2025; Ernst & Young LLP; SEDAR+; December 4, 2025",S5,filing,mosaic-finance.com,5,filing,filing,false,false,true,false,false,,none,,,filing,filing,true,false,false,5,false
20261007T055929601072Z-codex.archivist.BR05.r1-a1,archivist,breadth,BR05,1,6,fact,"National Bank of Canada (NA): English fiscal 2025 AIF external auditor Deloitte; SEDAR+ filing date December 3, 2025.","National Bank of Canada; NA; fiscal 2025; Deloitte; SEDAR+; December 3, 2025",S6,filing,mosaic-finance.com,5,unattributed,,false,false,false,false,false,,none,,,unattributed,,false,false,false,5,false
20261007T055929601072Z-codex.archivist.BR05.r1-a1,archivist,breadth,BR05,1,7,fact,"Deloitte, defined as Deloitte LLP.",Deloitte; Deloitte LLP,S7,filing,mosaic-finance.com,2,filing,filing,false,false,true,false,false,,none,,,filing,filing,true,false,false,2,false
20261007T055929601072Z-codex.archivist.BR05.r1-a1,archivist,breadth,BR05,1,8,fact,"Laurentian Bank of Canada (LB): English fiscal 2025 AIF external auditor Ernst & Young LLP; SEDAR+ filing date December 11, 2025.","Laurentian Bank of Canada; LB; fiscal 2025; Ernst & Young LLP; SEDAR+; December 11, 2025",S8,filing,mosaic-finance.com,5,unattributed,,false,false,false,false,false,,none,,,unattributed,,false,false,false,5,false
20261007T055929601072Z-codex.archivist.BR05.r1-a1,archivist,breadth,BR05,1,9,fact,"EQB Inc. (EQB): English fiscal 2025 AIF external auditor KPMG LLP; SEDAR+ filing date December 3, 2025.","EQB Inc.; EQB; fiscal 2025; KPMG LLP; SEDAR+; December 3, 2025",S9,filing,mosaic-finance.com,5,unattributed,,false,false,false,false,false,,none,,,unattributed,,false,false,false,5,false
20261007T055935538937Z-codex.both.BR05.r1-a1,both,breadth,BR05,1,1,fact,"Royal Bank of Canada (RY): English fiscal 2025 AIF external auditor PricewaterhouseCoopers LLP; SEDAR+ filing date Dec. 3, 2025; AIF source Experts.","Royal Bank of Canada; RY; fiscal 2025; PricewaterhouseCoopers LLP; SEDAR+; Dec. 3, 2025",S1,filing,mosaic-finance.com,5,secondary,issuer,false,false,false,false,false,issuer; forum; aggregator; reference,none,,,secondary,issuer,false,false,false,5,false
20261007T055935538937Z-codex.both.BR05.r1-a1,both,breadth,BR05,1,2,fact,"The Toronto-Dominion Bank (TD): English fiscal 2025 AIF external auditor Ernst & Young LLP; SEDAR+ filing date Dec. 4, 2025; AIF source Audit Committee and External Auditor.","The Toronto-Dominion Bank; TD; fiscal 2025; Ernst & Young LLP; SEDAR+; Dec. 4, 2025",S2,filing,mosaic-finance.com,5,secondary,issuer,false,false,false,false,false,issuer; forum,none,,,secondary,issuer,false,false,false,5,false
20261007T055935538937Z-codex.both.BR05.r1-a1,both,breadth,BR05,1,3,fact,"The Bank of Nova Scotia (BNS): English fiscal 2025 AIF external auditor KPMG LLP; SEDAR+ filing date Dec. 2, 2025; AIF source Experts.","The Bank of Nova Scotia; BNS; fiscal 2025; KPMG LLP; SEDAR+; Dec. 2, 2025",S3,filing,mosaic-finance.com,5,secondary,issuer,false,false,false,false,false,issuer,none,,,secondary,issuer,false,false,false,5,false
20261007T055935538937Z-codex.both.BR05.r1-a1,both,breadth,BR05,1,4,fact,"Bank of Montreal (BMO): English fiscal 2025 AIF external auditor KPMG LLP; SEDAR+ filing date Dec. 4, 2025; AIF source Interests of Experts.","Bank of Montreal; BMO; fiscal 2025; KPMG LLP; SEDAR+; Dec. 4, 2025",S4,filing,mosaic-finance.com,5,secondary,issuer,false,false,false,false,false,issuer; forum; reference,none,,,secondary,issuer,false,false,false,5,false
20261007T055935538937Z-codex.both.BR05.r1-a1,both,breadth,BR05,1,5,fact,"Canadian Imperial Bank of Commerce (CM): English fiscal 2025 AIF external auditor Ernst & Young LLP; SEDAR+ filing date Dec. 4, 2025; AIF source Experts.","Canadian Imperial Bank of Commerce; CM; fiscal 2025; Ernst & Young LLP; SEDAR+; Dec. 4, 2025",S5,filing,mosaic-finance.com,5,unattributed,,false,false,false,false,false,,none,,,unattributed,,false,false,false,5,false
20261007T055935538937Z-codex.both.BR05.r1-a1,both,breadth,BR05,1,6,fact,"National Bank of Canada (NA): English fiscal 2025 AIF external auditor Deloitte LLP; SEDAR+ filing date Dec. 3, 2025; AIF source Interests of Experts; full firm name.","National Bank of Canada; NA; fiscal 2025; Deloitte LLP; SEDAR+; Dec. 3, 2025",S6; S7,filing,mosaic-finance.com,5,secondary,issuer,false,false,false,false,false,issuer; forum; reference,none,,,secondary,issuer,false,false,false,5,false
20261007T055935538937Z-codex.both.BR05.r1-a1,both,breadth,BR05,1,7,fact,"Laurentian Bank of Canada (LB): English fiscal 2025 AIF external auditor Ernst & Young LLP; SEDAR+ filing date Dec. 11, 2025; AIF source Terms and abbreviations—EY.","Laurentian Bank of Canada; LB; fiscal 2025; Ernst & Young LLP; SEDAR+; Dec. 11, 2025; EY",S8,filing,mosaic-finance.com,6,secondary,issuer,false,false,false,false,false,issuer; forum,none,,,secondary,issuer,false,false,false,6,false
20261007T055935538937Z-codex.both.BR05.r1-a1,both,breadth,BR05,1,8,fact,"EQB Inc. (EQB): English fiscal 2025 AIF external auditor KPMG LLP; SEDAR+ filing date Dec. 3, 2025; AIF source Experts.","EQB Inc.; EQB; fiscal 2025; KPMG LLP; SEDAR+; Dec. 3, 2025",S9,filing,mosaic-finance.com,5,secondary,issuer,false,false,false,false,false,issuer,none,,,secondary,issuer,false,false,false,5,false
20261007T055935538937Z-codex.both.BR05.r1-a1,both,breadth,BR05,1,9,fact,"Bank (TSX): Royal Bank of Canada (RY), The Toronto-Dominion Bank (TD), The Bank of Nova Scotia (BNS), Bank of Montreal (BMO).",TSX; Royal Bank of Canada; RY; The Toronto-Dominion Bank; TD; The Bank of Nova Scotia; BNS; Bank of Montreal; BMO,S1; S2; S3; S4,filing,mosaic-finance.com,9,secondary,issuer,false,false,false,false,false,issuer; forum; aggregator; reference,none,,,secondary,issuer,false,false,false,9,false
20261007T055935538937Z-codex.both.BR05.r1-a1,both,breadth,BR05,1,10,fact,"Bank (TSX): Canadian Imperial Bank of Commerce (CM), National Bank of Canada (NA), Laurentian Bank of Canada (LB), EQB Inc. (EQB).",TSX; Canadian Imperial Bank of Commerce; CM; National Bank of Canada; NA; Laurentian Bank of Canada; LB; EQB Inc.; EQB,S5; S6; S7; S8; S9,filing,mosaic-finance.com,9,filing,filing,false,false,true,false,false,issuer; forum; reference,none,,,filing,filing,true,false,false,9,false
20261007T060033113849Z-codex.web.BR01.r2-a1,web,breadth,BR01,2,1,fact,"JPMorgan Chase & Co. (JPM): PricewaterhouseCoopers LLP; auditor since 1965; 10-K, p. 164.","JPMorgan Chase & Co. (JPM); PricewaterhouseCoopers LLP; 10-K, p. 164",S1,issuer,jpmorganchaseco.gcs-web.com,3,secondary,issuer,false,true,false,false,false,issuer; forum; aggregator; reference,none,,,secondary,issuer,false,false,false,3,false
20261007T060033113849Z-codex.web.BR01.r2-a1,web,breadth,BR01,2,2,fact,"Bank of America Corporation (BAC): PricewaterhouseCoopers LLP; auditor since 1958; 10-K, p. 90.","Bank of America Corporation (BAC); PricewaterhouseCoopers LLP; 10-K, p. 90",S2,issuer,investor.bankofamerica.com,3,secondary,issuer,false,true,false,false,false,issuer; forum; aggregator; reference,none,,,secondary,issuer,false,false,false,3,false
20261007T060033113849Z-codex.web.BR01.r2-a1,web,breadth,BR01,2,3,fact,"Citigroup Inc. (C): KPMG LLP; auditor since 1969; 10-K, p. 132.","Citigroup Inc. (C); KPMG LLP; 10-K, p. 132",S3,issuer,citigroup.com,3,secondary,issuer,false,true,false,false,false,issuer; aggregator,none,,,secondary,issuer,false,false,false,3,false
20261007T060033113849Z-codex.web.BR01.r2-a1,web,breadth,BR01,2,4,fact,"The Goldman Sachs Group, Inc. (GS): PricewaterhouseCoopers LLP; auditor since 1922; 10-K, p. 137.","The Goldman Sachs Group, Inc. (GS); PricewaterhouseCoopers LLP; 10-K, p. 137",S4,filing,filing-source,3,secondary,issuer,false,false,false,false,false,issuer; forum; aggregator; reference,none,,,secondary,issuer,false,false,false,3,false
20261007T060033113849Z-codex.web.BR01.r2-a1,web,breadth,BR01,2,5,fact,"Morgan Stanley (MS): Deloitte & Touche LLP; auditor since 1997; 10-K, p. 79.","Morgan Stanley (MS); Deloitte & Touche LLP; 10-K, p. 79",S5,issuer,morganstanley.com,3,secondary,issuer,false,true,false,false,false,issuer; forum; aggregator,none,,,secondary,issuer,false,false,false,3,false
20261007T060033113849Z-codex.web.BR01.r2-a1,web,breadth,BR01,2,6,fact,"The PNC Financial Services Group, Inc. (PNC): PricewaterhouseCoopers LLP; auditor since 2007; 10-K, p. 83.","The PNC Financial Services Group, Inc. (PNC); PricewaterhouseCoopers LLP; 10-K, p. 83",S6,issuer,investor.pnc.com,3,secondary,issuer,false,true,false,false,false,issuer; forum; aggregator; reference,none,,,secondary,issuer,false,false,false,3,false
20261007T060033113849Z-codex.web.BR01.r2-a1,web,breadth,BR01,2,7,fact,"U.S. Bancorp (USB): Ernst & Young LLP; auditor since 2003; 10-K audit report, p. 63.","U.S. Bancorp (USB); Ernst & Young LLP; 10-K audit report, p. 63",S7,filing,filing-source,3,secondary,issuer,false,false,false,false,false,issuer; forum,none,,,secondary,issuer,false,false,false,3,false
20261007T060033113849Z-codex.web.BR01.r2-a1,web,breadth,BR01,2,8,fact,"The Charles Schwab Corporation (SCHW): Deloitte & Touche LLP; auditor since 1976; 10-K, p. 118.","The Charles Schwab Corporation (SCHW); Deloitte & Touche LLP; 10-K, p. 118",S8,issuer,content.schwab.com,3,secondary,issuer,false,true,false,false,false,issuer; forum; aggregator,none,,,secondary,issuer,false,false,false,3,false
20261007T060044417328Z-codex.archivist.BR01.r2-a1,archivist,breadth,BR01,2,1,fact,"Each company’s Form 10-K is for the fiscal year ended December 31, 2025.","December 31, 2025",,,,1,filing,filing,false,false,true,false,false,,none,,,filing,filing,true,false,false,1,false
20261007T060044417328Z-codex.archivist.BR01.r2-a1,archivist,breadth,BR01,2,2,fact,JPMorgan Chase & Co. (JPM): Independent registered public accounting firm: PricewaterhouseCoopers LLP.,JPMorgan Chase & Co.; JPM; PricewaterhouseCoopers LLP,S1,filing,mosaic-finance.com,3,filing,filing,false,false,true,false,false,,none,,,filing,filing,true,false,false,3,false
20261007T060044417328Z-codex.archivist.BR01.r2-a1,archivist,breadth,BR01,2,3,fact,JPMorgan Chase & Co. (JPM): PricewaterhouseCoopers LLP auditor since 1965.,JPMorgan Chase & Co.; JPM; PricewaterhouseCoopers LLP; 1965,S2,filing,mosaic-finance.com,3,filing,filing,false,false,true,false,false,,none,,,filing,filing,true,false,false,3,false
20261007T060044417328Z-codex.archivist.BR01.r2-a1,archivist,breadth,BR01,2,4,fact,"JPMorgan Chase & Co. (JPM): 10-K filed Feb. 13, 2026.","JPMorgan Chase & Co.; JPM; Feb. 13, 2026",,,,3,unattributed,,false,false,false,false,false,,none,,,unattributed,,false,false,false,3,false
20261007T060044417328Z-codex.archivist.BR01.r2-a1,archivist,breadth,BR01,2,5,fact,Bank of America Corporation (BAC): Independent registered public accounting firm: PricewaterhouseCoopers LLP.,Bank of America Corporation; BAC; PricewaterhouseCoopers LLP,S3,filing,mosaic-finance.com,3,filing,filing,false,false,true,false,false,,none,,,filing,filing,true,false,false,3,false
20261007T060044417328Z-codex.archivist.BR01.r2-a1,archivist,breadth,BR01,2,6,fact,Bank of America Corporation (BAC): PricewaterhouseCoopers LLP auditor since 1958.,Bank of America Corporation; BAC; PricewaterhouseCoopers LLP; 1958,S4,filing,mosaic-finance.com,3,filing,filing,false,false,true,false,false,,none,,,filing,filing,true,false,false,3,false
20261007T060044417328Z-codex.archivist.BR01.r2-a1,archivist,breadth,BR01,2,7,fact,"Bank of America Corporation (BAC): 10-K filed Feb. 25, 2026.","Bank of America Corporation; BAC; Feb. 25, 2026",,,,3,unattributed,,false,false,false,false,false,,none,,,unattributed,,false,false,false,3,false
20261007T060044417328Z-codex.archivist.BR01.r2-a1,archivist,breadth,BR01,2,8,fact,Citigroup Inc. (C): Independent registered public accounting firm: KPMG LLP.,Citigroup Inc.; C; KPMG LLP,,,,2,filing,filing,false,false,true,false,false,,none,,,filing,filing,true,false,false,2,false
20261007T060044417328Z-codex.archivist.BR01.r2-a1,archivist,breadth,BR01,2,9,fact,Citigroup Inc. (C): KPMG LLP auditor since 1969.,Citigroup Inc.; C; KPMG LLP; 1969,S5,filing,mosaic-finance.com,2,filing,filing,false,false,true,false,false,,none,,,filing,filing,true,false,false,2,false
20261007T060044417328Z-codex.archivist.BR01.r2-a1,archivist,breadth,BR01,2,10,fact,"Citigroup Inc. (C): 10-K filed Feb. 20, 2026.","Citigroup Inc.; C; Feb. 20, 2026",,,,2,unattributed,,false,false,false,false,false,,none,,,unattributed,,false,false,false,2,false
20261007T060044417328Z-codex.archivist.BR01.r2-a1,archivist,breadth,BR01,2,11,fact,"The Goldman Sachs Group, Inc. (GS): Independent registered public accounting firm: PricewaterhouseCoopers LLP.","The Goldman Sachs Group, Inc.; GS; PricewaterhouseCoopers LLP",,,,3,filing,filing,false,false,true,false,false,,none,,,filing,filing,true,false,false,3,false
20261007T060044417328Z-codex.archivist.BR01.r2-a1,archivist,breadth,BR01,2,12,fact,"The Goldman Sachs Group, Inc. (GS): PricewaterhouseCoopers LLP auditor since 1922.","The Goldman Sachs Group, Inc.; GS; PricewaterhouseCoopers LLP; 1922",S6,filing,mosaic-finance.com,3,filing,filing,false,false,true,false,false,,none,,,filing,filing,true,false,false,3,false
20261007T060044417328Z-codex.archivist.BR01.r2-a1,archivist,breadth,BR01,2,13,fact,"The Goldman Sachs Group, Inc. (GS): 10-K filed Feb. 25, 2026.","The Goldman Sachs Group, Inc.; GS; Feb. 25, 2026",,,,3,unattributed,,false,false,false,false,false,,none,,,unattributed,,false,false,false,3,false
20261007T060044417328Z-codex.archivist.BR01.r2-a1,archivist,breadth,BR01,2,14,fact,Morgan Stanley (MS): Independent registered public accounting firm: Deloitte & Touche LLP.,Morgan Stanley; MS; Deloitte & Touche LLP,,,,3,filing,filing,false,false,true,false,false,,none,,,filing,filing,true,false,false,3,false
20261007T060044417328Z-codex.archivist.BR01.r2-a1,archivist,breadth,BR01,2,15,fact,Morgan Stanley (MS): Deloitte & Touche LLP auditor since 1997.,Morgan Stanley; MS; Deloitte & Touche LLP; 1997,S7,filing,mosaic-finance.com,3,filing,filing,false,false,true,false,false,,none,,,filing,filing,true,false,false,3,false
20261007T060044417328Z-codex.archivist.BR01.r2-a1,archivist,breadth,BR01,2,16,fact,"Morgan Stanley (MS): 10-K filed Feb. 19, 2026.","Morgan Stanley; MS; Feb. 19, 2026",,,,3,unattributed,,false,false,false,false,false,,none,,,unattributed,,false,false,false,3,false
20261007T060044417328Z-codex.archivist.BR01.r2-a1,archivist,breadth,BR01,2,17,fact,"The PNC Financial Services Group, Inc. (PNC): Independent registered public accounting firm: PricewaterhouseCoopers LLP.","The PNC Financial Services Group, Inc.; PNC; PricewaterhouseCoopers LLP",,,,3,filing,filing,false,false,true,false,false,,none,,,filing,filing,true,false,false,3,false
20261007T060044417328Z-codex.archivist.BR01.r2-a1,archivist,breadth,BR01,2,18,fact,"The PNC Financial Services Group, Inc. (PNC): PricewaterhouseCoopers LLP auditor since 2007.","The PNC Financial Services Group, Inc.; PNC; PricewaterhouseCoopers LLP; 2007",S8,filing,mosaic-finance.com,3,filing,filing,false,false,true,false,false,,none,,,filing,filing,true,false,false,3,false
20261007T060044417328Z-codex.archivist.BR01.r2-a1,archivist,breadth,BR01,2,19,fact,"The PNC Financial Services Group, Inc. (PNC): 10-K filed Feb. 20, 2026.","The PNC Financial Services Group, Inc.; PNC; Feb. 20, 2026",,,,3,unattributed,,false,false,false,false,false,,none,,,unattributed,,false,false,false,3,false
20261007T060044417328Z-codex.archivist.BR01.r2-a1,archivist,breadth,BR01,2,20,fact,U.S. Bancorp (USB): Independent registered public accounting firm: Ernst & Young LLP.,U.S. Bancorp; USB; Ernst & Young LLP,S9,filing,mosaic-finance.com,3,filing,filing,false,false,true,false,false,,none,,,filing,filing,true,false,false,3,false
20261007T060044417328Z-codex.archivist.BR01.r2-a1,archivist,breadth,BR01,2,21,fact,U.S. Bancorp (USB): Ernst & Young LLP auditor since 2003.,U.S. Bancorp; USB; Ernst & Young LLP; 2003,S10,filing,mosaic-finance.com,3,filing,filing,false,false,true,false,false,,none,,,filing,filing,true,false,false,3,false
20261007T060044417328Z-codex.archivist.BR01.r2-a1,archivist,breadth,BR01,2,22,fact,"U.S. Bancorp (USB): 10-K filed Feb. 23, 2026.","U.S. Bancorp; USB; Feb. 23, 2026",,,,3,unattributed,,false,false,false,false,false,,none,,,unattributed,,false,false,false,3,false
20261007T060044417328Z-codex.archivist.BR01.r2-a1,archivist,breadth,BR01,2,23,fact,The Charles Schwab Corporation (SCHW): Independent registered public accounting firm: Deloitte & Touche LLP.,The Charles Schwab Corporation; SCHW; Deloitte & Touche LLP,,,,3,filing,filing,false,false,true,false,false,,none,,,filing,filing,true,false,false,3,false
20261007T060044417328Z-codex.archivist.BR01.r2-a1,archivist,breadth,BR01,2,24,fact,The Charles Schwab Corporation (SCHW): Deloitte & Touche LLP auditor since 1976.,The Charles Schwab Corporation; SCHW; Deloitte & Touche LLP; 1976,S11,filing,mosaic-finance.com,3,filing,filing,false,false,true,false,false,,none,,,filing,filing,true,false,false,3,false
20261007T060044417328Z-codex.archivist.BR01.r2-a1,archivist,breadth,BR01,2,25,fact,"The Charles Schwab Corporation (SCHW): 10-K filed Feb. 25, 2026.","The Charles Schwab Corporation; SCHW; Feb. 25, 2026",,,,3,unattributed,,false,false,false,false,false,,none,,,unattributed,,false,false,false,3,false
20261007T060203053191Z-codex.both.BR01.r2-a1,both,breadth,BR01,2,1,fact,"JPMorgan Chase & Co. (JPM): PricewaterhouseCoopers LLP; auditor since 1965; 10-K, p. 164.","JPMorgan Chase & Co. (JPM); PricewaterhouseCoopers LLP; Auditor since 1965; 10-K, p. 164; 2025 Forms 10-K",S1,issuer,jpmorganchase.com,5,secondary,issuer,false,true,false,false,false,issuer; forum; aggregator,none,,,secondary,issuer,false,false,false,5,false
20261007T060203053191Z-codex.both.BR01.r2-a1,both,breadth,BR01,2,2,fact,"Bank of America Corporation (BAC): PricewaterhouseCoopers LLP; auditor since 1958; 10-K, p. 90.","Bank of America Corporation (BAC); PricewaterhouseCoopers LLP; Auditor since 1958; 10-K, p. 90; 2025 Forms 10-K",S2,issuer,investor.bankofamerica.com,5,secondary,issuer,false,true,false,false,false,issuer; aggregator,none,,,secondary,issuer,false,false,false,5,false
20261007T060203053191Z-codex.both.BR01.r2-a1,both,breadth,BR01,2,3,fact,"Citigroup Inc. (C): KPMG LLP; auditor since 1969; 10-K, p. 132.","Citigroup Inc. (C); KPMG LLP; Auditor since 1969; 10-K, p. 132; 2025 Forms 10-K",S3,issuer,citigroup.com,5,secondary,issuer,false,true,false,false,false,issuer,none,,,secondary,issuer,false,false,false,5,false
20261007T060203053191Z-codex.both.BR01.r2-a1,both,breadth,BR01,2,4,fact,"The Goldman Sachs Group, Inc. (GS): PricewaterhouseCoopers LLP; auditor since 1922; 10-K, p. 137.","The Goldman Sachs Group, Inc. (GS); PricewaterhouseCoopers LLP; Auditor since 1922; 10-K, p. 137; 2025 Forms 10-K",S4,issuer,d3cobg6h0snvt3.cloudfront.net,5,secondary,issuer,false,true,false,false,false,issuer; aggregator,none,,,secondary,issuer,false,false,false,5,false
20261007T060203053191Z-codex.both.BR01.r2-a1,both,breadth,BR01,2,5,fact,"Morgan Stanley (MS): Deloitte & Touche LLP; auditor since 1997; 10-K, p. 79.","Morgan Stanley (MS); Deloitte & Touche LLP; Auditor since 1997; 10-K, p. 79; 2025 Forms 10-K",S5,issuer,morganstanley.com,5,secondary,issuer,false,true,false,false,false,issuer; forum; aggregator,none,,,secondary,issuer,false,false,false,5,false
20261007T060203053191Z-codex.both.BR01.r2-a1,both,breadth,BR01,2,6,fact,"The PNC Financial Services Group, Inc. (PNC): PricewaterhouseCoopers LLP; auditor since 2007; 10-K, p. 83.","The PNC Financial Services Group, Inc. (PNC); PricewaterhouseCoopers LLP; Auditor since 2007; 10-K, p. 83; 2025 Forms 10-K",S6,issuer,investor.pnc.com,5,secondary,issuer,false,true,false,false,false,issuer; aggregator,none,,,secondary,issuer,false,false,false,5,false
20261007T060203053191Z-codex.both.BR01.r2-a1,both,breadth,BR01,2,7,fact,"U.S. Bancorp (USB): Ernst & Young LLP; auditor since 2003; 10-K annual-report financials, p. 63.","U.S. Bancorp (USB); Ernst & Young LLP; Auditor since 2003; 10-K annual-report financials, p. 63; 2025 Forms 10-K",S7,issuer,usbank.com,5,secondary,issuer,false,true,false,false,false,issuer; forum; aggregator,none,,,secondary,issuer,false,false,false,5,false
20261007T060203053191Z-codex.both.BR01.r2-a1,both,breadth,BR01,2,8,fact,"The Charles Schwab Corporation (SCHW): Deloitte & Touche LLP; auditor since 1976; 10-K, p. 118.","The Charles Schwab Corporation (SCHW); Deloitte & Touche LLP; Auditor since 1976; 10-K, p. 118; 2025 Forms 10-K",S8,issuer,content.schwab.com,5,secondary,issuer,false,true,false,false,false,issuer; forum; aggregator,none,,,secondary,issuer,false,false,false,5,false
20261007T060213241645Z-codex.web.BR02.r2-a1,web,breadth,BR02,2,1,fact,These are company-wide headcounts from the human capital sections of the specified 10-Ks.,10-Ks,,,,1,unattributed,,false,false,false,false,false,,none,,,unattributed,,false,false,false,1,false
20261007T060213241645Z-codex.web.BR02.r2-a1,web,breadth,BR02,2,2,fact,"Walmart (WMT): Approximately 2,100,000 worldwide. 10-K","Walmart; WMT; 2,100,000; 10-K",S1,filing,filing-source,3,filing,filing,false,false,true,false,false,issuer; forum; news; reference,none,,,filing,filing,true,true,false,1,false
20261007T060213241645Z-codex.web.BR02.r2-a1,web,breadth,BR02,2,3,fact,"Target (TGT): Approximately 415,000, including full-time, part-time and seasonal team members. 10-K","Target; TGT; 415,000; 10-K",S2,filing,filing-source,3,filing,filing,false,false,true,false,false,issuer; promotional; aggregator; news; reference,none,,,filing,filing,true,true,false,1,false
20261007T060213241645Z-codex.web.BR02.r2-a1,web,breadth,BR02,2,4,fact,"Costco (COST): 341,000 worldwide. 10-K","Costco; COST; 341,000; 10-K",S3,filing,filing-source,3,filing,filing,false,false,true,true,false,issuer; forum; aggregator; news; reference,none,,,filing,filing,true,true,false,1,false
20261007T060213241645Z-codex.web.BR02.r2-a1,web,breadth,BR02,2,5,fact,"Home Depot (HD): Approximately 472,400 associates. 10-K","Home Depot; HD; 472,400; 10-K",S4,filing,filing-source,3,filing,filing,false,false,true,false,false,news,none,,,filing,filing,true,false,false,1,false
20261007T060213241645Z-codex.web.BR02.r2-a1,web,breadth,BR02,2,6,fact,"Lowe’s (LOW): Approximately 276,000: 167,000 full-time + 109,000 part-time associates. 10-K","Lowe’s; LOW; 276,000; 167,000; 109,000; 10-K",S5,filing,filing-source,5,secondary,issuer,false,false,false,false,false,issuer; forum; promotional; aggregator; news,none,,,secondary,issuer,false,false,false,3,false
20261007T060213241645Z-codex.web.BR02.r2-a1,web,breadth,BR02,2,7,fact,"Kroger (KR): More than 403,000 full- and part-time employees. 10-K copy","Kroger; KR; 403,000; 10-K",S6,aggregator,stocklight.com,3,filing,filing,false,true,true,true,false,issuer; forum; promotional; aggregator; news; other,none,,,filing,filing,true,true,false,1,false
20261007T060213241645Z-codex.web.BR02.r2-a1,web,breadth,BR02,2,8,fact,"Best Buy (BBY): Approximately 82,000 employees in the U.S. and Canada. 10-K","Best Buy; BBY; 82,000; U.S.; Canada; 10-K",S7,filing,filing-source,5,filing,filing,false,false,true,true,false,issuer; forum; news; reference,none,,,filing,filing,true,true,false,1,false
20261007T060213241645Z-codex.web.BR02.r2-a1,web,breadth,BR02,2,9,fact,"TJX (TJX): Approximately 377,000 associates. 10-K","TJX; 377,000; 10-K",S8,filing,filing-source,2,filing,filing,false,false,true,true,false,issuer,none,,,filing,filing,true,true,false,1,false
20261007T060213241645Z-codex.web.BR02.r2-a1,web,breadth,BR02,2,10,fact,"Ross Stores (ROST): Approximately 111,000 full- and part-time associates. 10-K","Ross Stores; ROST; 111,000; 10-K",S9,filing,filing-source,3,filing,filing,false,false,true,true,false,issuer; reference,none,,,filing,filing,true,true,false,1,false
20261007T060310297002Z-codex.archivist.BR02.r2-a1,archivist,breadth,BR02,2,1,fact,"Walmart (WMT): Approximately 2,100,000 worldwide.","Walmart; WMT; 2,100,000",S1,filing,mosaic-finance.com,3,filing,filing,false,false,true,false,false,,none,,,filing,filing,true,false,false,1,false
20261007T060310297002Z-codex.archivist.BR02.r2-a1,archivist,breadth,BR02,2,2,fact,"Target (TGT): Approximately 415,000, including full-time, part-time and seasonal team members.","Target; TGT; 415,000",S2,filing,mosaic-finance.com,3,filing,filing,false,false,true,false,false,,none,,,filing,filing,true,false,false,1,false
20261007T060310297002Z-codex.archivist.BR02.r2-a1,archivist,breadth,BR02,2,3,fact,"Costco (COST): 341,000 worldwide.","Costco; COST; 341,000",S3,filing,mosaic-finance.com,3,filing,filing,false,false,true,false,false,,none,,,filing,filing,true,false,false,1,false
20261007T060310297002Z-codex.archivist.BR02.r2-a1,archivist,breadth,BR02,2,4,fact,"Home Depot (HD): Approximately 472,400 associates.","Home Depot; HD; 472,400",S4,filing,mosaic-finance.com,3,filing,filing,false,false,true,false,false,,none,,,filing,filing,true,false,false,1,false
20261007T060310297002Z-codex.archivist.BR02.r2-a1,archivist,breadth,BR02,2,5,fact,"Lowe’s (LOW): Approximately 276,000: 167,000 full-time + 109,000 part-time associates.","Lowe’s; LOW; 276,000; 167,000; 109,000",S5,filing,mosaic-finance.com,5,unattributed,,false,false,false,false,false,,none,,,unattributed,,false,false,false,3,false
20261007T060310297002Z-codex.archivist.BR02.r2-a1,archivist,breadth,BR02,2,6,fact,"Kroger (KR): More than 403,000, full-time and part-time.","Kroger; KR; 403,000",S6,filing,mosaic-finance.com,3,filing,filing,false,false,true,false,false,,none,,,filing,filing,true,false,false,1,false
20261007T060310297002Z-codex.archivist.BR02.r2-a1,archivist,breadth,BR02,2,7,fact,"Best Buy (BBY): Approximately 82,000 in the U.S. and Canada.","Best Buy; BBY; 82,000; U.S.; Canada",S7,filing,mosaic-finance.com,5,filing,filing,false,false,true,false,false,,none,,,filing,filing,true,false,false,1,false
20261007T060310297002Z-codex.archivist.BR02.r2-a1,archivist,breadth,BR02,2,8,fact,"TJX (TJX): Approximately 377,000 associates.","TJX; 377,000",S8,filing,mosaic-finance.com,2,filing,filing,false,false,true,false,false,,none,,,filing,filing,true,false,false,1,false
20261007T060310297002Z-codex.archivist.BR02.r2-a1,archivist,breadth,BR02,2,9,fact,"Ross Stores (ROST): Approximately 111,000, including full-time and part-time associates.","Ross Stores; ROST; 111,000",S9,filing,mosaic-finance.com,3,filing,filing,false,false,true,false,false,,none,,,filing,filing,true,false,false,1,false
20261007T060312239141Z-codex.both.BR02.r2-a1,both,breadth,BR02,2,1,fact,"Walmart (WMT): Approximately 2,100,000 associates worldwide.","Walmart; WMT; 2,100,000",S1,filing,mosaic-finance.com,3,filing,filing,false,false,true,false,false,,none,,,filing,filing,true,false,false,1,false
20261007T060312239141Z-codex.both.BR02.r2-a1,both,breadth,BR02,2,2,fact,"Target (TGT): Approximately 415,000 team members, including full-time, part-time and seasonal workers.","Target; TGT; 415,000",S2,filing,mosaic-finance.com,3,filing,filing,false,false,true,false,false,,none,,,filing,filing,true,false,false,1,false
20261007T060312239141Z-codex.both.BR02.r2-a1,both,breadth,BR02,2,3,fact,"Costco (COST): 341,000 employees worldwide.","Costco; COST; 341,000",S3,filing,mosaic-finance.com,3,filing,filing,false,false,true,false,false,,none,,,filing,filing,true,false,false,1,false
20261007T060312239141Z-codex.both.BR02.r2-a1,both,breadth,BR02,2,4,fact,"Home Depot (HD): Approximately 472,400 associates.","Home Depot; HD; 472,400",S4,filing,mosaic-finance.com,3,filing,filing,false,false,true,false,false,,none,,,filing,filing,true,false,false,1,false
20261007T060312239141Z-codex.both.BR02.r2-a1,both,breadth,BR02,2,5,fact,"Lowe’s (LOW): Approximately 276,000 associates, calculated as 167,000 full-time + 109,000 part-time.","Lowe’s; LOW; 276,000; 167,000; 109,000",S5,filing,mosaic-finance.com,5,unattributed,,false,false,false,false,false,,none,,,unattributed,,false,false,false,3,false
20261007T060312239141Z-codex.both.BR02.r2-a1,both,breadth,BR02,2,6,fact,"Kroger (KR): More than 403,000 employees, full-time and part-time.","Kroger; KR; 403,000",S6,filing,mosaic-finance.com,3,filing,filing,false,false,true,false,false,,none,,,filing,filing,true,false,false,1,false
20261007T060312239141Z-codex.both.BR02.r2-a1,both,breadth,BR02,2,7,fact,"Best Buy (BBY): Approximately 82,000 employees in the U.S. and Canada.","Best Buy; BBY; 82,000; U.S.; Canada",S7,filing,mosaic-finance.com,5,filing,filing,false,false,true,false,false,,none,,,filing,filing,true,false,false,1,false
20261007T060312239141Z-codex.both.BR02.r2-a1,both,breadth,BR02,2,8,fact,"TJX (TJX): Approximately 377,000 associates.","TJX; 377,000",S8,filing,mosaic-finance.com,2,filing,filing,false,false,true,false,false,,none,,,filing,filing,true,false,false,1,false
20261007T060312239141Z-codex.both.BR02.r2-a1,both,breadth,BR02,2,9,fact,"Ross Stores (ROST): Approximately 111,000 associates, full-time and part-time.","Ross Stores; ROST; 111,000",S9,filing,mosaic-finance.com,3,filing,filing,false,false,true,false,false,,none,,,filing,filing,true,false,false,1,false
20261007T060410073897Z-codex.web.BR03.r2-a1,web,breadth,BR03,2,1,fact,"PepsiCo (PEP): Yes. The fiscal 2025 Form 10-K mentions “weight-loss drugs, such as GLP-1 medications.”",PepsiCo; PEP; fiscal 2025; Form 10-K; GLP-1,S1,filing,filing-source,4,filing,filing,false,false,true,true,false,issuer; forum; aggregator; reference,none,,,filing,filing,true,true,false,4,false
20261007T060410073897Z-codex.web.BR03.r2-a1,web,breadth,BR03,2,2,fact,"Kraft Heinz (KHC): Yes. The fiscal 2025 Form 10-K mentions “consumption patterns, such as those potentially associated with weight-loss drugs.”",Kraft Heinz; KHC; fiscal 2025; Form 10-K,S2,filing,filing-source,3,filing,filing,false,false,true,true,false,issuer; forum; aggregator; news; reference,none,,,filing,filing,true,true,false,3,false
20261007T060410073897Z-codex.web.BR03.r2-a1,web,breadth,BR03,2,3,fact,Mondelez International (MDLZ): Yes. The fiscal 2025 Form 10-K mentions “using weight-loss drugs.”,Mondelez International; MDLZ; fiscal 2025; Form 10-K,S3,filing,filing-source,3,secondary,issuer,false,false,false,true,false,issuer; forum; aggregator; reference,none,,,secondary,issuer,false,true,false,3,false
20261007T060410073897Z-codex.web.BR03.r2-a1,web,breadth,BR03,2,4,fact,"Conagra Brands (CAG): Yes. “Growing use of weight loss medication.” 2025 10-K, p. 14.",Conagra Brands; CAG; 2025 10-K; p. 14,S4,issuer,conagrabrands.com,3,secondary,issuer,false,true,false,false,false,issuer; forum; reference,none,,,secondary,issuer,false,false,false,3,false
20261007T060410073897Z-codex.web.BR03.r2-a1,web,breadth,BR03,2,5,fact,"Constellation Brands (STZ): Yes. The fiscal 2025 Form 10-K mentions “weight loss regimens and pharmaceuticals, including GLP-1 drugs.”",Constellation Brands; STZ; fiscal 2025; Form 10-K; GLP-1,S5,issuer,ir.cbrands.com,4,filing,filing,false,true,true,true,false,issuer; forum; aggregator; reference,none,,,filing,filing,true,true,false,4,false
20261007T060410073897Z-codex.web.BR03.r2-a1,web,breadth,BR03,2,6,fact,"J&J Snack Foods (JJSF): Yes. The fiscal 2025 Form 10-K mentions “prescription weight-loss therapies, including GLP-1 and related drugs.”",J&J Snack Foods; JJSF; fiscal 2025; Form 10-K; GLP-1,S6,filing,filing-source,4,filing,filing,false,false,true,true,false,issuer; forum; promotional; aggregator; reference,none,,,filing,filing,true,true,false,4,false
20261007T060410073897Z-codex.web.BR03.r2-a1,web,breadth,BR03,2,7,fact,The Campbell’s Company (CPB): No. No reference found in the fiscal 2025 Form 10-K.,The Campbell’s Company; CPB; fiscal 2025; Form 10-K,S7,filing,filing-source,3,secondary,issuer,false,false,false,false,false,issuer; aggregator; reference; other,none,,,secondary,issuer,false,false,false,3,false
20261007T060410073897Z-codex.web.BR03.r2-a1,web,breadth,BR03,2,8,fact,McCormick & Company (MKC): No. No reference found in the fiscal 2025 Form 10-K.,McCormick & Company; MKC; fiscal 2025; Form 10-K,S8,filing,filing-source,3,secondary,issuer,false,false,false,true,false,issuer; aggregator; reference,none,,,secondary,issuer,false,true,false,3,false
20261007T060410073897Z-codex.web.BR03.r2-a1,web,breadth,BR03,2,9,fact,The Boston Beer Company (SAM): No. No reference found in the fiscal 2025 Form 10-K.,The Boston Beer Company; SAM; fiscal 2025; Form 10-K,S9,filing,filing-source,3,secondary,issuer,false,false,false,true,false,issuer; forum; aggregator; reference,none,,,secondary,issuer,false,true,false,3,false
20261007T060410073897Z-codex.web.BR03.r2-a1,web,breadth,BR03,2,10,fact,Monster Beverage (MNST): No. No reference found in the fiscal 2025 Form 10-K.,Monster Beverage; MNST; fiscal 2025; Form 10-K,S10,filing,filing-source,3,filing,filing,false,false,true,true,false,issuer; forum; aggregator; reference,none,,,filing,filing,true,true,false,3,false
20261007T060419664052Z-codex.archivist.BR03.r2-a1,archivist,breadth,BR03,2,1,fact,"PepsiCo (PEP): Yes, its fiscal 2025 Form 10-K mentions “weight-loss drugs, such as GLP-1 medications”.",PepsiCo; PEP; fiscal 2025; Form 10-K; GLP-1,S1,filing,mosaic-finance.com,4,filing,filing,false,false,true,false,false,,none,,,filing,filing,true,false,false,4,false
20261007T060419664052Z-codex.archivist.BR03.r2-a1,archivist,breadth,BR03,2,2,fact,"Kraft Heinz (KHC): Yes, its fiscal 2025 Form 10-K mentions “consumption patterns … potentially associated with weight-loss drugs”.",Kraft Heinz; KHC; fiscal 2025; Form 10-K,S2,filing,mosaic-finance.com,3,filing,filing,false,false,true,false,false,,none,,,filing,filing,true,false,false,3,false
20261007T060419664052Z-codex.archivist.BR03.r2-a1,archivist,breadth,BR03,2,3,fact,"Mondelez (MDLZ): Yes, its fiscal 2025 Form 10-K mentions “using weight-loss drugs”.",Mondelez; MDLZ; fiscal 2025; Form 10-K,S3,filing,mosaic-finance.com,3,filing,filing,false,false,true,false,false,,none,,,filing,filing,true,false,false,3,false
20261007T060419664052Z-codex.archivist.BR03.r2-a1,archivist,breadth,BR03,2,4,fact,"Conagra (CAG): Yes, its fiscal 2025 Form 10-K mentions “Growing use of weight loss medication”.",Conagra; CAG; fiscal 2025; Form 10-K,S4,filing,mosaic-finance.com,3,filing,filing,false,false,true,false,false,,none,,,filing,filing,true,false,false,3,false
20261007T060419664052Z-codex.archivist.BR03.r2-a1,archivist,breadth,BR03,2,5,fact,"Constellation Brands (STZ): Yes, its fiscal 2025 Form 10-K mentions “weight loss regimens and pharmaceuticals, including GLP-1 drugs”.",Constellation Brands; STZ; fiscal 2025; Form 10-K; GLP-1,S5,filing,mosaic-finance.com,4,filing,filing,false,false,true,false,false,,none,,,filing,filing,true,false,false,4,false
20261007T060419664052Z-codex.archivist.BR03.r2-a1,archivist,breadth,BR03,2,6,fact,"J&J Snack Foods (JJSF): Yes, its fiscal 2025 Form 10-K mentions “prescription weight-loss therapies, including GLP-1 and related drugs”.",J&J Snack Foods; JJSF; fiscal 2025; Form 10-K; GLP-1,S6,filing,mosaic-finance.com,4,unattributed,,false,false,false,false,false,,none,,,unattributed,,false,false,false,4,false
20261007T060419664052Z-codex.archivist.BR03.r2-a1,archivist,breadth,BR03,2,7,fact,"Campbell’s (CPB): No, its fiscal 2025 Form 10-K does not mention GLP-1 or other weight-loss drugs or medications.",Campbell’s; CPB; fiscal 2025; Form 10-K; GLP-1,S7,filing,mosaic-finance.com,4,filing,filing,false,false,true,false,false,,none,,,filing,filing,true,false,false,4,false
20261007T060419664052Z-codex.archivist.BR03.r2-a1,archivist,breadth,BR03,2,8,fact,"McCormick (MKC): No, its fiscal 2025 Form 10-K does not mention GLP-1 or other weight-loss drugs or medications.",McCormick; MKC; fiscal 2025; Form 10-K; GLP-1,S8,filing,mosaic-finance.com,4,filing,filing,false,false,true,false,false,,none,,,filing,filing,true,false,false,4,false
20261007T060419664052Z-codex.archivist.BR03.r2-a1,archivist,breadth,BR03,2,9,fact,"Boston Beer (SAM): No, its fiscal 2025 Form 10-K does not mention GLP-1 or other weight-loss drugs or medications.",Boston Beer; SAM; fiscal 2025; Form 10-K; GLP-1,S9,filing,mosaic-finance.com,4,filing,filing,false,false,true,false,false,,none,,,filing,filing,true,false,false,4,false
20261007T060419664052Z-codex.archivist.BR03.r2-a1,archivist,breadth,BR03,2,10,fact,"Monster Beverage (MNST): No, its fiscal 2025 Form 10-K does not mention GLP-1 or other weight-loss drugs or medications.",Monster Beverage; MNST; fiscal 2025; Form 10-K; GLP-1,S10,filing,mosaic-finance.com,4,filing,filing,false,false,true,false,false,,none,,,filing,filing,true,false,false,4,false
20261007T060419664052Z-codex.archivist.BR03.r2-a1,archivist,breadth,BR03,2,11,fact,"“No” reflects checks for GLP, weight-loss wording, drugs, medications, pharmaceuticals, glucagon, obesity, and appetite references.",GLP,,,,1,filing,filing,false,false,true,false,false,,none,,,filing,filing,true,false,false,1,false
20261007T060521342120Z-codex.both.BR03.r2-a1,both,breadth,BR03,2,1,fact,"PepsiCo (PEP): Yes, for the specific fiscal 2025 Form 10-K filing; “weight-loss drugs, such as GLP-1 medications”.",PepsiCo; PEP; fiscal 2025; Form 10-K; GLP-1,S1,filing,mosaic-finance.com,4,filing,filing,false,false,true,false,false,,none,,,filing,filing,true,false,false,4,false
20261007T060521342120Z-codex.both.BR03.r2-a1,both,breadth,BR03,2,2,fact,"Kraft Heinz (KHC): Yes, for the specific fiscal 2025 Form 10-K filing; “changing consumption patterns, such as those potentially associated with weight-loss drugs”.",Kraft Heinz; KHC; fiscal 2025; Form 10-K,S2,filing,mosaic-finance.com,3,filing,filing,false,false,true,false,false,,none,,,filing,filing,true,false,false,3,false
20261007T060521342120Z-codex.both.BR03.r2-a1,both,breadth,BR03,2,3,fact,"Mondelez (MDLZ): Yes, for the specific fiscal 2025 Form 10-K filing; “using weight-loss drugs”.",Mondelez; MDLZ; fiscal 2025; Form 10-K,S3,filing,mosaic-finance.com,3,filing,filing,false,false,true,false,false,,none,,,filing,filing,true,false,false,3,false
20261007T060521342120Z-codex.both.BR03.r2-a1,both,breadth,BR03,2,4,fact,"Conagra Brands (CAG): Yes, for the specific fiscal 2025 Form 10-K filing; “Growing use of weight loss medication”.",Conagra Brands; CAG; fiscal 2025; Form 10-K,S4,filing,mosaic-finance.com,3,filing,filing,false,false,true,false,false,,none,,,filing,filing,true,false,false,3,false
20261007T060521342120Z-codex.both.BR03.r2-a1,both,breadth,BR03,2,5,fact,"Constellation Brands (STZ): Yes, for the specific fiscal 2025 Form 10-K filing; “weight loss regimens and pharmaceuticals, including GLP-1 drugs”.",Constellation Brands; STZ; fiscal 2025; Form 10-K; GLP-1,S5,filing,mosaic-finance.com,4,filing,filing,false,false,true,false,false,,none,,,filing,filing,true,false,false,4,false
20261007T060521342120Z-codex.both.BR03.r2-a1,both,breadth,BR03,2,6,fact,"J&J Snack Foods (JJSF): Yes, for the specific fiscal 2025 Form 10-K filing; “prescription weight-loss therapies, including GLP-1 and related drugs”.",J&J Snack Foods; JJSF; fiscal 2025; Form 10-K; GLP-1,S6,filing,mosaic-finance.com,4,unattributed,,false,false,false,false,false,,none,,,unattributed,,false,false,false,4,false
20261007T060521342120Z-codex.both.BR03.r2-a1,both,breadth,BR03,2,7,fact,Campbell’s (CPB): No. No relevant mention found in the named fiscal 2025 Form 10-K.,Campbell’s; CPB; fiscal 2025; Form 10-K,S7,filing,mosaic-finance.com,3,filing,filing,false,false,true,false,false,,none,,,filing,filing,true,false,false,3,false
20261007T060521342120Z-codex.both.BR03.r2-a1,both,breadth,BR03,2,8,fact,McCormick (MKC): No. No relevant mention found in the named fiscal 2025 Form 10-K.,McCormick; MKC; fiscal 2025; Form 10-K,S8,filing,mosaic-finance.com,3,filing,filing,false,false,true,false,false,,none,,,filing,filing,true,false,false,3,false
20261007T060521342120Z-codex.both.BR03.r2-a1,both,breadth,BR03,2,9,fact,Boston Beer (SAM): No. No relevant mention found in the named fiscal 2025 Form 10-K.,Boston Beer; SAM; fiscal 2025; Form 10-K,S9,filing,mosaic-finance.com,3,filing,filing,false,false,true,false,false,,none,,,filing,filing,true,false,false,3,false
20261007T060521342120Z-codex.both.BR03.r2-a1,both,breadth,BR03,2,10,fact,Monster Beverage (MNST): No. No relevant mention found in the named fiscal 2025 Form 10-K.,Monster Beverage; MNST; fiscal 2025; Form 10-K,S10,filing,mosaic-finance.com,3,filing,filing,false,false,true,false,false,,none,,,filing,filing,true,false,false,3,false
20261007T060521349155Z-codex.web.BR04.r2-a1,web,breadth,BR04,2,1,fact,"JetBlue (JBLU): Yes, its 2025 Form 10-K covering the fiscal year ended December 31, 2025 mentions Pratt & Whitney or its GTF engines.","JetBlue; JBLU; 2025 Form 10-K; December 31, 2025; Pratt & Whitney; GTF",S1,filing,filing-source,6,filing,filing,false,false,true,false,false,issuer; forum; promotional; aggregator; news; reference; other,none,,,filing,filing,true,false,false,6,false
20261007T060521349155Z-codex.web.BR04.r2-a1,web,breadth,BR04,2,2,fact,"American (AAL): Yes, its 2025 Form 10-K covering the fiscal year ended December 31, 2025 mentions Pratt & Whitney or its GTF engines, p. 37.","American; AAL; 2025 Form 10-K; December 31, 2025; Pratt & Whitney; GTF; p. 37",S2,issuer,americanairlines.gcs-web.com,7,secondary,issuer,false,true,false,false,false,issuer; forum; promotional; aggregator; news; reference; other,none,,,secondary,issuer,false,false,false,7,false
20261007T060521349155Z-codex.web.BR04.r2-a1,web,breadth,BR04,2,3,fact,"Frontier (ULCC): Yes, its 2025 Form 10-K covering the fiscal year ended December 31, 2025 mentions Pratt & Whitney or its GTF engines.","Frontier; ULCC; 2025 Form 10-K; December 31, 2025; Pratt & Whitney; GTF",S3,issuer,d18rn0p25nwr6d.cloudfront.net,6,filing,filing,false,true,true,false,false,issuer; forum; promotional; aggregator; news; reference; other,none,,,filing,filing,true,false,false,6,false
20261007T060521349155Z-codex.web.BR04.r2-a1,web,breadth,BR04,2,4,fact,"United (UAL): No, its 2025 Form 10-K covering the fiscal year ended December 31, 2025 does not mention Pratt & Whitney or its GTF engines.","United; UAL; 2025 Form 10-K; December 31, 2025; Pratt & Whitney; GTF",S4,filing,filing-source,6,filing,filing,false,false,true,false,false,issuer; forum; promotional; aggregator; news; reference; other,none,,,filing,filing,true,false,false,6,false
20261007T060521349155Z-codex.web.BR04.r2-a1,web,breadth,BR04,2,5,fact,"Delta (DAL): No, its 2025 Form 10-K covering the fiscal year ended December 31, 2025 does not mention Pratt & Whitney or its GTF engines.","Delta; DAL; 2025 Form 10-K; December 31, 2025; Pratt & Whitney; GTF",S5,filing,filing-source,6,filing,filing,false,false,true,false,false,issuer; forum; promotional; aggregator; news; reference,none,,,filing,filing,true,false,false,6,false
20261007T060521349155Z-codex.web.BR04.r2-a1,web,breadth,BR04,2,6,fact,"Alaska (ALK): No, its 2025 Form 10-K covering the fiscal year ended December 31, 2025 does not mention Pratt & Whitney or its GTF engines.","Alaska; ALK; 2025 Form 10-K; December 31, 2025; Pratt & Whitney; GTF",S6,filing,filing-source,6,filing,filing,false,false,true,false,false,issuer; forum; promotional; aggregator; news; reference; other,none,,,filing,filing,true,false,false,6,false
20261007T060521349155Z-codex.web.BR04.r2-a1,web,breadth,BR04,2,7,fact,"Southwest (LUV): No, its 2025 Form 10-K covering the fiscal year ended December 31, 2025 does not mention Pratt & Whitney or its GTF engines.","Southwest; LUV; 2025 Form 10-K; December 31, 2025; Pratt & Whitney; GTF",S7,filing,filing-source,6,filing,filing,false,false,true,false,false,issuer; forum; promotional; aggregator; news; reference,none,,,filing,filing,true,false,false,6,false
20261007T060521349155Z-codex.web.BR04.r2-a1,web,breadth,BR04,2,8,fact,"Allegiant (ALGT): No, its 2025 Form 10-K covering the fiscal year ended December 31, 2025 does not mention Pratt & Whitney or its GTF engines.","Allegiant; ALGT; 2025 Form 10-K; December 31, 2025; Pratt & Whitney; GTF",S8,filing,filing-source,6,filing,filing,false,false,true,false,false,issuer; forum; promotional; aggregator; news; reference,none,,,filing,filing,true,false,false,6,false
20261007T060521349155Z-codex.web.BR04.r2-a1,web,breadth,BR04,2,9,fact,"Sun Country (SNCY): No, its 2025 Form 10-K covering the fiscal year ended December 31, 2025 does not mention Pratt & Whitney or its GTF engines.","Sun Country; SNCY; 2025 Form 10-K; December 31, 2025; Pratt & Whitney; GTF",S9,filing,filing-source,6,filing,filing,false,false,true,false,false,issuer; forum; promotional; aggregator; news; reference,none,,,filing,filing,true,false,false,6,false
20261007T060620418661Z-codex.archivist.BR04.r2-a1,archivist,breadth,BR04,2,1,fact,"For the fiscal year ended December 31, 2025, JetBlue (JBLU): Yes—mentions Pratt & Whitney or GTF engines.","December 31, 2025; JetBlue; JBLU; Pratt & Whitney; GTF",S1,filing,mosaic-finance.com,5,filing,filing,false,false,true,false,false,,none,,,filing,filing,true,false,false,5,false
20261007T060620418661Z-codex.archivist.BR04.r2-a1,archivist,breadth,BR04,2,2,fact,"For the fiscal year ended December 31, 2025, American (AAL): Yes—mentions Pratt & Whitney or GTF engines.","December 31, 2025; American; AAL; Pratt & Whitney; GTF",S2,filing,mosaic-finance.com,5,filing,filing,false,false,true,false,false,,none,,,filing,filing,true,false,false,5,false
20261007T060620418661Z-codex.archivist.BR04.r2-a1,archivist,breadth,BR04,2,3,fact,"For the fiscal year ended December 31, 2025, Frontier (ULCC): Yes—mentions Pratt & Whitney or GTF engines.","December 31, 2025; Frontier; ULCC; Pratt & Whitney; GTF",S3,filing,mosaic-finance.com,5,filing,filing,false,false,true,false,false,,none,,,filing,filing,true,false,false,5,false
20261007T060620418661Z-codex.archivist.BR04.r2-a1,archivist,breadth,BR04,2,4,fact,"For the fiscal year ended December 31, 2025, United (UAL): No—does not mention Pratt & Whitney or GTF engines.","December 31, 2025; United; UAL; Pratt & Whitney; GTF",S4,filing,mosaic-finance.com,5,filing,filing,false,false,true,false,false,,none,,,filing,filing,true,false,false,5,false
20261007T060620418661Z-codex.archivist.BR04.r2-a1,archivist,breadth,BR04,2,5,fact,"For the fiscal year ended December 31, 2025, Delta (DAL): No—does not mention Pratt & Whitney or GTF engines.","December 31, 2025; Delta; DAL; Pratt & Whitney; GTF",S5,filing,mosaic-finance.com,5,filing,filing,false,false,true,false,false,,none,,,filing,filing,true,false,false,5,false
20261007T060620418661Z-codex.archivist.BR04.r2-a1,archivist,breadth,BR04,2,6,fact,"For the fiscal year ended December 31, 2025, Alaska (ALK): No—does not mention Pratt & Whitney or GTF engines.","December 31, 2025; Alaska; ALK; Pratt & Whitney; GTF",S6,filing,mosaic-finance.com,5,filing,filing,false,false,true,false,false,,none,,,filing,filing,true,false,false,5,false
20261007T060620418661Z-codex.archivist.BR04.r2-a1,archivist,breadth,BR04,2,7,fact,"For the fiscal year ended December 31, 2025, Southwest (LUV): No—does not mention Pratt & Whitney or GTF engines.","December 31, 2025; Southwest; LUV; Pratt & Whitney; GTF",S7,filing,mosaic-finance.com,5,filing,filing,false,false,true,false,false,,none,,,filing,filing,true,false,false,5,false
20261007T060620418661Z-codex.archivist.BR04.r2-a1,archivist,breadth,BR04,2,8,fact,"For the fiscal year ended December 31, 2025, Allegiant (ALGT): No—does not mention Pratt & Whitney or GTF engines.","December 31, 2025; Allegiant; ALGT; Pratt & Whitney; GTF",S8,filing,mosaic-finance.com,5,filing,filing,false,false,true,false,false,,none,,,filing,filing,true,false,false,5,false
20261007T060620418661Z-codex.archivist.BR04.r2-a1,archivist,breadth,BR04,2,9,fact,"For the fiscal year ended December 31, 2025, Sun Country (SNCY): No—does not mention Pratt & Whitney or GTF engines.","December 31, 2025; Sun Country; SNCY; Pratt & Whitney; GTF",S9,filing,mosaic-finance.com,5,filing,filing,false,false,true,false,false,,none,,,filing,filing,true,false,false,5,false
20261007T060620418661Z-codex.archivist.BR04.r2-a1,archivist,breadth,BR04,2,10,fact,American explicitly mentions the engines,American,,,,1,filing,filing,false,false,true,false,false,,none,,,filing,filing,true,false,false,1,false
20261007T060620418661Z-codex.archivist.BR04.r2-a1,archivist,breadth,BR04,2,11,fact,American explicitly mentions the engines while stating that it does not use them in its fleet.,American,,,,1,filing,filing,false,false,true,false,false,,none,,,filing,filing,true,false,false,1,false
20261007T060628048333Z-codex.both.BR04.r2-a1,both,breadth,BR04,2,1,fact,"JetBlue (JBLU): Yes, mentions Pratt & Whitney or GTF engines in the specified Form 10-K for the fiscal year ended December 31, 2025.","JetBlue; JBLU; Pratt & Whitney; GTF; December 31, 2025",S1,filing,mosaic-finance.com,5,filing,filing,false,false,true,true,true,issuer; forum; aggregator; news; reference; other,none,,,filing,filing,true,true,true,5,false
20261007T060628048333Z-codex.both.BR04.r2-a1,both,breadth,BR04,2,2,fact,"American (AAL): Yes, mentions Pratt & Whitney or GTF engines in the specified Form 10-K for the fiscal year ended December 31, 2025.","American; AAL; Pratt & Whitney; GTF; December 31, 2025",S2,filing,mosaic-finance.com,5,filing,filing,false,false,true,true,true,issuer; forum; aggregator; news; reference; other,none,,,filing,filing,true,true,true,5,false
20261007T060628048333Z-codex.both.BR04.r2-a1,both,breadth,BR04,2,3,fact,"Frontier (ULCC): Yes, mentions Pratt & Whitney or GTF engines in the specified Form 10-K for the fiscal year ended December 31, 2025.","Frontier; ULCC; Pratt & Whitney; GTF; December 31, 2025",S3,filing,mosaic-finance.com,5,filing,filing,false,false,true,true,true,issuer; forum; aggregator; news; reference; other,none,,,filing,filing,true,true,true,5,false
20261007T060628048333Z-codex.both.BR04.r2-a1,both,breadth,BR04,2,4,fact,"United (UAL): No, does not mention Pratt & Whitney or GTF engines in the specified Form 10-K for the fiscal year ended December 31, 2025.","United; UAL; Pratt & Whitney; GTF; December 31, 2025",S4,filing,mosaic-finance.com,5,filing,filing,false,false,true,true,true,issuer; forum; aggregator; news; reference; other,none,,,filing,filing,true,true,true,5,false
20261007T060628048333Z-codex.both.BR04.r2-a1,both,breadth,BR04,2,5,fact,"Delta (DAL): No, does not mention Pratt & Whitney or GTF engines in the specified Form 10-K for the fiscal year ended December 31, 2025.","Delta; DAL; Pratt & Whitney; GTF; December 31, 2025",S5,filing,mosaic-finance.com,5,filing,filing,false,false,true,true,true,issuer; forum; aggregator; news; reference; other,none,,,filing,filing,true,true,true,5,false
20261007T060628048333Z-codex.both.BR04.r2-a1,both,breadth,BR04,2,6,fact,"Alaska (ALK): No, does not mention Pratt & Whitney or GTF engines in the specified Form 10-K for the fiscal year ended December 31, 2025.","Alaska; ALK; Pratt & Whitney; GTF; December 31, 2025",S6,filing,mosaic-finance.com,5,filing,filing,false,false,true,false,false,issuer; forum; aggregator; news; reference; other,none,,,filing,filing,true,false,false,5,false
20261007T060628048333Z-codex.both.BR04.r2-a1,both,breadth,BR04,2,7,fact,"Southwest (LUV): No, does not mention Pratt & Whitney or GTF engines in the specified Form 10-K for the fiscal year ended December 31, 2025.","Southwest; LUV; Pratt & Whitney; GTF; December 31, 2025",S7,filing,mosaic-finance.com,5,filing,filing,false,false,true,false,false,issuer; forum; aggregator; news; reference; other,none,,,filing,filing,true,false,false,5,false
20261007T060628048333Z-codex.both.BR04.r2-a1,both,breadth,BR04,2,8,fact,"Allegiant (ALGT): No, does not mention Pratt & Whitney or GTF engines in the specified Form 10-K for the fiscal year ended December 31, 2025.","Allegiant; ALGT; Pratt & Whitney; GTF; December 31, 2025",S8,filing,mosaic-finance.com,5,filing,filing,false,false,true,false,false,issuer; forum; aggregator; news; reference; other,none,,,filing,filing,true,false,false,5,false
20261007T060628048333Z-codex.both.BR04.r2-a1,both,breadth,BR04,2,9,fact,"Sun Country (SNCY): No, does not mention Pratt & Whitney or GTF engines in the specified Form 10-K for the fiscal year ended December 31, 2025.","Sun Country; SNCY; Pratt & Whitney; GTF; December 31, 2025",S9,filing,mosaic-finance.com,5,filing,filing,false,false,true,false,false,issuer; forum; aggregator; news; reference; other,none,,,filing,filing,true,false,false,5,false
20261007T060713138580Z-codex.web.BR05.r2-a1,web,breadth,BR05,2,1,fact,"Royal Bank of Canada (RY) names PricewaterhouseCoopers LLP as its external auditor in the English fiscal 2025 AIF, “Experts”.",Royal Bank of Canada; RY; PricewaterhouseCoopers LLP; fiscal 2025 AIF,S1,filing,filing-source,4,secondary,issuer,false,false,false,false,false,issuer; forum; aggregator; reference; other,none,,,secondary,issuer,false,false,false,4,false
20261007T060713138580Z-codex.web.BR05.r2-a1,web,breadth,BR05,2,2,fact,"The Toronto-Dominion Bank (TD) names Ernst & Young LLP as its external auditor in the English fiscal 2025 AIF, “Interests of Experts”.",The Toronto-Dominion Bank; TD; Ernst & Young LLP; fiscal 2025 AIF,S2,issuer,td.com,4,secondary,issuer,false,true,false,false,false,issuer; forum; aggregator; other,none,,,secondary,issuer,false,false,false,4,false
20261007T060713138580Z-codex.web.BR05.r2-a1,web,breadth,BR05,2,3,fact,"The Bank of Nova Scotia (BNS) names KPMG LLP as its external auditor in the English fiscal 2025 AIF, “Experts”.",The Bank of Nova Scotia; BNS; KPMG LLP; fiscal 2025 AIF,S3,issuer,scotiabank.com,4,secondary,issuer,false,true,false,false,false,issuer; aggregator,none,,,secondary,issuer,false,false,false,4,false
20261007T060713138580Z-codex.web.BR05.r2-a1,web,breadth,BR05,2,4,fact,"Bank of Montreal (BMO) names KPMG LLP as its external auditor in the English fiscal 2025 AIF, “Experts”.",Bank of Montreal; BMO; KPMG LLP; fiscal 2025 AIF,S4,issuer,bmo.com,4,secondary,issuer,false,true,false,false,false,issuer; forum; aggregator; reference,none,,,secondary,issuer,false,false,false,4,false
20261007T060713138580Z-codex.web.BR05.r2-a1,web,breadth,BR05,2,5,fact,"Canadian Imperial Bank of Commerce (CM) names Ernst & Young LLP as its external auditor in the English fiscal 2025 AIF, “Experts”.",Canadian Imperial Bank of Commerce; CM; Ernst & Young LLP; fiscal 2025 AIF,S5,issuer,cibc.com,4,secondary,issuer,false,true,false,false,false,issuer; aggregator; reference; other,none,,,secondary,issuer,false,false,false,4,false
20261007T060713138580Z-codex.web.BR05.r2-a1,web,breadth,BR05,2,6,fact,"National Bank of Canada (NA) names Deloitte LLP as its external auditor in the English fiscal 2025 AIF, “Interests of Experts”.",National Bank of Canada; NA; Deloitte LLP; fiscal 2025 AIF,S6,issuer,nbc.ca,4,secondary,issuer,false,true,false,false,false,issuer; forum; aggregator; reference; other,none,,,secondary,issuer,false,false,false,4,false
20261007T060713138580Z-codex.web.BR05.r2-a1,web,breadth,BR05,2,7,fact,Laurentian Bank of Canada (LB) names Ernst & Young LLP as its external auditor in the English fiscal 2025 AIF; the source is a 2025 AIF reproduction.,Laurentian Bank of Canada; LB; Ernst & Young LLP; fiscal 2025 AIF; 2025 AIF reproduction,S7,aggregator,marketscreener.com,5,secondary,issuer,false,true,false,false,false,issuer; aggregator; other,none,,,secondary,issuer,false,false,false,5,false
20261007T060713138580Z-codex.web.BR05.r2-a1,web,breadth,BR05,2,8,fact,"EQB Inc. (EQB) names KPMG LLP as its external auditor in the English fiscal 2025 AIF; the source is a 2025 AIF copy, p. 22.",EQB Inc.; EQB; KPMG LLP; fiscal 2025 AIF; 2025 AIF copy; p. 22,S8,filing,filing-source,6,secondary,issuer,false,false,false,false,false,issuer; aggregator,none,,,secondary,issuer,false,false,false,6,false
20261007T060722937046Z-codex.archivist.BR05.r2-a1,archivist,breadth,BR05,2,1,fact,Royal Bank of Canada (RY): the English fiscal 2025 AIF names PricewaterhouseCoopers LLP as external auditor.,Royal Bank of Canada; RY; fiscal 2025; PricewaterhouseCoopers LLP,S1,filing,mosaic-finance.com,3,filing,filing,false,false,true,false,false,,none,,,filing,filing,true,false,false,3,false
20261007T060722937046Z-codex.archivist.BR05.r2-a1,archivist,breadth,BR05,2,2,fact,"Royal Bank of Canada (RY): AIF filed Dec. 3, December 2025 — “Experts”.",Royal Bank of Canada; RY; Dec. 3; December 2025,S1,filing,mosaic-finance.com,4,unattributed,,false,false,false,false,false,,none,,,unattributed,,false,false,false,4,false
20261007T060722937046Z-codex.archivist.BR05.r2-a1,archivist,breadth,BR05,2,3,fact,The Toronto-Dominion Bank (TD): the English fiscal 2025 AIF names Ernst & Young LLP as external auditor.,The Toronto-Dominion Bank; TD; fiscal 2025; Ernst & Young LLP,S2,filing,mosaic-finance.com,3,unattributed,,false,false,false,false,false,,none,,,unattributed,,false,false,false,3,false
20261007T060722937046Z-codex.archivist.BR05.r2-a1,archivist,breadth,BR05,2,4,fact,"The Toronto-Dominion Bank (TD): AIF filed Dec. 4, December 2025 — “Additional Information Regarding the Audit Committee and External Auditor”.",The Toronto-Dominion Bank; TD; Dec. 4; December 2025,S2,filing,mosaic-finance.com,4,unattributed,,false,false,false,false,false,,none,,,unattributed,,false,false,false,4,false
20261007T060722937046Z-codex.archivist.BR05.r2-a1,archivist,breadth,BR05,2,5,fact,The Bank of Nova Scotia (BNS): the English fiscal 2025 AIF names KPMG LLP as external auditor.,The Bank of Nova Scotia; BNS; fiscal 2025; KPMG LLP,S3,filing,mosaic-finance.com,3,unattributed,,false,false,false,false,false,,none,,,unattributed,,false,false,false,3,false
20261007T060722937046Z-codex.archivist.BR05.r2-a1,archivist,breadth,BR05,2,6,fact,"The Bank of Nova Scotia (BNS): AIF filed Dec. 2, December 2025 — “Experts”.",The Bank of Nova Scotia; BNS; Dec. 2; December 2025,S3,filing,mosaic-finance.com,4,unattributed,,false,false,false,false,false,,none,,,unattributed,,false,false,false,4,false
20261007T060722937046Z-codex.archivist.BR05.r2-a1,archivist,breadth,BR05,2,7,fact,Bank of Montreal (BMO): the English fiscal 2025 AIF names KPMG LLP as external auditor.,Bank of Montreal; BMO; fiscal 2025; KPMG LLP,S4,filing,mosaic-finance.com,3,filing,filing,false,false,true,false,false,,none,,,filing,filing,true,false,false,3,false
20261007T060722937046Z-codex.archivist.BR05.r2-a1,archivist,breadth,BR05,2,8,fact,"Bank of Montreal (BMO): AIF filed Dec. 4, December 2025 — “Interests of Experts”.",Bank of Montreal; BMO; Dec. 4; December 2025,S4,filing,mosaic-finance.com,4,unattributed,,false,false,false,false,false,,none,,,unattributed,,false,false,false,4,false
20261007T060722937046Z-codex.archivist.BR05.r2-a1,archivist,breadth,BR05,2,9,fact,Canadian Imperial Bank of Commerce (CM): the English fiscal 2025 AIF names Ernst & Young LLP as external auditor.,Canadian Imperial Bank of Commerce; CM; fiscal 2025; Ernst & Young LLP,S5,filing,mosaic-finance.com,3,filing,filing,false,false,true,false,false,,none,,,filing,filing,true,false,false,3,false
20261007T060722937046Z-codex.archivist.BR05.r2-a1,archivist,breadth,BR05,2,10,fact,"Canadian Imperial Bank of Commerce (CM): AIF filed Dec. 4, December 2025 — “Experts”.",Canadian Imperial Bank of Commerce; CM; Dec. 4; December 2025,S5,filing,mosaic-finance.com,4,unattributed,,false,false,false,false,false,,none,,,unattributed,,false,false,false,4,false
20261007T060722937046Z-codex.archivist.BR05.r2-a1,archivist,breadth,BR05,2,11,fact,National Bank of Canada (NA): the English fiscal 2025 AIF names Deloitte LLP as external auditor.,National Bank of Canada; NA; fiscal 2025; Deloitte LLP,S6; S7,filing,mosaic-finance.com,3,filing,filing,false,false,true,false,false,,none,,,filing,filing,true,false,false,3,false
20261007T060722937046Z-codex.archivist.BR05.r2-a1,archivist,breadth,BR05,2,12,fact,"National Bank of Canada (NA): AIF filed Dec. 3, December 2025 — “Interests of Experts”.",National Bank of Canada; NA; Dec. 3; December 2025,S6,filing,mosaic-finance.com,4,unattributed,,false,false,false,false,false,,none,,,unattributed,,false,false,false,4,false
20261007T060722937046Z-codex.archivist.BR05.r2-a1,archivist,breadth,BR05,2,13,fact,“Deloitte” defined as Deloitte LLP.,Deloitte; Deloitte LLP,S7,filing,mosaic-finance.com,2,filing,filing,false,false,true,false,false,,none,,,filing,filing,true,false,false,2,false
20261007T060722937046Z-codex.archivist.BR05.r2-a1,archivist,breadth,BR05,2,14,fact,"Laurentian Bank of Canada (LB): terms and abbreviations, identifying EY as the auditor for fiscal 2025; external auditor Ernst & Young LLP.",Laurentian Bank of Canada; LB; EY; fiscal 2025; Ernst & Young LLP,S8,filing,mosaic-finance.com,4,filing,filing,false,false,true,false,false,,none,,,filing,filing,true,false,false,4,false
20261007T060722937046Z-codex.archivist.BR05.r2-a1,archivist,breadth,BR05,2,15,fact,"Laurentian Bank of Canada (LB): AIF filed Dec. 11, December 2025.",Laurentian Bank of Canada; LB; Dec. 11; December 2025,S8,filing,mosaic-finance.com,4,unattributed,,false,false,false,false,false,,none,,,unattributed,,false,false,false,4,false
20261007T060722937046Z-codex.archivist.BR05.r2-a1,archivist,breadth,BR05,2,16,fact,EQB Inc. (EQB): the English fiscal 2025 AIF names KPMG LLP as external auditor.,EQB Inc.; EQB; fiscal 2025; KPMG LLP,S9,filing,mosaic-finance.com,3,filing,filing,false,false,true,false,false,,none,,,filing,filing,true,false,false,3,false
20261007T060722937046Z-codex.archivist.BR05.r2-a1,archivist,breadth,BR05,2,17,fact,"EQB Inc. (EQB): AIF filed Dec. 3, December 2025 — “Experts”.",EQB Inc.; EQB; Dec. 3; December 2025,S9,filing,mosaic-finance.com,4,unattributed,,false,false,false,false,false,,none,,,unattributed,,false,false,false,4,false
20261007T060809351558Z-codex.both.BR05.r2-a1,both,breadth,BR05,2,1,fact,Royal Bank of Canada (RY): English fiscal 2025 AIF external auditor PricewaterhouseCoopers LLP (PwC); AIF filing date 2025-12-03.,Royal Bank of Canada; RY; fiscal 2025; PricewaterhouseCoopers LLP; PwC; 2025-12-03,S1,filing,mosaic-finance.com,5,filing,filing,false,false,true,false,false,,none,,,filing,filing,true,false,false,1,false
20261007T060809351558Z-codex.both.BR05.r2-a1,both,breadth,BR05,2,2,fact,The Toronto-Dominion Bank (TD): English fiscal 2025 AIF external auditor Ernst & Young LLP (EY); AIF filing date 2025-12-04.,The Toronto-Dominion Bank; TD; fiscal 2025; Ernst & Young LLP; EY; 2025-12-04,S2,filing,mosaic-finance.com,5,unattributed,,false,false,false,false,false,,none,,,filing,filing,true,false,false,1,false
20261007T060809351558Z-codex.both.BR05.r2-a1,both,breadth,BR05,2,3,fact,The Bank of Nova Scotia (BNS): English fiscal 2025 AIF external auditor KPMG LLP; AIF filing date 2025-12-02.,The Bank of Nova Scotia; BNS; fiscal 2025; KPMG LLP; 2025-12-02,S3,filing,mosaic-finance.com,4,unattributed,,false,false,false,false,false,,none,,,filing,filing,true,false,false,1,false
20261007T060809351558Z-codex.both.BR05.r2-a1,both,breadth,BR05,2,4,fact,Bank of Montreal (BMO): English fiscal 2025 AIF external auditor KPMG LLP; AIF filing date 2025-12-04.,Bank of Montreal; BMO; fiscal 2025; KPMG LLP; 2025-12-04,S4,filing,mosaic-finance.com,4,filing,filing,false,false,true,false,false,,none,,,filing,filing,true,false,false,1,false
20261007T060809351558Z-codex.both.BR05.r2-a1,both,breadth,BR05,2,5,fact,Canadian Imperial Bank of Commerce (CM): English fiscal 2025 AIF external auditor Ernst & Young LLP; AIF filing date 2025-12-04.,Canadian Imperial Bank of Commerce; CM; fiscal 2025; Ernst & Young LLP; 2025-12-04,S5,filing,mosaic-finance.com,4,filing,filing,false,false,true,false,false,,none,,,filing,filing,true,false,false,1,false
20261007T060809351558Z-codex.both.BR05.r2-a1,both,breadth,BR05,2,6,fact,National Bank of Canada (NA): English fiscal 2025 AIF external auditor Deloitte; AIF filing date 2025-12-03.,National Bank of Canada; NA; fiscal 2025; Deloitte; 2025-12-03,S6,filing,mosaic-finance.com,4,filing,filing,false,false,true,false,false,,none,,,filing,filing,true,false,false,1,false
20261007T060809351558Z-codex.both.BR05.r2-a1,both,breadth,BR05,2,7,fact,Laurentian Bank of Canada (LB): English fiscal 2025 AIF external auditor Ernst & Young LLP; AIF filing date 2025-12-11.,Laurentian Bank of Canada; LB; fiscal 2025; Ernst & Young LLP; 2025-12-11,S7,filing,mosaic-finance.com,5,filing,filing,false,false,true,false,false,,none,,,filing,filing,true,false,false,2,false
20261007T060809351558Z-codex.both.BR05.r2-a1,both,breadth,BR05,2,8,fact,EQB Inc. (EQB): English fiscal 2025 AIF external auditor KPMG LLP; AIF filing date 2025-12-03.,EQB Inc.; EQB; fiscal 2025; KPMG LLP; 2025-12-03,S8,filing,mosaic-finance.com,4,filing,filing,false,false,true,false,false,,none,,,filing,filing,true,false,false,1,false
20261007T060828387990Z-codex.web.BR01.r3-a1,web,breadth,BR01,3,1,fact,"The financial-statement auditor reports in the 2025 Forms 10-K (year ended December 31, 2025, filed February 2026) identify the listed auditors.","2025 Forms 10-K; December 31, 2025; February 2026",,,,3,secondary,issuer,false,false,false,false,false,issuer; forum; aggregator,none,,,secondary,issuer,false,false,false,3,false
20261007T060828387990Z-codex.web.BR01.r3-a1,web,breadth,BR01,3,2,fact,"JPMorgan Chase & Co. (JPM): PricewaterhouseCoopers LLP; auditor since 1965; 2025 Form 10-K, p. 164.",JPMorgan Chase & Co.; JPM; PricewaterhouseCoopers LLP; 2025 Form 10-K; p. 164,S1,issuer,jpmorganchase.com,5,secondary,issuer,false,true,false,false,false,issuer; forum; aggregator; reference; other,none,,,secondary,issuer,false,false,false,5,false
20261007T060828387990Z-codex.web.BR01.r3-a1,web,breadth,BR01,3,3,fact,"Bank of America Corporation (BAC): PricewaterhouseCoopers LLP; auditor since 1958; 2025 Form 10-K, p. 90.",Bank of America Corporation; BAC; PricewaterhouseCoopers LLP; 2025 Form 10-K; p. 90,S2,issuer,investor.bankofamerica.com,5,secondary,issuer,false,true,false,false,false,issuer; forum; aggregator; reference; other,none,,,secondary,issuer,false,false,false,5,false
20261007T060828387990Z-codex.web.BR01.r3-a1,web,breadth,BR01,3,4,fact,"Citigroup Inc. (C): KPMG LLP; auditor since 1969; 2025 Form 10-K, p. 132.",Citigroup Inc.; C; KPMG LLP; 2025 Form 10-K; p. 132,S3,issuer,citigroup.com,4,secondary,issuer,false,true,false,false,false,issuer; aggregator; reference,none,,,secondary,issuer,false,false,false,4,false
20261007T060828387990Z-codex.web.BR01.r3-a1,web,breadth,BR01,3,5,fact,"The Goldman Sachs Group, Inc. (GS): PricewaterhouseCoopers LLP; auditor since 1922; 2025 Form 10-K, p. 137.","The Goldman Sachs Group, Inc.; GS; PricewaterhouseCoopers LLP; 2025 Form 10-K; p. 137",S4,issuer,d3cobg6h0snvt3.cloudfront.net,5,secondary,issuer,false,true,false,false,false,issuer; forum; aggregator; reference; other,none,,,secondary,issuer,false,false,false,5,false
20261007T060828387990Z-codex.web.BR01.r3-a1,web,breadth,BR01,3,6,fact,"Morgan Stanley (MS): Deloitte & Touche LLP; auditor since 1997; 2025 Form 10-K, p. 79.",Morgan Stanley; MS; Deloitte & Touche LLP; 2025 Form 10-K; p. 79,S5,issuer,morganstanley.com,5,secondary,issuer,false,true,false,false,false,issuer; forum; aggregator; reference; other,none,,,secondary,issuer,false,false,false,5,false
20261007T060828387990Z-codex.web.BR01.r3-a1,web,breadth,BR01,3,7,fact,"The PNC Financial Services Group, Inc. (PNC): PricewaterhouseCoopers LLP; auditor since 2007; 2025 Form 10-K, p. 83.","The PNC Financial Services Group, Inc.; PNC; PricewaterhouseCoopers LLP; 2025 Form 10-K; p. 83",S6,issuer,investor.pnc.com,5,secondary,issuer,false,true,false,false,false,issuer; forum; aggregator; reference,none,,,secondary,issuer,false,false,false,5,false
20261007T060828387990Z-codex.web.BR01.r3-a1,web,breadth,BR01,3,8,fact,"U.S. Bancorp (USB): Ernst & Young LLP; auditor since 2003; 2025 annual report incorporated into Form 10-K, p. 63.",U.S. Bancorp; USB; Ernst & Young LLP; 2025 annual report; Form 10-K; p. 63,S7,issuer,usbank.com,6,secondary,issuer,false,true,false,false,false,issuer; forum; aggregator; reference,none,,,secondary,issuer,false,false,false,6,false
20261007T060828387990Z-codex.web.BR01.r3-a1,web,breadth,BR01,3,9,fact,"The Charles Schwab Corporation (SCHW): Deloitte & Touche LLP; auditor since 1976; 2025 annual report/Form 10-K, auditor report.",The Charles Schwab Corporation; SCHW; Deloitte & Touche LLP; 2025 annual report/Form 10-K,S8,issuer,content.schwab.com,4,secondary,issuer,false,true,false,false,false,issuer; forum; aggregator; other,none,,,secondary,issuer,false,false,false,4,false
20261007T060913099988Z-codex.archivist.BR01.r3-a1,archivist,breadth,BR01,3,1,fact,"For the fiscal year ended December 31, 2025, the February 2026 Forms 10-K report:","December 31, 2025; February 2026",,,,2,unattributed,,false,false,false,false,false,,none,,,unattributed,,false,false,false,2,false
20261007T060913099988Z-codex.archivist.BR01.r3-a1,archivist,breadth,BR01,3,2,fact,JPMorgan Chase & Co. (JPM): Independent registered public accounting firm — PricewaterhouseCoopers LLP.,JPMorgan Chase & Co.; JPM; PricewaterhouseCoopers LLP,S1,filing,mosaic-finance.com,3,filing,filing,false,false,true,false,false,,none,,,filing,filing,true,false,false,3,false
20261007T060913099988Z-codex.archivist.BR01.r3-a1,archivist,breadth,BR01,3,3,fact,JPMorgan Chase & Co. (JPM): Auditor since 1965.,JPMorgan Chase & Co.; JPM,S2,filing,mosaic-finance.com,2,filing,filing,false,false,true,false,false,,none,,,filing,filing,true,false,false,2,false
20261007T060913099988Z-codex.archivist.BR01.r3-a1,archivist,breadth,BR01,3,4,fact,Bank of America Corporation (BAC): Independent registered public accounting firm — PricewaterhouseCoopers LLP.,Bank of America Corporation; BAC; PricewaterhouseCoopers LLP,S3,filing,mosaic-finance.com,3,filing,filing,false,false,true,false,false,,none,,,filing,filing,true,false,false,3,false
20261007T060913099988Z-codex.archivist.BR01.r3-a1,archivist,breadth,BR01,3,5,fact,Bank of America Corporation (BAC): Auditor since 1958.,Bank of America Corporation; BAC,S4,filing,mosaic-finance.com,2,filing,filing,false,false,true,false,false,,none,,,filing,filing,true,false,false,2,false
20261007T060913099988Z-codex.archivist.BR01.r3-a1,archivist,breadth,BR01,3,6,fact,Citigroup Inc. (C): Independent registered public accounting firm — KPMG LLP.,Citigroup Inc.; C; KPMG LLP,,,,2,filing,filing,false,false,true,false,false,,none,,,filing,filing,true,false,false,2,false
20261007T060913099988Z-codex.archivist.BR01.r3-a1,archivist,breadth,BR01,3,7,fact,Citigroup Inc. (C): Auditor since 1969.,Citigroup Inc.; C,S5,filing,mosaic-finance.com,1,filing,filing,false,false,true,false,false,,none,,,filing,filing,true,false,false,1,false
20261007T060913099988Z-codex.archivist.BR01.r3-a1,archivist,breadth,BR01,3,8,fact,"The Goldman Sachs Group, Inc. (GS): Independent registered public accounting firm — PricewaterhouseCoopers LLP.","The Goldman Sachs Group, Inc.; GS; PricewaterhouseCoopers LLP",,,,3,filing,filing,false,false,true,false,false,,none,,,filing,filing,true,false,false,3,false
20261007T060913099988Z-codex.archivist.BR01.r3-a1,archivist,breadth,BR01,3,9,fact,"The Goldman Sachs Group, Inc. (GS): Auditor since 1922.","The Goldman Sachs Group, Inc.; GS",S6,filing,mosaic-finance.com,2,filing,filing,false,false,true,false,false,,none,,,filing,filing,true,false,false,2,false
20261007T060913099988Z-codex.archivist.BR01.r3-a1,archivist,breadth,BR01,3,10,fact,Morgan Stanley (MS): Independent registered public accounting firm — Deloitte & Touche LLP.,Morgan Stanley; MS; Deloitte & Touche LLP,,,,3,filing,filing,false,false,true,false,false,,none,,,filing,filing,true,false,false,3,false
20261007T060913099988Z-codex.archivist.BR01.r3-a1,archivist,breadth,BR01,3,11,fact,Morgan Stanley (MS): Auditor since 1997.,Morgan Stanley; MS,S7,filing,mosaic-finance.com,2,filing,filing,false,false,true,false,false,,none,,,filing,filing,true,false,false,2,false
20261007T060913099988Z-codex.archivist.BR01.r3-a1,archivist,breadth,BR01,3,12,fact,"The PNC Financial Services Group, Inc. (PNC): Independent registered public accounting firm — PricewaterhouseCoopers LLP.","The PNC Financial Services Group, Inc.; PNC; PricewaterhouseCoopers LLP",,,,3,filing,filing,false,false,true,false,false,,none,,,filing,filing,true,false,false,3,false
20261007T060913099988Z-codex.archivist.BR01.r3-a1,archivist,breadth,BR01,3,13,fact,"The PNC Financial Services Group, Inc. (PNC): Auditor since 2007.","The PNC Financial Services Group, Inc.; PNC",S8,filing,mosaic-finance.com,2,filing,filing,false,false,true,false,false,,none,,,filing,filing,true,false,false,2,false
20261007T060913099988Z-codex.archivist.BR01.r3-a1,archivist,breadth,BR01,3,14,fact,U.S. Bancorp (USB): Independent registered public accounting firm — Ernst & Young LLP.,U.S. Bancorp; USB; Ernst & Young LLP,S9,filing,mosaic-finance.com,3,filing,filing,false,false,true,false,false,,none,,,filing,filing,true,false,false,3,false
20261007T060913099988Z-codex.archivist.BR01.r3-a1,archivist,breadth,BR01,3,15,fact,U.S. Bancorp (USB): Auditor since 2003.,U.S. Bancorp; USB,S10,filing,mosaic-finance.com,2,filing,filing,false,false,true,false,false,,none,,,filing,filing,true,false,false,2,false
20261007T060913099988Z-codex.archivist.BR01.r3-a1,archivist,breadth,BR01,3,16,fact,The Charles Schwab Corporation (SCHW): Independent registered public accounting firm — Deloitte & Touche LLP.,The Charles Schwab Corporation; SCHW; Deloitte & Touche LLP,,,,3,filing,filing,false,false,true,false,false,,none,,,filing,filing,true,false,false,3,false
20261007T060913099988Z-codex.archivist.BR01.r3-a1,archivist,breadth,BR01,3,17,fact,The Charles Schwab Corporation (SCHW): Auditor since 1976.,The Charles Schwab Corporation; SCHW,S11,filing,mosaic-finance.com,2,filing,filing,false,false,true,false,false,,none,,,filing,filing,true,false,false,2,false
20261007T060956109137Z-codex.both.BR01.r3-a1,both,breadth,BR01,3,1,fact,"JPMorgan Chase & Co. (JPM): independent registered public accounting firm PricewaterhouseCoopers LLP; auditor since 1965; 2025 10-K, p. 164.",JPMorgan Chase & Co. (JPM); PricewaterhouseCoopers LLP; Auditor since 1965; 2025 10-K; p. 164,S1,issuer,jpmorganchase.com,4,secondary,issuer,false,true,false,false,false,issuer; forum; aggregator,none,,,secondary,issuer,false,false,false,4,false
20261007T060956109137Z-codex.both.BR01.r3-a1,both,breadth,BR01,3,2,fact,"Bank of America Corporation (BAC): independent registered public accounting firm PricewaterhouseCoopers LLP; auditor since 1958; 2025 10-K, p. 90.",Bank of America Corporation (BAC); PricewaterhouseCoopers LLP; Auditor since 1958; 2025 10-K; p. 90,S2,issuer,investor.bankofamerica.com,4,secondary,issuer,false,true,false,false,false,issuer; aggregator,none,,,secondary,issuer,false,false,false,4,false
20261007T060956109137Z-codex.both.BR01.r3-a1,both,breadth,BR01,3,3,fact,"Citigroup Inc. (C): independent registered public accounting firm KPMG LLP; auditor since 1969; 2025 10-K, p. 132.",Citigroup Inc. (C); KPMG LLP; Auditor since 1969; 2025 10-K; p. 132,S3,issuer,citigroup.com,4,secondary,issuer,false,true,false,false,false,issuer,none,,,secondary,issuer,false,false,false,4,false
20261007T060956109137Z-codex.both.BR01.r3-a1,both,breadth,BR01,3,4,fact,"The Goldman Sachs Group, Inc. (GS): independent registered public accounting firm PricewaterhouseCoopers LLP; auditor since 1922; 2025 10-K, p. 137.","The Goldman Sachs Group, Inc. (GS); PricewaterhouseCoopers LLP; Auditor since 1922; 2025 10-K; p. 137",S4,news,fortune.com,4,secondary,issuer,false,true,false,false,false,issuer; forum; aggregator; news,none,,,secondary,issuer,false,false,false,4,false
20261007T060956109137Z-codex.both.BR01.r3-a1,both,breadth,BR01,3,5,fact,"Morgan Stanley (MS): independent registered public accounting firm Deloitte & Touche LLP; auditor since 1997; 2025 10-K, p. 79.",Morgan Stanley (MS); Deloitte & Touche LLP; Auditor since 1997; 2025 10-K; p. 79,S5,issuer,morganstanley.ca,4,secondary,issuer,false,true,false,false,false,issuer; forum; aggregator,none,,,secondary,issuer,false,false,false,4,false
20261007T060956109137Z-codex.both.BR01.r3-a1,both,breadth,BR01,3,6,fact,"The PNC Financial Services Group, Inc. (PNC): independent registered public accounting firm PricewaterhouseCoopers LLP; auditor since 2007; 2025 10-K, p. 83.","The PNC Financial Services Group, Inc. (PNC); PricewaterhouseCoopers LLP; Auditor since 2007; 2025 10-K; p. 83",S6,issuer,investor.pnc.com,4,secondary,issuer,false,true,false,false,false,issuer; aggregator,none,,,secondary,issuer,false,false,false,4,false
20261007T060956109137Z-codex.both.BR01.r3-a1,both,breadth,BR01,3,7,fact,"U.S. Bancorp (USB): independent registered public accounting firm Ernst & Young LLP; auditor since 2003; 2025 10-K financials, p. 63.",U.S. Bancorp (USB); Ernst & Young LLP; Auditor since 2003; 2025 10-K financials; p. 63,S7,issuer,usbank.com,5,secondary,issuer,false,true,false,false,false,issuer; forum; aggregator,none,,,secondary,issuer,false,false,false,5,false
20261007T060956109137Z-codex.both.BR01.r3-a1,both,breadth,BR01,3,8,fact,"The Charles Schwab Corporation (SCHW): independent registered public accounting firm Deloitte & Touche LLP; auditor since 1976; 2025 10-K, p. 118.",The Charles Schwab Corporation (SCHW); Deloitte & Touche LLP; Auditor since 1976; 2025 10-K; p. 118,S8,issuer,content.schwab.com,4,secondary,issuer,false,true,false,false,false,issuer; forum; aggregator,none,,,secondary,issuer,false,false,false,4,false
20261007T061026862597Z-codex.web.BR02.r3-a1,web,breadth,BR02,3,1,fact,"Walmart (WMT): Approximately 2,100,000 worldwide.","Walmart; WMT; 2,100,000",S1,filing,filing-source,3,filing,filing,false,false,true,true,false,issuer; forum; aggregator; news; reference; other,none,,,filing,filing,true,true,false,1,false
20261007T061026862597Z-codex.web.BR02.r3-a1,web,breadth,BR02,3,2,fact,"Target (TGT): Approximately 415,000, including full-time, part-time and seasonal team members.","Target; TGT; 415,000",S2,filing,filing-source,3,filing,filing,false,false,true,false,false,issuer; aggregator; news; reference,none,,,filing,filing,true,true,false,1,false
20261007T061026862597Z-codex.web.BR02.r3-a1,web,breadth,BR02,3,3,fact,"Costco (COST): 341,000 worldwide.","Costco; COST; 341,000",S3,filing,filing-source,3,filing,filing,false,false,true,true,false,issuer; forum; aggregator; news; reference,none,,,filing,filing,true,true,false,1,false
20261007T061026862597Z-codex.web.BR02.r3-a1,web,breadth,BR02,3,4,fact,"Home Depot (HD): Approximately 472,400.","Home Depot; HD; 472,400",S4,filing,filing-source,3,filing,filing,false,false,true,false,false,forum; news,none,,,filing,filing,true,false,false,1,false
20261007T061026862597Z-codex.web.BR02.r3-a1,web,breadth,BR02,3,5,fact,"Lowe’s (LOW): Approximately 276,000: 167,000 full-time + 109,000 part-time.","Lowe’s; LOW; 276,000; 167,000; 109,000",S5,filing,filing-source,5,secondary,issuer,false,false,false,false,false,issuer; forum; aggregator; news; reference; other,none,,,secondary,aggregator,false,false,false,3,false
20261007T061026862597Z-codex.web.BR02.r3-a1,web,breadth,BR02,3,6,fact,"Kroger (KR): More than 403,000, full- and part-time.","Kroger; KR; 403,000",S6,filing,filing-source,3,filing,filing,false,false,true,false,false,,none,,,filing,filing,true,false,false,1,false
20261007T061026862597Z-codex.web.BR02.r3-a1,web,breadth,BR02,3,7,fact,"Best Buy (BBY): Approximately 82,000 in the U.S. and Canada.","Best Buy; BBY; 82,000; U.S.; Canada",S7,filing,filing-source,5,filing,filing,false,false,true,false,false,issuer; forum; aggregator; news; reference,none,,,filing,filing,true,false,false,1,false
20261007T061026862597Z-codex.web.BR02.r3-a1,web,breadth,BR02,3,8,fact,"TJX (TJX): Approximately 377,000.","TJX; 377,000",S8,filing,filing-source,2,filing,filing,false,false,true,false,false,issuer; forum,none,,,filing,filing,true,false,false,1,false
20261007T061026862597Z-codex.web.BR02.r3-a1,web,breadth,BR02,3,9,fact,"Ross Stores (ROST): Approximately 111,000, including full- and part-time associates.","Ross Stores; ROST; 111,000",S9,filing,filing-source,3,filing,filing,false,false,true,true,false,forum; aggregator,none,,,filing,filing,true,true,false,1,false
20261007T061026862597Z-codex.web.BR02.r3-a1,web,breadth,BR02,3,10,fact,"These are the company-wide headcounts reported in the human capital sections of the specified 10-Ks, preserving each company’s qualifiers.",10-Ks,,,,1,unattributed,,false,false,false,false,false,,none,,,unattributed,,false,false,false,1,false
20261007T061110133440Z-codex.archivist.BR02.r3-a1,archivist,breadth,BR02,3,1,fact,Walmart (WMT): Approximately 2.1 million associates worldwide.,Walmart; WMT; 2.1 million,S1,filing,mosaic-finance.com,3,filing,filing,false,false,true,false,false,,none,,,filing,filing,true,false,false,1,false
20261007T061110133440Z-codex.archivist.BR02.r3-a1,archivist,breadth,BR02,3,2,fact,"Target (TGT): Approximately 415,000 team members, including full-time, part-time and seasonal.","Target; TGT; 415,000",S2,filing,mosaic-finance.com,3,filing,filing,false,false,true,false,false,,none,,,filing,filing,true,false,false,1,false
20261007T061110133440Z-codex.archivist.BR02.r3-a1,archivist,breadth,BR02,3,3,fact,"Costco (COST): 341,000 employees worldwide.","Costco; COST; 341,000",S3,filing,mosaic-finance.com,3,filing,filing,false,false,true,false,false,,none,,,filing,filing,true,false,false,1,false
20261007T061110133440Z-codex.archivist.BR02.r3-a1,archivist,breadth,BR02,3,4,fact,"Home Depot (HD): Approximately 472,400 associates.","Home Depot; HD; 472,400",S4,filing,mosaic-finance.com,3,filing,filing,false,false,true,false,false,,none,,,filing,filing,true,false,false,1,false
20261007T061110133440Z-codex.archivist.BR02.r3-a1,archivist,breadth,BR02,3,5,fact,"Lowe’s (LOW): Approximately 276,000 associates: 167,000 full-time + 109,000 part-time.","Lowe’s; LOW; 276,000; 167,000; 109,000",S5,filing,mosaic-finance.com,5,unattributed,,false,false,false,false,false,,none,,,unattributed,,false,false,false,3,false
20261007T061110133440Z-codex.archivist.BR02.r3-a1,archivist,breadth,BR02,3,6,fact,"Kroger (KR): More than 403,000 full- and part-time employees.","Kroger; KR; 403,000",S6,filing,mosaic-finance.com,3,filing,filing,false,false,true,false,false,,none,,,filing,filing,true,false,false,1,false
20261007T061110133440Z-codex.archivist.BR02.r3-a1,archivist,breadth,BR02,3,7,fact,"Best Buy (BBY): Approximately 82,000 employees in the U.S. and Canada.","Best Buy; BBY; 82,000; U.S.; Canada",S7,filing,mosaic-finance.com,5,filing,filing,false,false,true,false,false,,none,,,filing,filing,true,false,false,1,false
20261007T061110133440Z-codex.archivist.BR02.r3-a1,archivist,breadth,BR02,3,8,fact,"TJX (TJX): Approximately 377,000 associates.","TJX; 377,000",S8,filing,mosaic-finance.com,2,filing,filing,false,false,true,false,false,,none,,,filing,filing,true,false,false,1,false
20261007T061110133440Z-codex.archivist.BR02.r3-a1,archivist,breadth,BR02,3,9,fact,"Ross Stores (ROST): Approximately 111,000 full- and part-time associates.","Ross Stores; ROST; 111,000",S9,filing,mosaic-finance.com,3,filing,filing,false,false,true,false,false,,none,,,filing,filing,true,false,false,1,false
20261007T061119518628Z-codex.both.BR02.r3-a1,both,breadth,BR02,3,1,fact,"Walmart (WMT): Approximately 2,100,000 worldwide; FY2026 Form 10-K.","Walmart; WMT; 2,100,000; FY2026; Form 10-K",S1,filing,filing-source,4,filing,filing,false,false,true,true,false,issuer; forum; aggregator; news; reference,none,,,filing,filing,true,true,false,1,false
20261007T061119518628Z-codex.both.BR02.r3-a1,both,breadth,BR02,3,2,fact,"Target (TGT): Approximately 415,000, including full-time, part-time, and seasonal team members; Form 10-K.","Target; TGT; 415,000; Form 10-K",S2,filing,filing-source,4,filing,filing,false,false,true,false,false,issuer; aggregator; news; reference,none,,,filing,filing,true,false,false,1,false
20261007T061119518628Z-codex.both.BR02.r3-a1,both,breadth,BR02,3,3,fact,"Costco (COST): 341,000 worldwide; FY2025 Form 10-K.","Costco; COST; 341,000; FY2025; Form 10-K",S3,filing,filing-source,4,filing,filing,false,false,true,true,false,issuer; forum; aggregator; news; reference,none,,,filing,filing,true,true,false,1,false
20261007T061119518628Z-codex.both.BR02.r3-a1,both,breadth,BR02,3,4,fact,"Home Depot (HD): Approximately 472,400; FY2025 Form 10-K.","Home Depot; HD; 472,400; FY2025; Form 10-K",S4,filing,filing-source,4,filing,filing,false,false,true,false,false,issuer; aggregator; reference,none,,,filing,filing,true,false,false,1,false
20261007T061119518628Z-codex.both.BR02.r3-a1,both,breadth,BR02,3,5,fact,"Lowe’s (LOW): Approximately 276,000: 167,000 full-time + 109,000 part-time; Form 10-K.","Lowe’s; LOW; 276,000; 167,000; 109,000; Form 10-K",S5,filing,filing-source,6,filing,filing,false,false,true,true,false,issuer; forum; aggregator; news; reference,none,,,filing,filing,true,true,false,3,false
20261007T061119518628Z-codex.both.BR02.r3-a1,both,breadth,BR02,3,6,fact,"Kroger (KR): More than 403,000, full-time and part-time; Annual report, Form 10-K, p. 5.","Kroger; KR; 403,000; Form 10-K; p. 5",S6,filing,filing-source,5,secondary,issuer,false,false,false,false,false,issuer; aggregator; reference; other,none,,,filing,filing,true,true,false,1,false
20261007T061119518628Z-codex.both.BR02.r3-a1,both,breadth,BR02,3,7,fact,"Best Buy (BBY): Approximately 82,000 in the U.S. and Canada; FY2026 Form 10-K.","Best Buy; BBY; 82,000; U.S.; Canada; FY2026; Form 10-K",S7,filing,filing-source,6,filing,filing,false,false,true,false,false,issuer; forum; aggregator; news; reference,none,,,filing,filing,true,false,false,1,false
20261007T061119518628Z-codex.both.BR02.r3-a1,both,breadth,BR02,3,8,fact,"TJX (TJX): Approximately 377,000; Form 10-K.","TJX; 377,000; Form 10-K",S8,filing,filing-source,3,filing,filing,false,false,true,false,false,issuer; aggregator; reference,none,,,filing,filing,true,false,false,1,false
20261007T061119518628Z-codex.both.BR02.r3-a1,both,breadth,BR02,3,9,fact,"Ross Stores (ROST): Approximately 111,000, full-time and part-time; Form 10-K.","Ross Stores; ROST; 111,000; Form 10-K",S9,filing,filing-source,4,secondary,issuer,false,false,false,false,false,issuer; aggregator; reference,none,,,filing,filing,true,false,false,1,false
20261007T061200323240Z-codex.web.BR03.r3-a1,web,breadth,BR03,3,1,fact,"PepsiCo (PEP): Yes. The fiscal 2025 Form 10-K mentions “weight-loss drugs, such as GLP-1 medications.”",PepsiCo; PEP; fiscal 2025; Form 10-K; GLP-1,S1,filing,filing-source,4,filing,filing,false,false,true,true,false,issuer; forum; reference,none,,,filing,filing,true,true,false,4,false
20261007T061200323240Z-codex.web.BR03.r3-a1,web,breadth,BR03,3,2,fact,Kraft Heinz (KHC): Yes. The fiscal 2025 Form 10-K mentions “consumption patterns … potentially associated with weight-loss drugs.”,Kraft Heinz; KHC; fiscal 2025; Form 10-K,S2,filing,filing-source,3,filing,filing,false,false,true,true,false,issuer; forum; aggregator; reference,none,,,filing,filing,true,true,false,3,false
20261007T061200323240Z-codex.web.BR03.r3-a1,web,breadth,BR03,3,3,fact,Mondelez (MDLZ): Yes. The fiscal 2025 Form 10-K mentions “using weight-loss drugs.”,Mondelez; MDLZ; fiscal 2025; Form 10-K,S3,issuer,ir.mondelezinternational.com,3,secondary,issuer,false,true,false,true,false,issuer; forum; aggregator; reference,none,,,secondary,issuer,false,true,false,3,false
20261007T061200323240Z-codex.web.BR03.r3-a1,web,breadth,BR03,3,4,fact,Conagra (CAG): Yes. The fiscal 2025 Form 10-K mentions “Growing use of weight loss medication.”,Conagra; CAG; fiscal 2025; Form 10-K,S4,issuer,conagrabrands.com,3,secondary,issuer,false,true,false,false,false,issuer; forum; reference,none,,,secondary,issuer,false,false,false,3,false
20261007T061200323240Z-codex.web.BR03.r3-a1,web,breadth,BR03,3,5,fact,"Constellation Brands (STZ): Yes. The fiscal 2025 Form 10-K mentions “weight loss regimens and pharmaceuticals, including GLP-1 drugs.”",Constellation Brands; STZ; fiscal 2025; Form 10-K; GLP-1,S5,filing,filing-source,4,filing,filing,false,false,true,true,false,issuer; forum; aggregator; reference,none,,,filing,filing,true,true,false,4,false
20261007T061200323240Z-codex.web.BR03.r3-a1,web,breadth,BR03,3,6,fact,"J&J Snack Foods (JJSF): Yes. The fiscal 2025 Form 10-K mentions “prescription weight-loss therapies, including GLP-1 and related drugs.”",J&J Snack Foods; JJSF; fiscal 2025; Form 10-K; GLP-1,S6,filing,filing-source,4,filing,filing,false,false,true,true,false,issuer; forum; aggregator; reference,none,,,filing,filing,true,true,false,4,false
20261007T061200323240Z-codex.web.BR03.r3-a1,web,breadth,BR03,3,7,fact,Campbell’s (CPB): No. No qualifying mention found in the fiscal 2025 Form 10-K.,Campbell’s; CPB; fiscal 2025; Form 10-K,S7,filing,filing-source,3,filing,filing,false,false,true,true,false,issuer; forum; reference,none,,,filing,filing,true,true,false,3,false
20261007T061200323240Z-codex.web.BR03.r3-a1,web,breadth,BR03,3,8,fact,McCormick (MKC): No. No qualifying mention found in the fiscal 2025 Form 10-K.,McCormick; MKC; fiscal 2025; Form 10-K,S8,filing,filing-source,3,filing,filing,false,false,true,true,false,issuer; forum; aggregator; reference,none,,,filing,filing,true,true,false,3,false
20261007T061200323240Z-codex.web.BR03.r3-a1,web,breadth,BR03,3,9,fact,Boston Beer (SAM): No. No qualifying mention found in the fiscal 2025 Form 10-K.,Boston Beer; SAM; fiscal 2025; Form 10-K,S9,filing,filing-source,3,filing,filing,false,false,true,true,false,issuer; forum; aggregator; reference,none,,,filing,filing,true,true,false,3,false
20261007T061200323240Z-codex.web.BR03.r3-a1,web,breadth,BR03,3,10,fact,Monster Beverage (MNST): No. No qualifying mention found in the fiscal 2025 Form 10-K.,Monster Beverage; MNST; fiscal 2025; Form 10-K,S10,filing,filing-source,3,filing,filing,false,false,true,true,false,issuer; forum; aggregator; reference,none,,,filing,filing,true,true,false,3,false
20261007T061211196800Z-codex.archivist.BR03.r3-a1,archivist,breadth,BR03,3,1,fact,"PepsiCo (PEP), fiscal 2025 Form 10-K, filed 2026-02-03: Yes; “weight-loss drugs, such as GLP-1 medications”.",PepsiCo; PEP; fiscal 2025; Form 10-K; 2026-02-03; GLP-1,S1,filing,mosaic-finance.com,4,filing,filing,false,false,true,false,false,,none,,,filing,filing,true,false,false,4,false
20261007T061211196800Z-codex.archivist.BR03.r3-a1,archivist,breadth,BR03,3,2,fact,"Kraft Heinz (KHC), fiscal 2025 Form 10-K, filed 2026-02-12: Yes; “weight-loss drugs”.",Kraft Heinz; KHC; fiscal 2025; Form 10-K; 2026-02-12,S2,filing,mosaic-finance.com,4,filing,filing,false,false,true,false,false,,none,,,filing,filing,true,false,false,1,false
20261007T061211196800Z-codex.archivist.BR03.r3-a1,archivist,breadth,BR03,3,3,fact,"Mondelez (MDLZ), fiscal 2025 Form 10-K, filed 2026-02-04: Yes; “using weight-loss drugs”.",Mondelez; MDLZ; fiscal 2025; Form 10-K; 2026-02-04,S3,filing,mosaic-finance.com,3,filing,filing,false,false,true,false,false,,none,,,filing,filing,true,false,false,3,false
20261007T061211196800Z-codex.archivist.BR03.r3-a1,archivist,breadth,BR03,3,4,fact,"Conagra Brands (CAG), fiscal 2025 Form 10-K, filed 2025-07-10: Yes; “Growing use of weight loss medication”.",Conagra Brands; CAG; fiscal 2025; Form 10-K; 2025-07-10,S4,filing,mosaic-finance.com,3,filing,filing,false,false,true,false,false,,none,,,filing,filing,true,false,false,3,false
20261007T061211196800Z-codex.archivist.BR03.r3-a1,archivist,breadth,BR03,3,5,fact,"Constellation Brands (STZ), fiscal 2025 Form 10-K, filed 2025-04-23: Yes; “weight loss regimens and pharmaceuticals, including GLP-1 drugs”.",Constellation Brands; STZ; fiscal 2025; Form 10-K; 2025-04-23; GLP-1,S5,filing,mosaic-finance.com,5,filing,filing,false,false,true,false,false,,none,,,filing,filing,true,false,false,1,false
20261007T061211196800Z-codex.archivist.BR03.r3-a1,archivist,breadth,BR03,3,6,fact,"J&J Snack Foods (JJSF), fiscal 2025 Form 10-K, filed 2025-11-26: Yes; “prescription weight-loss therapies, including GLP-1 and related drugs”.",J&J Snack Foods; JJSF; fiscal 2025; Form 10-K; 2025-11-26; GLP-1,S6,filing,mosaic-finance.com,6,unattributed,,false,false,false,false,false,,none,,,filing,filing,true,false,false,2,false
20261007T061211196800Z-codex.archivist.BR03.r3-a1,archivist,breadth,BR03,3,7,fact,"Campbell’s (CPB), fiscal 2025 Form 10-K, filed 2025-09-18: No.",Campbell’s; CPB; fiscal 2025; Form 10-K; 2025-09-18,S7,filing,mosaic-finance.com,4,filing,filing,false,false,true,false,false,,none,,,filing,filing,true,false,false,1,false
20261007T061211196800Z-codex.archivist.BR03.r3-a1,archivist,breadth,BR03,3,8,fact,"McCormick (MKC), fiscal 2025 Form 10-K, filed 2026-01-22: No.",McCormick; MKC; fiscal 2025; Form 10-K; 2026-01-22,S8,filing,mosaic-finance.com,4,filing,filing,false,false,true,false,false,,none,,,filing,filing,true,false,false,1,false
20261007T061211196800Z-codex.archivist.BR03.r3-a1,archivist,breadth,BR03,3,9,fact,"Boston Beer (SAM), fiscal 2025 Form 10-K, filed 2026-02-24: No.",Boston Beer; SAM; fiscal 2025; Form 10-K; 2026-02-24,S9,filing,mosaic-finance.com,4,filing,filing,false,false,true,false,false,,none,,,filing,filing,true,false,false,1,false
20261007T061211196800Z-codex.archivist.BR03.r3-a1,archivist,breadth,BR03,3,10,fact,"Monster Beverage (MNST), fiscal 2025 Form 10-K, filed 2026-02-27: No.",Monster Beverage; MNST; fiscal 2025; Form 10-K; 2026-02-27,S10,filing,mosaic-finance.com,4,filing,filing,false,false,true,false,false,,none,,,filing,filing,true,false,false,1,false
20261007T061211196800Z-codex.archivist.BR03.r3-a1,archivist,breadth,BR03,3,11,fact,“No” reflects filing-wide searches for GLP-1 and alternative weight-loss drug terminology.,GLP-1,,,,1,filing,filing,false,false,true,false,false,,none,,,filing,filing,true,false,false,1,false
20261007T061315448275Z-codex.both.BR03.r3-a1,both,breadth,BR03,3,1,fact,"PepsiCo (PEP), fiscal 2025 Form 10-K, filed 2026-02-03: Yes; “weight-loss drugs, such as GLP-1 medications”.",PepsiCo; PEP; fiscal 2025; Form 10-K; 2026-02-03; GLP-1,S1,filing,mosaic-finance.com,4,filing,filing,false,false,true,false,false,,none,,,filing,filing,true,false,false,4,false
20261007T061315448275Z-codex.both.BR03.r3-a1,both,breadth,BR03,3,2,fact,"Kraft Heinz (KHC), fiscal 2025 Form 10-K, filed 2026-02-12: Yes; “weight-loss drugs”.",Kraft Heinz; KHC; fiscal 2025; Form 10-K; 2026-02-12,S2,filing,mosaic-finance.com,4,filing,filing,false,false,true,false,false,,none,,,filing,filing,true,false,false,1,false
20261007T061315448275Z-codex.both.BR03.r3-a1,both,breadth,BR03,3,3,fact,"Mondelez (MDLZ), fiscal 2025 Form 10-K, filed 2026-02-04: Yes; “using weight-loss drugs”.",Mondelez; MDLZ; fiscal 2025; Form 10-K; 2026-02-04,S3,filing,mosaic-finance.com,3,filing,filing,false,false,true,false,false,,none,,,filing,filing,true,false,false,3,false
20261007T061315448275Z-codex.both.BR03.r3-a1,both,breadth,BR03,3,4,fact,"Conagra (CAG), fiscal 2025 Form 10-K, filed 2025-07-10: Yes; “Growing use of weight loss medication”.",Conagra; CAG; fiscal 2025; Form 10-K; 2025-07-10,S4,filing,mosaic-finance.com,3,filing,filing,false,false,true,false,false,,none,,,filing,filing,true,false,false,3,false
20261007T061315448275Z-codex.both.BR03.r3-a1,both,breadth,BR03,3,5,fact,"Constellation Brands (STZ), fiscal 2025 Form 10-K, filed 2025-04-23: Yes; “weight loss regimens and pharmaceuticals, including GLP-1 drugs”.",Constellation Brands; STZ; fiscal 2025; Form 10-K; 2025-04-23; GLP-1,S5,filing,mosaic-finance.com,5,filing,filing,false,false,true,false,false,,none,,,filing,filing,true,false,false,1,false
20261007T061315448275Z-codex.both.BR03.r3-a1,both,breadth,BR03,3,6,fact,"J&J Snack Foods (JJSF), fiscal 2025 Form 10-K, filed 2025-11-26: Yes; “prescription weight-loss therapies, including GLP-1 and related drugs”.",J&J Snack Foods; JJSF; fiscal 2025; Form 10-K; 2025-11-26; GLP-1,S6,filing,mosaic-finance.com,6,unattributed,,false,false,false,false,false,,none,,,filing,filing,true,false,false,2,false
20261007T061315448275Z-codex.both.BR03.r3-a1,both,breadth,BR03,3,7,fact,"Campbell’s (CPB), fiscal 2025 Form 10-K, filed 2025-09-18: No; No relevant mention found in the 10-K.",Campbell’s; CPB; fiscal 2025; Form 10-K; 2025-09-18,S7,filing,mosaic-finance.com,4,filing,filing,false,false,true,false,false,,none,,,filing,filing,true,false,false,1,false
20261007T061315448275Z-codex.both.BR03.r3-a1,both,breadth,BR03,3,8,fact,"McCormick (MKC), fiscal 2025 Form 10-K, filed 2026-01-22: No; No relevant mention found in the 10-K.",McCormick; MKC; fiscal 2025; Form 10-K; 2026-01-22,S8,filing,mosaic-finance.com,4,filing,filing,false,false,true,false,false,,none,,,filing,filing,true,false,false,1,false
20261007T061315448275Z-codex.both.BR03.r3-a1,both,breadth,BR03,3,9,fact,"Boston Beer (SAM), fiscal 2025 Form 10-K, filed 2026-02-24: No; No relevant mention found in the 10-K.",Boston Beer; SAM; fiscal 2025; Form 10-K; 2026-02-24,S9,filing,mosaic-finance.com,4,filing,filing,false,false,true,false,false,,none,,,filing,filing,true,false,false,1,false
20261007T061315448275Z-codex.both.BR03.r3-a1,both,breadth,BR03,3,10,fact,"Monster Beverage (MNST), fiscal 2025 Form 10-K, filed 2026-02-27: No; No relevant mention found in the 10-K.",Monster Beverage; MNST; fiscal 2025; Form 10-K; 2026-02-27,S10,filing,mosaic-finance.com,4,filing,filing,false,false,true,false,false,,none,,,filing,filing,true,false,false,1,false
20261007T061359577280Z-codex.web.BR04.r3-a1,web,breadth,BR04,3,1,fact,"JetBlue (JBLU): Yes, mentions Pratt & Whitney or its GTF engines in its 2025 Form 10-K.",JetBlue; JBLU; Pratt & Whitney; GTF; 2025 Form 10-K,S1,filing,filing-source,5,secondary,issuer,false,false,false,true,false,issuer; forum; promotional; aggregator; reference,none,,,secondary,issuer,false,true,false,5,false
20261007T061359577280Z-codex.web.BR04.r3-a1,web,breadth,BR04,3,2,fact,"American (AAL): Yes, mentions Pratt & Whitney or its GTF engines in its 2025 Form 10-K, p. 37.",American; AAL; Pratt & Whitney; GTF; 2025 Form 10-K; p. 37,S2,issuer,americanairlines.gcs-web.com,6,secondary,issuer,false,true,false,false,false,issuer; forum; promotional; aggregator; reference; other,none,,,secondary,issuer,false,false,false,6,false
20261007T061359577280Z-codex.web.BR04.r3-a1,web,breadth,BR04,3,3,fact,"Frontier (ULCC): Yes, mentions Pratt & Whitney or its GTF engines in its 2025 Form 10-K.",Frontier; ULCC; Pratt & Whitney; GTF; 2025 Form 10-K,S3,filing,filing-source,5,secondary,issuer,false,false,false,true,false,issuer; forum; promotional; aggregator; reference,none,,,secondary,issuer,false,true,false,5,false
20261007T061359577280Z-codex.web.BR04.r3-a1,web,breadth,BR04,3,4,fact,"United (UAL): No, does not mention Pratt & Whitney or its GTF engines in its 2025 Form 10-K.",United; UAL; Pratt & Whitney; GTF; 2025 Form 10-K,S4,filing,filing-source,5,secondary,issuer,false,false,false,true,false,issuer; forum; promotional; aggregator; reference,none,,,secondary,issuer,false,true,false,5,false
20261007T061359577280Z-codex.web.BR04.r3-a1,web,breadth,BR04,3,5,fact,"Delta (DAL): No, does not mention Pratt & Whitney or its GTF engines in its 2025 Form 10-K.",Delta; DAL; Pratt & Whitney; GTF; 2025 Form 10-K,S5,filing,filing-source,5,secondary,issuer,false,false,false,false,false,issuer; forum; promotional; aggregator; reference,none,,,secondary,issuer,false,false,false,5,false
20261007T061359577280Z-codex.web.BR04.r3-a1,web,breadth,BR04,3,6,fact,"Alaska (ALK): No, does not mention Pratt & Whitney or its GTF engines in its 2025 Form 10-K.",Alaska; ALK; Pratt & Whitney; GTF; 2025 Form 10-K,S6,filing,filing-source,5,secondary,issuer,false,false,false,false,false,issuer; forum; promotional; aggregator; reference,none,,,secondary,issuer,false,false,false,5,false
20261007T061359577280Z-codex.web.BR04.r3-a1,web,breadth,BR04,3,7,fact,"Southwest (LUV): No, does not mention Pratt & Whitney or its GTF engines in its 2025 Form 10-K.",Southwest; LUV; Pratt & Whitney; GTF; 2025 Form 10-K,S7,filing,filing-source,5,secondary,issuer,false,false,false,false,false,issuer; forum; promotional; aggregator; reference,none,,,secondary,issuer,false,false,false,5,false
20261007T061359577280Z-codex.web.BR04.r3-a1,web,breadth,BR04,3,8,fact,"Allegiant (ALGT): No, does not mention Pratt & Whitney or its GTF engines in its 2025 Form 10-K.",Allegiant; ALGT; Pratt & Whitney; GTF; 2025 Form 10-K,S8,filing,filing-source,5,secondary,issuer,false,false,false,false,false,issuer; forum; promotional; aggregator; reference,none,,,secondary,issuer,false,false,false,5,false
20261007T061359577280Z-codex.web.BR04.r3-a1,web,breadth,BR04,3,9,fact,"Sun Country (SNCY): No, does not mention Pratt & Whitney or its GTF engines in its 2025 Form 10-K.",Sun Country; SNCY; Pratt & Whitney; GTF; 2025 Form 10-K,S9,filing,filing-source,5,secondary,issuer,false,false,false,false,false,issuer; forum; promotional; aggregator; reference,none,,,secondary,issuer,false,false,false,5,false
20261007T061359577280Z-codex.web.BR04.r3-a1,web,breadth,BR04,3,10,fact,American mentions GTF restrictions even though it says it does not use those engines.,American; GTF,,,,2,filing,filing,false,false,true,true,false,issuer; forum; promotional; aggregator; reference,none,,,filing,filing,true,true,false,2,false
20261007T061451919471Z-codex.archivist.BR04.r3-a1,archivist,breadth,BR04,3,1,fact,"JetBlue (JBLU): Yes, its 10-K for the fiscal year ended December 31, 2025 mentions Pratt & Whitney Geared Turbofan engines.","JetBlue; JBLU; December 31, 2025; Pratt & Whitney Geared Turbofan engines",S1,filing,mosaic-finance.com,4,filing,filing,false,false,true,false,false,,none,,,filing,filing,true,false,false,4,false
20261007T061451919471Z-codex.archivist.BR04.r3-a1,archivist,breadth,BR04,3,2,fact,"American (AAL): Yes, its 10-K for the fiscal year ended December 31, 2025 mentions Pratt & Whitney GTF engines.","American; AAL; December 31, 2025; Pratt & Whitney GTF engines",S2,filing,mosaic-finance.com,4,unattributed,,false,false,false,false,false,,none,,,unattributed,,false,false,false,4,false
20261007T061451919471Z-codex.archivist.BR04.r3-a1,archivist,breadth,BR04,3,3,fact,"Frontier (ULCC): Yes, its 10-K for the fiscal year ended December 31, 2025 mentions Pratt & Whitney PW1100 GTF engines.","Frontier; ULCC; December 31, 2025; Pratt & Whitney PW1100 GTF engines",S3,filing,mosaic-finance.com,4,unattributed,,false,false,false,false,false,,none,,,unattributed,,false,false,false,4,false
20261007T061451919471Z-codex.archivist.BR04.r3-a1,archivist,breadth,BR04,3,4,fact,"United (UAL): No, its 2025 Form 10-K for the fiscal year ended December 31, 2025 does not mention Pratt & Whitney or its GTF engines.","United; UAL; 2025 Form 10-K; December 31, 2025; Pratt & Whitney; GTF",S4,filing,mosaic-finance.com,6,unattributed,,false,false,false,false,false,,none,,,unattributed,,false,false,false,6,false
20261007T061451919471Z-codex.archivist.BR04.r3-a1,archivist,breadth,BR04,3,5,fact,"Delta (DAL): No, its 2025 Form 10-K for the fiscal year ended December 31, 2025 does not mention Pratt & Whitney or its GTF engines.","Delta; DAL; 2025 Form 10-K; December 31, 2025; Pratt & Whitney; GTF",S5,filing,mosaic-finance.com,6,unattributed,,false,false,false,false,false,,none,,,unattributed,,false,false,false,6,false
20261007T061451919471Z-codex.archivist.BR04.r3-a1,archivist,breadth,BR04,3,6,fact,"Alaska (ALK): No, its 2025 Form 10-K for the fiscal year ended December 31, 2025 does not mention Pratt & Whitney or its GTF engines.","Alaska; ALK; 2025 Form 10-K; December 31, 2025; Pratt & Whitney; GTF",S6,filing,mosaic-finance.com,6,unattributed,,false,false,false,false,false,,none,,,unattributed,,false,false,false,6,false
20261007T061451919471Z-codex.archivist.BR04.r3-a1,archivist,breadth,BR04,3,7,fact,"Southwest (LUV): No, its 2025 Form 10-K for the fiscal year ended December 31, 2025 does not mention Pratt & Whitney or its GTF engines.","Southwest; LUV; 2025 Form 10-K; December 31, 2025; Pratt & Whitney; GTF",S7,filing,mosaic-finance.com,6,unattributed,,false,false,false,false,false,,none,,,unattributed,,false,false,false,6,false
20261007T061451919471Z-codex.archivist.BR04.r3-a1,archivist,breadth,BR04,3,8,fact,"Allegiant (ALGT): No, its 2025 Form 10-K for the fiscal year ended December 31, 2025 does not mention Pratt & Whitney or its GTF engines.","Allegiant; ALGT; 2025 Form 10-K; December 31, 2025; Pratt & Whitney; GTF",S8,filing,mosaic-finance.com,6,unattributed,,false,false,false,false,false,,none,,,unattributed,,false,false,false,6,false
20261007T061451919471Z-codex.archivist.BR04.r3-a1,archivist,breadth,BR04,3,9,fact,"Sun Country (SNCY): No, its 2025 Form 10-K for the fiscal year ended December 31, 2025 does not mention Pratt & Whitney or its GTF engines.","Sun Country; SNCY; 2025 Form 10-K; December 31, 2025; Pratt & Whitney; GTF",S9,filing,mosaic-finance.com,6,unattributed,,false,false,false,false,false,,none,,,unattributed,,false,false,false,6,false
20261007T061451919471Z-codex.archivist.BR04.r3-a1,archivist,breadth,BR04,3,10,fact,"“No” reflects filing-wide checks for “Pratt,” “Whitney,” “GTF,” and “geared turbofan”; unrelated Whitney names were excluded.",Pratt; Whitney; GTF,,,,3,filing,filing,false,false,true,false,false,,none,,,filing,filing,true,false,false,3,false
20261007T061500093696Z-codex.both.BR04.r3-a1,both,breadth,BR04,3,1,fact,"JetBlue (JBLU): Yes, mentions Pratt & Whitney or GTF engines in its 2025 Form 10-K.",JetBlue (JBLU); Pratt & Whitney; GTF; 2025 Form 10-Ks,S1,filing,mosaic-finance.com,4,secondary,issuer,false,false,false,false,false,issuer; forum; aggregator; reference; other,none,,,secondary,issuer,false,false,false,4,false
20261007T061500093696Z-codex.both.BR04.r3-a1,both,breadth,BR04,3,2,fact,"American (AAL): Yes, mentions Pratt & Whitney or GTF engines in its 2025 Form 10-K.",American (AAL); Pratt & Whitney; GTF; 2025 Form 10-Ks,S2,filing,mosaic-finance.com,4,secondary,issuer,false,false,false,false,false,issuer; forum; aggregator; reference; other,none,,,secondary,issuer,false,false,false,4,false
20261007T061500093696Z-codex.both.BR04.r3-a1,both,breadth,BR04,3,3,fact,"Frontier (ULCC): Yes, mentions Pratt & Whitney or GTF engines in its 2025 Form 10-K.",Frontier (ULCC); Pratt & Whitney; GTF; 2025 Form 10-Ks,S3,filing,mosaic-finance.com,4,secondary,issuer,false,false,false,false,false,issuer; forum; aggregator; reference; other,none,,,secondary,issuer,false,false,false,4,false
20261007T061500093696Z-codex.both.BR04.r3-a1,both,breadth,BR04,3,4,fact,"United (UAL): No, does not mention Pratt & Whitney or GTF engines in its 2025 Form 10-K.",United (UAL); Pratt & Whitney; GTF; 2025 Form 10-Ks,S4,filing,mosaic-finance.com,4,secondary,issuer,false,false,false,false,false,issuer; forum; aggregator; reference; other,none,,,secondary,issuer,false,false,false,4,false
20261007T061500093696Z-codex.both.BR04.r3-a1,both,breadth,BR04,3,5,fact,"Delta (DAL): No, does not mention Pratt & Whitney or GTF engines in its 2025 Form 10-K.",Delta (DAL); Pratt & Whitney; GTF; 2025 Form 10-Ks,S5,filing,mosaic-finance.com,4,secondary,issuer,false,false,false,false,false,issuer; forum; aggregator; reference; other,none,,,secondary,issuer,false,false,false,4,false
20261007T061500093696Z-codex.both.BR04.r3-a1,both,breadth,BR04,3,6,fact,"Alaska (ALK): No, does not mention Pratt & Whitney or GTF engines in its 2025 Form 10-K.",Alaska (ALK); Pratt & Whitney; GTF; 2025 Form 10-Ks,S6,filing,mosaic-finance.com,4,secondary,issuer,false,false,false,false,false,issuer; forum; aggregator; reference; other,none,,,secondary,issuer,false,false,false,4,false
20261007T061500093696Z-codex.both.BR04.r3-a1,both,breadth,BR04,3,7,fact,"Southwest (LUV): No, does not mention Pratt & Whitney or GTF engines in its 2025 Form 10-K.",Southwest (LUV); Pratt & Whitney; GTF; 2025 Form 10-Ks,S7,filing,mosaic-finance.com,4,secondary,issuer,false,false,false,false,false,issuer; forum; aggregator; reference; other,none,,,secondary,issuer,false,false,false,4,false
20261007T061500093696Z-codex.both.BR04.r3-a1,both,breadth,BR04,3,8,fact,"Allegiant (ALGT): No, does not mention Pratt & Whitney or GTF engines in its 2025 Form 10-K.",Allegiant (ALGT); Pratt & Whitney; GTF; 2025 Form 10-Ks,S8,filing,mosaic-finance.com,4,secondary,issuer,false,false,false,false,false,issuer; forum; aggregator; reference; other,none,,,secondary,issuer,false,false,false,4,false
20261007T061500093696Z-codex.both.BR04.r3-a1,both,breadth,BR04,3,9,fact,"Sun Country (SNCY): No, does not mention Pratt & Whitney or GTF engines in its 2025 Form 10-K.",Sun Country (SNCY); Pratt & Whitney; GTF; 2025 Form 10-Ks,S9,filing,mosaic-finance.com,4,secondary,issuer,false,false,false,false,false,issuer; forum; aggregator; reference; other,none,,,secondary,issuer,false,false,false,4,false
20261007T061500093696Z-codex.both.BR04.r3-a1,both,breadth,BR04,3,10,fact,American mentions GTF restrictions.,American; GTF,,,,2,filing,filing,false,false,true,true,true,issuer; forum; reference,none,,,filing,filing,true,true,true,2,false
20261007T061500093696Z-codex.both.BR04.r3-a1,both,breadth,BR04,3,11,fact,American mentions GTF restrictions while stating it does not use those engines in its fleet.,American; GTF,,,,2,filing,filing,false,false,true,true,true,issuer; forum; reference,none,,,filing,filing,true,true,true,2,false
20261007T061536035348Z-codex.web.BR05.r3-a1,web,breadth,BR05,3,1,fact,"For the year ended October 31, 2025: Royal Bank of Canada (RY) — PricewaterhouseCoopers LLP — 2025 AIF, “Experts,” p. 23.","October 31, 2025; Royal Bank of Canada; RY; PricewaterhouseCoopers LLP; 2025 AIF; 23",S1,issuer,rbc.com,6,secondary,issuer,false,true,false,true,false,issuer; forum; promotional; aggregator; reference; other,none,,,filing,filing,true,true,false,1,false
20261007T061536035348Z-codex.web.BR05.r3-a1,web,breadth,BR05,3,2,fact,"For the year ended October 31, 2025: The Toronto-Dominion Bank (TD) — Ernst & Young LLP — 2025 AIF, “Interests of Experts,” pp. 26–27.","October 31, 2025; The Toronto-Dominion Bank; TD; Ernst & Young LLP; 2025 AIF; 26–27",S2,issuer,td.com,7,secondary,issuer,false,true,false,false,false,issuer; forum; aggregator; other,none,,,secondary,issuer,false,true,false,2,false
20261007T061536035348Z-codex.web.BR05.r3-a1,web,breadth,BR05,3,3,fact,"For the year ended October 31, 2025: The Bank of Nova Scotia (BNS) — KPMG LLP — 2025 AIF, “Experts”.","October 31, 2025; The Bank of Nova Scotia; BNS; KPMG LLP; 2025 AIF",S3,issuer,scotiabank.com,5,secondary,issuer,false,true,false,false,false,issuer; aggregator; other,none,,,secondary,issuer,false,false,false,5,false
20261007T061536035348Z-codex.web.BR05.r3-a1,web,breadth,BR05,3,4,fact,"For the year ended October 31, 2025: Bank of Montreal (BMO) — KPMG LLP — 2025 AIF, “Interests of Experts”.","October 31, 2025; Bank of Montreal; BMO; KPMG LLP; 2025 AIF",S4,issuer,bmo.com,5,secondary,issuer,false,true,false,true,false,issuer; forum; aggregator; reference; other,none,,,secondary,issuer,false,true,false,5,false
20261007T061536035348Z-codex.web.BR05.r3-a1,web,breadth,BR05,3,5,fact,"For the year ended October 31, 2025: Canadian Imperial Bank of Commerce (CM) — Ernst & Young LLP — 2025 AIF, “Experts”.","October 31, 2025; Canadian Imperial Bank of Commerce; CM; Ernst & Young LLP; 2025 AIF",S5,issuer,cibc.com,5,secondary,issuer,false,true,false,false,false,issuer; aggregator; reference; other,none,,,secondary,issuer,false,false,false,5,false
20261007T061536035348Z-codex.web.BR05.r3-a1,web,breadth,BR05,3,6,fact,"For the year ended October 31, 2025: National Bank of Canada (NA) — Deloitte LLP — 2025 AIF, “Interests of Experts,” p. 20.","October 31, 2025; National Bank of Canada; NA; Deloitte LLP; 2025 AIF; 20",S6,issuer,nbc.ca,5,secondary,issuer,false,true,false,true,false,issuer; forum; promotional; aggregator; reference; other,none,,,secondary,issuer,false,true,false,5,false
20261007T061536035348Z-codex.web.BR05.r3-a1,web,breadth,BR05,3,7,fact,"For the year ended October 31, 2025: Laurentian Bank of Canada (LB) — Ernst & Young LLP — 2025 AIF reproduction, glossary and “Interests of Experts”.","October 31, 2025; Laurentian Bank of Canada; LB; Ernst & Young LLP; 2025 AIF reproduction",S7,aggregator,uk.marketscreener.com,5,secondary,issuer,false,true,false,false,false,issuer; aggregator; reference; other,none,,,secondary,issuer,false,false,false,5,false
20261007T061536035348Z-codex.web.BR05.r3-a1,web,breadth,BR05,3,8,fact,"For the year ended October 31, 2025: EQB Inc. (EQB) — KPMG LLP — 2025 AIF mirror, “Experts,” p. 21.","October 31, 2025; EQB Inc.; EQB; KPMG LLP; 2025 AIF mirror; 21",S8,filing,filing-source,6,secondary,issuer,false,false,false,false,false,issuer; aggregator; other,none,,,filing,filing,true,true,false,1,false
20261007T061553842840Z-codex.archivist.BR05.r3-a1,archivist,breadth,BR05,3,1,fact,Royal Bank of Canada (RY): the English fiscal 2025 AIF names PricewaterhouseCoopers LLP as external auditor.,Royal Bank of Canada; RY; fiscal 2025; PricewaterhouseCoopers LLP,S1,filing,mosaic-finance.com,3,filing,filing,false,false,true,false,false,,none,,,filing,filing,true,false,false,3,false
20261007T061553842840Z-codex.archivist.BR05.r3-a1,archivist,breadth,BR05,3,2,fact,Royal Bank of Canada (RY): AIF filed Dec. 3 in December 2025 — Experts.,Royal Bank of Canada; RY; Dec. 3; December 2025,S1,filing,mosaic-finance.com,4,unattributed,,false,false,false,false,false,,none,,,unattributed,,false,false,false,4,false
20261007T061553842840Z-codex.archivist.BR05.r3-a1,archivist,breadth,BR05,3,3,fact,The Toronto-Dominion Bank (TD): the English fiscal 2025 AIF names Ernst & Young LLP as external auditor.,The Toronto-Dominion Bank; TD; fiscal 2025; Ernst & Young LLP,S2,filing,mosaic-finance.com,3,unattributed,,false,false,false,false,false,,none,,,unattributed,,false,false,false,3,false
20261007T061553842840Z-codex.archivist.BR05.r3-a1,archivist,breadth,BR05,3,4,fact,The Toronto-Dominion Bank (TD): AIF filed Dec. 4 in December 2025 — External Auditor.,The Toronto-Dominion Bank; TD; Dec. 4; December 2025,S2,filing,mosaic-finance.com,4,unattributed,,false,false,false,false,false,,none,,,unattributed,,false,false,false,4,false
20261007T061553842840Z-codex.archivist.BR05.r3-a1,archivist,breadth,BR05,3,5,fact,The Bank of Nova Scotia (BNS): the English fiscal 2025 AIF names KPMG LLP as external auditor.,The Bank of Nova Scotia; BNS; fiscal 2025; KPMG LLP,S3,filing,mosaic-finance.com,3,filing,filing,false,false,true,false,false,,none,,,filing,filing,true,false,false,3,false
20261007T061553842840Z-codex.archivist.BR05.r3-a1,archivist,breadth,BR05,3,6,fact,The Bank of Nova Scotia (BNS): AIF filed Dec. 2 in December 2025 — Experts.,The Bank of Nova Scotia; BNS; Dec. 2; December 2025,S3,filing,mosaic-finance.com,4,unattributed,,false,false,false,false,false,,none,,,unattributed,,false,false,false,4,false
20261007T061553842840Z-codex.archivist.BR05.r3-a1,archivist,breadth,BR05,3,7,fact,Bank of Montreal (BMO): the English fiscal 2025 AIF names KPMG LLP as external auditor.,Bank of Montreal; BMO; fiscal 2025; KPMG LLP,S4,filing,mosaic-finance.com,3,filing,filing,false,false,true,false,false,,none,,,filing,filing,true,false,false,3,false
20261007T061553842840Z-codex.archivist.BR05.r3-a1,archivist,breadth,BR05,3,8,fact,Bank of Montreal (BMO): AIF filed Dec. 4 in December 2025 — Interests of Experts.,Bank of Montreal; BMO; Dec. 4; December 2025,S4,filing,mosaic-finance.com,4,unattributed,,false,false,false,false,false,,none,,,unattributed,,false,false,false,4,false
20261007T061553842840Z-codex.archivist.BR05.r3-a1,archivist,breadth,BR05,3,9,fact,Canadian Imperial Bank of Commerce (CM): the English fiscal 2025 AIF names Ernst & Young LLP as external auditor.,Canadian Imperial Bank of Commerce; CM; fiscal 2025; Ernst & Young LLP,S5,filing,mosaic-finance.com,3,filing,filing,false,false,true,false,false,,none,,,filing,filing,true,false,false,3,false
20261007T061553842840Z-codex.archivist.BR05.r3-a1,archivist,breadth,BR05,3,10,fact,Canadian Imperial Bank of Commerce (CM): AIF filed Dec. 4 in December 2025 — Experts.,Canadian Imperial Bank of Commerce; CM; Dec. 4; December 2025,S5,filing,mosaic-finance.com,4,unattributed,,false,false,false,false,false,,none,,,unattributed,,false,false,false,4,false
20261007T061553842840Z-codex.archivist.BR05.r3-a1,archivist,breadth,BR05,3,11,fact,National Bank of Canada (NA): the English fiscal 2025 AIF names Deloitte LLP as external auditor.,National Bank of Canada; NA; fiscal 2025; Deloitte LLP,S6,filing,mosaic-finance.com,3,filing,filing,false,false,true,false,false,,none,,,filing,filing,true,false,false,3,false
20261007T061553842840Z-codex.archivist.BR05.r3-a1,archivist,breadth,BR05,3,12,fact,National Bank of Canada (NA): AIF filed Dec. 3 in December 2025 — Interests of Experts.,National Bank of Canada; NA; Dec. 3; December 2025,S7,filing,mosaic-finance.com,4,unattributed,,false,false,false,false,false,,none,,,unattributed,,false,false,false,4,false
20261007T061553842840Z-codex.archivist.BR05.r3-a1,archivist,breadth,BR05,3,13,fact,Laurentian Bank of Canada (LB): the English fiscal 2025 AIF names Ernst & Young LLP (EY) as external auditor.,Laurentian Bank of Canada; LB; fiscal 2025; Ernst & Young LLP; EY,S8,filing,mosaic-finance.com,4,filing,filing,false,false,true,false,false,,none,,,filing,filing,true,false,false,4,false
20261007T061553842840Z-codex.archivist.BR05.r3-a1,archivist,breadth,BR05,3,14,fact,"Laurentian Bank of Canada (LB): AIF filed Dec. 11 in December 2025 — Defined terms: EY, auditor for fiscal 2025.",Laurentian Bank of Canada; LB; Dec. 11; December 2025; EY; fiscal 2025,S8,filing,mosaic-finance.com,5,unattributed,,false,false,false,false,false,,none,,,unattributed,,false,false,false,5,false
20261007T061553842840Z-codex.archivist.BR05.r3-a1,archivist,breadth,BR05,3,15,fact,EQB Inc. (EQB): the English fiscal 2025 AIF names KPMG LLP as external auditor.,EQB Inc.; EQB; fiscal 2025; KPMG LLP,S9,filing,mosaic-finance.com,3,filing,filing,false,false,true,false,false,,none,,,filing,filing,true,false,false,3,false
20261007T061553842840Z-codex.archivist.BR05.r3-a1,archivist,breadth,BR05,3,16,fact,EQB Inc. (EQB): AIF filed Dec. 3 in December 2025 — Experts.,EQB Inc.; EQB; Dec. 3; December 2025,S9,filing,mosaic-finance.com,4,unattributed,,false,false,false,false,false,,none,,,unattributed,,false,false,false,4,false
20261007T061629982843Z-codex.both.BR05.r3-a1,both,breadth,BR05,3,1,fact,"Royal Bank of Canada (RY) | PricewaterhouseCoopers LLP (PwC) | 2025 AIF, “Experts,” p. 23",Royal Bank of Canada; RY; PricewaterhouseCoopers LLP; PwC; 2025 AIF; p. 23,S1,filing,filing-source,6,secondary,issuer,false,false,false,false,false,issuer; forum; aggregator; reference; other,none,,,secondary,issuer,false,false,false,6,false
20261007T061629982843Z-codex.both.BR05.r3-a1,both,breadth,BR05,3,2,fact,"The Toronto-Dominion Bank (TD) | Ernst & Young LLP | 2025 AIF, “Interests of Experts,” p. 26",The Toronto-Dominion Bank; TD; Ernst & Young LLP; 2025 AIF; p. 26,S2,issuer,td.com,5,secondary,issuer,false,true,false,false,false,issuer; forum; aggregator; reference; other,none,,,secondary,issuer,false,false,false,5,false
20261007T061629982843Z-codex.both.BR05.r3-a1,both,breadth,BR05,3,3,fact,"The Bank of Nova Scotia (BNS) | KPMG LLP | 2025 AIF, “Experts,” within Form 40-F",The Bank of Nova Scotia; BNS; KPMG LLP; 2025 AIF; Form 40-F,S3,issuer,scotiabank.com,5,secondary,issuer,false,true,false,false,false,issuer; aggregator,none,,,secondary,issuer,false,false,false,5,false
20261007T061629982843Z-codex.both.BR05.r3-a1,both,breadth,BR05,3,4,fact,"Bank of Montreal (BMO) | KPMG LLP | 2025 AIF, p. 15",Bank of Montreal; BMO; KPMG LLP; 2025 AIF; p. 15,S4,issuer,bmo.com,5,secondary,issuer,false,true,false,false,false,issuer; forum; aggregator; reference,none,,,secondary,issuer,false,false,false,5,false
20261007T061629982843Z-codex.both.BR05.r3-a1,both,breadth,BR05,3,5,fact,"Canadian Imperial Bank of Commerce (CM) | Ernst & Young LLP | 2025 AIF, p. 10",Canadian Imperial Bank of Commerce; CM; Ernst & Young LLP; 2025 AIF; p. 10,S5,issuer,cibc.com,5,secondary,issuer,false,true,false,false,false,issuer; aggregator; reference,none,,,secondary,issuer,false,false,false,5,false
20261007T061629982843Z-codex.both.BR05.r3-a1,both,breadth,BR05,3,6,fact,"National Bank of Canada (NA) | Deloitte LLP | 2025 AIF, “Interests of Experts,” p. 20",National Bank of Canada; NA; Deloitte LLP; 2025 AIF; p. 20,S6,issuer,nbc.ca,5,secondary,issuer,false,true,false,false,false,issuer; forum; promotional; aggregator; reference; other,none,,,secondary,issuer,false,false,false,5,false
20261007T061629982843Z-codex.both.BR05.r3-a1,both,breadth,BR05,3,7,fact,"Laurentian Bank of Canada (LB) | Ernst & Young LLP (EY) | 2025 AIF reproduction, glossary and external-auditor disclosure",Laurentian Bank of Canada; LB; Ernst & Young LLP; EY; 2025 AIF,S7,aggregator,marketscreener.com,5,secondary,issuer,false,true,false,false,false,issuer; forum; aggregator; other,none,,,secondary,issuer,false,false,false,5,false
20261007T061629982843Z-codex.both.BR05.r3-a1,both,breadth,BR05,3,8,fact,"EQB Inc. (EQB) | KPMG LLP | 2025 AIF, auditor disclosure",EQB Inc.; EQB; KPMG LLP; 2025 AIF,S8,filing,filing-source,4,secondary,issuer,false,false,false,false,false,issuer,none,,,secondary,issuer,false,false,false,4,false
20261007T061729135180Z-codex.web.BR06.r1-a1,web,breadth,BR06,1,1,fact,"Loblaw (L): Approximately 220,000; Jan. 3, 2026; full- and part-time, including subsidiaries, franchisees and Associates.","Loblaw; L; 220,000; Jan. 3, 2026; Associates",S1,issuer,dis-prod.assetful.loblaw.ca,4,secondary,issuer,false,true,false,false,false,issuer; forum; aggregator; reference,none,,,secondary,issuer,false,true,false,1,false
20261007T061729135180Z-codex.web.BR06.r1-a1,web,breadth,BR06,1,2,fact,"Metro (MRU): Approximately 46,721; Sept. 27, 2025; people employed directly.","Metro; MRU; 46,721; Sept. 27, 2025",S2,issuer,corpo.metro.ca,4,secondary,issuer,false,true,false,false,false,issuer; forum; aggregator; reference,none,,,secondary,issuer,false,true,false,1,false
20261007T061729135180Z-codex.web.BR06.r1-a1,web,breadth,BR06,1,3,fact,"Nutrien (NTR): Approximately 25,100; Dec. 31, 2025.","Nutrien; NTR; 25,100; Dec. 31, 2025",S3,filing,filing-source,4,secondary,issuer,false,false,false,false,false,issuer; forum; aggregator; reference,none,,,filing,filing,true,false,false,1,false
20261007T061729135180Z-codex.web.BR06.r1-a1,web,breadth,BR06,1,4,fact,"BCE (BCE): 38,683; Dec. 31, 2025; total.","BCE; 38,683; Dec. 31, 2025",S4,filing,filing-source,3,secondary,issuer,false,false,false,false,false,issuer; aggregator; reference,none,,,filing,filing,true,true,false,1,false
20261007T061729135180Z-codex.web.BR06.r1-a1,web,breadth,BR06,1,5,fact,"TFI International (TFII): Approximately 24,900; Dec. 31, 2025.","TFI International; TFII; 24,900; Dec. 31, 2025",S5,issuer,tfiintl.com,4,secondary,issuer,false,true,false,false,false,issuer; reference,none,,,secondary,issuer,false,true,false,1,false
20261007T061729135180Z-codex.web.BR06.r1-a1,web,breadth,BR06,1,6,fact,"Thomson Reuters (TRI): Approximately 27,100; Dec. 31, 2025; total.","Thomson Reuters; TRI; 27,100; Dec. 31, 2025",S6,filing,filing-source,4,secondary,issuer,false,false,false,false,false,issuer; forum; promotional; aggregator; news; reference; other,none,,,filing,filing,true,true,false,1,false
20261007T061729135180Z-codex.web.BR06.r1-a1,web,breadth,BR06,1,7,fact,Thomson Reuters (TRI): Annual Report constituting the AIF.,Thomson Reuters; TRI; Annual Report; AIF,S6,filing,filing-source,4,filing,filing,false,false,true,true,false,issuer; forum; promotional; aggregator; news; reference; other,none,,,filing,filing,true,true,false,4,false
20261007T061729135180Z-codex.web.BR06.r1-a1,web,breadth,BR06,1,8,fact,"Magna (MG): Approximately 156,000; includes approximately 144,000 at wholly owned or controlled entities and 12,000 at equity-accounted operations.","Magna; MG; 156,000; 144,000; 12,000",S7,issuer,magna.com,5,secondary,issuer,false,true,false,true,false,issuer; forum; aggregator; news; reference,none,,,secondary,issuer,false,true,false,3,false
20261007T061729135180Z-codex.web.BR06.r1-a1,web,breadth,BR06,1,9,fact,"CAE (CAE): Approximately 11,500; AIF for fiscal year ended March 31, 2026.","CAE; 11,500; March 31, 2026",S8,filing,filing-source,3,filing,filing,false,false,true,true,false,issuer; aggregator; other,none,,,filing,filing,true,true,false,1,false
20261007T061729135432Z-codex.archivist.BR06.r1-a1,archivist,breadth,BR06,1,1,fact,"Loblaw (L): Approximately 220,000 employees; Jan. 3, 2026; full- and part-time, including subsidiaries, franchisees and Associates.","Loblaw; L; 220,000; Jan. 3, 2026; Associates",S1,filing,mosaic-finance.com,4,unattributed,,false,false,false,false,false,,none,,,filing,filing,true,false,false,1,false
20261007T061729135432Z-codex.archivist.BR06.r1-a1,archivist,breadth,BR06,1,2,fact,"Metro (MRU): Approximately 46,721 employees; Sept. 27, 2025; people employed directly.","Metro; MRU; 46,721; Sept. 27, 2025",S2,filing,mosaic-finance.com,4,unattributed,,false,false,false,false,false,,none,,,filing,filing,true,false,false,1,false
20261007T061729135432Z-codex.archivist.BR06.r1-a1,archivist,breadth,BR06,1,3,fact,"Nutrien (NTR): Approximately 25,100 employees; Dec. 31, 2025.","Nutrien; NTR; 25,100; Dec. 31, 2025",S3,filing,mosaic-finance.com,4,unattributed,,false,false,false,false,false,,none,,,filing,filing,true,false,false,1,false
20261007T061729135432Z-codex.archivist.BR06.r1-a1,archivist,breadth,BR06,1,4,fact,"BCE (BCE): 38,683 employees; Dec. 31, 2025; total.","BCE; 38,683; Dec. 31, 2025",S4,filing,mosaic-finance.com,3,unattributed,,false,false,false,false,false,,none,,,filing,filing,true,false,false,1,false
20261007T061729135432Z-codex.archivist.BR06.r1-a1,archivist,breadth,BR06,1,5,fact,"TFI International (TFII): Approximately 24,900 employees; Dec. 31, 2025.","TFI International; TFII; 24,900; Dec. 31, 2025",S5,filing,mosaic-finance.com,4,unattributed,,false,false,false,false,false,,none,,,filing,filing,true,false,false,1,false
20261007T061729135432Z-codex.archivist.BR06.r1-a1,archivist,breadth,BR06,1,6,fact,"Thomson Reuters (TRI): Approximately 27,100 employees; Dec. 31, 2025; total.","Thomson Reuters; TRI; 27,100; Dec. 31, 2025",S6,filing,mosaic-finance.com,4,unattributed,,false,false,false,false,false,,none,,,filing,filing,true,false,false,1,false
20261007T061729135432Z-codex.archivist.BR06.r1-a1,archivist,breadth,BR06,1,7,fact,"Magna (MG): Approximately 156,000 employees. Includes approximately 144,000 at wholly owned or controlled entities and 12,000 at equity-accounted operations.","Magna; MG; 156,000; 144,000; 12,000",S7,filing,mosaic-finance.com,5,filing,filing,false,false,true,false,false,,none,,,filing,filing,true,false,false,3,false
20261007T061729135432Z-codex.archivist.BR06.r1-a1,archivist,breadth,BR06,1,8,fact,"CAE (CAE): Approximately 11,500 employees; AIF for fiscal year ended Mar. 31, 2026.","CAE; 11,500; Mar. 31, 2026",S8,filing,mosaic-finance.com,3,unattributed,,false,false,false,false,false,,none,,,filing,filing,true,false,false,1,false
20261007T061809178373Z-codex.both.BR06.r1-a1,both,breadth,BR06,1,1,fact,"Loblaw (L): Approximately 220,000 employees; 2026-01-03; full-time and part-time, including subsidiaries, franchisees and Associates.","Loblaw; L; 220,000; 2026-01-03",S1,filing,mosaic-finance.com,2,filing,filing,false,false,true,false,false,,none,,,filing,filing,true,false,false,1,false
20261007T061809178373Z-codex.both.BR06.r1-a1,both,breadth,BR06,1,2,fact,"Metro (MRU): Approximately 46,721 employees; 2025-09-27; people employed directly.","Metro; MRU; 46,721; 2025-09-27",S2,filing,mosaic-finance.com,4,filing,filing,false,false,true,false,false,,none,,,filing,filing,true,false,false,2,false
20261007T061809178373Z-codex.both.BR06.r1-a1,both,breadth,BR06,1,3,fact,"Nutrien (NTR): Approximately 25,100 employees; 2025-12-31.","Nutrien; NTR; 25,100; 2025-12-31",S3,filing,mosaic-finance.com,5,filing,filing,false,false,true,false,false,,none,,,filing,filing,true,false,false,3,false
20261007T061809178373Z-codex.both.BR06.r1-a1,both,breadth,BR06,1,4,fact,"BCE (BCE): 38,683 employees; 2025-12-31; total.","BCE; 38,683; 2025-12-31",S4,filing,mosaic-finance.com,4,filing,filing,false,false,true,false,false,,none,,,filing,filing,true,false,false,3,false
20261007T061809178373Z-codex.both.BR06.r1-a1,both,breadth,BR06,1,5,fact,"TFI International (TFII): Approximately 24,900 employees; 2025-12-31.","TFI International; TFII; 24,900; 2025-12-31",S5,filing,mosaic-finance.com,5,filing,filing,false,false,true,false,false,,none,,,filing,filing,true,false,false,3,false
20261007T061809178373Z-codex.both.BR06.r1-a1,both,breadth,BR06,1,6,fact,"Thomson Reuters (TRI): Approximately 27,100 employees; 2025-12-31; total.","Thomson Reuters; TRI; 27,100; 2025-12-31",S6,filing,mosaic-finance.com,5,filing,filing,false,false,true,false,false,,none,,,filing,filing,true,false,false,3,false
20261007T061809178373Z-codex.both.BR06.r1-a1,both,breadth,BR06,1,7,fact,"Magna (MG): Approximately 156,000 employees. Includes approximately 144,000 at wholly owned or controlled entities and 12,000 at equity-accounted operations.","Magna; MG; 156,000; 144,000; 12,000",S7,filing,mosaic-finance.com,5,filing,filing,false,false,true,false,false,,none,,,filing,filing,true,false,false,3,false
20261007T061809178373Z-codex.both.BR06.r1-a1,both,breadth,BR06,1,8,fact,"CAE (CAE): Approximately 11,500 employees; AIF for fiscal year ended 2026-03-31.","CAE; 11,500; 2026-03-31",S8,filing,mosaic-finance.com,3,filing,filing,false,false,true,false,false,,none,,,filing,filing,true,false,false,2,false
20261007T061818096670Z-codex.web.BR07.r1-a1,web,breadth,BR07,1,1,fact,TUPRS: Güney Bağımsız Denetim ve Serbest Muhasebeci Mali Müşavirlik A.Ş. selected for fiscal year 2026.,TUPRS; Güney Bağımsız Denetim ve Serbest Muhasebeci Mali Müşavirlik A.Ş.; fiscal year 2026,S1,aggregator,mbigpara.hurriyet.com.tr,3,secondary,aggregator,false,true,false,false,false,aggregator,none,,,secondary,aggregator,false,false,false,3,false
20261007T061818096670Z-codex.web.BR07.r1-a1,web,breadth,BR07,1,2,fact,TUPRS general assembly date: 2026-03-11.,TUPRS; 2026-03-11,S1,aggregator,mbigpara.hurriyet.com.tr,2,filing,filing,false,true,true,true,false,aggregator; reference,none,,,filing,filing,true,true,false,1,false
20261007T061818096670Z-codex.web.BR07.r1-a1,web,breadth,BR07,1,3,fact,TUPRS: 11 March disclosure.,TUPRS; 11 March,S1,aggregator,mbigpara.hurriyet.com.tr,2,secondary,aggregator,false,true,false,false,false,aggregator,none,,,secondary,aggregator,false,false,false,2,false
20261007T061818096670Z-codex.web.BR07.r1-a1,web,breadth,BR07,1,4,fact,HALKB: KPMG Bağımsız Denetim ve Serbest Muhasebeci Mali Müşavirlik A.Ş. selected for fiscal year 2026.,HALKB; KPMG Bağımsız Denetim ve Serbest Muhasebeci Mali Müşavirlik A.Ş.; fiscal year 2026,S2,aggregator,mbigpara.hurriyet.com.tr,3,secondary,aggregator,false,true,false,false,false,aggregator,none,,,secondary,aggregator,false,false,false,3,false
20261007T061818096670Z-codex.web.BR07.r1-a1,web,breadth,BR07,1,5,fact,HALKB general assembly date: 2026-04-09.,HALKB; 2026-04-09,S2,aggregator,mbigpara.hurriyet.com.tr,1,filing,filing,false,true,true,true,false,aggregator,none,,,filing,filing,true,true,false,1,false
20261007T061818096670Z-codex.web.BR07.r1-a1,web,breadth,BR07,1,6,fact,HALKB: 21 April disclosure.,HALKB; 21 April,S2,aggregator,mbigpara.hurriyet.com.tr,2,secondary,aggregator,false,true,false,false,false,aggregator,none,,,secondary,aggregator,false,false,false,2,false
20261007T061818096670Z-codex.web.BR07.r1-a1,web,breadth,BR07,1,7,fact,GARAN: Güney Bağımsız Denetim ve Serbest Muhasebeci Mali Müşavirlik A.Ş. (EY) selected for fiscal year 2026.,GARAN; Güney Bağımsız Denetim ve Serbest Muhasebeci Mali Müşavirlik A.Ş.; EY; fiscal year 2026,S3,aggregator,bigpara.hurriyet.com.tr,4,secondary,promotional,false,true,false,false,false,promotional; aggregator; reference,none,,,secondary,promotional,false,false,false,4,false
20261007T061818096670Z-codex.web.BR07.r1-a1,web,breadth,BR07,1,8,fact,GARAN general assembly date: 2026-03-31.,GARAN; 2026-03-31,S3,aggregator,bigpara.hurriyet.com.tr,2,filing,filing,false,true,true,true,false,aggregator; reference,none,,,filing,filing,true,true,false,1,false
20261007T061818096670Z-codex.web.BR07.r1-a1,web,breadth,BR07,1,9,fact,GARAN: 2 April disclosure.,GARAN; 2 April,S3,aggregator,bigpara.hurriyet.com.tr,2,secondary,aggregator,false,true,false,false,false,aggregator,none,,,secondary,aggregator,false,false,false,2,false
20261007T061818096670Z-codex.web.BR07.r1-a1,web,breadth,BR07,1,10,fact,TOASO: DRT Bağımsız Denetim ve Serbest Muhasebeci Mali Müşavirlik A.Ş. selected for fiscal year 2026.,TOASO; DRT Bağımsız Denetim ve Serbest Muhasebeci Mali Müşavirlik A.Ş.; fiscal year 2026,S4,aggregator,tr.tradingview.com,3,secondary,aggregator,false,true,false,false,false,aggregator,none,,,secondary,aggregator,false,false,false,3,false
20261007T061818096670Z-codex.web.BR07.r1-a1,web,breadth,BR07,1,11,fact,TOASO general assembly date: 2026-03-16.,TOASO; 2026-03-16,S4,aggregator,tr.tradingview.com,2,filing,filing,false,true,true,true,false,issuer; aggregator; reference,none,,,filing,filing,true,true,false,1,false
20261007T061818096670Z-codex.web.BR07.r1-a1,web,breadth,BR07,1,12,fact,TOASO: 16 March disclosure.,TOASO; 16 March,S4,aggregator,tr.tradingview.com,2,secondary,aggregator,false,true,false,false,false,aggregator,none,,,secondary,aggregator,false,false,false,2,false
20261007T061818096670Z-codex.web.BR07.r1-a1,web,breadth,BR07,1,13,fact,DOAS: KPMG Bağımsız Denetim ve Serbest Muhasebeci Mali Müşavirlik A.Ş. selected for fiscal year 2026.,DOAS; KPMG Bağımsız Denetim ve Serbest Muhasebeci Mali Müşavirlik A.Ş.; fiscal year 2026,S5,aggregator,fintables.com,3,secondary,aggregator,false,true,false,false,false,aggregator,none,,,secondary,aggregator,false,false,false,3,false
20261007T061818096670Z-codex.web.BR07.r1-a1,web,breadth,BR07,1,14,fact,DOAS general assembly date: 2026-03-26.,DOAS; 2026-03-26,S5,aggregator,fintables.com,2,filing,filing,false,true,true,true,false,aggregator; reference,none,,,filing,filing,true,true,false,1,false
20261007T061818096670Z-codex.web.BR07.r1-a1,web,breadth,BR07,1,15,fact,DOAS: 31 March disclosure.,DOAS; 31 March,S5,aggregator,fintables.com,2,secondary,aggregator,false,true,false,false,false,aggregator,none,,,secondary,aggregator,false,false,false,2,false
20261007T061818096670Z-codex.web.BR07.r1-a1,web,breadth,BR07,1,16,fact,SISE: PwC Bağımsız Denetim ve Serbest Muhasebeci Mali Müşavirlik A.Ş. selected for fiscal year 2026.,SISE; PwC Bağımsız Denetim ve Serbest Muhasebeci Mali Müşavirlik A.Ş.; fiscal year 2026,S6,aggregator,tr.tradingview.com,3,secondary,aggregator,false,true,false,false,false,aggregator,none,,,secondary,aggregator,false,false,false,3,false
20261007T061818096670Z-codex.web.BR07.r1-a1,web,breadth,BR07,1,17,fact,SISE general assembly date: 2026-03-27.,SISE; 2026-03-27,S6,aggregator,tr.tradingview.com,2,filing,filing,false,true,true,true,false,aggregator,none,,,filing,filing,true,true,false,1,false
20261007T061818096670Z-codex.web.BR07.r1-a1,web,breadth,BR07,1,18,fact,SISE: 27 March disclosure.,SISE; 27 March,S6,aggregator,tr.tradingview.com,2,secondary,aggregator,false,true,false,false,false,aggregator,none,,,secondary,aggregator,false,false,false,2,false
20261007T061818096670Z-codex.web.BR07.r1-a1,web,breadth,BR07,1,19,fact,SAHOL: DRT Bağımsız Denetim ve Serbest Muhasebeci Mali Müşavirlik A.Ş. selected for fiscal year 2026.,SAHOL; DRT Bağımsız Denetim ve Serbest Muhasebeci Mali Müşavirlik A.Ş.; fiscal year 2026,S7,aggregator,bigpara.hurriyet.com.tr,3,secondary,aggregator,false,true,false,false,false,aggregator,none,,,secondary,aggregator,false,false,false,3,false
20261007T061818096670Z-codex.web.BR07.r1-a1,web,breadth,BR07,1,20,fact,SAHOL general assembly date: 2026-03-31.,SAHOL; 2026-03-31,S7,aggregator,bigpara.hurriyet.com.tr,2,filing,filing,false,true,true,true,false,aggregator; reference,none,,,filing,filing,true,true,false,1,false
20261007T061818096670Z-codex.web.BR07.r1-a1,web,breadth,BR07,1,21,fact,SAHOL: 31 March disclosure.,SAHOL; 31 March,S7,aggregator,bigpara.hurriyet.com.tr,2,secondary,aggregator,false,true,false,false,false,aggregator,none,,,secondary,aggregator,false,false,false,2,false
20261007T061818096670Z-codex.web.BR07.r1-a1,web,breadth,BR07,1,22,fact,TTKOM: Güney Bağımsız Denetim ve Serbest Muhasebeci Mali Müşavirlik A.Ş. selected for fiscal year 2026.,TTKOM; Güney Bağımsız Denetim ve Serbest Muhasebeci Mali Müşavirlik A.Ş.; fiscal year 2026,S8,aggregator,bigpara.hurriyet.com.tr,3,secondary,aggregator,false,true,false,false,false,aggregator,none,,,secondary,aggregator,false,false,false,3,false
20261007T061818096670Z-codex.web.BR07.r1-a1,web,breadth,BR07,1,23,fact,TTKOM general assembly date: 2026-04-09.,TTKOM; 2026-04-09,S8,aggregator,bigpara.hurriyet.com.tr,1,filing,filing,false,true,true,true,false,aggregator,none,,,filing,filing,true,true,false,1,false
20261007T061818096670Z-codex.web.BR07.r1-a1,web,breadth,BR07,1,24,fact,TTKOM: 9 April disclosure.,TTKOM; 9 April,S8,aggregator,bigpara.hurriyet.com.tr,2,secondary,aggregator,false,true,false,false,false,aggregator,none,,,secondary,aggregator,false,false,false,2,false
20261007T061856955863Z-codex.archivist.BR07.r1-a1,archivist,breadth,BR07,1,1,fact,TUPRS selected Güney Bağımsız Denetim ve Serbest Muhasebeci Mali Müşavirlik A.Ş. for the 2026 fiscal year.,TUPRS; Güney Bağımsız Denetim ve Serbest Muhasebeci Mali Müşavirlik A.Ş.; 2026 fiscal year,S1,filing,mosaic-finance.com,3,unattributed,,false,false,false,false,false,,none,,,unattributed,,false,false,false,3,false
20261007T061856955863Z-codex.archivist.BR07.r1-a1,archivist,breadth,BR07,1,2,fact,TUPRS general assembly date: 11 March 2026.,TUPRS; 11 March 2026,S1,filing,mosaic-finance.com,2,unattributed,,false,false,false,false,false,,none,,,unattributed,,false,false,false,2,false
20261007T061856955863Z-codex.archivist.BR07.r1-a1,archivist,breadth,BR07,1,3,fact,TUPRS disclosure: 11 March 2026.,TUPRS; 11 March 2026,S1,filing,mosaic-finance.com,2,unattributed,,false,false,false,false,false,,none,,,unattributed,,false,false,false,2,false
20261007T061856955863Z-codex.archivist.BR07.r1-a1,archivist,breadth,BR07,1,4,fact,HALKB selected KPMG Bağımsız Denetim ve Serbest Muhasebeci Mali Müşavirlik A.Ş. for the 2026 fiscal year.,HALKB; KPMG Bağımsız Denetim ve Serbest Muhasebeci Mali Müşavirlik A.Ş.; 2026 fiscal year,S2,filing,mosaic-finance.com,3,unattributed,,false,false,false,false,false,,none,,,unattributed,,false,false,false,3,false
20261007T061856955863Z-codex.archivist.BR07.r1-a1,archivist,breadth,BR07,1,5,fact,HALKB general assembly date: 9 April 2026.,HALKB; 9 April 2026,S2,filing,mosaic-finance.com,2,unattributed,,false,false,false,false,false,,none,,,unattributed,,false,false,false,2,false
20261007T061856955863Z-codex.archivist.BR07.r1-a1,archivist,breadth,BR07,1,6,fact,HALKB disclosure: 21 April 2026.,HALKB; 21 April 2026,S2,filing,mosaic-finance.com,2,unattributed,,false,false,false,false,false,,none,,,unattributed,,false,false,false,2,false
20261007T061856955863Z-codex.archivist.BR07.r1-a1,archivist,breadth,BR07,1,7,fact,GARAN selected Güney Bağımsız Denetim ve Serbest Muhasebeci Mali Müşavirlik A.Ş. (EY) for the 2026 fiscal year.,GARAN; Güney Bağımsız Denetim ve Serbest Muhasebeci Mali Müşavirlik A.Ş.; EY; 2026 fiscal year,S3,filing,mosaic-finance.com,4,unattributed,,false,false,false,false,false,,none,,,unattributed,,false,false,false,4,false
20261007T061856955863Z-codex.archivist.BR07.r1-a1,archivist,breadth,BR07,1,8,fact,GARAN general assembly date: 31 March 2026.,GARAN; 31 March 2026,S3,filing,mosaic-finance.com,2,unattributed,,false,false,false,false,false,,none,,,unattributed,,false,false,false,2,false
20261007T061856955863Z-codex.archivist.BR07.r1-a1,archivist,breadth,BR07,1,9,fact,GARAN disclosure: 2 April 2026.,GARAN; 2 April 2026,S3,filing,mosaic-finance.com,2,unattributed,,false,false,false,false,false,,none,,,unattributed,,false,false,false,2,false
20261007T061856955863Z-codex.archivist.BR07.r1-a1,archivist,breadth,BR07,1,10,fact,TOASO selected DRT Bağımsız Denetim ve Serbest Muhasebeci Mali Müşavirlik A.Ş. for the 2026 fiscal year.,TOASO; DRT Bağımsız Denetim ve Serbest Muhasebeci Mali Müşavirlik A.Ş.; 2026 fiscal year,S4,filing,mosaic-finance.com,3,unattributed,,false,false,false,false,false,,none,,,unattributed,,false,false,false,3,false
20261007T061856955863Z-codex.archivist.BR07.r1-a1,archivist,breadth,BR07,1,11,fact,TOASO general assembly date: 16 March 2026.,TOASO; 16 March 2026,S4,filing,mosaic-finance.com,2,unattributed,,false,false,false,false,false,,none,,,unattributed,,false,false,false,2,false
20261007T061856955863Z-codex.archivist.BR07.r1-a1,archivist,breadth,BR07,1,12,fact,TOASO disclosure: 16 March 2026.,TOASO; 16 March 2026,S4,filing,mosaic-finance.com,2,unattributed,,false,false,false,false,false,,none,,,unattributed,,false,false,false,2,false
20261007T061856955863Z-codex.archivist.BR07.r1-a1,archivist,breadth,BR07,1,13,fact,DOAS selected KPMG Bağımsız Denetim ve Serbest Muhasebeci Mali Müşavirlik A.Ş. for the 2026 fiscal year.,DOAS; KPMG Bağımsız Denetim ve Serbest Muhasebeci Mali Müşavirlik A.Ş.; 2026 fiscal year,S5,filing,mosaic-finance.com,3,unattributed,,false,false,false,false,false,,none,,,unattributed,,false,false,false,3,false
20261007T061856955863Z-codex.archivist.BR07.r1-a1,archivist,breadth,BR07,1,14,fact,DOAS general assembly date: 26 March 2026.,DOAS; 26 March 2026,S5,filing,mosaic-finance.com,2,unattributed,,false,false,false,false,false,,none,,,unattributed,,false,false,false,2,false
20261007T061856955863Z-codex.archivist.BR07.r1-a1,archivist,breadth,BR07,1,15,fact,DOAS disclosure: 31 March 2026.,DOAS; 31 March 2026,S5,filing,mosaic-finance.com,2,unattributed,,false,false,false,false,false,,none,,,unattributed,,false,false,false,2,false
20261007T061856955863Z-codex.archivist.BR07.r1-a1,archivist,breadth,BR07,1,16,fact,SISE selected PwC Bağımsız Denetim ve Serbest Muhasebeci Mali Müşavirlik A.Ş. for the 2026 fiscal year.,SISE; PwC Bağımsız Denetim ve Serbest Muhasebeci Mali Müşavirlik A.Ş.; 2026 fiscal year,S6,filing,mosaic-finance.com,3,unattributed,,false,false,false,false,false,,none,,,unattributed,,false,false,false,3,false
20261007T061856955863Z-codex.archivist.BR07.r1-a1,archivist,breadth,BR07,1,17,fact,SISE general assembly date: 27 March 2026.,SISE; 27 March 2026,S6,filing,mosaic-finance.com,2,filing,filing,false,false,true,false,false,,none,,,filing,filing,true,false,false,2,false
20261007T061856955863Z-codex.archivist.BR07.r1-a1,archivist,breadth,BR07,1,18,fact,SISE disclosure: 27 March 2026.,SISE; 27 March 2026,S6,filing,mosaic-finance.com,2,filing,filing,false,false,true,false,false,,none,,,filing,filing,true,false,false,2,false
20261007T061856955863Z-codex.archivist.BR07.r1-a1,archivist,breadth,BR07,1,19,fact,SAHOL selected DRT Bağımsız Denetim ve Serbest Muhasebeci Mali Müşavirlik A.Ş. for the 2026 fiscal year.,SAHOL; DRT Bağımsız Denetim ve Serbest Muhasebeci Mali Müşavirlik A.Ş.; 2026 fiscal year,S7,filing,mosaic-finance.com,3,unattributed,,false,false,false,false,false,,none,,,unattributed,,false,false,false,3,false
20261007T061856955863Z-codex.archivist.BR07.r1-a1,archivist,breadth,BR07,1,20,fact,SAHOL general assembly date: 31 March 2026.,SAHOL; 31 March 2026,S7,filing,mosaic-finance.com,2,unattributed,,false,false,false,false,false,,none,,,unattributed,,false,false,false,2,false
20261007T061856955863Z-codex.archivist.BR07.r1-a1,archivist,breadth,BR07,1,21,fact,SAHOL disclosure: 31 March 2026.,SAHOL; 31 March 2026,S7,filing,mosaic-finance.com,2,unattributed,,false,false,false,false,false,,none,,,unattributed,,false,false,false,2,false
20261007T061856955863Z-codex.archivist.BR07.r1-a1,archivist,breadth,BR07,1,22,fact,TTKOM selected Güney Bağımsız Denetim ve Serbest Muhasebeci Mali Müşavirlik A.Ş. (Ernst & Young) for the 2026 fiscal year.,TTKOM; Güney Bağımsız Denetim ve Serbest Muhasebeci Mali Müşavirlik A.Ş.; Ernst & Young; 2026 fiscal year,S8,filing,mosaic-finance.com,4,unattributed,,false,false,false,false,false,,none,,,unattributed,,false,false,false,4,false
20261007T061856955863Z-codex.archivist.BR07.r1-a1,archivist,breadth,BR07,1,23,fact,TTKOM general assembly date: 9 April 2026.,TTKOM; 9 April 2026,S8,filing,mosaic-finance.com,2,unattributed,,false,false,false,false,false,,none,,,unattributed,,false,false,false,2,false
20261007T061856955863Z-codex.archivist.BR07.r1-a1,archivist,breadth,BR07,1,24,fact,TTKOM disclosure: 9 April 2026.,TTKOM; 9 April 2026,S8,filing,mosaic-finance.com,2,unattributed,,false,false,false,false,false,,none,,,unattributed,,false,false,false,2,false
20261007T061920371012Z-codex.both.BR07.r1-a1,both,breadth,BR07,1,1,fact,TUPRS — selected independent audit firm for fiscal year 2026: Güney Bağımsız Denetim ve Serbest Muhasebeci Mali Müşavirlik A.Ş.,TUPRS; fiscal year 2026; Güney Bağımsız Denetim ve Serbest Muhasebeci Mali Müşavirlik A.Ş.,S1,filing,filing-source,3,filing,filing,false,false,true,false,false,issuer; aggregator,none,,,filing,filing,true,false,false,3,false
20261007T061920371012Z-codex.both.BR07.r1-a1,both,breadth,BR07,1,2,fact,TUPRS — general assembly date: 2026-03-11.,TUPRS; 2026-03-11,S1,filing,filing-source,2,filing,filing,false,false,true,true,false,issuer; aggregator,none,,,filing,filing,true,true,false,1,false
20261007T061920371012Z-codex.both.BR07.r1-a1,both,breadth,BR07,1,3,fact,"TUPRS — disclosure source: KAP, March 11.",TUPRS; KAP; March 11,S1,filing,filing-source,3,secondary,issuer,false,false,false,false,false,issuer; aggregator; other,none,,,secondary,issuer,false,false,false,3,false
20261007T061920371012Z-codex.both.BR07.r1-a1,both,breadth,BR07,1,4,fact,HALKB — selected independent audit firm for fiscal year 2026: KPMG Bağımsız Denetim ve Serbest Muhasebeci Mali Müşavirlik A.Ş.,HALKB; fiscal year 2026; KPMG Bağımsız Denetim ve Serbest Muhasebeci Mali Müşavirlik A.Ş.,S2,filing,filing-source,3,filing,filing,false,false,true,false,false,aggregator,none,,,filing,filing,true,false,false,3,false
20261007T061920371012Z-codex.both.BR07.r1-a1,both,breadth,BR07,1,5,fact,HALKB — general assembly date: 2026-04-09.,HALKB; 2026-04-09,S2,filing,filing-source,1,filing,filing,false,false,true,true,false,aggregator,none,,,filing,filing,true,true,false,1,false
20261007T061920371012Z-codex.both.BR07.r1-a1,both,breadth,BR07,1,6,fact,"HALKB — disclosure source: KAP, April 21.",HALKB; KAP; April 21,S2,filing,filing-source,3,secondary,issuer,false,false,false,false,false,issuer; aggregator; other,none,,,secondary,issuer,false,false,false,3,false
20261007T061920371012Z-codex.both.BR07.r1-a1,both,breadth,BR07,1,7,fact,GARAN — selected independent audit firm for fiscal year 2026: Güney Bağımsız Denetim ve Serbest Muhasebeci Mali Müşavirlik A.Ş. (EY).,GARAN; fiscal year 2026; Güney Bağımsız Denetim ve Serbest Muhasebeci Mali Müşavirlik A.Ş.; EY,S3,filing,filing-source,4,filing,filing,false,false,true,false,false,issuer; aggregator,none,,,filing,filing,true,false,false,4,false
20261007T061920371012Z-codex.both.BR07.r1-a1,both,breadth,BR07,1,8,fact,GARAN — general assembly date: 2026-03-31.,GARAN; 2026-03-31,S3,filing,filing-source,2,filing,filing,false,false,true,true,false,issuer; aggregator,none,,,filing,filing,true,true,false,1,false
20261007T061920371012Z-codex.both.BR07.r1-a1,both,breadth,BR07,1,9,fact,"GARAN — disclosure source: KAP, April 2.",GARAN; KAP; April 2,S3,filing,filing-source,3,secondary,issuer,false,false,false,false,false,issuer; aggregator; other,none,,,secondary,issuer,false,false,false,3,false
20261007T061920371012Z-codex.both.BR07.r1-a1,both,breadth,BR07,1,10,fact,TOASO — selected independent audit firm for fiscal year 2026: DRT Bağımsız Denetim ve Serbest Muhasebeci Mali Müşavirlik A.Ş.,TOASO; fiscal year 2026; DRT Bağımsız Denetim ve Serbest Muhasebeci Mali Müşavirlik A.Ş.,S4,filing,filing-source,3,filing,filing,false,false,true,false,false,issuer; aggregator,none,,,filing,filing,true,false,false,3,false
20261007T061920371012Z-codex.both.BR07.r1-a1,both,breadth,BR07,1,11,fact,TOASO — general assembly date: 2026-03-16.,TOASO; 2026-03-16,S4,filing,filing-source,2,filing,filing,false,false,true,true,false,issuer; aggregator,none,,,filing,filing,true,true,false,1,false
20261007T061920371012Z-codex.both.BR07.r1-a1,both,breadth,BR07,1,12,fact,"TOASO — disclosure source: KAP, March 16.",TOASO; KAP; March 16,S4,filing,filing-source,3,secondary,issuer,false,false,false,false,false,issuer; aggregator; other,none,,,secondary,issuer,false,false,false,3,false
20261007T061920371012Z-codex.both.BR07.r1-a1,both,breadth,BR07,1,13,fact,DOAS — selected independent audit firm for fiscal year 2026: KPMG Bağımsız Denetim ve Serbest Muhasebeci Mali Müşavirlik A.Ş.,DOAS; fiscal year 2026; KPMG Bağımsız Denetim ve Serbest Muhasebeci Mali Müşavirlik A.Ş.,S5,filing,filing-source,3,filing,filing,false,false,true,false,false,aggregator,none,,,filing,filing,true,false,false,3,false
20261007T061920371012Z-codex.both.BR07.r1-a1,both,breadth,BR07,1,14,fact,DOAS — general assembly date: 2026-03-26.,DOAS; 2026-03-26,S5,filing,filing-source,2,filing,filing,false,false,true,true,false,issuer; aggregator,none,,,filing,filing,true,true,false,1,false
20261007T061920371012Z-codex.both.BR07.r1-a1,both,breadth,BR07,1,15,fact,"DOAS — disclosure source: KAP, March 31.",DOAS; KAP; March 31,S5,filing,filing-source,3,secondary,issuer,false,false,false,false,false,issuer; aggregator; other,none,,,secondary,issuer,false,false,false,3,false
20261007T061920371012Z-codex.both.BR07.r1-a1,both,breadth,BR07,1,16,fact,SISE — selected independent audit firm for fiscal year 2026: PwC Bağımsız Denetim ve Serbest Muhasebeci Mali Müşavirlik A.Ş.,SISE; fiscal year 2026; PwC Bağımsız Denetim ve Serbest Muhasebeci Mali Müşavirlik A.Ş.,S6,aggregator,br.tradingview.com,3,filing,filing,false,true,true,false,false,issuer; aggregator,none,,,filing,filing,true,false,false,3,false
20261007T061920371012Z-codex.both.BR07.r1-a1,both,breadth,BR07,1,17,fact,SISE — general assembly date: 2026-03-27.,SISE; 2026-03-27,S6,aggregator,br.tradingview.com,2,filing,filing,false,true,true,true,false,issuer; aggregator,none,,,filing,filing,true,true,false,1,false
20261007T061920371012Z-codex.both.BR07.r1-a1,both,breadth,BR07,1,18,fact,SISE — disclosure source: March 27 KAP disclosure reproduced by TradingView.,SISE; March 27; KAP; TradingView,S6,aggregator,br.tradingview.com,4,secondary,issuer,false,true,false,false,false,issuer; aggregator; other,none,,,secondary,issuer,false,false,false,4,false
20261007T061920371012Z-codex.both.BR07.r1-a1,both,breadth,BR07,1,19,fact,SAHOL — selected independent audit firm for fiscal year 2026: DRT Bağımsız Denetim ve Serbest Muhasebeci Mali Müşavirlik A.Ş.,SAHOL; fiscal year 2026; DRT Bağımsız Denetim ve Serbest Muhasebeci Mali Müşavirlik A.Ş.,S7,filing,filing-source,3,filing,filing,false,false,true,false,false,issuer; aggregator,none,,,filing,filing,true,false,false,3,false
20261007T061920371012Z-codex.both.BR07.r1-a1,both,breadth,BR07,1,20,fact,SAHOL — general assembly date: 2026-03-31.,SAHOL; 2026-03-31,S7,filing,filing-source,2,filing,filing,false,false,true,true,false,issuer; aggregator,none,,,filing,filing,true,true,false,1,false
20261007T061920371012Z-codex.both.BR07.r1-a1,both,breadth,BR07,1,21,fact,"SAHOL — disclosure source: KAP, March 31.",SAHOL; KAP; March 31,S7,filing,filing-source,3,secondary,issuer,false,false,false,false,false,issuer; aggregator; other,none,,,secondary,issuer,false,false,false,3,false
20261007T061920371012Z-codex.both.BR07.r1-a1,both,breadth,BR07,1,22,fact,TTKOM — selected independent audit firm for fiscal year 2026: Güney Bağımsız Denetim ve Serbest Muhasebeci Mali Müşavirlik A.Ş.,TTKOM; fiscal year 2026; Güney Bağımsız Denetim ve Serbest Muhasebeci Mali Müşavirlik A.Ş.,S8,filing,filing-source,3,filing,filing,false,false,true,false,false,aggregator,none,,,filing,filing,true,false,false,3,false
20261007T061920371012Z-codex.both.BR07.r1-a1,both,breadth,BR07,1,23,fact,TTKOM — general assembly date: 2026-04-09.,TTKOM; 2026-04-09,S8,filing,filing-source,1,filing,filing,false,false,true,true,false,aggregator,none,,,filing,filing,true,true,false,1,false
20261007T061920371012Z-codex.both.BR07.r1-a1,both,breadth,BR07,1,24,fact,"TTKOM — disclosure source: KAP, April 9.",TTKOM; KAP; April 9,S8,filing,filing-source,3,secondary,issuer,false,false,false,false,false,issuer; aggregator; other,none,,,secondary,issuer,false,false,false,3,false
20261007T061941489100Z-codex.web.BR08.r1-a1,web,breadth,BR08,1,1,fact,"Koç Holding (KCHOL): 120,219 employees; Holding, subsidiaries and joint ventures, year-end 2025.","Koç Holding; KCHOL; 120,219; year-end 2025",S1,filing,filing-source,4,secondary,aggregator,false,false,false,false,false,aggregator,none,,,filing,filing,true,false,false,1,false
20261007T061941489100Z-codex.web.BR08.r1-a1,web,breadth,BR08,1,2,fact,"Ereğli Demir ve Çelik (EREGL): 12,824; Group personnel at 2025-12-31.","Ereğli Demir ve Çelik; EREGL; 12,824; 2025-12-31",S2,filing,filing-source,5,filing,filing,false,false,true,false,false,issuer; forum; aggregator; news; other,none,,,filing,filing,true,false,false,3,false
20261007T061941489100Z-codex.web.BR08.r1-a1,web,breadth,BR08,1,3,fact,"Pegasus (PGSUS): 9,260; Full-time employees at 2025-12-31.","Pegasus; PGSUS; 9,260; 2025-12-31",S3; S4,filing; issuer,filing-source; pegasusyatirimciiliskileri.com,5,filing,filing,false,true,true,true,false,issuer; forum; aggregator; news; other,none,,,filing,filing,true,true,false,3,false
20261007T061941489100Z-codex.web.BR08.r1-a1,web,breadth,BR08,1,4,fact,"Türk Telekom (TTKOM): 31,779; Group personnel at 2025-12-31.","Türk Telekom; TTKOM; 31,779; 2025-12-31",S5,filing,filing-source,5,filing,filing,false,false,true,false,false,issuer; forum; aggregator; news; other,none,,,filing,filing,true,false,false,3,false
20261007T061941489100Z-codex.web.BR08.r1-a1,web,breadth,BR08,1,5,fact,"Otokar (OTKAR): 3,659; Total employees in 2025.","Otokar; OTKAR; 3,659",S6,filing,filing-source,3,filing,filing,false,false,true,false,false,aggregator; news,none,,,filing,filing,true,false,false,1,false
20261007T061941489100Z-codex.web.BR08.r1-a1,web,breadth,BR08,1,6,fact,"Ülker Bisküvi (ULKER): 10,285; Employees in 2025.","Ülker Bisküvi; ULKER; 10,285",S7,filing,filing-source,3,filing,filing,false,false,true,false,false,issuer; forum; aggregator; news,none,,,filing,filing,true,false,false,1,false
20261007T061941489100Z-codex.web.BR08.r1-a1,web,breadth,BR08,1,7,fact,"Ülker Bisküvi (ULKER): includes 2,947 subcontractor workers.","Ülker Bisküvi; ULKER; 2,947",S7,filing,filing-source,3,filing,filing,false,false,true,false,false,issuer; forum; aggregator; news,none,,,filing,filing,true,false,false,1,false
20261007T061941489100Z-codex.web.BR08.r1-a1,web,breadth,BR08,1,8,fact,"Coca-Cola İçecek (CCOLA): 10,624; Average employees in 2025.","Coca-Cola İçecek; CCOLA; 10,624",S8,aggregator,news-content.foreks.com,3,filing,filing,false,true,true,true,false,issuer; aggregator; other,none,,,filing,filing,true,true,false,1,false
20261007T061941489100Z-codex.web.BR08.r1-a1,web,breadth,BR08,1,9,fact,"TAV Havalimanları (TAVHL): 21,989; Average employees in 2025, subsidiaries.","TAV Havalimanları; TAVHL; 21,989",S9,filing,filing-source,3,filing,filing,false,false,true,true,false,issuer; promotional; aggregator; news,none,,,filing,filing,true,true,false,1,false
20261007T061941489100Z-codex.web.BR08.r1-a1,web,breadth,BR08,1,10,fact,"TAV separately reported 12,272 average employees in joint ventures.","TAV; 12,272",,,,2,filing,filing,false,false,true,true,false,issuer; forum; promotional; aggregator; news; other,none,,,filing,filing,true,true,false,1,false
20261007T061941489100Z-codex.web.BR08.r1-a1,web,breadth,BR08,1,11,fact,Pegasus’s annual-report attachment timed out.,Pegasus,,,,1,filing,filing,false,false,true,true,false,issuer; forum; aggregator; news; other,none,,,filing,filing,true,true,false,1,false
20261007T061941489100Z-codex.web.BR08.r1-a1,web,breadth,BR08,1,12,fact,Pegasus’s figure was verified in the corresponding year-end financial note.,Pegasus,,,,1,filing,filing,false,false,true,true,false,issuer; forum; aggregator; news; other,none,,,filing,filing,true,true,false,1,false
20261007T062031501193Z-codex.archivist.BR08.r1-a1,archivist,breadth,BR08,1,1,fact,"Koç Holding (KCHOL), KAP filing date 2026-02-24: 120,219 employees; Holding, subsidiaries and joint ventures; year-end 2025.","Koç Holding; KCHOL; KAP; 2026-02-24; 120,219; year-end 2025",S1,filing,mosaic-finance.com,6,unattributed,,false,false,false,false,false,,none,,,filing,filing,true,false,false,2,false
20261007T062031501193Z-codex.archivist.BR08.r1-a1,archivist,breadth,BR08,1,2,fact,"Ereğli Demir ve Çelik (EREGL), KAP filing date 2026-02-17: 12,824; Group personnel at 2025-12-31.","Ereğli Demir ve Çelik; EREGL; KAP; 2026-02-17; 12,824; 2025-12-31",S2,filing,mosaic-finance.com,7,filing,filing,false,false,true,false,false,,none,,,filing,filing,true,false,false,4,false
20261007T062031501193Z-codex.archivist.BR08.r1-a1,archivist,breadth,BR08,1,3,fact,"Pegasus (PGSUS), KAP filing date 2026-03-04: 9,255; Full-time employees at 2025-12-31.","Pegasus; PGSUS; KAP; 2026-03-04; 9,255; 2025-12-31",S3,filing,mosaic-finance.com,6,filing,filing,false,false,true,false,false,,none,,,filing,filing,true,false,false,3,false
20261007T062031501193Z-codex.archivist.BR08.r1-a1,archivist,breadth,BR08,1,4,fact,"Türk Telekom (TTKOM), KAP filing date 2026-03-04: 31,779; Group personnel at 2025-12-31.","Türk Telekom; TTKOM; KAP; 2026-03-04; 31,779; 2025-12-31",S4,filing,mosaic-finance.com,6,filing,filing,false,false,true,false,false,,none,,,filing,filing,true,false,false,3,false
20261007T062031501193Z-codex.archivist.BR08.r1-a1,archivist,breadth,BR08,1,5,fact,"Otokar (OTKAR), KAP filing date 2026-02-13: 3,659; Total employees in 2025; year-end, including temporary staff.","Otokar; OTKAR; KAP; 2026-02-13; 3,659; Total employees in 2025",S5,filing,mosaic-finance.com,6,unattributed,,false,false,false,false,false,,none,,,filing,filing,true,false,false,2,false
20261007T062031501193Z-codex.archivist.BR08.r1-a1,archivist,breadth,BR08,1,6,fact,"Ülker Bisküvi (ULKER), KAP filing date 2026-03-10: 10,285; Employees reported for 2025.","Ülker Bisküvi; ULKER; KAP; 2026-03-10; 10,285; Employees reported for 2025",S6,filing,mosaic-finance.com,5,unattributed,,false,false,false,false,false,,none,,,filing,filing,true,false,false,1,false
20261007T062031501193Z-codex.archivist.BR08.r1-a1,archivist,breadth,BR08,1,7,fact,"Coca-Cola İçecek (CCOLA), KAP filing date 2026-03-03: 10,624; Average employees in 2025.","Coca-Cola İçecek; CCOLA; KAP; 2026-03-03; 10,624; Average employees in 2025",S7,filing,mosaic-finance.com,5,unattributed,,false,false,false,false,false,,none,,,filing,filing,true,false,false,1,false
20261007T062031501193Z-codex.archivist.BR08.r1-a1,archivist,breadth,BR08,1,8,fact,"TAV Havalimanları (TAVHL), KAP filing date 2026-02-27: 21,989; Average employees in 2025.","TAV Havalimanları; TAVHL; KAP; 2026-02-27; 21,989; Average employees in 2025",S8,filing,mosaic-finance.com,6,unattributed,,false,false,false,false,false,,none,,,filing,filing,true,false,false,2,false
20261007T062149461011Z-codex.both.BR08.r1-a1,both,breadth,BR08,1,1,fact,"Koç Holding (KCHOL) | 2026-02-24 | 120,219 | Holding, subsidiaries and joint ventures; year-end 2025.","Koç Holding; KCHOL; 2026-02-24; 120,219; year-end 2025",S1,filing,mosaic-finance.com,5,secondary,aggregator,false,false,false,false,false,aggregator,none,,,filing,filing,true,false,false,2,false
20261007T062149461011Z-codex.both.BR08.r1-a1,both,breadth,BR08,1,2,fact,"Ereğli Demir ve Çelik (EREGL) | 2026-02-17 | 12,824 | Group personnel at 2025-12-31.","Ereğli Demir ve Çelik; EREGL; 2026-02-17; 12,824; 2025-12-31",S2,filing,mosaic-finance.com,6,filing,filing,false,false,true,false,false,issuer; forum; aggregator,none,,,filing,filing,true,false,false,4,false
20261007T062149461011Z-codex.both.BR08.r1-a1,both,breadth,BR08,1,3,fact,"Pegasus (PGSUS) | 2026-03-04 | 9,255 | Full-time employees at 2025-12-31.","Pegasus; PGSUS; 2026-03-04; 9,255; 2025-12-31",S3,filing,mosaic-finance.com,5,filing,filing,false,false,true,false,false,issuer; forum; reference,none,,,filing,filing,true,false,false,3,false
20261007T062149461011Z-codex.both.BR08.r1-a1,both,breadth,BR08,1,4,fact,"Türk Telekom (TTKOM) | 2026-03-04 | 31,779 | Group personnel at 2025-12-31.","Türk Telekom; TTKOM; 2026-03-04; 31,779; 2025-12-31",S4,filing,mosaic-finance.com,5,filing,filing,false,false,true,true,true,issuer; forum; promotional; reference,none,,,filing,filing,true,true,true,3,false
20261007T062149461011Z-codex.both.BR08.r1-a1,both,breadth,BR08,1,5,fact,"Otokar (OTKAR) | 2026-02-13 | 3,659 | Total employees in 2025.","Otokar; OTKAR; 2026-02-13; 3,659",S5,filing,mosaic-finance.com,4,filing,filing,false,false,true,false,false,,none,,,filing,filing,true,false,false,2,false
20261007T062149461011Z-codex.both.BR08.r1-a1,both,breadth,BR08,1,6,fact,"Ülker Bisküvi (ULKER) | 2026-03-10 | 10,285 | Employees in 2025.","Ülker Bisküvi; ULKER; 2026-03-10; 10,285",S6,filing,mosaic-finance.com,3,filing,filing,false,false,true,false,false,,none,,,filing,filing,true,false,false,1,false
20261007T062149461011Z-codex.both.BR08.r1-a1,both,breadth,BR08,1,7,fact,"Coca-Cola İçecek (CCOLA) | 2026-03-03 | 10,624 | Average employees in 2025.","Coca-Cola İçecek; CCOLA; 2026-03-03; 10,624",S7,filing,mosaic-finance.com,3,filing,filing,false,false,true,false,false,,none,,,filing,filing,true,false,false,1,false
20261007T062149461011Z-codex.both.BR08.r1-a1,both,breadth,BR08,1,8,fact,"TAV Havalimanları (TAVHL) | 2026-02-27 | 21,989 | Average employees in 2025.","TAV Havalimanları; TAVHL; 2026-02-27; 21,989",S8,filing,mosaic-finance.com,4,filing,filing,false,false,true,false,false,,none,,,filing,filing,true,false,false,2,false
20261007T062224394761Z-codex.web.BR09.r1-a1,web,breadth,BR09,1,1,fact,"Canadian Natural Resources (CNQ): Yes, mentions Trans Mountain / TMX in the 2025 AIF, p. 3.",Canadian Natural Resources; CNQ; Trans Mountain; TMX; 2025 AIF; p. 3,S1,issuer,cnrl.com,6,secondary,issuer,false,true,false,false,false,issuer; forum; aggregator; reference; other,none,,,secondary,issuer,false,false,false,6,false
20261007T062224394761Z-codex.web.BR09.r1-a1,web,breadth,BR09,1,2,fact,"Suncor Energy (SU): Yes, mentions Trans Mountain / TMX in the 2025 AIF.",Suncor Energy; SU; Trans Mountain; TMX; 2025 AIF,S2,filing,filing-source,5,filing,filing,false,false,true,true,false,issuer; forum; aggregator; reference; other,none,,,filing,filing,true,true,false,5,false
20261007T062224394761Z-codex.web.BR09.r1-a1,web,breadth,BR09,1,3,fact,"Cenovus Energy (CVE): Yes, mentions Trans Mountain / TMX in the 2025 AIF, p. 7.",Cenovus Energy; CVE; Trans Mountain; TMX; 2025 AIF; p. 7,S3,filing,filing-source,6,secondary,issuer,false,false,false,false,false,issuer; forum; aggregator; reference; other,none,,,secondary,issuer,false,false,false,6,false
20261007T062224394761Z-codex.web.BR09.r1-a1,web,breadth,BR09,1,4,fact,"Tourmaline Oil (TOU): Yes, mentions Trans Mountain / TMX in the 2025 AIF, p. 34.",Tourmaline Oil; TOU; Trans Mountain; TMX; 2025 AIF; p. 34,S4,aggregator,newsfile.futunn.com,6,secondary,issuer,false,true,false,false,false,issuer; forum; aggregator; reference; other,none,,,secondary,issuer,false,false,false,6,false
20261007T062224394761Z-codex.web.BR09.r1-a1,web,breadth,BR09,1,5,fact,"Strathcona Resources (SCR): Yes, mentions Trans Mountain / TMX in the 2025 AIF, p. 19.",Strathcona Resources; SCR; Trans Mountain; TMX; 2025 AIF; p. 19,S5,issuer,strathconaresources.com,6,secondary,issuer,false,true,false,false,false,issuer; forum; aggregator; reference; other,none,,,secondary,issuer,false,false,false,6,false
20261007T062224394761Z-codex.web.BR09.r1-a1,web,breadth,BR09,1,6,fact,"Kelt Exploration (KEL): Yes, mentions Trans Mountain / TMX in the 2025 AIF on SEDAR+.",Kelt Exploration; KEL; Trans Mountain; TMX; 2025 AIF; SEDAR+,S6,filing,filing-source,6,filing,filing,false,false,true,true,false,issuer; forum; aggregator; reference; other,none,,,filing,filing,true,true,false,6,false
20261007T062224394761Z-codex.web.BR09.r1-a1,web,breadth,BR09,1,7,fact,ARC Resources (ARX): No mention of Trans Mountain / TMX found in the 2025 AIF text.,ARC Resources; ARX; Trans Mountain; TMX; 2025 AIF,S7,issuer,arcresources.com,5,secondary,issuer,false,true,false,true,false,issuer; forum; aggregator; reference; other,none,,,secondary,issuer,false,true,false,5,false
20261007T062224394761Z-codex.web.BR09.r1-a1,web,breadth,BR09,1,8,fact,Baytex Energy (BTE): No mention of Trans Mountain / TMX found in the 2025 AIF text.,Baytex Energy; BTE; Trans Mountain; TMX; 2025 AIF,S8,filing,filing-source,5,filing,filing,false,false,true,true,false,issuer; forum; aggregator; reference; other,none,,,filing,filing,true,true,false,5,false
20261007T062224394761Z-codex.web.BR09.r1-a1,web,breadth,BR09,1,9,fact,Parex Resources (PXT): No mention of Trans Mountain / TMX found in the 2025 AIF text.,Parex Resources; PXT; Trans Mountain; TMX; 2025 AIF,S9,issuer,parexresources.com,5,filing,filing,false,true,true,true,false,issuer; forum; aggregator; reference; other,none,,,filing,filing,true,true,false,5,false
20261007T062224394761Z-codex.web.BR09.r1-a1,web,breadth,BR09,1,10,fact,Freehold Royalties (FRU): No mention of Trans Mountain / TMX found in the 2025 AIF text.,Freehold Royalties; FRU; Trans Mountain; TMX; 2025 AIF,S10,issuer,freeholdroyalties.com,5,secondary,issuer,false,true,false,true,false,issuer; forum; aggregator; reference; other,none,,,secondary,issuer,false,true,false,5,false
20261007T062324951892Z-codex.archivist.BR09.r1-a1,archivist,breadth,BR09,1,1,fact,Canadian Natural Resources (CNQ): the English 2025 AIF mentions Trans Mountain/TMX and defines TMX as “Trans Mountain Expansion pipeline.”,Canadian Natural Resources; CNQ; English 2025 AIF; Trans Mountain; TMX; Trans Mountain Expansion pipeline,S1,filing,mosaic-finance.com,6,unattributed,,false,false,false,false,false,,none,,,unattributed,,false,false,false,6,false
20261007T062324951892Z-codex.archivist.BR09.r1-a1,archivist,breadth,BR09,1,2,fact,Suncor Energy (SU): the English 2025 AIF mentions Trans Mountain/TMX; the source is Edmonton Refinery.,Suncor Energy; SU; English 2025 AIF; Trans Mountain; TMX; Edmonton Refinery,S2,filing,mosaic-finance.com,6,unattributed,,false,false,false,false,false,,none,,,unattributed,,false,false,false,6,false
20261007T062324951892Z-codex.archivist.BR09.r1-a1,archivist,breadth,BR09,1,3,fact,Cenovus Energy (CVE): the English 2025 AIF mentions Trans Mountain/TMX and the pipeline expansion project.,Cenovus Energy; CVE; English 2025 AIF; Trans Mountain; TMX,S3,filing,mosaic-finance.com,5,unattributed,,false,false,false,false,false,,none,,,unattributed,,false,false,false,5,false
20261007T062324951892Z-codex.archivist.BR09.r1-a1,archivist,breadth,BR09,1,4,fact,"Tourmaline Oil (TOU): the English 2025 AIF mentions Trans Mountain/TMX; the source is Exports of Crude Oil, Natural Gas and NGLs.","Tourmaline Oil; TOU; English 2025 AIF; Trans Mountain; TMX; Exports of Crude Oil, Natural Gas and NGLs",S4,filing,mosaic-finance.com,6,unattributed,,false,false,false,false,false,,none,,,unattributed,,false,false,false,6,false
20261007T062324951892Z-codex.archivist.BR09.r1-a1,archivist,breadth,BR09,1,5,fact,Strathcona Resources (SCR): the English 2025 AIF mentions Trans Mountain/TMX; the source is Cold Lake Segment.,Strathcona Resources; SCR; English 2025 AIF; Trans Mountain; TMX; Cold Lake Segment,S5,filing,mosaic-finance.com,6,unattributed,,false,false,false,false,false,,none,,,unattributed,,false,false,false,6,false
20261007T062324951892Z-codex.archivist.BR09.r1-a1,archivist,breadth,BR09,1,6,fact,Kelt Exploration (KEL): the English 2025 AIF mentions Trans Mountain/TMX; the source is Pipelines.,Kelt Exploration; KEL; English 2025 AIF; Trans Mountain; TMX,S6,filing,mosaic-finance.com,5,unattributed,,false,false,false,false,false,,none,,,unattributed,,false,false,false,5,false
20261007T062324951892Z-codex.archivist.BR09.r1-a1,archivist,breadth,BR09,1,7,fact,ARC Resources (ARX): the English 2025 AIF does not mention Trans Mountain/TMX.,ARC Resources; ARX; English 2025 AIF; Trans Mountain; TMX,S7,filing,mosaic-finance.com,5,unattributed,,false,false,false,false,false,,none,,,unattributed,,false,false,false,5,false
20261007T062324951892Z-codex.archivist.BR09.r1-a1,archivist,breadth,BR09,1,8,fact,Baytex Energy (BTE): the English 2025 AIF does not mention Trans Mountain/TMX.,Baytex Energy; BTE; English 2025 AIF; Trans Mountain; TMX,S8,filing,mosaic-finance.com,5,unattributed,,false,false,false,false,false,,none,,,unattributed,,false,false,false,5,false
20261007T062324951892Z-codex.archivist.BR09.r1-a1,archivist,breadth,BR09,1,9,fact,Parex Resources (PXT): the English 2025 AIF does not mention Trans Mountain/TMX.,Parex Resources; PXT; English 2025 AIF; Trans Mountain; TMX,S9,filing,mosaic-finance.com,5,unattributed,,false,false,false,false,false,,none,,,unattributed,,false,false,false,5,false
20261007T062324951892Z-codex.archivist.BR09.r1-a1,archivist,breadth,BR09,1,10,fact,Freehold Royalties (FRU): the English 2025 AIF does not mention Trans Mountain/TMX.,Freehold Royalties; FRU; English 2025 AIF; Trans Mountain; TMX,S10,filing,mosaic-finance.com,5,unattributed,,false,false,false,false,false,,none,,,unattributed,,false,false,false,5,false
20261007T062324951892Z-codex.archivist.BR09.r1-a1,archivist,breadth,BR09,1,11,fact,“No” means the filing search returned zero matches for both “Trans Mountain” and “TMX.”,zero; Trans Mountain; TMX,,,,3,unattributed,,false,false,false,false,false,,none,,,unattributed,,false,false,false,3,false
20261007T062344590351Z-codex.both.BR09.r1-a1,both,breadth,BR09,1,1,fact,"Canadian Natural Resources (CNQ), filed 2026-03-25: Yes, its English AIF for the year ended December 31, 2025 mentions Trans Mountain / TMX.","Canadian Natural Resources; CNQ; 2026-03-25; December 31, 2025; Trans Mountain; TMX",S1,filing,mosaic-finance.com,6,filing,filing,false,false,true,false,false,issuer; forum; aggregator; reference,none,,,filing,filing,true,true,true,1,false
20261007T062344590351Z-codex.both.BR09.r1-a1,both,breadth,BR09,1,2,fact,"Suncor Energy (SU), filed 2026-02-26: Yes, its English AIF for the year ended December 31, 2025 mentions Trans Mountain / TMX.","Suncor Energy; SU; 2026-02-26; December 31, 2025; Trans Mountain; TMX",S2,filing,mosaic-finance.com,6,filing,filing,false,false,true,false,false,issuer; forum; aggregator; reference,none,,,filing,filing,true,false,false,1,false
20261007T062344590351Z-codex.both.BR09.r1-a1,both,breadth,BR09,1,3,fact,"Cenovus Energy (CVE), filed 2026-02-19: Yes, its English AIF for the year ended December 31, 2025 mentions Trans Mountain / TMX.","Cenovus Energy; CVE; 2026-02-19; December 31, 2025; Trans Mountain; TMX",S3,filing,mosaic-finance.com,6,filing,filing,false,false,true,false,false,issuer; forum; aggregator; reference,none,,,filing,filing,true,true,true,1,false
20261007T062344590351Z-codex.both.BR09.r1-a1,both,breadth,BR09,1,4,fact,"Tourmaline Oil (TOU), filed 2026-03-04: Yes, its English AIF for the year ended December 31, 2025 mentions Trans Mountain / TMX.","Tourmaline Oil; TOU; 2026-03-04; December 31, 2025; Trans Mountain; TMX",S4,filing,mosaic-finance.com,5,filing,filing,false,false,true,false,false,issuer; forum; aggregator; reference,none,,,filing,filing,true,false,false,5,false
20261007T062344590351Z-codex.both.BR09.r1-a1,both,breadth,BR09,1,5,fact,"Strathcona Resources (SCR), filed 2026-03-11: Yes, its English AIF for the year ended December 31, 2025 mentions Trans Mountain / TMX.","Strathcona Resources; SCR; 2026-03-11; December 31, 2025; Trans Mountain; TMX",S5,filing,mosaic-finance.com,6,filing,filing,false,false,true,false,false,issuer; forum; aggregator; reference,none,,,filing,filing,true,true,true,1,false
20261007T062344590351Z-codex.both.BR09.r1-a1,both,breadth,BR09,1,6,fact,"Kelt Exploration (KEL), filed 2026-03-12: Yes, its English AIF for the year ended December 31, 2025 mentions Trans Mountain / TMX.","Kelt Exploration; KEL; 2026-03-12; December 31, 2025; Trans Mountain; TMX",S6,filing,mosaic-finance.com,6,filing,filing,false,false,true,false,false,issuer; forum; aggregator; reference,none,,,filing,filing,true,true,true,1,false
20261007T062344590351Z-codex.both.BR09.r1-a1,both,breadth,BR09,1,7,fact,"ARC Resources (ARX), filed 2026-03-05: No, neither “Trans Mountain” nor “TMX” was found in its English AIF filing text for the year ended December 31, 2025.","ARC Resources; ARX; 2026-03-05; December 31, 2025; Trans Mountain; TMX",S7,filing,mosaic-finance.com,5,filing,filing,false,false,true,false,false,issuer; forum; aggregator; reference,none,,,filing,filing,true,false,false,5,false
20261007T062344590351Z-codex.both.BR09.r1-a1,both,breadth,BR09,1,8,fact,"Baytex Energy (BTE), filed 2026-03-04: No, neither “Trans Mountain” nor “TMX” was found in its English AIF filing text for the year ended December 31, 2025.","Baytex Energy; BTE; 2026-03-04; December 31, 2025; Trans Mountain; TMX",S8,filing,mosaic-finance.com,5,filing,filing,false,false,true,false,false,issuer; forum; aggregator; reference,none,,,filing,filing,true,false,false,5,false
20261007T062344590351Z-codex.both.BR09.r1-a1,both,breadth,BR09,1,9,fact,"Parex Resources (PXT), filed 2026-03-04: No, neither “Trans Mountain” nor “TMX” was found in its English AIF filing text for the year ended December 31, 2025.","Parex Resources; PXT; 2026-03-04; December 31, 2025; Trans Mountain; TMX",S9,filing,mosaic-finance.com,5,filing,filing,false,false,true,false,false,issuer; forum; aggregator; reference,none,,,filing,filing,true,false,false,5,false
20261007T062344590351Z-codex.both.BR09.r1-a1,both,breadth,BR09,1,10,fact,"Freehold Royalties (FRU), filed 2026-03-11: No, neither “Trans Mountain” nor “TMX” was found in its English AIF filing text for the year ended December 31, 2025.","Freehold Royalties; FRU; 2026-03-11; December 31, 2025; Trans Mountain; TMX",S10,filing,mosaic-finance.com,6,filing,filing,false,false,true,false,false,issuer; forum; aggregator; reference,none,,,filing,filing,true,true,true,1,false
20261007T062423600850Z-codex.web.BR10.r1-a1,web,breadth,BR10,1,1,fact,"Duke Energy Corporation (DUK): Yes, its 2025 Form 10-K covering the fiscal year ended December 31, 2025 mentions small modular reactors.","Duke Energy Corporation; DUK; 2025 Form 10-K; December 31, 2025",S1,filing,filing-source,4,secondary,issuer,false,false,false,true,false,issuer; forum; aggregator; news; reference; other,none,,,secondary,issuer,false,true,false,4,false
20261007T062423600850Z-codex.web.BR10.r1-a1,web,breadth,BR10,1,2,fact,"Dominion Energy, Inc. (D): Yes, its 2025 Form 10-K covering the fiscal year ended December 31, 2025 mentions small modular reactors.","Dominion Energy, Inc.; D; 2025 Form 10-K; December 31, 2025",S2,issuer,s2.q4cdn.com,3,secondary,issuer,false,true,false,true,false,issuer; aggregator; news,none,,,secondary,issuer,false,true,false,3,false
20261007T062423600850Z-codex.web.BR10.r1-a1,web,breadth,BR10,1,3,fact,"American Electric Power Company, Inc. (AEP): Yes, its 2025 Form 10-K covering the fiscal year ended December 31, 2025 mentions small modular reactors.","American Electric Power Company, Inc.; AEP; 2025 Form 10-K; December 31, 2025",S3,issuer,docs.aep.com,4,secondary,issuer,false,true,false,false,false,issuer; aggregator; news; other,none,,,secondary,issuer,false,false,false,4,false
20261007T062423600850Z-codex.web.BR10.r1-a1,web,breadth,BR10,1,4,fact,"Edison International (EIX): Yes, its 2025 Form 10-K covering the fiscal year ended December 31, 2025 mentions small modular reactors.","Edison International; EIX; 2025 Form 10-K; December 31, 2025",S4,filing,filing-source,4,secondary,issuer,false,false,false,true,false,issuer; forum; aggregator; news; reference,none,,,secondary,issuer,false,true,false,4,false
20261007T062423600850Z-codex.web.BR10.r1-a1,web,breadth,BR10,1,5,fact,"Pinnacle West Capital Corporation (PNW): Yes, its 2025 Form 10-K covering the fiscal year ended December 31, 2025 mentions small modular reactors.","Pinnacle West Capital Corporation; PNW; 2025 Form 10-K; December 31, 2025",S5,issuer,s22.q4cdn.com,4,secondary,issuer,false,true,false,true,false,issuer; aggregator; news; other,none,,,secondary,issuer,false,true,false,4,false
20261007T062423600850Z-codex.web.BR10.r1-a1,web,breadth,BR10,1,6,fact,"The Southern Company (SO): No mention of small modular reactors found in its 2025 Form 10-K covering the fiscal year ended December 31, 2025, including searches for “modular” and “SMR.”","The Southern Company; SO; 2025 Form 10-K; December 31, 2025",S6,filing,filing-source,4,secondary,issuer,false,false,false,true,false,issuer; forum; aggregator; news; reference; other,none,,,secondary,issuer,false,true,false,4,false
20261007T062423600850Z-codex.web.BR10.r1-a1,web,breadth,BR10,1,7,fact,"NextEra Energy, Inc. (NEE): No mention of small modular reactors found in its 2025 Form 10-K covering the fiscal year ended December 31, 2025, including searches for “modular” and “SMR.”","NextEra Energy, Inc.; NEE; 2025 Form 10-K; December 31, 2025",S7,filing,filing-source,4,secondary,issuer,false,false,false,true,false,issuer; forum; aggregator; news; reference; other,none,,,secondary,issuer,false,true,false,4,false
20261007T062423600850Z-codex.web.BR10.r1-a1,web,breadth,BR10,1,8,fact,"Exelon Corporation (EXC): No mention of small modular reactors found in its 2025 Form 10-K covering the fiscal year ended December 31, 2025, including searches for “modular” and “SMR.”","Exelon Corporation; EXC; 2025 Form 10-K; December 31, 2025",S8,filing,filing-source,4,secondary,issuer,false,false,false,true,false,issuer; aggregator; news; reference,none,,,secondary,issuer,false,true,false,4,false
20261007T062423600850Z-codex.web.BR10.r1-a1,web,breadth,BR10,1,9,fact,"Xcel Energy Inc. (XEL): No mention of small modular reactors found in its 2025 Form 10-K covering the fiscal year ended December 31, 2025, including searches for “modular” and “SMR.”","Xcel Energy Inc.; XEL; 2025 Form 10-K; December 31, 2025",S9,filing,filing-source,4,secondary,issuer,false,false,false,true,false,issuer; forum; aggregator; news; reference,none,,,secondary,issuer,false,true,false,4,false
20261007T062423600850Z-codex.web.BR10.r1-a1,web,breadth,BR10,1,10,fact,"PG&E Corporation (PCG): No mention of small modular reactors found in its 2025 Form 10-K covering the fiscal year ended December 31, 2025, including searches for “modular” and “SMR.”","PG&E Corporation; PCG; 2025 Form 10-K; December 31, 2025",S10,filing,filing-source,4,secondary,issuer,false,false,false,false,false,issuer; aggregator; news; reference,none,,,secondary,issuer,false,false,false,4,false
20261007T062436099136Z-codex.archivist.BR10.r1-a1,archivist,breadth,BR10,1,1,fact,"For the specified Form 10-K filings, each covering the fiscal year ended December 31, 2025.","December 31, 2025",,,,1,filing,filing,false,false,true,false,false,,none,,,filing,filing,true,false,false,1,false
20261007T062436099136Z-codex.archivist.BR10.r1-a1,archivist,breadth,BR10,1,2,fact,Duke Energy (DUK) mentions small modular nuclear reactors: Yes.,Duke Energy; DUK,S1,filing,mosaic-finance.com,2,filing,filing,false,false,true,false,false,,none,,,filing,filing,true,false,false,2,false
20261007T062436099136Z-codex.archivist.BR10.r1-a1,archivist,breadth,BR10,1,3,fact,Dominion Energy (D) mentions small modular nuclear reactors: Yes.,Dominion Energy; D,S2,filing,mosaic-finance.com,1,filing,filing,false,false,true,false,false,,none,,,filing,filing,true,false,false,1,false
20261007T062436099136Z-codex.archivist.BR10.r1-a1,archivist,breadth,BR10,1,4,fact,American Electric Power (AEP) mentions small modular nuclear reactors: Yes.,American Electric Power; AEP,S3,filing,mosaic-finance.com,2,filing,filing,false,false,true,false,false,,none,,,filing,filing,true,false,false,2,false
20261007T062436099136Z-codex.archivist.BR10.r1-a1,archivist,breadth,BR10,1,5,fact,Edison International (EIX) mentions small modular nuclear reactors: Yes.,Edison International; EIX,S4,filing,mosaic-finance.com,2,filing,filing,false,false,true,false,false,,none,,,filing,filing,true,false,false,2,false
20261007T062436099136Z-codex.archivist.BR10.r1-a1,archivist,breadth,BR10,1,6,fact,Pinnacle West Capital (PNW) mentions small modular nuclear reactors: Yes.,Pinnacle West Capital; PNW,S5,filing,mosaic-finance.com,2,filing,filing,false,false,true,false,false,,none,,,filing,filing,true,false,false,2,false
20261007T062436099136Z-codex.archivist.BR10.r1-a1,archivist,breadth,BR10,1,7,fact,Southern Company (SO) mentions small modular nuclear reactors: No.,Southern Company; SO,S6,filing,mosaic-finance.com,2,filing,filing,false,false,true,false,false,,none,,,filing,filing,true,false,false,2,false
20261007T062436099136Z-codex.archivist.BR10.r1-a1,archivist,breadth,BR10,1,8,fact,NextEra Energy (NEE) mentions small modular nuclear reactors: No.,NextEra Energy; NEE,S7,filing,mosaic-finance.com,2,filing,filing,false,false,true,false,false,,none,,,filing,filing,true,false,false,2,false
20261007T062436099136Z-codex.archivist.BR10.r1-a1,archivist,breadth,BR10,1,9,fact,Exelon (EXC) mentions small modular nuclear reactors: No.,Exelon; EXC,S8,filing,mosaic-finance.com,2,filing,filing,false,false,true,false,false,,none,,,filing,filing,true,false,false,2,false
20261007T062436099136Z-codex.archivist.BR10.r1-a1,archivist,breadth,BR10,1,10,fact,Xcel Energy (XEL) mentions small modular nuclear reactors: No.,Xcel Energy; XEL,S9,filing,mosaic-finance.com,2,filing,filing,false,false,true,false,false,,none,,,filing,filing,true,false,false,2,false
20261007T062436099136Z-codex.archivist.BR10.r1-a1,archivist,breadth,BR10,1,11,fact,PG&E Corporation (PCG) mentions small modular nuclear reactors: No.,PG&E Corporation; PCG,S10,filing,mosaic-finance.com,2,unattributed,,false,false,false,false,false,,none,,,unattributed,,false,false,false,2,false
20261007T062436099136Z-codex.archivist.BR10.r1-a1,archivist,breadth,BR10,1,12,fact,“Yes” links point to explicit mentions.,,,,,0,unattributed,,true,false,false,false,false,,none,,,unattributed,,false,false,false,0,true
20261007T062436099136Z-codex.archivist.BR10.r1-a1,archivist,breadth,BR10,1,13,fact,“No” reflects filing searches returning no matches for “modular” or “SMR.”,,,,,0,unattributed,,true,false,false,false,false,,none,,,unattributed,,false,false,false,0,true
20261007T062538505628Z-codex.both.BR10.r1-a1,both,breadth,BR10,1,1,fact,"Duke Energy (DUK) mentions small modular nuclear reactors in its filing for the fiscal year ended December 31, 2025.","Duke Energy; DUK; December 31, 2025",S1,filing,mosaic-finance.com,3,filing,filing,false,false,true,false,false,,none,,,filing,filing,true,false,false,3,false
20261007T062538505628Z-codex.both.BR10.r1-a1,both,breadth,BR10,1,2,fact,"Dominion Energy (D) mentions small modular nuclear reactors in its filing for the fiscal year ended December 31, 2025.","Dominion Energy; D; December 31, 2025",S2,filing,mosaic-finance.com,2,filing,filing,false,false,true,false,false,,none,,,filing,filing,true,false,false,2,false
20261007T062538505628Z-codex.both.BR10.r1-a1,both,breadth,BR10,1,3,fact,"American Electric Power (AEP) mentions small modular nuclear reactors in its filing for the fiscal year ended December 31, 2025.","American Electric Power; AEP; December 31, 2025",S3,filing,mosaic-finance.com,3,filing,filing,false,false,true,false,false,,none,,,filing,filing,true,false,false,3,false
20261007T062538505628Z-codex.both.BR10.r1-a1,both,breadth,BR10,1,4,fact,"Edison International (EIX) mentions small modular nuclear reactors in its filing for the fiscal year ended December 31, 2025.","Edison International; EIX; December 31, 2025",S4,filing,mosaic-finance.com,3,filing,filing,false,false,true,false,false,,none,,,filing,filing,true,false,false,3,false
20261007T062538505628Z-codex.both.BR10.r1-a1,both,breadth,BR10,1,5,fact,"Pinnacle West Capital (PNW) mentions small modular nuclear reactors in its filing for the fiscal year ended December 31, 2025.","Pinnacle West Capital; PNW; December 31, 2025",S5,filing,mosaic-finance.com,3,filing,filing,false,false,true,false,false,,none,,,filing,filing,true,false,false,3,false
20261007T062538505628Z-codex.both.BR10.r1-a1,both,breadth,BR10,1,6,fact,"Southern Company (SO): No mentions of small modular nuclear reactors; no matches for “small modular,” “modular,” or “SMR” in the filing for the fiscal year ended December 31, 2025.","Southern Company; SO; December 31, 2025",S6,filing,mosaic-finance.com,3,filing,filing,false,false,true,false,false,,none,,,filing,filing,true,false,false,3,false
20261007T062538505628Z-codex.both.BR10.r1-a1,both,breadth,BR10,1,7,fact,"NextEra Energy (NEE): No mentions of small modular nuclear reactors; no matches for “small modular,” “modular,” or “SMR” in the filing for the fiscal year ended December 31, 2025.","NextEra Energy; NEE; December 31, 2025",S7,filing,mosaic-finance.com,3,filing,filing,false,false,true,false,false,,none,,,filing,filing,true,false,false,3,false
20261007T062538505628Z-codex.both.BR10.r1-a1,both,breadth,BR10,1,8,fact,"Exelon (EXC): No mentions of small modular nuclear reactors; no matches for “small modular,” “modular,” or “SMR” in the filing for the fiscal year ended December 31, 2025.","Exelon; EXC; December 31, 2025",S8,filing,mosaic-finance.com,3,filing,filing,false,false,true,false,false,,none,,,filing,filing,true,false,false,3,false
20261007T062538505628Z-codex.both.BR10.r1-a1,both,breadth,BR10,1,9,fact,"Xcel Energy (XEL): No mentions of small modular nuclear reactors; no matches for “small modular,” “modular,” or “SMR” in the filing for the fiscal year ended December 31, 2025.","Xcel Energy; XEL; December 31, 2025",S9,filing,mosaic-finance.com,3,filing,filing,false,false,true,false,false,,none,,,filing,filing,true,false,false,3,false
20261007T062538505628Z-codex.both.BR10.r1-a1,both,breadth,BR10,1,10,fact,"PG&E Corporation (PCG): No mentions of small modular nuclear reactors; no matches for “small modular,” “modular,” or “SMR” in the filing for the fiscal year ended December 31, 2025.","PG&E Corporation; PCG; December 31, 2025",S10,filing,mosaic-finance.com,3,unattributed,,false,false,false,false,false,,none,,,unattributed,,false,false,false,3,false
20261007T062605945843Z-codex.web.BR06.r2-a1,web,breadth,BR06,2,1,fact,Sources link to English AIF copies hosted by the companies or SEC.,SEC,,,,1,filing,filing,false,false,true,true,false,issuer; forum,none,,,filing,filing,true,true,false,1,false
20261007T062605945843Z-codex.web.BR06.r2-a1,web,breadth,BR06,2,2,fact,"Loblaw (L): Approximately 220,000; January 3, 2026; full-time and part-time, including subsidiaries, franchisees and Associates.","Loblaw; L; 220,000; January 3, 2026",S1,issuer,dis-prod.assetful.loblaw.ca,3,secondary,issuer,false,true,false,true,false,issuer; forum,none,,,secondary,issuer,false,true,false,1,false
20261007T062605945843Z-codex.web.BR06.r2-a1,web,breadth,BR06,2,3,fact,"Metro (MRU): Approximately 46,721; September 27, 2025; people employed directly.","Metro; MRU; 46,721; September 27, 2025",S2,issuer,corpo.metro.ca,4,secondary,issuer,false,true,false,true,false,issuer,none,,,secondary,issuer,false,true,false,1,false
20261007T062605945843Z-codex.web.BR06.r2-a1,web,breadth,BR06,2,4,fact,"Nutrien (NTR): Approximately 25,100; December 31, 2025.","Nutrien; NTR; 25,100; December 31, 2025",S3,filing,filing-source,4,filing,filing,false,false,true,false,false,issuer; aggregator; reference,none,,,filing,filing,true,false,false,1,false
20261007T062605945843Z-codex.web.BR06.r2-a1,web,breadth,BR06,2,5,fact,"BCE (BCE): 38,683; December 31, 2025; total.","BCE; 38,683; December 31, 2025",S4,filing,filing-source,3,filing,filing,false,false,true,true,false,issuer; aggregator; reference,none,,,filing,filing,true,true,false,1,false
20261007T062605945843Z-codex.web.BR06.r2-a1,web,breadth,BR06,2,6,fact,"TFI International (TFII): Approximately 24,900; December 31, 2025; across Canada and the United States.","TFI International; TFII; 24,900; December 31, 2025; Canada; United States",S5,issuer,tfiintl.com,6,secondary,issuer,false,true,false,false,false,issuer; aggregator; reference,none,,,secondary,issuer,false,true,false,1,false
20261007T062605945843Z-codex.web.BR06.r2-a1,web,breadth,BR06,2,7,fact,"Thomson Reuters (TRI): Approximately 27,100; December 31, 2025; total.","Thomson Reuters; TRI; 27,100; December 31, 2025",S6,filing,filing-source,4,filing,filing,false,false,true,true,false,issuer; forum; aggregator; reference,none,,,filing,filing,true,true,false,1,false
20261007T062605945843Z-codex.web.BR06.r2-a1,web,breadth,BR06,2,8,fact,Thomson Reuters (TRI): Annual Report constituting its AIF.,Thomson Reuters; TRI,S6,filing,filing-source,2,filing,filing,false,false,true,true,false,issuer; forum; aggregator; reference,none,,,filing,filing,true,true,false,2,false
20261007T062605945843Z-codex.web.BR06.r2-a1,web,breadth,BR06,2,9,fact,"Magna (MG): Approximately 156,000; Includes approximately 144,000 at wholly owned or controlled entities and 12,000 at equity-accounted operations.","Magna; MG; 156,000; 144,000; 12,000",S7,filing,filing-source,5,filing,filing,false,false,true,false,false,issuer,none,,,filing,filing,true,false,false,3,false
20261007T062605945843Z-codex.web.BR06.r2-a1,web,breadth,BR06,2,10,fact,"CAE (CAE): Approximately 11,500; Reported in the AIF for the fiscal year ended March 31, 2026.","CAE; 11,500; March 31, 2026",S8,filing,filing-source,3,filing,filing,false,false,true,false,false,,none,,,filing,filing,true,false,false,1,false
20261007T062623031229Z-codex.archivist.BR06.r2-a1,archivist,breadth,BR06,2,1,fact,"Loblaw (L): Approximately 220,000 employees at 2026-01-03; full- and part-time, through subsidiaries, franchisees and Associates; English AIF filing date 2026-02-25.","Loblaw; L; 220,000; 2026-01-03; Associates; 2026-02-25",S1,filing,mosaic-finance.com,4,filing,filing,false,false,true,false,false,,none,,,filing,filing,true,false,false,2,false
20261007T062623031229Z-codex.archivist.BR06.r2-a1,archivist,breadth,BR06,2,2,fact,"Metro (MRU): Approximately 46,721 people employed directly as of 2025-09-27; English AIF filing date 2025-12-12.","Metro; MRU; 46,721; 2025-09-27; 2025-12-12",S2,filing,mosaic-finance.com,6,filing,filing,false,false,true,false,false,,none,,,filing,filing,true,false,false,4,false
20261007T062623031229Z-codex.archivist.BR06.r2-a1,archivist,breadth,BR06,2,3,fact,"Nutrien (NTR): Approximately 25,100 employees at 2025-12-31; English AIF filing date 2026-02-27.","Nutrien; NTR; 25,100; 2025-12-31; 2026-02-27",S3,filing,mosaic-finance.com,6,filing,filing,false,false,true,false,false,,none,,,filing,filing,true,false,false,4,false
20261007T062623031229Z-codex.archivist.BR06.r2-a1,archivist,breadth,BR06,2,4,fact,"BCE (BCE): 38,683 employees at 2025-12-31; total; English AIF filing date 2026-03-06.","BCE; 38,683; 2025-12-31; 2026-03-06",S4,filing,mosaic-finance.com,4,filing,filing,false,false,true,false,false,,none,,,filing,filing,true,false,false,3,false
20261007T062623031229Z-codex.archivist.BR06.r2-a1,archivist,breadth,BR06,2,5,fact,"TFI International (TFII): Approximately 24,900 employees at 2025-12-31; English AIF filing date 2026-02-17.","TFI International; TFII; 24,900; 2025-12-31; 2026-02-17",S5,filing,mosaic-finance.com,6,filing,filing,false,false,true,false,false,,none,,,filing,filing,true,false,false,4,false
20261007T062623031229Z-codex.archivist.BR06.r2-a1,archivist,breadth,BR06,2,6,fact,"Thomson Reuters (TRI): Approximately 27,100 employees at 2025-12-31; total; English AIF filing date 2026-03-05.","Thomson Reuters; TRI; 27,100; 2025-12-31; 2026-03-05",S6,filing,mosaic-finance.com,5,filing,filing,false,false,true,false,false,,none,,,filing,filing,true,false,false,3,false
20261007T062623031229Z-codex.archivist.BR06.r2-a1,archivist,breadth,BR06,2,7,fact,"Magna (MG): Approximately 156,000 employees; includes approximately 144,000 at wholly owned/controlled entities and 12,000 at equity-accounted operations; English AIF filing date 2026-03-27.","Magna; MG; 156,000; 144,000; 12,000; 2026-03-27",S7,filing,mosaic-finance.com,6,filing,filing,false,false,true,false,false,,none,,,filing,filing,true,false,false,4,false
20261007T062623031229Z-codex.archivist.BR06.r2-a1,archivist,breadth,BR06,2,8,fact,"CAE (CAE): Approximately 11,500 employees; English AIF for fiscal year ended 2026-03-31; AIF filing date 2026-06-19.","CAE; 11,500; 2026-03-31; 2026-06-19",S8,filing,mosaic-finance.com,4,filing,filing,false,false,true,false,false,,none,,,filing,filing,true,false,false,3,false
20261007T062650440065Z-codex.both.BR06.r2-a1,both,breadth,BR06,2,1,fact,"Loblaw (L): Approximately 220,000; 2026-01-03; full- and part-time, including subsidiaries, franchisees and Associates.","Loblaw; L; 220,000; 2026-01-03",S1,filing,mosaic-finance.com,2,filing,filing,false,false,true,false,false,,none,,,filing,filing,true,false,false,1,false
20261007T062650440065Z-codex.both.BR06.r2-a1,both,breadth,BR06,2,2,fact,"Metro (MRU): Approximately 46,721; 2025-09-27; people employed directly.","Metro; MRU; 46,721; 2025-09-27",S2,filing,mosaic-finance.com,4,filing,filing,false,false,true,false,false,,none,,,filing,filing,true,false,false,2,false
20261007T062650440065Z-codex.both.BR06.r2-a1,both,breadth,BR06,2,3,fact,"Nutrien (NTR): Approximately 25,100; 2025-12-31.","Nutrien; NTR; 25,100; 2025-12-31",S3,filing,mosaic-finance.com,5,filing,filing,false,false,true,false,false,,none,,,filing,filing,true,false,false,3,false
20261007T062650440065Z-codex.both.BR06.r2-a1,both,breadth,BR06,2,4,fact,"BCE (BCE): 38,683; 2025-12-31; total.","BCE; 38,683; 2025-12-31",S4,filing,mosaic-finance.com,4,filing,filing,false,false,true,false,false,,none,,,filing,filing,true,false,false,3,false
20261007T062650440065Z-codex.both.BR06.r2-a1,both,breadth,BR06,2,5,fact,"TFI International (TFII): Approximately 24,900; 2025-12-31.","TFI International; TFII; 24,900; 2025-12-31",S5,filing,mosaic-finance.com,5,filing,filing,false,false,true,false,false,,none,,,filing,filing,true,false,false,3,false
20261007T062650440065Z-codex.both.BR06.r2-a1,both,breadth,BR06,2,6,fact,"Thomson Reuters (TRI): Approximately 27,100; 2025-12-31; total.","Thomson Reuters; TRI; 27,100; 2025-12-31",S6,filing,mosaic-finance.com,5,filing,filing,false,false,true,false,false,,none,,,filing,filing,true,false,false,3,false
20261007T062650440065Z-codex.both.BR06.r2-a1,both,breadth,BR06,2,7,fact,"Magna (MG): Approximately 156,000; Includes approximately 144,000 at wholly owned/controlled entities and 12,000 at equity-accounted operations.","Magna; MG; 156,000; 144,000; 12,000",S7,filing,mosaic-finance.com,5,filing,filing,false,false,true,false,false,,none,,,filing,filing,true,false,false,3,false
20261007T062650440065Z-codex.both.BR06.r2-a1,both,breadth,BR06,2,8,fact,"CAE (CAE): Approximately 11,500; AIF for fiscal year ended 2026-03-31.","CAE; 11,500; 2026-03-31",S8,filing,mosaic-finance.com,3,filing,filing,false,false,true,false,false,,none,,,filing,filing,true,false,false,2,false
20261007T062711223268Z-codex.web.BR07.r2-a1,web,breadth,BR07,2,1,fact,"For fiscal year 2026, TUPRS selected Güney Bağımsız Denetim ve Serbest Muhasebeci Mali Müşavirlik A.Ş.; general assembly date: 2026-03-11; disclosure: KAP, 11 March.",fiscal year 2026; TUPRS; Güney Bağımsız Denetim ve Serbest Muhasebeci Mali Müşavirlik A.Ş.; 2026-03-11; KAP; 11 March,S1,filing,filing-source,6,secondary,aggregator,false,false,false,false,false,aggregator; other,none,,,filing,filing,true,true,false,1,false
20261007T062711223268Z-codex.web.BR07.r2-a1,web,breadth,BR07,2,2,fact,"For fiscal year 2026, HALKB selected KPMG Bağımsız Denetim ve Serbest Muhasebeci Mali Müşavirlik A.Ş.; general assembly date: 2026-04-09; disclosure: KAP, 21 April.",fiscal year 2026; HALKB; KPMG Bağımsız Denetim ve Serbest Muhasebeci Mali Müşavirlik A.Ş.; 2026-04-09; KAP; 21 April,S2,filing,filing-source,5,secondary,aggregator,false,false,false,false,false,aggregator; other,none,,,secondary,aggregator,false,false,false,5,false
20261007T062711223268Z-codex.web.BR07.r2-a1,web,breadth,BR07,2,3,fact,"For fiscal year 2026, GARAN selected Güney Bağımsız Denetim ve Serbest Muhasebeci Mali Müşavirlik A.Ş. (EY); general assembly date: 2026-03-31; disclosure: KAP, 2 April.",fiscal year 2026; GARAN; Güney Bağımsız Denetim ve Serbest Muhasebeci Mali Müşavirlik A.Ş.; EY; 2026-03-31; KAP; 2 April,S3,filing,filing-source,7,secondary,aggregator,false,false,false,false,false,aggregator; other,none,,,filing,filing,true,true,false,1,false
20261007T062711223268Z-codex.web.BR07.r2-a1,web,breadth,BR07,2,4,fact,"For fiscal year 2026, TOASO selected DRT Bağımsız Denetim ve Serbest Muhasebeci Mali Müşavirlik A.Ş.; general assembly date: 2026-03-16; disclosure: KAP, 16 March.",fiscal year 2026; TOASO; DRT Bağımsız Denetim ve Serbest Muhasebeci Mali Müşavirlik A.Ş.; 2026-03-16; KAP; 16 March,S4,filing,filing-source,6,secondary,aggregator,false,false,false,false,false,aggregator; other,none,,,filing,filing,true,true,false,1,false
20261007T062711223268Z-codex.web.BR07.r2-a1,web,breadth,BR07,2,5,fact,"For fiscal year 2026, DOAS selected KPMG Bağımsız Denetim ve Serbest Muhasebeci Mali Müşavirlik A.Ş.; general assembly date: 2026-03-26; disclosure: KAP, 31 March.",fiscal year 2026; DOAS; KPMG Bağımsız Denetim ve Serbest Muhasebeci Mali Müşavirlik A.Ş.; 2026-03-26; KAP; 31 March,S5,filing,filing-source,6,secondary,aggregator,false,false,false,false,false,aggregator; other,none,,,filing,filing,true,true,false,1,false
20261007T062711223268Z-codex.web.BR07.r2-a1,web,breadth,BR07,2,6,fact,"For fiscal year 2026, SISE selected PwC Bağımsız Denetim ve Serbest Muhasebeci Mali Müşavirlik A.Ş.; general assembly date: 2026-03-27; disclosure: KAP, 27 March.",fiscal year 2026; SISE; PwC Bağımsız Denetim ve Serbest Muhasebeci Mali Müşavirlik A.Ş.; 2026-03-27; KAP; 27 March,S6,filing,filing-source,6,secondary,aggregator,false,false,false,false,false,aggregator; other,none,,,filing,filing,true,true,false,1,false
20261007T062711223268Z-codex.web.BR07.r2-a1,web,breadth,BR07,2,7,fact,"For fiscal year 2026, SAHOL selected DRT Bağımsız Denetim ve Serbest Muhasebeci Mali Müşavirlik A.Ş.; general assembly date: 2026-03-31; disclosure: KAP, 31 March.",fiscal year 2026; SAHOL; DRT Bağımsız Denetim ve Serbest Muhasebeci Mali Müşavirlik A.Ş.; 2026-03-31; KAP; 31 March,S7,filing,filing-source,6,secondary,aggregator,false,false,false,false,false,aggregator; other,none,,,filing,filing,true,true,false,1,false
20261007T062711223268Z-codex.web.BR07.r2-a1,web,breadth,BR07,2,8,fact,"For fiscal year 2026, TTKOM selected Güney Bağımsız Denetim ve Serbest Muhasebeci Mali Müşavirlik A.Ş. (Ernst & Young); general assembly date: 2026-04-09; disclosure: KAP, 9 April.",fiscal year 2026; TTKOM; Güney Bağımsız Denetim ve Serbest Muhasebeci Mali Müşavirlik A.Ş.; Ernst & Young; 2026-04-09; KAP; 9 April,S8,filing,filing-source,6,secondary,aggregator,false,false,false,false,false,aggregator; other,none,,,secondary,aggregator,false,false,false,6,false
20261007T062802879229Z-codex.archivist.BR07.r2-a1,archivist,breadth,BR07,2,1,fact,TUPRS selected Güney Bağımsız Denetim ve Serbest Muhasebeci Mali Müşavirlik A.Ş. for fiscal year 2026.,TUPRS; Güney Bağımsız Denetim ve Serbest Muhasebeci Mali Müşavirlik A.Ş.; fiscal year 2026,S1,filing,mosaic-finance.com,3,unattributed,,false,false,false,false,false,,none,,,unattributed,,false,false,false,3,false
20261007T062802879229Z-codex.archivist.BR07.r2-a1,archivist,breadth,BR07,2,2,fact,TUPRS general assembly date: 11 March 2026.,TUPRS; 11 March 2026,S1,filing,mosaic-finance.com,2,unattributed,,false,false,false,false,false,,none,,,unattributed,,false,false,false,2,false
20261007T062802879229Z-codex.archivist.BR07.r2-a1,archivist,breadth,BR07,2,3,fact,TUPRS disclosure filed: 11 March 2026.,TUPRS; 11 March 2026,S1,filing,mosaic-finance.com,2,unattributed,,false,false,false,false,false,,none,,,unattributed,,false,false,false,2,false
20261007T062802879229Z-codex.archivist.BR07.r2-a1,archivist,breadth,BR07,2,4,fact,HALKB selected KPMG Bağımsız Denetim ve Serbest Muhasebeci Mali Müşavirlik A.Ş. for fiscal year 2026.,HALKB; KPMG Bağımsız Denetim ve Serbest Muhasebeci Mali Müşavirlik A.Ş.; fiscal year 2026,S2,filing,mosaic-finance.com,3,unattributed,,false,false,false,false,false,,none,,,unattributed,,false,false,false,3,false
20261007T062802879229Z-codex.archivist.BR07.r2-a1,archivist,breadth,BR07,2,5,fact,HALKB general assembly date: 9 April 2026.,HALKB; 9 April 2026,S2,filing,mosaic-finance.com,2,unattributed,,false,false,false,false,false,,none,,,unattributed,,false,false,false,2,false
20261007T062802879229Z-codex.archivist.BR07.r2-a1,archivist,breadth,BR07,2,6,fact,HALKB disclosure filed: 21 April 2026.,HALKB; 21 April 2026,S2,filing,mosaic-finance.com,2,unattributed,,false,false,false,false,false,,none,,,unattributed,,false,false,false,2,false
20261007T062802879229Z-codex.archivist.BR07.r2-a1,archivist,breadth,BR07,2,7,fact,GARAN selected Güney Bağımsız Denetim ve Serbest Muhasebeci Mali Müşavirlik A.Ş. (EY) for fiscal year 2026.,GARAN; Güney Bağımsız Denetim ve Serbest Muhasebeci Mali Müşavirlik A.Ş.; EY; fiscal year 2026,S3,filing,mosaic-finance.com,4,unattributed,,false,false,false,false,false,,none,,,unattributed,,false,false,false,4,false
20261007T062802879229Z-codex.archivist.BR07.r2-a1,archivist,breadth,BR07,2,8,fact,GARAN general assembly date: 31 March 2026.,GARAN; 31 March 2026,S3,filing,mosaic-finance.com,2,unattributed,,false,false,false,false,false,,none,,,unattributed,,false,false,false,2,false
20261007T062802879229Z-codex.archivist.BR07.r2-a1,archivist,breadth,BR07,2,9,fact,GARAN disclosure filed: 2 April 2026.,GARAN; 2 April 2026,S3,filing,mosaic-finance.com,2,unattributed,,false,false,false,false,false,,none,,,unattributed,,false,false,false,2,false
20261007T062802879229Z-codex.archivist.BR07.r2-a1,archivist,breadth,BR07,2,10,fact,TOASO selected DRT Bağımsız Denetim ve Serbest Muhasebeci Mali Müşavirlik A.Ş. for fiscal year 2026.,TOASO; DRT Bağımsız Denetim ve Serbest Muhasebeci Mali Müşavirlik A.Ş.; fiscal year 2026,S4,filing,mosaic-finance.com,3,unattributed,,false,false,false,false,false,,none,,,unattributed,,false,false,false,3,false
20261007T062802879229Z-codex.archivist.BR07.r2-a1,archivist,breadth,BR07,2,11,fact,TOASO general assembly date: 16 March 2026.,TOASO; 16 March 2026,S4,filing,mosaic-finance.com,2,unattributed,,false,false,false,false,false,,none,,,unattributed,,false,false,false,2,false
20261007T062802879229Z-codex.archivist.BR07.r2-a1,archivist,breadth,BR07,2,12,fact,TOASO disclosure filed: 16 March 2026.,TOASO; 16 March 2026,S4,filing,mosaic-finance.com,2,unattributed,,false,false,false,false,false,,none,,,unattributed,,false,false,false,2,false
20261007T062802879229Z-codex.archivist.BR07.r2-a1,archivist,breadth,BR07,2,13,fact,DOAS selected KPMG Bağımsız Denetim ve Serbest Muhasebeci Mali Müşavirlik A.Ş. for fiscal year 2026.,DOAS; KPMG Bağımsız Denetim ve Serbest Muhasebeci Mali Müşavirlik A.Ş.; fiscal year 2026,S5,filing,mosaic-finance.com,3,unattributed,,false,false,false,false,false,,none,,,unattributed,,false,false,false,3,false
20261007T062802879229Z-codex.archivist.BR07.r2-a1,archivist,breadth,BR07,2,14,fact,DOAS general assembly date: 26 March 2026.,DOAS; 26 March 2026,S5,filing,mosaic-finance.com,2,unattributed,,false,false,false,false,false,,none,,,unattributed,,false,false,false,2,false
20261007T062802879229Z-codex.archivist.BR07.r2-a1,archivist,breadth,BR07,2,15,fact,DOAS disclosure filed: 31 March 2026.,DOAS; 31 March 2026,S5,filing,mosaic-finance.com,2,unattributed,,false,false,false,false,false,,none,,,unattributed,,false,false,false,2,false
20261007T062802879229Z-codex.archivist.BR07.r2-a1,archivist,breadth,BR07,2,16,fact,SISE selected PwC Bağımsız Denetim ve Serbest Muhasebeci Mali Müşavirlik A.Ş. for fiscal year 2026.,SISE; PwC Bağımsız Denetim ve Serbest Muhasebeci Mali Müşavirlik A.Ş.; fiscal year 2026,S6,filing,mosaic-finance.com,3,unattributed,,false,false,false,false,false,,none,,,unattributed,,false,false,false,3,false
20261007T062802879229Z-codex.archivist.BR07.r2-a1,archivist,breadth,BR07,2,17,fact,SISE general assembly date: 27 March 2026.,SISE; 27 March 2026,S6,filing,mosaic-finance.com,2,filing,filing,false,false,true,false,false,,none,,,filing,filing,true,false,false,2,false
20261007T062802879229Z-codex.archivist.BR07.r2-a1,archivist,breadth,BR07,2,18,fact,SISE disclosure filed: 27 March 2026.,SISE; 27 March 2026,S6,filing,mosaic-finance.com,2,filing,filing,false,false,true,false,false,,none,,,filing,filing,true,false,false,2,false
20261007T062802879229Z-codex.archivist.BR07.r2-a1,archivist,breadth,BR07,2,19,fact,SAHOL selected DRT Bağımsız Denetim ve Serbest Muhasebeci Mali Müşavirlik A.Ş. for fiscal year 2026.,SAHOL; DRT Bağımsız Denetim ve Serbest Muhasebeci Mali Müşavirlik A.Ş.; fiscal year 2026,S7,filing,mosaic-finance.com,3,unattributed,,false,false,false,false,false,,none,,,unattributed,,false,false,false,3,false
20261007T062802879229Z-codex.archivist.BR07.r2-a1,archivist,breadth,BR07,2,20,fact,SAHOL general assembly date: 31 March 2026.,SAHOL; 31 March 2026,S7,filing,mosaic-finance.com,2,unattributed,,false,false,false,false,false,,none,,,unattributed,,false,false,false,2,false
20261007T062802879229Z-codex.archivist.BR07.r2-a1,archivist,breadth,BR07,2,21,fact,SAHOL disclosure filed: 31 March 2026.,SAHOL; 31 March 2026,S7,filing,mosaic-finance.com,2,unattributed,,false,false,false,false,false,,none,,,unattributed,,false,false,false,2,false
20261007T062802879229Z-codex.archivist.BR07.r2-a1,archivist,breadth,BR07,2,22,fact,TTKOM selected Güney Bağımsız Denetim ve Serbest Muhasebeci Mali Müşavirlik A.Ş. (Ernst & Young) for fiscal year 2026.,TTKOM; Güney Bağımsız Denetim ve Serbest Muhasebeci Mali Müşavirlik A.Ş.; Ernst & Young; fiscal year 2026,S8,filing,mosaic-finance.com,4,unattributed,,false,false,false,false,false,,none,,,unattributed,,false,false,false,4,false
20261007T062802879229Z-codex.archivist.BR07.r2-a1,archivist,breadth,BR07,2,23,fact,TTKOM general assembly date: 9 April 2026.,TTKOM; 9 April 2026,S8,filing,mosaic-finance.com,2,unattributed,,false,false,false,false,false,,none,,,unattributed,,false,false,false,2,false
20261007T062802879229Z-codex.archivist.BR07.r2-a1,archivist,breadth,BR07,2,24,fact,TTKOM disclosure filed: 9 April 2026.,TTKOM; 9 April 2026,S8,filing,mosaic-finance.com,2,unattributed,,false,false,false,false,false,,none,,,unattributed,,false,false,false,2,false
20261007T062822485813Z-codex.both.BR07.r2-a1,both,breadth,BR07,2,1,fact,TUPRS — Independent audit firm selected for the 2026 fiscal year: Güney Bağımsız Denetim ve Serbest Muhasebeci Mali Müşavirlik A.Ş.,TUPRS; 2026 fiscal year; Güney Bağımsız Denetim ve Serbest Muhasebeci Mali Müşavirlik A.Ş.,S1,filing,mosaic-finance.com,3,unattributed,,false,false,false,false,false,,none,,,unattributed,,false,false,false,3,false
20261007T062822485813Z-codex.both.BR07.r2-a1,both,breadth,BR07,2,2,fact,TUPRS — General assembly date: 2026-03-11.,TUPRS; 2026-03-11,S1,filing,mosaic-finance.com,2,filing,filing,false,false,true,false,false,,none,,,filing,filing,true,false,false,1,false
20261007T062822485813Z-codex.both.BR07.r2-a1,both,breadth,BR07,2,3,fact,TUPRS — Disclosure filed: 2026-03-11.,TUPRS; 2026-03-11,S1,filing,mosaic-finance.com,2,filing,filing,false,false,true,false,false,,none,,,filing,filing,true,false,false,1,false
20261007T062822485813Z-codex.both.BR07.r2-a1,both,breadth,BR07,2,4,fact,HALKB — Independent audit firm selected for the 2026 fiscal year: KPMG Bağımsız Denetim ve Serbest Muhasebeci Mali Müşavirlik A.Ş.,HALKB; 2026 fiscal year; KPMG Bağımsız Denetim ve Serbest Muhasebeci Mali Müşavirlik A.Ş.,S2,filing,mosaic-finance.com,3,unattributed,,false,false,false,false,false,,none,,,unattributed,,false,false,false,3,false
20261007T062822485813Z-codex.both.BR07.r2-a1,both,breadth,BR07,2,5,fact,HALKB — General assembly date: 2026-04-09.,HALKB; 2026-04-09,S2,filing,mosaic-finance.com,1,filing,filing,false,false,true,false,false,,none,,,filing,filing,true,false,false,1,false
20261007T062822485813Z-codex.both.BR07.r2-a1,both,breadth,BR07,2,6,fact,HALKB — Disclosure filed: 2026-04-21.,HALKB; 2026-04-21,S2,filing,mosaic-finance.com,2,filing,filing,false,false,true,false,false,,none,,,filing,filing,true,false,false,1,false
20261007T062822485813Z-codex.both.BR07.r2-a1,both,breadth,BR07,2,7,fact,GARAN — Independent audit firm selected for the 2026 fiscal year: Güney Bağımsız Denetim ve Serbest Muhasebeci Mali Müşavirlik A.Ş. (EY).,GARAN; 2026 fiscal year; Güney Bağımsız Denetim ve Serbest Muhasebeci Mali Müşavirlik A.Ş.; EY,S3,filing,mosaic-finance.com,4,unattributed,,false,false,false,false,false,,none,,,unattributed,,false,false,false,4,false
20261007T062822485813Z-codex.both.BR07.r2-a1,both,breadth,BR07,2,8,fact,GARAN — General assembly date: 2026-03-31.,GARAN; 2026-03-31,S3,filing,mosaic-finance.com,2,filing,filing,false,false,true,false,false,,none,,,filing,filing,true,false,false,1,false
20261007T062822485813Z-codex.both.BR07.r2-a1,both,breadth,BR07,2,9,fact,GARAN — Disclosure filed: 2026-04-02.,GARAN; 2026-04-02,S3,filing,mosaic-finance.com,1,filing,filing,false,false,true,false,false,,none,,,filing,filing,true,false,false,1,false
20261007T062822485813Z-codex.both.BR07.r2-a1,both,breadth,BR07,2,10,fact,TOASO — Independent audit firm selected for the 2026 fiscal year: DRT Bağımsız Denetim ve Serbest Muhasebeci Mali Müşavirlik A.Ş.,TOASO; 2026 fiscal year; DRT Bağımsız Denetim ve Serbest Muhasebeci Mali Müşavirlik A.Ş.,S4,filing,mosaic-finance.com,3,unattributed,,false,false,false,false,false,,none,,,unattributed,,false,false,false,3,false
20261007T062822485813Z-codex.both.BR07.r2-a1,both,breadth,BR07,2,11,fact,TOASO — General assembly date: 2026-03-16.,TOASO; 2026-03-16,S4,filing,mosaic-finance.com,2,filing,filing,false,false,true,false,false,,none,,,filing,filing,true,false,false,1,false
20261007T062822485813Z-codex.both.BR07.r2-a1,both,breadth,BR07,2,12,fact,TOASO — Disclosure filed: 2026-03-16.,TOASO; 2026-03-16,S4,filing,mosaic-finance.com,2,filing,filing,false,false,true,false,false,,none,,,filing,filing,true,false,false,1,false
20261007T062822485813Z-codex.both.BR07.r2-a1,both,breadth,BR07,2,13,fact,DOAS — Independent audit firm selected for the 2026 fiscal year: KPMG Bağımsız Denetim ve Serbest Muhasebeci Mali Müşavirlik A.Ş.,DOAS; 2026 fiscal year; KPMG Bağımsız Denetim ve Serbest Muhasebeci Mali Müşavirlik A.Ş.,S5,filing,mosaic-finance.com,3,unattributed,,false,false,false,false,false,,none,,,unattributed,,false,false,false,3,false
20261007T062822485813Z-codex.both.BR07.r2-a1,both,breadth,BR07,2,14,fact,DOAS — General assembly date: 2026-03-26.,DOAS; 2026-03-26,S5,filing,mosaic-finance.com,2,filing,filing,false,false,true,false,false,,none,,,filing,filing,true,false,false,1,false
20261007T062822485813Z-codex.both.BR07.r2-a1,both,breadth,BR07,2,15,fact,DOAS — Disclosure filed: 2026-03-31.,DOAS; 2026-03-31,S5,filing,mosaic-finance.com,2,filing,filing,false,false,true,false,false,,none,,,filing,filing,true,false,false,1,false
20261007T062822485813Z-codex.both.BR07.r2-a1,both,breadth,BR07,2,16,fact,SISE — Independent audit firm selected for the 2026 fiscal year: PwC Bağımsız Denetim ve Serbest Muhasebeci Mali Müşavirlik A.Ş.,SISE; 2026 fiscal year; PwC Bağımsız Denetim ve Serbest Muhasebeci Mali Müşavirlik A.Ş.,S6,filing,mosaic-finance.com,3,unattributed,,false,false,false,false,false,,none,,,unattributed,,false,false,false,3,false
20261007T062822485813Z-codex.both.BR07.r2-a1,both,breadth,BR07,2,17,fact,SISE — General assembly date: 2026-03-27.,SISE; 2026-03-27,S6,filing,mosaic-finance.com,2,filing,filing,false,false,true,false,false,,none,,,filing,filing,true,false,false,1,false
20261007T062822485813Z-codex.both.BR07.r2-a1,both,breadth,BR07,2,18,fact,SISE — Disclosure filed: 2026-03-27.,SISE; 2026-03-27,S6,filing,mosaic-finance.com,2,filing,filing,false,false,true,false,false,,none,,,filing,filing,true,false,false,1,false
20261007T062822485813Z-codex.both.BR07.r2-a1,both,breadth,BR07,2,19,fact,SAHOL — Independent audit firm selected for the 2026 fiscal year: DRT Bağımsız Denetim ve Serbest Muhasebeci Mali Müşavirlik A.Ş.,SAHOL; 2026 fiscal year; DRT Bağımsız Denetim ve Serbest Muhasebeci Mali Müşavirlik A.Ş.,S7,filing,mosaic-finance.com,3,unattributed,,false,false,false,false,false,,none,,,unattributed,,false,false,false,3,false
20261007T062822485813Z-codex.both.BR07.r2-a1,both,breadth,BR07,2,20,fact,SAHOL — General assembly date: 2026-03-31.,SAHOL; 2026-03-31,S7,filing,mosaic-finance.com,2,filing,filing,false,false,true,false,false,,none,,,filing,filing,true,false,false,1,false
20261007T062822485813Z-codex.both.BR07.r2-a1,both,breadth,BR07,2,21,fact,SAHOL — Disclosure filed: 2026-03-31.,SAHOL; 2026-03-31,S7,filing,mosaic-finance.com,2,filing,filing,false,false,true,false,false,,none,,,filing,filing,true,false,false,1,false
20261007T062822485813Z-codex.both.BR07.r2-a1,both,breadth,BR07,2,22,fact,TTKOM — Independent audit firm selected for the 2026 fiscal year: Güney Bağımsız Denetim ve Serbest Muhasebeci Mali Müşavirlik A.Ş. (Ernst & Young).,TTKOM; 2026 fiscal year; Güney Bağımsız Denetim ve Serbest Muhasebeci Mali Müşavirlik A.Ş.; Ernst & Young,S8,filing,mosaic-finance.com,4,unattributed,,false,false,false,false,false,,none,,,unattributed,,false,false,false,4,false
20261007T062822485813Z-codex.both.BR07.r2-a1,both,breadth,BR07,2,23,fact,TTKOM — General assembly date: 2026-04-09.,TTKOM; 2026-04-09,S8,filing,mosaic-finance.com,1,filing,filing,false,false,true,false,false,,none,,,filing,filing,true,false,false,1,false
20261007T062822485813Z-codex.both.BR07.r2-a1,both,breadth,BR07,2,24,fact,TTKOM — Disclosure filed: 2026-04-09.,TTKOM; 2026-04-09,S8,filing,mosaic-finance.com,1,filing,filing,false,false,true,false,false,,none,,,filing,filing,true,false,false,1,false
20261007T062846559436Z-codex.web.BR08.r2-a1,web,breadth,BR08,2,1,fact,"Koç Holding (KCHOL): 120,219 employees; Holding, subsidiaries and joint ventures at year-end 2025; 2025 report.","Koç Holding; KCHOL; 120,219; year-end 2025; 2025 report",S1,filing,filing-source,5,secondary,aggregator,false,false,false,false,false,aggregator,none,,,filing,filing,true,false,false,1,false
20261007T062846559436Z-codex.web.BR08.r2-a1,web,breadth,BR08,2,2,fact,"Ereğli Demir ve Çelik (EREGL): 12,824 group personnel at 31 December 2025; 2025 report, p. 8.","Ereğli Demir ve Çelik; EREGL; 12,824; 31 December 2025; 2025 report; p. 8",S2,filing,filing-source,6,secondary,aggregator,false,false,false,false,false,aggregator,none,,,secondary,aggregator,false,true,false,1,false
20261007T062846559436Z-codex.web.BR08.r2-a1,web,breadth,BR08,2,3,fact,"Pegasus (PGSUS): 9,260 full-time employees at 31 December 2025; KAP filing, financial statements, Note 1.","Pegasus; PGSUS; 9,260; 31 December 2025; KAP; Note 1",S3; S4,filing,filing-source,6,filing,filing,false,false,true,false,false,issuer; forum; aggregator; news; other,none,,,filing,filing,true,true,false,1,false
20261007T062846559436Z-codex.web.BR08.r2-a1,web,breadth,BR08,2,4,fact,"Türk Telekom (TTKOM): 31,779 group personnel at 31 December 2025; 2025 report.","Türk Telekom; TTKOM; 31,779; 31 December 2025; 2025 report",S5,filing,filing-source,5,secondary,aggregator,false,false,false,false,false,aggregator; other,none,,,filing,filing,true,true,false,1,false
20261007T062846559436Z-codex.web.BR08.r2-a1,web,breadth,BR08,2,5,fact,"Otokar (OTKAR): 3,659 total employees in 2025; 2025 report.","Otokar; OTKAR; 3,659; in 2025; 2025 report",S6,filing,filing-source,4,secondary,issuer,false,false,false,false,false,issuer; forum; aggregator; news; other,none,,,filing,filing,true,true,false,1,false
20261007T062846559436Z-codex.web.BR08.r2-a1,web,breadth,BR08,2,6,fact,"Ülker Bisküvi (ULKER): 10,285 employees in 2025; includes subcontractor employees; 2025 report copy.","Ülker Bisküvi; ULKER; 10,285; in 2025; 2025 report copy",S7,filing,filing-source,4,secondary,issuer,false,false,false,false,false,issuer; forum; aggregator; news,none,,,filing,filing,true,true,false,1,false
20261007T062846559436Z-codex.web.BR08.r2-a1,web,breadth,BR08,2,7,fact,"Coca-Cola İçecek (CCOLA): 10,624 average employees in 2025; KAP report copy, p. 160.","Coca-Cola İçecek; CCOLA; 10,624; in 2025; KAP; p. 160",S8,aggregator,storage.fintables.com,5,secondary,issuer,false,true,false,false,false,issuer; forum; aggregator; news; other,none,,,secondary,issuer,false,true,false,1,false
20261007T062846559436Z-codex.web.BR08.r2-a1,web,breadth,BR08,2,8,fact,"TAV Havalimanları (TAVHL): 21,989 average employees in 2025, consolidated subsidiaries; 2025 report.","TAV Havalimanları; TAVHL; 21,989; in 2025; 2025 report",S9,filing,filing-source,4,secondary,issuer,false,false,false,false,false,issuer; aggregator,none,,,filing,filing,true,true,false,1,false
20261007T062912139859Z-codex.archivist.BR08.r2-a1,archivist,breadth,BR08,2,1,fact,"Koç Holding (KCHOL): 120,219 employees; Holding, subsidiaries and joint ventures; year-end 2025. KAP filing date: 2026-02-24, Note 1.","Koç Holding; KCHOL; 120,219; year-end 2025; KAP; 2026-02-24; Note 1",S1,filing,mosaic-finance.com,7,unattributed,,false,false,false,false,false,,none,,,filing,filing,true,false,false,2,false
20261007T062912139859Z-codex.archivist.BR08.r2-a1,archivist,breadth,BR08,2,2,fact,"Ereğli Demir ve Çelik (EREGL): 12,824 employees; Group personnel at 2025-12-31. KAP filing date: 2026-02-17, personnel table.","Ereğli Demir ve Çelik; EREGL; 12,824; 2025-12-31; KAP; 2026-02-17",S2,filing,mosaic-finance.com,7,filing,filing,false,false,true,false,false,,none,,,filing,filing,true,false,false,4,false
20261007T062912139859Z-codex.archivist.BR08.r2-a1,archivist,breadth,BR08,2,3,fact,"Pegasus (PGSUS): 9,255 employees; Full-time employees at 2025-12-31. KAP filing date: 2026-03-04, §F(c).","Pegasus; PGSUS; 9,255; 2025-12-31; KAP; 2026-03-04",S3,filing,mosaic-finance.com,6,filing,filing,false,false,true,false,false,,none,,,filing,filing,true,false,false,3,false
20261007T062912139859Z-codex.archivist.BR08.r2-a1,archivist,breadth,BR08,2,4,fact,"Türk Telekom (TTKOM): 31,779 employees; Group personnel at 2025-12-31. KAP filing date: 2026-03-04, Note 1.","Türk Telekom; TTKOM; 31,779; 2025-12-31; KAP; 2026-03-04; Note 1",S4,filing,mosaic-finance.com,7,unattributed,,false,false,false,false,false,,none,,,filing,filing,true,false,false,3,false
20261007T062912139859Z-codex.archivist.BR08.r2-a1,archivist,breadth,BR08,2,5,fact,"Otokar (OTKAR): 3,659 employees; Total employees in 2025. KAP filing date: 2026-02-13, recruitment section.","Otokar; OTKAR; 3,659; in 2025; KAP; 2026-02-13",S5,filing,mosaic-finance.com,5,filing,filing,false,false,true,false,false,,none,,,filing,filing,true,false,false,2,false
20261007T062912139859Z-codex.archivist.BR08.r2-a1,archivist,breadth,BR08,2,6,fact,"Ülker Bisküvi (ULKER): 10,285 employees; Employees in 2025. KAP filing date: 2026-03-10, human resources.","Ülker Bisküvi; ULKER; 10,285; in 2025; KAP; 2026-03-10",S6,filing,mosaic-finance.com,4,filing,filing,false,false,true,false,false,,none,,,filing,filing,true,false,false,1,false
20261007T062912139859Z-codex.archivist.BR08.r2-a1,archivist,breadth,BR08,2,7,fact,"Coca-Cola İçecek (CCOLA): 10,624 employees; Average employees in 2025. KAP filing date: 2026-03-03, Note 1.","Coca-Cola İçecek; CCOLA; 10,624; in 2025; KAP; 2026-03-03; Note 1",S7,filing,mosaic-finance.com,5,unattributed,,false,false,false,false,false,,none,,,filing,filing,true,false,false,1,false
20261007T062912139859Z-codex.archivist.BR08.r2-a1,archivist,breadth,BR08,2,8,fact,"TAV Havalimanları (TAVHL): 21,989 employees; Average employees in 2025. KAP filing date: 2026-02-27, financial data table.","TAV Havalimanları; TAVHL; 21,989; in 2025; KAP; 2026-02-27",S8,filing,mosaic-finance.com,5,filing,filing,false,false,true,false,false,,none,,,filing,filing,true,false,false,2,false
20261007T063031319903Z-codex.both.BR08.r2-a1,both,breadth,BR08,2,1,fact,"Koç Holding (KCHOL): 120,219 employees; Holding, subsidiaries and joint ventures; year-end 2025.","Koç Holding; KCHOL; 120,219; year-end 2025",S1,filing,mosaic-finance.com,4,secondary,aggregator,false,false,false,false,false,aggregator,none,,,filing,filing,true,false,false,1,false
20261007T063031319903Z-codex.both.BR08.r2-a1,both,breadth,BR08,2,2,fact,"Koç Holding (KCHOL): Report filed 2026-02-24, Note 1.",Koç Holding; KCHOL; 2026-02-24; Note 1,S1,filing,mosaic-finance.com,4,secondary,aggregator,false,false,false,false,false,aggregator,none,,,filing,filing,true,true,true,1,false
20261007T063031319903Z-codex.both.BR08.r2-a1,both,breadth,BR08,2,3,fact,"Ereğli Demir ve Çelik (EREGL): 12,824; Group personnel at 2025-12-31.","Ereğli Demir ve Çelik; EREGL; 12,824; 2025-12-31",S2,filing,mosaic-finance.com,5,filing,filing,false,false,true,false,false,aggregator,none,,,filing,filing,true,false,false,3,false
20261007T063031319903Z-codex.both.BR08.r2-a1,both,breadth,BR08,2,4,fact,"Ereğli Demir ve Çelik (EREGL): Report filed 2026-02-17, personnel table.",Ereğli Demir ve Çelik; EREGL; 2026-02-17,S2,filing,mosaic-finance.com,3,filing,filing,false,false,true,false,false,,none,,,filing,filing,true,false,false,1,false
20261007T063031319903Z-codex.both.BR08.r2-a1,both,breadth,BR08,2,5,fact,"Pegasus (PGSUS): 9,255; Full-time employees at 2025-12-31, including the specified subsidiary.","Pegasus; PGSUS; 9,255; 2025-12-31",S3,filing,mosaic-finance.com,5,filing,filing,false,false,true,false,false,aggregator,none,,,filing,filing,true,false,false,3,false
20261007T063031319903Z-codex.both.BR08.r2-a1,both,breadth,BR08,2,6,fact,"Pegasus (PGSUS): Report filed 2026-03-04, §F(c).",Pegasus; PGSUS; 2026-03-04,S3,filing,mosaic-finance.com,2,filing,filing,false,false,true,true,true,aggregator,none,,,filing,filing,true,true,true,2,false
20261007T063031319903Z-codex.both.BR08.r2-a1,both,breadth,BR08,2,7,fact,"Türk Telekom (TTKOM): 31,779; Group personnel at 2025-12-31.","Türk Telekom; TTKOM; 31,779; 2025-12-31",S4,filing,mosaic-finance.com,5,filing,filing,false,false,true,false,false,aggregator,none,,,filing,filing,true,false,false,3,false
20261007T063031319903Z-codex.both.BR08.r2-a1,both,breadth,BR08,2,8,fact,"Türk Telekom (TTKOM): Report filed 2026-03-04, Note 1.",Türk Telekom; TTKOM; 2026-03-04; Note 1,S4,filing,mosaic-finance.com,3,secondary,aggregator,false,false,false,false,false,aggregator,none,,,secondary,aggregator,false,false,false,3,false
20261007T063031319903Z-codex.both.BR08.r2-a1,both,breadth,BR08,2,9,fact,"Otokar (OTKAR): 3,659; Total employees in 2025.","Otokar; OTKAR; 3,659; Total employees in 2025",S5,filing,mosaic-finance.com,4,unattributed,,false,false,false,false,false,,none,,,filing,filing,true,false,false,1,false
20261007T063031319903Z-codex.both.BR08.r2-a1,both,breadth,BR08,2,10,fact,"Otokar (OTKAR): Report filed 2026-02-13, Otokar at a glance.",Otokar; OTKAR; 2026-02-13,S5,filing,mosaic-finance.com,3,filing,filing,false,false,true,false,false,,none,,,filing,filing,true,false,false,1,false
20261007T063031319903Z-codex.both.BR08.r2-a1,both,breadth,BR08,2,11,fact,"Ülker Bisküvi (ULKER): 10,285; Employees in 2025.","Ülker Bisküvi; ULKER; 10,285; Employees in 2025",S6,filing,mosaic-finance.com,4,unattributed,,false,false,false,false,false,,none,,,filing,filing,true,false,false,1,false
20261007T063031319903Z-codex.both.BR08.r2-a1,both,breadth,BR08,2,12,fact,"Ülker Bisküvi (ULKER): Report filed 2026-03-10, Human Resources.",Ülker Bisküvi; ULKER; 2026-03-10,S6,filing,mosaic-finance.com,2,filing,filing,false,false,true,false,false,,none,,,filing,filing,true,false,false,2,false
20261007T063031319903Z-codex.both.BR08.r2-a1,both,breadth,BR08,2,13,fact,"Coca-Cola İçecek (CCOLA): 10,624; Average employees in 2025.","Coca-Cola İçecek; CCOLA; 10,624; Average employees in 2025",S7,filing,mosaic-finance.com,4,unattributed,,false,false,false,false,false,,none,,,filing,filing,true,false,false,1,false
20261007T063031319903Z-codex.both.BR08.r2-a1,both,breadth,BR08,2,14,fact,"Coca-Cola İçecek (CCOLA): Report filed 2026-03-03, Average Personnel.",Coca-Cola İçecek; CCOLA; 2026-03-03,S7,filing,mosaic-finance.com,2,filing,filing,false,false,true,false,false,,none,,,filing,filing,true,false,false,2,false
20261007T063031319903Z-codex.both.BR08.r2-a1,both,breadth,BR08,2,15,fact,"TAV Havalimanları (TAVHL): 21,989; Average employees in 2025.","TAV Havalimanları; TAVHL; 21,989; Average employees in 2025",S8,filing,mosaic-finance.com,4,unattributed,,false,false,false,false,false,,none,,,filing,filing,true,false,false,1,false
20261007T063031319903Z-codex.both.BR08.r2-a1,both,breadth,BR08,2,16,fact,"TAV Havalimanları (TAVHL): Report filed 2026-02-27, operational and financial data.",TAV Havalimanları; TAVHL; 2026-02-27,S8,filing,mosaic-finance.com,3,filing,filing,false,false,true,false,false,,none,,,filing,filing,true,false,false,1,false
20261007T063059008980Z-codex.web.BR09.r2-a1,web,breadth,BR09,2,1,fact,"Canadian Natural Resources (CNQ) mentions Trans Mountain / TMX in its 2025 AIF, pp. 3, 8.",Canadian Natural Resources; CNQ; Trans Mountain; TMX; 2025 AIF; 3; 8,S1,issuer,cnrl.com,5,filing,filing,false,true,true,true,false,issuer; forum; aggregator; reference; other,none,,,filing,filing,true,true,false,5,false
20261007T063059008980Z-codex.web.BR09.r2-a1,web,breadth,BR09,2,2,fact,"Suncor Energy (SU) mentions Trans Mountain / TMX in its 2025 AIF, transportation and Edmonton refinery sections.",Suncor Energy; SU; Trans Mountain; TMX; 2025 AIF; Edmonton refinery,S2,filing,filing-source,6,secondary,issuer,false,false,false,true,false,issuer; forum; aggregator; news; reference; other,none,,,secondary,issuer,false,true,false,6,false
20261007T063059008980Z-codex.web.BR09.r2-a1,web,breadth,BR09,2,3,fact,"Cenovus Energy (CVE) mentions Trans Mountain / TMX in its 2025 AIF, transportation section.",Cenovus Energy; CVE; Trans Mountain; TMX; 2025 AIF,S3,filing,filing-source,5,filing,filing,false,false,true,true,false,issuer; forum; aggregator; reference; other,none,,,filing,filing,true,true,false,5,false
20261007T063059008980Z-codex.web.BR09.r2-a1,web,breadth,BR09,2,4,fact,"Tourmaline Oil (TOU) mentions Trans Mountain / TMX in its 2025 AIF, p. 34.",Tourmaline Oil; TOU; Trans Mountain; TMX; 2025 AIF; 34,S4,aggregator,newsfile.futunn.com,6,secondary,issuer,false,true,false,true,false,issuer; forum; aggregator; news; reference; other,none,,,secondary,issuer,false,true,false,1,false
20261007T063059008980Z-codex.web.BR09.r2-a1,web,breadth,BR09,2,5,fact,"Strathcona Resources (SCR) mentions Trans Mountain / TMX in its 2025 AIF, pp. 19, 38.",Strathcona Resources; SCR; Trans Mountain; TMX; 2025 AIF; 19; 38,S5,issuer,strathconaresources.com,7,secondary,issuer,false,true,false,true,false,issuer; forum; promotional; aggregator; reference; other,none,,,filing,filing,true,true,false,2,false
20261007T063059008980Z-codex.web.BR09.r2-a1,web,breadth,BR09,2,6,fact,"Kelt Exploration (KEL) mentions Trans Mountain / TMX in its 2025 AIF, p. 51.",Kelt Exploration; KEL; Trans Mountain; TMX; 2025 AIF; 51,S6,aggregator,newsfile.futunn.com,6,filing,filing,false,true,true,true,false,issuer; forum; promotional; aggregator; reference; other,none,,,filing,filing,true,true,false,1,false
20261007T063059008980Z-codex.web.BR09.r2-a1,web,breadth,BR09,2,7,fact,ARC Resources (ARX) has no mention of Trans Mountain / TMX in its 2025 AIF.,ARC Resources; ARX; Trans Mountain; TMX; 2025 AIF,S7,issuer,arcresources.com,5,secondary,issuer,false,true,false,true,false,issuer; forum; aggregator; reference; other,none,,,secondary,issuer,false,true,false,5,false
20261007T063059008980Z-codex.web.BR09.r2-a1,web,breadth,BR09,2,8,fact,Baytex Energy (BTE) has no mention of Trans Mountain / TMX in its 2025 AIF.,Baytex Energy; BTE; Trans Mountain; TMX; 2025 AIF,S8,issuer,baytexenergy.com,5,filing,filing,false,true,true,true,false,issuer; forum; aggregator; reference; other,none,,,filing,filing,true,true,false,5,false
20261007T063059008980Z-codex.web.BR09.r2-a1,web,breadth,BR09,2,9,fact,Parex Resources (PXT) has no mention of Trans Mountain / TMX in its 2025 AIF.,Parex Resources; PXT; Trans Mountain; TMX; 2025 AIF,S9,issuer,parexresources.com,5,secondary,issuer,false,true,false,true,false,issuer; forum; aggregator; reference; other,none,,,secondary,issuer,false,true,false,5,false
20261007T063059008980Z-codex.web.BR09.r2-a1,web,breadth,BR09,2,10,fact,Freehold Royalties (FRU) has no mention of Trans Mountain / TMX in its 2025 AIF.,Freehold Royalties; FRU; Trans Mountain; TMX; 2025 AIF,S10,issuer,freeholdroyalties.com,5,filing,filing,false,true,true,false,false,issuer; forum; aggregator; news; reference; other,none,,,filing,filing,true,false,false,5,false
20261007T063146264722Z-codex.archivist.BR09.r2-a1,archivist,breadth,BR09,2,1,fact,Canadian Natural Resources (CNQ): English 2025 Annual Information Form filed 2026-03-25 mentions Trans Mountain / TMX.,Canadian Natural Resources; CNQ; 2025 Annual Information Form; 2026-03-25; Trans Mountain; TMX,S1,filing,mosaic-finance.com,6,filing,filing,false,false,true,false,false,,none,,,filing,filing,true,false,false,1,false
20261007T063146264722Z-codex.archivist.BR09.r2-a1,archivist,breadth,BR09,2,2,fact,Suncor Energy (SU): English 2025 Annual Information Form filed 2026-02-26 mentions Trans Mountain / TMX.,Suncor Energy; SU; 2025 Annual Information Form; 2026-02-26; Trans Mountain; TMX,S2,filing,mosaic-finance.com,6,filing,filing,false,false,true,false,false,,none,,,filing,filing,true,false,false,1,false
20261007T063146264722Z-codex.archivist.BR09.r2-a1,archivist,breadth,BR09,2,3,fact,Cenovus Energy (CVE): English 2025 Annual Information Form filed 2026-02-19 mentions Trans Mountain / TMX.,Cenovus Energy; CVE; 2025 Annual Information Form; 2026-02-19; Trans Mountain; TMX,S3,filing,mosaic-finance.com,6,filing,filing,false,false,true,false,false,,none,,,filing,filing,true,false,false,1,false
20261007T063146264722Z-codex.archivist.BR09.r2-a1,archivist,breadth,BR09,2,4,fact,Tourmaline Oil (TOU): English 2025 Annual Information Form filed 2026-03-04 mentions Trans Mountain / TMX.,Tourmaline Oil; TOU; 2025 Annual Information Form; 2026-03-04; Trans Mountain; TMX,S4,filing,mosaic-finance.com,5,filing,filing,false,false,true,false,false,,none,,,filing,filing,true,false,false,5,false
20261007T063146264722Z-codex.archivist.BR09.r2-a1,archivist,breadth,BR09,2,5,fact,Strathcona Resources (SCR): English 2025 Annual Information Form filed 2026-03-11 mentions Trans Mountain / TMX.,Strathcona Resources; SCR; 2025 Annual Information Form; 2026-03-11; Trans Mountain; TMX,S5,filing,mosaic-finance.com,6,filing,filing,false,false,true,false,false,,none,,,filing,filing,true,false,false,1,false
20261007T063146264722Z-codex.archivist.BR09.r2-a1,archivist,breadth,BR09,2,6,fact,Kelt Exploration (KEL): English 2025 Annual Information Form filed 2026-03-12 mentions Trans Mountain / TMX.,Kelt Exploration; KEL; 2025 Annual Information Form; 2026-03-12; Trans Mountain; TMX,S6,filing,mosaic-finance.com,6,filing,filing,false,false,true,false,false,,none,,,filing,filing,true,false,false,1,false
20261007T063146264722Z-codex.archivist.BR09.r2-a1,archivist,breadth,BR09,2,7,fact,ARC Resources (ARX): English 2025 Annual Information Form filed 2026-03-05; neither “Trans Mountain” nor “TMX” was found in the filing text.,ARC Resources; ARX; 2025 Annual Information Form; 2026-03-05; Trans Mountain; TMX,S7,filing,mosaic-finance.com,5,filing,filing,false,false,true,false,false,,none,,,filing,filing,true,false,false,5,false
20261007T063146264722Z-codex.archivist.BR09.r2-a1,archivist,breadth,BR09,2,8,fact,Baytex Energy (BTE): English 2025 Annual Information Form filed 2026-03-04; neither “Trans Mountain” nor “TMX” was found in the filing text.,Baytex Energy; BTE; 2025 Annual Information Form; 2026-03-04; Trans Mountain; TMX,S8,filing,mosaic-finance.com,5,filing,filing,false,false,true,false,false,,none,,,filing,filing,true,false,false,5,false
20261007T063146264722Z-codex.archivist.BR09.r2-a1,archivist,breadth,BR09,2,9,fact,Parex Resources (PXT): English 2025 Annual Information Form filed 2026-03-04; neither “Trans Mountain” nor “TMX” was found in the filing text.,Parex Resources; PXT; 2025 Annual Information Form; 2026-03-04; Trans Mountain; TMX,S9,filing,mosaic-finance.com,5,filing,filing,false,false,true,false,false,,none,,,filing,filing,true,false,false,5,false
20261007T063146264722Z-codex.archivist.BR09.r2-a1,archivist,breadth,BR09,2,10,fact,Freehold Royalties (FRU): English 2025 Annual Information Form filed 2026-03-11; neither “Trans Mountain” nor “TMX” was found in the filing text.,Freehold Royalties; FRU; 2025 Annual Information Form; 2026-03-11; Trans Mountain; TMX,S10,filing,mosaic-finance.com,6,filing,filing,false,false,true,false,false,,none,,,filing,filing,true,false,false,1,false
20261007T063217378869Z-codex.both.BR09.r2-a1,both,breadth,BR09,2,1,fact,"Canadian Natural Resources (CNQ), filed 2026-03-25: English 2025 AIF mentions Trans Mountain / TMX: Yes.",Canadian Natural Resources; CNQ; 2026-03-25; 2025 AIFs; Trans Mountain; TMX,S1,filing,mosaic-finance.com,6,secondary,issuer,false,false,false,false,false,issuer; forum; reference; other,none,,,filing,filing,true,true,true,1,false
20261007T063217378869Z-codex.both.BR09.r2-a1,both,breadth,BR09,2,2,fact,"Suncor Energy (SU), filed 2026-02-26: English 2025 AIF mentions Trans Mountain / TMX: Yes.",Suncor Energy; SU; 2026-02-26; 2025 AIFs; Trans Mountain; TMX,S2,filing,mosaic-finance.com,6,secondary,issuer,false,false,false,false,false,issuer; forum; reference,none,,,filing,filing,true,false,false,1,false
20261007T063217378869Z-codex.both.BR09.r2-a1,both,breadth,BR09,2,3,fact,"Cenovus Energy (CVE), filed 2026-02-19: English 2025 AIF mentions Trans Mountain / TMX: Yes.",Cenovus Energy; CVE; 2026-02-19; 2025 AIFs; Trans Mountain; TMX,S3,filing,mosaic-finance.com,6,secondary,issuer,false,false,false,false,false,issuer; forum; reference,none,,,filing,filing,true,true,true,1,false
20261007T063217378869Z-codex.both.BR09.r2-a1,both,breadth,BR09,2,4,fact,"Tourmaline Oil (TOU), filed 2026-03-04: English 2025 AIF mentions Trans Mountain / TMX: Yes.",Tourmaline Oil; TOU; 2026-03-04; 2025 AIFs; Trans Mountain; TMX,S4,filing,mosaic-finance.com,5,secondary,reference,false,false,false,false,false,reference; other,none,,,secondary,reference,false,false,false,5,false
20261007T063217378869Z-codex.both.BR09.r2-a1,both,breadth,BR09,2,5,fact,"Strathcona Resources (SCR), filed 2026-03-11: English 2025 AIF mentions Trans Mountain / TMX: Yes.",Strathcona Resources; SCR; 2026-03-11; 2025 AIFs; Trans Mountain; TMX,S5,filing,mosaic-finance.com,6,secondary,issuer,false,false,false,false,false,issuer; forum; reference,none,,,filing,filing,true,true,true,1,false
20261007T063217378869Z-codex.both.BR09.r2-a1,both,breadth,BR09,2,6,fact,"Kelt Exploration (KEL), filed 2026-03-12: English 2025 AIF mentions Trans Mountain / TMX: Yes.",Kelt Exploration; KEL; 2026-03-12; 2025 AIFs; Trans Mountain; TMX,S6,filing,mosaic-finance.com,6,unattributed,,false,false,false,false,false,,none,,,filing,filing,true,false,false,1,false
20261007T063217378869Z-codex.both.BR09.r2-a1,both,breadth,BR09,2,7,fact,"ARC Resources (ARX), filed 2026-03-05: English 2025 AIF mentions Trans Mountain / TMX: No.",ARC Resources; ARX; 2026-03-05; 2025 AIFs; Trans Mountain; TMX,S7,filing,mosaic-finance.com,5,unattributed,,false,false,false,false,false,,none,,,unattributed,,false,false,false,5,false
20261007T063217378869Z-codex.both.BR09.r2-a1,both,breadth,BR09,2,8,fact,"Baytex Energy (BTE), filed 2026-03-04: English 2025 AIF mentions Trans Mountain / TMX: No.",Baytex Energy; BTE; 2026-03-04; 2025 AIFs; Trans Mountain; TMX,S8,filing,mosaic-finance.com,5,unattributed,,false,false,false,false,false,,none,,,unattributed,,false,false,false,5,false
20261007T063217378869Z-codex.both.BR09.r2-a1,both,breadth,BR09,2,9,fact,"Parex Resources (PXT), filed 2026-03-04: English 2025 AIF mentions Trans Mountain / TMX: No.",Parex Resources; PXT; 2026-03-04; 2025 AIFs; Trans Mountain; TMX,S9,filing,mosaic-finance.com,5,unattributed,,false,false,false,false,false,,none,,,unattributed,,false,false,false,5,false
20261007T063217378869Z-codex.both.BR09.r2-a1,both,breadth,BR09,2,10,fact,"Freehold Royalties (FRU), filed 2026-03-11: English 2025 AIF mentions Trans Mountain / TMX: No.",Freehold Royalties; FRU; 2026-03-11; 2025 AIFs; Trans Mountain; TMX,S10,filing,mosaic-finance.com,6,secondary,reference,false,false,false,false,false,reference,none,,,filing,filing,true,true,true,1,false
20261007T063217378869Z-codex.both.BR09.r2-a1,both,breadth,BR09,2,11,fact,“No” indicates that searches of the specified filing found neither “Trans Mountain” nor “TMX.”,Trans Mountain; TMX,,,,2,filing,filing,false,false,true,false,false,,none,,,filing,filing,true,false,false,2,false
20261007T063247182189Z-codex.web.BR10.r2-a1,web,breadth,BR10,2,1,fact,"Duke Energy (DUK): Yes, its Form 10-K covering the fiscal year ended December 31, 2025 mentions small modular reactors.","Duke Energy; DUK; December 31, 2025",S1,filing,filing-source,3,filing,filing,false,false,true,true,false,issuer; forum; aggregator; news; other,none,,,filing,filing,true,true,false,3,false
20261007T063247182189Z-codex.web.BR10.r2-a1,web,breadth,BR10,2,2,fact,"Dominion Energy (D): Yes, its Form 10-K covering the fiscal year ended December 31, 2025 mentions small modular reactors.","Dominion Energy; D; December 31, 2025",S2,issuer,s2.q4cdn.com,2,filing,filing,false,true,true,true,false,issuer; aggregator; news; reference,none,,,filing,filing,true,true,false,2,false
20261007T063247182189Z-codex.web.BR10.r2-a1,web,breadth,BR10,2,3,fact,"American Electric Power (AEP): Yes, its Form 10-K covering the fiscal year ended December 31, 2025 mentions small modular reactors.","American Electric Power; AEP; December 31, 2025",S3,filing,filing-source,3,filing,filing,false,false,true,true,false,issuer; aggregator; news; other,none,,,filing,filing,true,true,false,3,false
20261007T063247182189Z-codex.web.BR10.r2-a1,web,breadth,BR10,2,4,fact,"Edison International (EIX): Yes, its Form 10-K covering the fiscal year ended December 31, 2025 mentions small modular reactors.","Edison International; EIX; December 31, 2025",S4,filing,filing-source,3,filing,filing,false,false,true,true,false,issuer; aggregator; news,none,,,filing,filing,true,true,false,3,false
20261007T063247182189Z-codex.web.BR10.r2-a1,web,breadth,BR10,2,5,fact,"Pinnacle West (PNW): Yes, its Form 10-K covering the fiscal year ended December 31, 2025 mentions small modular reactors.","Pinnacle West; PNW; December 31, 2025",S5,filing,filing-source,3,filing,filing,false,false,true,true,false,issuer; forum; aggregator; news; other,none,,,filing,filing,true,true,false,3,false
20261007T063247182189Z-codex.web.BR10.r2-a1,web,breadth,BR10,2,6,fact,"Southern Company (SO): No, its Form 10-K covering the fiscal year ended December 31, 2025 does not mention small modular reactors.","Southern Company; SO; December 31, 2025",S6,aggregator,stocklight.com,3,filing,filing,false,true,true,true,false,issuer; forum; aggregator; news; reference; other,none,,,filing,filing,true,true,false,3,false
20261007T063247182189Z-codex.web.BR10.r2-a1,web,breadth,BR10,2,7,fact,"NextEra Energy (NEE): No, its Form 10-K covering the fiscal year ended December 31, 2025, in its annual report containing 10-K, does not mention small modular reactors.","NextEra Energy; NEE; December 31, 2025",S7,issuer,investor.nexteraenergy.com,3,filing,filing,false,true,true,true,false,issuer; forum; aggregator; news; reference,none,,,filing,filing,true,true,false,3,false
20261007T063247182189Z-codex.web.BR10.r2-a1,web,breadth,BR10,2,8,fact,"Exelon (EXC): No, its Form 10-K covering the fiscal year ended December 31, 2025 does not mention small modular reactors.","Exelon; EXC; December 31, 2025",S8,issuer,investors.exeloncorp.com,3,filing,filing,false,true,true,true,false,issuer; forum; aggregator; news; reference; other,none,,,filing,filing,true,true,false,3,false
20261007T063247182189Z-codex.web.BR10.r2-a1,web,breadth,BR10,2,9,fact,"Xcel Energy (XEL): No, its Form 10-K covering the fiscal year ended December 31, 2025, in its annual report containing 10-K, does not mention small modular reactors.","Xcel Energy; XEL; December 31, 2025",S9,issuer,s202.q4cdn.com,3,filing,filing,false,true,true,true,false,issuer; forum; aggregator; news; reference; other,none,,,filing,filing,true,true,false,3,false
20261007T063247182189Z-codex.web.BR10.r2-a1,web,breadth,BR10,2,10,fact,"PG&E (PCG): No, its Form 10-K covering the fiscal year ended December 31, 2025, in its annual report containing 10-K, does not mention small modular reactors.","PG&E; PCG; December 31, 2025",S10,issuer,s21.q4cdn.com,3,filing,filing,false,true,true,false,false,issuer; forum; aggregator; news; reference,none,,,filing,filing,true,false,false,3,false
20261007T063315262502Z-codex.archivist.BR10.r2-a1,archivist,breadth,BR10,2,1,fact,"Duke Energy (DUK) mentions small modular reactors in its 10-K for the fiscal year ended December 31, 2025.","Duke Energy; DUK; December 31, 2025",S1,filing,mosaic-finance.com,3,filing,filing,false,false,true,false,false,,none,,,filing,filing,true,false,false,3,false
20261007T063315262502Z-codex.archivist.BR10.r2-a1,archivist,breadth,BR10,2,2,fact,"Dominion Energy (D) mentions small modular reactors in its 10-K for the fiscal year ended December 31, 2025.","Dominion Energy; D; December 31, 2025",S2,filing,mosaic-finance.com,2,filing,filing,false,false,true,false,false,,none,,,filing,filing,true,false,false,2,false
20261007T063315262502Z-codex.archivist.BR10.r2-a1,archivist,breadth,BR10,2,3,fact,"American Electric Power (AEP) mentions small modular reactors in its 10-K for the fiscal year ended December 31, 2025.","American Electric Power; AEP; December 31, 2025",S3,filing,mosaic-finance.com,3,filing,filing,false,false,true,false,false,,none,,,filing,filing,true,false,false,3,false
20261007T063315262502Z-codex.archivist.BR10.r2-a1,archivist,breadth,BR10,2,4,fact,"Edison International (EIX) mentions small modular reactors in its 10-K for the fiscal year ended December 31, 2025.","Edison International; EIX; December 31, 2025",S4,filing,mosaic-finance.com,3,filing,filing,false,false,true,false,false,,none,,,filing,filing,true,false,false,3,false
20261007T063315262502Z-codex.archivist.BR10.r2-a1,archivist,breadth,BR10,2,5,fact,"Pinnacle West (PNW) mentions small modular reactors in its 10-K for the fiscal year ended December 31, 2025.","Pinnacle West; PNW; December 31, 2025",S5,filing,mosaic-finance.com,3,filing,filing,false,false,true,false,false,,none,,,filing,filing,true,false,false,3,false
20261007T063315262502Z-codex.archivist.BR10.r2-a1,archivist,breadth,BR10,2,6,fact,"Southern Company (SO) does not mention small modular reactors in its 10-K for the fiscal year ended December 31, 2025.","Southern Company; SO; December 31, 2025",S6,filing,mosaic-finance.com,3,filing,filing,false,false,true,false,false,,none,,,filing,filing,true,false,false,3,false
20261007T063315262502Z-codex.archivist.BR10.r2-a1,archivist,breadth,BR10,2,7,fact,"NextEra Energy (NEE) does not mention small modular reactors in its 10-K for the fiscal year ended December 31, 2025.","NextEra Energy; NEE; December 31, 2025",S7,filing,mosaic-finance.com,3,filing,filing,false,false,true,false,false,,none,,,filing,filing,true,false,false,3,false
20261007T063315262502Z-codex.archivist.BR10.r2-a1,archivist,breadth,BR10,2,8,fact,"Exelon (EXC) does not mention small modular reactors in its 10-K for the fiscal year ended December 31, 2025.","Exelon; EXC; December 31, 2025",S8,filing,mosaic-finance.com,3,filing,filing,false,false,true,false,false,,none,,,filing,filing,true,false,false,3,false
20261007T063315262502Z-codex.archivist.BR10.r2-a1,archivist,breadth,BR10,2,9,fact,"Xcel Energy (XEL) does not mention small modular reactors in its 10-K for the fiscal year ended December 31, 2025.","Xcel Energy; XEL; December 31, 2025",S9,filing,mosaic-finance.com,3,filing,filing,false,false,true,false,false,,none,,,filing,filing,true,false,false,3,false
20261007T063315262502Z-codex.archivist.BR10.r2-a1,archivist,breadth,BR10,2,10,fact,"PG&E Corporation (PCG) does not mention small modular reactors in its 10-K for the fiscal year ended December 31, 2025.","PG&E Corporation; PCG; December 31, 2025",S10,filing,mosaic-finance.com,3,filing,filing,false,false,true,false,false,,none,,,filing,filing,true,false,false,3,false
20261007T063315262502Z-codex.archivist.BR10.r2-a1,archivist,breadth,BR10,2,11,fact,"“No” reflects filing-wide searches finding no mentions of “small modular,” “modular,” or “SMR.”",,,,,0,unattributed,,true,false,false,false,false,,none,,,unattributed,,false,false,false,0,true
20261007T063418244404Z-codex.both.BR10.r2-a1,both,breadth,BR10,2,1,fact,"Duke Energy (DUK): Yes, its Form 10-K covering the fiscal year ended December 31, 2025 mentions small modular nuclear reactors.","Duke Energy; DUK; December 31, 2025",S1,filing,mosaic-finance.com,3,filing,filing,false,false,true,false,false,forum,none,,,filing,filing,true,false,false,3,false
20261007T063418244404Z-codex.both.BR10.r2-a1,both,breadth,BR10,2,2,fact,"Dominion Energy (D): Yes, its Form 10-K covering the fiscal year ended December 31, 2025 mentions small modular nuclear reactors.","Dominion Energy; D; December 31, 2025",S2,filing,mosaic-finance.com,2,filing,filing,false,false,true,false,false,issuer; reference,none,,,filing,filing,true,false,false,2,false
20261007T063418244404Z-codex.both.BR10.r2-a1,both,breadth,BR10,2,3,fact,"American Electric Power (AEP): Yes, its Form 10-K covering the fiscal year ended December 31, 2025 mentions small modular nuclear reactors.","American Electric Power; AEP; December 31, 2025",S3,filing,mosaic-finance.com,3,filing,filing,false,false,true,false,false,,none,,,filing,filing,true,false,false,3,false
20261007T063418244404Z-codex.both.BR10.r2-a1,both,breadth,BR10,2,4,fact,"Edison International (EIX): Yes, its Form 10-K covering the fiscal year ended December 31, 2025 mentions small modular nuclear reactors.","Edison International; EIX; December 31, 2025",S4,filing,mosaic-finance.com,3,filing,filing,false,false,true,false,false,,none,,,filing,filing,true,false,false,3,false
20261007T063418244404Z-codex.both.BR10.r2-a1,both,breadth,BR10,2,5,fact,"Pinnacle West Capital (PNW): Yes, its Form 10-K covering the fiscal year ended December 31, 2025 mentions small modular nuclear reactors.","Pinnacle West Capital; PNW; December 31, 2025",S5,filing,mosaic-finance.com,3,filing,filing,false,false,true,false,false,aggregator; reference,none,,,filing,filing,true,false,false,3,false
20261007T063418244404Z-codex.both.BR10.r2-a1,both,breadth,BR10,2,6,fact,"Southern Company (SO): No, its Form 10-K covering the fiscal year ended December 31, 2025 does not mention small modular nuclear reactors.","Southern Company; SO; December 31, 2025",S6,filing,mosaic-finance.com,3,filing,filing,false,false,true,false,false,issuer; other,none,,,filing,filing,true,false,false,3,false
20261007T063418244404Z-codex.both.BR10.r2-a1,both,breadth,BR10,2,7,fact,"NextEra Energy (NEE): No, its Form 10-K covering the fiscal year ended December 31, 2025 does not mention small modular nuclear reactors.","NextEra Energy; NEE; December 31, 2025",S7,filing,mosaic-finance.com,3,filing,filing,false,false,true,false,false,,none,,,filing,filing,true,false,false,3,false
20261007T063418244404Z-codex.both.BR10.r2-a1,both,breadth,BR10,2,8,fact,"Exelon (EXC): No, its Form 10-K covering the fiscal year ended December 31, 2025 does not mention small modular nuclear reactors.","Exelon; EXC; December 31, 2025",S8,filing,mosaic-finance.com,3,filing,filing,false,false,true,false,false,reference,none,,,filing,filing,true,false,false,3,false
20261007T063418244404Z-codex.both.BR10.r2-a1,both,breadth,BR10,2,9,fact,"Xcel Energy (XEL): No, its Form 10-K covering the fiscal year ended December 31, 2025 does not mention small modular nuclear reactors.","Xcel Energy; XEL; December 31, 2025",S9,filing,mosaic-finance.com,3,filing,filing,false,false,true,false,false,,none,,,filing,filing,true,false,false,3,false
20261007T063418244404Z-codex.both.BR10.r2-a1,both,breadth,BR10,2,10,fact,"PG&E Corporation (PCG): No, its Form 10-K covering the fiscal year ended December 31, 2025 does not mention small modular nuclear reactors.","PG&E Corporation; PCG; December 31, 2025",S10,filing,mosaic-finance.com,3,filing,filing,false,false,true,false,false,aggregator,none,,,filing,filing,true,false,false,3,false
20261007T063418244404Z-codex.both.BR10.r2-a1,both,breadth,BR10,2,11,fact,"For each No, searches of the filing found neither “modular” nor “SMR.”",,,,,0,unattributed,,true,false,false,false,false,,none,,,unattributed,,false,false,false,0,true
20261007T063443727319Z-codex.web.BR06.r3-a1,web,breadth,BR06,3,1,fact,"Loblaw (L): Approximately 220,000; Jan. 3, 2026; full- and part-time employees, including subsidiaries, franchisees and Associates.","Loblaw; L; 220,000; Jan. 3, 2026; Associates",S1,issuer,dis-prod.assetful.loblaw.ca,4,secondary,issuer,false,true,false,false,false,issuer; forum; aggregator; reference,none,,,filing,filing,true,true,false,1,false
20261007T063443727319Z-codex.web.BR06.r3-a1,web,breadth,BR06,3,2,fact,"Metro (MRU): Approximately 46,721; Sept. 27, 2025; people employed directly.","Metro; MRU; 46,721; Sept. 27, 2025",S2,issuer,corpo.metro.ca,4,secondary,issuer,false,true,false,false,false,issuer; forum; reference,none,,,secondary,issuer,false,true,false,1,false
20261007T063443727319Z-codex.web.BR06.r3-a1,web,breadth,BR06,3,3,fact,"Nutrien (NTR): Approximately 25,100; Dec. 31, 2025.","Nutrien; NTR; 25,100; Dec. 31, 2025",S3,filing,filing-source,4,secondary,issuer,false,false,false,false,false,issuer; aggregator; reference,none,,,filing,filing,true,false,false,1,false
20261007T063443727319Z-codex.web.BR06.r3-a1,web,breadth,BR06,3,4,fact,"BCE (BCE): 38,683; Dec. 31, 2025; total.","BCE; 38,683; Dec. 31, 2025",S4,filing,filing-source,3,secondary,issuer,false,false,false,false,false,issuer; aggregator; reference,none,,,filing,filing,true,true,false,1,false
20261007T063443727319Z-codex.web.BR06.r3-a1,web,breadth,BR06,3,5,fact,"TFI International (TFII): Approximately 24,900; Dec. 31, 2025.","TFI International; TFII; 24,900; Dec. 31, 2025",S5,issuer,tfiintl.com,4,secondary,issuer,false,true,false,false,false,issuer; reference,none,,,filing,filing,true,true,false,1,false
20261007T063443727319Z-codex.web.BR06.r3-a1,web,breadth,BR06,3,6,fact,"Thomson Reuters (TRI): Approximately 27,100; Dec. 31, 2025; total.","Thomson Reuters; TRI; 27,100; Dec. 31, 2025",S6,aggregator,cdn.yahoofinance.com,4,secondary,issuer,false,true,false,false,false,issuer; aggregator; news; reference; other,none,,,filing,filing,true,true,false,1,false
20261007T063443727319Z-codex.web.BR06.r3-a1,web,breadth,BR06,3,7,fact,"Magna (MG): Approximately 156,000; includes approximately 144,000 at wholly owned/controlled entities and 12,000 at equity-accounted operations.","Magna; MG; 156,000; 144,000; 12,000",S7,filing,filing-source,5,secondary,issuer,false,false,false,true,false,issuer; forum; aggregator; reference,none,,,filing,filing,true,true,false,3,false
20261007T063443727319Z-codex.web.BR06.r3-a1,web,breadth,BR06,3,8,fact,"CAE (CAE): Approximately 11,500; FY ended March 31, 2026.","CAE; 11,500; March 31, 2026",S8,filing,filing-source,3,filing,filing,false,false,true,false,false,aggregator,none,,,filing,filing,true,false,false,1,false
20261007T063513197054Z-codex.archivist.BR06.r3-a1,archivist,breadth,BR06,3,1,fact,"Loblaw (L) AIF filed 2026-02-25; Approximately 220,000 at 2026-01-03; full- and part-time employees through subsidiaries, franchisees and Associates.","Loblaw; L; 2026-02-25; Approximately 220,000; 2026-01-03; Associates",S1,filing,mosaic-finance.com,4,filing,filing,false,false,true,false,false,,none,,,filing,filing,true,false,false,2,false
20261007T063513197054Z-codex.archivist.BR06.r3-a1,archivist,breadth,BR06,3,2,fact,"Metro (MRU) AIF filed 2025-12-12; Approximately 46,721 people employed directly at 2025-09-27.","Metro; MRU; 2025-12-12; Approximately 46,721; 2025-09-27",S2,filing,mosaic-finance.com,6,filing,filing,false,false,true,false,false,,none,,,filing,filing,true,false,false,4,false
20261007T063513197054Z-codex.archivist.BR06.r3-a1,archivist,breadth,BR06,3,3,fact,"Nutrien (NTR) AIF filed 2026-02-27; Approximately 25,100 at 2025-12-31.","Nutrien; NTR; 2026-02-27; Approximately 25,100; 2025-12-31",S3,filing,mosaic-finance.com,6,filing,filing,false,false,true,false,false,,none,,,filing,filing,true,false,false,4,false
20261007T063513197054Z-codex.archivist.BR06.r3-a1,archivist,breadth,BR06,3,4,fact,"BCE (BCE) AIF filed 2026-03-06; 38,683 total at 2025-12-31.","BCE; 2026-03-06; 38,683; 2025-12-31",S4,filing,mosaic-finance.com,4,filing,filing,false,false,true,false,false,,none,,,filing,filing,true,false,false,3,false
20261007T063513197054Z-codex.archivist.BR06.r3-a1,archivist,breadth,BR06,3,5,fact,"TFI International (TFII) AIF filed 2026-02-17; Approximately 24,900 at 2025-12-31.","TFI International; TFII; 2026-02-17; Approximately 24,900; 2025-12-31",S5,filing,mosaic-finance.com,6,filing,filing,false,false,true,false,false,,none,,,filing,filing,true,false,false,4,false
20261007T063513197054Z-codex.archivist.BR06.r3-a1,archivist,breadth,BR06,3,6,fact,"Thomson Reuters (TRI) AIF filed 2026-03-05; Approximately 27,100 total at 2025-12-31.","Thomson Reuters; TRI; 2026-03-05; Approximately 27,100; 2025-12-31",S6,filing,mosaic-finance.com,5,filing,filing,false,false,true,false,false,,none,,,filing,filing,true,false,false,3,false
20261007T063513197054Z-codex.archivist.BR06.r3-a1,archivist,breadth,BR06,3,7,fact,"Magna (MG) AIF filed 2026-03-27; Approximately 156,000, including approximately 12,000 at equity-accounted operations.","Magna; MG; 2026-03-27; Approximately 156,000; approximately 12,000",S7,filing,mosaic-finance.com,5,filing,filing,false,false,true,false,false,,none,,,filing,filing,true,false,false,3,false
20261007T063513197054Z-codex.archivist.BR06.r3-a1,archivist,breadth,BR06,3,8,fact,"CAE (CAE) AIF filed 2026-06-19; Approximately 11,500, reported in the AIF for the fiscal year ended 2026-03-31.","CAE; 2026-06-19; Approximately 11,500; 2026-03-31",S8,filing,mosaic-finance.com,4,filing,filing,false,false,true,false,false,,none,,,filing,filing,true,false,false,3,false
20261007T063547803474Z-codex.both.BR06.r3-a1,both,breadth,BR06,3,1,fact,"Loblaw (L): Approximately 220,000 employees; Jan. 3, 2026; full-time and part-time, including subsidiaries, franchisees and Associates.","Loblaw; L; 220,000; Jan. 3, 2026; Associates",S1,issuer,dis-prod.assetful.loblaw.ca,4,secondary,issuer,false,true,false,false,false,issuer; forum; aggregator,none,,,secondary,issuer,false,true,false,1,false
20261007T063547803474Z-codex.both.BR06.r3-a1,both,breadth,BR06,3,2,fact,"Metro (MRU): Approximately 46,721 employees; Sept. 27, 2025; people employed directly.","Metro; MRU; 46,721; Sept. 27, 2025",S2,issuer,corpo.metro.ca,4,secondary,issuer,false,true,false,false,false,issuer,none,,,secondary,issuer,false,true,false,1,false
20261007T063547803474Z-codex.both.BR06.r3-a1,both,breadth,BR06,3,3,fact,"Nutrien (NTR): Approximately 25,100 employees; Dec. 31, 2025.","Nutrien; NTR; 25,100; Dec. 31, 2025",S3,filing,filing-source,4,secondary,issuer,false,false,false,false,false,issuer; aggregator; reference; other,none,,,filing,filing,true,false,false,1,false
20261007T063547803474Z-codex.both.BR06.r3-a1,both,breadth,BR06,3,4,fact,"BCE (BCE): 38,683 employees; Dec. 31, 2025; total.","BCE; 38,683; Dec. 31, 2025",S4,issuer,bce.ca,3,secondary,issuer,false,true,false,false,false,issuer,none,,,secondary,issuer,false,true,false,1,false
20261007T063547803474Z-codex.both.BR06.r3-a1,both,breadth,BR06,3,5,fact,"TFI International (TFII): Approximately 24,900 employees; Dec. 31, 2025.","TFI International; TFII; 24,900; Dec. 31, 2025",S5,issuer,tfiintl.com,4,secondary,issuer,false,true,false,false,false,issuer; reference,none,,,secondary,issuer,false,true,false,1,false
20261007T063547803474Z-codex.both.BR06.r3-a1,both,breadth,BR06,3,6,fact,"Thomson Reuters (TRI): Approximately 27,100 employees; Dec. 31, 2025; total.","Thomson Reuters; TRI; 27,100; Dec. 31, 2025",S6,filing,filing-source,4,secondary,issuer,false,false,false,false,false,issuer; forum; promotional; aggregator; reference,none,,,filing,filing,true,true,false,1,false
20261007T063547803474Z-codex.both.BR06.r3-a1,both,breadth,BR06,3,7,fact,"Magna (MG): Approximately 156,000 employees. Includes approximately 144,000 at wholly owned/controlled entities and 12,000 at equity-accounted operations.","Magna; MG; 156,000; 144,000; 12,000",S7,issuer,magna.com,5,secondary,issuer,false,true,false,true,false,issuer; aggregator; reference,none,,,secondary,issuer,false,true,false,3,false
20261007T063547803474Z-codex.both.BR06.r3-a1,both,breadth,BR06,3,8,fact,"CAE (CAE): Approximately 11,500 employees; FY ended March 31, 2026.","CAE; 11,500; March 31, 2026",S8,filing,filing-source,3,filing,filing,false,false,true,false,false,issuer; aggregator,none,,,filing,filing,true,false,false,1,false
20261007T063606188736Z-codex.web.BR07.r3-a1,web,breadth,BR07,3,1,fact,TUPRS selected Güney Bağımsız Denetim ve Serbest Muhasebeci Mali Müşavirlik A.Ş. for the 2026 fiscal year.,TUPRS; Güney Bağımsız Denetim ve Serbest Muhasebeci Mali Müşavirlik A.Ş.; 2026 fiscal year,S1,filing,filing-source,3,secondary,aggregator,false,false,false,false,false,aggregator,none,,,secondary,aggregator,false,false,false,3,false
20261007T063606188736Z-codex.web.BR07.r3-a1,web,breadth,BR07,3,2,fact,TUPRS general assembly date: 11 March 2026.,TUPRS; 11 March 2026,S1,filing,filing-source,2,secondary,aggregator,false,false,false,false,false,aggregator,none,,,secondary,aggregator,false,false,false,2,false
20261007T063606188736Z-codex.web.BR07.r3-a1,web,breadth,BR07,3,3,fact,"TUPRS dated disclosure: KAP, 11 March.",TUPRS; KAP; 11 March,S1,filing,filing-source,3,secondary,aggregator,false,false,false,false,false,aggregator,none,,,secondary,aggregator,false,false,false,3,false
20261007T063606188736Z-codex.web.BR07.r3-a1,web,breadth,BR07,3,4,fact,HALKB selected KPMG Bağımsız Denetim ve Serbest Muhasebeci Mali Müşavirlik A.Ş. for the 2026 fiscal year.,HALKB; KPMG Bağımsız Denetim ve Serbest Muhasebeci Mali Müşavirlik A.Ş.; 2026 fiscal year,S2,filing,filing-source,3,secondary,aggregator,false,false,false,false,false,aggregator,none,,,secondary,aggregator,false,false,false,3,false
20261007T063606188736Z-codex.web.BR07.r3-a1,web,breadth,BR07,3,5,fact,HALKB general assembly date: 9 April 2026.,HALKB; 9 April 2026,S2,filing,filing-source,2,secondary,aggregator,false,false,false,false,false,aggregator,none,,,secondary,aggregator,false,false,false,2,false
20261007T063606188736Z-codex.web.BR07.r3-a1,web,breadth,BR07,3,6,fact,"HALKB dated disclosure: KAP, 21 April.",HALKB; KAP; 21 April,S2,filing,filing-source,3,secondary,aggregator,false,false,false,false,false,aggregator,none,,,secondary,aggregator,false,false,false,3,false
20261007T063606188736Z-codex.web.BR07.r3-a1,web,breadth,BR07,3,7,fact,GARAN selected Güney Bağımsız Denetim ve Serbest Muhasebeci Mali Müşavirlik A.Ş. (EY) for the 2026 fiscal year.,GARAN; Güney Bağımsız Denetim ve Serbest Muhasebeci Mali Müşavirlik A.Ş.; EY; 2026 fiscal year,S3,filing,filing-source,4,secondary,aggregator,false,false,false,false,false,aggregator,none,,,secondary,aggregator,false,false,false,4,false
20261007T063606188736Z-codex.web.BR07.r3-a1,web,breadth,BR07,3,8,fact,GARAN general assembly date: 31 March 2026.,GARAN; 31 March 2026,S3,filing,filing-source,2,secondary,aggregator,false,false,false,false,false,aggregator,none,,,secondary,aggregator,false,false,false,2,false
20261007T063606188736Z-codex.web.BR07.r3-a1,web,breadth,BR07,3,9,fact,"GARAN dated disclosure: KAP, 2 April.",GARAN; KAP; 2 April,S3,filing,filing-source,3,secondary,aggregator,false,false,false,false,false,aggregator,none,,,secondary,aggregator,false,false,false,3,false
20261007T063606188736Z-codex.web.BR07.r3-a1,web,breadth,BR07,3,10,fact,TOASO selected DRT Bağımsız Denetim ve Serbest Muhasebeci Mali Müşavirlik A.Ş. for the 2026 fiscal year.,TOASO; DRT Bağımsız Denetim ve Serbest Muhasebeci Mali Müşavirlik A.Ş.; 2026 fiscal year,S4,filing,filing-source,3,secondary,aggregator,false,false,false,false,false,aggregator,none,,,secondary,aggregator,false,false,false,3,false
20261007T063606188736Z-codex.web.BR07.r3-a1,web,breadth,BR07,3,11,fact,TOASO general assembly date: 16 March 2026.,TOASO; 16 March 2026,S4,filing,filing-source,2,secondary,aggregator,false,false,false,false,false,aggregator,none,,,secondary,aggregator,false,false,false,2,false
20261007T063606188736Z-codex.web.BR07.r3-a1,web,breadth,BR07,3,12,fact,"TOASO dated disclosure: KAP, 16 March.",TOASO; KAP; 16 March,S4,filing,filing-source,3,secondary,aggregator,false,false,false,false,false,aggregator,none,,,secondary,aggregator,false,false,false,3,false
20261007T063606188736Z-codex.web.BR07.r3-a1,web,breadth,BR07,3,13,fact,DOAS selected KPMG Bağımsız Denetim ve Serbest Muhasebeci Mali Müşavirlik A.Ş. for the 2026 fiscal year.,DOAS; KPMG Bağımsız Denetim ve Serbest Muhasebeci Mali Müşavirlik A.Ş.; 2026 fiscal year,S5,filing,filing-source,3,secondary,aggregator,false,false,false,false,false,aggregator,none,,,secondary,aggregator,false,false,false,3,false
20261007T063606188736Z-codex.web.BR07.r3-a1,web,breadth,BR07,3,14,fact,DOAS general assembly date: 26 March 2026.,DOAS; 26 March 2026,S5,filing,filing-source,2,secondary,aggregator,false,false,false,false,false,aggregator,none,,,secondary,aggregator,false,false,false,2,false
20261007T063606188736Z-codex.web.BR07.r3-a1,web,breadth,BR07,3,15,fact,"DOAS dated disclosure: KAP, 31 March.",DOAS; KAP; 31 March,S5,filing,filing-source,3,secondary,aggregator,false,false,false,false,false,aggregator,none,,,secondary,aggregator,false,false,false,3,false
20261007T063606188736Z-codex.web.BR07.r3-a1,web,breadth,BR07,3,16,fact,SISE selected PwC Bağımsız Denetim ve Serbest Muhasebeci Mali Müşavirlik A.Ş. for the 2026 fiscal year.,SISE; PwC Bağımsız Denetim ve Serbest Muhasebeci Mali Müşavirlik A.Ş.; 2026 fiscal year,S6,filing,filing-source,3,secondary,aggregator,false,false,false,false,false,aggregator,none,,,secondary,aggregator,false,false,false,3,false
20261007T063606188736Z-codex.web.BR07.r3-a1,web,breadth,BR07,3,17,fact,SISE general assembly date: 27 March 2026.,SISE; 27 March 2026,S6,filing,filing-source,2,secondary,aggregator,false,false,false,false,false,aggregator,none,,,secondary,aggregator,false,false,false,2,false
20261007T063606188736Z-codex.web.BR07.r3-a1,web,breadth,BR07,3,18,fact,"SISE dated disclosure: KAP, 27 March.",SISE; KAP; 27 March,S6,filing,filing-source,3,secondary,aggregator,false,false,false,false,false,aggregator,none,,,secondary,aggregator,false,false,false,3,false
20261007T063606188736Z-codex.web.BR07.r3-a1,web,breadth,BR07,3,19,fact,SAHOL selected DRT Bağımsız Denetim ve Serbest Muhasebeci Mali Müşavirlik A.Ş. for the 2026 fiscal year.,SAHOL; DRT Bağımsız Denetim ve Serbest Muhasebeci Mali Müşavirlik A.Ş.; 2026 fiscal year,S7,filing,filing-source,3,secondary,aggregator,false,false,false,false,false,aggregator,none,,,secondary,aggregator,false,false,false,3,false
20261007T063606188736Z-codex.web.BR07.r3-a1,web,breadth,BR07,3,20,fact,SAHOL general assembly date: 31 March 2026.,SAHOL; 31 March 2026,S7,filing,filing-source,2,secondary,aggregator,false,false,false,false,false,aggregator,none,,,secondary,aggregator,false,false,false,2,false
20261007T063606188736Z-codex.web.BR07.r3-a1,web,breadth,BR07,3,21,fact,"SAHOL dated disclosure: KAP, 31 March.",SAHOL; KAP; 31 March,S7,filing,filing-source,3,secondary,aggregator,false,false,false,false,false,aggregator,none,,,secondary,aggregator,false,false,false,3,false
20261007T063606188736Z-codex.web.BR07.r3-a1,web,breadth,BR07,3,22,fact,TTKOM selected Güney Bağımsız Denetim ve Serbest Muhasebeci Mali Müşavirlik A.Ş. for the 2026 fiscal year.,TTKOM; Güney Bağımsız Denetim ve Serbest Muhasebeci Mali Müşavirlik A.Ş.; 2026 fiscal year,S8,filing,filing-source,3,secondary,aggregator,false,false,false,false,false,aggregator,none,,,secondary,aggregator,false,false,false,3,false
20261007T063606188736Z-codex.web.BR07.r3-a1,web,breadth,BR07,3,23,fact,TTKOM general assembly date: 9 April 2026.,TTKOM; 9 April 2026,S8,filing,filing-source,2,secondary,aggregator,false,false,false,false,false,aggregator,none,,,secondary,aggregator,false,false,false,2,false
20261007T063606188736Z-codex.web.BR07.r3-a1,web,breadth,BR07,3,24,fact,"TTKOM dated disclosure: KAP, 9 April.",TTKOM; KAP; 9 April,S8,filing,filing-source,3,secondary,aggregator,false,false,false,false,false,aggregator,none,,,secondary,aggregator,false,false,false,3,false
20261007T063647368108Z-codex.archivist.BR07.r3-a1,archivist,breadth,BR07,3,1,fact,TUPRS: Independent audit firm selected for fiscal 2026 — Güney Bağımsız Denetim ve Serbest Muhasebeci Mali Müşavirlik A.Ş.; General assembly date — 11 March 2026; Source (filing date) — 11 March 2026 disclosure.,TUPRS; fiscal 2026; Güney Bağımsız Denetim ve Serbest Muhasebeci Mali Müşavirlik A.Ş.; 11 March 2026,S1,filing,mosaic-finance.com,3,unattributed,,false,false,false,false,false,,none,,,unattributed,,false,false,false,3,false
20261007T063647368108Z-codex.archivist.BR07.r3-a1,archivist,breadth,BR07,3,2,fact,HALKB: Independent audit firm selected for fiscal 2026 — KPMG Bağımsız Denetim ve Serbest Muhasebeci Mali Müşavirlik A.Ş.; General assembly date — 9 April 2026; Source (filing date) — 21 April 2026 disclosure.,HALKB; fiscal 2026; KPMG Bağımsız Denetim ve Serbest Muhasebeci Mali Müşavirlik A.Ş.; 9 April 2026; 21 April 2026,S2,filing,mosaic-finance.com,4,unattributed,,false,false,false,false,false,,none,,,unattributed,,false,false,false,4,false
20261007T063647368108Z-codex.archivist.BR07.r3-a1,archivist,breadth,BR07,3,3,fact,GARAN: Independent audit firm selected for fiscal 2026 — Güney Bağımsız Denetim ve Serbest Muhasebeci Mali Müşavirlik A.Ş. (EY); General assembly date — 31 March 2026; Source (filing date) — 2 April 2026 disclosure.,GARAN; fiscal 2026; Güney Bağımsız Denetim ve Serbest Muhasebeci Mali Müşavirlik A.Ş.; EY; 31 March 2026; 2 April 2026,S3,filing,mosaic-finance.com,5,unattributed,,false,false,false,false,false,,none,,,unattributed,,false,false,false,5,false
20261007T063647368108Z-codex.archivist.BR07.r3-a1,archivist,breadth,BR07,3,4,fact,TOASO: Independent audit firm selected for fiscal 2026 — DRT Bağımsız Denetim ve Serbest Muhasebeci Mali Müşavirlik A.Ş.; General assembly date — 16 March 2026; Source (filing date) — 16 March 2026 disclosure.,TOASO; fiscal 2026; DRT Bağımsız Denetim ve Serbest Muhasebeci Mali Müşavirlik A.Ş.; 16 March 2026,S4,filing,mosaic-finance.com,3,unattributed,,false,false,false,false,false,,none,,,unattributed,,false,false,false,3,false
20261007T063647368108Z-codex.archivist.BR07.r3-a1,archivist,breadth,BR07,3,5,fact,DOAS: Independent audit firm selected for fiscal 2026 — KPMG Bağımsız Denetim ve Serbest Muhasebeci Mali Müşavirlik A.Ş.; General assembly date — 26 March 2026; Source (filing date) — 31 March 2026 disclosure.,DOAS; fiscal 2026; KPMG Bağımsız Denetim ve Serbest Muhasebeci Mali Müşavirlik A.Ş.; 26 March 2026; 31 March 2026,S5,filing,mosaic-finance.com,4,unattributed,,false,false,false,false,false,,none,,,unattributed,,false,false,false,4,false
20261007T063647368108Z-codex.archivist.BR07.r3-a1,archivist,breadth,BR07,3,6,fact,SISE: Independent audit firm selected for fiscal 2026 — PwC Bağımsız Denetim ve Serbest Muhasebeci Mali Müşavirlik A.Ş.; General assembly date — 27 March 2026; Source (filing date) — 27 March 2026 disclosure.,SISE; fiscal 2026; PwC Bağımsız Denetim ve Serbest Muhasebeci Mali Müşavirlik A.Ş.; 27 March 2026,S6,filing,mosaic-finance.com,3,filing,filing,false,false,true,false,false,,none,,,filing,filing,true,false,false,3,false
20261007T063647368108Z-codex.archivist.BR07.r3-a1,archivist,breadth,BR07,3,7,fact,SAHOL: Independent audit firm selected for fiscal 2026 — DRT Bağımsız Denetim ve Serbest Muhasebeci Mali Müşavirlik A.Ş.; General assembly date — 31 March 2026; Source (filing date) — 31 March 2026 disclosure.,SAHOL; fiscal 2026; DRT Bağımsız Denetim ve Serbest Muhasebeci Mali Müşavirlik A.Ş.; 31 March 2026,S7,filing,mosaic-finance.com,3,unattributed,,false,false,false,false,false,,none,,,unattributed,,false,false,false,3,false
20261007T063647368108Z-codex.archivist.BR07.r3-a1,archivist,breadth,BR07,3,8,fact,TTKOM: Independent audit firm selected for fiscal 2026 — Güney Bağımsız Denetim ve Serbest Muhasebeci Mali Müşavirlik A.Ş. (Ernst & Young); General assembly date — 9 April 2026; Source (filing date) — 9 April 2026 disclosure.,TTKOM; fiscal 2026; Güney Bağımsız Denetim ve Serbest Muhasebeci Mali Müşavirlik A.Ş.; Ernst & Young; 9 April 2026,S8,filing,mosaic-finance.com,4,unattributed,,false,false,false,false,false,,none,,,unattributed,,false,false,false,4,false
20261007T063709621505Z-codex.both.BR07.r3-a1,both,breadth,BR07,3,1,fact,TUPRS: Güney Bağımsız Denetim ve Serbest Muhasebeci Mali Müşavirlik A.Ş. selected for fiscal 2026; general assembly date 2026-03-11; disclosure filing date 2026-03-11.,TUPRS; Güney Bağımsız Denetim ve Serbest Muhasebeci Mali Müşavirlik A.Ş.; fiscal 2026; 2026-03-11,S1,filing,mosaic-finance.com,3,filing,filing,false,false,true,false,false,,none,,,filing,filing,true,false,false,1,false
20261007T063709621505Z-codex.both.BR07.r3-a1,both,breadth,BR07,3,2,fact,HALKB: KPMG Bağımsız Denetim ve Serbest Muhasebeci Mali Müşavirlik A.Ş. selected for fiscal 2026; general assembly date 2026-04-09; disclosure filing date 2026-04-21.,HALKB; KPMG Bağımsız Denetim ve Serbest Muhasebeci Mali Müşavirlik A.Ş.; fiscal 2026; 2026-04-09; 2026-04-21,S2,filing,mosaic-finance.com,3,filing,filing,false,false,true,false,false,,none,,,filing,filing,true,false,false,1,false
20261007T063709621505Z-codex.both.BR07.r3-a1,both,breadth,BR07,3,3,fact,GARAN: Güney Bağımsız Denetim ve Serbest Muhasebeci Mali Müşavirlik A.Ş. (EY) selected for fiscal 2026; general assembly date 2026-03-31; disclosure filing date 2026-04-02.,GARAN; Güney Bağımsız Denetim ve Serbest Muhasebeci Mali Müşavirlik A.Ş.; EY; fiscal 2026; 2026-03-31; 2026-04-02,S3,filing,mosaic-finance.com,4,filing,filing,false,false,true,false,false,,none,,,filing,filing,true,false,false,1,false
20261007T063709621505Z-codex.both.BR07.r3-a1,both,breadth,BR07,3,4,fact,TOASO: DRT Bağımsız Denetim ve Serbest Muhasebeci Mali Müşavirlik A.Ş. selected for fiscal 2026; general assembly date 2026-03-16; disclosure filing date 2026-03-16.,TOASO; DRT Bağımsız Denetim ve Serbest Muhasebeci Mali Müşavirlik A.Ş.; fiscal 2026; 2026-03-16,S4,filing,mosaic-finance.com,3,filing,filing,false,false,true,false,false,,none,,,filing,filing,true,false,false,1,false
20261007T063709621505Z-codex.both.BR07.r3-a1,both,breadth,BR07,3,5,fact,DOAS: KPMG Bağımsız Denetim ve Serbest Muhasebeci Mali Müşavirlik A.Ş. selected for fiscal 2026; general assembly date 2026-03-26; disclosure filing date 2026-03-31.,DOAS; KPMG Bağımsız Denetim ve Serbest Muhasebeci Mali Müşavirlik A.Ş.; fiscal 2026; 2026-03-26; 2026-03-31,S5,filing,mosaic-finance.com,4,filing,filing,false,false,true,false,false,,none,,,filing,filing,true,false,false,2,false
20261007T063709621505Z-codex.both.BR07.r3-a1,both,breadth,BR07,3,6,fact,SISE: PwC Bağımsız Denetim ve Serbest Muhasebeci Mali Müşavirlik A.Ş. selected for fiscal 2026; general assembly date 2026-03-27; disclosure filing date 2026-03-27.,SISE; PwC Bağımsız Denetim ve Serbest Muhasebeci Mali Müşavirlik A.Ş.; fiscal 2026; 2026-03-27,S6,filing,mosaic-finance.com,3,filing,filing,false,false,true,false,false,,none,,,filing,filing,true,false,false,1,false
20261007T063709621505Z-codex.both.BR07.r3-a1,both,breadth,BR07,3,7,fact,SAHOL: DRT Bağımsız Denetim ve Serbest Muhasebeci Mali Müşavirlik A.Ş. selected for fiscal 2026; general assembly date 2026-03-31; disclosure filing date 2026-03-31.,SAHOL; DRT Bağımsız Denetim ve Serbest Muhasebeci Mali Müşavirlik A.Ş.; fiscal 2026; 2026-03-31,S7,filing,mosaic-finance.com,3,filing,filing,false,false,true,false,false,,none,,,filing,filing,true,false,false,1,false
20261007T063709621505Z-codex.both.BR07.r3-a1,both,breadth,BR07,3,8,fact,TTKOM: Güney Bağımsız Denetim ve Serbest Muhasebeci Mali Müşavirlik A.Ş. (Ernst & Young) selected for fiscal 2026; general assembly date 2026-04-09; disclosure filing date 2026-04-09.,TTKOM; Güney Bağımsız Denetim ve Serbest Muhasebeci Mali Müşavirlik A.Ş.; Ernst & Young; fiscal 2026; 2026-04-09,S8,filing,mosaic-finance.com,3,filing,filing,false,false,true,false,false,,none,,,filing,filing,true,false,false,3,false
20261007T063731446046Z-codex.web.BR08.r3-a1,web,breadth,BR08,3,1,fact,"Koç Holding (KCHOL): 120,219; Holding, subsidiaries and joint ventures; year-end 2025.","Koç Holding; KCHOL; 120,219; year-end 2025",S1,filing,filing-source,4,secondary,issuer,false,false,false,false,false,issuer; aggregator; news,none,,,filing,filing,true,true,false,1,false
20261007T063731446046Z-codex.web.BR08.r3-a1,web,breadth,BR08,3,2,fact,"Ereğli Demir ve Çelik (EREGL): 12,824; Group personnel at 31 December 2025.","Ereğli Demir ve Çelik; EREGL; 12,824; 31 December 2025",S2,filing,filing-source,4,filing,filing,false,false,true,false,false,issuer,none,,,filing,filing,true,false,false,1,false
20261007T063731446046Z-codex.web.BR08.r3-a1,web,breadth,BR08,3,3,fact,"Pegasus (PGSUS): 9,255; Full-time employees at 31 December 2025.","Pegasus; PGSUS; 9,255; 31 December 2025",S3,aggregator,storage.fintables.com,4,secondary,issuer,false,true,false,true,false,issuer; forum; aggregator; news; other,none,,,secondary,aggregator,false,true,false,1,false
20261007T063731446046Z-codex.web.BR08.r3-a1,web,breadth,BR08,3,4,fact,"Türk Telekom (TTKOM): 31,779; Group personnel at 31 December 2025.","Türk Telekom; TTKOM; 31,779; 31 December 2025",S4,filing,filing-source,4,filing,filing,false,false,true,true,false,issuer; forum; aggregator,none,,,filing,filing,true,true,false,1,false
20261007T063731446046Z-codex.web.BR08.r3-a1,web,breadth,BR08,3,5,fact,"Otokar (OTKAR): 3,659; Total employees in 2025, including 3,633 permanent employees.","Otokar; OTKAR; 3,659; 3,633",S5,filing,filing-source,4,filing,filing,false,false,true,false,false,aggregator; news; other,none,,,filing,filing,true,false,false,2,false
20261007T063731446046Z-codex.web.BR08.r3-a1,web,breadth,BR08,3,6,fact,"Ülker Bisküvi (ULKER): 10,285; Employees in 2025.","Ülker Bisküvi; ULKER; 10,285",S6,aggregator,storage.fintables.com,3,filing,filing,false,true,true,true,false,issuer; promotional; aggregator; news; other,none,,,filing,filing,true,true,false,1,false
20261007T063731446046Z-codex.web.BR08.r3-a1,web,breadth,BR08,3,7,fact,"Coca-Cola İçecek (CCOLA): 10,624; Average employees in 2025.","Coca-Cola İçecek; CCOLA; 10,624",S7,aggregator,news-content.foreks.com,3,filing,filing,false,true,true,true,false,issuer; forum; aggregator,none,,,filing,filing,true,true,false,1,false
20261007T063731446046Z-codex.web.BR08.r3-a1,web,breadth,BR08,3,8,fact,"TAV Havalimanları (TAVHL): 21,989; Average employees in 2025.","TAV Havalimanları; TAVHL; 21,989",S8,filing,filing-source,3,filing,filing,false,false,true,true,false,issuer; aggregator; news,none,,,filing,filing,true,true,false,1,false
20261007T063731446046Z-codex.web.BR08.r3-a1,web,breadth,BR08,3,9,fact,"Pegasus’s activity report states 9,255.","Pegasus; 9,255",,,,2,secondary,issuer,false,false,false,true,false,issuer; forum; aggregator; news; other,none,,,secondary,aggregator,false,true,false,1,false
20261007T063731446046Z-codex.web.BR08.r3-a1,web,breadth,BR08,3,10,fact,"Its financial statements separately report 9,260.","9,260",,,,1,filing,filing,false,false,true,true,false,issuer; aggregator; news,none,,,filing,filing,true,true,false,1,false
20261007T063758885525Z-codex.archivist.BR08.r3-a1,archivist,breadth,BR08,3,1,fact,"Koç Holding (KCHOL) | KAP filing date: 2026-02-24 | Employees: 120,219 | Holding, subsidiaries and joint ventures; year-end 2025","Koç Holding; KCHOL; KAP; 2026-02-24; 120,219",S1,filing,mosaic-finance.com,5,filing,filing,false,false,true,false,false,,none,,,filing,filing,true,false,false,2,false
20261007T063758885525Z-codex.archivist.BR08.r3-a1,archivist,breadth,BR08,3,2,fact,"Ereğli Demir ve Çelik (EREGL) | KAP filing date: 2026-02-17 | Employees: 12,824 | Group personnel at 2025-12-31","Ereğli Demir ve Çelik; EREGL; KAP; 2026-02-17; 12,824; 2025-12-31",S2,filing,mosaic-finance.com,7,filing,filing,false,false,true,false,false,,none,,,filing,filing,true,false,false,4,false
20261007T063758885525Z-codex.archivist.BR08.r3-a1,archivist,breadth,BR08,3,3,fact,"Pegasus (PGSUS) | KAP filing date: 2026-03-04 | Employees: 9,255 | Full-time employees at 2025-12-31, including its subsidiary","Pegasus; PGSUS; KAP; 2026-03-04; 9,255; 2025-12-31",S3,filing,mosaic-finance.com,6,filing,filing,false,false,true,false,false,,none,,,filing,filing,true,false,false,3,false
20261007T063758885525Z-codex.archivist.BR08.r3-a1,archivist,breadth,BR08,3,4,fact,"Türk Telekom (TTKOM) | KAP filing date: 2026-03-04 | Employees: 31,779 | Group personnel at 2025-12-31","Türk Telekom; TTKOM; KAP; 2026-03-04; 31,779; 2025-12-31",S4,filing,mosaic-finance.com,6,filing,filing,false,false,true,false,false,,none,,,filing,filing,true,false,false,3,false
20261007T063758885525Z-codex.archivist.BR08.r3-a1,archivist,breadth,BR08,3,5,fact,"Otokar (OTKAR) | KAP filing date: 2026-02-13 | Employees: 3,659 | Total employees in 2025","Otokar; OTKAR; KAP; 2026-02-13; 3,659",S5,filing,mosaic-finance.com,5,filing,filing,false,false,true,false,false,,none,,,filing,filing,true,false,false,2,false
20261007T063758885525Z-codex.archivist.BR08.r3-a1,archivist,breadth,BR08,3,6,fact,"Ülker Bisküvi (ULKER) | KAP filing date: 2026-03-10 | Employees: 10,285 | Employees in 2025","Ülker Bisküvi; ULKER; KAP; 2026-03-10; 10,285",S6,filing,mosaic-finance.com,4,filing,filing,false,false,true,false,false,,none,,,filing,filing,true,false,false,1,false
20261007T063758885525Z-codex.archivist.BR08.r3-a1,archivist,breadth,BR08,3,7,fact,"Coca-Cola İçecek (CCOLA) | KAP filing date: 2026-03-03 | Employees: 10,624 | Average employees in 2025","Coca-Cola İçecek; CCOLA; KAP; 2026-03-03; 10,624",S7,filing,mosaic-finance.com,4,filing,filing,false,false,true,false,false,,none,,,filing,filing,true,false,false,1,false
20261007T063758885525Z-codex.archivist.BR08.r3-a1,archivist,breadth,BR08,3,8,fact,"TAV Havalimanları (TAVHL) | KAP filing date: 2026-02-27 | Employees: 21,989 | Average employees in 2025","TAV Havalimanları; TAVHL; KAP; 2026-02-27; 21,989",S8,filing,mosaic-finance.com,5,filing,filing,false,false,true,false,false,,none,,,filing,filing,true,false,false,2,false
20261007T063917379418Z-codex.both.BR08.r3-a1,both,breadth,BR08,3,1,fact,"Koç Holding (KCHOL) | KAP filing date: 2026-02-24 | Employees: 120,219 | Holding, subsidiaries and joint ventures at year-end 2025.","Koç Holding; KCHOL; 2026-02-24; 120,219; year-end 2025",S1,filing,mosaic-finance.com,5,unattributed,,false,false,false,false,false,,none,,,filing,filing,true,false,false,2,false
20261007T063917379418Z-codex.both.BR08.r3-a1,both,breadth,BR08,3,2,fact,"Ereğli Demir ve Çelik (EREGL) | KAP filing date: 2026-02-17 | Employees: 12,824 | Group personnel at 2025-12-31.","Ereğli Demir ve Çelik; EREGL; 2026-02-17; 12,824; 2025-12-31",S2,filing,mosaic-finance.com,6,filing,filing,false,false,true,false,false,,none,,,filing,filing,true,false,false,4,false
20261007T063917379418Z-codex.both.BR08.r3-a1,both,breadth,BR08,3,3,fact,"Pegasus (PGSUS) | KAP filing date: 2026-03-04 | Employees: 9,255 | Full-time employees at 2025-12-31, including its subsidiary.","Pegasus; PGSUS; 2026-03-04; 9,255; 2025-12-31",S3,filing,mosaic-finance.com,5,filing,filing,false,false,true,false,false,,none,,,filing,filing,true,false,false,3,false
20261007T063917379418Z-codex.both.BR08.r3-a1,both,breadth,BR08,3,4,fact,"Türk Telekom (TTKOM) | KAP filing date: 2026-03-04 | Employees: 31,779 | Group personnel at 2025-12-31.","Türk Telekom; TTKOM; 2026-03-04; 31,779; 2025-12-31",S4,filing,mosaic-finance.com,5,filing,filing,false,false,true,false,false,,none,,,filing,filing,true,false,false,3,false
20261007T063917379418Z-codex.both.BR08.r3-a1,both,breadth,BR08,3,5,fact,"Otokar (OTKAR) | KAP filing date: 2026-02-13 | Employees: 3,659 | 2025 year-end total, including temporary employees.","Otokar; OTKAR; 2026-02-13; 3,659; 2025 year-end",S5,filing,mosaic-finance.com,5,unattributed,,false,false,false,false,false,,none,,,filing,filing,true,false,false,2,false
20261007T063917379418Z-codex.both.BR08.r3-a1,both,breadth,BR08,3,6,fact,"Ülker Bisküvi (ULKER) | KAP filing date: 2026-03-10 | Employees: 10,285 | Reported employee count in 2025.","Ülker Bisküvi; ULKER; 2026-03-10; 10,285; in 2025",S6,filing,mosaic-finance.com,3,filing,filing,false,false,true,false,false,,none,,,filing,filing,true,false,false,1,false
20261007T063917379418Z-codex.both.BR08.r3-a1,both,breadth,BR08,3,7,fact,"Coca-Cola İçecek (CCOLA) | KAP filing date: 2026-03-03 | Employees: 10,624 | Average employees in 2025.","Coca-Cola İçecek; CCOLA; 2026-03-03; 10,624; in 2025",S7,filing,mosaic-finance.com,3,filing,filing,false,false,true,false,false,,none,,,filing,filing,true,false,false,1,false
20261007T063917379418Z-codex.both.BR08.r3-a1,both,breadth,BR08,3,8,fact,"TAV Havalimanları (TAVHL) | KAP filing date: 2026-02-27 | Employees: 21,989 | Average employees in 2025.","TAV Havalimanları; TAVHL; 2026-02-27; 21,989; in 2025",S8,filing,mosaic-finance.com,4,filing,filing,false,false,true,false,false,,none,,,filing,filing,true,false,false,2,false
20261007T064030614206Z-codex.web.BR09.r3-a1,web,breadth,BR09,3,1,fact,"Canadian Natural Resources (CNQ): Yes, mentions Trans Mountain / TMX; 2025 AIF, p. 3: TMX definition.",Canadian Natural Resources; CNQ; Trans Mountain; TMX; 2025 AIF; p. 3,S1,issuer,cnrl.com,6,secondary,issuer,false,true,false,false,false,issuer; forum; aggregator; news; reference; other,none,,,secondary,issuer,false,false,false,6,false
20261007T064030614206Z-codex.web.BR09.r3-a1,web,breadth,BR09,3,2,fact,"Suncor Energy (SU): Yes, mentions Trans Mountain / TMX; 2025 AIF: Trans Mountain Pipeline.",Suncor Energy; SU; Trans Mountain; TMX; 2025 AIF; Trans Mountain Pipeline,S2,filing,filing-source,6,filing,filing,false,false,true,true,false,issuer; forum; aggregator; news; reference; other,none,,,filing,filing,true,true,false,6,false
20261007T064030614206Z-codex.web.BR09.r3-a1,web,breadth,BR09,3,3,fact,"Cenovus Energy (CVE): Yes, mentions Trans Mountain / TMX; 2025 AIF: pipeline expansion project.",Cenovus Energy; CVE; Trans Mountain; TMX; 2025 AIF,S3,filing,filing-source,5,filing,filing,false,false,true,true,false,issuer; forum; aggregator; news; reference; other,none,,,filing,filing,true,true,false,5,false
20261007T064030614206Z-codex.web.BR09.r3-a1,web,breadth,BR09,3,4,fact,"Tourmaline Oil (TOU): Yes, mentions Trans Mountain / TMX; 2025 AIF: Trans Mountain Expansion.",Tourmaline Oil; TOU; Trans Mountain; TMX; 2025 AIF; Trans Mountain Expansion,S4,filing,filing-source,6,filing,filing,false,false,true,true,false,issuer; forum; aggregator; news; reference; other,none,,,filing,filing,true,true,false,6,false
20261007T064030614206Z-codex.web.BR09.r3-a1,web,breadth,BR09,3,5,fact,"Strathcona Resources (SCR): Yes, mentions Trans Mountain / TMX; 2025 AIF: downstream pipeline access.",Strathcona Resources; SCR; Trans Mountain; TMX; 2025 AIF,S5,issuer,strathconaresources.com,5,filing,filing,false,true,true,true,false,issuer; forum; aggregator; news; reference; other,none,,,filing,filing,true,true,false,5,false
20261007T064030614206Z-codex.web.BR09.r3-a1,web,breadth,BR09,3,6,fact,"Kelt Exploration (KEL): Yes, mentions Trans Mountain / TMX; 2025 AIF: expansion discussion.",Kelt Exploration; KEL; Trans Mountain; TMX; 2025 AIF,S6,issuer,keltexploration.com,5,filing,filing,false,true,true,true,false,issuer; forum; aggregator; news; reference; other,none,,,filing,filing,true,true,false,5,false
20261007T064030614206Z-codex.web.BR09.r3-a1,web,breadth,BR09,3,7,fact,"ARC Resources (ARX): No reference found to Trans Mountain / TMX in the 2025 AIF’s text, excluding documents incorporated by reference.",ARC Resources; ARX; Trans Mountain; TMX; 2025 AIF,S7,issuer,arcresources.com,5,secondary,issuer,false,true,false,true,false,issuer; forum; aggregator; news; reference; other,none,,,secondary,issuer,false,true,false,5,false
20261007T064030614206Z-codex.web.BR09.r3-a1,web,breadth,BR09,3,8,fact,"Baytex Energy (BTE): No reference found to Trans Mountain / TMX in the 2025 AIF’s text, excluding documents incorporated by reference.",Baytex Energy; BTE; Trans Mountain; TMX; 2025 AIF,S8,filing,filing-source,5,filing,filing,false,false,true,true,false,issuer; forum; aggregator; news; reference; other,none,,,filing,filing,true,true,false,5,false
20261007T064030614206Z-codex.web.BR09.r3-a1,web,breadth,BR09,3,9,fact,"Parex Resources (PXT): No reference found to Trans Mountain / TMX in the 2025 AIF’s text, excluding documents incorporated by reference.",Parex Resources; PXT; Trans Mountain; TMX; 2025 AIF,S9,issuer,parexresources.com,5,secondary,issuer,false,true,false,true,false,issuer; forum; aggregator; news; reference; other,none,,,secondary,issuer,false,true,false,5,false
20261007T064030614206Z-codex.web.BR09.r3-a1,web,breadth,BR09,3,10,fact,"Freehold Royalties (FRU): No reference found to Trans Mountain / TMX in the 2025 AIF’s text, excluding documents incorporated by reference.",Freehold Royalties; FRU; Trans Mountain; TMX; 2025 AIF,S10,issuer,freeholdroyalties.com,5,filing,filing,false,true,true,true,false,issuer; forum; aggregator; news; reference; other,none,,,filing,filing,true,true,false,5,false
20261007T064038555457Z-codex.archivist.BR09.r3-a1,archivist,breadth,BR09,3,1,fact,"Canadian Natural Resources (CNQ): Yes, its English AIF for the year ended 2025-12-31 mentions Trans Mountain / TMX.",Canadian Natural Resources; CNQ; 2025-12-31; Trans Mountain; TMX,S1,filing,mosaic-finance.com,6,filing,filing,false,false,true,false,false,,none,,,filing,filing,true,false,false,2,false
20261007T064038555457Z-codex.archivist.BR09.r3-a1,archivist,breadth,BR09,3,2,fact,"Suncor Energy (SU): Yes, its English AIF for the year ended 2025-12-31 mentions Trans Mountain / TMX.",Suncor Energy; SU; 2025-12-31; Trans Mountain; TMX,S2,filing,mosaic-finance.com,6,filing,filing,false,false,true,false,false,,none,,,filing,filing,true,false,false,2,false
20261007T064038555457Z-codex.archivist.BR09.r3-a1,archivist,breadth,BR09,3,3,fact,"Cenovus Energy (CVE): Yes, its English AIF for the year ended 2025-12-31 mentions Trans Mountain / TMX.",Cenovus Energy; CVE; 2025-12-31; Trans Mountain; TMX,S3,filing,mosaic-finance.com,6,filing,filing,false,false,true,false,false,,none,,,filing,filing,true,false,false,2,false
20261007T064038555457Z-codex.archivist.BR09.r3-a1,archivist,breadth,BR09,3,4,fact,"Tourmaline Oil (TOU): Yes, its English AIF for the year ended 2025-12-31 mentions Trans Mountain / TMX.",Tourmaline Oil; TOU; 2025-12-31; Trans Mountain; TMX,S4,filing,mosaic-finance.com,6,filing,filing,false,false,true,false,false,,none,,,filing,filing,true,false,false,2,false
20261007T064038555457Z-codex.archivist.BR09.r3-a1,archivist,breadth,BR09,3,5,fact,"Strathcona Resources (SCR): Yes, its English AIF for the year ended 2025-12-31 mentions Trans Mountain / TMX.",Strathcona Resources; SCR; 2025-12-31; Trans Mountain; TMX,S5,filing,mosaic-finance.com,6,filing,filing,false,false,true,false,false,,none,,,filing,filing,true,false,false,2,false
20261007T064038555457Z-codex.archivist.BR09.r3-a1,archivist,breadth,BR09,3,6,fact,"Kelt Exploration (KEL): Yes, its English AIF for the year ended 2025-12-31 mentions Trans Mountain / TMX.",Kelt Exploration; KEL; 2025-12-31; Trans Mountain; TMX,S6,filing,mosaic-finance.com,6,filing,filing,false,false,true,false,false,,none,,,filing,filing,true,false,false,2,false
20261007T064038555457Z-codex.archivist.BR09.r3-a1,archivist,breadth,BR09,3,7,fact,"ARC Resources (ARX): No, its English AIF for the year ended 2025-12-31 does not mention Trans Mountain / TMX.",ARC Resources; ARX; 2025-12-31; Trans Mountain; TMX,S7,filing,mosaic-finance.com,6,filing,filing,false,false,true,false,false,,none,,,filing,filing,true,false,false,2,false
20261007T064038555457Z-codex.archivist.BR09.r3-a1,archivist,breadth,BR09,3,8,fact,"Baytex Energy (BTE): No, its English AIF for the year ended 2025-12-31 does not mention Trans Mountain / TMX.",Baytex Energy; BTE; 2025-12-31; Trans Mountain; TMX,S8,filing,mosaic-finance.com,6,filing,filing,false,false,true,false,false,,none,,,filing,filing,true,false,false,2,false
20261007T064038555457Z-codex.archivist.BR09.r3-a1,archivist,breadth,BR09,3,9,fact,"Parex Resources (PXT): No, its English AIF for the year ended 2025-12-31 does not mention Trans Mountain / TMX.",Parex Resources; PXT; 2025-12-31; Trans Mountain; TMX,S9,filing,mosaic-finance.com,6,filing,filing,false,false,true,false,false,,none,,,filing,filing,true,false,false,2,false
20261007T064038555457Z-codex.archivist.BR09.r3-a1,archivist,breadth,BR09,3,10,fact,"Freehold Royalties (FRU): No, its English AIF for the year ended 2025-12-31 does not mention Trans Mountain / TMX.",Freehold Royalties; FRU; 2025-12-31; Trans Mountain; TMX,S10,filing,mosaic-finance.com,6,filing,filing,false,false,true,false,false,,none,,,filing,filing,true,false,false,2,false
20261007T064038555457Z-codex.archivist.BR09.r3-a1,archivist,breadth,BR09,3,11,fact,"“No” means the filing search found no occurrences of Trans Mountain, TMX, TransMountain, or TMEP.",Trans Mountain; TMX; TransMountain; TMEP,,,,4,filing,filing,false,false,true,false,false,,none,,,filing,filing,true,false,false,4,false
20261007T064146043994Z-codex.both.BR09.r3-a1,both,breadth,BR09,3,1,fact,"Canadian Natural Resources (CNQ): English 2025 Annual Information Form, filing date 2026-03-25; mentions Trans Mountain / TMX: Yes.",Canadian Natural Resources; CNQ; 2026-03-25; Trans Mountain; TMX,S1,filing,mosaic-finance.com,5,filing,filing,false,false,true,false,false,,none,,,filing,filing,true,false,false,1,false
20261007T064146043994Z-codex.both.BR09.r3-a1,both,breadth,BR09,3,2,fact,"Suncor Energy (SU): English 2025 Annual Information Form, filing date 2026-02-26; mentions Trans Mountain / TMX: Yes.",Suncor Energy; SU; 2026-02-26; Trans Mountain; TMX,S2,filing,mosaic-finance.com,5,filing,filing,false,false,true,false,false,,none,,,filing,filing,true,false,false,1,false
20261007T064146043994Z-codex.both.BR09.r3-a1,both,breadth,BR09,3,3,fact,"Cenovus Energy (CVE): English 2025 Annual Information Form, filing date 2026-02-19; mentions Trans Mountain / TMX: Yes.",Cenovus Energy; CVE; 2026-02-19; Trans Mountain; TMX,S3,filing,mosaic-finance.com,5,filing,filing,false,false,true,false,false,,none,,,filing,filing,true,false,false,1,false
20261007T064146043994Z-codex.both.BR09.r3-a1,both,breadth,BR09,3,4,fact,"Tourmaline Oil (TOU): English 2025 Annual Information Form, filing date 2026-03-04; mentions Trans Mountain / TMX: Yes.",Tourmaline Oil; TOU; 2026-03-04; Trans Mountain; TMX,S4,filing,mosaic-finance.com,4,filing,filing,false,false,true,false,false,,none,,,filing,filing,true,false,false,4,false
20261007T064146043994Z-codex.both.BR09.r3-a1,both,breadth,BR09,3,5,fact,"Strathcona Resources (SCR): English 2025 Annual Information Form, filing date 2026-03-11; mentions Trans Mountain / TMX: Yes.",Strathcona Resources; SCR; 2026-03-11; Trans Mountain; TMX,S5,filing,mosaic-finance.com,5,filing,filing,false,false,true,false,false,,none,,,filing,filing,true,false,false,1,false
20261007T064146043994Z-codex.both.BR09.r3-a1,both,breadth,BR09,3,6,fact,"Kelt Exploration (KEL): English 2025 Annual Information Form, filing date 2026-03-12; mentions Trans Mountain / TMX: Yes.",Kelt Exploration; KEL; 2026-03-12; Trans Mountain; TMX,S6,filing,mosaic-finance.com,5,filing,filing,false,false,true,false,false,,none,,,filing,filing,true,false,false,1,false
20261007T064146043994Z-codex.both.BR09.r3-a1,both,breadth,BR09,3,7,fact,"ARC Resources (ARX): English 2025 Annual Information Form, filing date 2026-03-05; mentions Trans Mountain / TMX: No.",ARC Resources; ARX; 2026-03-05; Trans Mountain; TMX,S7,filing,mosaic-finance.com,4,filing,filing,false,false,true,false,false,,none,,,filing,filing,true,false,false,4,false
20261007T064146043994Z-codex.both.BR09.r3-a1,both,breadth,BR09,3,8,fact,"Baytex Energy (BTE): English 2025 Annual Information Form, filing date 2026-03-04; mentions Trans Mountain / TMX: No.",Baytex Energy; BTE; 2026-03-04; Trans Mountain; TMX,S8,filing,mosaic-finance.com,4,filing,filing,false,false,true,false,false,,none,,,filing,filing,true,false,false,4,false
20261007T064146043994Z-codex.both.BR09.r3-a1,both,breadth,BR09,3,9,fact,"Parex Resources (PXT): English 2025 Annual Information Form, filing date 2026-03-04; mentions Trans Mountain / TMX: No.",Parex Resources; PXT; 2026-03-04; Trans Mountain; TMX,S9,filing,mosaic-finance.com,4,filing,filing,false,false,true,false,false,,none,,,filing,filing,true,false,false,4,false
20261007T064146043994Z-codex.both.BR09.r3-a1,both,breadth,BR09,3,10,fact,"Freehold Royalties (FRU): English 2025 Annual Information Form, filing date 2026-03-11; mentions Trans Mountain / TMX: No.",Freehold Royalties; FRU; 2026-03-11; Trans Mountain; TMX,S10,filing,mosaic-finance.com,5,filing,filing,false,false,true,false,false,,none,,,filing,filing,true,false,false,1,false
20261007T064146043994Z-codex.both.BR09.r3-a1,both,breadth,BR09,3,11,fact,“No” reflects zero matches for both “Trans Mountain” and “TMX” in the filing text.,zero; Trans Mountain; TMX,,,,3,unattributed,,false,false,false,false,false,,none,,,unattributed,,false,false,false,3,false
20261007T064237465706Z-codex.web.BR10.r3-a1,web,breadth,BR10,3,1,fact,"Duke Energy (DUK)'s Form 10-K covering the fiscal year ended December 31, 2025 mentions small modular nuclear reactors.","Duke Energy; DUK; Form 10-K; December 31, 2025",S1,filing,filing-source,4,filing,filing,false,false,true,false,false,issuer; aggregator; reference,none,,,filing,filing,true,false,false,4,false
20261007T064237465706Z-codex.web.BR10.r3-a1,web,breadth,BR10,3,2,fact,"Dominion Energy (D)'s Form 10-K in its annual report covering the fiscal year ended December 31, 2025 mentions small modular nuclear reactors.","Dominion Energy; D; Form 10-K; December 31, 2025",S2,issuer,s2.q4cdn.com,3,filing,filing,false,true,true,true,false,issuer; aggregator; reference,none,,,filing,filing,true,true,false,3,false
20261007T064237465706Z-codex.web.BR10.r3-a1,web,breadth,BR10,3,3,fact,"American Electric Power (AEP)'s Form 10-K covering the fiscal year ended December 31, 2025 mentions small modular nuclear reactors.","American Electric Power; AEP; Form 10-K; December 31, 2025",S3,filing,filing-source,4,filing,filing,false,false,true,false,false,issuer; aggregator; reference,none,,,filing,filing,true,false,false,4,false
20261007T064237465706Z-codex.web.BR10.r3-a1,web,breadth,BR10,3,4,fact,"Edison International (EIX)'s Form 10-K in its annual report covering the fiscal year ended December 31, 2025 mentions small modular nuclear reactors.","Edison International; EIX; Form 10-K; December 31, 2025",S4,filing,filing-source,4,filing,filing,false,false,true,true,false,issuer; forum; aggregator; reference; other,none,,,filing,filing,true,true,false,4,false
20261007T064237465706Z-codex.web.BR10.r3-a1,web,breadth,BR10,3,5,fact,"Pinnacle West Capital (PNW)'s Form 10-K in its annual report covering the fiscal year ended December 31, 2025 mentions small modular nuclear reactors.","Pinnacle West Capital; PNW; Form 10-K; December 31, 2025",S5,issuer,s22.q4cdn.com,4,filing,filing,false,true,true,true,false,issuer; forum; aggregator; reference; other,none,,,filing,filing,true,true,false,4,false
20261007T064237465706Z-codex.web.BR10.r3-a1,web,breadth,BR10,3,6,fact,"Southern Company (SO)'s Form 10-K in its annual report covering the fiscal year ended December 31, 2025 does not mention small modular nuclear reactors.","Southern Company; SO; Form 10-K; December 31, 2025",S6,issuer,s27.q4cdn.com,4,filing,filing,false,true,true,true,false,issuer; forum; promotional; aggregator; news; reference; other,none,,,filing,filing,true,true,false,4,false
20261007T064237465706Z-codex.web.BR10.r3-a1,web,breadth,BR10,3,7,fact,"NextEra Energy (NEE)'s Form 10-K in its annual report covering the fiscal year ended December 31, 2025 does not mention small modular nuclear reactors.","NextEra Energy; NEE; Form 10-K; December 31, 2025",S7,issuer,investor.nexteraenergy.com,4,filing,filing,false,true,true,true,false,issuer; promotional; aggregator; reference; other,none,,,filing,filing,true,true,false,4,false
20261007T064237465706Z-codex.web.BR10.r3-a1,web,breadth,BR10,3,8,fact,"Exelon (EXC)'s Form 10-K PDF copy covering the fiscal year ended December 31, 2025 does not mention small modular nuclear reactors.","Exelon; EXC; Form 10-K; December 31, 2025",S8,aggregator,stocklight.com,4,secondary,issuer,false,true,false,true,false,issuer; forum; aggregator; reference; other,none,,,secondary,issuer,false,true,false,4,false
20261007T064237465706Z-codex.web.BR10.r3-a1,web,breadth,BR10,3,9,fact,"Xcel Energy (XEL)'s Form 10-K PDF copy covering the fiscal year ended December 31, 2025 does not mention small modular nuclear reactors.","Xcel Energy; XEL; Form 10-K; December 31, 2025",S9,aggregator,stocklight.com,4,filing,filing,false,true,true,true,false,issuer; forum; aggregator; reference; other,none,,,filing,filing,true,true,false,4,false
20261007T064237465706Z-codex.web.BR10.r3-a1,web,breadth,BR10,3,10,fact,"PG&E (PCG)'s Form 10-K in its annual report covering the fiscal year ended December 31, 2025 does not mention small modular nuclear reactors.","PG&E; PCG; Form 10-K; December 31, 2025",S10,issuer,s21.q4cdn.com,4,filing,filing,false,true,true,true,false,issuer; aggregator; reference; other,none,,,filing,filing,true,true,false,4,false
20261007T064251940258Z-codex.archivist.BR10.r3-a1,archivist,breadth,BR10,3,1,fact,"For the fiscal year ended December 31, 2025, Duke Energy (DUK) mentions small modular nuclear reactors: Yes.","December 31, 2025; Duke Energy; DUK",S1,filing,mosaic-finance.com,3,filing,filing,false,false,true,false,false,,none,,,filing,filing,true,false,false,3,false
20261007T064251940258Z-codex.archivist.BR10.r3-a1,archivist,breadth,BR10,3,2,fact,"For the fiscal year ended December 31, 2025, Dominion Energy (D) mentions small modular nuclear reactors: Yes.","December 31, 2025; Dominion Energy; D",S2,filing,mosaic-finance.com,2,filing,filing,false,false,true,false,false,,none,,,filing,filing,true,false,false,2,false
20261007T064251940258Z-codex.archivist.BR10.r3-a1,archivist,breadth,BR10,3,3,fact,"For the fiscal year ended December 31, 2025, American Electric Power (AEP) mentions small modular nuclear reactors: Yes.","December 31, 2025; American Electric Power; AEP",S3,filing,mosaic-finance.com,3,filing,filing,false,false,true,false,false,,none,,,filing,filing,true,false,false,3,false
20261007T064251940258Z-codex.archivist.BR10.r3-a1,archivist,breadth,BR10,3,4,fact,"For the fiscal year ended December 31, 2025, Edison International (EIX) mentions small modular nuclear reactors: Yes.","December 31, 2025; Edison International; EIX",S4,filing,mosaic-finance.com,3,filing,filing,false,false,true,false,false,,none,,,filing,filing,true,false,false,3,false
20261007T064251940258Z-codex.archivist.BR10.r3-a1,archivist,breadth,BR10,3,5,fact,"For the fiscal year ended December 31, 2025, Pinnacle West Capital (PNW) mentions small modular nuclear reactors: Yes.","December 31, 2025; Pinnacle West Capital; PNW",S5,filing,mosaic-finance.com,3,filing,filing,false,false,true,false,false,,none,,,filing,filing,true,false,false,3,false
20261007T064251940258Z-codex.archivist.BR10.r3-a1,archivist,breadth,BR10,3,6,fact,"For the fiscal year ended December 31, 2025, Southern Company (SO) mentions small modular nuclear reactors: No.","December 31, 2025; Southern Company; SO",S6,filing,mosaic-finance.com,3,filing,filing,false,false,true,false,false,,none,,,filing,filing,true,false,false,3,false
20261007T064251940258Z-codex.archivist.BR10.r3-a1,archivist,breadth,BR10,3,7,fact,"For the fiscal year ended December 31, 2025, NextEra Energy (NEE) mentions small modular nuclear reactors: No.","December 31, 2025; NextEra Energy; NEE",S7,filing,mosaic-finance.com,3,filing,filing,false,false,true,false,false,,none,,,filing,filing,true,false,false,3,false
20261007T064251940258Z-codex.archivist.BR10.r3-a1,archivist,breadth,BR10,3,8,fact,"For the fiscal year ended December 31, 2025, Exelon (EXC) mentions small modular nuclear reactors: No.","December 31, 2025; Exelon; EXC",S8,filing,mosaic-finance.com,3,filing,filing,false,false,true,false,false,,none,,,filing,filing,true,false,false,3,false
20261007T064251940258Z-codex.archivist.BR10.r3-a1,archivist,breadth,BR10,3,9,fact,"For the fiscal year ended December 31, 2025, Xcel Energy (XEL) mentions small modular nuclear reactors: No.","December 31, 2025; Xcel Energy; XEL",S9,filing,mosaic-finance.com,3,filing,filing,false,false,true,false,false,,none,,,filing,filing,true,false,false,3,false
20261007T064251940258Z-codex.archivist.BR10.r3-a1,archivist,breadth,BR10,3,10,fact,"For the fiscal year ended December 31, 2025, PG&E Corporation (PCG) mentions small modular nuclear reactors: No.","December 31, 2025; PG&E Corporation; PCG",S10,filing,mosaic-finance.com,3,unattributed,,false,false,false,false,false,,none,,,unattributed,,false,false,false,3,false
20261007T064251940258Z-codex.archivist.BR10.r3-a1,archivist,breadth,BR10,3,11,fact,“No” filings returned no matches for “modular” or “SMR.”,,,,,0,unattributed,,true,false,false,false,false,,none,,,unattributed,,false,false,false,0,true
20261007T064345436065Z-codex.both.BR10.r3-a1,both,breadth,BR10,3,1,fact,"Duke Energy (DUK) mentions small modular reactors in its filing for the fiscal year ended December 31, 2025.","Duke Energy; DUK; December 31, 2025",S1,filing,mosaic-finance.com,3,filing,filing,false,false,true,false,false,,none,,,filing,filing,true,false,false,3,false
20261007T064345436065Z-codex.both.BR10.r3-a1,both,breadth,BR10,3,2,fact,"Dominion Energy (D) mentions small modular reactors in its filing for the fiscal year ended December 31, 2025.","Dominion Energy; D; December 31, 2025",S2,filing,mosaic-finance.com,2,filing,filing,false,false,true,false,false,,none,,,filing,filing,true,false,false,2,false
20261007T064345436065Z-codex.both.BR10.r3-a1,both,breadth,BR10,3,3,fact,"American Electric Power (AEP) mentions small modular reactors in its filing for the fiscal year ended December 31, 2025.","American Electric Power; AEP; December 31, 2025",S3,filing,mosaic-finance.com,3,filing,filing,false,false,true,false,false,,none,,,filing,filing,true,false,false,3,false
20261007T064345436065Z-codex.both.BR10.r3-a1,both,breadth,BR10,3,4,fact,"Edison International (EIX) mentions small modular reactors in its filing for the fiscal year ended December 31, 2025.","Edison International; EIX; December 31, 2025",S4,filing,mosaic-finance.com,3,filing,filing,false,false,true,false,false,,none,,,filing,filing,true,false,false,3,false
20261007T064345436065Z-codex.both.BR10.r3-a1,both,breadth,BR10,3,5,fact,"Pinnacle West Capital (PNW) mentions small modular reactors in its filing for the fiscal year ended December 31, 2025.","Pinnacle West Capital; PNW; December 31, 2025",S5,filing,mosaic-finance.com,3,filing,filing,false,false,true,false,false,,none,,,filing,filing,true,false,false,3,false
20261007T064345436065Z-codex.both.BR10.r3-a1,both,breadth,BR10,3,6,fact,"The Southern Company (SO) does not mention small modular reactors: no matches for “small modular” or “SMR” in the filing text for the fiscal year ended December 31, 2025.","The Southern Company; SO; December 31, 2025",S6,filing,mosaic-finance.com,3,unattributed,,false,false,false,false,false,,none,,,unattributed,,false,false,false,3,false
20261007T064345436065Z-codex.both.BR10.r3-a1,both,breadth,BR10,3,7,fact,"NextEra Energy (NEE) does not mention small modular reactors: no matches for “small modular” or “SMR” in the filing text for the fiscal year ended December 31, 2025.","NextEra Energy; NEE; December 31, 2025",S7,filing,mosaic-finance.com,3,filing,filing,false,false,true,false,false,,none,,,filing,filing,true,false,false,3,false
20261007T064345436065Z-codex.both.BR10.r3-a1,both,breadth,BR10,3,8,fact,"Exelon (EXC) does not mention small modular reactors: no matches for “small modular” or “SMR” in the filing text for the fiscal year ended December 31, 2025.","Exelon; EXC; December 31, 2025",S8,filing,mosaic-finance.com,3,filing,filing,false,false,true,false,false,,none,,,filing,filing,true,false,false,3,false
20261007T064345436065Z-codex.both.BR10.r3-a1,both,breadth,BR10,3,9,fact,"Xcel Energy (XEL) does not mention small modular reactors: no matches for “small modular” or “SMR” in the filing text for the fiscal year ended December 31, 2025.","Xcel Energy; XEL; December 31, 2025",S9,filing,mosaic-finance.com,3,filing,filing,false,false,true,false,false,,none,,,filing,filing,true,false,false,3,false
20261007T064345436065Z-codex.both.BR10.r3-a1,both,breadth,BR10,3,10,fact,"PG&E Corporation (PCG) does not mention small modular reactors: no matches for “small modular” or “SMR” in the filing text for the fiscal year ended December 31, 2025.","PG&E Corporation; PCG; December 31, 2025",S10,filing,mosaic-finance.com,3,unattributed,,false,false,false,false,false,,none,,,unattributed,,false,false,false,3,false
20261007T064429535578Z-codex.web.BR11.r1-a1,web,breadth,BR11,1,1,fact,"Microsoft (MSFT), FY2025: Mentions OpenAI by name — Yes.",Microsoft; MSFT; FY2025; OpenAI; 10-K,S1,filing,filing-source,3,filing,filing,false,false,true,false,false,issuer; forum; aggregator; news; reference; other,none,,,filing,filing,true,false,false,3,false
20261007T064429535578Z-codex.web.BR11.r1-a1,web,breadth,BR11,1,2,fact,"NVIDIA (NVDA), FY2026: Mentions OpenAI by name — Yes.",NVIDIA; NVDA; FY2026; OpenAI; 10-K,S2,filing,filing-source,3,filing,filing,false,false,true,false,false,forum; aggregator; news; reference; other,none,,,filing,filing,true,false,false,3,false
20261007T064429535578Z-codex.web.BR11.r1-a1,web,breadth,BR11,1,3,fact,"AMD, FY2025: Mentions OpenAI by name — Yes.",AMD; FY2025; OpenAI; 10-K,S3,filing,filing-source,2,filing,filing,false,false,true,true,false,forum; aggregator; news; reference; other,none,,,filing,filing,true,true,false,2,false
20261007T064429535578Z-codex.web.BR11.r1-a1,web,breadth,BR11,1,4,fact,"Oracle (ORCL), FY2026: Mentions OpenAI by name — No.",Oracle; ORCL; FY2026; OpenAI; 10-K,S4,news,fortune.com,3,filing,filing,false,true,true,true,false,issuer; forum; aggregator; news; reference; other,none,,,filing,filing,true,true,false,3,false
20261007T064429535578Z-codex.web.BR11.r1-a1,web,breadth,BR11,1,5,fact,"Apple (AAPL), FY2025: Mentions OpenAI by name — No.",Apple; AAPL; FY2025; OpenAI; 10-K,S5,filing,filing-source,3,filing,filing,false,false,true,true,false,issuer; forum; promotional; aggregator; news; reference; other,none,,,filing,filing,true,true,false,3,false
20261007T064429535578Z-codex.web.BR11.r1-a1,web,breadth,BR11,1,6,fact,"Alphabet (GOOGL), FY2025: Mentions OpenAI by name — No.",Alphabet; GOOGL; FY2025; OpenAI; 10-K,S6,filing,filing-source,3,filing,filing,false,false,true,true,false,forum; aggregator; news; reference; other,none,,,filing,filing,true,true,false,3,false
20261007T064429535578Z-codex.web.BR11.r1-a1,web,breadth,BR11,1,7,fact,"Meta (META), FY2025: Mentions OpenAI by name — No.",Meta; META; FY2025; OpenAI; 10-K,S7,filing,filing-source,3,filing,filing,false,false,true,true,false,forum; aggregator; news; reference; other,none,,,filing,filing,true,true,false,3,false
20261007T064429535578Z-codex.web.BR11.r1-a1,web,breadth,BR11,1,8,fact,"Amazon (AMZN), FY2025: Mentions OpenAI by name — No.",Amazon; AMZN; FY2025; OpenAI; 10-K,S8,filing,filing-source,3,filing,filing,false,false,true,true,false,forum; promotional; aggregator; news; reference; other,none,,,filing,filing,true,true,false,3,false
20261007T064429535578Z-codex.web.BR11.r1-a1,web,breadth,BR11,1,9,fact,"Broadcom (AVGO), FY2025: Mentions OpenAI by name — No.",Broadcom; AVGO; FY2025; OpenAI; 10-K,S9,filing,filing-source,3,filing,filing,false,false,true,true,false,forum; aggregator; news; reference; other,none,,,filing,filing,true,true,false,3,false
20261007T064429535840Z-codex.archivist.BR11.r1-a1,archivist,breadth,BR11,1,1,fact,Microsoft (MSFT)’s named 10-K filed 2025-07-30 mentions OpenAI.,Microsoft; MSFT; 10-K; 2025-07-30; OpenAI,S1,filing,mosaic-finance.com,3,filing,filing,false,false,true,false,false,,none,,,filing,filing,true,false,false,3,false
20261007T064429535840Z-codex.archivist.BR11.r1-a1,archivist,breadth,BR11,1,2,fact,NVIDIA (NVDA)’s named 10-K filed 2026-02-25 mentions OpenAI.,NVIDIA; NVDA; 10-K; 2026-02-25; OpenAI,S2,filing,mosaic-finance.com,4,filing,filing,false,false,true,false,false,,none,,,filing,filing,true,false,false,1,false
20261007T064429535840Z-codex.archivist.BR11.r1-a1,archivist,breadth,BR11,1,3,fact,Advanced Micro Devices (AMD)’s named 10-K filed 2026-02-04 mentions OpenAI.,Advanced Micro Devices; AMD; 10-K; 2026-02-04; OpenAI,S3,filing,mosaic-finance.com,3,filing,filing,false,false,true,false,false,,none,,,filing,filing,true,false,false,3,false
20261007T064429535840Z-codex.archivist.BR11.r1-a1,archivist,breadth,BR11,1,4,fact,Oracle (ORCL)’s named 10-K filed 2026-06-22 does not mention OpenAI.,Oracle; ORCL; 10-K; 2026-06-22; OpenAI,S4,filing,mosaic-finance.com,4,filing,filing,false,false,true,false,false,,none,,,filing,filing,true,false,false,1,false
20261007T064429535840Z-codex.archivist.BR11.r1-a1,archivist,breadth,BR11,1,5,fact,Apple (AAPL)’s named 10-K filed 2025-10-31 does not mention OpenAI.,Apple; AAPL; 10-K; 2025-10-31; OpenAI,S5,filing,mosaic-finance.com,4,filing,filing,false,false,true,false,false,,none,,,filing,filing,true,false,false,1,false
20261007T064429535840Z-codex.archivist.BR11.r1-a1,archivist,breadth,BR11,1,6,fact,Alphabet (GOOGL)’s named 10-K filed 2026-02-05 does not mention OpenAI.,Alphabet; GOOGL; 10-K; 2026-02-05; OpenAI,S6,filing,mosaic-finance.com,3,filing,filing,false,false,true,false,false,,none,,,filing,filing,true,false,false,3,false
20261007T064429535840Z-codex.archivist.BR11.r1-a1,archivist,breadth,BR11,1,7,fact,Meta Platforms (META)’s named 10-K filed 2026-01-29 does not mention OpenAI.,Meta Platforms; META; 10-K; 2026-01-29; OpenAI,S7,filing,mosaic-finance.com,4,filing,filing,false,false,true,false,false,,none,,,filing,filing,true,false,false,1,false
20261007T064429535840Z-codex.archivist.BR11.r1-a1,archivist,breadth,BR11,1,8,fact,[site] (AMZN)’s named 10-K filed 2026-02-06 does not mention OpenAI.,[site]; AMZN; 10-K; 2026-02-06; OpenAI,S8,filing,mosaic-finance.com,3,unattributed,,false,false,false,false,false,,none,,,unattributed,,false,false,false,3,false
20261007T064429535840Z-codex.archivist.BR11.r1-a1,archivist,breadth,BR11,1,9,fact,Broadcom (AVGO)’s named 10-K filed 2025-12-18 does not mention OpenAI.,Broadcom; AVGO; 10-K; 2025-12-18; OpenAI,S9,filing,mosaic-finance.com,5,filing,filing,false,false,true,false,false,,none,,,filing,filing,true,false,false,2,false
20261007T064429535840Z-codex.archivist.BR11.r1-a1,archivist,breadth,BR11,1,10,fact,Checked each specified filing using [source] [tool]’s filing-wide “OpenAI” lookup; all “No” results returned zero matches.,[source]; [tool]; OpenAI; zero,,,,4,unattributed,,false,false,false,false,false,,none,,,unattributed,,false,false,false,4,false
20261007T064516260475Z-codex.both.BR11.r1-a1,both,breadth,BR11,1,1,fact,"Microsoft (MSFT), fiscal year 2025: Mentions OpenAI? Yes.",Microsoft; MSFT; OpenAI,S1,filing,mosaic-finance.com,3,filing,filing,false,false,true,false,false,,none,,,filing,filing,true,false,false,3,false
20261007T064516260475Z-codex.both.BR11.r1-a1,both,breadth,BR11,1,2,fact,"NVIDIA (NVDA), fiscal year 2026: Mentions OpenAI? Yes.",NVIDIA; NVDA; OpenAI,S2,filing,mosaic-finance.com,3,filing,filing,false,false,true,false,false,,none,,,filing,filing,true,false,false,3,false
20261007T064516260475Z-codex.both.BR11.r1-a1,both,breadth,BR11,1,3,fact,"Advanced Micro Devices (AMD), fiscal year 2025: Mentions OpenAI? Yes.",Advanced Micro Devices; AMD; OpenAI,S3,filing,mosaic-finance.com,3,filing,filing,false,false,true,false,false,,none,,,filing,filing,true,false,false,3,false
20261007T064516260475Z-codex.both.BR11.r1-a1,both,breadth,BR11,1,4,fact,"Oracle (ORCL), fiscal year 2026: Mentions OpenAI? No.",Oracle; ORCL; OpenAI,S4,filing,mosaic-finance.com,3,filing,filing,false,false,true,false,false,,none,,,filing,filing,true,false,false,3,false
20261007T064516260475Z-codex.both.BR11.r1-a1,both,breadth,BR11,1,5,fact,"Apple (AAPL), fiscal year 2025: Mentions OpenAI? No.",Apple; AAPL; OpenAI,S5,filing,mosaic-finance.com,3,filing,filing,false,false,true,false,false,,none,,,filing,filing,true,false,false,3,false
20261007T064516260475Z-codex.both.BR11.r1-a1,both,breadth,BR11,1,6,fact,"Alphabet (GOOGL), fiscal year 2025: Mentions OpenAI? No.",Alphabet; GOOGL; OpenAI,S6,filing,mosaic-finance.com,3,filing,filing,false,false,true,false,false,,none,,,filing,filing,true,false,false,3,false
20261007T064516260475Z-codex.both.BR11.r1-a1,both,breadth,BR11,1,7,fact,"Meta Platforms (META), fiscal year 2025: Mentions OpenAI? No.",Meta Platforms; META; OpenAI,S7,filing,mosaic-finance.com,3,filing,filing,false,false,true,false,false,,none,,,filing,filing,true,false,false,3,false
20261007T064516260475Z-codex.both.BR11.r1-a1,both,breadth,BR11,1,8,fact,"[site] (AMZN), fiscal year 2025: Mentions OpenAI? No.",[site]; AMZN; OpenAI,S8,filing,mosaic-finance.com,3,unattributed,,false,false,false,false,false,,none,,,unattributed,,false,false,false,3,false
20261007T064516260475Z-codex.both.BR11.r1-a1,both,breadth,BR11,1,9,fact,"Broadcom (AVGO), fiscal year 2025: Mentions OpenAI? No.",Broadcom; AVGO; OpenAI,S9,filing,mosaic-finance.com,3,filing,filing,false,false,true,false,false,,none,,,filing,filing,true,false,false,3,false
20261007T064527777900Z-codex.web.BR12.r1-a1,web,breadth,BR12,1,1,fact,"Chipotle (CMG) | 2025-12-31 | 4,042 | Restaurants owned and operated — 10-K, Item 2","Chipotle; CMG; 2025-12-31; 4,042; 10-K; Item 2",S1,filing,filing-source,6,filing,filing,false,false,true,true,false,issuer; forum; aggregator; news; reference,none,,,filing,filing,true,true,false,3,false
20261007T064527777900Z-codex.web.BR12.r1-a1,web,breadth,BR12,1,2,fact,"Wendy’s (WEN) | 2025-12-28 | 7,397 | System restaurants — 10-K, Item 1","Wendy’s; WEN; 2025-12-28; 7,397; 10-K; Item 1",S2,filing,filing-source,6,filing,filing,false,false,true,false,false,issuer; forum; aggregator; news; reference,none,,,filing,filing,true,false,false,3,false
20261007T064527777900Z-codex.web.BR12.r1-a1,web,breadth,BR12,1,3,fact,"Wingstop (WING) | 2025-12-27 | 3,056 | Total system restaurants — 10-K, Item 7","Wingstop; WING; 2025-12-27; 3,056; 10-K; Item 7",S3,filing,filing-source,6,filing,filing,false,false,true,false,false,issuer; forum; aggregator; reference,none,,,filing,filing,true,false,false,3,false
20261007T064527777900Z-codex.web.BR12.r1-a1,web,breadth,BR12,1,4,fact,"Dine Brands (DIN) | 2025-12-28 | 3,509 | Restaurants across all brands — 10-K, Item 1","Dine Brands; DIN; 2025-12-28; 3,509; 10-K; Item 1",S4,filing,filing-source,6,filing,filing,false,false,true,true,false,issuer; forum; aggregator; news; reference,none,,,filing,filing,true,true,false,3,false
20261007T064527777900Z-codex.web.BR12.r1-a1,web,breadth,BR12,1,5,fact,"Texas Roadhouse (TXRH) | 2025-12-30 | 714 | Company-owned and operated restaurants — 10-K, Item 2",Texas Roadhouse; TXRH; 2025-12-30; 714; 10-K; Item 2,S5,filing,filing-source,5,secondary,issuer,false,false,false,true,false,issuer; forum; aggregator; reference,none,,,filing,filing,true,true,false,2,false
20261007T064527777900Z-codex.web.BR12.r1-a1,web,breadth,BR12,1,6,fact,"CAVA (CAVA) | 2025-12-28 | 439 | CAVA Restaurants owned and operated — 10-K, Item 1",CAVA; 2025-12-28; 439; CAVA Restaurants; 10-K; Item 1,S6,filing,filing-source,6,filing,filing,false,false,true,true,false,issuer; forum; aggregator; news; reference,none,,,filing,filing,true,true,false,3,false
20261007T064527777900Z-codex.web.BR12.r1-a1,web,breadth,BR12,1,7,fact,"Shake Shack (SHAK) | 2025-12-31 | 659 | Shacks in operation system wide — 10-K, Note 1",Shake Shack; SHAK; 2025-12-31; 659; Shacks; 10-K; Note 1,S7,filing,filing-source,7,filing,filing,false,false,true,false,false,issuer; forum; aggregator; news; reference,none,,,filing,filing,true,true,false,3,false
20261007T064527777900Z-codex.web.BR12.r1-a1,web,breadth,BR12,1,8,fact,"Starbucks (SBUX) | 2025-09-28 | 21,514 | Company-operated stores — 10-K, Item 1","Starbucks; SBUX; 2025-09-28; 21,514; 10-K; Item 1",S8,filing,filing-source,5,filing,filing,false,false,true,false,false,issuer; forum; aggregator; news; reference,none,,,filing,filing,true,false,false,2,false
20261007T064527777900Z-codex.web.BR12.r1-a1,web,breadth,BR12,1,9,fact,"Brinker (EAT) | 2025-06-25 | 1,628 | Company-owned plus franchise-operated restaurants — 10-K, Item 2","Brinker; EAT; 2025-06-25; 1,628; 10-K; Item 2",S9,filing,filing-source,5,filing,filing,false,false,true,true,false,issuer; forum; aggregator; news; reference,none,,,filing,filing,true,true,false,2,false
20261007T064556959789Z-codex.archivist.BR12.r1-a1,archivist,breadth,BR12,1,1,fact,"Chipotle (CMG): fiscal year-end 2025-12-31; 4,042 restaurants owned and operated; 10-K filed 2026-02-04.","Chipotle; CMG; 2025-12-31; 4,042; 2026-02-04",S1,filing,mosaic-finance.com,5,filing,filing,false,false,true,false,false,,none,,,filing,filing,true,false,false,3,false
20261007T064556959789Z-codex.archivist.BR12.r1-a1,archivist,breadth,BR12,1,2,fact,"Wendy’s (WEN): fiscal year-end 2025-12-28; 7,397 system restaurants; 10-K filed 2026-02-23.","Wendy’s; WEN; 2025-12-28; 7,397; 2026-02-23",S2,filing,mosaic-finance.com,6,filing,filing,false,false,true,false,false,,none,,,filing,filing,true,false,false,4,false
20261007T064556959789Z-codex.archivist.BR12.r1-a1,archivist,breadth,BR12,1,3,fact,"Wingstop (WING): fiscal year-end 2025-12-27; 3,056 total system restaurants; 10-K filed 2026-02-18.","Wingstop; WING; 2025-12-27; 3,056; 2026-02-18",S3,filing,mosaic-finance.com,6,filing,filing,false,false,true,false,false,,none,,,filing,filing,true,false,false,4,false
20261007T064556959789Z-codex.archivist.BR12.r1-a1,archivist,breadth,BR12,1,4,fact,"Dine Brands (DIN): fiscal year-end 2025-12-28; 3,509 restaurants across all brands; 10-K filed 2026-02-25.","Dine Brands; DIN; 2025-12-28; 3,509; 2026-02-25",S4,filing,mosaic-finance.com,6,filing,filing,false,false,true,false,false,,none,,,filing,filing,true,false,false,4,false
20261007T064556959789Z-codex.archivist.BR12.r1-a1,archivist,breadth,BR12,1,5,fact,Texas Roadhouse (TXRH): fiscal year-end 2025-12-30; 714 company owned and operated restaurants; 10-K filed 2026-02-27.,Texas Roadhouse; TXRH; 2025-12-30; 714; 2026-02-27,S5,filing,mosaic-finance.com,5,filing,filing,false,false,true,false,false,,none,,,filing,filing,true,false,false,3,false
20261007T064556959789Z-codex.archivist.BR12.r1-a1,archivist,breadth,BR12,1,6,fact,CAVA (CAVA): fiscal year-end 2025-12-28; 439 CAVA Restaurants; 10-K filed 2026-02-25.,CAVA; 2025-12-28; 439; CAVA Restaurants; 2026-02-25,S6,filing,mosaic-finance.com,6,filing,filing,false,false,true,false,false,,none,,,filing,filing,true,false,false,4,false
20261007T064556959789Z-codex.archivist.BR12.r1-a1,archivist,breadth,BR12,1,7,fact,Shake Shack (SHAK): fiscal year-end 2025-12-31; 659 Shacks in operation system wide; 10-K filed 2026-02-26.,Shake Shack; SHAK; 2025-12-31; 659; Shacks; 2026-02-26,S7,filing,mosaic-finance.com,7,filing,filing,false,false,true,false,false,,none,,,filing,filing,true,false,false,4,false
20261007T064556959789Z-codex.archivist.BR12.r1-a1,archivist,breadth,BR12,1,8,fact,"Starbucks (SBUX): fiscal year-end 2025-09-28; 21,514 company-operated stores; 10-K filed 2025-11-14.","Starbucks; SBUX; 2025-09-28; 21,514; 2025-11-14",S8,filing,mosaic-finance.com,6,filing,filing,false,false,true,false,false,,none,,,filing,filing,true,false,false,4,false
20261007T064556959789Z-codex.archivist.BR12.r1-a1,archivist,breadth,BR12,1,9,fact,"Brinker (EAT): fiscal year-end 2025-06-25; 1,628 company-owned plus franchise-operated restaurants; 10-K filed 2025-08-15.","Brinker; EAT; 2025-06-25; 1,628; 2025-08-15",S9,filing,mosaic-finance.com,5,filing,filing,false,false,true,false,false,,none,,,filing,filing,true,false,false,3,false
20261007T064622741447Z-codex.both.BR12.r1-a1,both,breadth,BR12,1,1,fact,"Chipotle (CMG) reported 4,042 restaurants owned at fiscal year-end 2025-12-31 in its 10-K.","Chipotle; CMG; 4,042; 2025-12-31",S1,filing,filing-source,5,filing,filing,false,false,true,true,false,issuer; aggregator; news,none,,,filing,filing,true,true,false,3,false
20261007T064622741447Z-codex.both.BR12.r1-a1,both,breadth,BR12,1,2,fact,"Wendy’s (WEN) reported 7,397 system restaurants at fiscal year-end 2025-12-28 in its 10-K.","Wendy’s; WEN; 7,397; 2025-12-28",S2,filing,filing-source,5,filing,filing,false,false,true,false,false,aggregator; news,none,,,filing,filing,true,false,false,3,false
20261007T064622741447Z-codex.both.BR12.r1-a1,both,breadth,BR12,1,3,fact,"Wingstop (WING) reported 3,056 total system restaurants at fiscal year-end 2025-12-27 in its 10-K.","Wingstop; WING; 3,056; 2025-12-27",S3,filing,filing-source,5,filing,filing,false,false,true,true,false,issuer; aggregator,none,,,filing,filing,true,true,false,3,false
20261007T064622741447Z-codex.both.BR12.r1-a1,both,breadth,BR12,1,4,fact,"Dine Brands (DIN) reported 3,509 restaurants across all brands at fiscal year-end 2025-12-28 in its 10-K.","Dine Brands; DIN; 3,509; 2025-12-28",S4,filing,filing-source,5,filing,filing,false,false,true,false,false,issuer; aggregator; news,none,,,filing,filing,true,false,false,3,false
20261007T064622741447Z-codex.both.BR12.r1-a1,both,breadth,BR12,1,5,fact,Texas Roadhouse (TXRH) reported 714 company owned and operated restaurants at fiscal year-end 2025-12-30 in its 10-K.,Texas Roadhouse; TXRH; 714; 2025-12-30,S5,filing,filing-source,4,filing,filing,false,false,true,false,false,aggregator,none,,,filing,filing,true,false,false,2,false
20261007T064622741447Z-codex.both.BR12.r1-a1,both,breadth,BR12,1,6,fact,CAVA (CAVA) reported 439 CAVA Restaurants at fiscal year-end 2025-12-28 in its 10-K.,CAVA; 439; CAVA Restaurants; 2025-12-28,S6,filing,filing-source,5,filing,filing,false,false,true,false,false,aggregator; news,none,,,filing,filing,true,false,false,3,false
20261007T064622741447Z-codex.both.BR12.r1-a1,both,breadth,BR12,1,7,fact,Shake Shack (SHAK) reported 659 Shacks in operation system wide at fiscal year-end 2025-12-31 in its 10-K.,Shake Shack; SHAK; 659; 2025-12-31,S7,filing,filing-source,5,filing,filing,false,false,true,false,false,issuer; aggregator; news,none,,,filing,filing,true,false,false,3,false
20261007T064622741447Z-codex.both.BR12.r1-a1,both,breadth,BR12,1,8,fact,"Starbucks (SBUX) reported 21,514 company-operated stores at fiscal year-end 2025-09-28 in its 10-K.","Starbucks; SBUX; 21,514; 2025-09-28",S8,filing,filing-source,4,filing,filing,false,false,true,false,false,aggregator; news,none,,,filing,filing,true,false,false,2,false
20261007T064622741447Z-codex.both.BR12.r1-a1,both,breadth,BR12,1,9,fact,"Brinker (EAT) reported 1,628 company-owned plus franchise-operated restaurants at fiscal year-end 2025-06-25 in its 10-K.","Brinker; EAT; 1,628; 2025-06-25",S9,filing,filing-source,4,filing,filing,false,false,true,false,false,aggregator; news,none,,,filing,filing,true,false,false,2,false
20261007T064701718098Z-codex.web.BR13.r1-a1,web,breadth,BR13,1,1,fact,"Item 5 of each Form 10-K for the fiscal year ended December 31, 2025 reports:","Item 5; Form 10-K; December 31, 2025",,,,3,filing,filing,false,false,true,true,false,issuer; aggregator; reference; other,none,,,filing,filing,true,true,false,3,false
20261007T064701718098Z-codex.web.BR13.r1-a1,web,breadth,BR13,1,2,fact,"Pfizer (PFE) | Common-stock holders of record: 106,369 | As-of date: February 19, 2026 | Item 5","Pfizer; PFE; 106,369; February 19, 2026; Item 5",S1,filing,filing-source,5,filing,filing,false,false,true,true,false,issuer; aggregator; other,none,,,filing,filing,true,true,false,1,false
20261007T064701718098Z-codex.web.BR13.r1-a1,web,breadth,BR13,1,3,fact,"Merck (MRK) | Common-stock holders of record: Approximately 80,500 | As-of date: January 31, 2026 | Item 5","Merck; MRK; Approximately 80,500; January 31, 2026; Item 5",S2,issuer,merck.com,5,secondary,issuer,false,true,false,true,false,issuer; aggregator; reference; other,none,,,secondary,issuer,false,true,false,1,false
20261007T064701718098Z-codex.web.BR13.r1-a1,web,breadth,BR13,1,4,fact,"Eli Lilly (LLY) | Common-stock holders of record: Approximately 16,886 | As-of date: February 9, 2026 | Item 5","Eli Lilly; LLY; Approximately 16,886; February 9, 2026; Item 5",S3,filing,filing-source,5,secondary,issuer,false,false,false,true,false,issuer; forum; aggregator; reference; other,none,,,secondary,other,false,true,false,1,false
20261007T064701718098Z-codex.web.BR13.r1-a1,web,breadth,BR13,1,5,fact,"AbbVie (ABBV) | Common-stock holders of record: 58,040 | As-of date: February 10, 2026 | Item 5","AbbVie; ABBV; 58,040; February 10, 2026; Item 5",S4,filing,filing-source,5,filing,filing,false,false,true,true,false,issuer; aggregator; reference,none,,,filing,filing,true,true,false,1,false
20261007T064701718098Z-codex.web.BR13.r1-a1,web,breadth,BR13,1,6,fact,"Abbott Laboratories (ABT) | Common-stock holders of record: 29,122 | As-of date: January 31, 2026 | Item 5","Abbott Laboratories; ABT; 29,122; January 31, 2026; Item 5",S5,filing,filing-source,5,filing,filing,false,false,true,false,false,issuer; aggregator; other,none,,,filing,filing,true,false,false,1,false
20261007T064701718098Z-codex.web.BR13.r1-a1,web,breadth,BR13,1,7,fact,"Boston Scientific (BSX) | Common-stock holders of record: 4,570 | As-of date: January 30, 2026 | Item 5","Boston Scientific; BSX; 4,570; January 30, 2026; Item 5",S6,filing,filing-source,5,filing,filing,false,false,true,true,false,issuer; forum; aggregator; reference,none,,,filing,filing,true,true,false,1,false
20261007T064701718098Z-codex.web.BR13.r1-a1,web,breadth,BR13,1,8,fact,"Thermo Fisher Scientific (TMO) | Common-stock holders of record: 2,044 | As-of date: January 31, 2026 | Item 5","Thermo Fisher Scientific; TMO; 2,044; January 31, 2026; Item 5",S7,filing,filing-source,5,filing,filing,false,false,true,true,false,issuer; aggregator; reference; other,none,,,filing,filing,true,true,false,1,false
20261007T064701718098Z-codex.web.BR13.r1-a1,web,breadth,BR13,1,9,fact,"Gilead Sciences (GILD) | Common-stock holders of record: Approximately 1,305 | As-of date: February 13, 2026 | Item 5","Gilead Sciences; GILD; Approximately 1,305; February 13, 2026; Item 5",S8,filing,filing-source,5,filing,filing,false,false,true,false,false,issuer; forum; aggregator; reference,none,,,filing,filing,true,false,false,1,false
20261007T064701718098Z-codex.web.BR13.r1-a1,web,breadth,BR13,1,10,fact,"Vertex Pharmaceuticals (VRTX) | Common-stock holders of record: 94 | As-of date: February 6, 2026 | Item 5","Vertex Pharmaceuticals; VRTX; 94; February 6, 2026; Item 5",S9,issuer,investors.vrtx.com,5,filing,filing,false,true,true,true,false,issuer; aggregator; other,none,,,filing,filing,true,true,false,1,false
20261007T064708942638Z-codex.archivist.BR13.r1-a1,archivist,breadth,BR13,1,1,fact,"Pfizer (PFE) reports 106,369 common-stock holders of record as of February 19, 2026.","Pfizer; PFE; 106,369; February 19, 2026",S1,filing,mosaic-finance.com,4,filing,filing,false,false,true,false,false,,none,,,filing,filing,true,false,false,1,false
20261007T064708942638Z-codex.archivist.BR13.r1-a1,archivist,breadth,BR13,1,2,fact,"Merck (MRK) reports Approximately 80,500 common-stock holders of record as of January 31, 2026.","Merck; MRK; Approximately 80,500; January 31, 2026",S2,filing,mosaic-finance.com,4,filing,filing,false,false,true,false,false,,none,,,filing,filing,true,false,false,1,false
20261007T064708942638Z-codex.archivist.BR13.r1-a1,archivist,breadth,BR13,1,3,fact,"Eli Lilly (LLY) reports Approximately 16,886 common-stock holders of record as of February 9, 2026.","Eli Lilly; LLY; Approximately 16,886; February 9, 2026",S3,filing,mosaic-finance.com,4,filing,filing,false,false,true,false,false,,none,,,filing,filing,true,false,false,1,false
20261007T064708942638Z-codex.archivist.BR13.r1-a1,archivist,breadth,BR13,1,4,fact,"AbbVie (ABBV) reports 58,040 common-stock holders of record as of February 10, 2026.","AbbVie; ABBV; 58,040; February 10, 2026",S4,filing,mosaic-finance.com,4,filing,filing,false,false,true,false,false,,none,,,filing,filing,true,false,false,1,false
20261007T064708942638Z-codex.archivist.BR13.r1-a1,archivist,breadth,BR13,1,5,fact,"Abbott (ABT) reports 29,122 common-stock holders of record as of January 31, 2026.","Abbott; ABT; 29,122; January 31, 2026",S5,filing,mosaic-finance.com,4,filing,filing,false,false,true,false,false,,none,,,filing,filing,true,false,false,1,false
20261007T064708942638Z-codex.archivist.BR13.r1-a1,archivist,breadth,BR13,1,6,fact,"Boston Scientific (BSX) reports 4,570 common-stock holders of record as of January 30, 2026.","Boston Scientific; BSX; 4,570; January 30, 2026",S6,filing,mosaic-finance.com,4,filing,filing,false,false,true,false,false,,none,,,filing,filing,true,false,false,1,false
20261007T064708942638Z-codex.archivist.BR13.r1-a1,archivist,breadth,BR13,1,7,fact,"Thermo Fisher Scientific (TMO) reports 2,044 common-stock holders of record as of January 31, 2026.","Thermo Fisher Scientific; TMO; 2,044; January 31, 2026",S7,filing,mosaic-finance.com,4,filing,filing,false,false,true,false,false,,none,,,filing,filing,true,false,false,1,false
20261007T064708942638Z-codex.archivist.BR13.r1-a1,archivist,breadth,BR13,1,8,fact,"Gilead Sciences (GILD) reports Approximately 1,305 common-stock holders of record as of February 13, 2026.","Gilead Sciences; GILD; Approximately 1,305; February 13, 2026",S8,filing,mosaic-finance.com,4,filing,filing,false,false,true,false,false,,none,,,filing,filing,true,false,false,1,false
20261007T064708942638Z-codex.archivist.BR13.r1-a1,archivist,breadth,BR13,1,9,fact,"Vertex Pharmaceuticals (VRTX) reports 94 common-stock holders of record as of February 6, 2026.","Vertex Pharmaceuticals; VRTX; 94; February 6, 2026",S9,filing,mosaic-finance.com,4,filing,filing,false,false,true,false,false,,none,,,filing,filing,true,false,false,1,false
20261007T064750419699Z-codex.both.BR13.r1-a1,both,breadth,BR13,1,1,fact,"Pfizer (PFE): 106,369 common-stock holders of record as of February 19, 2026, in Item 5 of its Form 10-K for the fiscal year ended December 31, 2025.","Pfizer; PFE; 106,369; February 19, 2026; Item 5; Form 10-K; December 31, 2025",S1,filing,filing-source,7,filing,filing,false,false,true,true,false,issuer; forum; aggregator; reference,none,,,filing,filing,true,true,false,1,false
20261007T064750419699Z-codex.both.BR13.r1-a1,both,breadth,BR13,1,2,fact,"Merck (MRK): Approximately 80,500 common-stock holders of record as of January 31, 2026, in Item 5 of its Form 10-K for the fiscal year ended December 31, 2025.","Merck; MRK; Approximately 80,500; January 31, 2026; Item 5; Form 10-K; December 31, 2025",S2,issuer,merck.com,7,secondary,issuer,false,true,false,true,false,issuer; forum; aggregator; reference; other,none,,,secondary,issuer,false,true,false,1,false
20261007T064750419699Z-codex.both.BR13.r1-a1,both,breadth,BR13,1,3,fact,"Eli Lilly (LLY): Approximately 16,886 common-stock holders of record as of February 9, 2026, in Item 5 of its Form 10-K for the fiscal year ended December 31, 2025.","Eli Lilly; LLY; Approximately 16,886; February 9, 2026; Item 5; Form 10-K; December 31, 2025",S3,filing,filing-source,7,secondary,issuer,false,false,false,true,false,issuer; forum; aggregator; reference; other,none,,,secondary,issuer,false,true,false,1,false
20261007T064750419699Z-codex.both.BR13.r1-a1,both,breadth,BR13,1,4,fact,"AbbVie (ABBV): 58,040 common-stock holders of record as of February 10, 2026, in Item 5 of its Form 10-K for the fiscal year ended December 31, 2025.","AbbVie; ABBV; 58,040; February 10, 2026; Item 5; Form 10-K; December 31, 2025",S4,filing,filing-source,7,filing,filing,false,false,true,true,false,issuer; forum; aggregator; reference,none,,,filing,filing,true,true,false,1,false
20261007T064750419699Z-codex.both.BR13.r1-a1,both,breadth,BR13,1,5,fact,"Abbott Laboratories (ABT): 29,122 common-stock holders of record as of January 31, 2026, in Item 5 of its Form 10-K for the fiscal year ended December 31, 2025.","Abbott Laboratories; ABT; 29,122; January 31, 2026; Item 5; Form 10-K; December 31, 2025",S5,filing,filing-source,7,filing,filing,false,false,true,false,false,issuer; forum; aggregator; reference; other,none,,,filing,filing,true,false,false,1,false
20261007T064750419699Z-codex.both.BR13.r1-a1,both,breadth,BR13,1,6,fact,"Boston Scientific (BSX): 4,570 common-stock holders of record as of January 30, 2026, in Item 5 of its Form 10-K for the fiscal year ended December 31, 2025.","Boston Scientific; BSX; 4,570; January 30, 2026; Item 5; Form 10-K; December 31, 2025",S6,issuer,investors.bostonscientific.com,7,filing,filing,false,true,true,false,false,issuer; forum; aggregator; reference,none,,,filing,filing,true,true,false,1,false
20261007T064750419699Z-codex.both.BR13.r1-a1,both,breadth,BR13,1,7,fact,"Thermo Fisher Scientific (TMO): 2,044 common-stock holders of record as of January 31, 2026, in Item 5 of its Form 10-K for the fiscal year ended December 31, 2025.","Thermo Fisher Scientific; TMO; 2,044; January 31, 2026; Item 5; Form 10-K; December 31, 2025",S7,filing,filing-source,7,filing,filing,false,false,true,false,false,issuer; forum; aggregator; reference; other,none,,,filing,filing,true,true,false,1,false
20261007T064750419699Z-codex.both.BR13.r1-a1,both,breadth,BR13,1,8,fact,"Gilead Sciences (GILD): Approximately 1,305 common-stock holders of record as of February 13, 2026, in Item 5 of its Form 10-K for the fiscal year ended December 31, 2025.","Gilead Sciences; GILD; Approximately 1,305; February 13, 2026; Item 5; Form 10-K; December 31, 2025",S8,filing,filing-source,7,filing,filing,false,false,true,false,false,issuer; forum; aggregator; reference,none,,,filing,filing,true,false,false,1,false
20261007T064750419699Z-codex.both.BR13.r1-a1,both,breadth,BR13,1,9,fact,"Vertex Pharmaceuticals (VRTX): 94 common-stock holders of record as of February 6, 2026, in Item 5 of its Form 10-K for the fiscal year ended December 31, 2025.","Vertex Pharmaceuticals; VRTX; 94; February 6, 2026; Item 5; Form 10-K; December 31, 2025",S9,issuer,investors.vrtx.com,7,secondary,issuer,false,true,false,true,false,issuer; forum; aggregator; reference,none,,,filing,filing,true,true,false,1,false
20261007T064803985924Z-codex.web.BR14.r1-a1,web,breadth,BR14,1,1,fact,"Canadian National Railway (CNR): 23,839; Total at December 31, 2025; 2025 AIF, §4.4 Labor.","Canadian National Railway; CNR; 23,839; December 31, 2025; 2025 AIF; §4.4",S1,issuer,cn.ca,6,secondary,issuer,false,true,false,false,false,issuer; aggregator,none,,,secondary,issuer,false,true,false,2,false
20261007T064803985924Z-codex.web.BR14.r1-a1,web,breadth,BR14,1,2,fact,"Canadian Pacific Kansas City (CP): 19,479; Total at December 31, 2025; 2025 10-K, Human Capital.","Canadian Pacific Kansas City; CP; 19,479; December 31, 2025; 2025 10-K",S2,filing,filing-source,4,secondary,issuer,false,false,false,true,false,issuer; forum; aggregator; reference,none,,,filing,filing,true,true,false,1,false
20261007T064803985924Z-codex.web.BR14.r1-a1,web,breadth,BR14,1,3,fact,"CSX (CSX): Approximately 23,000; As of December 2025; 2025 10-K, CSX’s Committed Workforce.","CSX; Approximately 23,000; December 2025; 2025 10-K",S3,filing,filing-source,3,filing,filing,false,false,true,true,false,issuer; forum; aggregator; news; reference,none,,,filing,filing,true,true,false,1,false
20261007T064803985924Z-codex.web.BR14.r1-a1,web,breadth,BR14,1,4,fact,"Norfolk Southern (NSC): 19,300; At the end of 2025; 2025 10-K, Human Capital Management.","Norfolk Southern; NSC; 19,300; the end of 2025; 2025 10-K",S4,filing,filing-source,4,filing,filing,false,false,true,true,false,issuer; aggregator,none,,,filing,filing,true,true,false,1,false
20261007T064803985924Z-codex.web.BR14.r1-a1,web,breadth,BR14,1,5,fact,"Union Pacific (UNP): 29,287; Average during 2025; 2025 10-K, Our People.","Union Pacific; UNP; 29,287; Average during 2025; 2025 10-K",S5,filing,filing-source,4,unattributed,,false,false,false,false,false,,none,,,filing,filing,true,false,false,1,false
20261007T064803985924Z-codex.web.BR14.r1-a1,web,breadth,BR14,1,6,fact,"Westinghouse Air Brake Technologies / Wabtec (WAB): Approximately 31,000; Global workforce at December 31, 2025, excluding contingent workers; 2025 10-K, Human Capital.","Westinghouse Air Brake Technologies; Wabtec; WAB; Approximately 31,000; December 31, 2025; 2025 10-K",S6,filing,filing-source,5,filing,filing,false,false,true,false,false,issuer; aggregator,none,,,filing,filing,true,true,false,1,false
20261007T064803985924Z-codex.web.BR14.r1-a1,web,breadth,BR14,1,7,fact,"Trinity Industries (TRN): Approximately 6,110; Total at December 31, 2025; 2025 10-K, Human Capital headcount table.","Trinity Industries; TRN; Approximately 6,110; December 31, 2025; 2025 10-K",S7,filing,filing-source,4,secondary,issuer,false,false,false,false,false,issuer; aggregator,none,,,filing,filing,true,false,false,1,false
20261007T064838838993Z-codex.archivist.BR14.r1-a1,archivist,breadth,BR14,1,1,fact,"Canadian National Railway (CNR): 23,839; Total at December 31, 2025; 2025 AIF, §4.4 Labor (2026-02-04).","Canadian National Railway; CNR; 23,839; December 31, 2025; 2025 AIF; §4.4; 2026-02-04",S1,filing,mosaic-finance.com,6,unattributed,,false,false,false,false,false,,none,,,filing,filing,true,false,false,2,false
20261007T064838838993Z-codex.archivist.BR14.r1-a1,archivist,breadth,BR14,1,2,fact,"Canadian Pacific Kansas City (CP): 19,479; Total at December 31, 2025; 10-K, Item 1 (2026-02-26).","Canadian Pacific Kansas City; CP; 19,479; December 31, 2025; 10-K; Item 1; 2026-02-26",S2,filing,mosaic-finance.com,6,filing,filing,false,false,true,false,false,,none,,,filing,filing,true,false,false,2,false
20261007T064838838993Z-codex.archivist.BR14.r1-a1,archivist,breadth,BR14,1,3,fact,"CSX (CSX): Approximately 23,000; As of December 2025; 10-K, Item 1 (2026-02-12).","CSX; Approximately 23,000; December 2025; 10-K; Item 1; 2026-02-12",S3,filing,mosaic-finance.com,5,filing,filing,false,false,true,false,false,,none,,,filing,filing,true,false,false,2,false
20261007T064838838993Z-codex.archivist.BR14.r1-a1,archivist,breadth,BR14,1,4,fact,"Norfolk Southern (NSC): 19,300; At the end of 2025; 10-K, Human Capital Management (2026-02-09).","Norfolk Southern; NSC; 19,300; end of 2025; 10-K; 2026-02-09",S4,filing,mosaic-finance.com,4,filing,filing,false,false,true,false,false,,none,,,filing,filing,true,false,false,1,false
20261007T064838838993Z-codex.archivist.BR14.r1-a1,archivist,breadth,BR14,1,5,fact,"Union Pacific (UNP): 29,287; Average during 2025; 10-K, Item 1 (2026-02-06).","Union Pacific; UNP; 29,287; during 2025; 10-K; Item 1; 2026-02-06",S5,filing,mosaic-finance.com,5,filing,filing,false,false,true,false,false,,none,,,filing,filing,true,false,false,1,false
20261007T064838838993Z-codex.archivist.BR14.r1-a1,archivist,breadth,BR14,1,6,fact,"Westinghouse Air Brake Technologies (WAB): Approximately 31,000; Global workforce at December 31, 2025; excludes contingent workers; 10-K, Item 1 (2026-02-13).","Westinghouse Air Brake Technologies; WAB; Approximately 31,000; December 31, 2025; 10-K; Item 1; 2026-02-13",S6,filing,mosaic-finance.com,6,filing,filing,false,false,true,false,false,,none,,,filing,filing,true,false,false,2,false
20261007T064838838993Z-codex.archivist.BR14.r1-a1,archivist,breadth,BR14,1,7,fact,"Trinity Industries (TRN): Approximately 6,110; Total at December 31, 2025; 10-K, Human Capital (2026-02-19).","Trinity Industries; TRN; Approximately 6,110; December 31, 2025; 10-K; 2026-02-19",S7,filing,mosaic-finance.com,5,filing,filing,false,false,true,false,false,,none,,,filing,filing,true,false,false,2,false
20261007T064840158121Z-codex.both.BR14.r1-a1,both,breadth,BR14,1,1,fact,"Canadian National Railway (CNR): 23,839 reported employees, total at December 31, 2025.","Canadian National Railway; CNR; 23,839; December 31, 2025",S1,issuer,cn.ca,4,secondary,issuer,false,true,false,true,false,issuer; aggregator,none,,,filing,filing,true,true,false,1,false
20261007T064840158121Z-codex.both.BR14.r1-a1,both,breadth,BR14,1,2,fact,"Canadian Pacific Kansas City (CP): 19,479 reported employees, total at December 31, 2025.","Canadian Pacific Kansas City; CP; 19,479; December 31, 2025",S2,filing,filing-source,4,secondary,issuer,false,false,false,true,false,issuer; aggregator; reference,none,,,filing,filing,true,true,false,1,false
20261007T064840158121Z-codex.both.BR14.r1-a1,both,breadth,BR14,1,3,fact,"CSX (CSX): Approximately 23,000 reported employees, as of December 2025.","CSX; Approximately 23,000; December 2025",S3,filing,filing-source,3,filing,filing,false,false,true,true,false,issuer; aggregator; news; reference,none,,,filing,filing,true,true,false,1,false
20261007T064840158121Z-codex.both.BR14.r1-a1,both,breadth,BR14,1,4,fact,"Norfolk Southern (NSC): 19,300 reported employees, at the end of 2025.","Norfolk Southern; NSC; 19,300; At the end of 2025",S4,filing,filing-source,4,filing,filing,false,false,true,false,false,issuer; aggregator,none,,,filing,filing,true,true,false,1,false
20261007T064840158121Z-codex.both.BR14.r1-a1,both,breadth,BR14,1,5,fact,"Union Pacific (UNP): 29,287 reported employees, average during 2025.","Union Pacific; UNP; 29,287; Average during 2025",S5,filing,filing-source,4,secondary,issuer,false,false,false,false,false,issuer; forum; aggregator; reference,none,,,filing,filing,true,true,false,1,false
20261007T064840158121Z-codex.both.BR14.r1-a1,both,breadth,BR14,1,6,fact,"Westinghouse Air Brake Technologies / Wabtec (WAB): Approximately 31,000 reported employees, global workforce at December 31, 2025, excluding contingent workers.","Westinghouse Air Brake Technologies; Wabtec; WAB; Approximately 31,000; December 31, 2025",S6,filing,filing-source,5,secondary,issuer,false,false,false,false,false,issuer; aggregator; reference,none,,,filing,filing,true,true,false,1,false
20261007T064840158121Z-codex.both.BR14.r1-a1,both,breadth,BR14,1,7,fact,"Trinity Industries (TRN): Approximately 6,110 reported employees, total at December 31, 2025.","Trinity Industries; TRN; Approximately 6,110; December 31, 2025",S7,filing,filing-source,4,filing,filing,false,false,true,false,false,issuer; aggregator,none,,,filing,filing,true,false,false,1,false
20261007T064915982687Z-codex.web.BR15.r1-a1,web,breadth,BR15,1,1,fact,"Agnico Eagle (AEM): Payable gold production of 3,447,367 ounces for the year ended December 31, 2025; annual MD&A dated 2026-02-12.","Agnico Eagle; AEM; 3,447,367; December 31, 2025; 2026-02-12",S1,filing,filing-source,5,secondary,issuer,false,false,false,true,false,issuer; forum; aggregator; reference,none,,,filing,filing,true,true,false,2,false
20261007T064915982687Z-codex.web.BR15.r1-a1,web,breadth,BR15,1,2,fact,"Alamos Gold (AGI): Total gold production of 545,400 ounces for the year ended December 31, 2025; annual MD&A dated 2026-02-18.","Alamos Gold; AGI; 545,400; December 31, 2025; 2026-02-18",S2,filing,filing-source,5,filing,filing,false,false,true,true,false,issuer; forum; aggregator; reference,none,,,filing,filing,true,true,false,2,false
20261007T064915982687Z-codex.web.BR15.r1-a1,web,breadth,BR15,1,3,fact,"IAMGOLD (IMG): Attributable gold production of 765,900 ounces for the year ended December 31, 2025; annual MD&A dated 2026-02-17.","IAMGOLD; IMG; 765,900; December 31, 2025; 2026-02-17",S3,filing,filing-source,5,filing,filing,false,false,true,true,false,issuer; forum; aggregator; reference,none,,,filing,filing,true,true,false,2,false
20261007T064915982687Z-codex.web.BR15.r1-a1,web,breadth,BR15,1,4,fact,"Lundin Gold (LUG): Total gold production of 498,315 ounces for the year ended December 31, 2025; annual MD&A dated 2026-02-19.","Lundin Gold; LUG; 498,315; December 31, 2025; 2026-02-19",S4,issuer,lundingold.com,5,secondary,issuer,false,true,false,true,false,issuer; forum; aggregator; news; reference,none,,,secondary,issuer,false,true,false,2,false
20261007T064915982687Z-codex.web.BR15.r1-a1,web,breadth,BR15,1,5,fact,"New Gold (NGD): Consolidated gold production of 353,772 ounces for the year ended December 31, 2025; annual MD&A dated 2026-03-20.","New Gold; NGD; 353,772; December 31, 2025; 2026-03-20",S5,filing,filing-source,4,filing,filing,false,false,true,true,false,issuer; forum; aggregator; news,none,,,filing,filing,true,true,false,1,false
20261007T064915982687Z-codex.web.BR15.r1-a1,web,breadth,BR15,1,6,fact,"OceanaGold (OGC): Consolidated gold production, 100% basis, of 497,600 ounces for the year ended December 31, 2025; annual MD&A dated 2026-02-18.","OceanaGold; OGC; 100%; 497,600; December 31, 2025; 2026-02-18",S6,filing,filing-source,5,secondary,issuer,false,false,false,true,false,issuer; forum; aggregator,none,,,filing,filing,true,true,false,2,false
20261007T064915982687Z-codex.web.BR15.r1-a1,web,breadth,BR15,1,7,fact,"Eldorado Gold (ELD): Total gold production of 488,268 ounces for the year ended December 31, 2025; annual MD&A dated 2026-02-19.","Eldorado Gold; ELD; 488,268; December 31, 2025; 2026-02-19",S7,issuer,eldoradogold.com,5,filing,filing,false,true,true,true,false,issuer; forum; aggregator; news; reference,none,,,filing,filing,true,true,false,2,false
20261007T064915982687Z-codex.web.BR15.r1-a1,web,breadth,BR15,1,8,fact,"B2Gold (BTO): Consolidated gold production of 979,604 ounces for the year ended December 31, 2025; annual MD&A dated 2026-02-18.","B2Gold; BTO; 979,604; December 31, 2025; 2026-02-18",S8,filing,filing-source,5,secondary,issuer,false,false,false,false,false,issuer; forum; aggregator; reference,none,,,filing,filing,true,false,false,2,false
20261007T064915982687Z-codex.web.BR15.r1-a1,web,breadth,BR15,1,9,fact,"Wesdome (WDO): Consolidated gold production of 185,576 ounces for the year ended December 31, 2025; annual MD&A dated 2026-03-11 — MD&A reproduction.","Wesdome; WDO; 185,576; December 31, 2025; 2026-03-11",S9,aggregator,marketscreener.com,5,secondary,issuer,false,true,false,true,false,issuer; forum; aggregator; news; reference; other,none,,,secondary,issuer,false,true,false,2,false
20261007T064915982687Z-codex.web.BR15.r1-a1,web,breadth,BR15,1,10,fact,"Agnico Eagle (AEM), Alamos Gold (AGI), IAMGOLD (IMG), Lundin Gold (LUG), New Gold (NGD), OceanaGold (OGC), Eldorado Gold (ELD), B2Gold (BTO), and Wesdome (WDO) are listed as miners on the TSX.",Agnico Eagle; AEM; Alamos Gold; AGI; IAMGOLD; IMG; Lundin Gold; LUG; New Gold; NGD; OceanaGold; OGC; Eldorado Gold; ELD; B2Gold; BTO; Wesdome; WDO; TSX,,,,19,secondary,issuer,false,false,false,true,false,issuer; forum; aggregator; news; reference; other,none,,,secondary,issuer,false,true,false,19,false
20261007T064915982687Z-codex.web.BR15.r1-a1,web,breadth,BR15,1,11,fact,Sources link to accessible copies of the English annual MD&As; filing dates are those supplied in your question.,,,,,0,unattributed,,true,false,false,false,false,,none,,,unattributed,,false,false,false,0,true
20261007T064915982687Z-codex.web.BR15.r1-a1,web,breadth,BR15,1,12,fact,"B2Gold’s total includes 14,554 ounces of pre-commercial production from Goose.","B2Gold; 14,554 ounces; Goose",S8,filing,filing-source,3,filing,filing,false,false,true,false,false,issuer; forum; reference,none,,,filing,filing,true,false,false,3,false
20261007T064944118196Z-codex.archivist.BR15.r1-a1,archivist,breadth,BR15,1,1,fact,"Agnico Eagle (AEM) on the TSX: 3,447,367 oz gold produced, Payable, for the year ended December 31, 2025; English annual MD&A filing date 2026-02-12.","Agnico Eagle; AEM; TSX; 3,447,367; December 31, 2025; 2026-02-12",S1,filing,mosaic-finance.com,6,filing,filing,false,false,true,false,false,,none,,,filing,filing,true,false,false,2,false
20261007T064944118196Z-codex.archivist.BR15.r1-a1,archivist,breadth,BR15,1,2,fact,"Alamos Gold (AGI) on the TSX: 545,400 oz total gold production for the year ended December 31, 2025; English annual MD&A filing date 2026-02-18.","Alamos Gold; AGI; TSX; 545,400; December 31, 2025; 2026-02-18",S2,filing,mosaic-finance.com,6,filing,filing,false,false,true,false,false,,none,,,filing,filing,true,false,false,2,false
20261007T064944118196Z-codex.archivist.BR15.r1-a1,archivist,breadth,BR15,1,3,fact,"IAMGOLD (IMG) on the TSX: 765,900 oz gold produced, Attributable, for the year ended December 31, 2025; English annual MD&A filing date 2026-02-17.","IAMGOLD; IMG; TSX; 765,900; December 31, 2025; 2026-02-17",S3,filing,mosaic-finance.com,6,filing,filing,false,false,true,false,false,,none,,,filing,filing,true,false,false,2,false
20261007T064944118196Z-codex.archivist.BR15.r1-a1,archivist,breadth,BR15,1,4,fact,"Lundin Gold (LUG) on the TSX: 498,315 oz total gold production for the year ended December 31, 2025; English annual MD&A filing date 2026-02-19.","Lundin Gold; LUG; TSX; 498,315; December 31, 2025; 2026-02-19",S4,filing,mosaic-finance.com,6,filing,filing,false,false,true,false,false,,none,,,filing,filing,true,false,false,2,false
20261007T064944118196Z-codex.archivist.BR15.r1-a1,archivist,breadth,BR15,1,5,fact,"New Gold (NGD) on the TSX: 353,772 oz total gold production for the year ended December 31, 2025; English annual MD&A filing date 2026-03-20.","New Gold; NGD; TSX; 353,772; December 31, 2025; 2026-03-20",S5,filing,mosaic-finance.com,5,filing,filing,false,false,true,false,false,,none,,,filing,filing,true,false,false,1,false
20261007T064944118196Z-codex.archivist.BR15.r1-a1,archivist,breadth,BR15,1,6,fact,"OceanaGold (OGC) on the TSX: 497,600 oz total gold production for the year ended December 31, 2025; English annual MD&A filing date 2026-02-18.","OceanaGold; OGC; TSX; 497,600; December 31, 2025; 2026-02-18",S6,filing,mosaic-finance.com,6,filing,filing,false,false,true,false,false,,none,,,filing,filing,true,false,false,2,false
20261007T064944118196Z-codex.archivist.BR15.r1-a1,archivist,breadth,BR15,1,7,fact,"Eldorado Gold (ELD) on the TSX: 488,268 oz total gold production for the year ended December 31, 2025; English annual MD&A filing date 2026-02-19.","Eldorado Gold; ELD; TSX; 488,268; December 31, 2025; 2026-02-19",S7,filing,mosaic-finance.com,6,filing,filing,false,false,true,false,false,,none,,,filing,filing,true,false,false,2,false
20261007T064944118196Z-codex.archivist.BR15.r1-a1,archivist,breadth,BR15,1,8,fact,"B2Gold (BTO) on the TSX: 979,604 oz consolidated gold production for the year ended December 31, 2025; includes 14,554 pre-commercial ounces from Goose; English annual MD&A filing date 2026-02-18.","B2Gold; BTO; TSX; 979,604; December 31, 2025; 14,554; Goose; 2026-02-18",S8,filing,mosaic-finance.com,8,filing,filing,false,false,true,false,false,,none,,,filing,filing,true,false,false,3,false
20261007T064944118196Z-codex.archivist.BR15.r1-a1,archivist,breadth,BR15,1,9,fact,"Wesdome (WDO) on the TSX: 185,576 oz consolidated gold production for the year ended December 31, 2025; English annual MD&A filing date 2026-03-11.","Wesdome; WDO; TSX; 185,576; December 31, 2025; 2026-03-11",S9,filing,mosaic-finance.com,6,filing,filing,false,false,true,false,false,,none,,,filing,filing,true,false,false,2,false
20261007T065038113880Z-codex.both.BR15.r1-a1,both,breadth,BR15,1,1,fact,"Agnico Eagle (AEM, TSX): 3,447,367 oz, Payable, for the year ended December 31, 2025; English annual MD&A filed on SEDAR+ on 2026-02-12.","Agnico Eagle; AEM; TSX; 3,447,367; December 31, 2025; SEDAR+; 2026-02-12",S1,filing,mosaic-finance.com,7,unattributed,,false,false,false,false,false,,none,,,filing,filing,true,false,false,2,false
20261007T065038113880Z-codex.both.BR15.r1-a1,both,breadth,BR15,1,2,fact,"Alamos Gold (AGI, TSX): 545,400 oz, Gold production, for the year ended December 31, 2025; English annual MD&A filed on SEDAR+ on 2026-02-18.","Alamos Gold; AGI; TSX; 545,400; December 31, 2025; SEDAR+; 2026-02-18",S2,filing,mosaic-finance.com,7,unattributed,,false,false,false,false,false,,none,,,filing,filing,true,false,false,2,false
20261007T065038113880Z-codex.both.BR15.r1-a1,both,breadth,BR15,1,3,fact,"IAMGOLD (IMG, TSX): 765,900 oz, Attributable, for the year ended December 31, 2025; English annual MD&A filed on SEDAR+ on 2026-02-17.","IAMGOLD; IMG; TSX; 765,900; December 31, 2025; SEDAR+; 2026-02-17",S3,filing,mosaic-finance.com,7,unattributed,,false,false,false,false,false,,none,,,filing,filing,true,false,false,2,false
20261007T065038113880Z-codex.both.BR15.r1-a1,both,breadth,BR15,1,4,fact,"Lundin Gold (LUG, TSX): 498,315 oz, Gold ounces produced, for the year ended December 31, 2025; English annual MD&A filed on SEDAR+ on 2026-02-19.","Lundin Gold; LUG; TSX; 498,315; December 31, 2025; SEDAR+; 2026-02-19",S4,filing,mosaic-finance.com,7,unattributed,,false,false,false,false,false,,none,,,filing,filing,true,false,false,2,false
20261007T065038113880Z-codex.both.BR15.r1-a1,both,breadth,BR15,1,5,fact,"New Gold (NGD, TSX): 353,772 oz, Gold produced, for the year ended December 31, 2025; English annual MD&A filed on SEDAR+ on 2026-03-20.","New Gold; NGD; TSX; 353,772; December 31, 2025; SEDAR+; 2026-03-20",S5,filing,mosaic-finance.com,6,unattributed,,false,false,false,false,false,,none,,,filing,filing,true,false,false,1,false
20261007T065038113880Z-codex.both.BR15.r1-a1,both,breadth,BR15,1,6,fact,"OceanaGold (OGC, TSX): 497,600 oz, Gold produced, for the year ended December 31, 2025; English annual MD&A filed on SEDAR+ on 2026-02-18.","OceanaGold; OGC; TSX; 497,600; December 31, 2025; SEDAR+; 2026-02-18",S6,filing,mosaic-finance.com,7,unattributed,,false,false,false,false,false,,none,,,filing,filing,true,false,false,2,false
20261007T065038113880Z-codex.both.BR15.r1-a1,both,breadth,BR15,1,7,fact,"Eldorado Gold (ELD, TSX): 488,268 oz, Gold produced, for the year ended December 31, 2025; English annual MD&A filed on SEDAR+ on 2026-02-19.","Eldorado Gold; ELD; TSX; 488,268; December 31, 2025; SEDAR+; 2026-02-19",S7,filing,mosaic-finance.com,7,unattributed,,false,false,false,false,false,,none,,,filing,filing,true,false,false,2,false
20261007T065038113880Z-codex.both.BR15.r1-a1,both,breadth,BR15,1,8,fact,"B2Gold (BTO, TSX): 979,604 oz, Consolidated, including Goose pre-commercial production, for the year ended December 31, 2025; English annual MD&A filed on SEDAR+ on 2026-02-18.","B2Gold; BTO; TSX; 979,604; Goose; December 31, 2025; SEDAR+; 2026-02-18",S8,filing,mosaic-finance.com,8,unattributed,,false,false,false,false,false,,none,,,filing,filing,true,false,false,2,false
20261007T065038113880Z-codex.both.BR15.r1-a1,both,breadth,BR15,1,9,fact,"Wesdome (WDO, TSX): 185,576 oz, Consolidated, for the year ended December 31, 2025; English annual MD&A filed on SEDAR+ on 2026-03-11.","Wesdome; WDO; TSX; 185,576; December 31, 2025; SEDAR+; 2026-03-11",S9,filing,mosaic-finance.com,7,unattributed,,false,false,false,false,false,,none,,,filing,filing,true,false,false,2,false
20261007T065052429108Z-codex.web.BR11.r2-a1,web,breadth,BR11,2,1,fact,"Microsoft (MSFT): Yes, the FY2025 10-K mentions OpenAI.",Microsoft; MSFT; FY2025; 10-K; OpenAI,S1,filing,filing-source,3,filing,filing,false,false,true,true,false,issuer; forum; aggregator; news; reference; other,none,,,filing,filing,true,true,false,3,false
20261007T065052429108Z-codex.web.BR11.r2-a1,web,breadth,BR11,2,2,fact,"NVIDIA (NVDA): Yes, the FY2026 10-K mentions OpenAI.",NVIDIA; NVDA; FY2026; 10-K; OpenAI,S2,filing,filing-source,3,filing,filing,false,false,true,true,false,issuer; forum; aggregator; news; reference; other,none,,,filing,filing,true,true,false,3,false
20261007T065052429108Z-codex.web.BR11.r2-a1,web,breadth,BR11,2,3,fact,"Advanced Micro Devices (AMD): Yes, the FY2025 10-K mentions OpenAI.",Advanced Micro Devices; AMD; FY2025; 10-K; OpenAI,S3,issuer,ir.amd.com,3,secondary,issuer,false,true,false,true,false,issuer; forum; aggregator; news; reference; other,none,,,secondary,issuer,false,true,false,3,false
20261007T065052429108Z-codex.web.BR11.r2-a1,web,breadth,BR11,2,4,fact,Oracle (ORCL): No match for “OpenAI” in the FY2026 10-K copy.,Oracle; ORCL; OpenAI; FY2026; 10-K,S4,aggregator,companiesmarketcap.com,3,filing,filing,false,true,true,true,false,issuer; forum; aggregator; news; reference; other,none,,,filing,filing,true,true,false,3,false
20261007T065052429108Z-codex.web.BR11.r2-a1,web,breadth,BR11,2,5,fact,Apple (AAPL): No match for “OpenAI” in the FY2025 10-K.,Apple; AAPL; OpenAI; FY2025; 10-K,S5,filing,filing-source,3,filing,filing,false,false,true,false,false,issuer; forum; aggregator; news; reference; other,none,,,filing,filing,true,false,false,3,false
20261007T065052429108Z-codex.web.BR11.r2-a1,web,breadth,BR11,2,6,fact,Alphabet (GOOGL): No match for “OpenAI” in the FY2025 10-K.,Alphabet; GOOGL; OpenAI; FY2025; 10-K,S6,filing,filing-source,3,filing,filing,false,false,true,false,false,issuer; forum; aggregator; news; reference; other,none,,,filing,filing,true,false,false,3,false
20261007T065052429108Z-codex.web.BR11.r2-a1,web,breadth,BR11,2,7,fact,Meta Platforms (META): No match for “OpenAI” in the FY2025 10-K.,Meta Platforms; META; OpenAI; FY2025; 10-K,S7,filing,filing-source,3,filing,filing,false,false,true,true,false,issuer; forum; aggregator; news; reference; other,none,,,filing,filing,true,true,false,3,false
20261007T065052429108Z-codex.web.BR11.r2-a1,web,breadth,BR11,2,8,fact,Amazon (AMZN): No match for “OpenAI” in the FY2025 10-K.,Amazon; AMZN; OpenAI; FY2025; 10-K,S8,filing,filing-source,3,filing,filing,false,false,true,false,false,issuer; forum; aggregator; news; reference; other,none,,,filing,filing,true,false,false,3,false
20261007T065052429108Z-codex.web.BR11.r2-a1,web,breadth,BR11,2,9,fact,Broadcom (AVGO): No match for “OpenAI” in the FY2025 10-K.,Broadcom; AVGO; OpenAI; FY2025; 10-K,S9,filing,filing-source,3,filing,filing,false,false,true,true,false,issuer; forum; promotional; aggregator; news; reference; other,none,,,filing,filing,true,true,false,3,false
20261007T065052429108Z-codex.web.BR11.r2-a1,web,breadth,BR11,2,10,fact,Oracle was checked using a reproduced copy because the SEC document would not load.,Oracle; SEC,,,,2,filing,filing,false,false,true,true,false,issuer; forum; promotional; aggregator; news; other,none,,,filing,filing,true,true,false,2,false
20261007T065150952756Z-codex.archivist.BR11.r2-a1,archivist,breadth,BR11,2,1,fact,"Microsoft (MSFT) mentions OpenAI in 10-K, Item 7.",Microsoft; MSFT; OpenAI; 10-K; Item 7,S1,filing,mosaic-finance.com,4,filing,filing,false,false,true,false,false,,none,,,filing,filing,true,false,false,4,false
20261007T065150952756Z-codex.archivist.BR11.r2-a1,archivist,breadth,BR11,2,2,fact,"NVIDIA (NVDA) mentions OpenAI in 10-K, Item 7.",NVIDIA; NVDA; OpenAI; 10-K; Item 7,S2,filing,mosaic-finance.com,4,filing,filing,false,false,true,false,false,,none,,,filing,filing,true,false,false,4,false
20261007T065150952756Z-codex.archivist.BR11.r2-a1,archivist,breadth,BR11,2,3,fact,"Advanced Micro Devices (AMD) mentions OpenAI in 10-K, Item 7.",Advanced Micro Devices; AMD; OpenAI; 10-K; Item 7,S3,filing,mosaic-finance.com,4,filing,filing,false,false,true,false,false,,none,,,filing,filing,true,false,false,4,false
20261007T065150952756Z-codex.archivist.BR11.r2-a1,archivist,breadth,BR11,2,4,fact,Oracle (ORCL) does not mention OpenAI in 10-K.,Oracle; ORCL; OpenAI; 10-K,S4,filing,mosaic-finance.com,3,filing,filing,false,false,true,false,false,,none,,,filing,filing,true,false,false,3,false
20261007T065150952756Z-codex.archivist.BR11.r2-a1,archivist,breadth,BR11,2,5,fact,Apple (AAPL) does not mention OpenAI in 10-K.,Apple; AAPL; OpenAI; 10-K,S5,filing,mosaic-finance.com,3,filing,filing,false,false,true,false,false,,none,,,filing,filing,true,false,false,3,false
20261007T065150952756Z-codex.archivist.BR11.r2-a1,archivist,breadth,BR11,2,6,fact,Alphabet (GOOGL) does not mention OpenAI in 10-K.,Alphabet; GOOGL; OpenAI; 10-K,S6,filing,mosaic-finance.com,3,filing,filing,false,false,true,false,false,,none,,,filing,filing,true,false,false,3,false
20261007T065150952756Z-codex.archivist.BR11.r2-a1,archivist,breadth,BR11,2,7,fact,Meta Platforms (META) does not mention OpenAI in 10-K.,Meta Platforms; META; OpenAI; 10-K,S7,filing,mosaic-finance.com,3,filing,filing,false,false,true,false,false,,none,,,filing,filing,true,false,false,3,false
20261007T065150952756Z-codex.archivist.BR11.r2-a1,archivist,breadth,BR11,2,8,fact,[site] (AMZN) does not mention OpenAI in 10-K.,[site]; AMZN; OpenAI; 10-K,S8,filing,mosaic-finance.com,3,unattributed,,false,false,false,false,false,,none,,,unattributed,,false,false,false,3,false
20261007T065150952756Z-codex.archivist.BR11.r2-a1,archivist,breadth,BR11,2,9,fact,Broadcom (AVGO) does not mention OpenAI in 10-K.,Broadcom; AVGO; OpenAI; 10-K,S9,filing,mosaic-finance.com,3,filing,filing,false,false,true,false,false,,none,,,filing,filing,true,false,false,3,false
20261007T065156097283Z-codex.both.BR11.r2-a1,both,breadth,BR11,2,1,fact,"Microsoft (MSFT), FY2025: Mentions OpenAI by name? Yes. Source: 2025 annual report.",Microsoft; MSFT; FY2025; OpenAI; 2025 annual report,S1,issuer,microsoft.com,4,secondary,issuer,false,true,false,true,false,issuer; aggregator; news; reference; other,none,,,secondary,issuer,false,true,false,4,false
20261007T065156097283Z-codex.both.BR11.r2-a1,both,breadth,BR11,2,2,fact,"NVIDIA (NVDA), FY2026: Mentions OpenAI by name? Yes. Source: 10-K.",NVIDIA; NVDA; FY2026; OpenAI; 10-K,S2,filing,filing-source,3,filing,filing,false,false,true,true,false,issuer; promotional; aggregator; news; reference; other,none,,,filing,filing,true,true,false,3,false
20261007T065156097283Z-codex.both.BR11.r2-a1,both,breadth,BR11,2,3,fact,"AMD (AMD), FY2025: Mentions OpenAI by name? Yes. Source: 10-K.",AMD; FY2025; OpenAI; 10-K,S3,filing,filing-source,2,filing,filing,false,false,true,true,false,issuer; forum; aggregator; news; reference; other,none,,,filing,filing,true,true,false,2,false
20261007T065156097283Z-codex.both.BR11.r2-a1,both,breadth,BR11,2,4,fact,"Oracle (ORCL), FY2026: Mentions OpenAI by name? No. “No” means no occurrence of “OpenAI” was found in the report text. Source: 10-K PDF.",Oracle; ORCL; FY2026; OpenAI; 10-K,S4,news,fortune.com,3,filing,filing,false,true,true,true,false,issuer; forum; aggregator; news; reference; other,none,,,filing,filing,true,true,false,3,false
20261007T065156097283Z-codex.both.BR11.r2-a1,both,breadth,BR11,2,5,fact,"Apple (AAPL), FY2025: Mentions OpenAI by name? No. “No” means no occurrence of “OpenAI” was found in the report text. Source: 10-K.",Apple; AAPL; FY2025; OpenAI; 10-K,S5,filing,filing-source,3,filing,filing,false,false,true,true,false,issuer; forum; aggregator; news; reference; other,none,,,filing,filing,true,true,false,3,false
20261007T065156097283Z-codex.both.BR11.r2-a1,both,breadth,BR11,2,6,fact,"Alphabet (GOOGL), FY2025: Mentions OpenAI by name? No. “No” means no occurrence of “OpenAI” was found in the report text. Source: 10-K.",Alphabet; GOOGL; FY2025; OpenAI; 10-K,S6,filing,filing-source,3,secondary,issuer,false,false,false,true,false,issuer; aggregator; news; reference; other,none,,,secondary,issuer,false,true,false,3,false
20261007T065156097283Z-codex.both.BR11.r2-a1,both,breadth,BR11,2,7,fact,"Meta (META), FY2025: Mentions OpenAI by name? No. “No” means no occurrence of “OpenAI” was found in the report text. Source: 10-K.",Meta; META; FY2025; OpenAI; 10-K,S7,filing,filing-source,3,filing,filing,false,false,true,true,false,issuer; aggregator; news; reference; other,none,,,filing,filing,true,true,false,3,false
20261007T065156097283Z-codex.both.BR11.r2-a1,both,breadth,BR11,2,8,fact,"Amazon (AMZN), FY2025: Mentions OpenAI by name? No. “No” means no occurrence of “OpenAI” was found in the report text. Source: 10-K.",Amazon; AMZN; FY2025; OpenAI; 10-K,S8,filing,filing-source,3,filing,filing,false,false,true,true,false,issuer; aggregator; news; reference; other,none,,,filing,filing,true,true,false,3,false
20261007T065156097283Z-codex.both.BR11.r2-a1,both,breadth,BR11,2,9,fact,"Broadcom (AVGO), FY2025: Mentions OpenAI by name? No. “No” means no occurrence of “OpenAI” was found in the report text. Source: 10-K.",Broadcom; AVGO; FY2025; OpenAI; 10-K,S9,filing,filing-source,3,filing,filing,false,false,true,true,false,issuer; forum; aggregator; news; reference; other,none,,,filing,filing,true,true,false,3,false
20261007T065236486569Z-codex.web.BR12.r2-a1,web,breadth,BR12,2,1,fact,"Chipotle (CMG) reported 4,042 restaurants owned at fiscal year-end 2025-12-31.","Chipotle; CMG; 4,042; 2025-12-31",S1,filing,filing-source,5,filing,filing,false,false,true,false,false,issuer,none,,,filing,filing,true,false,false,3,false
20261007T065236486569Z-codex.web.BR12.r2-a1,web,breadth,BR12,2,2,fact,"Wendy’s (WEN) reported 7,397 system restaurants at fiscal year-end 2025-12-28.","Wendy’s; WEN; 7,397; 2025-12-28",S2,filing,filing-source,5,filing,filing,false,false,true,false,false,issuer; aggregator; news,none,,,filing,filing,true,false,false,3,false
20261007T065236486569Z-codex.web.BR12.r2-a1,web,breadth,BR12,2,3,fact,"Wingstop (WING) reported 3,056 total system restaurants at fiscal year-end 2025-12-27.","Wingstop; WING; 3,056; 2025-12-27",S3,filing,filing-source,5,filing,filing,false,false,true,false,false,issuer; aggregator,none,,,filing,filing,true,false,false,3,false
20261007T065236486569Z-codex.web.BR12.r2-a1,web,breadth,BR12,2,4,fact,"Dine Brands (DIN) reported 3,509 restaurants across all brands at fiscal year-end 2025-12-28.","Dine Brands; DIN; 3,509; 2025-12-28",S4,filing,filing-source,5,filing,filing,false,false,true,false,false,issuer; aggregator; news,none,,,filing,filing,true,false,false,3,false
20261007T065236486569Z-codex.web.BR12.r2-a1,web,breadth,BR12,2,5,fact,Texas Roadhouse (TXRH) reported 714 company owned and operated restaurants at fiscal year-end 2025-12-30.,Texas Roadhouse; TXRH; 714; 2025-12-30,S5,filing,filing-source,4,filing,filing,false,false,true,false,false,,none,,,filing,filing,true,false,false,2,false
20261007T065236486569Z-codex.web.BR12.r2-a1,web,breadth,BR12,2,6,fact,CAVA (CAVA) reported 439 CAVA Restaurants at fiscal year-end 2025-12-28.,CAVA; 439; CAVA Restaurants; 2025-12-28,S6,filing,filing-source,5,filing,filing,false,false,true,false,false,issuer; aggregator; news,none,,,filing,filing,true,false,false,3,false
20261007T065236486569Z-codex.web.BR12.r2-a1,web,breadth,BR12,2,7,fact,Shake Shack (SHAK) reported 659 Shacks in operation system-wide at fiscal year-end 2025-12-31.,Shake Shack; SHAK; 659; 2025-12-31,S7,filing,filing-source,5,filing,filing,false,false,true,false,false,issuer,none,,,filing,filing,true,false,false,3,false
20261007T065236486569Z-codex.web.BR12.r2-a1,web,breadth,BR12,2,8,fact,"Starbucks (SBUX) reported 21,514 company-operated stores at fiscal year-end 2025-09-28.","Starbucks; SBUX; 21,514; 2025-09-28",S8,filing,filing-source,4,filing,filing,false,false,true,false,false,issuer; aggregator; news,none,,,filing,filing,true,false,false,2,false
20261007T065236486569Z-codex.web.BR12.r2-a1,web,breadth,BR12,2,9,fact,"Brinker (EAT) reported 1,628 company-owned plus franchise-operated restaurants at fiscal year-end 2025-06-25.","Brinker; EAT; 1,628; 2025-06-25",S9,filing,filing-source,4,filing,filing,false,false,true,false,false,,none,,,filing,filing,true,false,false,2,false
20261007T065236486569Z-codex.web.BR12.r2-a1,web,breadth,BR12,2,10,fact,Chipotle’s count excludes 14 partner-operated restaurants.,Chipotle; 14,S1,filing,filing-source,2,filing,filing,false,false,true,true,false,issuer,none,,,filing,filing,true,true,false,1,false
20261007T065236486569Z-codex.web.BR12.r2-a1,web,breadth,BR12,2,11,fact,Dine Brands counts each dual-branded location in both brands’ restaurant counts.,Dine Brands,S4,filing,filing-source,1,filing,filing,false,false,true,false,false,,none,,,filing,filing,true,false,false,1,false
20261007T065243858683Z-codex.archivist.BR12.r2-a1,archivist,breadth,BR12,2,1,fact,"Chipotle (CMG): Fiscal year-end 2025-12-31; Restaurants owned and operated 4,042; 10-K filed 2026-02-04.","Chipotle; CMG; 2025-12-31; 4,042; 2026-02-04",S1,filing,mosaic-finance.com,5,filing,filing,false,false,true,false,false,,none,,,filing,filing,true,false,false,3,false
20261007T065243858683Z-codex.archivist.BR12.r2-a1,archivist,breadth,BR12,2,2,fact,"Wendy’s (WEN): Fiscal year-end 2025-12-28; System restaurants 7,397; 10-K filed 2026-02-23.","Wendy’s; WEN; 2025-12-28; 7,397; 2026-02-23",S2,filing,mosaic-finance.com,6,filing,filing,false,false,true,false,false,,none,,,filing,filing,true,false,false,4,false
20261007T065243858683Z-codex.archivist.BR12.r2-a1,archivist,breadth,BR12,2,3,fact,"Wingstop (WING): Fiscal year-end 2025-12-27; Total system restaurants 3,056; 10-K filed 2026-02-18.","Wingstop; WING; 2025-12-27; 3,056; 2026-02-18",S3,filing,mosaic-finance.com,6,filing,filing,false,false,true,false,false,,none,,,filing,filing,true,false,false,4,false
20261007T065243858683Z-codex.archivist.BR12.r2-a1,archivist,breadth,BR12,2,4,fact,"Dine Brands (DIN): Fiscal year-end 2025-12-28; Restaurants across all brands 3,509; 10-K filed 2026-02-25.","Dine Brands; DIN; 2025-12-28; 3,509; 2026-02-25",S4,filing,mosaic-finance.com,6,filing,filing,false,false,true,false,false,,none,,,filing,filing,true,false,false,4,false
20261007T065243858683Z-codex.archivist.BR12.r2-a1,archivist,breadth,BR12,2,5,fact,Texas Roadhouse (TXRH): Fiscal year-end 2025-12-30; Company owned and operated restaurants 714; 10-K filed 2026-02-27.,Texas Roadhouse; TXRH; 2025-12-30; 714; 2026-02-27,S5,filing,mosaic-finance.com,5,filing,filing,false,false,true,false,false,,none,,,filing,filing,true,false,false,3,false
20261007T065243858683Z-codex.archivist.BR12.r2-a1,archivist,breadth,BR12,2,6,fact,CAVA (CAVA): Fiscal year-end 2025-12-28; CAVA Restaurants 439; 10-K filed 2026-02-25.,CAVA; 2025-12-28; CAVA Restaurants; 439; 2026-02-25,S6,filing,mosaic-finance.com,6,filing,filing,false,false,true,false,false,,none,,,filing,filing,true,false,false,4,false
20261007T065243858683Z-codex.archivist.BR12.r2-a1,archivist,breadth,BR12,2,7,fact,Shake Shack (SHAK): Fiscal year-end 2025-12-31; Shacks in operation system wide 659; 10-K filed 2026-02-26.,Shake Shack; SHAK; 2025-12-31; 659; 2026-02-26,S7,filing,mosaic-finance.com,6,filing,filing,false,false,true,false,false,,none,,,filing,filing,true,false,false,4,false
20261007T065243858683Z-codex.archivist.BR12.r2-a1,archivist,breadth,BR12,2,8,fact,"Starbucks (SBUX): Fiscal year-end 2025-09-28; Company-operated stores 21,514; 10-K filed 2025-11-14.","Starbucks; SBUX; 2025-09-28; 21,514; 2025-11-14",S8,filing,mosaic-finance.com,6,filing,filing,false,false,true,false,false,,none,,,filing,filing,true,false,false,4,false
20261007T065243858683Z-codex.archivist.BR12.r2-a1,archivist,breadth,BR12,2,9,fact,"Brinker (EAT): Fiscal year-end 2025-06-25; Company-owned plus franchise-operated restaurants 1,628; 10-K filed 2025-08-15.","Brinker; EAT; 2025-06-25; 1,628; 2025-08-15",S9,filing,mosaic-finance.com,5,filing,filing,false,false,true,false,false,,none,,,filing,filing,true,false,false,3,false
20261007T065325621523Z-codex.both.BR12.r2-a1,both,breadth,BR12,2,1,fact,"Chipotle (CMG) reported 4,042 restaurants owned as of 2025-12-31 in its fiscal 2025 Form 10-K.","Chipotle; CMG; 4,042; 2025-12-31; Form 10-K",S1,filing,filing-source,6,filing,filing,false,false,true,false,false,issuer; aggregator,none,,,filing,filing,true,false,false,3,false
20261007T065325621523Z-codex.both.BR12.r2-a1,both,breadth,BR12,2,2,fact,"Wendy’s (WEN) reported 7,397 system restaurants as of 2025-12-28 in its fiscal 2025 Form 10-K.","Wendy’s; WEN; 7,397; 2025-12-28; Form 10-K",S2,filing,filing-source,6,filing,filing,false,false,true,true,false,issuer; aggregator; news,none,,,filing,filing,true,true,false,3,false
20261007T065325621523Z-codex.both.BR12.r2-a1,both,breadth,BR12,2,3,fact,"Wingstop (WING) reported 3,056 total system restaurants as of 2025-12-27 in its fiscal 2025 Form 10-K.","Wingstop; WING; 3,056; 2025-12-27; Form 10-K",S3,filing,filing-source,6,filing,filing,false,false,true,true,false,issuer; aggregator,none,,,filing,filing,true,true,false,3,false
20261007T065325621523Z-codex.both.BR12.r2-a1,both,breadth,BR12,2,4,fact,"Dine Brands (DIN) reported 3,509 restaurants across all brands as of 2025-12-28 in its fiscal 2025 Form 10-K.","Dine Brands; DIN; 3,509; 2025-12-28; Form 10-K",S4,filing,filing-source,6,filing,filing,false,false,true,false,false,issuer; forum; aggregator; news; reference,none,,,filing,filing,true,false,false,3,false
20261007T065325621523Z-codex.both.BR12.r2-a1,both,breadth,BR12,2,5,fact,Texas Roadhouse (TXRH) reported 714 company owned and operated restaurants as of 2025-12-30 in its fiscal 2025 Form 10-K.,Texas Roadhouse; TXRH; 714; 2025-12-30; Form 10-K,S5,filing,filing-source,5,filing,filing,false,false,true,false,false,issuer; aggregator,none,,,filing,filing,true,false,false,2,false
20261007T065325621523Z-codex.both.BR12.r2-a1,both,breadth,BR12,2,6,fact,CAVA (CAVA) reported 439 CAVA Restaurants as of 2025-12-28 in its fiscal 2025 Form 10-K.,CAVA; 439; CAVA Restaurants; 2025-12-28; Form 10-K,S6,filing,filing-source,6,filing,filing,false,false,true,false,false,issuer; aggregator; news,none,,,filing,filing,true,false,false,3,false
20261007T065325621523Z-codex.both.BR12.r2-a1,both,breadth,BR12,2,7,fact,Shake Shack (SHAK) reported 659 Shacks in operation system-wide as of 2025-12-31 in its fiscal 2025 Form 10-K.,Shake Shack; SHAK; 659; Shacks; 2025-12-31; Form 10-K,S7,filing,filing-source,7,filing,filing,false,false,true,false,false,issuer; aggregator,none,,,filing,filing,true,false,false,3,false
20261007T065325621523Z-codex.both.BR12.r2-a1,both,breadth,BR12,2,8,fact,"Starbucks (SBUX) reported 21,514 company-operated stores as of 2025-09-28 in its fiscal 2025 Form 10-K.","Starbucks; SBUX; 21,514; 2025-09-28; Form 10-K",S8,filing,filing-source,5,filing,filing,false,false,true,false,false,issuer; aggregator; news,none,,,filing,filing,true,false,false,2,false
20261007T065325621523Z-codex.both.BR12.r2-a1,both,breadth,BR12,2,9,fact,"Brinker (EAT) reported 1,628 company-owned plus franchise-operated restaurants as of 2025-06-25 in its fiscal 2025 Form 10-K.","Brinker; EAT; 1,628; 2025-06-25; Form 10-K",S9,filing,filing-source,5,filing,filing,false,false,true,true,false,issuer; forum; aggregator; reference,none,,,filing,filing,true,true,false,2,false
20261007T065339332295Z-codex.web.BR13.r2-a1,web,breadth,BR13,2,1,fact,"Pfizer (PFE) reported 106,369 common-stock holders of record as of February 19, 2026 in Item 5 of its 2025 Form 10-K.","Pfizer; PFE; 106,369; February 19, 2026; Item 5; 2025 Form 10-K",S1,aggregator,fintel.io,6,secondary,issuer,false,true,false,true,false,issuer; forum; aggregator; other,none,,,secondary,aggregator,false,true,false,1,false
20261007T065339332295Z-codex.web.BR13.r2-a1,web,breadth,BR13,2,2,fact,"Merck (MRK) reported Approximately 80,500 common-stock holders of record as of January 31, 2026 in Item 5 of its 2025 Form 10-K.","Merck; MRK; Approximately 80,500; January 31, 2026; Item 5; 2025 Form 10-K",S2,filing,filing-source,6,filing,filing,false,false,true,false,false,issuer; forum; aggregator; other,none,,,filing,filing,true,false,false,1,false
20261007T065339332295Z-codex.web.BR13.r2-a1,web,breadth,BR13,2,3,fact,"Eli Lilly (LLY) reported Approximately 16,886 common-stock holders of record as of February 9, 2026 in Item 5 of its 2025 Form 10-K.","Eli Lilly; LLY; Approximately 16,886; February 9, 2026; Item 5; 2025 Form 10-K",S3,filing,filing-source,6,filing,filing,false,false,true,false,false,issuer; forum; aggregator; reference; other,none,,,filing,filing,true,false,false,1,false
20261007T065339332295Z-codex.web.BR13.r2-a1,web,breadth,BR13,2,4,fact,"AbbVie (ABBV) reported 58,040 common-stock holders of record as of February 10, 2026 in Item 5 of its 2025 Form 10-K.","AbbVie; ABBV; 58,040; February 10, 2026; Item 5; 2025 Form 10-K",S4,filing,filing-source,6,secondary,issuer,false,false,false,true,false,issuer; forum; aggregator; other,none,,,secondary,other,false,true,false,1,false
20261007T065339332295Z-codex.web.BR13.r2-a1,web,breadth,BR13,2,5,fact,"Abbott Laboratories (ABT) reported 29,122 common-stock holders of record as of January 31, 2026 in Item 5 of its 2025 Form 10-K.","Abbott Laboratories; ABT; 29,122; January 31, 2026; Item 5; 2025 Form 10-K",S5,filing,filing-source,6,filing,filing,false,false,true,false,false,issuer; forum; aggregator; reference; other,none,,,filing,filing,true,false,false,1,false
20261007T065339332295Z-codex.web.BR13.r2-a1,web,breadth,BR13,2,6,fact,"Boston Scientific (BSX) reported 4,570 common-stock holders of record as of January 30, 2026 in Item 5 of its 2025 Form 10-K.","Boston Scientific; BSX; 4,570; January 30, 2026; Item 5; 2025 Form 10-K",S6,filing,filing-source,6,filing,filing,false,false,true,false,false,issuer; forum; aggregator; other,none,,,filing,filing,true,false,false,1,false
20261007T065339332295Z-codex.web.BR13.r2-a1,web,breadth,BR13,2,7,fact,"Thermo Fisher Scientific (TMO) reported 2,044 common-stock holders of record as of January 31, 2026 in Item 5 of its 2025 Form 10-K.","Thermo Fisher Scientific; TMO; 2,044; January 31, 2026; Item 5; 2025 Form 10-K",S7,filing,filing-source,6,secondary,issuer,false,false,false,false,false,issuer; forum; aggregator; other,none,,,filing,filing,true,false,false,1,false
20261007T065339332295Z-codex.web.BR13.r2-a1,web,breadth,BR13,2,8,fact,"Gilead Sciences (GILD) reported Approximately 1,305 common-stock holders of record as of February 13, 2026 in Item 5 of its 2025 Form 10-K.","Gilead Sciences; GILD; Approximately 1,305; February 13, 2026; Item 5; 2025 Form 10-K",S8,filing,filing-source,6,secondary,issuer,false,false,false,false,false,issuer; forum; aggregator; reference; other,none,,,filing,filing,true,false,false,1,false
20261007T065339332295Z-codex.web.BR13.r2-a1,web,breadth,BR13,2,9,fact,"Vertex Pharmaceuticals (VRTX) reported 94 common-stock holders of record as of February 6, 2026 in Item 5 of its 2025 Form 10-K.","Vertex Pharmaceuticals; VRTX; 94; February 6, 2026; Item 5; 2025 Form 10-K",S9,filing,filing-source,6,filing,filing,false,false,true,false,false,issuer; forum; aggregator; other,none,,,filing,filing,true,false,false,1,false
20261007T065339332295Z-codex.web.BR13.r2-a1,web,breadth,BR13,2,10,fact,Pfizer’s citation is a reproduction of its filed 10-K.,Pfizer; 10-K,,,,1,filing,filing,false,false,true,true,false,issuer; forum; aggregator,none,,,filing,filing,true,true,false,1,false
20261007T065339332295Z-codex.web.BR13.r2-a1,web,breadth,BR13,2,11,fact,The other links are SEC originals.,SEC,,,,1,filing,filing,false,false,true,true,false,issuer; forum; aggregator; reference; other,none,,,filing,filing,true,true,false,1,false
20261007T065413003741Z-codex.archivist.BR13.r2-a1,archivist,breadth,BR13,2,1,fact,"Pfizer (PFE): 106,369 common-stock holders of record as of February 19, 2026.","Pfizer; PFE; 106,369; February 19, 2026",S1,filing,mosaic-finance.com,4,filing,filing,false,false,true,false,false,,none,,,filing,filing,true,false,false,1,false
20261007T065413003741Z-codex.archivist.BR13.r2-a1,archivist,breadth,BR13,2,2,fact,"Merck (MRK): Approximately 80,500 common-stock holders of record as of January 31, 2026.","Merck; MRK; Approximately 80,500; January 31, 2026",S2,filing,mosaic-finance.com,4,filing,filing,false,false,true,false,false,,none,,,filing,filing,true,false,false,1,false
20261007T065413003741Z-codex.archivist.BR13.r2-a1,archivist,breadth,BR13,2,3,fact,"Eli Lilly (LLY): Approximately 16,886 common-stock holders of record as of February 9, 2026.","Eli Lilly; LLY; Approximately 16,886; February 9, 2026",S3,filing,mosaic-finance.com,4,filing,filing,false,false,true,false,false,,none,,,filing,filing,true,false,false,1,false
20261007T065413003741Z-codex.archivist.BR13.r2-a1,archivist,breadth,BR13,2,4,fact,"AbbVie (ABBV): 58,040 common-stock holders of record as of February 10, 2026.","AbbVie; ABBV; 58,040; February 10, 2026",S4,filing,mosaic-finance.com,4,filing,filing,false,false,true,false,false,,none,,,filing,filing,true,false,false,1,false
20261007T065413003741Z-codex.archivist.BR13.r2-a1,archivist,breadth,BR13,2,5,fact,"Abbott Laboratories (ABT): 29,122 common-stock holders of record as of January 31, 2026.","Abbott Laboratories; ABT; 29,122; January 31, 2026",S5,filing,mosaic-finance.com,4,filing,filing,false,false,true,false,false,,none,,,filing,filing,true,false,false,1,false
20261007T065413003741Z-codex.archivist.BR13.r2-a1,archivist,breadth,BR13,2,6,fact,"Boston Scientific (BSX): 4,570 common-stock holders of record as of January 30, 2026.","Boston Scientific; BSX; 4,570; January 30, 2026",S6,filing,mosaic-finance.com,4,filing,filing,false,false,true,false,false,,none,,,filing,filing,true,false,false,1,false
20261007T065413003741Z-codex.archivist.BR13.r2-a1,archivist,breadth,BR13,2,7,fact,"Thermo Fisher Scientific (TMO): 2,044 common-stock holders of record as of January 31, 2026.","Thermo Fisher Scientific; TMO; 2,044; January 31, 2026",S7,filing,mosaic-finance.com,4,filing,filing,false,false,true,false,false,,none,,,filing,filing,true,false,false,1,false
20261007T065413003741Z-codex.archivist.BR13.r2-a1,archivist,breadth,BR13,2,8,fact,"Gilead Sciences (GILD): Approximately 1,305 common-stock holders of record as of February 13, 2026.","Gilead Sciences; GILD; Approximately 1,305; February 13, 2026",S8,filing,mosaic-finance.com,4,filing,filing,false,false,true,false,false,,none,,,filing,filing,true,false,false,1,false
20261007T065413003741Z-codex.archivist.BR13.r2-a1,archivist,breadth,BR13,2,9,fact,"Vertex Pharmaceuticals (VRTX): 94 common-stock holders of record as of February 6, 2026.","Vertex Pharmaceuticals; VRTX; 94; February 6, 2026",S9,filing,mosaic-finance.com,4,filing,filing,false,false,true,false,false,,none,,,filing,filing,true,false,false,1,false
20261007T065423146952Z-codex.both.BR13.r2-a1,both,breadth,BR13,2,1,fact,"Pfizer (PFE) reported 106,369 common-stock holders of record as of February 19, 2026 in Item 5 of its 2025 Form 10-K.","Pfizer; PFE; 106,369; February 19, 2026; Item 5; 2025 Form 10-K",S1,filing,mosaic-finance.com,6,filing,filing,false,false,true,false,false,,none,,,filing,filing,true,false,false,1,false
20261007T065423146952Z-codex.both.BR13.r2-a1,both,breadth,BR13,2,2,fact,"Merck (MRK) reported Approximately 80,500 common-stock holders of record as of January 31, 2026 in Item 5 of its 2025 Form 10-K.","Merck; MRK; Approximately 80,500; January 31, 2026; Item 5; 2025 Form 10-K",S2,filing,mosaic-finance.com,6,filing,filing,false,false,true,false,false,,none,,,filing,filing,true,false,false,1,false
20261007T065423146952Z-codex.both.BR13.r2-a1,both,breadth,BR13,2,3,fact,"Eli Lilly (LLY) reported Approximately 16,886 common-stock holders of record as of February 9, 2026 in Item 5 of its 2025 Form 10-K.","Eli Lilly; LLY; Approximately 16,886; February 9, 2026; Item 5; 2025 Form 10-K",S3,filing,mosaic-finance.com,6,filing,filing,false,false,true,false,false,,none,,,filing,filing,true,false,false,1,false
20261007T065423146952Z-codex.both.BR13.r2-a1,both,breadth,BR13,2,4,fact,"AbbVie (ABBV) reported 58,040 common-stock holders of record as of February 10, 2026 in Item 5 of its 2025 Form 10-K.","AbbVie; ABBV; 58,040; February 10, 2026; Item 5; 2025 Form 10-K",S4,filing,mosaic-finance.com,6,filing,filing,false,false,true,false,false,,none,,,filing,filing,true,false,false,1,false
20261007T065423146952Z-codex.both.BR13.r2-a1,both,breadth,BR13,2,5,fact,"Abbott Laboratories (ABT) reported 29,122 common-stock holders of record as of January 31, 2026 in Item 5 of its 2025 Form 10-K.","Abbott Laboratories; ABT; 29,122; January 31, 2026; Item 5; 2025 Form 10-K",S5,filing,mosaic-finance.com,6,filing,filing,false,false,true,false,false,,none,,,filing,filing,true,false,false,1,false
20261007T065423146952Z-codex.both.BR13.r2-a1,both,breadth,BR13,2,6,fact,"Boston Scientific (BSX) reported 4,570 common-stock holders of record as of January 30, 2026 in Item 5 of its 2025 Form 10-K.","Boston Scientific; BSX; 4,570; January 30, 2026; Item 5; 2025 Form 10-K",S6,filing,mosaic-finance.com,6,filing,filing,false,false,true,false,false,,none,,,filing,filing,true,false,false,1,false
20261007T065423146952Z-codex.both.BR13.r2-a1,both,breadth,BR13,2,7,fact,"Thermo Fisher Scientific (TMO) reported 2,044 common-stock holders of record as of January 31, 2026 in Item 5 of its 2025 Form 10-K.","Thermo Fisher Scientific; TMO; 2,044; January 31, 2026; Item 5; 2025 Form 10-K",S7,filing,mosaic-finance.com,6,filing,filing,false,false,true,false,false,,none,,,filing,filing,true,false,false,1,false
20261007T065423146952Z-codex.both.BR13.r2-a1,both,breadth,BR13,2,8,fact,"Gilead Sciences (GILD) reported Approximately 1,305 common-stock holders of record as of February 13, 2026 in Item 5 of its 2025 Form 10-K.","Gilead Sciences; GILD; Approximately 1,305; February 13, 2026; Item 5; 2025 Form 10-K",S8,filing,mosaic-finance.com,6,filing,filing,false,false,true,false,false,,none,,,filing,filing,true,false,false,1,false
20261007T065423146952Z-codex.both.BR13.r2-a1,both,breadth,BR13,2,9,fact,"Vertex Pharmaceuticals (VRTX) reported 94 common-stock holders of record as of February 6, 2026 in Item 5 of its 2025 Form 10-K.","Vertex Pharmaceuticals; VRTX; 94; February 6, 2026; Item 5; 2025 Form 10-K",S9,filing,mosaic-finance.com,6,filing,filing,false,false,true,false,false,,none,,,filing,filing,true,false,false,1,false
20261007T065503909438Z-codex.web.BR14.r2-a1,web,breadth,BR14,2,1,fact,"Canadian National Railway (CNR) reported 23,839 employees, total at December 31, 2025.","Canadian National Railway; CNR; 23,839; December 31, 2025",S1,issuer,cn.ca,4,secondary,issuer,false,true,false,true,false,issuer; aggregator,none,,,filing,filing,true,true,false,1,false
20261007T065503909438Z-codex.web.BR14.r2-a1,web,breadth,BR14,2,2,fact,"Canadian Pacific Kansas City (CP) reported 19,479 employees, total at December 31, 2025.","Canadian Pacific Kansas City; CP; 19,479; December 31, 2025",S2,filing,filing-source,4,filing,filing,false,false,true,true,false,issuer; aggregator; reference,none,,,filing,filing,true,true,false,1,false
20261007T065503909438Z-codex.web.BR14.r2-a1,web,breadth,BR14,2,3,fact,"CSX (CSX) reported approximately 23,000 employees as of December 2025.","CSX; Approximately 23,000; December 2025",S3,filing,filing-source,3,filing,filing,false,false,true,true,false,issuer; forum; aggregator; news; reference,none,,,filing,filing,true,true,false,1,false
20261007T065503909438Z-codex.web.BR14.r2-a1,web,breadth,BR14,2,4,fact,"Norfolk Southern (NSC) reported 19,300 employees at the end of 2025.","Norfolk Southern; NSC; 19,300; At the end of 2025",S4,filing,filing-source,4,filing,filing,false,false,true,false,false,aggregator,none,,,filing,filing,true,true,false,1,false
20261007T065503909438Z-codex.web.BR14.r2-a1,web,breadth,BR14,2,5,fact,"Union Pacific (UNP) reported 29,287 employees, average during 2025.","Union Pacific; UNP; 29,287; Average during 2025",S5,filing,filing-source,4,unattributed,,false,false,false,false,false,,none,,,filing,filing,true,false,false,1,false
20261007T065503909438Z-codex.web.BR14.r2-a1,web,breadth,BR14,2,6,fact,"Westinghouse Air Brake Technologies / Wabtec (WAB) reported approximately 31,000 employees, global workforce at December 31, 2025, excluding contingent workers.","Westinghouse Air Brake Technologies; Wabtec; WAB; Approximately 31,000; December 31, 2025",S6,filing,filing-source,5,secondary,issuer,false,false,false,false,false,issuer; aggregator; reference,none,,,filing,filing,true,true,false,1,false
20261007T065503909438Z-codex.web.BR14.r2-a1,web,breadth,BR14,2,7,fact,"Trinity Industries (TRN) reported approximately 6,110 employees, total at December 31, 2025.","Trinity Industries; TRN; Approximately 6,110; December 31, 2025",S7,filing,filing-source,4,filing,filing,false,false,true,false,false,issuer; aggregator,none,,,filing,filing,true,false,false,1,false
20261007T065519720978Z-codex.archivist.BR14.r2-a1,archivist,breadth,BR14,2,1,fact,"Canadian National Railway (CNR): 23,839 reported employees; Total at Dec. 31, 2025; 2025 AIF, §4.4 Labor (2026-02-04).","Canadian National Railway; CNR; 23,839; Dec. 31, 2025; 2025 AIF; §4.4; 2026-02-04",S1,filing,mosaic-finance.com,6,unattributed,,false,false,false,false,false,,none,,,filing,filing,true,false,false,2,false
20261007T065519720978Z-codex.archivist.BR14.r2-a1,archivist,breadth,BR14,2,2,fact,"Canadian Pacific Kansas City (CP): 19,479 reported employees; Total at Dec. 31, 2025; 10-K, Item 1 (2026-02-26).","Canadian Pacific Kansas City; CP; 19,479; Dec. 31, 2025; 10-K; Item 1; 2026-02-26",S2,filing,mosaic-finance.com,6,unattributed,,false,false,false,false,false,,none,,,filing,filing,true,false,false,2,false
20261007T065519720978Z-codex.archivist.BR14.r2-a1,archivist,breadth,BR14,2,3,fact,"CSX (CSX): Approximately 23,000 reported employees; As of December 2025; 10-K, Committed Workforce (2026-02-12).","CSX; Approximately 23,000; December 2025; 10-K; 2026-02-12",S3,filing,mosaic-finance.com,4,filing,filing,false,false,true,false,false,,none,,,filing,filing,true,false,false,2,false
20261007T065519720978Z-codex.archivist.BR14.r2-a1,archivist,breadth,BR14,2,4,fact,"Norfolk Southern (NSC): 19,300 reported employees; At the end of 2025; 10-K, Human Capital Management (2026-02-09).","Norfolk Southern; NSC; 19,300; end of 2025; 10-K; 2026-02-09",S4,filing,mosaic-finance.com,4,filing,filing,false,false,true,false,false,,none,,,filing,filing,true,false,false,1,false
20261007T065519720978Z-codex.archivist.BR14.r2-a1,archivist,breadth,BR14,2,5,fact,"Union Pacific (UNP): 29,287 reported employees; Average during 2025; 10-K, Our People (2026-02-06).","Union Pacific; UNP; 29,287; during 2025; 10-K; 2026-02-06",S5,filing,mosaic-finance.com,4,filing,filing,false,false,true,false,false,,none,,,filing,filing,true,false,false,1,false
20261007T065519720978Z-codex.archivist.BR14.r2-a1,archivist,breadth,BR14,2,6,fact,"Westinghouse Air Brake Technologies / Wabtec (WAB): Approximately 31,000 reported employees; Global workforce at Dec. 31, 2025; excludes contingent workers; 10-K, Item 1 (2026-02-13).","Westinghouse Air Brake Technologies; Wabtec; WAB; Approximately 31,000; Dec. 31, 2025; 10-K; Item 1; 2026-02-13",S6,filing,mosaic-finance.com,7,unattributed,,false,false,false,false,false,,none,,,filing,filing,true,false,false,2,false
20261007T065519720978Z-codex.archivist.BR14.r2-a1,archivist,breadth,BR14,2,7,fact,"Trinity Industries (TRN): Approximately 6,110 reported employees; Total at Dec. 31, 2025; 10-K, Human Capital (2026-02-19).","Trinity Industries; TRN; Approximately 6,110; Dec. 31, 2025; 10-K; 2026-02-19",S7,filing,mosaic-finance.com,5,unattributed,,false,false,false,false,false,,none,,,filing,filing,true,false,false,2,false
20261007T065548374503Z-codex.both.BR14.r2-a1,both,breadth,BR14,2,1,fact,"Canadian National Railway (CNR): 23,839; Total at Dec. 31, 2025; 2025 AIF, §4.4 Labor (2026-02-04).","Canadian National Railway; CNR; 23,839; Dec. 31, 2025; 2025 AIF; §4.4 Labor; 2026-02-04",S1,filing,mosaic-finance.com,6,secondary,issuer,false,false,false,false,false,issuer; aggregator,none,,,filing,filing,true,true,true,1,false
20261007T065548374503Z-codex.both.BR14.r2-a1,both,breadth,BR14,2,2,fact,"Canadian Pacific Kansas City (CP): 19,479; Total at Dec. 31, 2025; 10-K, Total Employees and Workforce (2026-02-26).","Canadian Pacific Kansas City; CP; 19,479; Dec. 31, 2025; 10-K; Total Employees and Workforce; 2026-02-26",S2,filing,mosaic-finance.com,6,secondary,issuer,false,false,false,false,false,issuer; aggregator; news; reference,none,,,filing,filing,true,true,true,2,false
20261007T065548374503Z-codex.both.BR14.r2-a1,both,breadth,BR14,2,3,fact,"CSX (CSX): Approximately 23,000; As of December 2025; 10-K, Committed Workforce (2026-02-12).","CSX; Approximately 23,000; December 2025; 10-K; Committed Workforce; 2026-02-12",S3,filing,mosaic-finance.com,5,filing,filing,false,false,true,true,true,issuer; forum; aggregator; news; reference,none,,,filing,filing,true,true,true,2,false
20261007T065548374503Z-codex.both.BR14.r2-a1,both,breadth,BR14,2,4,fact,"Norfolk Southern (NSC): 19,300; At the end of 2025; 10-K, Human Capital Management (2026-02-09).","Norfolk Southern; NSC; 19,300; At the end of 2025; 10-K; Human Capital Management; 2026-02-09",S4,filing,mosaic-finance.com,5,filing,filing,false,false,true,false,false,aggregator,none,,,filing,filing,true,true,true,1,false
20261007T065548374503Z-codex.both.BR14.r2-a1,both,breadth,BR14,2,5,fact,"Union Pacific (UNP): 29,287; Average during 2025; 10-K, Proud & Engaged Workforce (2026-02-06).","Union Pacific; UNP; 29,287; Average during 2025; 10-K; Proud & Engaged Workforce; 2026-02-06",S5,filing,mosaic-finance.com,5,unattributed,,false,false,false,false,false,,none,,,filing,filing,true,false,false,1,false
20261007T065548374503Z-codex.both.BR14.r2-a1,both,breadth,BR14,2,6,fact,"Westinghouse Air Brake Technologies / Wabtec (WAB): Approximately 31,000; Global workforce at Dec. 31, 2025; excludes contingent workers; 10-K, workforce disclosure (2026-02-13).","Westinghouse Air Brake Technologies; Wabtec; WAB; Approximately 31,000; Dec. 31, 2025; 10-K; 2026-02-13",S6,filing,mosaic-finance.com,6,secondary,issuer,false,false,false,false,false,issuer; aggregator; reference,none,,,filing,filing,true,true,true,2,false
20261007T065548374503Z-codex.both.BR14.r2-a1,both,breadth,BR14,2,7,fact,"Trinity Industries (TRN): Approximately 6,110; Total at Dec. 31, 2025; 10-K, Human Capital headcount table (2026-02-19).","Trinity Industries; TRN; Approximately 6,110; Dec. 31, 2025; 10-K; Human Capital headcount table; 2026-02-19",S7,filing,mosaic-finance.com,6,secondary,issuer,false,false,false,false,false,issuer; aggregator,none,,,filing,filing,true,false,false,2,false
20261007T065603675477Z-codex.web.BR15.r2-a1,web,breadth,BR15,2,1,fact,"For the year ended December 31, 2025, Agnico Eagle (AEM, TSX) reported 3,447,367 oz of gold produced on a Payable basis in its annual MD&A.","December 31, 2025; Agnico Eagle; AEM; TSX; 3,447,367",S1,filing,filing-source,5,filing,filing,false,false,true,true,false,issuer; forum; aggregator; reference,none,,,filing,filing,true,true,false,1,false
20261007T065603675477Z-codex.web.BR15.r2-a1,web,breadth,BR15,2,2,fact,"For the year ended December 31, 2025, Alamos Gold (AGI, TSX) reported 545,400 oz of gold produced on a Total production basis in its annual MD&A.","December 31, 2025; Alamos Gold; AGI; TSX; 545,400",S2,filing,filing-source,5,filing,filing,false,false,true,false,false,issuer; forum; aggregator; reference,none,,,filing,filing,true,false,false,1,false
20261007T065603675477Z-codex.web.BR15.r2-a1,web,breadth,BR15,2,3,fact,"For the year ended December 31, 2025, IAMGOLD (IMG, TSX) reported 765,900 oz of gold produced on an Attributable basis in its annual MD&A.","December 31, 2025; IAMGOLD; IMG; TSX; 765,900",S3,filing,filing-source,5,filing,filing,false,false,true,false,false,issuer; forum; aggregator; reference,none,,,filing,filing,true,true,false,1,false
20261007T065603675477Z-codex.web.BR15.r2-a1,web,breadth,BR15,2,4,fact,"For the year ended December 31, 2025, Lundin Gold (LUG, TSX) reported 498,315 oz of gold produced on a Total production basis in its annual MD&A.","December 31, 2025; Lundin Gold; LUG; TSX; 498,315",S4,issuer,lundingold.com,5,secondary,issuer,false,true,false,true,false,issuer; forum; aggregator; news; reference,none,,,filing,filing,true,true,false,1,false
20261007T065603675477Z-codex.web.BR15.r2-a1,web,breadth,BR15,2,5,fact,"For the year ended December 31, 2025, New Gold (NGD, TSX) reported 353,772 oz of gold produced on a Total contained basis in its annual MD&A.","December 31, 2025; New Gold; NGD; TSX; 353,772",S5,issuer,s28.q4cdn.com,5,filing,filing,false,true,true,false,false,issuer; forum; aggregator; news; reference,none,,,filing,filing,true,false,false,1,false
20261007T065603675477Z-codex.web.BR15.r2-a1,web,breadth,BR15,2,6,fact,"For the year ended December 31, 2025, OceanaGold (OGC, TSX) reported 497,600 oz of gold produced on a 100% basis in its annual MD&A.","December 31, 2025; OceanaGold; OGC; TSX; 497,600; 100%",S6,filing,filing-source,5,secondary,issuer,false,false,false,false,false,issuer; forum; aggregator; reference,none,,,filing,filing,true,false,false,1,false
20261007T065603675477Z-codex.web.BR15.r2-a1,web,breadth,BR15,2,7,fact,"For the year ended December 31, 2025, Eldorado Gold (ELD, TSX) reported 488,268 oz of gold produced on a Total production basis in its annual MD&A.","December 31, 2025; Eldorado Gold; ELD; TSX; 488,268",S7,filing,filing-source,5,filing,filing,false,false,true,true,false,issuer; forum; aggregator; reference,none,,,filing,filing,true,true,false,1,false
20261007T065603675477Z-codex.web.BR15.r2-a1,web,breadth,BR15,2,8,fact,"For the year ended December 31, 2025, B2Gold (BTO, TSX) reported 979,604 oz of gold produced on a Consolidated basis, including 14,554 pre-commercial Goose ounces, in its annual MD&A.","December 31, 2025; B2Gold; BTO; TSX; 979,604; 14,554; Goose",S8,filing,filing-source,7,secondary,issuer,false,false,false,false,false,issuer; forum; aggregator; reference,none,,,filing,filing,true,false,false,2,false
20261007T065603675477Z-codex.web.BR15.r2-a1,web,breadth,BR15,2,9,fact,"For the year ended December 31, 2025, Wesdome (WDO, TSX) reported 185,576 oz of gold produced on a Consolidated basis in its annual MD&A.","December 31, 2025; Wesdome; WDO; TSX; 185,576",S9,issuer,s203.q4cdn.com,5,secondary,issuer,false,true,false,true,false,issuer; forum; aggregator; reference; other,none,,,secondary,issuer,false,true,false,1,false
20261007T065603675477Z-codex.web.BR15.r2-a1,web,breadth,BR15,2,10,fact,Sources link to issuer-hosted or EDGAR copies of the MD&As.,EDGAR,,,,1,filing,filing,false,false,true,true,false,issuer; aggregator,none,,,filing,filing,true,true,false,1,false
20261007T065658922208Z-codex.archivist.BR15.r2-a1,archivist,breadth,BR15,2,1,fact,"Agnico Eagle (AEM), TSX: 3,447,367 oz, Payable, for the year ended December 31, 2025; English annual MD&A filed 2026-02-12.","Agnico Eagle; AEM; TSX; 3,447,367; December 31, 2025; 2026-02-12",S1,filing,mosaic-finance.com,6,filing,filing,false,false,true,false,false,,none,,,filing,filing,true,false,false,2,false
20261007T065658922208Z-codex.archivist.BR15.r2-a1,archivist,breadth,BR15,2,2,fact,"Alamos Gold (AGI), TSX: 545,400 oz, Total gold production, for the year ended December 31, 2025; English annual MD&A filed 2026-02-18.","Alamos Gold; AGI; TSX; 545,400; December 31, 2025; 2026-02-18",S2,filing,mosaic-finance.com,6,filing,filing,false,false,true,false,false,,none,,,filing,filing,true,false,false,2,false
20261007T065658922208Z-codex.archivist.BR15.r2-a1,archivist,breadth,BR15,2,3,fact,"IAMGOLD (IMG), TSX: 765,900 oz, Attributable, for the year ended December 31, 2025; English annual MD&A filed 2026-02-17.","IAMGOLD; IMG; TSX; 765,900; December 31, 2025; 2026-02-17",S3,filing,mosaic-finance.com,6,filing,filing,false,false,true,false,false,,none,,,filing,filing,true,false,false,2,false
20261007T065658922208Z-codex.archivist.BR15.r2-a1,archivist,breadth,BR15,2,4,fact,"Lundin Gold (LUG), TSX: 498,315 oz, Total gold production, for the year ended December 31, 2025; English annual MD&A filed 2026-02-19.","Lundin Gold; LUG; TSX; 498,315; December 31, 2025; 2026-02-19",S4,filing,mosaic-finance.com,6,filing,filing,false,false,true,false,false,,none,,,filing,filing,true,false,false,2,false
20261007T065658922208Z-codex.archivist.BR15.r2-a1,archivist,breadth,BR15,2,5,fact,"New Gold (NGD), TSX: 353,772 oz, Total gold production, for the year ended December 31, 2025; English annual MD&A filed 2026-03-20.","New Gold; NGD; TSX; 353,772; December 31, 2025; 2026-03-20",S5,filing,mosaic-finance.com,5,filing,filing,false,false,true,false,false,,none,,,filing,filing,true,false,false,1,false
20261007T065658922208Z-codex.archivist.BR15.r2-a1,archivist,breadth,BR15,2,6,fact,"OceanaGold (OGC), TSX: 497,600 oz, Total gold production, for the year ended December 31, 2025; English annual MD&A filed 2026-02-18.","OceanaGold; OGC; TSX; 497,600; December 31, 2025; 2026-02-18",S6,filing,mosaic-finance.com,6,filing,filing,false,false,true,false,false,,none,,,filing,filing,true,false,false,2,false
20261007T065658922208Z-codex.archivist.BR15.r2-a1,archivist,breadth,BR15,2,7,fact,"Eldorado Gold (ELD), TSX: 488,268 oz, Total gold production, for the year ended December 31, 2025; English annual MD&A filed 2026-02-19.","Eldorado Gold; ELD; TSX; 488,268; December 31, 2025; 2026-02-19",S7,filing,mosaic-finance.com,6,filing,filing,false,false,true,false,false,,none,,,filing,filing,true,false,false,2,false
20261007T065658922208Z-codex.archivist.BR15.r2-a1,archivist,breadth,BR15,2,8,fact,"B2Gold (BTO), TSX: 979,604 oz, Consolidated; includes 14,554 pre-commercial ounces from Goose, for the year ended December 31, 2025; English annual MD&A filed 2026-02-18.","B2Gold; BTO; TSX; 979,604; 14,554; Goose; December 31, 2025; 2026-02-18",S8,filing,mosaic-finance.com,8,filing,filing,false,false,true,false,false,,none,,,filing,filing,true,false,false,3,false
20261007T065658922208Z-codex.archivist.BR15.r2-a1,archivist,breadth,BR15,2,9,fact,"Wesdome (WDO), TSX: 185,576 oz, Consolidated, for the year ended December 31, 2025; English annual MD&A filed 2026-03-11.","Wesdome; WDO; TSX; 185,576; December 31, 2025; 2026-03-11",S9,filing,mosaic-finance.com,6,filing,filing,false,false,true,false,false,,none,,,filing,filing,true,false,false,2,false
20261007T065720581291Z-codex.both.BR15.r2-a1,both,breadth,BR15,2,1,fact,"Agnico Eagle (AEM), TSX: Gold produced 3,447,367 oz, Payable, for the year ended December 31, 2025; English annual MD&A filing: 2026-02-12.","Agnico Eagle; AEM; TSX; 3,447,367; December 31, 2025; 2026-02-12",S1,filing,mosaic-finance.com,6,filing,filing,false,false,true,false,false,,none,,,filing,filing,true,false,false,2,false
20261007T065720581291Z-codex.both.BR15.r2-a1,both,breadth,BR15,2,2,fact,"Alamos Gold (AGI), TSX: Gold produced 545,000 oz, Company total, for the year ended December 31, 2025; English annual MD&A filing: 2026-02-18.","Alamos Gold; AGI; TSX; 545,000; December 31, 2025; 2026-02-18",S2,filing,mosaic-finance.com,6,filing,filing,false,false,true,false,false,,none,,,filing,filing,true,false,false,2,false
20261007T065720581291Z-codex.both.BR15.r2-a1,both,breadth,BR15,2,3,fact,"IAMGOLD (IMG), TSX: Gold produced 765,900 oz, Attributable; reported as 765.9 thousand oz, for the year ended December 31, 2025; English annual MD&A filing: 2026-02-17.","IAMGOLD; IMG; TSX; 765,900; 765.9 thousand oz; December 31, 2025; 2026-02-17",S3,filing,mosaic-finance.com,7,unattributed,,false,false,false,false,false,,none,,,filing,filing,true,false,false,2,false
20261007T065720581291Z-codex.both.BR15.r2-a1,both,breadth,BR15,2,4,fact,"Lundin Gold (LUG), TSX: Gold produced 498,315 oz, Company total, for the year ended December 31, 2025; English annual MD&A filing: 2026-02-19.","Lundin Gold; LUG; TSX; 498,315; December 31, 2025; 2026-02-19",S4,filing,mosaic-finance.com,6,filing,filing,false,false,true,false,false,,none,,,filing,filing,true,false,false,2,false
20261007T065720581291Z-codex.both.BR15.r2-a1,both,breadth,BR15,2,5,fact,"New Gold (NGD), TSX: Gold produced 353,772 oz, Company total, for the year ended December 31, 2025; English annual MD&A filing: 2026-03-20.","New Gold; NGD; TSX; 353,772; December 31, 2025; 2026-03-20",S5,filing,mosaic-finance.com,5,filing,filing,false,false,true,false,false,,none,,,filing,filing,true,false,false,1,false
20261007T065720581291Z-codex.both.BR15.r2-a1,both,breadth,BR15,2,6,fact,"OceanaGold (OGC), TSX: Gold produced 497,600 oz, Company total, for the year ended December 31, 2025; English annual MD&A filing: 2026-02-18.","OceanaGold; OGC; TSX; 497,600; December 31, 2025; 2026-02-18",S6,filing,mosaic-finance.com,6,filing,filing,false,false,true,false,false,,none,,,filing,filing,true,false,false,2,false
20261007T065720581291Z-codex.both.BR15.r2-a1,both,breadth,BR15,2,7,fact,"Eldorado Gold (ELD), TSX: Gold produced 488,268 oz, Company total, for the year ended December 31, 2025; English annual MD&A filing: 2026-02-19.","Eldorado Gold; ELD; TSX; 488,268; December 31, 2025; 2026-02-19",S7,filing,mosaic-finance.com,6,filing,filing,false,false,true,false,false,,none,,,filing,filing,true,false,false,2,false
20261007T065720581291Z-codex.both.BR15.r2-a1,both,breadth,BR15,2,8,fact,"B2Gold (BTO), TSX: Gold produced 979,604 oz, Consolidated, including 14,554 pre-commercial oz from Goose, for the year ended December 31, 2025; English annual MD&A filing: 2026-02-18.","B2Gold; BTO; TSX; 979,604; 14,554; Goose; December 31, 2025; 2026-02-18",S8,filing,mosaic-finance.com,8,filing,filing,false,false,true,false,false,,none,,,filing,filing,true,false,false,3,false
20261007T065720581291Z-codex.both.BR15.r2-a1,both,breadth,BR15,2,9,fact,"Wesdome (WDO), TSX: Gold produced 185,576 oz, Consolidated, for the year ended December 31, 2025; English annual MD&A filing: 2026-03-11.","Wesdome; WDO; TSX; 185,576; December 31, 2025; 2026-03-11",S9,filing,mosaic-finance.com,6,filing,filing,false,false,true,false,false,,none,,,filing,filing,true,false,false,2,false
20261007T065759407448Z-codex.web.BR11.r3-a1,web,breadth,BR11,3,1,fact,"Microsoft (MSFT), FY2025: Yes, the specified 10-K mentions OpenAI.",Microsoft; MSFT; FY2025; 10-K; OpenAI,S1,filing,filing-source,3,filing,filing,false,false,true,true,false,issuer; forum; aggregator; news; reference; other,none,,,filing,filing,true,true,false,3,false
20261007T065759407448Z-codex.web.BR11.r3-a1,web,breadth,BR11,3,2,fact,"NVIDIA (NVDA), FY2026: Yes, the specified 10-K mentions OpenAI.",NVIDIA; NVDA; FY2026; 10-K; OpenAI,S2,filing,filing-source,3,filing,filing,false,false,true,true,false,issuer; forum; aggregator; news; reference; other,none,,,filing,filing,true,true,false,3,false
20261007T065759407448Z-codex.web.BR11.r3-a1,web,breadth,BR11,3,3,fact,"Advanced Micro Devices (AMD), FY2025: Yes, the specified 10-K mentions OpenAI.",Advanced Micro Devices; AMD; FY2025; 10-K; OpenAI,S3,issuer,ir.amd.com,3,secondary,issuer,false,true,false,true,false,issuer; forum; aggregator; news; reference; other,none,,,secondary,issuer,false,true,false,3,false
20261007T065759407448Z-codex.web.BR11.r3-a1,web,breadth,BR11,3,4,fact,"Oracle (ORCL), FY2026: No, the specified 10-K does not mention OpenAI.",Oracle; ORCL; FY2026; 10-K; OpenAI,S4,filing,filing-source,3,filing,filing,false,false,true,true,false,issuer; forum; aggregator; news; reference; other,none,,,filing,filing,true,true,false,3,false
20261007T065759407448Z-codex.web.BR11.r3-a1,web,breadth,BR11,3,5,fact,"Apple (AAPL), FY2025: No, the specified 10-K does not mention OpenAI.",Apple; AAPL; FY2025; 10-K; OpenAI,S5,filing,filing-source,3,filing,filing,false,false,true,true,false,issuer; forum; aggregator; news; reference; other,none,,,filing,filing,true,true,false,3,false
20261007T065759407448Z-codex.web.BR11.r3-a1,web,breadth,BR11,3,6,fact,"Alphabet (GOOGL), FY2025: No, the specified 10-K does not mention OpenAI.",Alphabet; GOOGL; FY2025; 10-K; OpenAI,S6,filing,filing-source,3,filing,filing,false,false,true,true,false,issuer; forum; aggregator; news; reference; other,none,,,filing,filing,true,true,false,3,false
20261007T065759407448Z-codex.web.BR11.r3-a1,web,breadth,BR11,3,7,fact,"Meta Platforms (META), FY2025: No, the specified 10-K does not mention OpenAI.",Meta Platforms; META; FY2025; 10-K; OpenAI,S7,filing,filing-source,3,filing,filing,false,false,true,true,false,issuer; forum; aggregator; news; reference; other,none,,,filing,filing,true,true,false,3,false
20261007T065759407448Z-codex.web.BR11.r3-a1,web,breadth,BR11,3,8,fact,"[site] (AMZN), FY2025: No, the specified 10-K does not mention OpenAI.",[site]; AMZN; FY2025; 10-K; OpenAI,S8,filing,filing-source,3,secondary,issuer,false,false,false,false,false,issuer; forum; aggregator; news; reference; other,none,,,secondary,issuer,false,false,false,3,false
20261007T065759407448Z-codex.web.BR11.r3-a1,web,breadth,BR11,3,9,fact,"Broadcom (AVGO), FY2025: No, the specified 10-K does not mention OpenAI.",Broadcom; AVGO; FY2025; 10-K; OpenAI,S9,filing,filing-source,3,filing,filing,false,false,true,true,false,issuer; forum; aggregator; news; reference; other,none,,,filing,filing,true,true,false,3,false
20261007T065759407448Z-codex.web.BR11.r3-a1,web,breadth,BR11,3,10,fact,Oracle was checked using a PDF copy of the filed report.,Oracle,S10,news,fortune.com,1,filing,filing,false,true,true,true,false,issuer; forum; aggregator; news; other,none,,,filing,filing,true,true,false,1,false
20261007T065834825314Z-codex.archivist.BR11.r3-a1,archivist,breadth,BR11,3,1,fact,Microsoft (MSFT) | Specified 10-K filed: 2025-07-30 | Mentions OpenAI? Yes,Microsoft; MSFT; 10-K; 2025-07-30; OpenAI,S1,filing,mosaic-finance.com,3,filing,filing,false,false,true,false,false,,none,,,filing,filing,true,false,false,3,false
20261007T065834825314Z-codex.archivist.BR11.r3-a1,archivist,breadth,BR11,3,2,fact,NVIDIA (NVDA) | Specified 10-K filed: 2026-02-25 | Mentions OpenAI? Yes,NVIDIA; NVDA; 10-K; 2026-02-25; OpenAI,S2,filing,mosaic-finance.com,4,filing,filing,false,false,true,false,false,,none,,,filing,filing,true,false,false,1,false
20261007T065834825314Z-codex.archivist.BR11.r3-a1,archivist,breadth,BR11,3,3,fact,Advanced Micro Devices (AMD) | Specified 10-K filed: 2026-02-04 | Mentions OpenAI? Yes,Advanced Micro Devices; AMD; 10-K; 2026-02-04; OpenAI,S3,filing,mosaic-finance.com,3,filing,filing,false,false,true,false,false,,none,,,filing,filing,true,false,false,3,false
20261007T065834825314Z-codex.archivist.BR11.r3-a1,archivist,breadth,BR11,3,4,fact,Oracle (ORCL) | Specified 10-K filed: 2026-06-22 | Mentions OpenAI? No,Oracle; ORCL; 10-K; 2026-06-22; OpenAI,S4,filing,mosaic-finance.com,4,filing,filing,false,false,true,false,false,,none,,,filing,filing,true,false,false,1,false
20261007T065834825314Z-codex.archivist.BR11.r3-a1,archivist,breadth,BR11,3,5,fact,Apple (AAPL) | Specified 10-K filed: 2025-10-31 | Mentions OpenAI? No,Apple; AAPL; 10-K; 2025-10-31; OpenAI,S5,filing,mosaic-finance.com,4,filing,filing,false,false,true,false,false,,none,,,filing,filing,true,false,false,1,false
20261007T065834825314Z-codex.archivist.BR11.r3-a1,archivist,breadth,BR11,3,6,fact,Alphabet (GOOGL) | Specified 10-K filed: 2026-02-05 | Mentions OpenAI? No,Alphabet; GOOGL; 10-K; 2026-02-05; OpenAI,S6,filing,mosaic-finance.com,3,filing,filing,false,false,true,false,false,,none,,,filing,filing,true,false,false,3,false
20261007T065834825314Z-codex.archivist.BR11.r3-a1,archivist,breadth,BR11,3,7,fact,Meta Platforms (META) | Specified 10-K filed: 2026-01-29 | Mentions OpenAI? No,Meta Platforms; META; 10-K; 2026-01-29; OpenAI,S7,filing,mosaic-finance.com,4,filing,filing,false,false,true,false,false,,none,,,filing,filing,true,false,false,1,false
20261007T065834825314Z-codex.archivist.BR11.r3-a1,archivist,breadth,BR11,3,8,fact,[site] (AMZN) | Specified 10-K filed: 2026-02-06 | Mentions OpenAI? No,[site]; AMZN; 10-K; 2026-02-06; OpenAI,S8,filing,mosaic-finance.com,3,unattributed,,false,false,false,false,false,,none,,,unattributed,,false,false,false,3,false
20261007T065834825314Z-codex.archivist.BR11.r3-a1,archivist,breadth,BR11,3,9,fact,Broadcom (AVGO) | Specified 10-K filed: 2025-12-18 | Mentions OpenAI? No,Broadcom; AVGO; 10-K; 2025-12-18; OpenAI,S9,filing,mosaic-finance.com,5,filing,filing,false,false,true,false,false,,none,,,filing,filing,true,false,false,2,false
20261007T065850594454Z-codex.both.BR11.r3-a1,both,breadth,BR11,3,1,fact,"Microsoft (MSFT), fiscal year 2025, filed 2025-07-30: Yes, mentions OpenAI.",Microsoft; MSFT; 2025-07-30; OpenAI,S1,filing,mosaic-finance.com,3,filing,filing,false,false,true,false,false,,none,,,filing,filing,true,false,false,3,false
20261007T065850594454Z-codex.both.BR11.r3-a1,both,breadth,BR11,3,2,fact,"NVIDIA (NVDA), fiscal year 2026, filed 2026-02-25: Yes, mentions OpenAI.",NVIDIA; NVDA; 2026-02-25; OpenAI,S2,filing,mosaic-finance.com,4,filing,filing,false,false,true,false,false,,none,,,filing,filing,true,false,false,1,false
20261007T065850594454Z-codex.both.BR11.r3-a1,both,breadth,BR11,3,3,fact,"Advanced Micro Devices (AMD), fiscal year 2025, filed 2026-02-04: Yes, mentions OpenAI.",Advanced Micro Devices; AMD; 2026-02-04; OpenAI,S3,filing,mosaic-finance.com,3,filing,filing,false,false,true,false,false,,none,,,filing,filing,true,false,false,3,false
20261007T065850594454Z-codex.both.BR11.r3-a1,both,breadth,BR11,3,4,fact,"Oracle (ORCL), fiscal year 2026, filed 2026-06-22: No, does not mention OpenAI.",Oracle; ORCL; 2026-06-22; OpenAI,S4,filing,mosaic-finance.com,4,filing,filing,false,false,true,false,false,,none,,,filing,filing,true,false,false,1,false
20261007T065850594454Z-codex.both.BR11.r3-a1,both,breadth,BR11,3,5,fact,"Apple (AAPL), fiscal year 2025, filed 2025-10-31: No, does not mention OpenAI.",Apple; AAPL; 2025-10-31; OpenAI,S5,filing,mosaic-finance.com,4,filing,filing,false,false,true,false,false,,none,,,filing,filing,true,false,false,1,false
20261007T065850594454Z-codex.both.BR11.r3-a1,both,breadth,BR11,3,6,fact,"Alphabet (GOOGL), fiscal year 2025, filed 2026-02-05: No, does not mention OpenAI.",Alphabet; GOOGL; 2026-02-05; OpenAI,S6,filing,mosaic-finance.com,3,filing,filing,false,false,true,false,false,,none,,,filing,filing,true,false,false,3,false
20261007T065850594454Z-codex.both.BR11.r3-a1,both,breadth,BR11,3,7,fact,"Meta Platforms (META), fiscal year 2025, filed 2026-01-29: No, does not mention OpenAI.",Meta Platforms; META; 2026-01-29; OpenAI,S7,filing,mosaic-finance.com,4,filing,filing,false,false,true,false,false,,none,,,filing,filing,true,false,false,1,false
20261007T065850594454Z-codex.both.BR11.r3-a1,both,breadth,BR11,3,8,fact,"[site] (AMZN), fiscal year 2025, filed 2026-02-06: No, does not mention OpenAI.",[site]; AMZN; 2026-02-06; OpenAI,S8,filing,mosaic-finance.com,3,unattributed,,false,false,false,false,false,,none,,,unattributed,,false,false,false,3,false
20261007T065850594454Z-codex.both.BR11.r3-a1,both,breadth,BR11,3,9,fact,"Broadcom (AVGO), fiscal year 2025, filed 2025-12-18: No, does not mention OpenAI.",Broadcom; AVGO; 2025-12-18; OpenAI,S9,filing,mosaic-finance.com,5,filing,filing,false,false,true,false,false,,none,,,filing,filing,true,false,false,2,false
20261007T065850594454Z-codex.both.BR11.r3-a1,both,breadth,BR11,3,10,fact,“No” means the filing-wide term check returned zero matching passages.,zero,,,,1,unattributed,,false,false,false,false,false,,none,,,unattributed,,false,false,false,1,false
20261007T065922645782Z-codex.web.BR12.r3-a1,web,breadth,BR12,3,1,fact,"Chipotle (CMG): 4,042 restaurants owned at fiscal year-end 2025-12-31, reported in the fiscal 2025 Form 10-K.","Chipotle; CMG; 4,042; 2025-12-31",S1,filing,filing-source,5,filing,filing,false,false,true,true,false,issuer; forum; aggregator; news; reference,none,,,filing,filing,true,true,false,3,false
20261007T065922645782Z-codex.web.BR12.r3-a1,web,breadth,BR12,3,2,fact,"Wendy’s (WEN): 7,397 system restaurants at fiscal year-end 2025-12-28, reported in the fiscal 2025 Form 10-K.","Wendy’s; WEN; 7,397; 2025-12-28",S2,filing,filing-source,5,filing,filing,false,false,true,false,false,issuer; forum; news; reference,none,,,filing,filing,true,false,false,3,false
20261007T065922645782Z-codex.web.BR12.r3-a1,web,breadth,BR12,3,3,fact,"Wingstop (WING): 3,056 total system restaurants at fiscal year-end 2025-12-27, reported in the fiscal 2025 Form 10-K.","Wingstop; WING; 3,056; 2025-12-27",S3,filing,filing-source,5,filing,filing,false,false,true,true,false,issuer; forum; aggregator; reference,none,,,filing,filing,true,true,false,3,false
20261007T065922645782Z-codex.web.BR12.r3-a1,web,breadth,BR12,3,4,fact,"Dine Brands (DIN): 3,509 restaurants across all brands at fiscal year-end 2025-12-28, reported in the fiscal 2025 Form 10-K.","Dine Brands; DIN; 3,509; 2025-12-28",S4,filing,filing-source,5,filing,filing,false,false,true,false,false,issuer; forum; aggregator; news; reference,none,,,filing,filing,true,false,false,3,false
20261007T065922645782Z-codex.web.BR12.r3-a1,web,breadth,BR12,3,5,fact,"Texas Roadhouse (TXRH): 714 company owned and operated restaurants at fiscal year-end 2025-12-30, reported in the fiscal 2025 Form 10-K.",Texas Roadhouse; TXRH; 714; 2025-12-30,S5,filing,filing-source,4,filing,filing,false,false,true,false,false,issuer; forum; reference,none,,,filing,filing,true,false,false,2,false
20261007T065922645782Z-codex.web.BR12.r3-a1,web,breadth,BR12,3,6,fact,"CAVA (CAVA): 439 CAVA Restaurants at fiscal year-end 2025-12-28, reported in the fiscal 2025 Form 10-K.",CAVA; 439; CAVA Restaurants; 2025-12-28,S6,filing,filing-source,5,filing,filing,false,false,true,false,false,issuer; forum; news; reference,none,,,filing,filing,true,false,false,3,false
20261007T065922645782Z-codex.web.BR12.r3-a1,web,breadth,BR12,3,7,fact,"Shake Shack (SHAK): 659 Shacks in operation system wide at fiscal year-end 2025-12-31, reported in the fiscal 2025 Form 10-K.",Shake Shack; SHAK; 659; 2025-12-31,S7,filing,filing-source,5,filing,filing,false,false,true,false,false,issuer; forum; aggregator; news; reference,none,,,filing,filing,true,false,false,3,false
20261007T065922645782Z-codex.web.BR12.r3-a1,web,breadth,BR12,3,8,fact,"Starbucks (SBUX): 21,514 company-operated stores at fiscal year-end 2025-09-28, reported in the fiscal 2025 Form 10-K.","Starbucks; SBUX; 21,514; 2025-09-28",S8,filing,filing-source,4,filing,filing,false,false,true,false,false,issuer; news,none,,,filing,filing,true,false,false,2,false
20261007T065922645782Z-codex.web.BR12.r3-a1,web,breadth,BR12,3,9,fact,"Brinker (EAT): 1,628 company-owned plus franchise-operated restaurants at fiscal year-end 2025-06-25, reported in the fiscal 2025 Form 10-K.","Brinker; EAT; 1,628; 2025-06-25",S9,filing,filing-source,4,filing,filing,false,false,true,false,false,issuer; forum; aggregator; news; reference,none,,,filing,filing,true,false,false,2,false
20261007T065922645782Z-codex.web.BR12.r3-a1,web,breadth,BR12,3,10,fact,Dine Brands counts each dual-branded location in both the IHOP and Applebee’s restaurant totals.,Dine Brands; IHOP; Applebee’s,S4,filing,filing-source,3,filing,filing,false,false,true,false,false,,none,,,filing,filing,true,false,false,3,false
20261007T065935268691Z-codex.archivist.BR12.r3-a1,archivist,breadth,BR12,3,1,fact,"Chipotle (CMG) | 2025-12-31 | Restaurants owned and operated | 4,042 | 2026-02-04","Chipotle; CMG; 2025-12-31; 4,042; 2026-02-04",S1,filing,mosaic-finance.com,5,filing,filing,false,false,true,false,false,,none,,,filing,filing,true,false,false,3,false
20261007T065935268691Z-codex.archivist.BR12.r3-a1,archivist,breadth,BR12,3,2,fact,"Wendy’s (WEN) | 2025-12-28 | System restaurants | 7,397 | 2026-02-23","Wendy’s; WEN; 2025-12-28; 7,397; 2026-02-23",S2,filing,mosaic-finance.com,6,filing,filing,false,false,true,false,false,,none,,,filing,filing,true,false,false,4,false
20261007T065935268691Z-codex.archivist.BR12.r3-a1,archivist,breadth,BR12,3,3,fact,"Wingstop (WING) | 2025-12-27 | Total system restaurants | 3,056 | 2026-02-18","Wingstop; WING; 2025-12-27; 3,056; 2026-02-18",S3,filing,mosaic-finance.com,6,filing,filing,false,false,true,false,false,,none,,,filing,filing,true,false,false,4,false
20261007T065935268691Z-codex.archivist.BR12.r3-a1,archivist,breadth,BR12,3,4,fact,"Dine Brands (DIN) | 2025-12-28 | Restaurants across all brands | 3,509 | 2026-02-25","Dine Brands; DIN; 2025-12-28; 3,509; 2026-02-25",S4,filing,mosaic-finance.com,6,filing,filing,false,false,true,false,false,,none,,,filing,filing,true,false,false,4,false
20261007T065935268691Z-codex.archivist.BR12.r3-a1,archivist,breadth,BR12,3,5,fact,Texas Roadhouse (TXRH) | 2025-12-30 | Company owned and operated restaurants | 714 | 2026-02-27,Texas Roadhouse; TXRH; 2025-12-30; 714; 2026-02-27,S5,filing,mosaic-finance.com,5,filing,filing,false,false,true,false,false,,none,,,filing,filing,true,false,false,3,false
20261007T065935268691Z-codex.archivist.BR12.r3-a1,archivist,breadth,BR12,3,6,fact,CAVA (CAVA) | 2025-12-28 | CAVA Restaurants | 439 | 2026-02-25,CAVA; 2025-12-28; CAVA Restaurants; 439; 2026-02-25,S6,filing,mosaic-finance.com,6,filing,filing,false,false,true,false,false,,none,,,filing,filing,true,false,false,4,false
20261007T065935268691Z-codex.archivist.BR12.r3-a1,archivist,breadth,BR12,3,7,fact,Shake Shack (SHAK) | 2025-12-31 | Shacks in operation system wide | 659 | 2026-02-26,Shake Shack; SHAK; 2025-12-31; 659; 2026-02-26,S7,filing,mosaic-finance.com,6,filing,filing,false,false,true,false,false,,none,,,filing,filing,true,false,false,4,false
20261007T065935268691Z-codex.archivist.BR12.r3-a1,archivist,breadth,BR12,3,8,fact,"Starbucks (SBUX) | 2025-09-28 | Company-operated stores | 21,514 | 2025-11-14","Starbucks; SBUX; 2025-09-28; 21,514; 2025-11-14",S8,filing,mosaic-finance.com,6,filing,filing,false,false,true,false,false,,none,,,filing,filing,true,false,false,4,false
20261007T065935268691Z-codex.archivist.BR12.r3-a1,archivist,breadth,BR12,3,9,fact,"Brinker (EAT) | 2025-06-25 | Company-owned plus franchise-operated restaurants | 1,628 | 2025-08-15","Brinker; EAT; 2025-06-25; 1,628; 2025-08-15",S9,filing,mosaic-finance.com,5,filing,filing,false,false,true,false,false,,none,,,filing,filing,true,false,false,3,false
20261007T070005005608Z-codex.both.BR12.r3-a1,both,breadth,BR12,3,1,fact,"Chipotle (CMG) reported 4,042 restaurants owned as of 2025-12-31 in its fiscal 2025 10-K.","Chipotle; CMG; 4,042; 2025-12-31; fiscal 2025",S1,filing,filing-source,5,filing,filing,false,false,true,false,false,issuer; aggregator; reference,none,,,filing,filing,true,false,false,3,false
20261007T070005005608Z-codex.both.BR12.r3-a1,both,breadth,BR12,3,2,fact,"Wendy’s (WEN) reported 7,397 system restaurants as of 2025-12-28 in its fiscal 2025 10-K.","Wendy’s; WEN; 7,397; 2025-12-28; fiscal 2025",S2,filing,filing-source,5,filing,filing,false,false,true,true,false,issuer; aggregator,none,,,filing,filing,true,true,false,3,false
20261007T070005005608Z-codex.both.BR12.r3-a1,both,breadth,BR12,3,3,fact,"Wingstop (WING) reported 3,056 total system restaurants as of 2025-12-27 in its fiscal 2025 10-K.","Wingstop; WING; 3,056; 2025-12-27; fiscal 2025",S3,filing,filing-source,5,filing,filing,false,false,true,true,false,issuer; aggregator,none,,,filing,filing,true,true,false,3,false
20261007T070005005608Z-codex.both.BR12.r3-a1,both,breadth,BR12,3,4,fact,"Dine Brands (DIN) reported 3,509 restaurants across all brands as of 2025-12-28 in its fiscal 2025 10-K.","Dine Brands; DIN; 3,509; 2025-12-28; fiscal 2025",S4,filing,filing-source,5,filing,filing,false,false,true,false,false,issuer; aggregator; reference,none,,,filing,filing,true,false,false,3,false
20261007T070005005608Z-codex.both.BR12.r3-a1,both,breadth,BR12,3,5,fact,Texas Roadhouse (TXRH) reported 714 company owned and operated restaurants as of 2025-12-30 in its fiscal 2025 10-K.,Texas Roadhouse; TXRH; 714; 2025-12-30; fiscal 2025,S5,filing,filing-source,4,filing,filing,false,false,true,true,false,issuer; forum; aggregator; reference,none,,,filing,filing,true,true,false,2,false
20261007T070005005608Z-codex.both.BR12.r3-a1,both,breadth,BR12,3,6,fact,CAVA (CAVA) reported 439 CAVA Restaurants as of 2025-12-28 in its fiscal 2025 10-K.,CAVA; 439; CAVA Restaurants; 2025-12-28; fiscal 2025,S6,filing,filing-source,5,filing,filing,false,false,true,false,false,issuer; aggregator,none,,,filing,filing,true,false,false,3,false
20261007T070005005608Z-codex.both.BR12.r3-a1,both,breadth,BR12,3,7,fact,Shake Shack (SHAK) reported 659 Shacks in operation system wide as of 2025-12-31 in its fiscal 2025 10-K.,Shake Shack; SHAK; 659; 2025-12-31; fiscal 2025,S7,filing,filing-source,5,filing,filing,false,false,true,false,false,issuer; aggregator; reference,none,,,filing,filing,true,false,false,3,false
20261007T070005005608Z-codex.both.BR12.r3-a1,both,breadth,BR12,3,8,fact,"Starbucks (SBUX) reported 21,514 company-operated stores as of 2025-09-28 in its fiscal 2025 10-K.","Starbucks; SBUX; 21,514; 2025-09-28; fiscal 2025",S8,filing,filing-source,4,filing,filing,false,false,true,false,false,issuer,none,,,filing,filing,true,false,false,2,false
20261007T070005005608Z-codex.both.BR12.r3-a1,both,breadth,BR12,3,9,fact,"Brinker (EAT) reported 1,628 company-owned plus franchise-operated restaurants as of 2025-06-25 in its fiscal 2025 10-K.","Brinker; EAT; 1,628; 2025-06-25; fiscal 2025",S9,filing,filing-source,4,filing,filing,false,false,true,false,false,aggregator,none,,,filing,filing,true,false,false,2,false
20261007T070005005608Z-codex.both.BR12.r3-a1,both,breadth,BR12,3,10,fact,Dine Brands’ reported count includes dual-branded locations in both the IHOP and Applebee’s brand counts.,Dine Brands; IHOP; Applebee’s,S4,filing,filing-source,3,filing,filing,false,false,true,false,false,,none,,,filing,filing,true,false,false,3,false
20261007T070025323222Z-codex.web.BR13.r3-a1,web,breadth,BR13,3,1,fact,"Item 5 of Pfizer (PFE)'s Form 10-K for the fiscal year ended December 31, 2025 reported 106,369 common-stock holders of record as of February 19, 2026.","Pfizer; PFE; Form 10-K; Item 5; December 31, 2025; 106,369; February 19, 2026",S1,aggregator,stocklight.com,7,secondary,issuer,false,true,false,true,false,issuer; forum; aggregator; other,none,,,filing,filing,true,true,false,1,false
20261007T070025323222Z-codex.web.BR13.r3-a1,web,breadth,BR13,3,2,fact,"Item 5 of Merck (MRK)'s Form 10-K for the fiscal year ended December 31, 2025 reported approximately 80,500 common-stock holders of record as of January 31, 2026.","Merck; MRK; Form 10-K; Item 5; December 31, 2025; Approximately 80,500; January 31, 2026",S2,issuer,merck.com,7,secondary,issuer,false,true,false,true,false,issuer; forum; aggregator; other,none,,,secondary,issuer,false,true,false,1,false
20261007T070025323222Z-codex.web.BR13.r3-a1,web,breadth,BR13,3,3,fact,"Item 5 of Eli Lilly (LLY)'s Form 10-K for the fiscal year ended December 31, 2025 reported approximately 16,886 common-stock holders of record as of February 9, 2026.","Eli Lilly; LLY; Form 10-K; Item 5; December 31, 2025; Approximately 16,886; February 9, 2026",S3,issuer,investor.lilly.com,7,secondary,issuer,false,true,false,true,false,issuer; forum; aggregator; other,none,,,secondary,issuer,false,true,false,1,false
20261007T070025323222Z-codex.web.BR13.r3-a1,web,breadth,BR13,3,4,fact,"Item 5 of AbbVie (ABBV)'s Form 10-K for the fiscal year ended December 31, 2025 reported 58,040 common-stock holders of record as of February 10, 2026.","AbbVie; ABBV; Form 10-K; Item 5; December 31, 2025; 58,040; February 10, 2026",S4,filing,filing-source,7,filing,filing,false,false,true,false,false,issuer; forum; aggregator; other,none,,,filing,filing,true,false,false,1,false
20261007T070025323222Z-codex.web.BR13.r3-a1,web,breadth,BR13,3,5,fact,"Item 5 of Abbott (ABT)'s Form 10-K for the fiscal year ended December 31, 2025 reported 29,122 common-stock holders of record as of January 31, 2026.","Abbott; ABT; Form 10-K; Item 5; December 31, 2025; 29,122; January 31, 2026",S5,filing,filing-source,7,filing,filing,false,false,true,true,false,issuer; forum; aggregator; other,none,,,filing,filing,true,true,false,1,false
20261007T070025323222Z-codex.web.BR13.r3-a1,web,breadth,BR13,3,6,fact,"Item 5 of Boston Scientific (BSX)'s Form 10-K for the fiscal year ended December 31, 2025 reported 4,570 common-stock holders of record as of January 30, 2026.","Boston Scientific; BSX; Form 10-K; Item 5; December 31, 2025; 4,570; January 30, 2026",S6,filing,filing-source,7,filing,filing,false,false,true,true,false,issuer; forum; aggregator; other,none,,,filing,filing,true,true,false,1,false
20261007T070025323222Z-codex.web.BR13.r3-a1,web,breadth,BR13,3,7,fact,"Item 5 of Thermo Fisher Scientific (TMO)'s Form 10-K for the fiscal year ended December 31, 2025 reported 2,044 common-stock holders of record as of January 31, 2026.","Thermo Fisher Scientific; TMO; Form 10-K; Item 5; December 31, 2025; 2,044; January 31, 2026",S7,filing,filing-source,7,filing,filing,false,false,true,true,false,issuer; forum; aggregator; other,none,,,filing,filing,true,true,false,1,false
20261007T070025323222Z-codex.web.BR13.r3-a1,web,breadth,BR13,3,8,fact,"Item 5 of Gilead Sciences (GILD)'s Form 10-K for the fiscal year ended December 31, 2025 reported approximately 1,305 common-stock holders of record as of February 13, 2026.","Gilead Sciences; GILD; Form 10-K; Item 5; December 31, 2025; Approximately 1,305; February 13, 2026",S8,filing,filing-source,7,filing,filing,false,false,true,true,false,issuer; forum; aggregator; other,none,,,filing,filing,true,true,false,1,false
20261007T070025323222Z-codex.web.BR13.r3-a1,web,breadth,BR13,3,9,fact,"Item 5 of Vertex Pharmaceuticals (VRTX)'s Form 10-K for the fiscal year ended December 31, 2025 reported 94 common-stock holders of record as of February 6, 2026.","Vertex Pharmaceuticals; VRTX; Form 10-K; Item 5; December 31, 2025; 94; February 6, 2026",S9,aggregator,stocklight.com,7,secondary,issuer,false,true,false,true,false,issuer; forum; aggregator; other,none,,,filing,filing,true,true,false,1,false
20261007T070055292696Z-codex.archivist.BR13.r3-a1,archivist,breadth,BR13,3,1,fact,"Pfizer (PFE) reported 106,369 common-stock holders of record as of February 19, 2026 in Item 5.","Pfizer; PFE; 106,369; February 19, 2026; Item 5",S1,filing,mosaic-finance.com,5,filing,filing,false,false,true,false,false,,none,,,filing,filing,true,false,false,1,false
20261007T070055292696Z-codex.archivist.BR13.r3-a1,archivist,breadth,BR13,3,2,fact,"Merck (MRK) reported approximately 80,500 common-stock holders of record as of January 31, 2026 in Item 5.","Merck; MRK; Approximately 80,500; January 31, 2026; Item 5",S2,filing,mosaic-finance.com,5,filing,filing,false,false,true,false,false,,none,,,filing,filing,true,false,false,1,false
20261007T070055292696Z-codex.archivist.BR13.r3-a1,archivist,breadth,BR13,3,3,fact,"Eli Lilly (LLY) reported approximately 16,886 common-stock holders of record as of February 9, 2026 in Item 5.","Eli Lilly; LLY; Approximately 16,886; February 9, 2026; Item 5",S3,filing,mosaic-finance.com,5,filing,filing,false,false,true,false,false,,none,,,filing,filing,true,false,false,1,false
20261007T070055292696Z-codex.archivist.BR13.r3-a1,archivist,breadth,BR13,3,4,fact,"AbbVie (ABBV) reported 58,040 common-stock holders of record as of February 10, 2026 in Item 5.","AbbVie; ABBV; 58,040; February 10, 2026; Item 5",S4,filing,mosaic-finance.com,5,filing,filing,false,false,true,false,false,,none,,,filing,filing,true,false,false,1,false
20261007T070055292696Z-codex.archivist.BR13.r3-a1,archivist,breadth,BR13,3,5,fact,"Abbott Laboratories (ABT) reported 29,122 common-stock holders of record as of January 31, 2026 in Item 5.","Abbott Laboratories; ABT; 29,122; January 31, 2026; Item 5",S5,filing,mosaic-finance.com,5,filing,filing,false,false,true,false,false,,none,,,filing,filing,true,false,false,1,false
20261007T070055292696Z-codex.archivist.BR13.r3-a1,archivist,breadth,BR13,3,6,fact,"Boston Scientific (BSX) reported 4,570 common-stock holders of record as of January 30, 2026 in Item 5.","Boston Scientific; BSX; 4,570; January 30, 2026; Item 5",S6,filing,mosaic-finance.com,5,filing,filing,false,false,true,false,false,,none,,,filing,filing,true,false,false,1,false
20261007T070055292696Z-codex.archivist.BR13.r3-a1,archivist,breadth,BR13,3,7,fact,"Thermo Fisher Scientific (TMO) reported 2,044 common-stock holders of record as of January 31, 2026 in Item 5.","Thermo Fisher Scientific; TMO; 2,044; January 31, 2026; Item 5",S7,filing,mosaic-finance.com,5,filing,filing,false,false,true,false,false,,none,,,filing,filing,true,false,false,1,false
20261007T070055292696Z-codex.archivist.BR13.r3-a1,archivist,breadth,BR13,3,8,fact,"Gilead Sciences (GILD) reported approximately 1,305 common-stock holders of record as of February 13, 2026 in Item 5.","Gilead Sciences; GILD; Approximately 1,305; February 13, 2026; Item 5",S8,filing,mosaic-finance.com,5,filing,filing,false,false,true,false,false,,none,,,filing,filing,true,false,false,1,false
20261007T070055292696Z-codex.archivist.BR13.r3-a1,archivist,breadth,BR13,3,9,fact,"Vertex Pharmaceuticals (VRTX) reported 94 common-stock holders of record as of February 6, 2026 in Item 5.","Vertex Pharmaceuticals; VRTX; 94; February 6, 2026; Item 5",S9,filing,mosaic-finance.com,5,filing,filing,false,false,true,false,false,,none,,,filing,filing,true,false,false,1,false
20261007T070128206842Z-codex.both.BR13.r3-a1,both,breadth,BR13,3,1,fact,"Item 5 of the specified Forms 10-K for the fiscal year ended December 31, 2025: Pfizer (PFE), 106,369 common-stock holders of record as of February 19, 2026.","Item 5; Forms 10-K; December 31, 2025; Pfizer; PFE; 106,369; February 19, 2026",S1,filing,mosaic-finance.com,7,secondary,issuer,false,false,false,false,false,issuer; aggregator; reference,none,,,filing,filing,true,true,true,1,false
20261007T070128206842Z-codex.both.BR13.r3-a1,both,breadth,BR13,3,2,fact,"Item 5 of the specified Forms 10-K for the fiscal year ended December 31, 2025: Merck (MRK), Approximately 80,500 common-stock holders of record as of January 31, 2026.","Item 5; Forms 10-K; December 31, 2025; Merck; MRK; Approximately 80,500; January 31, 2026",S2,filing,mosaic-finance.com,7,secondary,issuer,false,false,false,false,false,issuer; forum; aggregator; reference,none,,,filing,filing,true,false,false,1,false
20261007T070128206842Z-codex.both.BR13.r3-a1,both,breadth,BR13,3,3,fact,"Item 5 of the specified Forms 10-K for the fiscal year ended December 31, 2025: Eli Lilly (LLY), Approximately 16,886 common-stock holders of record as of February 9, 2026.","Item 5; Forms 10-K; December 31, 2025; Eli Lilly; LLY; Approximately 16,886; February 9, 2026",S3,filing,mosaic-finance.com,7,secondary,issuer,false,false,false,false,false,issuer; forum; aggregator; reference; other,none,,,filing,filing,true,true,true,1,false
20261007T070128206842Z-codex.both.BR13.r3-a1,both,breadth,BR13,3,4,fact,"Item 5 of the specified Forms 10-K for the fiscal year ended December 31, 2025: AbbVie (ABBV), 58,040 common-stock holders of record as of February 10, 2026.","Item 5; Forms 10-K; December 31, 2025; AbbVie; ABBV; 58,040; February 10, 2026",S4,filing,mosaic-finance.com,7,secondary,issuer,false,false,false,false,false,issuer; forum; aggregator; reference,none,,,filing,filing,true,true,true,1,false
20261007T070128206842Z-codex.both.BR13.r3-a1,both,breadth,BR13,3,5,fact,"Item 5 of the specified Forms 10-K for the fiscal year ended December 31, 2025: Abbott Laboratories (ABT), 29,122 common-stock holders of record as of January 31, 2026.","Item 5; Forms 10-K; December 31, 2025; Abbott Laboratories; ABT; 29,122; January 31, 2026",S5,filing,mosaic-finance.com,7,secondary,issuer,false,false,false,false,false,issuer; forum; aggregator; reference,none,,,filing,filing,true,false,false,1,false
20261007T070128206842Z-codex.both.BR13.r3-a1,both,breadth,BR13,3,6,fact,"Item 5 of the specified Forms 10-K for the fiscal year ended December 31, 2025: Boston Scientific (BSX), 4,570 common-stock holders of record as of January 30, 2026.","Item 5; Forms 10-K; December 31, 2025; Boston Scientific; BSX; 4,570; January 30, 2026",S6,filing,mosaic-finance.com,7,secondary,issuer,false,false,false,false,false,issuer; aggregator; reference,none,,,filing,filing,true,true,true,1,false
20261007T070128206842Z-codex.both.BR13.r3-a1,both,breadth,BR13,3,7,fact,"Item 5 of the specified Forms 10-K for the fiscal year ended December 31, 2025: Thermo Fisher Scientific (TMO), 2,044 common-stock holders of record as of January 31, 2026.","Item 5; Forms 10-K; December 31, 2025; Thermo Fisher Scientific; TMO; 2,044; January 31, 2026",S7,filing,mosaic-finance.com,7,secondary,issuer,false,false,false,false,false,issuer; forum; aggregator; reference,none,,,filing,filing,true,false,false,1,false
20261007T070128206842Z-codex.both.BR13.r3-a1,both,breadth,BR13,3,8,fact,"Item 5 of the specified Forms 10-K for the fiscal year ended December 31, 2025: Gilead Sciences (GILD), Approximately 1,305 common-stock holders of record as of February 13, 2026.","Item 5; Forms 10-K; December 31, 2025; Gilead Sciences; GILD; Approximately 1,305; February 13, 2026",S8,filing,mosaic-finance.com,7,secondary,issuer,false,false,false,false,false,issuer; aggregator; reference,none,,,filing,filing,true,false,false,1,false
20261007T070128206842Z-codex.both.BR13.r3-a1,both,breadth,BR13,3,9,fact,"Item 5 of the specified Forms 10-K for the fiscal year ended December 31, 2025: Vertex Pharmaceuticals (VRTX), 94 common-stock holders of record as of February 6, 2026.","Item 5; Forms 10-K; December 31, 2025; Vertex Pharmaceuticals; VRTX; 94; February 6, 2026",S9,filing,mosaic-finance.com,7,secondary,issuer,false,false,false,false,false,issuer; aggregator; reference; other,none,,,filing,filing,true,true,true,1,false
20261007T070251612499Z-codex.web.BR14.r3-a1,web,breadth,BR14,3,1,fact,"Canadian National Railway (CNR) reported 23,839 employees, total at December 31, 2025, in its 2025 AIF, §4.4.","Canadian National Railway; CNR; 23,839; December 31, 2025; 2025 AIF; §4.4",S1,issuer,cn.ca,6,secondary,issuer,false,true,false,true,false,issuer; aggregator,none,,,secondary,issuer,false,true,false,2,false
20261007T070251612499Z-codex.web.BR14.r3-a1,web,breadth,BR14,3,2,fact,"Canadian Pacific Kansas City (CP) reported 19,479 employees, total at December 31, 2025, in its 2025 10-K, “Total Employees and Workforce”.","Canadian Pacific Kansas City; CP; 19,479; December 31, 2025; 2025 10-K",S2,filing,filing-source,4,filing,filing,false,false,true,false,false,issuer; aggregator; reference,none,,,filing,filing,true,false,false,1,false
20261007T070251612499Z-codex.web.BR14.r3-a1,web,breadth,BR14,3,3,fact,"CSX (CSX) reported approximately 23,000 employees as of December 2025 in its 2025 10-K, Human Capital.","CSX; Approximately 23,000; December 2025; 2025 10-K",S3,filing,filing-source,3,filing,filing,false,false,true,true,false,issuer; aggregator; reference,none,,,filing,filing,true,true,false,1,false
20261007T070251612499Z-codex.web.BR14.r3-a1,web,breadth,BR14,3,4,fact,"Norfolk Southern (NSC) reported 19,300 employees at the end of 2025 in its 2025 10-K, “Workforce”.","Norfolk Southern; NSC; 19,300; At the end of 2025; 2025 10-K",S4,filing,filing-source,4,filing,filing,false,false,true,false,false,aggregator,none,,,filing,filing,true,true,false,1,false
20261007T070251612499Z-codex.web.BR14.r3-a1,web,breadth,BR14,3,5,fact,"Union Pacific (UNP) reported 29,287 employees, average during 2025, in its 2025 10-K, “Our people”.","Union Pacific; UNP; 29,287; Average during 2025; 2025 10-K",S5,filing,filing-source,4,secondary,issuer,false,false,false,false,false,issuer,none,,,filing,filing,true,false,false,1,false
20261007T070251612499Z-codex.web.BR14.r3-a1,web,breadth,BR14,3,6,fact,"Westinghouse Air Brake Technologies / Wabtec (WAB) reported approximately 31,000 employees, global workforce at December 31, 2025; excludes contingent workers, in its 2025 10-K, Human Capital.","Westinghouse Air Brake Technologies; Wabtec; WAB; Approximately 31,000; December 31, 2025; 2025 10-K",S6,filing,filing-source,5,secondary,issuer,false,false,false,false,false,issuer; forum; aggregator,none,,,filing,filing,true,true,false,1,false
20261007T070251612499Z-codex.web.BR14.r3-a1,web,breadth,BR14,3,7,fact,"Trinity Industries (TRN) reported approximately 6,110 employees, total at December 31, 2025, in its 2025 10-K, Human Capital headcount table.","Trinity Industries; TRN; Approximately 6,110; December 31, 2025; 2025 10-K",S7,filing,filing-source,4,filing,filing,false,false,true,false,false,issuer; aggregator,none,,,filing,filing,true,false,false,1,false
20261007T070303705249Z-codex.archivist.BR14.r3-a1,archivist,breadth,BR14,3,1,fact,"Canadian National (CNR): 23,839; Total at Dec. 31, 2025; 2025 AIF, §4.4 Labor (2026-02-04).","Canadian National; CNR; 23,839; Dec. 31, 2025; 2025 AIF; §4.4 Labor; 2026-02-04",S1,filing,mosaic-finance.com,6,unattributed,,false,false,false,false,false,,none,,,filing,filing,true,false,false,1,false
20261007T070303705249Z-codex.archivist.BR14.r3-a1,archivist,breadth,BR14,3,2,fact,"Canadian Pacific Kansas City (CP): 19,479; Total at Dec. 31, 2025; 10-K, Item 1 (2026-02-26).","Canadian Pacific Kansas City; CP; 19,479; Dec. 31, 2025; 10-K; Item 1; 2026-02-26",S2,filing,mosaic-finance.com,6,unattributed,,false,false,false,false,false,,none,,,filing,filing,true,false,false,2,false
20261007T070303705249Z-codex.archivist.BR14.r3-a1,archivist,breadth,BR14,3,3,fact,"CSX (CSX): Approximately 23,000; As of December 2025; 10-K, Item 1 (2026-02-12).","CSX; Approximately 23,000; December 2025; 10-K; Item 1; 2026-02-12",S3,filing,mosaic-finance.com,5,filing,filing,false,false,true,false,false,,none,,,filing,filing,true,false,false,2,false
20261007T070303705249Z-codex.archivist.BR14.r3-a1,archivist,breadth,BR14,3,4,fact,"Norfolk Southern (NSC): 19,300; At the end of 2025; 10-K, Human Capital Management (2026-02-09).","Norfolk Southern; NSC; 19,300; 10-K; 2026-02-09",S4,filing,mosaic-finance.com,3,filing,filing,false,false,true,false,false,,none,,,filing,filing,true,false,false,1,false
20261007T070303705249Z-codex.archivist.BR14.r3-a1,archivist,breadth,BR14,3,5,fact,"Union Pacific (UNP): 29,287; Average during 2025; 10-K, Item 7 (2026-02-06).","Union Pacific; UNP; 29,287; 10-K; Item 7; 2026-02-06",S5,filing,mosaic-finance.com,4,filing,filing,false,false,true,false,false,,none,,,filing,filing,true,false,false,1,false
20261007T070303705249Z-codex.archivist.BR14.r3-a1,archivist,breadth,BR14,3,6,fact,"Westinghouse Air Brake Technologies / Wabtec (WAB): Approximately 31,000; Global workforce at Dec. 31, 2025; excludes contingent workers; 10-K, Item 1 (2026-02-13).","Westinghouse Air Brake Technologies; Wabtec; WAB; Approximately 31,000; Dec. 31, 2025; 10-K; Item 1; 2026-02-13",S6,filing,mosaic-finance.com,7,unattributed,,false,false,false,false,false,,none,,,filing,filing,true,false,false,2,false
20261007T070303705249Z-codex.archivist.BR14.r3-a1,archivist,breadth,BR14,3,7,fact,"Trinity Industries (TRN): Approximately 6,110; Total at Dec. 31, 2025; 10-K, Human Capital (2026-02-19).","Trinity Industries; TRN; Approximately 6,110; Dec. 31, 2025; 10-K; 2026-02-19",S7,filing,mosaic-finance.com,5,unattributed,,false,false,false,false,false,,none,,,filing,filing,true,false,false,2,false
20261007T070332656343Z-codex.both.BR14.r3-a1,both,breadth,BR14,3,1,fact,"Canadian National Railway (CNR): 23,839 employees, total at December 31, 2025; 2025 AIF, §4.4 Labor.","Canadian National Railway; CNR; 23,839; December 31, 2025; 2025 AIF; §4.4",S1,issuer,cn.ca,6,secondary,issuer,false,true,false,true,false,issuer; aggregator; reference,none,,,secondary,issuer,false,true,false,2,false
20261007T070332656343Z-codex.both.BR14.r3-a1,both,breadth,BR14,3,2,fact,"Canadian Pacific Kansas City (CP): 19,479 employees, total at December 31, 2025; 2025 10-K, Total Employees and Workforce.","Canadian Pacific Kansas City; CP; 19,479; December 31, 2025; 2025 10-K",S2,filing,filing-source,4,filing,filing,false,false,true,false,false,issuer; aggregator; reference,none,,,filing,filing,true,false,false,1,false
20261007T070332656343Z-codex.both.BR14.r3-a1,both,breadth,BR14,3,3,fact,"CSX (CSX): Approximately 23,000 employees, as of December 2025; 2025 10-K, CSX’s Committed Workforce.","CSX; Approximately 23,000; December 2025; 2025 10-K",S3,filing,filing-source,3,filing,filing,false,false,true,true,false,issuer; forum; news; reference,none,,,filing,filing,true,true,false,1,false
20261007T070332656343Z-codex.both.BR14.r3-a1,both,breadth,BR14,3,4,fact,"Norfolk Southern (NSC): 19,300 employees, at the end of 2025; 2025 10-K, Human Capital Management.","Norfolk Southern; NSC; 19,300; the end of 2025; 2025 10-K",S4,filing,filing-source,4,filing,filing,false,false,true,false,false,issuer; promotional; aggregator,none,,,filing,filing,true,true,false,1,false
20261007T070332656343Z-codex.both.BR14.r3-a1,both,breadth,BR14,3,5,fact,"Union Pacific (UNP): 29,287 employees, average during 2025; 2025 10-K, Proud & Engaged Workforce.","Union Pacific; UNP; 29,287; during 2025; 2025 10-K",S5,filing,filing-source,4,filing,filing,false,false,true,false,false,issuer; aggregator,none,,,filing,filing,true,false,false,1,false
20261007T070332656343Z-codex.both.BR14.r3-a1,both,breadth,BR14,3,6,fact,"Westinghouse Air Brake Technologies / Wabtec (WAB): Approximately 31,000 employees, global workforce at December 31, 2025; excludes contingent workers; 2025 10-K, Human Capital.","Westinghouse Air Brake Technologies; Wabtec; WAB; Approximately 31,000; December 31, 2025; 2025 10-K",S6,filing,filing-source,5,secondary,issuer,false,false,false,false,false,issuer; forum; aggregator; reference,none,,,filing,filing,true,true,false,1,false
20261007T070332656343Z-codex.both.BR14.r3-a1,both,breadth,BR14,3,7,fact,"Trinity Industries (TRN): Approximately 6,110 employees, total at December 31, 2025; 2025 10-K, Human Capital.","Trinity Industries; TRN; Approximately 6,110; December 31, 2025; 2025 10-K",S7,filing,filing-source,4,filing,filing,false,false,true,true,false,issuer; aggregator; reference,none,,,filing,filing,true,true,false,1,false
20261007T070351530431Z-codex.web.BR15.r3-a1,web,breadth,BR15,3,1,fact,"For calendar 2025 (year ended December 31), the English annual MD&As report Agnico Eagle (AEM) gold produced: 3,447,367 oz, Payable.","calendar 2025; December 31; Agnico Eagle; AEM; 3,447,367",S1,filing,filing-source,5,secondary,issuer,false,false,false,false,false,issuer; forum; aggregator; reference,none,,,filing,filing,true,true,false,1,false
20261007T070351530431Z-codex.web.BR15.r3-a1,web,breadth,BR15,3,2,fact,"For calendar 2025 (year ended December 31), the English annual MD&As report Alamos Gold (AGI) gold produced: 545,400 oz, Total.","calendar 2025; December 31; Alamos Gold; AGI; 545,400",S2,filing,filing-source,5,secondary,issuer,false,false,false,false,false,issuer; forum; aggregator; reference,none,,,filing,filing,true,false,false,1,false
20261007T070351530431Z-codex.web.BR15.r3-a1,web,breadth,BR15,3,3,fact,"For calendar 2025 (year ended December 31), the English annual MD&As report IAMGOLD (IMG) gold produced: 765,900 oz, Attributable.","calendar 2025; December 31; IAMGOLD; IMG; 765,900",S3,filing,filing-source,5,secondary,issuer,false,false,false,false,false,issuer; forum; aggregator; reference,none,,,filing,filing,true,true,false,1,false
20261007T070351530431Z-codex.web.BR15.r3-a1,web,breadth,BR15,3,4,fact,"For calendar 2025 (year ended December 31), the English annual MD&As report Lundin Gold (LUG) gold produced: 498,315 oz, Total.","calendar 2025; December 31; Lundin Gold; LUG; 498,315",S4,issuer,lundingold.com,5,secondary,issuer,false,true,false,false,false,issuer; forum; aggregator; news; reference,none,,,filing,filing,true,true,false,1,false
20261007T070351530431Z-codex.web.BR15.r3-a1,web,breadth,BR15,3,5,fact,"For calendar 2025 (year ended December 31), the English annual MD&As report New Gold (NGD) gold produced: 353,772 oz, Total.","calendar 2025; December 31; New Gold; NGD; 353,772",S5,filing,filing-source,5,secondary,issuer,false,false,false,false,false,issuer; forum; aggregator; news; reference,none,,,filing,filing,true,false,false,1,false
20261007T070351530431Z-codex.web.BR15.r3-a1,web,breadth,BR15,3,6,fact,"For calendar 2025 (year ended December 31), the English annual MD&As report OceanaGold (OGC) gold produced: 497,600 oz, 100% operating basis.","calendar 2025; December 31; OceanaGold; OGC; 497,600; 100%",S6,filing,filing-source,5,secondary,issuer,false,false,false,false,false,issuer; forum; aggregator; reference,none,,,filing,filing,true,false,false,1,false
20261007T070351530431Z-codex.web.BR15.r3-a1,web,breadth,BR15,3,7,fact,"For calendar 2025 (year ended December 31), the English annual MD&As report Eldorado Gold (ELD) gold produced: 488,268 oz, Total.","calendar 2025; December 31; Eldorado Gold; ELD; 488,268",S7,issuer,eldoradogold.com,5,secondary,issuer,false,true,false,false,false,issuer; forum; aggregator; reference,none,,,filing,filing,true,true,false,1,false
20261007T070351530431Z-codex.web.BR15.r3-a1,web,breadth,BR15,3,8,fact,"For calendar 2025 (year ended December 31), the English annual MD&As report B2Gold (BTO) gold produced: 979,604 oz, Consolidated, including pre-commercial production.","calendar 2025; December 31; B2Gold; BTO; 979,604",S8,filing,filing-source,5,secondary,issuer,false,false,false,false,false,issuer; forum; aggregator; reference,none,,,filing,filing,true,true,false,1,false
20261007T070351530431Z-codex.web.BR15.r3-a1,web,breadth,BR15,3,9,fact,"For calendar 2025 (year ended December 31), the English annual MD&As report Wesdome (WDO) gold produced: 185,576 oz, Consolidated.","calendar 2025; December 31; Wesdome; WDO; 185,576",S9,issuer,s203.q4cdn.com,5,secondary,issuer,false,true,false,false,false,issuer; forum; aggregator; reference; other,none,,,secondary,issuer,false,true,false,1,false
20261007T070351530431Z-codex.web.BR15.r3-a1,web,breadth,BR15,3,10,fact,"The miners are listed as Agnico Eagle (AEM), Alamos Gold (AGI), IAMGOLD (IMG), Lundin Gold (LUG), New Gold (NGD), OceanaGold (OGC), Eldorado Gold (ELD), B2Gold (BTO), and Wesdome (WDO) under Miner (TSX).",TSX; Agnico Eagle; AEM; Alamos Gold; AGI; IAMGOLD; IMG; Lundin Gold; LUG; New Gold; NGD; OceanaGold; OGC; Eldorado Gold; ELD; B2Gold; BTO; Wesdome; WDO,S1; S2; S3; S4; S5; S6; S7; S8; S9,filing; issuer,filing-source; lundingold.com; eldoradogold.com; s203.q4cdn.com,19,secondary,issuer,false,true,false,false,false,issuer; forum; aggregator; news; reference; other,none,,,secondary,issuer,false,false,false,19,false
20261007T070351530431Z-codex.web.BR15.r3-a1,web,breadth,BR15,3,11,fact,"B2Gold’s total includes 14,554 oz of Goose pre-commercial production.","B2Gold; 14,554 oz; Goose",,,,3,secondary,issuer,false,false,false,false,false,issuer; forum; reference,none,,,secondary,issuer,false,false,false,3,false
20261007T070351530431Z-codex.web.BR15.r3-a1,web,breadth,BR15,3,12,fact,Sources linked are issuer/EDGAR copies of the MD&As.,EDGAR,,,,1,filing,filing,false,false,true,true,false,issuer,none,,,filing,filing,true,true,false,1,false
20261007T070351530431Z-codex.web.BR15.r3-a1,web,breadth,BR15,3,13,fact,The SEDAR+ filing dates are those supplied in your question.,SEDAR+,,,,1,filing,filing,false,false,true,true,false,issuer; forum; aggregator,none,,,filing,filing,true,true,false,1,false
20261007T070413460959Z-codex.archivist.BR15.r3-a1,archivist,breadth,BR15,3,1,fact,"For the year ended December 31, 2025, Agnico Eagle (AEM, TSX) reported 3,447,367 ounces of gold produced, Payable; English annual MD&A filed 2026-02-12.","December 31, 2025; Agnico Eagle; AEM; TSX; 3,447,367; 2026-02-12",S1,filing,mosaic-finance.com,6,filing,filing,false,false,true,false,false,,none,,,filing,filing,true,false,false,2,false
20261007T070413460959Z-codex.archivist.BR15.r3-a1,archivist,breadth,BR15,3,2,fact,"For the year ended December 31, 2025, Alamos Gold (AGI, TSX) reported 545,400 ounces, Total gold production; English annual MD&A filed 2026-02-18.","December 31, 2025; Alamos Gold; AGI; TSX; 545,400; 2026-02-18",S2,filing,mosaic-finance.com,6,filing,filing,false,false,true,false,false,,none,,,filing,filing,true,false,false,2,false
20261007T070413460959Z-codex.archivist.BR15.r3-a1,archivist,breadth,BR15,3,3,fact,"For the year ended December 31, 2025, IAMGOLD (IMG, TSX) reported 765,900 ounces of gold produced, Attributable; English annual MD&A filed 2026-02-17.","December 31, 2025; IAMGOLD; IMG; TSX; 765,900; 2026-02-17",S3,filing,mosaic-finance.com,6,filing,filing,false,false,true,false,false,,none,,,filing,filing,true,false,false,2,false
20261007T070413460959Z-codex.archivist.BR15.r3-a1,archivist,breadth,BR15,3,4,fact,"For the year ended December 31, 2025, Lundin Gold (LUG, TSX) reported 498,315 ounces, Total gold production; English annual MD&A filed 2026-02-19.","December 31, 2025; Lundin Gold; LUG; TSX; 498,315; 2026-02-19",S4,filing,mosaic-finance.com,6,filing,filing,false,false,true,false,false,,none,,,filing,filing,true,false,false,2,false
20261007T070413460959Z-codex.archivist.BR15.r3-a1,archivist,breadth,BR15,3,5,fact,"For the year ended December 31, 2025, New Gold (NGD, TSX) reported 353,772 ounces, Total gold production; English annual MD&A filed 2026-03-20.","December 31, 2025; New Gold; NGD; TSX; 353,772; 2026-03-20",S5,filing,mosaic-finance.com,5,filing,filing,false,false,true,false,false,,none,,,filing,filing,true,false,false,1,false
20261007T070413460959Z-codex.archivist.BR15.r3-a1,archivist,breadth,BR15,3,6,fact,"For the year ended December 31, 2025, OceanaGold (OGC, TSX) reported 497,600 ounces, Total gold production; English annual MD&A filed 2026-02-18.","December 31, 2025; OceanaGold; OGC; TSX; 497,600; 2026-02-18",S6,filing,mosaic-finance.com,6,filing,filing,false,false,true,false,false,,none,,,filing,filing,true,false,false,2,false
20261007T070413460959Z-codex.archivist.BR15.r3-a1,archivist,breadth,BR15,3,7,fact,"For the year ended December 31, 2025, Eldorado Gold (ELD, TSX) reported 488,268 ounces, Total gold production; English annual MD&A filed 2026-02-19.","December 31, 2025; Eldorado Gold; ELD; TSX; 488,268; 2026-02-19",S7,filing,mosaic-finance.com,6,filing,filing,false,false,true,false,false,,none,,,filing,filing,true,false,false,2,false
20261007T070413460959Z-codex.archivist.BR15.r3-a1,archivist,breadth,BR15,3,8,fact,"For the year ended December 31, 2025, B2Gold (BTO, TSX) reported 979,604 ounces of gold produced, Consolidated; English annual MD&A filed 2026-02-18.","December 31, 2025; B2Gold; BTO; TSX; 979,604; 2026-02-18",S8,filing,mosaic-finance.com,6,filing,filing,false,false,true,false,false,,none,,,filing,filing,true,false,false,2,false
20261007T070413460959Z-codex.archivist.BR15.r3-a1,archivist,breadth,BR15,3,9,fact,"For the year ended December 31, 2025, Wesdome Gold Mines (WDO, TSX) reported 185,576 ounces of gold produced, Consolidated; English annual MD&A filed 2026-03-11.","December 31, 2025; Wesdome Gold Mines; WDO; TSX; 185,576; 2026-03-11",S9,filing,mosaic-finance.com,6,filing,filing,false,false,true,false,false,,none,,,filing,filing,true,false,false,2,false
20261007T070413460959Z-codex.archivist.BR15.r3-a1,archivist,breadth,BR15,3,10,fact,"B2Gold’s total includes 14,554 ounces of pre-commercial production from Goose Mine, as stated in the cited MD&A.","B2Gold; 14,554 ounces; Goose Mine",S8,filing,mosaic-finance.com,3,filing,filing,false,false,true,false,false,,none,,,filing,filing,true,false,false,3,false
20261007T070457306710Z-codex.both.BR15.r3-a1,both,breadth,BR15,3,1,fact,"Agnico Eagle (AEM), TSX: 3,447,367 oz gold produced, Payable, for the year ended December 31, 2025; English annual MD&A filed on SEDAR+ 2026-02-12.","Agnico Eagle; AEM; TSX; 3,447,367; December 31, 2025; SEDAR+; 2026-02-12",S1,filing,mosaic-finance.com,7,filing,filing,false,false,true,true,false,issuer; forum; reference,none,,,filing,filing,true,true,true,2,false
20261007T070457306710Z-codex.both.BR15.r3-a1,both,breadth,BR15,3,2,fact,"Alamos Gold (AGI), TSX: 545,400 oz total gold production for the year ended December 31, 2025; English annual MD&A filed on SEDAR+ 2026-02-18.","Alamos Gold; AGI; TSX; 545,400; December 31, 2025; SEDAR+; 2026-02-18",S2,filing,mosaic-finance.com,7,filing,filing,false,false,true,false,false,issuer; forum; reference,none,,,filing,filing,true,false,false,2,false
20261007T070457306710Z-codex.both.BR15.r3-a1,both,breadth,BR15,3,3,fact,"IAMGOLD (IMG), TSX: 765,900 oz gold produced, Attributable, for the year ended December 31, 2025; English annual MD&A filed on SEDAR+ 2026-02-17.","IAMGOLD; IMG; TSX; 765,900; December 31, 2025; SEDAR+; 2026-02-17",S3,filing,mosaic-finance.com,7,filing,filing,false,false,true,true,false,issuer; forum; reference,none,,,filing,filing,true,true,true,2,false
20261007T070457306710Z-codex.both.BR15.r3-a1,both,breadth,BR15,3,4,fact,"Lundin Gold (LUG), TSX: 498,315 oz total gold production for the year ended December 31, 2025; English annual MD&A filed on SEDAR+ 2026-02-19.","Lundin Gold; LUG; TSX; 498,315; December 31, 2025; SEDAR+; 2026-02-19",S4,filing,mosaic-finance.com,7,filing,filing,false,false,true,false,false,issuer; forum,none,,,filing,filing,true,false,false,2,false
20261007T070457306710Z-codex.both.BR15.r3-a1,both,breadth,BR15,3,5,fact,"New Gold (NGD), TSX: 353,772 oz total gold production for the year ended December 31, 2025; English annual MD&A filed on SEDAR+ 2026-03-20.","New Gold; NGD; TSX; 353,772; December 31, 2025; SEDAR+; 2026-03-20",S5,filing,mosaic-finance.com,6,filing,filing,false,false,true,false,false,issuer; forum,none,,,filing,filing,true,false,false,1,false
20261007T070457306710Z-codex.both.BR15.r3-a1,both,breadth,BR15,3,6,fact,"OceanaGold (OGC), TSX: 497,600 oz total gold production for the year ended December 31, 2025; English annual MD&A filed on SEDAR+ 2026-02-18.","OceanaGold; OGC; TSX; 497,600; December 31, 2025; SEDAR+; 2026-02-18",S6,filing,mosaic-finance.com,7,filing,filing,false,false,true,false,false,issuer; forum,none,,,filing,filing,true,false,false,2,false
20261007T070457306710Z-codex.both.BR15.r3-a1,both,breadth,BR15,3,7,fact,"Eldorado Gold (ELD), TSX: 488,268 oz total gold production for the year ended December 31, 2025; English annual MD&A filed on SEDAR+ 2026-02-19.","Eldorado Gold; ELD; TSX; 488,268; December 31, 2025; SEDAR+; 2026-02-19",S7,filing,mosaic-finance.com,7,filing,filing,false,false,true,false,false,issuer; forum,none,,,filing,filing,true,false,false,2,false
20261007T070457306710Z-codex.both.BR15.r3-a1,both,breadth,BR15,3,8,fact,"B2Gold (BTO), TSX: 979,604 oz gold produced, Consolidated, including 14,554 pre-commercial ounces from Goose, for the year ended December 31, 2025; English annual MD&A filed on SEDAR+ 2026-02-18.","B2Gold; BTO; TSX; 979,604; 14,554; Goose; December 31, 2025; SEDAR+; 2026-02-18",S8,filing,mosaic-finance.com,9,filing,filing,false,false,true,false,false,issuer; forum,none,,,filing,filing,true,false,false,3,false
20261007T070457306710Z-codex.both.BR15.r3-a1,both,breadth,BR15,3,9,fact,"Wesdome (WDO), TSX: 185,576 oz gold produced, Consolidated, for the year ended December 31, 2025; English annual MD&A filed on SEDAR+ 2026-03-11.","Wesdome; WDO; TSX; 185,576; December 31, 2025; SEDAR+; 2026-03-11",S9,filing,mosaic-finance.com,7,filing,filing,false,false,true,false,false,issuer; forum; reference,none,,,filing,filing,true,false,false,2,false
20261007T070604165476Z-codex.web.RC01.r1-a1,web,reach,RC01,1,1,fact,"Below are all 24 reports, excluding amendments.",24,,,,1,filing,filing,false,false,true,true,false,issuer; forum; promotional; aggregator,none,,,filing,filing,true,true,false,1,false
20261007T070604165476Z-codex.web.RC01.r1-a1,web,reach,RC01,1,2,fact,2020 Q1: 785 warehouses worldwide as of 2019-11-24; 10-Q.,2020 Q1; 2019-11-24; 785; 10-Q,S1,filing,filing-source,5,secondary,issuer,false,false,false,false,false,issuer; forum; promotional; aggregator; news,none,,,filing,filing,true,true,false,3,false
20261007T070604165476Z-codex.web.RC01.r1-a1,web,reach,RC01,1,3,fact,2020 Q2: 785 warehouses worldwide as of 2020-02-16; 10-Q.,2020 Q2; 2020-02-16; 785; 10-Q,S2,filing,filing-source,4,secondary,issuer,false,false,false,false,false,issuer; promotional; aggregator; news,none,,,filing,filing,true,true,false,2,false
20261007T070604165476Z-codex.web.RC01.r1-a1,web,reach,RC01,1,4,fact,2020 Q3: 787 warehouses worldwide as of 2020-05-10; 10-Q.,2020 Q3; 2020-05-10; 787; 10-Q,S3,filing,filing-source,3,secondary,issuer,false,false,false,false,false,issuer; promotional; aggregator; news,none,,,filing,filing,true,true,false,1,false
20261007T070604165476Z-codex.web.RC01.r1-a1,web,reach,RC01,1,5,fact,2020 year-end: 795 warehouses worldwide as of 2020-08-30; 10-K.,2020 year-end; 2020-08-30; 795; 10-K,S4,filing,filing-source,2,secondary,aggregator,false,false,false,false,false,aggregator,none,,,filing,filing,true,true,false,1,false
20261007T070604165476Z-codex.web.RC01.r1-a1,web,reach,RC01,1,6,fact,2021 Q1: 803 warehouses worldwide as of 2020-11-22; 10-Q.,2021 Q1; 2020-11-22; 803; 10-Q,S5,filing,filing-source,5,secondary,issuer,false,false,false,false,false,issuer; promotional; aggregator; news,none,,,filing,filing,true,true,false,3,false
20261007T070604165476Z-codex.web.RC01.r1-a1,web,reach,RC01,1,7,fact,2021 Q2: 803 warehouses worldwide as of 2021-02-14; 10-Q.,2021 Q2; 2021-02-14; 803; 10-Q,S6,filing,filing-source,4,secondary,issuer,false,false,false,false,false,issuer; forum; promotional; aggregator; news,none,,,filing,filing,true,true,false,2,false
20261007T070604165476Z-codex.web.RC01.r1-a1,web,reach,RC01,1,8,fact,2021 Q3: 809 warehouses worldwide as of 2021-05-09; 10-Q.,2021 Q3; 2021-05-09; 809; 10-Q,S7,filing,filing-source,3,secondary,issuer,false,false,false,true,false,issuer; promotional; aggregator; news,none,,,filing,filing,true,true,false,1,false
20261007T070604165476Z-codex.web.RC01.r1-a1,web,reach,RC01,1,9,fact,2021 year-end: 815 warehouses worldwide as of 2021-08-29; 10-K.,2021 year-end; 2021-08-29; 815; 10-K,S8,filing,filing-source,3,secondary,issuer,false,false,false,false,false,issuer; forum; promotional; aggregator; news,none,,,filing,filing,true,true,false,2,false
20261007T070604165476Z-codex.web.RC01.r1-a1,web,reach,RC01,1,10,fact,2022 Q1: 823 warehouses worldwide as of 2021-11-21; 10-Q.,2022 Q1; 2021-11-21; 823; 10-Q,S9,filing,filing-source,5,secondary,issuer,false,false,false,true,false,issuer; promotional; aggregator; news,none,,,filing,filing,true,true,false,3,false
20261007T070604165476Z-codex.web.RC01.r1-a1,web,reach,RC01,1,11,fact,2022 Q2: 828 warehouses worldwide as of 2022-02-13; 10-Q.,2022 Q2; 2022-02-13; 828; 10-Q,S10,filing,filing-source,4,secondary,issuer,false,false,false,false,false,issuer; forum; promotional; aggregator; news,none,,,filing,filing,true,false,false,2,false
20261007T070604165476Z-codex.web.RC01.r1-a1,web,reach,RC01,1,12,fact,2022 Q3: 829 warehouses worldwide as of 2022-05-08; 10-Q.,2022 Q3; 2022-05-08; 829; 10-Q,S11,filing,filing-source,3,secondary,issuer,false,false,false,false,false,issuer; promotional; aggregator; news,none,,,filing,filing,true,false,false,1,false
20261007T070604165476Z-codex.web.RC01.r1-a1,web,reach,RC01,1,13,fact,2022 year-end: 838 warehouses worldwide as of 2022-08-28; 10-K.,2022 year-end; 2022-08-28; 838; 10-K,S12,filing,filing-source,3,secondary,aggregator,false,false,false,false,false,aggregator,none,,,filing,filing,true,true,false,2,false
20261007T070604165476Z-codex.web.RC01.r1-a1,web,reach,RC01,1,14,fact,2023 Q1: 845 warehouses worldwide as of 2022-11-20; 10-Q.,2023 Q1; 2022-11-20; 845; 10-Q,S13,filing,filing-source,4,secondary,issuer,false,false,false,false,false,issuer; promotional; aggregator; news,none,,,filing,filing,true,true,false,2,false
20261007T070604165476Z-codex.web.RC01.r1-a1,web,reach,RC01,1,15,fact,2023 Q2: 848 warehouses worldwide as of 2023-02-12; 10-Q.,2023 Q2; 2023-02-12; 848; 10-Q,S14,filing,filing-source,4,secondary,issuer,false,false,false,false,false,issuer; forum; promotional; aggregator; news,none,,,filing,filing,true,false,false,2,false
20261007T070604165476Z-codex.web.RC01.r1-a1,web,reach,RC01,1,16,fact,2023 Q3: 852 warehouses worldwide as of 2023-05-07; 10-Q.,2023 Q3; 2023-05-07; 852; 10-Q,S15,filing,filing-source,3,secondary,issuer,false,false,false,false,false,issuer; promotional; aggregator; news,none,,,filing,filing,true,false,false,1,false
20261007T070604165476Z-codex.web.RC01.r1-a1,web,reach,RC01,1,17,fact,2023 year-end: 861 warehouses worldwide as of 2023-09-03; 10-K.,2023 year-end; 2023-09-03; 861; 10-K,S16,filing,filing-source,2,secondary,news,false,false,false,false,false,news,none,,,filing,filing,true,true,false,1,false
20261007T070604165476Z-codex.web.RC01.r1-a1,web,reach,RC01,1,18,fact,2024 Q1: 870 warehouses worldwide as of 2023-11-26; 10-Q.,2024 Q1; 2023-11-26; 870; 10-Q,S17,filing,filing-source,5,secondary,issuer,false,false,false,false,false,issuer; promotional; aggregator; news,none,,,filing,filing,true,false,false,3,false
20261007T070604165476Z-codex.web.RC01.r1-a1,web,reach,RC01,1,19,fact,2024 Q2: 874 warehouses worldwide as of 2024-02-18; 10-Q.,2024 Q2; 2024-02-18; 874; 10-Q,S18,filing,filing-source,4,secondary,issuer,false,false,false,false,false,issuer; forum; promotional; aggregator; news,none,,,filing,filing,true,false,false,2,false
20261007T070604165476Z-codex.web.RC01.r1-a1,web,reach,RC01,1,20,fact,2024 Q3: 876 warehouses worldwide as of 2024-05-12; 10-Q.,2024 Q3; 2024-05-12; 876; 10-Q,S19,filing,filing-source,4,secondary,issuer,false,false,false,false,false,issuer; forum; promotional; aggregator; news,none,,,filing,filing,true,false,false,2,false
20261007T070604165476Z-codex.web.RC01.r1-a1,web,reach,RC01,1,21,fact,2024 year-end: 890 warehouses worldwide as of 2024-09-01; 10-K.,2024 year-end; 2024-09-01; 890; 10-K,S20,filing,filing-source,2,unattributed,,false,false,false,false,false,,none,,,filing,filing,true,false,false,1,false
20261007T070604165476Z-codex.web.RC01.r1-a1,web,reach,RC01,1,22,fact,2025 Q1: 896 warehouses worldwide as of 2024-11-24; 10-Q.,2025 Q1; 2024-11-24; 896; 10-Q,S21,filing,filing-source,5,secondary,issuer,false,false,false,false,false,issuer; forum; promotional; aggregator; news,none,,,filing,filing,true,false,false,3,false
20261007T070604165476Z-codex.web.RC01.r1-a1,web,reach,RC01,1,23,fact,2025 Q2: 897 warehouses worldwide as of 2025-02-16; 10-Q.,2025 Q2; 2025-02-16; 897; 10-Q,S22,filing,filing-source,4,secondary,issuer,false,false,false,false,false,issuer; promotional; aggregator; news,none,,,filing,filing,true,false,false,2,false
20261007T070604165476Z-codex.web.RC01.r1-a1,web,reach,RC01,1,24,fact,2025 Q3: 905 warehouses worldwide as of 2025-05-11; 10-Q.,2025 Q3; 2025-05-11; 905; 10-Q,S23,filing,filing-source,4,secondary,issuer,false,false,false,false,false,issuer; promotional; aggregator; news,none,,,filing,filing,true,true,false,2,false
20261007T070604165476Z-codex.web.RC01.r1-a1,web,reach,RC01,1,25,fact,2025 year-end: 914 warehouses worldwide as of 2025-08-31; 10-K.,2025 year-end; 2025-08-31; 914; 10-K,S24,filing,filing-source,3,secondary,issuer,false,false,false,false,false,issuer; forum; promotional; aggregator; news; reference,none,,,filing,filing,true,true,false,2,false
20261007T070604165883Z-codex.archivist.RC01.r1-a1,archivist,reach,RC01,1,1,fact,All 24 original reports are included; amendments are excluded.,24,,,,1,filing,filing,false,false,true,false,false,,none,,,filing,filing,true,false,false,1,false
20261007T070604165883Z-codex.archivist.RC01.r1-a1,archivist,reach,RC01,1,2,fact,Costco’s warehouses worldwide: 2020 Q1 — 10-Q; as-of date 2019-11-24; 785.,Costco; 2020 Q1 — 10-Q; 2019-11-24; 785,S1,filing,mosaic-finance.com,5,unattributed,,false,false,false,false,false,,none,,,filing,filing,true,false,false,3,false
20261007T070604165883Z-codex.archivist.RC01.r1-a1,archivist,reach,RC01,1,3,fact,Costco’s warehouses worldwide: 2020 Q2 — 10-Q; as-of date 2020-02-16; 785.,Costco; 2020 Q2 — 10-Q; 2020-02-16; 785,S2,filing,mosaic-finance.com,4,unattributed,,false,false,false,false,false,,none,,,filing,filing,true,false,false,2,false
20261007T070604165883Z-codex.archivist.RC01.r1-a1,archivist,reach,RC01,1,4,fact,Costco’s warehouses worldwide: 2020 Q3 — 10-Q; as-of date 2020-05-10; 787.,Costco; 2020 Q3 — 10-Q; 2020-05-10; 787,S3,filing,mosaic-finance.com,3,unattributed,,false,false,false,false,false,,none,,,filing,filing,true,false,false,1,false
20261007T070604165883Z-codex.archivist.RC01.r1-a1,archivist,reach,RC01,1,5,fact,Costco’s warehouses worldwide: 2020 — 10-K; as-of date 2020-08-30; 795.,Costco; 2020 — 10-K; 2020-08-30; 795,S4,filing,mosaic-finance.com,2,filing,filing,false,false,true,false,false,,none,,,filing,filing,true,false,false,1,false
20261007T070604165883Z-codex.archivist.RC01.r1-a1,archivist,reach,RC01,1,6,fact,Costco’s warehouses worldwide: 2021 Q1 — 10-Q; as-of date 2020-11-22; 803.,Costco; 2021 Q1 — 10-Q; 2020-11-22; 803,S5,filing,mosaic-finance.com,5,unattributed,,false,false,false,false,false,,none,,,filing,filing,true,false,false,3,false
20261007T070604165883Z-codex.archivist.RC01.r1-a1,archivist,reach,RC01,1,7,fact,Costco’s warehouses worldwide: 2021 Q2 — 10-Q; as-of date 2021-02-14; 803.,Costco; 2021 Q2 — 10-Q; 2021-02-14; 803,S6,filing,mosaic-finance.com,4,unattributed,,false,false,false,false,false,,none,,,filing,filing,true,false,false,2,false
20261007T070604165883Z-codex.archivist.RC01.r1-a1,archivist,reach,RC01,1,8,fact,Costco’s warehouses worldwide: 2021 Q3 — 10-Q; as-of date 2021-05-09; 809.,Costco; 2021 Q3 — 10-Q; 2021-05-09; 809,S7,filing,mosaic-finance.com,3,unattributed,,false,false,false,false,false,,none,,,filing,filing,true,false,false,1,false
20261007T070604165883Z-codex.archivist.RC01.r1-a1,archivist,reach,RC01,1,9,fact,Costco’s warehouses worldwide: 2021 — 10-K; as-of date 2021-08-29; 815.,Costco; 2021 — 10-K; 2021-08-29; 815,S8,filing,mosaic-finance.com,3,filing,filing,false,false,true,false,false,,none,,,filing,filing,true,false,false,2,false
20261007T070604165883Z-codex.archivist.RC01.r1-a1,archivist,reach,RC01,1,10,fact,Costco’s warehouses worldwide: 2022 Q1 — 10-Q; as-of date 2021-11-21; 823.,Costco; 2022 Q1 — 10-Q; 2021-11-21; 823,S9,filing,mosaic-finance.com,5,unattributed,,false,false,false,false,false,,none,,,filing,filing,true,false,false,3,false
20261007T070604165883Z-codex.archivist.RC01.r1-a1,archivist,reach,RC01,1,11,fact,Costco’s warehouses worldwide: 2022 Q2 — 10-Q; as-of date 2022-02-13; 828.,Costco; 2022 Q2 — 10-Q; 2022-02-13; 828,S10,filing,mosaic-finance.com,4,unattributed,,false,false,false,false,false,,none,,,filing,filing,true,false,false,2,false
20261007T070604165883Z-codex.archivist.RC01.r1-a1,archivist,reach,RC01,1,12,fact,Costco’s warehouses worldwide: 2022 Q3 — 10-Q; as-of date 2022-05-08; 829.,Costco; 2022 Q3 — 10-Q; 2022-05-08; 829,S11,filing,mosaic-finance.com,3,unattributed,,false,false,false,false,false,,none,,,filing,filing,true,false,false,1,false
20261007T070604165883Z-codex.archivist.RC01.r1-a1,archivist,reach,RC01,1,13,fact,Costco’s warehouses worldwide: 2022 — 10-K; as-of date 2022-08-28; 838.,Costco; 2022 — 10-K; 2022-08-28; 838,S12,filing,mosaic-finance.com,3,filing,filing,false,false,true,false,false,,none,,,filing,filing,true,false,false,2,false
20261007T070604165883Z-codex.archivist.RC01.r1-a1,archivist,reach,RC01,1,14,fact,Costco’s warehouses worldwide: 2023 Q1 — 10-Q; as-of date 2022-11-20; 845.,Costco; 2023 Q1 — 10-Q; 2022-11-20; 845,S13,filing,mosaic-finance.com,4,unattributed,,false,false,false,false,false,,none,,,filing,filing,true,false,false,2,false
20261007T070604165883Z-codex.archivist.RC01.r1-a1,archivist,reach,RC01,1,15,fact,Costco’s warehouses worldwide: 2023 Q2 — 10-Q; as-of date 2023-02-12; 848.,Costco; 2023 Q2 — 10-Q; 2023-02-12; 848,S14,filing,mosaic-finance.com,4,unattributed,,false,false,false,false,false,,none,,,filing,filing,true,false,false,2,false
20261007T070604165883Z-codex.archivist.RC01.r1-a1,archivist,reach,RC01,1,16,fact,Costco’s warehouses worldwide: 2023 Q3 — 10-Q; as-of date 2023-05-07; 852.,Costco; 2023 Q3 — 10-Q; 2023-05-07; 852,S15,filing,mosaic-finance.com,3,unattributed,,false,false,false,false,false,,none,,,filing,filing,true,false,false,1,false
20261007T070604165883Z-codex.archivist.RC01.r1-a1,archivist,reach,RC01,1,17,fact,Costco’s warehouses worldwide: 2023 — 10-K; as-of date 2023-09-03; 861.,Costco; 2023 — 10-K; 2023-09-03; 861,S16,filing,mosaic-finance.com,2,filing,filing,false,false,true,false,false,,none,,,filing,filing,true,false,false,1,false
20261007T070604165883Z-codex.archivist.RC01.r1-a1,archivist,reach,RC01,1,18,fact,Costco’s warehouses worldwide: 2024 Q1 — 10-Q; as-of date 2023-11-26; 870.,Costco; 2024 Q1 — 10-Q; 2023-11-26; 870,S17,filing,mosaic-finance.com,5,unattributed,,false,false,false,false,false,,none,,,filing,filing,true,false,false,3,false
20261007T070604165883Z-codex.archivist.RC01.r1-a1,archivist,reach,RC01,1,19,fact,Costco’s warehouses worldwide: 2024 Q2 — 10-Q; as-of date 2024-02-18; 874.,Costco; 2024 Q2 — 10-Q; 2024-02-18; 874,S18,filing,mosaic-finance.com,4,unattributed,,false,false,false,false,false,,none,,,filing,filing,true,false,false,2,false
20261007T070604165883Z-codex.archivist.RC01.r1-a1,archivist,reach,RC01,1,20,fact,Costco’s warehouses worldwide: 2024 Q3 — 10-Q; as-of date 2024-05-12; 876.,Costco; 2024 Q3 — 10-Q; 2024-05-12; 876,S19,filing,mosaic-finance.com,4,unattributed,,false,false,false,false,false,,none,,,filing,filing,true,false,false,2,false
20261007T070604165883Z-codex.archivist.RC01.r1-a1,archivist,reach,RC01,1,21,fact,Costco’s warehouses worldwide: 2024 — 10-K; as-of date 2024-09-01; 890.,Costco; 2024 — 10-K; 2024-09-01; 890,S20,filing,mosaic-finance.com,2,filing,filing,false,false,true,false,false,,none,,,filing,filing,true,false,false,1,false
20261007T070604165883Z-codex.archivist.RC01.r1-a1,archivist,reach,RC01,1,22,fact,Costco’s warehouses worldwide: 2025 Q1 — 10-Q; as-of date 2024-11-24; 896.,Costco; 2025 Q1 — 10-Q; 2024-11-24; 896,S21,filing,mosaic-finance.com,5,unattributed,,false,false,false,false,false,,none,,,filing,filing,true,false,false,3,false
20261007T070604165883Z-codex.archivist.RC01.r1-a1,archivist,reach,RC01,1,23,fact,Costco’s warehouses worldwide: 2025 Q2 — 10-Q; as-of date 2025-02-16; 897.,Costco; 2025 Q2 — 10-Q; 2025-02-16; 897,S22,filing,mosaic-finance.com,4,unattributed,,false,false,false,false,false,,none,,,filing,filing,true,false,false,2,false
20261007T070604165883Z-codex.archivist.RC01.r1-a1,archivist,reach,RC01,1,24,fact,Costco’s warehouses worldwide: 2025 Q3 — 10-Q; as-of date 2025-05-11; 905.,Costco; 2025 Q3 — 10-Q; 2025-05-11; 905,S23,filing,mosaic-finance.com,4,unattributed,,false,false,false,false,false,,none,,,filing,filing,true,false,false,2,false
20261007T070604165883Z-codex.archivist.RC01.r1-a1,archivist,reach,RC01,1,25,fact,Costco’s warehouses worldwide: 2025 — 10-K; as-of date 2025-08-31; 914.,Costco; 2025 — 10-K; 2025-08-31; 914,S24,filing,mosaic-finance.com,3,filing,filing,false,false,true,false,false,,none,,,filing,filing,true,false,false,2,false
20261007T070721168131Z-codex.both.RC01.r1-a1,both,reach,RC01,1,1,fact,All 24 reports are included; amendments are excluded.,24,,,,1,filing,filing,false,false,true,true,true,issuer; aggregator; reference,none,,,filing,filing,true,true,true,1,false
20261007T070721168131Z-codex.both.RC01.r1-a1,both,reach,RC01,1,2,fact,Costco’s warehouses worldwide at 2019-11-24 (FY2020 Q1 — 10-Q): 785.,Costco; 2019-11-24; FY2020 Q1; 10-Q; 785,S1,filing,mosaic-finance.com,6,secondary,issuer,false,false,false,false,false,issuer; forum; aggregator; reference,none,,,filing,filing,true,true,true,3,false
20261007T070721168131Z-codex.both.RC01.r1-a1,both,reach,RC01,1,3,fact,Costco’s warehouses worldwide at 2020-02-16 (FY2020 Q2 — 10-Q): 785.,Costco; 2020-02-16; FY2020 Q2; 10-Q; 785,S2,filing,mosaic-finance.com,5,secondary,issuer,false,false,false,false,false,issuer; forum; aggregator; reference,none,,,filing,filing,true,true,true,2,false
20261007T070721168131Z-codex.both.RC01.r1-a1,both,reach,RC01,1,4,fact,Costco’s warehouses worldwide at 2020-05-10 (FY2020 Q3 — 10-Q): 787.,Costco; 2020-05-10; FY2020 Q3; 10-Q; 787,S3,filing,mosaic-finance.com,4,secondary,issuer,false,false,false,false,false,issuer; forum; aggregator; reference,none,,,filing,filing,true,true,true,1,false
20261007T070721168131Z-codex.both.RC01.r1-a1,both,reach,RC01,1,5,fact,Costco’s warehouses worldwide at 2020-08-30 (FY2020 — 10-K): 795.,Costco; 2020-08-30; FY2020; 10-K; 795,S4,filing,mosaic-finance.com,2,filing,filing,false,false,true,false,false,issuer; forum; aggregator; reference,none,,,filing,filing,true,false,false,1,false
20261007T070721168131Z-codex.both.RC01.r1-a1,both,reach,RC01,1,6,fact,Costco’s warehouses worldwide at 2020-11-22 (FY2021 Q1 — 10-Q): 803.,Costco; 2020-11-22; FY2021 Q1; 10-Q; 803,S5,filing,mosaic-finance.com,6,secondary,issuer,false,false,false,false,false,issuer; forum; aggregator; reference,none,,,filing,filing,true,false,false,3,false
20261007T070721168131Z-codex.both.RC01.r1-a1,both,reach,RC01,1,7,fact,Costco’s warehouses worldwide at 2021-02-14 (FY2021 Q2 — 10-Q): 803.,Costco; 2021-02-14; FY2021 Q2; 10-Q; 803,S6,filing,mosaic-finance.com,5,secondary,issuer,false,false,false,false,false,issuer; forum; aggregator; reference,none,,,filing,filing,true,false,false,2,false
20261007T070721168131Z-codex.both.RC01.r1-a1,both,reach,RC01,1,8,fact,Costco’s warehouses worldwide at 2021-05-09 (FY2021 Q3 — 10-Q): 809.,Costco; 2021-05-09; FY2021 Q3; 10-Q; 809,S7,filing,mosaic-finance.com,4,secondary,issuer,false,false,false,false,false,issuer; forum; aggregator; reference,none,,,filing,filing,true,false,false,1,false
20261007T070721168131Z-codex.both.RC01.r1-a1,both,reach,RC01,1,9,fact,Costco’s warehouses worldwide at 2021-08-29 (FY2021 — 10-K): 815.,Costco; 2021-08-29; FY2021; 10-K; 815,S8,filing,mosaic-finance.com,3,filing,filing,false,false,true,false,false,issuer; forum; aggregator; reference,none,,,filing,filing,true,false,false,2,false
20261007T070721168131Z-codex.both.RC01.r1-a1,both,reach,RC01,1,10,fact,Costco’s warehouses worldwide at 2021-11-21 (FY2022 Q1 — 10-Q): 823.,Costco; 2021-11-21; FY2022 Q1; 10-Q; 823,S9,filing,mosaic-finance.com,6,secondary,issuer,false,false,false,false,false,issuer; forum; aggregator; reference,none,,,filing,filing,true,false,false,3,false
20261007T070721168131Z-codex.both.RC01.r1-a1,both,reach,RC01,1,11,fact,Costco’s warehouses worldwide at 2022-02-13 (FY2022 Q2 — 10-Q): 828.,Costco; 2022-02-13; FY2022 Q2; 10-Q; 828,S10,filing,mosaic-finance.com,5,secondary,issuer,false,false,false,false,false,issuer; forum; aggregator; reference,none,,,filing,filing,true,false,false,2,false
20261007T070721168131Z-codex.both.RC01.r1-a1,both,reach,RC01,1,12,fact,Costco’s warehouses worldwide at 2022-05-08 (FY2022 Q3 — 10-Q): 829.,Costco; 2022-05-08; FY2022 Q3; 10-Q; 829,S11,filing,mosaic-finance.com,4,secondary,issuer,false,false,false,false,false,issuer; forum; aggregator; reference,none,,,filing,filing,true,false,false,1,false
20261007T070721168131Z-codex.both.RC01.r1-a1,both,reach,RC01,1,13,fact,Costco’s warehouses worldwide at 2022-08-28 (FY2022 — 10-K): 838.,Costco; 2022-08-28; FY2022; 10-K; 838,S12,filing,mosaic-finance.com,3,filing,filing,false,false,true,false,false,issuer; forum; aggregator; reference,none,,,filing,filing,true,false,false,2,false
20261007T070721168131Z-codex.both.RC01.r1-a1,both,reach,RC01,1,14,fact,Costco’s warehouses worldwide at 2022-11-20 (FY2023 Q1 — 10-Q): 845.,Costco; 2022-11-20; FY2023 Q1; 10-Q; 845,S13,filing,mosaic-finance.com,5,secondary,issuer,false,false,false,false,false,issuer; forum; aggregator; reference,none,,,filing,filing,true,false,false,2,false
20261007T070721168131Z-codex.both.RC01.r1-a1,both,reach,RC01,1,15,fact,Costco’s warehouses worldwide at 2023-02-12 (FY2023 Q2 — 10-Q): 848.,Costco; 2023-02-12; FY2023 Q2; 10-Q; 848,S14,filing,mosaic-finance.com,5,secondary,issuer,false,false,false,false,false,issuer; forum; aggregator; reference,none,,,filing,filing,true,false,false,2,false
20261007T070721168131Z-codex.both.RC01.r1-a1,both,reach,RC01,1,16,fact,Costco’s warehouses worldwide at 2023-05-07 (FY2023 Q3 — 10-Q): 852.,Costco; 2023-05-07; FY2023 Q3; 10-Q; 852,S15,filing,mosaic-finance.com,4,secondary,issuer,false,false,false,false,false,issuer; forum; aggregator; reference,none,,,filing,filing,true,false,false,1,false
20261007T070721168131Z-codex.both.RC01.r1-a1,both,reach,RC01,1,17,fact,Costco’s warehouses worldwide at 2023-09-03 (FY2023 — 10-K): 861.,Costco; 2023-09-03; FY2023; 10-K; 861,S16,filing,mosaic-finance.com,2,filing,filing,false,false,true,true,true,issuer; forum; aggregator; reference,none,,,filing,filing,true,true,true,1,false
20261007T070721168131Z-codex.both.RC01.r1-a1,both,reach,RC01,1,18,fact,Costco’s warehouses worldwide at 2023-11-26 (FY2024 Q1 — 10-Q): 870.,Costco; 2023-11-26; FY2024 Q1; 10-Q; 870,S17,filing,mosaic-finance.com,6,secondary,issuer,false,false,false,false,false,issuer; forum; aggregator; reference,none,,,filing,filing,true,false,false,3,false
20261007T070721168131Z-codex.both.RC01.r1-a1,both,reach,RC01,1,19,fact,Costco’s warehouses worldwide at 2024-02-18 (FY2024 Q2 — 10-Q): 874.,Costco; 2024-02-18; FY2024 Q2; 10-Q; 874,S18,filing,mosaic-finance.com,5,secondary,issuer,false,false,false,false,false,issuer; forum; aggregator; reference,none,,,filing,filing,true,false,false,2,false
20261007T070721168131Z-codex.both.RC01.r1-a1,both,reach,RC01,1,20,fact,Costco’s warehouses worldwide at 2024-05-12 (FY2024 Q3 — 10-Q): 876.,Costco; 2024-05-12; FY2024 Q3; 10-Q; 876,S19,filing,mosaic-finance.com,5,secondary,issuer,false,false,false,false,false,issuer; forum; aggregator; reference,none,,,filing,filing,true,false,false,2,false
20261007T070721168131Z-codex.both.RC01.r1-a1,both,reach,RC01,1,21,fact,Costco’s warehouses worldwide at 2024-09-01 (FY2024 — 10-K): 890.,Costco; 2024-09-01; FY2024; 10-K; 890,S20,filing,mosaic-finance.com,2,filing,filing,false,false,true,true,true,issuer; forum; aggregator; reference,none,,,filing,filing,true,true,true,1,false
20261007T070721168131Z-codex.both.RC01.r1-a1,both,reach,RC01,1,22,fact,Costco’s warehouses worldwide at 2024-11-24 (FY2025 Q1 — 10-Q): 896.,Costco; 2024-11-24; FY2025 Q1; 10-Q; 896,S21,filing,mosaic-finance.com,6,secondary,issuer,false,false,false,false,false,issuer; forum; aggregator; reference,none,,,filing,filing,true,false,false,3,false
20261007T070721168131Z-codex.both.RC01.r1-a1,both,reach,RC01,1,23,fact,Costco’s warehouses worldwide at 2025-02-16 (FY2025 Q2 — 10-Q): 897.,Costco; 2025-02-16; FY2025 Q2; 10-Q; 897,S22,filing,mosaic-finance.com,5,secondary,issuer,false,false,false,false,false,issuer; forum; aggregator; reference,none,,,filing,filing,true,false,false,2,false
20261007T070721168131Z-codex.both.RC01.r1-a1,both,reach,RC01,1,24,fact,Costco’s warehouses worldwide at 2025-05-11 (FY2025 Q3 — 10-Q): 905.,Costco; 2025-05-11; FY2025 Q3; 10-Q; 905,S23,filing,mosaic-finance.com,5,secondary,issuer,false,false,false,false,false,issuer; forum; aggregator; reference,none,,,filing,filing,true,false,false,2,false
20261007T070721168131Z-codex.both.RC01.r1-a1,both,reach,RC01,1,25,fact,Costco’s warehouses worldwide at 2025-08-31 (FY2025 — 10-K): 914.,Costco; 2025-08-31; FY2025; 10-K; 914,S24,filing,mosaic-finance.com,3,filing,filing,false,false,true,true,true,issuer; forum; aggregator; reference,none,,,filing,filing,true,true,true,2,false
20261007T070750309181Z-codex.web.RC02.r1-a1,web,reach,RC02,1,1,fact,The 24 reports are listed chronologically; amendments are excluded.,24,,,,1,filing,filing,false,false,true,true,false,issuer; forum; aggregator,none,,,filing,filing,true,true,false,1,false
20261007T070750309181Z-codex.web.RC02.r1-a1,web,reach,RC02,1,2,fact,"2019-03-31 | 10-Q | 148,863 global streaming paid memberships at period end, in thousands.","2019-03-31; 10-Q; 148,863",S1,filing,filing-source,3,filing,filing,false,false,true,true,false,issuer; forum; aggregator,none,,,filing,filing,true,true,false,2,false
20261007T070750309181Z-codex.web.RC02.r1-a1,web,reach,RC02,1,3,fact,"2019-06-30 | 10-Q | 151,562 global streaming paid memberships at period end, in thousands.","2019-06-30; 10-Q; 151,562",S2,filing,filing-source,2,filing,filing,false,false,true,true,false,forum,none,,,filing,filing,true,true,false,1,false
20261007T070750309181Z-codex.web.RC02.r1-a1,web,reach,RC02,1,4,fact,"2019-09-30 | 10-Q | 158,334 global streaming paid memberships at period end, in thousands.","2019-09-30; 10-Q; 158,334",S3,filing,filing-source,2,filing,filing,false,false,true,true,false,issuer; forum,none,,,filing,filing,true,true,false,1,false
20261007T070750309181Z-codex.web.RC02.r1-a1,web,reach,RC02,1,5,fact,"2019-12-31 | 10-K | 167,090 global streaming paid memberships at period end, in thousands.","2019-12-31; 10-K; 167,090",S4,filing,filing-source,3,filing,filing,false,false,true,true,false,issuer; forum; aggregator,none,,,filing,filing,true,true,false,3,false
20261007T070750309181Z-codex.web.RC02.r1-a1,web,reach,RC02,1,6,fact,"2020-03-31 | 10-Q | 182,856 global streaming paid memberships at period end, in thousands.","2020-03-31; 10-Q; 182,856",S5,filing,filing-source,3,filing,filing,false,false,true,true,false,issuer; forum; aggregator,none,,,filing,filing,true,true,false,2,false
20261007T070750309181Z-codex.web.RC02.r1-a1,web,reach,RC02,1,7,fact,"2020-06-30 | 10-Q | 192,947 global streaming paid memberships at period end, in thousands.","2020-06-30; 10-Q; 192,947",S6,filing,filing-source,2,filing,filing,false,false,true,false,false,forum,none,,,filing,filing,true,false,false,1,false
20261007T070750309181Z-codex.web.RC02.r1-a1,web,reach,RC02,1,8,fact,"2020-09-30 | 10-Q | 195,151 global streaming paid memberships at period end, in thousands.","2020-09-30; 10-Q; 195,151",S7,filing,filing-source,2,filing,filing,false,false,true,true,false,issuer; forum,none,,,filing,filing,true,true,false,1,false
20261007T070750309181Z-codex.web.RC02.r1-a1,web,reach,RC02,1,9,fact,"2020-12-31 | 10-K | 203,663 global streaming paid memberships at period end, in thousands.","2020-12-31; 10-K; 203,663",S8,filing,filing-source,3,filing,filing,false,false,true,true,false,issuer; forum; aggregator,none,,,filing,filing,true,true,false,3,false
20261007T070750309181Z-codex.web.RC02.r1-a1,web,reach,RC02,1,10,fact,"2021-03-31 | 10-Q | 207,639 global streaming paid memberships at period end, in thousands.","2021-03-31; 10-Q; 207,639",S9,filing,filing-source,3,filing,filing,false,false,true,false,false,issuer; forum; aggregator,none,,,filing,filing,true,false,false,2,false
20261007T070750309181Z-codex.web.RC02.r1-a1,web,reach,RC02,1,11,fact,"2021-06-30 | 10-Q | 209,180 global streaming paid memberships at period end, in thousands.","2021-06-30; 10-Q; 209,180",S10,filing,filing-source,2,filing,filing,false,false,true,false,false,forum,none,,,filing,filing,true,false,false,1,false
20261007T070750309181Z-codex.web.RC02.r1-a1,web,reach,RC02,1,12,fact,"2021-09-30 | 10-Q | 213,563 global streaming paid memberships at period end, in thousands.","2021-09-30; 10-Q; 213,563",S11,filing,filing-source,2,filing,filing,false,false,true,false,false,forum,none,,,filing,filing,true,false,false,1,false
20261007T070750309181Z-codex.web.RC02.r1-a1,web,reach,RC02,1,13,fact,"2021-12-31 | 10-K | 221,844 global streaming paid memberships at period end, in thousands.","2021-12-31; 10-K; 221,844",S12,filing,filing-source,3,filing,filing,false,false,true,false,false,issuer; forum; aggregator,none,,,filing,filing,true,false,false,3,false
20261007T070750309181Z-codex.web.RC02.r1-a1,web,reach,RC02,1,14,fact,"2022-03-31 | 10-Q | 221,641 global streaming paid memberships at period end, in thousands.","2022-03-31; 10-Q; 221,641",S13,filing,filing-source,3,filing,filing,false,false,true,false,false,issuer; forum; aggregator,none,,,filing,filing,true,false,false,2,false
20261007T070750309181Z-codex.web.RC02.r1-a1,web,reach,RC02,1,15,fact,"2022-06-30 | 10-Q | 220,672 global streaming paid memberships at period end, in thousands.","2022-06-30; 10-Q; 220,672",S14,filing,filing-source,2,filing,filing,false,false,true,false,false,forum,none,,,filing,filing,true,false,false,1,false
20261007T070750309181Z-codex.web.RC02.r1-a1,web,reach,RC02,1,16,fact,"2022-09-30 | 10-Q | 223,085 global streaming paid memberships at period end, in thousands.","2022-09-30; 10-Q; 223,085",S15,filing,filing-source,2,filing,filing,false,false,true,false,false,forum,none,,,filing,filing,true,false,false,1,false
20261007T070750309181Z-codex.web.RC02.r1-a1,web,reach,RC02,1,17,fact,"2022-12-31 | 10-K | 230,747 global streaming paid memberships at period end, in thousands.","2022-12-31; 10-K; 230,747",S16,filing,filing-source,3,filing,filing,false,false,true,true,false,issuer; forum; aggregator,none,,,filing,filing,true,true,false,3,false
20261007T070750309181Z-codex.web.RC02.r1-a1,web,reach,RC02,1,18,fact,"2023-03-31 | 10-Q | 232,498 global streaming paid memberships at period end, in thousands.","2023-03-31; 10-Q; 232,498",S17,filing,filing-source,3,filing,filing,false,false,true,false,false,issuer; forum; aggregator,none,,,filing,filing,true,false,false,2,false
20261007T070750309181Z-codex.web.RC02.r1-a1,web,reach,RC02,1,19,fact,"2023-06-30 | 10-Q | 238,390 global streaming paid memberships at period end, in thousands.","2023-06-30; 10-Q; 238,390",S18,filing,filing-source,2,filing,filing,false,false,true,false,false,forum,none,,,filing,filing,true,false,false,1,false
20261007T070750309181Z-codex.web.RC02.r1-a1,web,reach,RC02,1,20,fact,"2023-09-30 | 10-Q | 247,153 global streaming paid memberships at period end, in thousands.","2023-09-30; 10-Q; 247,153",S19,filing,filing-source,2,filing,filing,false,false,true,false,false,forum,none,,,filing,filing,true,false,false,1,false
20261007T070750309181Z-codex.web.RC02.r1-a1,web,reach,RC02,1,21,fact,"2023-12-31 | 10-K | 260,276 global streaming paid memberships at period end, in thousands.","2023-12-31; 10-K; 260,276",S20,filing,filing-source,3,filing,filing,false,false,true,true,false,issuer; forum; aggregator,none,,,filing,filing,true,true,false,3,false
20261007T070750309181Z-codex.web.RC02.r1-a1,web,reach,RC02,1,22,fact,"2024-03-31 | 10-Q | 269,602 global streaming paid memberships at period end, in thousands.","2024-03-31; 10-Q; 269,602",S21,filing,filing-source,3,filing,filing,false,false,true,false,false,issuer; forum; aggregator,none,,,filing,filing,true,false,false,2,false
20261007T070750309181Z-codex.web.RC02.r1-a1,web,reach,RC02,1,23,fact,"2024-06-30 | 10-Q | 277,647 global streaming paid memberships at period end, in thousands.","2024-06-30; 10-Q; 277,647",S22,filing,filing-source,2,filing,filing,false,false,true,false,false,forum,none,,,filing,filing,true,false,false,1,false
20261007T070750309181Z-codex.web.RC02.r1-a1,web,reach,RC02,1,24,fact,"2024-09-30 | 10-Q | 282,720 global streaming paid memberships at period end, in thousands.","2024-09-30; 10-Q; 282,720",S23,filing,filing-source,2,filing,filing,false,false,true,false,false,forum,none,,,filing,filing,true,false,false,1,false
20261007T070750309181Z-codex.web.RC02.r1-a1,web,reach,RC02,1,25,fact,"2024-12-31 | 10-K | 301,626 global streaming paid memberships at period end, in thousands.","2024-12-31; 10-K; 301,626",S24,filing,filing-source,3,secondary,issuer,false,false,false,true,false,issuer; forum; aggregator,none,,,secondary,issuer,false,true,false,3,false
20261007T070855986209Z-codex.archivist.RC02.r1-a1,archivist,reach,RC02,1,1,fact,All 24 reports are listed chronologically; amendments are excluded.,24,,,,1,filing,filing,false,false,true,false,false,,none,,,filing,filing,true,false,false,1,false
20261007T070855986209Z-codex.archivist.RC02.r1-a1,archivist,reach,RC02,1,2,fact,"2019-03-31 | 10-Q · 2019-04-18 | Global streaming paid memberships at period end, in thousands: 148,863.","2019-03-31; 10-Q; 2019-04-18; 148,863",S1,filing,mosaic-finance.com,4,filing,filing,false,false,true,false,false,,none,,,filing,filing,true,false,false,3,false
20261007T070855986209Z-codex.archivist.RC02.r1-a1,archivist,reach,RC02,1,3,fact,"2019-06-30 | 10-Q · 2019-07-19 | Global streaming paid memberships at period end, in thousands: 151,562.","2019-06-30; 10-Q; 2019-07-19; 151,562",S2,filing,mosaic-finance.com,3,filing,filing,false,false,true,false,false,,none,,,filing,filing,true,false,false,2,false
20261007T070855986209Z-codex.archivist.RC02.r1-a1,archivist,reach,RC02,1,4,fact,"2019-09-30 | 10-Q · 2019-10-18 | Global streaming paid memberships at period end, in thousands: 158,334.","2019-09-30; 10-Q; 2019-10-18; 158,334",S3,filing,mosaic-finance.com,3,filing,filing,false,false,true,false,false,,none,,,filing,filing,true,false,false,2,false
20261007T070855986209Z-codex.archivist.RC02.r1-a1,archivist,reach,RC02,1,5,fact,"2019-12-31 | 10-K · 2020-01-29 | Global streaming paid memberships at period end, in thousands: 167,090.","2019-12-31; 10-K; 2020-01-29; 167,090",S4,filing,mosaic-finance.com,4,filing,filing,false,false,true,false,false,,none,,,filing,filing,true,false,false,4,false
20261007T070855986209Z-codex.archivist.RC02.r1-a1,archivist,reach,RC02,1,6,fact,"2020-03-31 | 10-Q · 2020-04-21 | Global streaming paid memberships at period end, in thousands: 182,856.","2020-03-31; 10-Q; 2020-04-21; 182,856",S5,filing,mosaic-finance.com,4,filing,filing,false,false,true,false,false,,none,,,filing,filing,true,false,false,3,false
20261007T070855986209Z-codex.archivist.RC02.r1-a1,archivist,reach,RC02,1,7,fact,"2020-06-30 | 10-Q · 2020-07-20 | Global streaming paid memberships at period end, in thousands: 192,947.","2020-06-30; 10-Q; 2020-07-20; 192,947",S6,filing,mosaic-finance.com,2,filing,filing,false,false,true,false,false,,none,,,filing,filing,true,false,false,1,false
20261007T070855986209Z-codex.archivist.RC02.r1-a1,archivist,reach,RC02,1,8,fact,"2020-09-30 | 10-Q · 2020-10-22 | Global streaming paid memberships at period end, in thousands: 195,151.","2020-09-30; 10-Q; 2020-10-22; 195,151",S7,filing,mosaic-finance.com,3,filing,filing,false,false,true,false,false,,none,,,filing,filing,true,false,false,2,false
20261007T070855986209Z-codex.archivist.RC02.r1-a1,archivist,reach,RC02,1,9,fact,"2020-12-31 | 10-K · 2021-01-28 | Global streaming paid memberships at period end, in thousands: 203,663.","2020-12-31; 10-K; 2021-01-28; 203,663",S8,filing,mosaic-finance.com,4,filing,filing,false,false,true,false,false,,none,,,filing,filing,true,false,false,4,false
20261007T070855986209Z-codex.archivist.RC02.r1-a1,archivist,reach,RC02,1,10,fact,"2021-03-31 | 10-Q · 2021-04-22 | Global streaming paid memberships at period end, in thousands: 207,639.","2021-03-31; 10-Q; 2021-04-22; 207,639",S9,filing,mosaic-finance.com,4,filing,filing,false,false,true,false,false,,none,,,filing,filing,true,false,false,3,false
20261007T070855986209Z-codex.archivist.RC02.r1-a1,archivist,reach,RC02,1,11,fact,"2021-06-30 | 10-Q · 2021-07-22 | Global streaming paid memberships at period end, in thousands: 209,180.","2021-06-30; 10-Q; 2021-07-22; 209,180",S10,filing,mosaic-finance.com,3,filing,filing,false,false,true,false,false,,none,,,filing,filing,true,false,false,2,false
20261007T070855986209Z-codex.archivist.RC02.r1-a1,archivist,reach,RC02,1,12,fact,"2021-09-30 | 10-Q · 2021-10-21 | Global streaming paid memberships at period end, in thousands: 213,563.","2021-09-30; 10-Q; 2021-10-21; 213,563",S11,filing,mosaic-finance.com,3,filing,filing,false,false,true,false,false,,none,,,filing,filing,true,false,false,2,false
20261007T070855986209Z-codex.archivist.RC02.r1-a1,archivist,reach,RC02,1,13,fact,"2021-12-31 | 10-K · 2022-01-27 | Global streaming paid memberships at period end, in thousands: 221,844.","2021-12-31; 10-K; 2022-01-27; 221,844",S12,filing,mosaic-finance.com,4,filing,filing,false,false,true,false,false,,none,,,filing,filing,true,false,false,4,false
20261007T070855986209Z-codex.archivist.RC02.r1-a1,archivist,reach,RC02,1,14,fact,"2022-03-31 | 10-Q · 2022-04-21 | Global streaming paid memberships at period end, in thousands: 221,641.","2022-03-31; 10-Q; 2022-04-21; 221,641",S13,filing,mosaic-finance.com,4,filing,filing,false,false,true,false,false,,none,,,filing,filing,true,false,false,3,false
20261007T070855986209Z-codex.archivist.RC02.r1-a1,archivist,reach,RC02,1,15,fact,"2022-06-30 | 10-Q · 2022-07-21 | Global streaming paid memberships at period end, in thousands: 220,672.","2022-06-30; 10-Q; 2022-07-21; 220,672",S14,filing,mosaic-finance.com,3,filing,filing,false,false,true,false,false,,none,,,filing,filing,true,false,false,2,false
20261007T070855986209Z-codex.archivist.RC02.r1-a1,archivist,reach,RC02,1,16,fact,"2022-09-30 | 10-Q · 2022-10-20 | Global streaming paid memberships at period end, in thousands: 223,085.","2022-09-30; 10-Q; 2022-10-20; 223,085",S15,filing,mosaic-finance.com,2,filing,filing,false,false,true,false,false,,none,,,filing,filing,true,false,false,1,false
20261007T070855986209Z-codex.archivist.RC02.r1-a1,archivist,reach,RC02,1,17,fact,"2022-12-31 | 10-K · 2023-01-26 | Global streaming paid memberships at period end, in thousands: 230,747.","2022-12-31; 10-K; 2023-01-26; 230,747",S16,filing,mosaic-finance.com,4,filing,filing,false,false,true,false,false,,none,,,filing,filing,true,false,false,4,false
20261007T070855986209Z-codex.archivist.RC02.r1-a1,archivist,reach,RC02,1,18,fact,"2023-03-31 | 10-Q · 2023-04-21 | Global streaming paid memberships at period end, in thousands: 232,498.","2023-03-31; 10-Q; 2023-04-21; 232,498",S17,filing,mosaic-finance.com,4,filing,filing,false,false,true,false,false,,none,,,filing,filing,true,false,false,3,false
20261007T070855986209Z-codex.archivist.RC02.r1-a1,archivist,reach,RC02,1,19,fact,"2023-06-30 | 10-Q · 2023-07-21 | Global streaming paid memberships at period end, in thousands: 238,390.","2023-06-30; 10-Q; 2023-07-21; 238,390",S18,filing,mosaic-finance.com,3,filing,filing,false,false,true,false,false,,none,,,filing,filing,true,false,false,2,false
20261007T070855986209Z-codex.archivist.RC02.r1-a1,archivist,reach,RC02,1,20,fact,"2023-09-30 | 10-Q · 2023-10-20 | Global streaming paid memberships at period end, in thousands: 247,153.","2023-09-30; 10-Q; 2023-10-20; 247,153",S19,filing,mosaic-finance.com,2,filing,filing,false,false,true,false,false,,none,,,filing,filing,true,false,false,1,false
20261007T070855986209Z-codex.archivist.RC02.r1-a1,archivist,reach,RC02,1,21,fact,"2023-12-31 | 10-K · 2024-01-26 | Global streaming paid memberships at period end, in thousands: 260,276.","2023-12-31; 10-K; 2024-01-26; 260,276",S20,filing,mosaic-finance.com,4,filing,filing,false,false,true,false,false,,none,,,filing,filing,true,false,false,4,false
20261007T070855986209Z-codex.archivist.RC02.r1-a1,archivist,reach,RC02,1,22,fact,"2024-03-31 | 10-Q · 2024-04-22 | Global streaming paid memberships at period end, in thousands: 269,602.","2024-03-31; 10-Q; 2024-04-22; 269,602",S21,filing,mosaic-finance.com,4,unattributed,,false,false,false,false,false,,none,,,unattributed,,false,false,false,3,false
20261007T070855986209Z-codex.archivist.RC02.r1-a1,archivist,reach,RC02,1,23,fact,"2024-06-30 | 10-Q · 2024-07-19 | Global streaming paid memberships at period end, in thousands: 277,647.","2024-06-30; 10-Q; 2024-07-19; 277,647",S22,filing,mosaic-finance.com,3,filing,filing,false,false,true,false,false,,none,,,filing,filing,true,false,false,2,false
20261007T070855986209Z-codex.archivist.RC02.r1-a1,archivist,reach,RC02,1,24,fact,"2024-09-30 | 10-Q · 2024-10-18 | Global streaming paid memberships at period end, in thousands: 282,720.","2024-09-30; 10-Q; 2024-10-18; 282,720",S23,filing,mosaic-finance.com,3,unattributed,,false,false,false,false,false,,none,,,unattributed,,false,false,false,2,false
20261007T070855986209Z-codex.archivist.RC02.r1-a1,archivist,reach,RC02,1,25,fact,"2024-12-31 | 10-K · 2025-01-27 | Global streaming paid memberships at period end, in thousands: 301,626.","2024-12-31; 10-K; 2025-01-27; 301,626",S24,filing,mosaic-finance.com,4,filing,filing,false,false,true,false,false,,none,,,filing,filing,true,false,false,4,false
20261007T070905487644Z-codex.both.RC02.r1-a1,both,reach,RC02,1,1,fact,The 2019 quarterly totals sum domestic and international streaming memberships.,,,,,0,unattributed,,true,false,false,false,false,,none,,,unattributed,,false,false,false,0,true
20261007T070905487644Z-codex.both.RC02.r1-a1,both,reach,RC02,1,2,fact,"Global streaming paid memberships at period end, in thousands: 2019-03-31 | 10-Q · 2019-04-18 | 148,863.","2019-03-31; 10-Q; 2019-04-18; 148,863",S1,filing,mosaic-finance.com,4,unattributed,,false,false,false,false,false,,none,,,unattributed,,false,false,false,3,false
20261007T070905487644Z-codex.both.RC02.r1-a1,both,reach,RC02,1,3,fact,"Global streaming paid memberships at period end, in thousands: 2019-06-30 | 10-Q · 2019-07-19 | 151,562.","2019-06-30; 10-Q; 2019-07-19; 151,562",S2,filing,mosaic-finance.com,3,unattributed,,false,false,false,false,false,,none,,,unattributed,,false,false,false,2,false
20261007T070905487644Z-codex.both.RC02.r1-a1,both,reach,RC02,1,4,fact,"Global streaming paid memberships at period end, in thousands: 2019-09-30 | 10-Q · 2019-10-18 | 158,334.","2019-09-30; 10-Q; 2019-10-18; 158,334",S3,filing,mosaic-finance.com,3,unattributed,,false,false,false,false,false,,none,,,unattributed,,false,false,false,2,false
20261007T070905487644Z-codex.both.RC02.r1-a1,both,reach,RC02,1,5,fact,"Global streaming paid memberships at period end, in thousands: 2019-12-31 | 10-K · 2020-01-29 | 167,090.","2019-12-31; 10-K; 2020-01-29; 167,090",S4,filing,mosaic-finance.com,4,filing,filing,false,false,true,false,false,,none,,,filing,filing,true,false,false,4,false
20261007T070905487644Z-codex.both.RC02.r1-a1,both,reach,RC02,1,6,fact,"Global streaming paid memberships at period end, in thousands: 2020-03-31 | 10-Q · 2020-04-21 | 182,856.","2020-03-31; 10-Q; 2020-04-21; 182,856",S5,filing,mosaic-finance.com,4,filing,filing,false,false,true,false,false,,none,,,filing,filing,true,false,false,3,false
20261007T070905487644Z-codex.both.RC02.r1-a1,both,reach,RC02,1,7,fact,"Global streaming paid memberships at period end, in thousands: 2020-06-30 | 10-Q · 2020-07-20 | 192,947.","2020-06-30; 10-Q; 2020-07-20; 192,947",S6,filing,mosaic-finance.com,2,filing,filing,false,false,true,false,false,,none,,,filing,filing,true,false,false,1,false
20261007T070905487644Z-codex.both.RC02.r1-a1,both,reach,RC02,1,8,fact,"Global streaming paid memberships at period end, in thousands: 2020-09-30 | 10-Q · 2020-10-22 | 195,151.","2020-09-30; 10-Q; 2020-10-22; 195,151",S7,filing,mosaic-finance.com,3,filing,filing,false,false,true,false,false,,none,,,filing,filing,true,false,false,2,false
20261007T070905487644Z-codex.both.RC02.r1-a1,both,reach,RC02,1,9,fact,"Global streaming paid memberships at period end, in thousands: 2020-12-31 | 10-K · 2021-01-28 | 203,663.","2020-12-31; 10-K; 2021-01-28; 203,663",S8,filing,mosaic-finance.com,4,filing,filing,false,false,true,false,false,,none,,,filing,filing,true,false,false,4,false
20261007T070905487644Z-codex.both.RC02.r1-a1,both,reach,RC02,1,10,fact,"Global streaming paid memberships at period end, in thousands: 2021-03-31 | 10-Q · 2021-04-22 | 207,639.","2021-03-31; 10-Q; 2021-04-22; 207,639",S9,filing,mosaic-finance.com,4,filing,filing,false,false,true,false,false,,none,,,filing,filing,true,false,false,3,false
20261007T070905487644Z-codex.both.RC02.r1-a1,both,reach,RC02,1,11,fact,"Global streaming paid memberships at period end, in thousands: 2021-06-30 | 10-Q · 2021-07-22 | 209,180.","2021-06-30; 10-Q; 2021-07-22; 209,180",S10,filing,mosaic-finance.com,3,filing,filing,false,false,true,false,false,,none,,,filing,filing,true,false,false,2,false
20261007T070905487644Z-codex.both.RC02.r1-a1,both,reach,RC02,1,12,fact,"Global streaming paid memberships at period end, in thousands: 2021-09-30 | 10-Q · 2021-10-21 | 213,563.","2021-09-30; 10-Q; 2021-10-21; 213,563",S11,filing,mosaic-finance.com,3,filing,filing,false,false,true,false,false,,none,,,filing,filing,true,false,false,2,false
20261007T070905487644Z-codex.both.RC02.r1-a1,both,reach,RC02,1,13,fact,"Global streaming paid memberships at period end, in thousands: 2021-12-31 | 10-K · 2022-01-27 | 221,844.","2021-12-31; 10-K; 2022-01-27; 221,844",S12,filing,mosaic-finance.com,4,filing,filing,false,false,true,false,false,,none,,,filing,filing,true,false,false,4,false
20261007T070905487644Z-codex.both.RC02.r1-a1,both,reach,RC02,1,14,fact,"Global streaming paid memberships at period end, in thousands: 2022-03-31 | 10-Q · 2022-04-21 | 221,641.","2022-03-31; 10-Q; 2022-04-21; 221,641",S13,filing,mosaic-finance.com,4,filing,filing,false,false,true,false,false,,none,,,filing,filing,true,false,false,3,false
20261007T070905487644Z-codex.both.RC02.r1-a1,both,reach,RC02,1,15,fact,"Global streaming paid memberships at period end, in thousands: 2022-06-30 | 10-Q · 2022-07-21 | 220,672.","2022-06-30; 10-Q; 2022-07-21; 220,672",S14,filing,mosaic-finance.com,3,filing,filing,false,false,true,false,false,,none,,,filing,filing,true,false,false,2,false
20261007T070905487644Z-codex.both.RC02.r1-a1,both,reach,RC02,1,16,fact,"Global streaming paid memberships at period end, in thousands: 2022-09-30 | 10-Q · 2022-10-20 | 223,085.","2022-09-30; 10-Q; 2022-10-20; 223,085",S15,filing,mosaic-finance.com,2,filing,filing,false,false,true,false,false,,none,,,filing,filing,true,false,false,1,false
20261007T070905487644Z-codex.both.RC02.r1-a1,both,reach,RC02,1,17,fact,"Global streaming paid memberships at period end, in thousands: 2022-12-31 | 10-K · 2023-01-26 | 230,747.","2022-12-31; 10-K; 2023-01-26; 230,747",S16,filing,mosaic-finance.com,4,filing,filing,false,false,true,false,false,,none,,,filing,filing,true,false,false,4,false
20261007T070905487644Z-codex.both.RC02.r1-a1,both,reach,RC02,1,18,fact,"Global streaming paid memberships at period end, in thousands: 2023-03-31 | 10-Q · 2023-04-21 | 232,498.","2023-03-31; 10-Q; 2023-04-21; 232,498",S17,filing,mosaic-finance.com,4,filing,filing,false,false,true,false,false,,none,,,filing,filing,true,false,false,3,false
20261007T070905487644Z-codex.both.RC02.r1-a1,both,reach,RC02,1,19,fact,"Global streaming paid memberships at period end, in thousands: 2023-06-30 | 10-Q · 2023-07-21 | 238,390.","2023-06-30; 10-Q; 2023-07-21; 238,390",S18,filing,mosaic-finance.com,3,filing,filing,false,false,true,false,false,,none,,,filing,filing,true,false,false,2,false
20261007T070905487644Z-codex.both.RC02.r1-a1,both,reach,RC02,1,20,fact,"Global streaming paid memberships at period end, in thousands: 2023-09-30 | 10-Q · 2023-10-20 | 247,153.","2023-09-30; 10-Q; 2023-10-20; 247,153",S19,filing,mosaic-finance.com,2,filing,filing,false,false,true,false,false,,none,,,filing,filing,true,false,false,1,false
20261007T070905487644Z-codex.both.RC02.r1-a1,both,reach,RC02,1,21,fact,"Global streaming paid memberships at period end, in thousands: 2023-12-31 | 10-K · 2024-01-26 | 260,276.","2023-12-31; 10-K; 2024-01-26; 260,276",S20,filing,mosaic-finance.com,4,filing,filing,false,false,true,false,false,,none,,,filing,filing,true,false,false,4,false
20261007T070905487644Z-codex.both.RC02.r1-a1,both,reach,RC02,1,22,fact,"Global streaming paid memberships at period end, in thousands: 2024-03-31 | 10-Q · 2024-04-22 | 269,602.","2024-03-31; 10-Q; 2024-04-22; 269,602",S21,filing,mosaic-finance.com,4,unattributed,,false,false,false,false,false,,none,,,unattributed,,false,false,false,3,false
20261007T070905487644Z-codex.both.RC02.r1-a1,both,reach,RC02,1,23,fact,"Global streaming paid memberships at period end, in thousands: 2024-06-30 | 10-Q · 2024-07-19 | 277,647.","2024-06-30; 10-Q; 2024-07-19; 277,647",S22,filing,mosaic-finance.com,3,filing,filing,false,false,true,false,false,,none,,,filing,filing,true,false,false,2,false
20261007T070905487644Z-codex.both.RC02.r1-a1,both,reach,RC02,1,24,fact,"Global streaming paid memberships at period end, in thousands: 2024-09-30 | 10-Q · 2024-10-18 | 282,720.","2024-09-30; 10-Q; 2024-10-18; 282,720",S23,filing,mosaic-finance.com,3,unattributed,,false,false,false,false,false,,none,,,unattributed,,false,false,false,2,false
20261007T070905487644Z-codex.both.RC02.r1-a1,both,reach,RC02,1,25,fact,"Global streaming paid memberships at period end, in thousands: 2024-12-31 | 10-K · 2025-01-27 | 301,626.","2024-12-31; 10-K; 2025-01-27; 301,626",S24,filing,mosaic-finance.com,4,filing,filing,false,false,true,false,false,,none,,,filing,filing,true,false,false,4,false
20261007T071023041321Z-codex.web.RC03.r1-a1,web,reach,RC03,1,1,fact,"All 24 reports are listed below, excluding amendments.",24,,,,1,filing,filing,false,false,true,true,false,issuer; aggregator; news; other,none,,,filing,filing,true,true,false,1,false
20261007T071023041321Z-codex.web.RC03.r1-a1,web,reach,RC03,1,2,fact,"Figures are total backlog in US$ billions, using the filings’ reported precision of one decimal place.",US$ billions; one decimal place,,,,2,unattributed,,false,false,false,false,false,,none,,,unattributed,,false,false,false,2,false
20261007T071023041321Z-codex.web.RC03.r1-a1,web,reach,RC03,1,3,fact,2020 Q1 10-Q reports total backlog of US$ 144.1 billion as of 2020-03-29.,2020 Q1 10-Q; 144.1; US$ billions; 2020-03-29,S1,filing,filing-source,4,secondary,issuer,false,false,false,false,false,issuer; forum; promotional; aggregator,none,,,filing,filing,true,true,false,2,false
20261007T071023041321Z-codex.web.RC03.r1-a1,web,reach,RC03,1,4,fact,2020 Q2 10-Q reports total backlog of US$ 150.3 billion as of 2020-06-28.,2020 Q2 10-Q; 150.3; US$ billions; 2020-06-28,S2,filing,filing-source,4,secondary,issuer,false,false,false,false,false,issuer; forum; aggregator,none,,,filing,filing,true,true,false,2,false
20261007T071023041321Z-codex.web.RC03.r1-a1,web,reach,RC03,1,5,fact,2020 Q3 10-Q reports total backlog of US$ 150.4 billion as of 2020-09-27.,2020 Q3 10-Q; 150.4; US$ billions; 2020-09-27,S3,filing,filing-source,4,secondary,issuer,false,false,false,false,false,issuer; forum; aggregator; news,none,,,filing,filing,true,true,false,2,false
20261007T071023041321Z-codex.web.RC03.r1-a1,web,reach,RC03,1,6,fact,2020 10-K reports total backlog of US$ 147.1 billion as of 2020-12-31.,2020 10-K; 147.1; US$ billions; 2020-12-31,S4,filing,filing-source,4,secondary,issuer,false,false,false,false,false,issuer; aggregator; other,none,,,filing,filing,true,true,false,3,false
20261007T071023041321Z-codex.web.RC03.r1-a1,web,reach,RC03,1,7,fact,2021 Q1 10-Q reports total backlog of US$ 147.4 billion as of 2021-03-28.,2021 Q1 10-Q; 147.4; US$ billions; 2021-03-28,S5,filing,filing-source,4,secondary,issuer,false,false,false,false,false,issuer; forum; aggregator,none,,,filing,filing,true,true,false,2,false
20261007T071023041321Z-codex.web.RC03.r1-a1,web,reach,RC03,1,8,fact,2021 Q2 10-Q reports total backlog of US$ 141.7 billion as of 2021-06-27.,2021 Q2 10-Q; 141.7; US$ billions; 2021-06-27,S6,filing,filing-source,4,secondary,issuer,false,false,false,false,false,issuer; forum; aggregator; news,none,,,filing,filing,true,true,false,2,false
20261007T071023041321Z-codex.web.RC03.r1-a1,web,reach,RC03,1,9,fact,2021 Q3 10-Q reports total backlog of US$ 134.8 billion as of 2021-09-26.,2021 Q3 10-Q; 134.8; US$ billions; 2021-09-26,S7,issuer,investors.lockheedmartin.com,4,secondary,issuer,false,true,false,false,false,issuer; aggregator,none,,,secondary,issuer,false,true,false,2,false
20261007T071023041321Z-codex.web.RC03.r1-a1,web,reach,RC03,1,10,fact,2021 10-K reports total backlog of US$ 135.4 billion as of 2021-12-31.,2021 10-K; 135.4; US$ billions; 2021-12-31,S8,filing,filing-source,4,secondary,issuer,false,false,false,false,false,issuer; promotional; aggregator; other,none,,,filing,filing,true,true,false,3,false
20261007T071023041321Z-codex.web.RC03.r1-a1,web,reach,RC03,1,11,fact,2022 Q1 10-Q reports total backlog of US$ 134.2 billion as of 2022-03-27.,2022 Q1 10-Q; 134.2; US$ billions; 2022-03-27,S9,filing,filing-source,4,secondary,issuer,false,false,false,false,false,issuer; forum; aggregator; news,none,,,filing,filing,true,true,false,2,false
20261007T071023041321Z-codex.web.RC03.r1-a1,web,reach,RC03,1,12,fact,2022 Q2 10-Q reports total backlog of US$ 134.6 billion as of 2022-06-26.,2022 Q2 10-Q; 134.6; US$ billions; 2022-06-26,S10,issuer,investors.lockheedmartin.com,4,secondary,issuer,false,true,false,false,false,issuer; aggregator,none,,,secondary,issuer,false,true,false,2,false
20261007T071023041321Z-codex.web.RC03.r1-a1,web,reach,RC03,1,13,fact,2022 Q3 10-Q reports total backlog of US$ 139.7 billion as of 2022-09-25.,2022 Q3 10-Q; 139.7; US$ billions; 2022-09-25,S11,issuer,investors.lockheedmartin.com,4,secondary,issuer,false,true,false,false,false,issuer; aggregator; reference,none,,,secondary,issuer,false,true,false,2,false
20261007T071023041321Z-codex.web.RC03.r1-a1,web,reach,RC03,1,14,fact,2022 10-K reports total backlog of US$ 150.0 billion as of 2022-12-31.,2022 10-K; 150.0; US$ billions; 2022-12-31,S12,filing,filing-source,4,secondary,issuer,false,false,false,false,false,issuer; forum; aggregator; other,none,,,filing,filing,true,true,false,3,false
20261007T071023041321Z-codex.web.RC03.r1-a1,web,reach,RC03,1,15,fact,2023 Q1 10-Q reports total backlog of US$ 145.1 billion as of 2023-03-26.,2023 Q1 10-Q; 145.1; US$ billions; 2023-03-26,S13,issuer,investors.lockheedmartin.com,4,secondary,issuer,false,true,false,false,false,issuer; aggregator,none,,,secondary,issuer,false,true,false,2,false
20261007T071023041321Z-codex.web.RC03.r1-a1,web,reach,RC03,1,16,fact,2023 Q2 10-Q reports total backlog of US$ 158.0 billion as of 2023-06-25.,2023 Q2 10-Q; 158.0; US$ billions; 2023-06-25,S14,issuer,investors.lockheedmartin.com,4,secondary,issuer,false,true,false,false,false,issuer; forum; aggregator; reference; other,none,,,secondary,issuer,false,true,false,2,false
20261007T071023041321Z-codex.web.RC03.r1-a1,web,reach,RC03,1,17,fact,2023 Q3 10-Q reports total backlog of US$ 156.0 billion as of 2023-09-24.,2023 Q3 10-Q; 156.0; US$ billions; 2023-09-24,S15,issuer,investors.lockheedmartin.com,4,secondary,issuer,false,true,false,false,false,issuer; forum; aggregator; news; other,none,,,secondary,issuer,false,true,false,2,false
20261007T071023041321Z-codex.web.RC03.r1-a1,web,reach,RC03,1,18,fact,2023 10-K reports total backlog of US$ 160.6 billion as of 2023-12-31.,2023 10-K; 160.6; US$ billions; 2023-12-31,S16,filing,filing-source,4,secondary,issuer,false,false,false,false,false,issuer; aggregator; other,none,,,filing,filing,true,true,false,3,false
20261007T071023041321Z-codex.web.RC03.r1-a1,web,reach,RC03,1,19,fact,2024 Q1 10-Q reports total backlog of US$ 159.4 billion as of 2024-03-31.,2024 Q1 10-Q; 159.4; US$ billions; 2024-03-31,S17,issuer,investors.lockheedmartin.com,4,secondary,issuer,false,true,false,false,false,issuer; aggregator,none,,,filing,filing,true,true,false,2,false
20261007T071023041321Z-codex.web.RC03.r1-a1,web,reach,RC03,1,20,fact,2024 Q2 10-Q reports total backlog of US$ 158.3 billion as of 2024-06-30.,2024 Q2 10-Q; 158.3; US$ billions; 2024-06-30,S18,filing,filing-source,3,secondary,issuer,false,false,false,false,false,issuer; aggregator,none,,,filing,filing,true,true,false,1,false
20261007T071023041321Z-codex.web.RC03.r1-a1,web,reach,RC03,1,21,fact,2024 Q3 10-Q reports total backlog of US$ 165.7 billion as of 2024-09-29.,2024 Q3 10-Q; 165.7; US$ billions; 2024-09-29,S19,issuer,investors.lockheedmartin.com,4,secondary,issuer,false,true,false,false,false,issuer; forum; promotional; aggregator,none,,,secondary,issuer,false,true,false,2,false
20261007T071023041321Z-codex.web.RC03.r1-a1,web,reach,RC03,1,22,fact,2024 10-K reports total backlog of US$ 176.0 billion as of 2024-12-31.,2024 10-K; 176.0; US$ billions; 2024-12-31,S20,filing,filing-source,4,secondary,issuer,false,false,false,false,false,issuer; aggregator; news; other,none,,,filing,filing,true,true,false,3,false
20261007T071023041321Z-codex.web.RC03.r1-a1,web,reach,RC03,1,23,fact,2025 Q1 10-Q reports total backlog of US$ 173.0 billion as of 2025-03-30.,2025 Q1 10-Q; 173.0; US$ billions; 2025-03-30,S21,issuer,investors.lockheedmartin.com,3,secondary,issuer,false,true,false,false,false,issuer; aggregator,none,,,filing,filing,true,true,false,1,false
20261007T071023041321Z-codex.web.RC03.r1-a1,web,reach,RC03,1,24,fact,2025 Q2 10-Q reports total backlog of US$ 166.5 billion as of 2025-06-29.,2025 Q2 10-Q; 166.5; US$ billions; 2025-06-29,S22,issuer,investors.lockheedmartin.com,4,secondary,issuer,false,true,false,false,false,issuer; forum; promotional; aggregator; news,none,,,secondary,issuer,false,true,false,2,false
20261007T071023041321Z-codex.web.RC03.r1-a1,web,reach,RC03,1,25,fact,2025 Q3 10-Q reports total backlog of US$ 179.1 billion as of 2025-09-28.,2025 Q3 10-Q; 179.1; US$ billions; 2025-09-28,S23,issuer,investors.lockheedmartin.com,4,secondary,issuer,false,true,false,false,false,issuer; forum; aggregator,none,,,filing,filing,true,true,false,2,false
20261007T071023041321Z-codex.web.RC03.r1-a1,web,reach,RC03,1,26,fact,2025 10-K reports total backlog of US$ 193.6 billion as of 2025-12-31.,2025 10-K; 193.6; US$ billions; 2025-12-31,S24,issuer,investors.lockheedmartin.com,4,secondary,issuer,false,true,false,false,false,issuer; aggregator; other,none,,,secondary,issuer,false,true,false,3,false
20261007T071124876456Z-codex.archivist.RC03.r1-a1,archivist,reach,RC03,1,1,fact,"Lockheed Martin’s reported total backlog for all 24 reports, excluding amendments.",Lockheed Martin; 24,,,,2,filing,filing,false,false,true,false,false,,none,,,filing,filing,true,false,false,1,false
20261007T071124876456Z-codex.archivist.RC03.r1-a1,archivist,reach,RC03,1,2,fact,As-of date: 2020-03-29; report: Q1 10-Q; filed: 2020-04-22; backlog: 144.1 billions of US dollars.,2020-03-29; Q1 10-Q; 2020-04-22; 144.1; US dollars,S1,filing,mosaic-finance.com,5,unattributed,,false,false,false,false,false,,none,,,filing,filing,true,false,false,3,false
20261007T071124876456Z-codex.archivist.RC03.r1-a1,archivist,reach,RC03,1,3,fact,As-of date: 2020-06-28; report: Q2 10-Q; filed: 2020-07-21; backlog: 150.3 billions of US dollars.,2020-06-28; Q2 10-Q; 2020-07-21; 150.3; US dollars,S2,filing,mosaic-finance.com,5,unattributed,,false,false,false,false,false,,none,,,filing,filing,true,false,false,3,false
20261007T071124876456Z-codex.archivist.RC03.r1-a1,archivist,reach,RC03,1,4,fact,As-of date: 2020-09-27; report: Q3 10-Q; filed: 2020-10-22; backlog: 150.4 billions of US dollars.,2020-09-27; Q3 10-Q; 2020-10-22; 150.4; US dollars,S3,filing,mosaic-finance.com,5,unattributed,,false,false,false,false,false,,none,,,filing,filing,true,false,false,3,false
20261007T071124876456Z-codex.archivist.RC03.r1-a1,archivist,reach,RC03,1,5,fact,As-of date: 2020-12-31; report: FY 10-K; filed: 2021-01-28; backlog: 147.1 billions of US dollars.,2020-12-31; FY 10-K; 2021-01-28; 147.1; US dollars,S4,filing,mosaic-finance.com,6,unattributed,,false,false,false,false,false,,none,,,filing,filing,true,false,false,4,false
20261007T071124876456Z-codex.archivist.RC03.r1-a1,archivist,reach,RC03,1,6,fact,As-of date: 2021-03-28; report: Q1 10-Q; filed: 2021-04-21; backlog: 147.4 billions of US dollars.,2021-03-28; Q1 10-Q; 2021-04-21; 147.4; US dollars,S5,filing,mosaic-finance.com,5,unattributed,,false,false,false,false,false,,none,,,filing,filing,true,false,false,3,false
20261007T071124876456Z-codex.archivist.RC03.r1-a1,archivist,reach,RC03,1,7,fact,As-of date: 2021-06-27; report: Q2 10-Q; filed: 2021-07-26; backlog: 141.7 billions of US dollars.,2021-06-27; Q2 10-Q; 2021-07-26; 141.7; US dollars,S6,filing,mosaic-finance.com,5,unattributed,,false,false,false,false,false,,none,,,filing,filing,true,false,false,3,false
20261007T071124876456Z-codex.archivist.RC03.r1-a1,archivist,reach,RC03,1,8,fact,As-of date: 2021-09-26; report: Q3 10-Q; filed: 2021-10-26; backlog: 134.8 billions of US dollars.,2021-09-26; Q3 10-Q; 2021-10-26; 134.8; US dollars,S7,filing,mosaic-finance.com,5,unattributed,,false,false,false,false,false,,none,,,filing,filing,true,false,false,3,false
20261007T071124876456Z-codex.archivist.RC03.r1-a1,archivist,reach,RC03,1,9,fact,As-of date: 2021-12-31; report: FY 10-K; filed: 2022-01-25; backlog: 135.4 billions of US dollars.,2021-12-31; FY 10-K; 2022-01-25; 135.4; US dollars,S8,filing,mosaic-finance.com,6,unattributed,,false,false,false,false,false,,none,,,filing,filing,true,false,false,4,false
20261007T071124876456Z-codex.archivist.RC03.r1-a1,archivist,reach,RC03,1,10,fact,As-of date: 2022-03-27; report: Q1 10-Q; filed: 2022-04-20; backlog: 134.2 billions of US dollars.,2022-03-27; Q1 10-Q; 2022-04-20; 134.2; US dollars,S9,filing,mosaic-finance.com,4,unattributed,,false,false,false,false,false,,none,,,filing,filing,true,false,false,2,false
20261007T071124876456Z-codex.archivist.RC03.r1-a1,archivist,reach,RC03,1,11,fact,As-of date: 2022-06-26; report: Q2 10-Q; filed: 2022-07-19; backlog: 134.6 billions of US dollars.,2022-06-26; Q2 10-Q; 2022-07-19; 134.6; US dollars,S10,filing,mosaic-finance.com,5,unattributed,,false,false,false,false,false,,none,,,filing,filing,true,false,false,3,false
20261007T071124876456Z-codex.archivist.RC03.r1-a1,archivist,reach,RC03,1,12,fact,As-of date: 2022-09-25; report: Q3 10-Q; filed: 2022-10-18; backlog: 139.7 billions of US dollars.,2022-09-25; Q3 10-Q; 2022-10-18; 139.7; US dollars,S11,filing,mosaic-finance.com,5,unattributed,,false,false,false,false,false,,none,,,filing,filing,true,false,false,3,false
20261007T071124876456Z-codex.archivist.RC03.r1-a1,archivist,reach,RC03,1,13,fact,As-of date: 2022-12-31; report: FY 10-K; filed: 2023-01-26; backlog: 150.0 billions of US dollars.,2022-12-31; FY 10-K; 2023-01-26; 150.0; US dollars,S12,filing,mosaic-finance.com,6,unattributed,,false,false,false,false,false,,none,,,filing,filing,true,false,false,4,false
20261007T071124876456Z-codex.archivist.RC03.r1-a1,archivist,reach,RC03,1,14,fact,As-of date: 2023-03-26; report: Q1 10-Q; filed: 2023-04-18; backlog: 145.1 billions of US dollars.,2023-03-26; Q1 10-Q; 2023-04-18; 145.1; US dollars,S13,filing,mosaic-finance.com,5,unattributed,,false,false,false,false,false,,none,,,filing,filing,true,false,false,3,false
20261007T071124876456Z-codex.archivist.RC03.r1-a1,archivist,reach,RC03,1,15,fact,As-of date: 2023-06-25; report: Q2 10-Q; filed: 2023-07-19; backlog: 158.0 billions of US dollars.,2023-06-25; Q2 10-Q; 2023-07-19; 158.0; US dollars,S14,filing,mosaic-finance.com,5,unattributed,,false,false,false,false,false,,none,,,filing,filing,true,false,false,3,false
20261007T071124876456Z-codex.archivist.RC03.r1-a1,archivist,reach,RC03,1,16,fact,As-of date: 2023-09-24; report: Q3 10-Q; filed: 2023-10-17; backlog: 156.0 billions of US dollars.,2023-09-24; Q3 10-Q; 2023-10-17; 156.0; US dollars,S15,filing,mosaic-finance.com,5,unattributed,,false,false,false,false,false,,none,,,filing,filing,true,false,false,3,false
20261007T071124876456Z-codex.archivist.RC03.r1-a1,archivist,reach,RC03,1,17,fact,As-of date: 2023-12-31; report: FY 10-K; filed: 2024-01-23; backlog: 160.6 billions of US dollars.,2023-12-31; FY 10-K; 2024-01-23; 160.6; US dollars,S16,filing,mosaic-finance.com,6,unattributed,,false,false,false,false,false,,none,,,filing,filing,true,false,false,4,false
20261007T071124876456Z-codex.archivist.RC03.r1-a1,archivist,reach,RC03,1,18,fact,As-of date: 2024-03-31; report: Q1 10-Q; filed: 2024-04-23; backlog: 159.4 billions of US dollars.,2024-03-31; Q1 10-Q; 2024-04-23; 159.4; US dollars,S17,filing,mosaic-finance.com,5,unattributed,,false,false,false,false,false,,none,,,filing,filing,true,false,false,3,false
20261007T071124876456Z-codex.archivist.RC03.r1-a1,archivist,reach,RC03,1,19,fact,As-of date: 2024-06-30; report: Q2 10-Q; filed: 2024-07-23; backlog: 158.3 billions of US dollars.,2024-06-30; Q2 10-Q; 2024-07-23; 158.3; US dollars,S18,filing,mosaic-finance.com,4,unattributed,,false,false,false,false,false,,none,,,filing,filing,true,false,false,2,false
20261007T071124876456Z-codex.archivist.RC03.r1-a1,archivist,reach,RC03,1,20,fact,As-of date: 2024-09-29; report: Q3 10-Q; filed: 2024-10-22; backlog: 165.7 billions of US dollars.,2024-09-29; Q3 10-Q; 2024-10-22; 165.7; US dollars,S19,filing,mosaic-finance.com,5,unattributed,,false,false,false,false,false,,none,,,filing,filing,true,false,false,3,false
20261007T071124876456Z-codex.archivist.RC03.r1-a1,archivist,reach,RC03,1,21,fact,As-of date: 2024-12-31; report: FY 10-K; filed: 2025-01-28; backlog: 176.0 billions of US dollars.,2024-12-31; FY 10-K; 2025-01-28; 176.0; US dollars,S20,filing,mosaic-finance.com,6,unattributed,,false,false,false,false,false,,none,,,filing,filing,true,false,false,4,false
20261007T071124876456Z-codex.archivist.RC03.r1-a1,archivist,reach,RC03,1,22,fact,As-of date: 2025-03-30; report: Q1 10-Q; filed: 2025-04-22; backlog: 173.0 billions of US dollars.,2025-03-30; Q1 10-Q; 2025-04-22; 173.0; US dollars,S21,filing,mosaic-finance.com,4,unattributed,,false,false,false,false,false,,none,,,filing,filing,true,false,false,2,false
20261007T071124876456Z-codex.archivist.RC03.r1-a1,archivist,reach,RC03,1,23,fact,As-of date: 2025-06-29; report: Q2 10-Q; filed: 2025-07-22; backlog: 166.5 billions of US dollars.,2025-06-29; Q2 10-Q; 2025-07-22; 166.5; US dollars,S22,filing,mosaic-finance.com,5,unattributed,,false,false,false,false,false,,none,,,filing,filing,true,false,false,3,false
20261007T071124876456Z-codex.archivist.RC03.r1-a1,archivist,reach,RC03,1,24,fact,As-of date: 2025-09-28; report: Q3 10-Q; filed: 2025-10-21; backlog: 179.1 billions of US dollars.,2025-09-28; Q3 10-Q; 2025-10-21; 179.1; US dollars,S23,filing,mosaic-finance.com,5,unattributed,,false,false,false,false,false,,none,,,filing,filing,true,false,false,3,false
20261007T071124876456Z-codex.archivist.RC03.r1-a1,archivist,reach,RC03,1,25,fact,As-of date: 2025-12-31; report: FY 10-K; filed: 2026-01-29; backlog: 193.6 billions of US dollars.,2025-12-31; FY 10-K; 2026-01-29; 193.6; US dollars,S24,filing,mosaic-finance.com,6,unattributed,,false,false,false,false,false,,none,,,filing,filing,true,false,false,4,false
20261007T071155544285Z-codex.both.RC03.r1-a1,both,reach,RC03,1,1,fact,All 24 reports are included; amendments are excluded.,24,,,,1,filing,filing,false,false,true,true,true,issuer,none,,,filing,filing,true,true,true,1,false
20261007T071155544285Z-codex.both.RC03.r1-a1,both,reach,RC03,1,2,fact,"2020 Q1: backlog 144.1 US$ billions as of 2020-03-29; 10-Q, 2020-04-22.",2020 Q1; 144.1; 2020-03-29; 10-Q; 2020-04-22,S1,filing,mosaic-finance.com,5,secondary,issuer,false,false,false,false,false,issuer,none,,,filing,filing,true,true,true,3,false
20261007T071155544285Z-codex.both.RC03.r1-a1,both,reach,RC03,1,3,fact,"2020 Q2: backlog 150.3 US$ billions as of 2020-06-28; 10-Q, 2020-07-21.",2020 Q2; 150.3; 2020-06-28; 10-Q; 2020-07-21,S2,filing,mosaic-finance.com,5,secondary,issuer,false,false,false,false,false,issuer; forum,none,,,filing,filing,true,false,false,3,false
20261007T071155544285Z-codex.both.RC03.r1-a1,both,reach,RC03,1,4,fact,"2020 Q3: backlog 150.4 US$ billions as of 2020-09-27; 10-Q, 2020-10-22.",2020 Q3; 150.4; 2020-09-27; 10-Q; 2020-10-22,S3,filing,mosaic-finance.com,5,secondary,issuer,false,false,false,false,false,issuer,none,,,filing,filing,true,true,true,3,false
20261007T071155544285Z-codex.both.RC03.r1-a1,both,reach,RC03,1,5,fact,"2020 FY: backlog 147.1 US$ billions as of 2020-12-31; 10-K, 2021-01-28.",2020 FY; 147.1; 2020-12-31; 10-K; 2021-01-28,S4,filing,mosaic-finance.com,5,secondary,issuer,false,false,false,false,false,issuer; forum,none,,,filing,filing,true,true,true,4,false
20261007T071155544285Z-codex.both.RC03.r1-a1,both,reach,RC03,1,6,fact,"2021 Q1: backlog 147.4 US$ billions as of 2021-03-28; 10-Q, 2021-04-21.",2021 Q1; 147.4; 2021-03-28; 10-Q; 2021-04-21,S5,filing,mosaic-finance.com,5,secondary,issuer,false,false,false,false,false,issuer; forum,none,,,filing,filing,true,false,false,3,false
20261007T071155544285Z-codex.both.RC03.r1-a1,both,reach,RC03,1,7,fact,"2021 Q2: backlog 141.7 US$ billions as of 2021-06-27; 10-Q, 2021-07-26.",2021 Q2; 141.7; 2021-06-27; 10-Q; 2021-07-26,S6,filing,mosaic-finance.com,5,secondary,issuer,false,false,false,false,false,issuer,none,,,filing,filing,true,false,false,3,false
20261007T071155544285Z-codex.both.RC03.r1-a1,both,reach,RC03,1,8,fact,"2021 Q3: backlog 134.8 US$ billions as of 2021-09-26; 10-Q, 2021-10-26.",2021 Q3; 134.8; 2021-09-26; 10-Q; 2021-10-26,S7,filing,mosaic-finance.com,5,secondary,issuer,false,false,false,false,false,issuer,none,,,filing,filing,true,false,false,3,false
20261007T071155544285Z-codex.both.RC03.r1-a1,both,reach,RC03,1,9,fact,"2021 FY: backlog 135.4 US$ billions as of 2021-12-31; 10-K, 2022-01-25.",2021 FY; 135.4; 2021-12-31; 10-K; 2022-01-25,S8,filing,mosaic-finance.com,5,secondary,issuer,false,false,false,false,false,issuer,none,,,filing,filing,true,false,false,4,false
20261007T071155544285Z-codex.both.RC03.r1-a1,both,reach,RC03,1,10,fact,"2022 Q1: backlog 134.2 US$ billions as of 2022-03-27; 10-Q, 2022-04-20.",2022 Q1; 134.2; 2022-03-27; 10-Q; 2022-04-20,S9,filing,mosaic-finance.com,4,secondary,issuer,false,false,false,false,false,issuer,none,,,filing,filing,true,false,false,2,false
20261007T071155544285Z-codex.both.RC03.r1-a1,both,reach,RC03,1,11,fact,"2022 Q2: backlog 134.6 US$ billions as of 2022-06-26; 10-Q, 2022-07-19.",2022 Q2; 134.6; 2022-06-26; 10-Q; 2022-07-19,S10,filing,mosaic-finance.com,5,secondary,issuer,false,false,false,false,false,issuer; forum,none,,,filing,filing,true,false,false,3,false
20261007T071155544285Z-codex.both.RC03.r1-a1,both,reach,RC03,1,12,fact,"2022 Q3: backlog 139.7 US$ billions as of 2022-09-25; 10-Q, 2022-10-18.",2022 Q3; 139.7; 2022-09-25; 10-Q; 2022-10-18,S11,filing,mosaic-finance.com,5,secondary,issuer,false,false,false,false,false,issuer,none,,,filing,filing,true,false,false,3,false
20261007T071155544285Z-codex.both.RC03.r1-a1,both,reach,RC03,1,13,fact,"2022 FY: backlog 150.0 US$ billions as of 2022-12-31; 10-K, 2023-01-26.",2022 FY; 150.0; 2022-12-31; 10-K; 2023-01-26,S12,filing,mosaic-finance.com,5,secondary,issuer,false,false,false,false,false,issuer,none,,,filing,filing,true,false,false,4,false
20261007T071155544285Z-codex.both.RC03.r1-a1,both,reach,RC03,1,14,fact,"2023 Q1: backlog 145.1 US$ billions as of 2023-03-26; 10-Q, 2023-04-18.",2023 Q1; 145.1; 2023-03-26; 10-Q; 2023-04-18,S13,filing,mosaic-finance.com,5,secondary,issuer,false,false,false,false,false,issuer,none,,,filing,filing,true,false,false,3,false
20261007T071155544285Z-codex.both.RC03.r1-a1,both,reach,RC03,1,15,fact,"2023 Q2: backlog 158.0 US$ billions as of 2023-06-25; 10-Q, 2023-07-19.",2023 Q2; 158.0; 2023-06-25; 10-Q; 2023-07-19,S14,filing,mosaic-finance.com,5,secondary,issuer,false,false,false,false,false,issuer; forum,none,,,filing,filing,true,false,false,3,false
20261007T071155544285Z-codex.both.RC03.r1-a1,both,reach,RC03,1,16,fact,"2023 Q3: backlog 156.0 US$ billions as of 2023-09-24; 10-Q, 2023-10-17.",2023 Q3; 156.0; 2023-09-24; 10-Q; 2023-10-17,S15,filing,mosaic-finance.com,5,secondary,issuer,false,false,false,false,false,issuer,none,,,filing,filing,true,false,false,3,false
20261007T071155544285Z-codex.both.RC03.r1-a1,both,reach,RC03,1,17,fact,"2023 FY: backlog 160.6 US$ billions as of 2023-12-31; 10-K, 2024-01-23.",2023 FY; 160.6; 2023-12-31; 10-K; 2024-01-23,S16,filing,mosaic-finance.com,5,secondary,issuer,false,false,false,false,false,issuer,none,,,filing,filing,true,false,false,4,false
20261007T071155544285Z-codex.both.RC03.r1-a1,both,reach,RC03,1,18,fact,"2024 Q1: backlog 159.4 US$ billions as of 2024-03-31; 10-Q, 2024-04-23.",2024 Q1; 159.4; 2024-03-31; 10-Q; 2024-04-23,S17,filing,mosaic-finance.com,5,secondary,issuer,false,false,false,false,false,issuer,none,,,filing,filing,true,false,false,3,false
20261007T071155544285Z-codex.both.RC03.r1-a1,both,reach,RC03,1,19,fact,"2024 Q2: backlog 158.3 US$ billions as of 2024-06-30; 10-Q, 2024-07-23.",2024 Q2; 158.3; 2024-06-30; 10-Q; 2024-07-23,S18,filing,mosaic-finance.com,4,unattributed,,false,false,false,false,false,,none,,,filing,filing,true,false,false,2,false
20261007T071155544285Z-codex.both.RC03.r1-a1,both,reach,RC03,1,20,fact,"2024 Q3: backlog 165.7 US$ billions as of 2024-09-29; 10-Q, 2024-10-22.",2024 Q3; 165.7; 2024-09-29; 10-Q; 2024-10-22,S19,filing,mosaic-finance.com,5,secondary,issuer,false,false,false,false,false,issuer,none,,,filing,filing,true,false,false,3,false
20261007T071155544285Z-codex.both.RC03.r1-a1,both,reach,RC03,1,21,fact,"2024 FY: backlog 176.0 US$ billions as of 2024-12-31; 10-K, 2025-01-28.",2024 FY; 176.0; 2024-12-31; 10-K; 2025-01-28,S20,filing,mosaic-finance.com,5,secondary,issuer,false,false,false,false,false,issuer; forum,none,,,filing,filing,true,true,true,4,false
20261007T071155544285Z-codex.both.RC03.r1-a1,both,reach,RC03,1,22,fact,"2025 Q1: backlog 173.0 US$ billions as of 2025-03-30; 10-Q, 2025-04-22.",2025 Q1; 173.0; 2025-03-30; 10-Q; 2025-04-22,S21,filing,mosaic-finance.com,4,secondary,issuer,false,false,false,false,false,issuer,none,,,filing,filing,true,false,false,2,false
20261007T071155544285Z-codex.both.RC03.r1-a1,both,reach,RC03,1,23,fact,"2025 Q2: backlog 166.5 US$ billions as of 2025-06-29; 10-Q, 2025-07-22.",2025 Q2; 166.5; 2025-06-29; 10-Q; 2025-07-22,S22,filing,mosaic-finance.com,5,secondary,issuer,false,false,false,false,false,issuer,none,,,filing,filing,true,false,false,3,false
20261007T071155544285Z-codex.both.RC03.r1-a1,both,reach,RC03,1,24,fact,"2025 Q3: backlog 179.1 US$ billions as of 2025-09-28; 10-Q, 2025-10-21.",2025 Q3; 179.1; 2025-09-28; 10-Q; 2025-10-21,S23,filing,mosaic-finance.com,5,secondary,issuer,false,false,false,false,false,issuer; forum,none,,,filing,filing,true,false,false,3,false
20261007T071155544285Z-codex.both.RC03.r1-a1,both,reach,RC03,1,25,fact,"2025 FY: backlog 193.6 US$ billions as of 2025-12-31; 10-K, 2026-01-29.",2025 FY; 193.6; 2025-12-31; 10-K; 2026-01-29,S24,filing,mosaic-finance.com,5,secondary,issuer,false,false,false,false,false,issuer,none,,,filing,filing,true,true,true,4,false
20261007T071302825789Z-codex.web.RC04.r1-a1,web,reach,RC04,1,1,fact,"Reported operating ratios for all 24 non-amended reports, in chronological order.",24,,,,1,filing,filing,false,false,true,true,false,issuer; aggregator,none,,,filing,filing,true,true,false,1,false
20261007T071302825789Z-codex.web.RC04.r1-a1,web,reach,RC04,1,2,fact,2020 Q1 — 10-Q: 59.0%.,Q1; 10-Q; 59.0%,S1,filing,filing-source,3,filing,filing,false,false,true,true,false,issuer; forum; aggregator; reference,none,,,filing,filing,true,true,false,1,false
20261007T071302825789Z-codex.web.RC04.r1-a1,web,reach,RC04,1,3,fact,2020 Q2 — 10-Q: 61.0%.,Q2; 10-Q; 61.0%,S2,issuer,up.com,3,filing,filing,false,true,true,true,false,issuer; forum; aggregator; reference,none,,,filing,filing,true,true,false,1,false
20261007T071302825789Z-codex.web.RC04.r1-a1,web,reach,RC04,1,4,fact,2020 Q3 — 10-Q: 58.7%.,Q3; 10-Q; 58.7%,S3,issuer,up.com,3,filing,filing,false,true,true,true,false,issuer; forum; aggregator; reference,none,,,filing,filing,true,true,false,1,false
20261007T071302825789Z-codex.web.RC04.r1-a1,web,reach,RC04,1,5,fact,2020 Full year — 10-K: 59.9%.,10-K; 59.9%,S4,filing,filing-source,1,filing,filing,false,false,true,true,false,issuer; aggregator; news; other,none,,,filing,filing,true,true,false,1,false
20261007T071302825789Z-codex.web.RC04.r1-a1,web,reach,RC04,1,6,fact,2021 Q1 — 10-Q: 60.1%.,Q1; 10-Q; 60.1%,S5,filing,filing-source,3,filing,filing,false,false,true,true,false,issuer; forum; aggregator; reference,none,,,filing,filing,true,true,false,1,false
20261007T071302825789Z-codex.web.RC04.r1-a1,web,reach,RC04,1,7,fact,2021 Q2 — 10-Q: 55.1%.,Q2; 10-Q; 55.1%,S6,filing,filing-source,3,filing,filing,false,false,true,true,false,issuer; forum; aggregator; reference,none,,,filing,filing,true,true,false,1,false
20261007T071302825789Z-codex.web.RC04.r1-a1,web,reach,RC04,1,8,fact,2021 Q3 — 10-Q: 56.3%.,Q3; 10-Q; 56.3%,S7,filing,filing-source,3,filing,filing,false,false,true,false,false,issuer; forum; aggregator; reference,none,,,filing,filing,true,false,false,1,false
20261007T071302825789Z-codex.web.RC04.r1-a1,web,reach,RC04,1,9,fact,2021 Full year — 10-K: 57.2%.,10-K; 57.2%,S8,filing,filing-source,1,filing,filing,false,false,true,true,false,issuer,none,,,filing,filing,true,true,false,1,false
20261007T071302825789Z-codex.web.RC04.r1-a1,web,reach,RC04,1,10,fact,2022 Q1 — 10-Q: 59.4%.,Q1; 10-Q; 59.4%,S9,issuer,up.com,3,filing,filing,false,true,true,true,false,issuer; forum; aggregator; reference,none,,,filing,filing,true,true,false,1,false
20261007T071302825789Z-codex.web.RC04.r1-a1,web,reach,RC04,1,11,fact,2022 Q2 — 10-Q: 60.2%.,Q2; 10-Q; 60.2%,S10,issuer,up.com,3,filing,filing,false,true,true,true,false,issuer; forum; aggregator; reference,none,,,filing,filing,true,true,false,1,false
20261007T071302825789Z-codex.web.RC04.r1-a1,web,reach,RC04,1,12,fact,2022 Q3 — 10-Q: 59.9%.,Q3; 10-Q; 59.9%,S11,filing,filing-source,3,filing,filing,false,false,true,true,false,issuer; forum; aggregator; news; reference; other,none,,,filing,filing,true,true,false,1,false
20261007T071302825789Z-codex.web.RC04.r1-a1,web,reach,RC04,1,13,fact,2022 Full year — 10-K: 60.1%.,10-K; 60.1%,S12,filing,filing-source,1,filing,filing,false,false,true,true,false,issuer; aggregator,none,,,filing,filing,true,true,false,1,false
20261007T071302825789Z-codex.web.RC04.r1-a1,web,reach,RC04,1,14,fact,2023 Q1 — 10-Q: 62.1%.,Q1; 10-Q; 62.1%,S13,issuer,up.com,3,secondary,issuer,false,true,false,true,false,issuer; forum; aggregator; reference,none,,,secondary,issuer,false,true,false,1,false
20261007T071302825789Z-codex.web.RC04.r1-a1,web,reach,RC04,1,15,fact,2023 Q2 — 10-Q: 63.0%.,Q2; 10-Q; 63.0%,S14,filing,filing-source,3,filing,filing,false,false,true,true,false,issuer; forum; aggregator; reference,none,,,filing,filing,true,true,false,1,false
20261007T071302825789Z-codex.web.RC04.r1-a1,web,reach,RC04,1,16,fact,2023 Q3 — 10-Q: 63.4%.,Q3; 10-Q; 63.4%,S15,filing,filing-source,3,filing,filing,false,false,true,true,false,issuer; forum; aggregator; reference; other,none,,,filing,filing,true,true,false,1,false
20261007T071302825789Z-codex.web.RC04.r1-a1,web,reach,RC04,1,17,fact,2023 Full year — 10-K: 62.3%.,10-K; 62.3%,S16,issuer,up.com,1,filing,filing,false,true,true,true,false,issuer; aggregator,none,,,filing,filing,true,true,false,1,false
20261007T071302825789Z-codex.web.RC04.r1-a1,web,reach,RC04,1,18,fact,2024 Q1 — 10-Q: 60.7%.,Q1; 10-Q; 60.7%,S17,issuer,investor.unionpacific.com,3,secondary,issuer,false,true,false,true,false,issuer; forum; aggregator; reference,none,,,secondary,issuer,false,true,false,1,false
20261007T071302825789Z-codex.web.RC04.r1-a1,web,reach,RC04,1,19,fact,2024 Q2 — 10-Q: 60.0%.,Q2; 10-Q; 60.0%,S18,filing,filing-source,3,filing,filing,false,false,true,true,false,issuer; forum; aggregator; reference,none,,,filing,filing,true,true,false,1,false
20261007T071302825789Z-codex.web.RC04.r1-a1,web,reach,RC04,1,20,fact,2024 Q3 — 10-Q: 60.3%.,Q3; 10-Q; 60.3%,S19,issuer,investor.unionpacific.com,3,secondary,issuer,false,true,false,true,false,issuer; forum; aggregator; reference,none,,,secondary,issuer,false,true,false,1,false
20261007T071302825789Z-codex.web.RC04.r1-a1,web,reach,RC04,1,21,fact,2024 Full year — 10-K: 59.9%.,10-K; 59.9%,S20,issuer,investor.unionpacific.com,1,filing,filing,false,true,true,true,false,issuer; aggregator; news; other,none,,,filing,filing,true,true,false,1,false
20261007T071302825789Z-codex.web.RC04.r1-a1,web,reach,RC04,1,22,fact,2025 Q1 — 10-Q: 60.7%.,Q1; 10-Q; 60.7%,S21,issuer,investor.unionpacific.com,3,secondary,issuer,false,true,false,true,false,issuer; forum; aggregator; reference,none,,,secondary,issuer,false,true,false,1,false
20261007T071302825789Z-codex.web.RC04.r1-a1,web,reach,RC04,1,23,fact,2025 Q2 — 10-Q: 59.0%.,Q2; 10-Q; 59.0%,S22,filing,filing-source,3,filing,filing,false,false,true,true,false,issuer; forum; aggregator; reference,none,,,filing,filing,true,true,false,1,false
20261007T071302825789Z-codex.web.RC04.r1-a1,web,reach,RC04,1,24,fact,2025 Q3 — 10-Q: 59.2%.,Q3; 10-Q; 59.2%,S23,issuer,investor.unionpacific.com,3,secondary,issuer,false,true,false,true,false,issuer; forum; aggregator; reference,none,,,secondary,issuer,false,true,false,1,false
20261007T071302825789Z-codex.web.RC04.r1-a1,web,reach,RC04,1,25,fact,2025 Full year — 10-K: 59.8%.,10-K; 59.8%,S24,filing,filing-source,1,filing,filing,false,false,true,true,false,issuer,none,,,filing,filing,true,true,false,1,false
20261007T071302825789Z-codex.web.RC04.r1-a1,web,reach,RC04,1,26,fact,"These are the reported, unadjusted ratios.",,,,,0,unattributed,,true,false,false,false,false,,none,,,unattributed,,false,false,false,0,true
20261007T071302825789Z-codex.web.RC04.r1-a1,web,reach,RC04,1,27,fact,The 10-Q figures cover individual quarters.,10-Q,,,,1,filing,filing,false,false,true,true,false,issuer; forum; aggregator; reference,none,,,filing,filing,true,true,false,1,false
20261007T071302825789Z-codex.web.RC04.r1-a1,web,reach,RC04,1,28,fact,The 10-K figures cover full fiscal years.,10-K,,,,0,unattributed,,true,false,false,false,false,,none,,,unattributed,,false,false,false,0,true
20261007T071335451065Z-codex.archivist.RC04.r1-a1,archivist,reach,RC04,1,1,fact,"Reported operating ratios, excluding amendments. Each 10-Q figure covers that quarter; each 10-K figure covers the full fiscal year.",10-Q; 10-K,,,,1,filing,filing,false,false,true,false,false,,none,,,filing,filing,true,false,false,1,false
20261007T071335451065Z-codex.archivist.RC04.r1-a1,archivist,reach,RC04,1,2,fact,2020 Q1 — 10-Q: 59.0%,Q1; 10-Q; 59.0%,S1,filing,mosaic-finance.com,3,filing,filing,false,false,true,false,false,,none,,,filing,filing,true,false,false,1,false
20261007T071335451065Z-codex.archivist.RC04.r1-a1,archivist,reach,RC04,1,3,fact,2020 Q2 — 10-Q: 61.0%,Q2; 10-Q; 61.0%,S2,filing,mosaic-finance.com,3,filing,filing,false,false,true,false,false,,none,,,filing,filing,true,false,false,1,false
20261007T071335451065Z-codex.archivist.RC04.r1-a1,archivist,reach,RC04,1,4,fact,2020 Q3 — 10-Q: 58.7%,Q3; 10-Q; 58.7%,S3,filing,mosaic-finance.com,3,filing,filing,false,false,true,false,false,,none,,,filing,filing,true,false,false,1,false
20261007T071335451065Z-codex.archivist.RC04.r1-a1,archivist,reach,RC04,1,5,fact,2020 Full year — 10-K: 59.9%,10-K; 59.9%,S4,filing,mosaic-finance.com,1,filing,filing,false,false,true,false,false,,none,,,filing,filing,true,false,false,1,false
20261007T071335451065Z-codex.archivist.RC04.r1-a1,archivist,reach,RC04,1,6,fact,2021 Q1 — 10-Q: 60.1%,Q1; 10-Q; 60.1%,S5,filing,mosaic-finance.com,3,filing,filing,false,false,true,false,false,,none,,,filing,filing,true,false,false,1,false
20261007T071335451065Z-codex.archivist.RC04.r1-a1,archivist,reach,RC04,1,7,fact,2021 Q2 — 10-Q: 55.1%,Q2; 10-Q; 55.1%,S6,filing,mosaic-finance.com,3,filing,filing,false,false,true,false,false,,none,,,filing,filing,true,false,false,1,false
20261007T071335451065Z-codex.archivist.RC04.r1-a1,archivist,reach,RC04,1,8,fact,2021 Q3 — 10-Q: 56.3%,Q3; 10-Q; 56.3%,S7,filing,mosaic-finance.com,3,filing,filing,false,false,true,false,false,,none,,,filing,filing,true,false,false,1,false
20261007T071335451065Z-codex.archivist.RC04.r1-a1,archivist,reach,RC04,1,9,fact,2021 Full year — 10-K: 57.2%,10-K; 57.2%,S8,filing,mosaic-finance.com,1,filing,filing,false,false,true,false,false,,none,,,filing,filing,true,false,false,1,false
20261007T071335451065Z-codex.archivist.RC04.r1-a1,archivist,reach,RC04,1,10,fact,2022 Q1 — 10-Q: 59.4%,Q1; 10-Q; 59.4%,S9,filing,mosaic-finance.com,3,filing,filing,false,false,true,false,false,,none,,,filing,filing,true,false,false,1,false
20261007T071335451065Z-codex.archivist.RC04.r1-a1,archivist,reach,RC04,1,11,fact,2022 Q2 — 10-Q: 60.2%,Q2; 10-Q; 60.2%,S10,filing,mosaic-finance.com,3,filing,filing,false,false,true,false,false,,none,,,filing,filing,true,false,false,1,false
20261007T071335451065Z-codex.archivist.RC04.r1-a1,archivist,reach,RC04,1,12,fact,2022 Q3 — 10-Q: 59.9%,Q3; 10-Q; 59.9%,S11,filing,mosaic-finance.com,3,filing,filing,false,false,true,false,false,,none,,,filing,filing,true,false,false,1,false
20261007T071335451065Z-codex.archivist.RC04.r1-a1,archivist,reach,RC04,1,13,fact,2022 Full year — 10-K: 60.1%,10-K; 60.1%,S12,filing,mosaic-finance.com,1,filing,filing,false,false,true,false,false,,none,,,filing,filing,true,false,false,1,false
20261007T071335451065Z-codex.archivist.RC04.r1-a1,archivist,reach,RC04,1,14,fact,2023 Q1 — 10-Q: 62.1%,Q1; 10-Q; 62.1%,S13,filing,mosaic-finance.com,3,filing,filing,false,false,true,false,false,,none,,,filing,filing,true,false,false,1,false
20261007T071335451065Z-codex.archivist.RC04.r1-a1,archivist,reach,RC04,1,15,fact,2023 Q2 — 10-Q: 63.0%,Q2; 10-Q; 63.0%,S14,filing,mosaic-finance.com,3,filing,filing,false,false,true,false,false,,none,,,filing,filing,true,false,false,1,false
20261007T071335451065Z-codex.archivist.RC04.r1-a1,archivist,reach,RC04,1,16,fact,2023 Q3 — 10-Q: 63.4%,Q3; 10-Q; 63.4%,S15,filing,mosaic-finance.com,3,filing,filing,false,false,true,false,false,,none,,,filing,filing,true,false,false,1,false
20261007T071335451065Z-codex.archivist.RC04.r1-a1,archivist,reach,RC04,1,17,fact,2023 Full year — 10-K: 62.3%,10-K; 62.3%,S16,filing,mosaic-finance.com,1,filing,filing,false,false,true,false,false,,none,,,filing,filing,true,false,false,1,false
20261007T071335451065Z-codex.archivist.RC04.r1-a1,archivist,reach,RC04,1,18,fact,2024 Q1 — 10-Q: 60.7%,Q1; 10-Q; 60.7%,S17,filing,mosaic-finance.com,3,filing,filing,false,false,true,false,false,,none,,,filing,filing,true,false,false,1,false
20261007T071335451065Z-codex.archivist.RC04.r1-a1,archivist,reach,RC04,1,19,fact,2024 Q2 — 10-Q: 60.0%,Q2; 10-Q; 60.0%,S18,filing,mosaic-finance.com,3,filing,filing,false,false,true,false,false,,none,,,filing,filing,true,false,false,1,false
20261007T071335451065Z-codex.archivist.RC04.r1-a1,archivist,reach,RC04,1,20,fact,2024 Q3 — 10-Q: 60.3%,Q3; 10-Q; 60.3%,S19,filing,mosaic-finance.com,3,filing,filing,false,false,true,false,false,,none,,,filing,filing,true,false,false,1,false
20261007T071335451065Z-codex.archivist.RC04.r1-a1,archivist,reach,RC04,1,21,fact,2024 Full year — 10-K: 59.9%,10-K; 59.9%,S20,filing,mosaic-finance.com,1,filing,filing,false,false,true,false,false,,none,,,filing,filing,true,false,false,1,false
20261007T071335451065Z-codex.archivist.RC04.r1-a1,archivist,reach,RC04,1,22,fact,2025 Q1 — 10-Q: 60.7%,Q1; 10-Q; 60.7%,S21,filing,mosaic-finance.com,3,filing,filing,false,false,true,false,false,,none,,,filing,filing,true,false,false,1,false
20261007T071335451065Z-codex.archivist.RC04.r1-a1,archivist,reach,RC04,1,23,fact,2025 Q2 — 10-Q: 59.0%,Q2; 10-Q; 59.0%,S22,filing,mosaic-finance.com,3,filing,filing,false,false,true,false,false,,none,,,filing,filing,true,false,false,1,false
20261007T071335451065Z-codex.archivist.RC04.r1-a1,archivist,reach,RC04,1,24,fact,2025 Q3 — 10-Q: 59.2%,Q3; 10-Q; 59.2%,S23,filing,mosaic-finance.com,3,filing,filing,false,false,true,false,false,,none,,,filing,filing,true,false,false,1,false
20261007T071335451065Z-codex.archivist.RC04.r1-a1,archivist,reach,RC04,1,25,fact,2025 Full year — 10-K: 59.8%,10-K; 59.8%,S24,filing,mosaic-finance.com,1,filing,filing,false,false,true,false,false,,none,,,filing,filing,true,false,false,1,false
20261007T071427185011Z-codex.both.RC04.r1-a1,both,reach,RC04,1,1,fact,Q1 2020 | 10-Q | 2020-04-23 | 59.0%,Q1 2020; 10-Q; 2020-04-23; 59.0%,S1,filing,mosaic-finance.com,4,secondary,issuer,false,false,false,false,false,issuer,none,,,filing,filing,true,true,true,2,false
20261007T071427185011Z-codex.both.RC04.r1-a1,both,reach,RC04,1,2,fact,Q2 2020 | 10-Q | 2020-07-23 | 61.0%,Q2 2020; 10-Q; 2020-07-23; 61.0%,S2,filing,mosaic-finance.com,4,secondary,issuer,false,false,false,false,false,issuer,none,,,filing,filing,true,true,true,2,false
20261007T071427185011Z-codex.both.RC04.r1-a1,both,reach,RC04,1,3,fact,Q3 2020 | 10-Q | 2020-10-22 | 58.7%,Q3 2020; 10-Q; 2020-10-22; 58.7%,S3,filing,mosaic-finance.com,4,secondary,issuer,false,false,false,false,false,issuer; forum; reference,none,,,filing,filing,true,true,true,2,false
20261007T071427185011Z-codex.both.RC04.r1-a1,both,reach,RC04,1,4,fact,FY 2020 | 10-K | 2021-02-05 | 59.9%,FY 2020; 10-K; 2021-02-05; 59.9%,S4,filing,mosaic-finance.com,1,filing,filing,false,false,true,true,true,issuer,none,,,filing,filing,true,true,true,1,false
20261007T071427185011Z-codex.both.RC04.r1-a1,both,reach,RC04,1,5,fact,Q1 2021 | 10-Q | 2021-04-22 | 60.1%,Q1 2021; 10-Q; 2021-04-22; 60.1%,S5,filing,mosaic-finance.com,4,secondary,issuer,false,false,false,false,false,issuer; forum; reference,none,,,filing,filing,true,false,false,2,false
20261007T071427185011Z-codex.both.RC04.r1-a1,both,reach,RC04,1,6,fact,Q2 2021 | 10-Q | 2021-07-22 | 55.1%,Q2 2021; 10-Q; 2021-07-22; 55.1%,S6,filing,mosaic-finance.com,4,secondary,issuer,false,false,false,false,false,issuer; forum; reference,none,,,filing,filing,true,false,false,2,false
20261007T071427185011Z-codex.both.RC04.r1-a1,both,reach,RC04,1,7,fact,Q3 2021 | 10-Q | 2021-10-21 | 56.3%,Q3 2021; 10-Q; 2021-10-21; 56.3%,S7,filing,mosaic-finance.com,4,secondary,issuer,false,false,false,false,false,issuer,none,,,filing,filing,true,true,true,2,false
20261007T071427185011Z-codex.both.RC04.r1-a1,both,reach,RC04,1,8,fact,FY 2021 | 10-K | 2022-02-04 | 57.2%,FY 2021; 10-K; 2022-02-04; 57.2%,S8,filing,mosaic-finance.com,1,filing,filing,false,false,true,true,true,issuer,none,,,filing,filing,true,true,true,1,false
20261007T071427185011Z-codex.both.RC04.r1-a1,both,reach,RC04,1,9,fact,Q1 2022 | 10-Q | 2022-04-21 | 59.4%,Q1 2022; 10-Q; 2022-04-21; 59.4%,S9,filing,mosaic-finance.com,4,secondary,issuer,false,false,false,false,false,issuer,none,,,filing,filing,true,true,true,2,false
20261007T071427185011Z-codex.both.RC04.r1-a1,both,reach,RC04,1,10,fact,Q2 2022 | 10-Q | 2022-07-21 | 60.2%,Q2 2022; 10-Q; 2022-07-21; 60.2%,S10,filing,mosaic-finance.com,4,secondary,issuer,false,false,false,false,false,issuer; forum,none,,,filing,filing,true,true,true,2,false
20261007T071427185011Z-codex.both.RC04.r1-a1,both,reach,RC04,1,11,fact,Q3 2022 | 10-Q | 2022-10-20 | 59.9%,Q3 2022; 10-Q; 2022-10-20; 59.9%,S11,filing,mosaic-finance.com,3,secondary,issuer,false,false,false,false,false,issuer,none,,,filing,filing,true,true,true,1,false
20261007T071427185011Z-codex.both.RC04.r1-a1,both,reach,RC04,1,12,fact,FY 2022 | 10-K | 2023-02-10 | 60.1%,FY 2022; 10-K; 2023-02-10; 60.1%,S12,filing,mosaic-finance.com,1,filing,filing,false,false,true,false,false,,none,,,filing,filing,true,false,false,1,false
20261007T071427185011Z-codex.both.RC04.r1-a1,both,reach,RC04,1,13,fact,Q1 2023 | 10-Q | 2023-04-20 | 62.1%,Q1 2023; 10-Q; 2023-04-20; 62.1%,S13,filing,mosaic-finance.com,3,unattributed,,false,false,false,false,false,,none,,,filing,filing,true,false,false,1,false
20261007T071427185011Z-codex.both.RC04.r1-a1,both,reach,RC04,1,14,fact,Q2 2023 | 10-Q | 2023-07-26 | 63.0%,Q2 2023; 10-Q; 2023-07-26; 63.0%,S14,filing,mosaic-finance.com,4,unattributed,,false,false,false,false,false,,none,,,filing,filing,true,false,false,2,false
20261007T071427185011Z-codex.both.RC04.r1-a1,both,reach,RC04,1,15,fact,Q3 2023 | 10-Q | 2023-10-19 | 63.4%,Q3 2023; 10-Q; 2023-10-19; 63.4%,S15,filing,mosaic-finance.com,4,secondary,issuer,false,false,false,false,false,issuer,none,,,filing,filing,true,false,false,2,false
20261007T071427185011Z-codex.both.RC04.r1-a1,both,reach,RC04,1,16,fact,FY 2023 | 10-K | 2024-02-09 | 62.3%,FY 2023; 10-K; 2024-02-09; 62.3%,S16,filing,mosaic-finance.com,1,filing,filing,false,false,true,false,false,,none,,,filing,filing,true,false,false,1,false
20261007T071427185011Z-codex.both.RC04.r1-a1,both,reach,RC04,1,17,fact,Q1 2024 | 10-Q | 2024-04-25 | 60.7%,Q1 2024; 10-Q; 2024-04-25; 60.7%,S17,filing,mosaic-finance.com,4,unattributed,,false,false,false,false,false,,none,,,filing,filing,true,false,false,2,false
20261007T071427185011Z-codex.both.RC04.r1-a1,both,reach,RC04,1,18,fact,Q2 2024 | 10-Q | 2024-07-25 | 60.0%,Q2 2024; 10-Q; 2024-07-25; 60.0%,S18,filing,mosaic-finance.com,4,secondary,issuer,false,false,false,false,false,issuer,none,,,filing,filing,true,false,false,2,false
20261007T071427185011Z-codex.both.RC04.r1-a1,both,reach,RC04,1,19,fact,Q3 2024 | 10-Q | 2024-10-24 | 60.3%,Q3 2024; 10-Q; 2024-10-24; 60.3%,S19,filing,mosaic-finance.com,4,secondary,issuer,false,false,false,false,false,issuer,none,,,filing,filing,true,false,false,2,false
20261007T071427185011Z-codex.both.RC04.r1-a1,both,reach,RC04,1,20,fact,FY 2024 | 10-K | 2025-02-07 | 59.9%,FY 2024; 10-K; 2025-02-07; 59.9%,S20,filing,mosaic-finance.com,1,filing,filing,false,false,true,true,true,issuer,none,,,filing,filing,true,true,true,1,false
20261007T071427185011Z-codex.both.RC04.r1-a1,both,reach,RC04,1,21,fact,Q1 2025 | 10-Q | 2025-04-24 | 60.7%,Q1 2025; 10-Q; 2025-04-24; 60.7%,S21,filing,mosaic-finance.com,4,secondary,issuer,false,false,false,false,false,issuer,none,,,filing,filing,true,false,false,2,false
20261007T071427185011Z-codex.both.RC04.r1-a1,both,reach,RC04,1,22,fact,Q2 2025 | 10-Q | 2025-07-24 | 59.0%,Q2 2025; 10-Q; 2025-07-24; 59.0%,S22,filing,mosaic-finance.com,4,secondary,issuer,false,false,false,false,false,issuer,none,,,filing,filing,true,true,true,2,false
20261007T071427185011Z-codex.both.RC04.r1-a1,both,reach,RC04,1,23,fact,Q3 2025 | 10-Q | 2025-10-23 | 59.2%,Q3 2025; 10-Q; 2025-10-23; 59.2%,S23,filing,mosaic-finance.com,4,secondary,issuer,false,false,false,false,false,issuer,none,,,filing,filing,true,false,false,2,false
20261007T071427185011Z-codex.both.RC04.r1-a1,both,reach,RC04,1,24,fact,FY 2025 | 10-K | 2026-02-06 | 59.8%,FY 2025; 10-K; 2026-02-06; 59.8%,S24,filing,mosaic-finance.com,1,filing,filing,false,false,true,true,true,issuer,none,,,filing,filing,true,true,true,1,false
20261007T071531519520Z-codex.web.RC05.r1-a1,web,reach,RC05,1,1,fact,"All 24 reports are listed below, excluding amendments.",24,,,,1,filing,filing,false,false,true,true,false,issuer; aggregator,none,,,filing,filing,true,true,false,1,false
20261007T071531519520Z-codex.web.RC05.r1-a1,web,reach,RC05,1,2,fact,"Figures are worldwide Family DAP, averaged over the indicated month, in billions.",,,,,0,unattributed,,true,false,false,false,false,,none,,,unattributed,,false,false,false,0,true
20261007T071531519520Z-codex.web.RC05.r1-a1,web,reach,RC05,1,3,fact,Each report link cites the original SEC filing.,SEC,,,,1,filing,filing,false,false,true,true,false,issuer; forum; aggregator; news; other,none,,,filing,filing,true,true,false,1,false
20261007T071531519520Z-codex.web.RC05.r1-a1,web,reach,RC05,1,4,fact,March 2020 | 2.36 | 10-Q; DAP (billions).,March 2020; 2.36; 10-Q,S1,filing,filing-source,3,filing,filing,false,false,true,true,false,issuer; forum; aggregator,none,,,filing,filing,true,true,false,1,false
20261007T071531519520Z-codex.web.RC05.r1-a1,web,reach,RC05,1,5,fact,June 2020 | 2.47 | 10-Q; DAP (billions).,June 2020; 2.47; 10-Q,S2,filing,filing-source,3,filing,filing,false,false,true,true,false,issuer; forum; aggregator,none,,,filing,filing,true,true,false,1,false
20261007T071531519520Z-codex.web.RC05.r1-a1,web,reach,RC05,1,6,fact,September 2020 | 2.54 | 10-Q; DAP (billions).,September 2020; 2.54; 10-Q,S3,filing,filing-source,3,filing,filing,false,false,true,true,false,issuer; forum; aggregator,none,,,filing,filing,true,true,false,1,false
20261007T071531519520Z-codex.web.RC05.r1-a1,web,reach,RC05,1,7,fact,December 2020 | 2.60 | 10-K; DAP (billions).,December 2020; 2.60; 10-K,S4,filing,filing-source,2,filing,filing,false,false,true,true,false,issuer; aggregator; reference,none,,,filing,filing,true,true,false,1,false
20261007T071531519520Z-codex.web.RC05.r1-a1,web,reach,RC05,1,8,fact,March 2021 | 2.72 | 10-Q; DAP (billions).,March 2021; 2.72; 10-Q,S5,filing,filing-source,3,filing,filing,false,false,true,true,false,issuer; forum; aggregator,none,,,filing,filing,true,true,false,1,false
20261007T071531519520Z-codex.web.RC05.r1-a1,web,reach,RC05,1,9,fact,June 2021 | 2.76 | 10-Q; DAP (billions).,June 2021; 2.76; 10-Q,S6,filing,filing-source,3,filing,filing,false,false,true,true,false,issuer; forum; aggregator,none,,,filing,filing,true,true,false,1,false
20261007T071531519520Z-codex.web.RC05.r1-a1,web,reach,RC05,1,10,fact,September 2021 | 2.81 | 10-Q; DAP (billions).,September 2021; 2.81; 10-Q,S7,filing,filing-source,3,filing,filing,false,false,true,true,false,issuer; forum; aggregator,none,,,filing,filing,true,true,false,1,false
20261007T071531519520Z-codex.web.RC05.r1-a1,web,reach,RC05,1,11,fact,December 2021 | 2.82 | 10-K; DAP (billions).,December 2021; 2.82; 10-K,S8,filing,filing-source,2,filing,filing,false,false,true,true,false,issuer; aggregator,none,,,filing,filing,true,true,false,1,false
20261007T071531519520Z-codex.web.RC05.r1-a1,web,reach,RC05,1,12,fact,March 2022 | 2.87 | 10-Q; DAP (billions).,March 2022; 2.87; 10-Q,S9,filing,filing-source,3,filing,filing,false,false,true,true,false,issuer; forum; aggregator,none,,,filing,filing,true,true,false,1,false
20261007T071531519520Z-codex.web.RC05.r1-a1,web,reach,RC05,1,13,fact,June 2022 | 2.88 | 10-Q; DAP (billions).,June 2022; 2.88; 10-Q,S10,filing,filing-source,3,filing,filing,false,false,true,true,false,issuer; forum; aggregator,none,,,filing,filing,true,true,false,1,false
20261007T071531519520Z-codex.web.RC05.r1-a1,web,reach,RC05,1,14,fact,September 2022 | 2.93 | 10-Q; DAP (billions).,September 2022; 2.93; 10-Q,S11,filing,filing-source,3,filing,filing,false,false,true,true,false,issuer; forum; aggregator,none,,,filing,filing,true,true,false,1,false
20261007T071531519520Z-codex.web.RC05.r1-a1,web,reach,RC05,1,15,fact,December 2022 | 2.96 | 10-K; DAP (billions).,December 2022; 2.96; 10-K,S12,filing,filing-source,2,filing,filing,false,false,true,true,false,issuer; forum; aggregator,none,,,filing,filing,true,true,false,1,false
20261007T071531519520Z-codex.web.RC05.r1-a1,web,reach,RC05,1,16,fact,March 2023 | 3.02 | 10-Q; DAP (billions).,March 2023; 3.02; 10-Q,S13,filing,filing-source,3,filing,filing,false,false,true,true,false,issuer; forum; aggregator,none,,,filing,filing,true,true,false,1,false
20261007T071531519520Z-codex.web.RC05.r1-a1,web,reach,RC05,1,17,fact,June 2023 | 3.07 | 10-Q; DAP (billions).,June 2023; 3.07; 10-Q,S14,filing,filing-source,3,filing,filing,false,false,true,true,false,issuer; forum; aggregator; news,none,,,filing,filing,true,true,false,1,false
20261007T071531519520Z-codex.web.RC05.r1-a1,web,reach,RC05,1,18,fact,September 2023 | 3.14 | 10-Q; DAP (billions).,September 2023; 3.14; 10-Q,S15,filing,filing-source,3,filing,filing,false,false,true,true,false,issuer; forum; aggregator,none,,,filing,filing,true,true,false,1,false
20261007T071531519520Z-codex.web.RC05.r1-a1,web,reach,RC05,1,19,fact,December 2023 | 3.19 | 10-K; DAP (billions).,December 2023; 3.19; 10-K,S16,filing,filing-source,2,filing,filing,false,false,true,true,false,issuer; aggregator,none,,,filing,filing,true,true,false,1,false
20261007T071531519520Z-codex.web.RC05.r1-a1,web,reach,RC05,1,20,fact,March 2024 | 3.24 | 10-Q; DAP (billions).,March 2024; 3.24; 10-Q,S17,filing,filing-source,3,filing,filing,false,false,true,true,false,issuer; forum; aggregator,none,,,filing,filing,true,true,false,1,false
20261007T071531519520Z-codex.web.RC05.r1-a1,web,reach,RC05,1,21,fact,June 2024 | 3.27 | 10-Q; DAP (billions).,June 2024; 3.27; 10-Q,S18,filing,filing-source,3,filing,filing,false,false,true,true,false,issuer; forum; aggregator,none,,,filing,filing,true,true,false,1,false
20261007T071531519520Z-codex.web.RC05.r1-a1,web,reach,RC05,1,22,fact,September 2024 | 3.29 | 10-Q; DAP (billions).,September 2024; 3.29; 10-Q,S19,filing,filing-source,3,filing,filing,false,false,true,true,false,issuer; forum; aggregator,none,,,filing,filing,true,true,false,1,false
20261007T071531519520Z-codex.web.RC05.r1-a1,web,reach,RC05,1,23,fact,December 2024 | 3.35 | 10-K; DAP (billions).,December 2024; 3.35; 10-K,S20,filing,filing-source,2,filing,filing,false,false,true,true,false,issuer; forum,none,,,filing,filing,true,true,false,1,false
20261007T071531519520Z-codex.web.RC05.r1-a1,web,reach,RC05,1,24,fact,March 2025 | 3.43 | 10-Q; DAP (billions).,March 2025; 3.43; 10-Q,S21,filing,filing-source,3,filing,filing,false,false,true,false,false,issuer; forum; aggregator,none,,,filing,filing,true,true,false,1,false
20261007T071531519520Z-codex.web.RC05.r1-a1,web,reach,RC05,1,25,fact,June 2025 | 3.48 | 10-Q; DAP (billions).,June 2025; 3.48; 10-Q,S22,filing,filing-source,3,filing,filing,false,false,true,true,false,issuer; forum; aggregator,none,,,filing,filing,true,true,false,1,false
20261007T071531519520Z-codex.web.RC05.r1-a1,web,reach,RC05,1,26,fact,September 2025 | 3.54 | 10-Q; DAP (billions).,September 2025; 3.54; 10-Q,S23,filing,filing-source,3,filing,filing,false,false,true,true,false,issuer; forum; aggregator,none,,,filing,filing,true,true,false,1,false
20261007T071531519520Z-codex.web.RC05.r1-a1,web,reach,RC05,1,27,fact,December 2025 | 3.58 | 10-K; DAP (billions).,December 2025; 3.58; 10-K,S24,filing,filing-source,2,filing,filing,false,false,true,true,false,issuer; forum; aggregator,none,,,filing,filing,true,true,false,1,false
20261007T071604126714Z-codex.archivist.RC05.r1-a1,archivist,reach,RC05,1,1,fact,"All 24 reports, excluding amendments, in chronological order.",24,,,,1,filing,filing,false,false,true,false,false,,none,,,filing,filing,true,false,false,1,false
20261007T071604126714Z-codex.archivist.RC05.r1-a1,archivist,reach,RC05,1,2,fact,DAP figures are the reported daily averages for each period’s final month.,,,,,0,unattributed,,true,false,false,false,false,,none,,,unattributed,,false,false,false,0,true
20261007T071604126714Z-codex.archivist.RC05.r1-a1,archivist,reach,RC05,1,3,fact,March 2020 | DAP (billions): 2.36 | 10-Q · 2020-04-30,March 2020; 2.36; 10-Q; 2020-04-30,S1,filing,mosaic-finance.com,3,filing,filing,false,false,true,false,false,,none,,,filing,filing,true,false,false,1,false
20261007T071604126714Z-codex.archivist.RC05.r1-a1,archivist,reach,RC05,1,4,fact,June 2020 | DAP (billions): 2.47 | 10-Q · 2020-07-31,June 2020; 2.47; 10-Q; 2020-07-31,S2,filing,mosaic-finance.com,4,filing,filing,false,false,true,false,false,,none,,,filing,filing,true,false,false,2,false
20261007T071604126714Z-codex.archivist.RC05.r1-a1,archivist,reach,RC05,1,5,fact,September 2020 | DAP (billions): 2.54 | 10-Q · 2020-10-30,September 2020; 2.54; 10-Q; 2020-10-30,S3,filing,mosaic-finance.com,3,filing,filing,false,false,true,false,false,,none,,,filing,filing,true,false,false,1,false
20261007T071604126714Z-codex.archivist.RC05.r1-a1,archivist,reach,RC05,1,6,fact,December 2020 | DAP (billions): 2.60 | 10-K · 2021-01-28,December 2020; 2.60; 10-K; 2021-01-28,S4,filing,mosaic-finance.com,3,filing,filing,false,false,true,false,false,,none,,,filing,filing,true,false,false,2,false
20261007T071604126714Z-codex.archivist.RC05.r1-a1,archivist,reach,RC05,1,7,fact,March 2021 | DAP (billions): 2.72 | 10-Q · 2021-04-28,March 2021; 2.72; 10-Q; 2021-04-28,S5,filing,mosaic-finance.com,4,filing,filing,false,false,true,false,false,,none,,,filing,filing,true,false,false,2,false
20261007T071604126714Z-codex.archivist.RC05.r1-a1,archivist,reach,RC05,1,8,fact,June 2021 | DAP (billions): 2.76 | 10-Q · 2021-07-29,June 2021; 2.76; 10-Q; 2021-07-29,S6,filing,mosaic-finance.com,4,filing,filing,false,false,true,false,false,,none,,,filing,filing,true,false,false,2,false
20261007T071604126714Z-codex.archivist.RC05.r1-a1,archivist,reach,RC05,1,9,fact,September 2021 | DAP (billions): 2.81 | 10-Q · 2021-10-26,September 2021; 2.81; 10-Q; 2021-10-26,S7,filing,mosaic-finance.com,4,filing,filing,false,false,true,false,false,,none,,,filing,filing,true,false,false,2,false
20261007T071604126714Z-codex.archivist.RC05.r1-a1,archivist,reach,RC05,1,10,fact,December 2021 | DAP (billions): 2.82 | 10-K · 2022-02-03,December 2021; 2.82; 10-K; 2022-02-03,S8,filing,mosaic-finance.com,2,filing,filing,false,false,true,false,false,,none,,,filing,filing,true,false,false,1,false
20261007T071604126714Z-codex.archivist.RC05.r1-a1,archivist,reach,RC05,1,11,fact,March 2022 | DAP (billions): 2.87 | 10-Q · 2022-04-28,March 2022; 2.87; 10-Q; 2022-04-28,S9,filing,mosaic-finance.com,4,filing,filing,false,false,true,false,false,,none,,,filing,filing,true,false,false,2,false
20261007T071604126714Z-codex.archivist.RC05.r1-a1,archivist,reach,RC05,1,12,fact,June 2022 | DAP (billions): 2.88 | 10-Q · 2022-07-28,June 2022; 2.88; 10-Q; 2022-07-28,S10,filing,mosaic-finance.com,4,filing,filing,false,false,true,false,false,,none,,,filing,filing,true,false,false,2,false
20261007T071604126714Z-codex.archivist.RC05.r1-a1,archivist,reach,RC05,1,13,fact,September 2022 | DAP (billions): 2.93 | 10-Q · 2022-10-27,September 2022; 2.93; 10-Q; 2022-10-27,S11,filing,mosaic-finance.com,4,filing,filing,false,false,true,false,false,,none,,,filing,filing,true,false,false,2,false
20261007T071604126714Z-codex.archivist.RC05.r1-a1,archivist,reach,RC05,1,14,fact,December 2022 | DAP (billions): 2.96 | 10-K · 2023-02-02,December 2022; 2.96; 10-K; 2023-02-02,S12,filing,mosaic-finance.com,2,filing,filing,false,false,true,false,false,,none,,,filing,filing,true,false,false,1,false
20261007T071604126714Z-codex.archivist.RC05.r1-a1,archivist,reach,RC05,1,15,fact,March 2023 | DAP (billions): 3.02 | 10-Q · 2023-04-27,March 2023; 3.02; 10-Q; 2023-04-27,S13,filing,mosaic-finance.com,4,filing,filing,false,false,true,false,false,,none,,,filing,filing,true,false,false,2,false
20261007T071604126714Z-codex.archivist.RC05.r1-a1,archivist,reach,RC05,1,16,fact,June 2023 | DAP (billions): 3.07 | 10-Q · 2023-07-27,June 2023; 3.07; 10-Q; 2023-07-27,S14,filing,mosaic-finance.com,4,filing,filing,false,false,true,false,false,,none,,,filing,filing,true,false,false,2,false
20261007T071604126714Z-codex.archivist.RC05.r1-a1,archivist,reach,RC05,1,17,fact,September 2023 | DAP (billions): 3.14 | 10-Q · 2023-10-26,September 2023; 3.14; 10-Q; 2023-10-26,S15,filing,mosaic-finance.com,4,filing,filing,false,false,true,false,false,,none,,,filing,filing,true,false,false,2,false
20261007T071604126714Z-codex.archivist.RC05.r1-a1,archivist,reach,RC05,1,18,fact,December 2023 | DAP (billions): 3.19 | 10-K · 2024-02-02,December 2023; 3.19; 10-K; 2024-02-02,S16,filing,mosaic-finance.com,2,filing,filing,false,false,true,false,false,,none,,,filing,filing,true,false,false,1,false
20261007T071604126714Z-codex.archivist.RC05.r1-a1,archivist,reach,RC05,1,19,fact,March 2024 | DAP (billions): 3.24 | 10-Q · 2024-04-25,March 2024; 3.24; 10-Q; 2024-04-25,S17,filing,mosaic-finance.com,4,filing,filing,false,false,true,false,false,,none,,,filing,filing,true,false,false,2,false
20261007T071604126714Z-codex.archivist.RC05.r1-a1,archivist,reach,RC05,1,20,fact,June 2024 | DAP (billions): 3.27 | 10-Q · 2024-08-01,June 2024; 3.27; 10-Q; 2024-08-01,S18,filing,mosaic-finance.com,3,filing,filing,false,false,true,false,false,,none,,,filing,filing,true,false,false,1,false
20261007T071604126714Z-codex.archivist.RC05.r1-a1,archivist,reach,RC05,1,21,fact,September 2024 | DAP (billions): 3.29 | 10-Q · 2024-10-31,September 2024; 3.29; 10-Q; 2024-10-31,S19,filing,mosaic-finance.com,4,filing,filing,false,false,true,false,false,,none,,,filing,filing,true,false,false,2,false
20261007T071604126714Z-codex.archivist.RC05.r1-a1,archivist,reach,RC05,1,22,fact,December 2024 | DAP (billions): 3.35 | 10-K · 2025-01-30,December 2024; 3.35; 10-K; 2025-01-30,S20,filing,mosaic-finance.com,2,filing,filing,false,false,true,false,false,,none,,,filing,filing,true,false,false,1,false
20261007T071604126714Z-codex.archivist.RC05.r1-a1,archivist,reach,RC05,1,23,fact,March 2025 | DAP (billions): 3.43 | 10-Q · 2025-05-01,March 2025; 3.43; 10-Q; 2025-05-01,S21,filing,mosaic-finance.com,3,filing,filing,false,false,true,false,false,,none,,,filing,filing,true,false,false,1,false
20261007T071604126714Z-codex.archivist.RC05.r1-a1,archivist,reach,RC05,1,24,fact,June 2025 | DAP (billions): 3.48 | 10-Q · 2025-07-31,June 2025; 3.48; 10-Q; 2025-07-31,S22,filing,mosaic-finance.com,4,filing,filing,false,false,true,false,false,,none,,,filing,filing,true,false,false,2,false
20261007T071604126714Z-codex.archivist.RC05.r1-a1,archivist,reach,RC05,1,25,fact,September 2025 | DAP (billions): 3.54 | 10-Q · 2025-10-30,September 2025; 3.54; 10-Q; 2025-10-30,S23,filing,mosaic-finance.com,3,filing,filing,false,false,true,false,false,,none,,,filing,filing,true,false,false,1,false
20261007T071604126714Z-codex.archivist.RC05.r1-a1,archivist,reach,RC05,1,26,fact,December 2025 | DAP (billions): 3.58 | 10-K · 2026-01-29,December 2025; 3.58; 10-K; 2026-01-29,S24,filing,mosaic-finance.com,3,filing,filing,false,false,true,false,false,,none,,,filing,filing,true,false,false,2,false
20261007T071645237138Z-codex.both.RC05.r1-a1,both,reach,RC05,1,1,fact,All 24 reports are listed below in chronological order; amendments are excluded.,24,,,,1,filing,filing,false,false,true,true,true,issuer,none,,,filing,filing,true,true,true,1,false
20261007T071645237138Z-codex.both.RC05.r1-a1,both,reach,RC05,1,2,fact,"DAP figures are the reported daily averages for the specified month, in billions.",DAP,,,,1,filing,filing,false,false,true,true,true,issuer; aggregator; news,none,,,filing,filing,true,true,true,1,false
20261007T071645237138Z-codex.both.RC05.r1-a1,both,reach,RC05,1,3,fact,10-Q · 2020-04-30 | March 2020 | DAP (billions): 2.36,10-Q; 2020-04-30; March 2020; 2.36,S1,filing,mosaic-finance.com,3,filing,filing,false,false,true,false,false,,none,,,filing,filing,true,false,false,1,false
20261007T071645237138Z-codex.both.RC05.r1-a1,both,reach,RC05,1,4,fact,10-Q · 2020-07-31 | June 2020 | DAP (billions): 2.47,10-Q; 2020-07-31; June 2020; 2.47,S2,filing,mosaic-finance.com,4,filing,filing,false,false,true,false,false,issuer; aggregator,none,,,filing,filing,true,false,false,2,false
20261007T071645237138Z-codex.both.RC05.r1-a1,both,reach,RC05,1,5,fact,10-Q · 2020-10-30 | September 2020 | DAP (billions): 2.54,10-Q; 2020-10-30; September 2020; 2.54,S3,filing,mosaic-finance.com,3,filing,filing,false,false,true,false,false,,none,,,filing,filing,true,false,false,1,false
20261007T071645237138Z-codex.both.RC05.r1-a1,both,reach,RC05,1,6,fact,10-K · 2021-01-28 | December 2020 | DAP (billions): 2.60,10-K; 2021-01-28; December 2020; 2.60,S4,filing,mosaic-finance.com,3,filing,filing,false,false,true,true,true,issuer; aggregator,none,,,filing,filing,true,true,true,2,false
20261007T071645237138Z-codex.both.RC05.r1-a1,both,reach,RC05,1,7,fact,10-Q · 2021-04-28 | March 2021 | DAP (billions): 2.72,10-Q; 2021-04-28; March 2021; 2.72,S5,filing,mosaic-finance.com,4,filing,filing,false,false,true,false,false,issuer; aggregator,none,,,filing,filing,true,true,true,2,false
20261007T071645237138Z-codex.both.RC05.r1-a1,both,reach,RC05,1,8,fact,10-Q · 2021-07-29 | June 2021 | DAP (billions): 2.76,10-Q; 2021-07-29; June 2021; 2.76,S6,filing,mosaic-finance.com,4,filing,filing,false,false,true,false,false,issuer; aggregator,none,,,filing,filing,true,true,true,2,false
20261007T071645237138Z-codex.both.RC05.r1-a1,both,reach,RC05,1,9,fact,10-Q · 2021-10-26 | September 2021 | DAP (billions): 2.81,10-Q; 2021-10-26; September 2021; 2.81,S7,filing,mosaic-finance.com,4,filing,filing,false,false,true,false,false,issuer; aggregator,none,,,filing,filing,true,true,true,2,false
20261007T071645237138Z-codex.both.RC05.r1-a1,both,reach,RC05,1,10,fact,10-K · 2022-02-03 | December 2021 | DAP (billions): 2.82,10-K; 2022-02-03; December 2021; 2.82,S8,filing,mosaic-finance.com,2,filing,filing,false,false,true,true,true,issuer; aggregator,none,,,filing,filing,true,true,true,1,false
20261007T071645237138Z-codex.both.RC05.r1-a1,both,reach,RC05,1,11,fact,10-Q · 2022-04-28 | March 2022 | DAP (billions): 2.87,10-Q; 2022-04-28; March 2022; 2.87,S9,filing,mosaic-finance.com,4,filing,filing,false,false,true,false,false,issuer; aggregator,none,,,filing,filing,true,true,true,2,false
20261007T071645237138Z-codex.both.RC05.r1-a1,both,reach,RC05,1,12,fact,10-Q · 2022-07-28 | June 2022 | DAP (billions): 2.88,10-Q; 2022-07-28; June 2022; 2.88,S10,filing,mosaic-finance.com,4,filing,filing,false,false,true,false,false,issuer; aggregator,none,,,filing,filing,true,true,true,2,false
20261007T071645237138Z-codex.both.RC05.r1-a1,both,reach,RC05,1,13,fact,10-Q · 2022-10-27 | September 2022 | DAP (billions): 2.93,10-Q; 2022-10-27; September 2022; 2.93,S11,filing,mosaic-finance.com,4,filing,filing,false,false,true,false,false,issuer; aggregator,none,,,filing,filing,true,false,false,2,false
20261007T071645237138Z-codex.both.RC05.r1-a1,both,reach,RC05,1,14,fact,10-K · 2023-02-02 | December 2022 | DAP (billions): 2.96,10-K; 2023-02-02; December 2022; 2.96,S12,filing,mosaic-finance.com,2,filing,filing,false,false,true,true,true,issuer; aggregator,none,,,filing,filing,true,true,true,1,false
20261007T071645237138Z-codex.both.RC05.r1-a1,both,reach,RC05,1,15,fact,10-Q · 2023-04-27 | March 2023 | DAP (billions): 3.02,10-Q; 2023-04-27; March 2023; 3.02,S13,filing,mosaic-finance.com,4,filing,filing,false,false,true,false,false,,none,,,filing,filing,true,false,false,2,false
20261007T071645237138Z-codex.both.RC05.r1-a1,both,reach,RC05,1,16,fact,10-Q · 2023-07-27 | June 2023 | DAP (billions): 3.07,10-Q; 2023-07-27; June 2023; 3.07,S14,filing,mosaic-finance.com,4,filing,filing,false,false,true,false,false,issuer,none,,,filing,filing,true,false,false,2,false
20261007T071645237138Z-codex.both.RC05.r1-a1,both,reach,RC05,1,17,fact,10-Q · 2023-10-26 | September 2023 | DAP (billions): 3.14,10-Q; 2023-10-26; September 2023; 3.14,S15,filing,mosaic-finance.com,4,filing,filing,false,false,true,false,false,issuer,none,,,filing,filing,true,true,true,2,false
20261007T071645237138Z-codex.both.RC05.r1-a1,both,reach,RC05,1,18,fact,10-K · 2024-02-02 | December 2023 | DAP (billions): 3.19,10-K; 2024-02-02; December 2023; 3.19,S16,filing,mosaic-finance.com,2,filing,filing,false,false,true,true,true,issuer,none,,,filing,filing,true,true,true,1,false
20261007T071645237138Z-codex.both.RC05.r1-a1,both,reach,RC05,1,19,fact,10-Q · 2024-04-25 | March 2024 | DAP (billions): 3.24,10-Q; 2024-04-25; March 2024; 3.24,S17,filing,mosaic-finance.com,4,filing,filing,false,false,true,false,false,issuer,none,,,filing,filing,true,true,true,2,false
20261007T071645237138Z-codex.both.RC05.r1-a1,both,reach,RC05,1,20,fact,10-Q · 2024-08-01 | June 2024 | DAP (billions): 3.27,10-Q; 2024-08-01; June 2024; 3.27,S18,filing,mosaic-finance.com,3,filing,filing,false,false,true,false,false,issuer,none,,,filing,filing,true,true,true,1,false
20261007T071645237138Z-codex.both.RC05.r1-a1,both,reach,RC05,1,21,fact,10-Q · 2024-10-31 | September 2024 | DAP (billions): 3.29,10-Q; 2024-10-31; September 2024; 3.29,S19,filing,mosaic-finance.com,4,filing,filing,false,false,true,false,false,issuer; aggregator,none,,,filing,filing,true,true,true,2,false
20261007T071645237138Z-codex.both.RC05.r1-a1,both,reach,RC05,1,22,fact,10-K · 2025-01-30 | December 2024 | DAP (billions): 3.35,10-K; 2025-01-30; December 2024; 3.35,S20,filing,mosaic-finance.com,2,filing,filing,false,false,true,true,true,issuer; aggregator; news,none,,,filing,filing,true,true,true,1,false
20261007T071645237138Z-codex.both.RC05.r1-a1,both,reach,RC05,1,23,fact,10-Q · 2025-05-01 | March 2025 | DAP (billions): 3.43,10-Q; 2025-05-01; March 2025; 3.43,S21,filing,mosaic-finance.com,3,filing,filing,false,false,true,false,false,issuer; aggregator; news,none,,,filing,filing,true,true,true,1,false
20261007T071645237138Z-codex.both.RC05.r1-a1,both,reach,RC05,1,24,fact,10-Q · 2025-07-31 | June 2025 | DAP (billions): 3.48,10-Q; 2025-07-31; June 2025; 3.48,S22,filing,mosaic-finance.com,4,filing,filing,false,false,true,false,false,issuer; aggregator,none,,,filing,filing,true,true,true,2,false
20261007T071645237138Z-codex.both.RC05.r1-a1,both,reach,RC05,1,25,fact,10-Q · 2025-10-30 | September 2025 | DAP (billions): 3.54,10-Q; 2025-10-30; September 2025; 3.54,S23,filing,mosaic-finance.com,3,filing,filing,false,false,true,false,false,issuer,none,,,filing,filing,true,true,true,1,false
20261007T071645237138Z-codex.both.RC05.r1-a1,both,reach,RC05,1,26,fact,10-K · 2026-01-29 | December 2025 | DAP (billions): 3.58,10-K; 2026-01-29; December 2025; 3.58,S24,filing,mosaic-finance.com,3,filing,filing,false,false,true,true,true,issuer; aggregator,none,,,filing,filing,true,true,true,2,false
20261007T071732335530Z-codex.web.RC01.r2-a1,web,reach,RC01,2,1,fact,"The 24 reports are listed below in chronological order, excluding amendments.",24,,,,1,filing,filing,false,false,true,true,false,issuer; forum; aggregator; other,none,,,filing,filing,true,true,false,1,false
20261007T071732335530Z-codex.web.RC01.r2-a1,web,reach,RC01,2,2,fact,2020 Q1 — 10-Q | 2019-11-24 | 785 warehouses worldwide,2020 Q1 — 10-Q; 2019-11-24; 785,S1,filing,filing-source,4,secondary,issuer,false,false,false,false,false,issuer; forum; promotional; aggregator; other,none,,,filing,filing,true,true,false,3,false
20261007T071732335530Z-codex.web.RC01.r2-a1,web,reach,RC01,2,3,fact,2020 Q2 — 10-Q | 2020-02-16 | 785 warehouses worldwide,2020 Q2 — 10-Q; 2020-02-16; 785,S2,filing,filing-source,3,secondary,issuer,false,false,false,false,false,issuer; aggregator,none,,,filing,filing,true,true,false,2,false
20261007T071732335530Z-codex.web.RC01.r2-a1,web,reach,RC01,2,4,fact,2020 Q3 — 10-Q | 2020-05-10 | 787 warehouses worldwide,2020 Q3 — 10-Q; 2020-05-10; 787,S3,filing,filing-source,2,secondary,issuer,false,false,false,false,false,issuer,none,,,filing,filing,true,true,false,1,false
20261007T071732335530Z-codex.web.RC01.r2-a1,web,reach,RC01,2,5,fact,2020 — 10-K | 2020-08-30 | 795 warehouses worldwide,2020 — 10-K; 2020-08-30; 795,S4,filing,filing-source,1,filing,filing,false,false,true,true,false,issuer; forum; aggregator; news,none,,,filing,filing,true,true,false,1,false
20261007T071732335530Z-codex.web.RC01.r2-a1,web,reach,RC01,2,6,fact,2021 Q1 — 10-Q | 2020-11-22 | 803 warehouses worldwide,2021 Q1 — 10-Q; 2020-11-22; 803,S5,filing,filing-source,4,secondary,issuer,false,false,false,false,false,issuer; forum; promotional; aggregator,none,,,filing,filing,true,true,false,3,false
20261007T071732335530Z-codex.web.RC01.r2-a1,web,reach,RC01,2,7,fact,2021 Q2 — 10-Q | 2021-02-14 | 803 warehouses worldwide,2021 Q2 — 10-Q; 2021-02-14; 803,S6,filing,filing-source,3,secondary,issuer,false,false,false,false,false,issuer; aggregator,none,,,filing,filing,true,true,false,2,false
20261007T071732335530Z-codex.web.RC01.r2-a1,web,reach,RC01,2,8,fact,2021 Q3 — 10-Q | 2021-05-09 | 809 warehouses worldwide,2021 Q3 — 10-Q; 2021-05-09; 809,S7,filing,filing-source,2,unattributed,,false,false,false,false,false,,none,,,filing,filing,true,false,false,1,false
20261007T071732335530Z-codex.web.RC01.r2-a1,web,reach,RC01,2,9,fact,2021 — 10-K | 2021-08-29 | 815 warehouses worldwide,2021 — 10-K; 2021-08-29; 815,S8,filing,filing-source,2,filing,filing,false,false,true,true,false,issuer; forum; aggregator; news,none,,,filing,filing,true,true,false,2,false
20261007T071732335530Z-codex.web.RC01.r2-a1,web,reach,RC01,2,10,fact,2022 Q1 — 10-Q | 2021-11-21 | 823 warehouses worldwide,2022 Q1 — 10-Q; 2021-11-21; 823,S9,filing,filing-source,4,secondary,issuer,false,false,false,false,false,issuer; forum; promotional; aggregator; news,none,,,filing,filing,true,false,false,3,false
20261007T071732335530Z-codex.web.RC01.r2-a1,web,reach,RC01,2,11,fact,2022 Q2 — 10-Q | 2022-02-13 | 828 warehouses worldwide,2022 Q2 — 10-Q; 2022-02-13; 828,S10,filing,filing-source,3,secondary,issuer,false,false,false,false,false,issuer; forum; aggregator; other,none,,,filing,filing,true,false,false,2,false
20261007T071732335530Z-codex.web.RC01.r2-a1,web,reach,RC01,2,12,fact,2022 Q3 — 10-Q | 2022-05-08 | 829 warehouses worldwide,2022 Q3 — 10-Q; 2022-05-08; 829,S11,filing,filing-source,2,unattributed,,false,false,false,false,false,,none,,,filing,filing,true,false,false,1,false
20261007T071732335530Z-codex.web.RC01.r2-a1,web,reach,RC01,2,13,fact,2022 — 10-K | 2022-08-28 | 838 warehouses worldwide,2022 — 10-K; 2022-08-28; 838,S12,filing,filing-source,2,filing,filing,false,false,true,true,false,issuer; forum; aggregator,none,,,filing,filing,true,true,false,2,false
20261007T071732335530Z-codex.web.RC01.r2-a1,web,reach,RC01,2,14,fact,2023 Q1 — 10-Q | 2022-11-20 | 845 warehouses worldwide,2023 Q1 — 10-Q; 2022-11-20; 845,S13,filing,filing-source,3,secondary,issuer,false,false,false,false,false,issuer; forum; promotional; aggregator,none,,,filing,filing,true,false,false,2,false
20261007T071732335530Z-codex.web.RC01.r2-a1,web,reach,RC01,2,15,fact,2023 Q2 — 10-Q | 2023-02-12 | 848 warehouses worldwide,2023 Q2 — 10-Q; 2023-02-12; 848,S14,filing,filing-source,3,secondary,issuer,false,false,false,false,false,issuer; forum; promotional; aggregator; reference,none,,,filing,filing,true,false,false,2,false
20261007T071732335530Z-codex.web.RC01.r2-a1,web,reach,RC01,2,16,fact,2023 Q3 — 10-Q | 2023-05-07 | 852 warehouses worldwide,2023 Q3 — 10-Q; 2023-05-07; 852,S15,filing,filing-source,2,secondary,aggregator,false,false,false,false,false,aggregator,none,,,filing,filing,true,true,false,1,false
20261007T071732335530Z-codex.web.RC01.r2-a1,web,reach,RC01,2,17,fact,2023 — 10-K | 2023-09-03 | 861 warehouses worldwide,2023 — 10-K; 2023-09-03; 861,S16,filing,filing-source,1,filing,filing,false,false,true,true,false,forum,none,,,filing,filing,true,true,false,1,false
20261007T071732335530Z-codex.web.RC01.r2-a1,web,reach,RC01,2,18,fact,2024 Q1 — 10-Q | 2023-11-26 | 870 warehouses worldwide,2024 Q1 — 10-Q; 2023-11-26; 870,S17,filing,filing-source,4,secondary,issuer,false,false,false,false,false,issuer; forum; promotional; aggregator,none,,,filing,filing,true,false,false,3,false
20261007T071732335530Z-codex.web.RC01.r2-a1,web,reach,RC01,2,19,fact,2024 Q2 — 10-Q | 2024-02-18 | 874 warehouses worldwide,2024 Q2 — 10-Q; 2024-02-18; 874,S18,filing,filing-source,3,secondary,forum,false,false,false,false,false,forum; aggregator,none,,,filing,filing,true,false,false,2,false
20261007T071732335530Z-codex.web.RC01.r2-a1,web,reach,RC01,2,20,fact,2024 Q3 — 10-Q | 2024-05-12 | 876 warehouses worldwide,2024 Q3 — 10-Q; 2024-05-12; 876,S19,filing,filing-source,3,secondary,issuer,false,false,false,false,false,issuer; forum; promotional; aggregator; reference,none,,,filing,filing,true,false,false,2,false
20261007T071732335530Z-codex.web.RC01.r2-a1,web,reach,RC01,2,21,fact,2024 — 10-K | 2024-09-01 | 890 warehouses worldwide,2024 — 10-K; 2024-09-01; 890,S20,filing,filing-source,1,filing,filing,false,false,true,true,false,forum,none,,,filing,filing,true,true,false,1,false
20261007T071732335530Z-codex.web.RC01.r2-a1,web,reach,RC01,2,22,fact,2025 Q1 — 10-Q | 2024-11-24 | 896 warehouses worldwide,2025 Q1 — 10-Q; 2024-11-24; 896,S21,filing,filing-source,4,secondary,issuer,false,false,false,false,false,issuer; forum; promotional; aggregator; other,none,,,filing,filing,true,false,false,3,false
20261007T071732335530Z-codex.web.RC01.r2-a1,web,reach,RC01,2,23,fact,2025 Q2 — 10-Q | 2025-02-16 | 897 warehouses worldwide,2025 Q2 — 10-Q; 2025-02-16; 897,S22,filing,filing-source,3,secondary,issuer,false,false,false,false,false,issuer; aggregator,none,,,filing,filing,true,false,false,2,false
20261007T071732335530Z-codex.web.RC01.r2-a1,web,reach,RC01,2,24,fact,2025 Q3 — 10-Q | 2025-05-11 | 905 warehouses worldwide,2025 Q3 — 10-Q; 2025-05-11; 905,S23,filing,filing-source,3,secondary,issuer,false,false,false,false,false,issuer; forum; promotional; aggregator,none,,,filing,filing,true,false,false,2,false
20261007T071732335530Z-codex.web.RC01.r2-a1,web,reach,RC01,2,25,fact,2025 — 10-K | 2025-08-31 | 914 warehouses worldwide,2025 — 10-K; 2025-08-31; 914,S24,filing,filing-source,2,filing,filing,false,false,true,true,false,issuer; forum; aggregator; reference,none,,,filing,filing,true,true,false,2,false
20261007T071822581086Z-codex.archivist.RC01.r2-a1,archivist,reach,RC01,2,1,fact,"Costco’s worldwide warehouse counts for all 24 reports, in chronological order by period end.",Costco; 24,,,,2,filing,filing,false,false,true,false,false,,none,,,filing,filing,true,false,false,1,false
20261007T071822581086Z-codex.archivist.RC01.r2-a1,archivist,reach,RC01,2,2,fact,Amendments are excluded; each figure links to the corresponding filing passage.,,,,,0,unattributed,,true,false,false,false,false,,none,,,unattributed,,false,false,false,0,true
20261007T071822581086Z-codex.archivist.RC01.r2-a1,archivist,reach,RC01,2,3,fact,2020 Q1 — 10-Q | 2019-11-24 | 785 warehouses worldwide,2020 Q1; 10-Q; 2019-11-24; 785,S1,filing,mosaic-finance.com,5,unattributed,,false,false,false,false,false,,none,,,filing,filing,true,false,false,3,false
20261007T071822581086Z-codex.archivist.RC01.r2-a1,archivist,reach,RC01,2,4,fact,2020 Q2 — 10-Q | 2020-02-16 | 785 warehouses worldwide,2020 Q2; 10-Q; 2020-02-16; 785,S2,filing,mosaic-finance.com,4,unattributed,,false,false,false,false,false,,none,,,filing,filing,true,false,false,2,false
20261007T071822581086Z-codex.archivist.RC01.r2-a1,archivist,reach,RC01,2,5,fact,2020 Q3 — 10-Q | 2020-05-10 | 787 warehouses worldwide,2020 Q3; 10-Q; 2020-05-10; 787,S3,filing,mosaic-finance.com,3,unattributed,,false,false,false,false,false,,none,,,filing,filing,true,false,false,1,false
20261007T071822581086Z-codex.archivist.RC01.r2-a1,archivist,reach,RC01,2,6,fact,2020 FY — 10-K | 2020-08-30 | 795 warehouses worldwide,2020 FY; 10-K; 2020-08-30; 795,S4,filing,mosaic-finance.com,2,unattributed,,false,false,false,false,false,,none,,,filing,filing,true,false,false,1,false
20261007T071822581086Z-codex.archivist.RC01.r2-a1,archivist,reach,RC01,2,7,fact,2021 Q1 — 10-Q | 2020-11-22 | 803 warehouses worldwide,2021 Q1; 10-Q; 2020-11-22; 803,S5,filing,mosaic-finance.com,5,unattributed,,false,false,false,false,false,,none,,,filing,filing,true,false,false,3,false
20261007T071822581086Z-codex.archivist.RC01.r2-a1,archivist,reach,RC01,2,8,fact,2021 Q2 — 10-Q | 2021-02-14 | 803 warehouses worldwide,2021 Q2; 10-Q; 2021-02-14; 803,S6,filing,mosaic-finance.com,4,unattributed,,false,false,false,false,false,,none,,,filing,filing,true,false,false,2,false
20261007T071822581086Z-codex.archivist.RC01.r2-a1,archivist,reach,RC01,2,9,fact,2021 Q3 — 10-Q | 2021-05-09 | 809 warehouses worldwide,2021 Q3; 10-Q; 2021-05-09; 809,S7,filing,mosaic-finance.com,3,unattributed,,false,false,false,false,false,,none,,,filing,filing,true,false,false,1,false
20261007T071822581086Z-codex.archivist.RC01.r2-a1,archivist,reach,RC01,2,10,fact,2021 FY — 10-K | 2021-08-29 | 815 warehouses worldwide,2021 FY; 10-K; 2021-08-29; 815,S8,filing,mosaic-finance.com,3,unattributed,,false,false,false,false,false,,none,,,filing,filing,true,false,false,2,false
20261007T071822581086Z-codex.archivist.RC01.r2-a1,archivist,reach,RC01,2,11,fact,2022 Q1 — 10-Q | 2021-11-21 | 823 warehouses worldwide,2022 Q1; 10-Q; 2021-11-21; 823,S9,filing,mosaic-finance.com,5,unattributed,,false,false,false,false,false,,none,,,filing,filing,true,false,false,3,false
20261007T071822581086Z-codex.archivist.RC01.r2-a1,archivist,reach,RC01,2,12,fact,2022 Q2 — 10-Q | 2022-02-13 | 828 warehouses worldwide,2022 Q2; 10-Q; 2022-02-13; 828,S10,filing,mosaic-finance.com,4,unattributed,,false,false,false,false,false,,none,,,filing,filing,true,false,false,2,false
20261007T071822581086Z-codex.archivist.RC01.r2-a1,archivist,reach,RC01,2,13,fact,2022 Q3 — 10-Q | 2022-05-08 | 829 warehouses worldwide,2022 Q3; 10-Q; 2022-05-08; 829,S11,filing,mosaic-finance.com,3,unattributed,,false,false,false,false,false,,none,,,filing,filing,true,false,false,1,false
20261007T071822581086Z-codex.archivist.RC01.r2-a1,archivist,reach,RC01,2,14,fact,2022 FY — 10-K | 2022-08-28 | 838 warehouses worldwide,2022 FY; 10-K; 2022-08-28; 838,S12,filing,mosaic-finance.com,3,unattributed,,false,false,false,false,false,,none,,,filing,filing,true,false,false,2,false
20261007T071822581086Z-codex.archivist.RC01.r2-a1,archivist,reach,RC01,2,15,fact,2023 Q1 — 10-Q | 2022-11-20 | 845 warehouses worldwide,2023 Q1; 10-Q; 2022-11-20; 845,S13,filing,mosaic-finance.com,4,unattributed,,false,false,false,false,false,,none,,,filing,filing,true,false,false,2,false
20261007T071822581086Z-codex.archivist.RC01.r2-a1,archivist,reach,RC01,2,16,fact,2023 Q2 — 10-Q | 2023-02-12 | 848 warehouses worldwide,2023 Q2; 10-Q; 2023-02-12; 848,S14,filing,mosaic-finance.com,4,unattributed,,false,false,false,false,false,,none,,,filing,filing,true,false,false,2,false
20261007T071822581086Z-codex.archivist.RC01.r2-a1,archivist,reach,RC01,2,17,fact,2023 Q3 — 10-Q | 2023-05-07 | 852 warehouses worldwide,2023 Q3; 10-Q; 2023-05-07; 852,S15,filing,mosaic-finance.com,3,unattributed,,false,false,false,false,false,,none,,,filing,filing,true,false,false,1,false
20261007T071822581086Z-codex.archivist.RC01.r2-a1,archivist,reach,RC01,2,18,fact,2023 FY — 10-K | 2023-09-03 | 861 warehouses worldwide,2023 FY; 10-K; 2023-09-03; 861,S16,filing,mosaic-finance.com,2,unattributed,,false,false,false,false,false,,none,,,filing,filing,true,false,false,1,false
20261007T071822581086Z-codex.archivist.RC01.r2-a1,archivist,reach,RC01,2,19,fact,2024 Q1 — 10-Q | 2023-11-26 | 870 warehouses worldwide,2024 Q1; 10-Q; 2023-11-26; 870,S17,filing,mosaic-finance.com,5,unattributed,,false,false,false,false,false,,none,,,filing,filing,true,false,false,3,false
20261007T071822581086Z-codex.archivist.RC01.r2-a1,archivist,reach,RC01,2,20,fact,2024 Q2 — 10-Q | 2024-02-18 | 874 warehouses worldwide,2024 Q2; 10-Q; 2024-02-18; 874,S18,filing,mosaic-finance.com,4,unattributed,,false,false,false,false,false,,none,,,filing,filing,true,false,false,2,false
20261007T071822581086Z-codex.archivist.RC01.r2-a1,archivist,reach,RC01,2,21,fact,2024 Q3 — 10-Q | 2024-05-12 | 876 warehouses worldwide,2024 Q3; 10-Q; 2024-05-12; 876,S19,filing,mosaic-finance.com,4,unattributed,,false,false,false,false,false,,none,,,filing,filing,true,false,false,2,false
20261007T071822581086Z-codex.archivist.RC01.r2-a1,archivist,reach,RC01,2,22,fact,2024 FY — 10-K | 2024-09-01 | 890 warehouses worldwide,2024 FY; 10-K; 2024-09-01; 890,S20,filing,mosaic-finance.com,2,unattributed,,false,false,false,false,false,,none,,,filing,filing,true,false,false,1,false
20261007T071822581086Z-codex.archivist.RC01.r2-a1,archivist,reach,RC01,2,23,fact,2025 Q1 — 10-Q | 2024-11-24 | 896 warehouses worldwide,2025 Q1; 10-Q; 2024-11-24; 896,S21,filing,mosaic-finance.com,5,unattributed,,false,false,false,false,false,,none,,,filing,filing,true,false,false,3,false
20261007T071822581086Z-codex.archivist.RC01.r2-a1,archivist,reach,RC01,2,24,fact,2025 Q2 — 10-Q | 2025-02-16 | 897 warehouses worldwide,2025 Q2; 10-Q; 2025-02-16; 897,S22,filing,mosaic-finance.com,4,unattributed,,false,false,false,false,false,,none,,,filing,filing,true,false,false,2,false
20261007T071822581086Z-codex.archivist.RC01.r2-a1,archivist,reach,RC01,2,25,fact,2025 Q3 — 10-Q | 2025-05-11 | 905 warehouses worldwide,2025 Q3; 10-Q; 2025-05-11; 905,S23,filing,mosaic-finance.com,4,unattributed,,false,false,false,false,false,,none,,,filing,filing,true,false,false,2,false
20261007T071822581086Z-codex.archivist.RC01.r2-a1,archivist,reach,RC01,2,26,fact,2025 FY — 10-K | 2025-08-31 | 914 warehouses worldwide,2025 FY; 10-K; 2025-08-31; 914,S24,filing,mosaic-finance.com,3,unattributed,,false,false,false,false,false,,none,,,filing,filing,true,false,false,2,false
20261007T071858163651Z-codex.both.RC01.r2-a1,both,reach,RC01,2,1,fact,All 24 original reports are included; amendments are excluded.,24,,,,1,filing,filing,false,false,true,false,false,,none,,,filing,filing,true,false,false,1,false
20261007T071858163651Z-codex.both.RC01.r2-a1,both,reach,RC01,2,2,fact,2020 Q1 | 10-Q | 2019-11-24 | 785 warehouses worldwide,2020 Q1; 10-Q; 2019-11-24; 785,S1,filing,mosaic-finance.com,5,unattributed,,false,false,false,false,false,,none,,,filing,filing,true,false,false,3,false
20261007T071858163651Z-codex.both.RC01.r2-a1,both,reach,RC01,2,3,fact,2020 Q2 | 10-Q | 2020-02-16 | 785 warehouses worldwide,2020 Q2; 10-Q; 2020-02-16; 785,S2,filing,mosaic-finance.com,4,unattributed,,false,false,false,false,false,,none,,,filing,filing,true,false,false,2,false
20261007T071858163651Z-codex.both.RC01.r2-a1,both,reach,RC01,2,4,fact,2020 Q3 | 10-Q | 2020-05-10 | 787 warehouses worldwide,2020 Q3; 10-Q; 2020-05-10; 787,S3,filing,mosaic-finance.com,3,unattributed,,false,false,false,false,false,,none,,,filing,filing,true,false,false,1,false
20261007T071858163651Z-codex.both.RC01.r2-a1,both,reach,RC01,2,5,fact,2020 FY | 10-K | 2020-08-30 | 795 warehouses worldwide,2020 FY; 10-K; 2020-08-30; 795,S4,filing,mosaic-finance.com,2,unattributed,,false,false,false,false,false,,none,,,filing,filing,true,false,false,1,false
20261007T071858163651Z-codex.both.RC01.r2-a1,both,reach,RC01,2,6,fact,2021 Q1 | 10-Q | 2020-11-22 | 803 warehouses worldwide,2021 Q1; 10-Q; 2020-11-22; 803,S5,filing,mosaic-finance.com,5,unattributed,,false,false,false,false,false,,none,,,filing,filing,true,false,false,3,false
20261007T071858163651Z-codex.both.RC01.r2-a1,both,reach,RC01,2,7,fact,2021 Q2 | 10-Q | 2021-02-14 | 803 warehouses worldwide,2021 Q2; 10-Q; 2021-02-14; 803,S6,filing,mosaic-finance.com,4,unattributed,,false,false,false,false,false,,none,,,filing,filing,true,false,false,2,false
20261007T071858163651Z-codex.both.RC01.r2-a1,both,reach,RC01,2,8,fact,2021 Q3 | 10-Q | 2021-05-09 | 809 warehouses worldwide,2021 Q3; 10-Q; 2021-05-09; 809,S7,filing,mosaic-finance.com,3,unattributed,,false,false,false,false,false,,none,,,filing,filing,true,false,false,1,false
20261007T071858163651Z-codex.both.RC01.r2-a1,both,reach,RC01,2,9,fact,2021 FY | 10-K | 2021-08-29 | 815 warehouses worldwide,2021 FY; 10-K; 2021-08-29; 815,S8,filing,mosaic-finance.com,3,unattributed,,false,false,false,false,false,,none,,,filing,filing,true,false,false,2,false
20261007T071858163651Z-codex.both.RC01.r2-a1,both,reach,RC01,2,10,fact,2022 Q1 | 10-Q | 2021-11-21 | 823 warehouses worldwide,2022 Q1; 10-Q; 2021-11-21; 823,S9,filing,mosaic-finance.com,5,unattributed,,false,false,false,false,false,,none,,,filing,filing,true,false,false,3,false
20261007T071858163651Z-codex.both.RC01.r2-a1,both,reach,RC01,2,11,fact,2022 Q2 | 10-Q | 2022-02-13 | 828 warehouses worldwide,2022 Q2; 10-Q; 2022-02-13; 828,S10,filing,mosaic-finance.com,4,unattributed,,false,false,false,false,false,,none,,,filing,filing,true,false,false,2,false
20261007T071858163651Z-codex.both.RC01.r2-a1,both,reach,RC01,2,12,fact,2022 Q3 | 10-Q | 2022-05-08 | 829 warehouses worldwide,2022 Q3; 10-Q; 2022-05-08; 829,S11,filing,mosaic-finance.com,3,unattributed,,false,false,false,false,false,,none,,,filing,filing,true,false,false,1,false
20261007T071858163651Z-codex.both.RC01.r2-a1,both,reach,RC01,2,13,fact,2022 FY | 10-K | 2022-08-28 | 838 warehouses worldwide,2022 FY; 10-K; 2022-08-28; 838,S12,filing,mosaic-finance.com,3,unattributed,,false,false,false,false,false,,none,,,filing,filing,true,false,false,2,false
20261007T071858163651Z-codex.both.RC01.r2-a1,both,reach,RC01,2,14,fact,2023 Q1 | 10-Q | 2022-11-20 | 845 warehouses worldwide,2023 Q1; 10-Q; 2022-11-20; 845,S13,filing,mosaic-finance.com,4,unattributed,,false,false,false,false,false,,none,,,filing,filing,true,false,false,2,false
20261007T071858163651Z-codex.both.RC01.r2-a1,both,reach,RC01,2,15,fact,2023 Q2 | 10-Q | 2023-02-12 | 848 warehouses worldwide,2023 Q2; 10-Q; 2023-02-12; 848,S14,filing,mosaic-finance.com,4,unattributed,,false,false,false,false,false,,none,,,filing,filing,true,false,false,2,false
20261007T071858163651Z-codex.both.RC01.r2-a1,both,reach,RC01,2,16,fact,2023 Q3 | 10-Q | 2023-05-07 | 852 warehouses worldwide,2023 Q3; 10-Q; 2023-05-07; 852,S15,filing,mosaic-finance.com,3,unattributed,,false,false,false,false,false,,none,,,filing,filing,true,false,false,1,false
20261007T071858163651Z-codex.both.RC01.r2-a1,both,reach,RC01,2,17,fact,2023 FY | 10-K | 2023-09-03 | 861 warehouses worldwide,2023 FY; 10-K; 2023-09-03; 861,S16,filing,mosaic-finance.com,2,unattributed,,false,false,false,false,false,,none,,,filing,filing,true,false,false,1,false
20261007T071858163651Z-codex.both.RC01.r2-a1,both,reach,RC01,2,18,fact,2024 Q1 | 10-Q | 2023-11-26 | 870 warehouses worldwide,2024 Q1; 10-Q; 2023-11-26; 870,S17,filing,mosaic-finance.com,5,unattributed,,false,false,false,false,false,,none,,,filing,filing,true,false,false,3,false
20261007T071858163651Z-codex.both.RC01.r2-a1,both,reach,RC01,2,19,fact,2024 Q2 | 10-Q | 2024-02-18 | 874 warehouses worldwide,2024 Q2; 10-Q; 2024-02-18; 874,S18,filing,mosaic-finance.com,4,unattributed,,false,false,false,false,false,,none,,,filing,filing,true,false,false,2,false
20261007T071858163651Z-codex.both.RC01.r2-a1,both,reach,RC01,2,20,fact,2024 Q3 | 10-Q | 2024-05-12 | 876 warehouses worldwide,2024 Q3; 10-Q; 2024-05-12; 876,S19,filing,mosaic-finance.com,4,unattributed,,false,false,false,false,false,,none,,,filing,filing,true,false,false,2,false
20261007T071858163651Z-codex.both.RC01.r2-a1,both,reach,RC01,2,21,fact,2024 FY | 10-K | 2024-09-01 | 890 warehouses worldwide,2024 FY; 10-K; 2024-09-01; 890,S20,filing,mosaic-finance.com,2,unattributed,,false,false,false,false,false,,none,,,filing,filing,true,false,false,1,false
20261007T071858163651Z-codex.both.RC01.r2-a1,both,reach,RC01,2,22,fact,2025 Q1 | 10-Q | 2024-11-24 | 896 warehouses worldwide,2025 Q1; 10-Q; 2024-11-24; 896,S21,filing,mosaic-finance.com,5,unattributed,,false,false,false,false,false,,none,,,filing,filing,true,false,false,3,false
20261007T071858163651Z-codex.both.RC01.r2-a1,both,reach,RC01,2,23,fact,2025 Q2 | 10-Q | 2025-02-16 | 897 warehouses worldwide,2025 Q2; 10-Q; 2025-02-16; 897,S22,filing,mosaic-finance.com,4,unattributed,,false,false,false,false,false,,none,,,filing,filing,true,false,false,2,false
20261007T071858163651Z-codex.both.RC01.r2-a1,both,reach,RC01,2,24,fact,2025 Q3 | 10-Q | 2025-05-11 | 905 warehouses worldwide,2025 Q3; 10-Q; 2025-05-11; 905,S23,filing,mosaic-finance.com,4,unattributed,,false,false,false,false,false,,none,,,filing,filing,true,false,false,2,false
20261007T071858163651Z-codex.both.RC01.r2-a1,both,reach,RC01,2,25,fact,2025 FY | 10-K | 2025-08-31 | 914 warehouses worldwide,2025 FY; 10-K; 2025-08-31; 914,S24,filing,mosaic-finance.com,3,unattributed,,false,false,false,false,false,,none,,,filing,filing,true,false,false,2,false
20261007T072037956114Z-codex.web.RC02.r2-a1,web,reach,RC02,2,1,fact,"Global streaming paid memberships at period end, in thousands, for all 24 original reports; amendments excluded.",24,,,,1,filing,filing,false,false,true,true,false,issuer; forum; aggregator; reference,none,,,filing,filing,true,true,false,1,false
20261007T072037956114Z-codex.web.RC02.r2-a1,web,reach,RC02,2,2,fact,"2019-03-31, 10-Q: global streaming paid memberships at period end were 148,863, in thousands.","2019-03-31; 10-Q; 148,863",S1,filing,filing-source,3,filing,filing,false,false,true,false,false,issuer; forum; aggregator,none,,,filing,filing,true,false,false,2,false
20261007T072037956114Z-codex.web.RC02.r2-a1,web,reach,RC02,2,3,fact,"2019-06-30, 10-Q: global streaming paid memberships at period end were 151,562, in thousands.","2019-06-30; 10-Q; 151,562",S2,filing,filing-source,2,filing,filing,false,false,true,false,false,aggregator,none,,,filing,filing,true,false,false,1,false
20261007T072037956114Z-codex.web.RC02.r2-a1,web,reach,RC02,2,4,fact,"2019-09-30, 10-Q: global streaming paid memberships at period end were 158,334, in thousands.","2019-09-30; 10-Q; 158,334",S3,filing,filing-source,2,filing,filing,false,false,true,false,false,aggregator,none,,,filing,filing,true,false,false,1,false
20261007T072037956114Z-codex.web.RC02.r2-a1,web,reach,RC02,2,5,fact,"2019-12-31, 10-K: global streaming paid memberships at period end were 167,090, in thousands.","2019-12-31; 10-K; 167,090",S4,filing,filing-source,3,filing,filing,false,false,true,true,false,issuer; forum; aggregator; reference,none,,,filing,filing,true,true,false,3,false
20261007T072037956114Z-codex.web.RC02.r2-a1,web,reach,RC02,2,6,fact,"2020-03-31, 10-Q: global streaming paid memberships at period end were 182,856, in thousands.","2020-03-31; 10-Q; 182,856",S5,filing,filing-source,3,filing,filing,false,false,true,false,false,issuer; forum; aggregator,none,,,filing,filing,true,false,false,2,false
20261007T072037956114Z-codex.web.RC02.r2-a1,web,reach,RC02,2,7,fact,"2020-06-30, 10-Q: global streaming paid memberships at period end were 192,947, in thousands.","2020-06-30; 10-Q; 192,947",S6,filing,filing-source,2,filing,filing,false,false,true,false,false,aggregator,none,,,filing,filing,true,false,false,1,false
20261007T072037956114Z-codex.web.RC02.r2-a1,web,reach,RC02,2,8,fact,"2020-09-30, 10-Q: global streaming paid memberships at period end were 195,151, in thousands.","2020-09-30; 10-Q; 195,151",S7,filing,filing-source,2,filing,filing,false,false,true,false,false,aggregator,none,,,filing,filing,true,false,false,1,false
20261007T072037956114Z-codex.web.RC02.r2-a1,web,reach,RC02,2,9,fact,"2020-12-31, 10-K: global streaming paid memberships at period end were 203,663, in thousands.","2020-12-31; 10-K; 203,663",S8,filing,filing-source,3,filing,filing,false,false,true,true,false,issuer; forum; aggregator; reference,none,,,filing,filing,true,true,false,3,false
20261007T072037956114Z-codex.web.RC02.r2-a1,web,reach,RC02,2,10,fact,"2021-03-31, 10-Q: global streaming paid memberships at period end were 207,639, in thousands.","2021-03-31; 10-Q; 207,639",S9,filing,filing-source,3,filing,filing,false,false,true,true,false,issuer; forum; aggregator,none,,,filing,filing,true,true,false,2,false
20261007T072037956114Z-codex.web.RC02.r2-a1,web,reach,RC02,2,11,fact,"2021-06-30, 10-Q: global streaming paid memberships at period end were 209,180, in thousands.","2021-06-30; 10-Q; 209,180",S10,filing,filing-source,2,filing,filing,false,false,true,false,false,aggregator,none,,,filing,filing,true,false,false,1,false
20261007T072037956114Z-codex.web.RC02.r2-a1,web,reach,RC02,2,12,fact,"2021-09-30, 10-Q: global streaming paid memberships at period end were 213,563, in thousands.","2021-09-30; 10-Q; 213,563",S11,filing,filing-source,2,filing,filing,false,false,true,true,false,issuer; aggregator,none,,,filing,filing,true,true,false,1,false
20261007T072037956114Z-codex.web.RC02.r2-a1,web,reach,RC02,2,13,fact,"2021-12-31, 10-K: global streaming paid memberships at period end were 221,844, in thousands.","2021-12-31; 10-K; 221,844",S12,filing,filing-source,3,filing,filing,false,false,true,true,false,issuer; forum; aggregator; reference,none,,,filing,filing,true,true,false,3,false
20261007T072037956114Z-codex.web.RC02.r2-a1,web,reach,RC02,2,14,fact,"2022-03-31, 10-Q: global streaming paid memberships at period end were 221,641, in thousands.","2022-03-31; 10-Q; 221,641",S13,filing,filing-source,3,filing,filing,false,false,true,true,false,issuer; forum; aggregator,none,,,filing,filing,true,true,false,2,false
20261007T072037956114Z-codex.web.RC02.r2-a1,web,reach,RC02,2,15,fact,"2022-06-30, 10-Q: global streaming paid memberships at period end were 220,672, in thousands.","2022-06-30; 10-Q; 220,672",S14,filing,filing-source,2,filing,filing,false,false,true,false,false,aggregator,none,,,filing,filing,true,false,false,1,false
20261007T072037956114Z-codex.web.RC02.r2-a1,web,reach,RC02,2,16,fact,"2022-09-30, 10-Q: global streaming paid memberships at period end were 223,085, in thousands.","2022-09-30; 10-Q; 223,085",S15,filing,filing-source,2,filing,filing,false,false,true,true,false,issuer; aggregator,none,,,filing,filing,true,true,false,1,false
20261007T072037956114Z-codex.web.RC02.r2-a1,web,reach,RC02,2,17,fact,"2022-12-31, 10-K: global streaming paid memberships at period end were 230,747, in thousands.","2022-12-31; 10-K; 230,747",S16,filing,filing-source,3,filing,filing,false,false,true,true,false,issuer; forum; aggregator; reference,none,,,filing,filing,true,true,false,3,false
20261007T072037956114Z-codex.web.RC02.r2-a1,web,reach,RC02,2,18,fact,"2023-03-31, 10-Q: global streaming paid memberships at period end were 232,498, in thousands.","2023-03-31; 10-Q; 232,498",S17,filing,filing-source,3,filing,filing,false,false,true,true,false,issuer; forum; aggregator,none,,,filing,filing,true,true,false,2,false
20261007T072037956114Z-codex.web.RC02.r2-a1,web,reach,RC02,2,19,fact,"2023-06-30, 10-Q: global streaming paid memberships at period end were 238,390, in thousands.","2023-06-30; 10-Q; 238,390",S18,filing,filing-source,2,filing,filing,false,false,true,false,false,aggregator,none,,,filing,filing,true,false,false,1,false
20261007T072037956114Z-codex.web.RC02.r2-a1,web,reach,RC02,2,20,fact,"2023-09-30, 10-Q: global streaming paid memberships at period end were 247,153, in thousands.","2023-09-30; 10-Q; 247,153",S19,filing,filing-source,2,filing,filing,false,false,true,true,false,aggregator; reference,none,,,filing,filing,true,true,false,1,false
20261007T072037956114Z-codex.web.RC02.r2-a1,web,reach,RC02,2,21,fact,"2023-12-31, 10-K: global streaming paid memberships at period end were 260,276, in thousands.","2023-12-31; 10-K; 260,276",S20,filing,filing-source,3,filing,filing,false,false,true,true,false,issuer; forum; aggregator; reference,none,,,filing,filing,true,true,false,3,false
20261007T072037956114Z-codex.web.RC02.r2-a1,web,reach,RC02,2,22,fact,"2024-03-31, 10-Q: global streaming paid memberships at period end were 269,602, in thousands.","2024-03-31; 10-Q; 269,602",S21,filing,filing-source,3,filing,filing,false,false,true,true,false,issuer; forum; aggregator,none,,,filing,filing,true,true,false,2,false
20261007T072037956114Z-codex.web.RC02.r2-a1,web,reach,RC02,2,23,fact,"2024-06-30, 10-Q: global streaming paid memberships at period end were 277,647, in thousands.","2024-06-30; 10-Q; 277,647",S22,filing,filing-source,2,filing,filing,false,false,true,false,false,aggregator,none,,,filing,filing,true,false,false,1,false
20261007T072037956114Z-codex.web.RC02.r2-a1,web,reach,RC02,2,24,fact,"2024-09-30, 10-Q: global streaming paid memberships at period end were 282,720, in thousands.","2024-09-30; 10-Q; 282,720",S23,filing,filing-source,2,filing,filing,false,false,true,true,false,aggregator; reference,none,,,filing,filing,true,true,false,1,false
20261007T072037956114Z-codex.web.RC02.r2-a1,web,reach,RC02,2,25,fact,"2024-12-31, 10-K: global streaming paid memberships at period end were 301,626, in thousands.","2024-12-31; 10-K; 301,626",S24,filing,filing-source,3,filing,filing,false,false,true,true,false,issuer; forum; aggregator; reference,none,,,filing,filing,true,true,false,3,false
20261007T072109746673Z-codex.archivist.RC02.r2-a1,archivist,reach,RC02,2,1,fact,All 24 reports are listed chronologically; amendments are excluded.,24,,,,1,filing,filing,false,false,true,false,false,,none,,,filing,filing,true,false,false,1,false
20261007T072109746673Z-codex.archivist.RC02.r2-a1,archivist,reach,RC02,2,2,fact,"Global streaming paid memberships at period end, in thousands: 2019-03-31 | 10-Q · 2019-04-18 | 148,863.","2019-03-31; 10-Q; 2019-04-18; 148,863",S1,filing,mosaic-finance.com,4,unattributed,,false,false,false,false,false,,none,,,unattributed,,false,false,false,3,false
20261007T072109746673Z-codex.archivist.RC02.r2-a1,archivist,reach,RC02,2,3,fact,"Global streaming paid memberships at period end, in thousands: 2019-06-30 | 10-Q · 2019-07-19 | 151,562.","2019-06-30; 10-Q; 2019-07-19; 151,562",S2,filing,mosaic-finance.com,3,unattributed,,false,false,false,false,false,,none,,,unattributed,,false,false,false,2,false
20261007T072109746673Z-codex.archivist.RC02.r2-a1,archivist,reach,RC02,2,4,fact,"Global streaming paid memberships at period end, in thousands: 2019-09-30 | 10-Q · 2019-10-18 | 158,334.","2019-09-30; 10-Q; 2019-10-18; 158,334",S3,filing,mosaic-finance.com,3,unattributed,,false,false,false,false,false,,none,,,unattributed,,false,false,false,2,false
20261007T072109746673Z-codex.archivist.RC02.r2-a1,archivist,reach,RC02,2,5,fact,"Global streaming paid memberships at period end, in thousands: 2019-12-31 | 10-K · 2020-01-29 | 167,090.","2019-12-31; 10-K; 2020-01-29; 167,090",S4,filing,mosaic-finance.com,4,filing,filing,false,false,true,false,false,,none,,,filing,filing,true,false,false,4,false
20261007T072109746673Z-codex.archivist.RC02.r2-a1,archivist,reach,RC02,2,6,fact,"Global streaming paid memberships at period end, in thousands: 2020-03-31 | 10-Q · 2020-04-21 | 182,856.","2020-03-31; 10-Q; 2020-04-21; 182,856",S5,filing,mosaic-finance.com,4,filing,filing,false,false,true,false,false,,none,,,filing,filing,true,false,false,3,false
20261007T072109746673Z-codex.archivist.RC02.r2-a1,archivist,reach,RC02,2,7,fact,"Global streaming paid memberships at period end, in thousands: 2020-06-30 | 10-Q · 2020-07-20 | 192,947.","2020-06-30; 10-Q; 2020-07-20; 192,947",S6,filing,mosaic-finance.com,2,filing,filing,false,false,true,false,false,,none,,,filing,filing,true,false,false,1,false
20261007T072109746673Z-codex.archivist.RC02.r2-a1,archivist,reach,RC02,2,8,fact,"Global streaming paid memberships at period end, in thousands: 2020-09-30 | 10-Q · 2020-10-22 | 195,151.","2020-09-30; 10-Q; 2020-10-22; 195,151",S7,filing,mosaic-finance.com,3,filing,filing,false,false,true,false,false,,none,,,filing,filing,true,false,false,2,false
20261007T072109746673Z-codex.archivist.RC02.r2-a1,archivist,reach,RC02,2,9,fact,"Global streaming paid memberships at period end, in thousands: 2020-12-31 | 10-K · 2021-01-28 | 203,663.","2020-12-31; 10-K; 2021-01-28; 203,663",S8,filing,mosaic-finance.com,4,filing,filing,false,false,true,false,false,,none,,,filing,filing,true,false,false,4,false
20261007T072109746673Z-codex.archivist.RC02.r2-a1,archivist,reach,RC02,2,10,fact,"Global streaming paid memberships at period end, in thousands: 2021-03-31 | 10-Q · 2021-04-22 | 207,639.","2021-03-31; 10-Q; 2021-04-22; 207,639",S9,filing,mosaic-finance.com,4,filing,filing,false,false,true,false,false,,none,,,filing,filing,true,false,false,3,false
20261007T072109746673Z-codex.archivist.RC02.r2-a1,archivist,reach,RC02,2,11,fact,"Global streaming paid memberships at period end, in thousands: 2021-06-30 | 10-Q · 2021-07-22 | 209,180.","2021-06-30; 10-Q; 2021-07-22; 209,180",S10,filing,mosaic-finance.com,3,filing,filing,false,false,true,false,false,,none,,,filing,filing,true,false,false,2,false
20261007T072109746673Z-codex.archivist.RC02.r2-a1,archivist,reach,RC02,2,12,fact,"Global streaming paid memberships at period end, in thousands: 2021-09-30 | 10-Q · 2021-10-21 | 213,563.","2021-09-30; 10-Q; 2021-10-21; 213,563",S11,filing,mosaic-finance.com,3,filing,filing,false,false,true,false,false,,none,,,filing,filing,true,false,false,2,false
20261007T072109746673Z-codex.archivist.RC02.r2-a1,archivist,reach,RC02,2,13,fact,"Global streaming paid memberships at period end, in thousands: 2021-12-31 | 10-K · 2022-01-27 | 221,844.","2021-12-31; 10-K; 2022-01-27; 221,844",S12,filing,mosaic-finance.com,4,filing,filing,false,false,true,false,false,,none,,,filing,filing,true,false,false,4,false
20261007T072109746673Z-codex.archivist.RC02.r2-a1,archivist,reach,RC02,2,14,fact,"Global streaming paid memberships at period end, in thousands: 2022-03-31 | 10-Q · 2022-04-21 | 221,641.","2022-03-31; 10-Q; 2022-04-21; 221,641",S13,filing,mosaic-finance.com,4,filing,filing,false,false,true,false,false,,none,,,filing,filing,true,false,false,3,false
20261007T072109746673Z-codex.archivist.RC02.r2-a1,archivist,reach,RC02,2,15,fact,"Global streaming paid memberships at period end, in thousands: 2022-06-30 | 10-Q · 2022-07-21 | 220,672.","2022-06-30; 10-Q; 2022-07-21; 220,672",S14,filing,mosaic-finance.com,3,filing,filing,false,false,true,false,false,,none,,,filing,filing,true,false,false,2,false
20261007T072109746673Z-codex.archivist.RC02.r2-a1,archivist,reach,RC02,2,16,fact,"Global streaming paid memberships at period end, in thousands: 2022-09-30 | 10-Q · 2022-10-20 | 223,085.","2022-09-30; 10-Q; 2022-10-20; 223,085",S15,filing,mosaic-finance.com,2,filing,filing,false,false,true,false,false,,none,,,filing,filing,true,false,false,1,false
20261007T072109746673Z-codex.archivist.RC02.r2-a1,archivist,reach,RC02,2,17,fact,"Global streaming paid memberships at period end, in thousands: 2022-12-31 | 10-K · 2023-01-26 | 230,747.","2022-12-31; 10-K; 2023-01-26; 230,747",S16,filing,mosaic-finance.com,4,filing,filing,false,false,true,false,false,,none,,,filing,filing,true,false,false,4,false
20261007T072109746673Z-codex.archivist.RC02.r2-a1,archivist,reach,RC02,2,18,fact,"Global streaming paid memberships at period end, in thousands: 2023-03-31 | 10-Q · 2023-04-21 | 232,498.","2023-03-31; 10-Q; 2023-04-21; 232,498",S17,filing,mosaic-finance.com,4,filing,filing,false,false,true,false,false,,none,,,filing,filing,true,false,false,3,false
20261007T072109746673Z-codex.archivist.RC02.r2-a1,archivist,reach,RC02,2,19,fact,"Global streaming paid memberships at period end, in thousands: 2023-06-30 | 10-Q · 2023-07-21 | 238,390.","2023-06-30; 10-Q; 2023-07-21; 238,390",S18,filing,mosaic-finance.com,3,filing,filing,false,false,true,false,false,,none,,,filing,filing,true,false,false,2,false
20261007T072109746673Z-codex.archivist.RC02.r2-a1,archivist,reach,RC02,2,20,fact,"Global streaming paid memberships at period end, in thousands: 2023-09-30 | 10-Q · 2023-10-20 | 247,153.","2023-09-30; 10-Q; 2023-10-20; 247,153",S19,filing,mosaic-finance.com,2,filing,filing,false,false,true,false,false,,none,,,filing,filing,true,false,false,1,false
20261007T072109746673Z-codex.archivist.RC02.r2-a1,archivist,reach,RC02,2,21,fact,"Global streaming paid memberships at period end, in thousands: 2023-12-31 | 10-K · 2024-01-26 | 260,276.","2023-12-31; 10-K; 2024-01-26; 260,276",S20,filing,mosaic-finance.com,4,filing,filing,false,false,true,false,false,,none,,,filing,filing,true,false,false,4,false
20261007T072109746673Z-codex.archivist.RC02.r2-a1,archivist,reach,RC02,2,22,fact,"Global streaming paid memberships at period end, in thousands: 2024-03-31 | 10-Q · 2024-04-22 | 269,602.","2024-03-31; 10-Q; 2024-04-22; 269,602",S21,filing,mosaic-finance.com,4,unattributed,,false,false,false,false,false,,none,,,unattributed,,false,false,false,3,false
20261007T072109746673Z-codex.archivist.RC02.r2-a1,archivist,reach,RC02,2,23,fact,"Global streaming paid memberships at period end, in thousands: 2024-06-30 | 10-Q · 2024-07-19 | 277,647.","2024-06-30; 10-Q; 2024-07-19; 277,647",S22,filing,mosaic-finance.com,3,filing,filing,false,false,true,false,false,,none,,,filing,filing,true,false,false,2,false
20261007T072109746673Z-codex.archivist.RC02.r2-a1,archivist,reach,RC02,2,24,fact,"Global streaming paid memberships at period end, in thousands: 2024-09-30 | 10-Q · 2024-10-18 | 282,720.","2024-09-30; 10-Q; 2024-10-18; 282,720",S23,filing,mosaic-finance.com,3,unattributed,,false,false,false,false,false,,none,,,unattributed,,false,false,false,2,false
20261007T072109746673Z-codex.archivist.RC02.r2-a1,archivist,reach,RC02,2,25,fact,"Global streaming paid memberships at period end, in thousands: 2024-12-31 | 10-K · 2025-01-27 | 301,626.","2024-12-31; 10-K; 2025-01-27; 301,626",S24,filing,mosaic-finance.com,4,filing,filing,false,false,true,false,false,,none,,,filing,filing,true,false,false,4,false
20261007T072109746673Z-codex.archivist.RC02.r2-a1,archivist,reach,RC02,2,26,fact,"For March and September 2019, global totals equal domestic plus international streaming paid memberships.",March and September 2019,,,,1,unattributed,,false,false,false,false,false,,none,,,unattributed,,false,false,false,1,false
20261007T072200725445Z-codex.both.RC02.r2-a1,both,reach,RC02,2,1,fact,All 24 original reports are listed chronologically; amendments are excluded.,24,,,,1,filing,filing,false,false,true,false,false,,none,,,filing,filing,true,false,false,1,false
20261007T072200725445Z-codex.both.RC02.r2-a1,both,reach,RC02,2,2,fact,"Global streaming paid memberships at period end, in thousands: 2019-03-31 | 10-Q · 2019-04-18 | 148,863.","2019-03-31; 10-Q; 2019-04-18; 148,863",S1,filing,mosaic-finance.com,4,filing,filing,false,false,true,false,false,,none,,,filing,filing,true,false,false,3,false
20261007T072200725445Z-codex.both.RC02.r2-a1,both,reach,RC02,2,3,fact,"Global streaming paid memberships at period end, in thousands: 2019-06-30 | 10-Q · 2019-07-19 | 151,562.","2019-06-30; 10-Q; 2019-07-19; 151,562",S2,filing,mosaic-finance.com,3,filing,filing,false,false,true,false,false,,none,,,filing,filing,true,false,false,2,false
20261007T072200725445Z-codex.both.RC02.r2-a1,both,reach,RC02,2,4,fact,"Global streaming paid memberships at period end, in thousands: 2019-09-30 | 10-Q · 2019-10-18 | 158,334.","2019-09-30; 10-Q; 2019-10-18; 158,334",S3,filing,mosaic-finance.com,3,filing,filing,false,false,true,false,false,,none,,,filing,filing,true,false,false,2,false
20261007T072200725445Z-codex.both.RC02.r2-a1,both,reach,RC02,2,5,fact,"Global streaming paid memberships at period end, in thousands: 2019-12-31 | 10-K · 2020-01-29 | 167,090.","2019-12-31; 10-K; 2020-01-29; 167,090",S4,filing,mosaic-finance.com,4,filing,filing,false,false,true,false,false,,none,,,filing,filing,true,false,false,4,false
20261007T072200725445Z-codex.both.RC02.r2-a1,both,reach,RC02,2,6,fact,"Global streaming paid memberships at period end, in thousands: 2020-03-31 | 10-Q · 2020-04-21 | 182,856.","2020-03-31; 10-Q; 2020-04-21; 182,856",S5,filing,mosaic-finance.com,4,filing,filing,false,false,true,false,false,,none,,,filing,filing,true,false,false,3,false
20261007T072200725445Z-codex.both.RC02.r2-a1,both,reach,RC02,2,7,fact,"Global streaming paid memberships at period end, in thousands: 2020-06-30 | 10-Q · 2020-07-20 | 192,947.","2020-06-30; 10-Q; 2020-07-20; 192,947",S6,filing,mosaic-finance.com,2,filing,filing,false,false,true,false,false,,none,,,filing,filing,true,false,false,1,false
20261007T072200725445Z-codex.both.RC02.r2-a1,both,reach,RC02,2,8,fact,"Global streaming paid memberships at period end, in thousands: 2020-09-30 | 10-Q · 2020-10-22 | 195,151.","2020-09-30; 10-Q; 2020-10-22; 195,151",S7,filing,mosaic-finance.com,3,filing,filing,false,false,true,false,false,,none,,,filing,filing,true,false,false,2,false
20261007T072200725445Z-codex.both.RC02.r2-a1,both,reach,RC02,2,9,fact,"Global streaming paid memberships at period end, in thousands: 2020-12-31 | 10-K · 2021-01-28 | 203,663.","2020-12-31; 10-K; 2021-01-28; 203,663",S8,filing,mosaic-finance.com,4,filing,filing,false,false,true,false,false,,none,,,filing,filing,true,false,false,4,false
20261007T072200725445Z-codex.both.RC02.r2-a1,both,reach,RC02,2,10,fact,"Global streaming paid memberships at period end, in thousands: 2021-03-31 | 10-Q · 2021-04-22 | 207,639.","2021-03-31; 10-Q; 2021-04-22; 207,639",S9,filing,mosaic-finance.com,4,filing,filing,false,false,true,false,false,,none,,,filing,filing,true,false,false,3,false
20261007T072200725445Z-codex.both.RC02.r2-a1,both,reach,RC02,2,11,fact,"Global streaming paid memberships at period end, in thousands: 2021-06-30 | 10-Q · 2021-07-22 | 209,180.","2021-06-30; 10-Q; 2021-07-22; 209,180",S10,filing,mosaic-finance.com,3,filing,filing,false,false,true,false,false,,none,,,filing,filing,true,false,false,2,false
20261007T072200725445Z-codex.both.RC02.r2-a1,both,reach,RC02,2,12,fact,"Global streaming paid memberships at period end, in thousands: 2021-09-30 | 10-Q · 2021-10-21 | 213,563.","2021-09-30; 10-Q; 2021-10-21; 213,563",S11,filing,mosaic-finance.com,3,filing,filing,false,false,true,false,false,,none,,,filing,filing,true,false,false,2,false
20261007T072200725445Z-codex.both.RC02.r2-a1,both,reach,RC02,2,13,fact,"Global streaming paid memberships at period end, in thousands: 2021-12-31 | 10-K · 2022-01-27 | 221,844.","2021-12-31; 10-K; 2022-01-27; 221,844",S12,filing,mosaic-finance.com,4,filing,filing,false,false,true,false,false,,none,,,filing,filing,true,false,false,4,false
20261007T072200725445Z-codex.both.RC02.r2-a1,both,reach,RC02,2,14,fact,"Global streaming paid memberships at period end, in thousands: 2022-03-31 | 10-Q · 2022-04-21 | 221,641.","2022-03-31; 10-Q; 2022-04-21; 221,641",S13,filing,mosaic-finance.com,4,filing,filing,false,false,true,false,false,,none,,,filing,filing,true,false,false,3,false
20261007T072200725445Z-codex.both.RC02.r2-a1,both,reach,RC02,2,15,fact,"Global streaming paid memberships at period end, in thousands: 2022-06-30 | 10-Q · 2022-07-21 | 220,672.","2022-06-30; 10-Q; 2022-07-21; 220,672",S14,filing,mosaic-finance.com,3,filing,filing,false,false,true,false,false,,none,,,filing,filing,true,false,false,2,false
20261007T072200725445Z-codex.both.RC02.r2-a1,both,reach,RC02,2,16,fact,"Global streaming paid memberships at period end, in thousands: 2022-09-30 | 10-Q · 2022-10-20 | 223,085.","2022-09-30; 10-Q; 2022-10-20; 223,085",S15,filing,mosaic-finance.com,2,filing,filing,false,false,true,false,false,,none,,,filing,filing,true,false,false,1,false
20261007T072200725445Z-codex.both.RC02.r2-a1,both,reach,RC02,2,17,fact,"Global streaming paid memberships at period end, in thousands: 2022-12-31 | 10-K · 2023-01-26 | 230,747.","2022-12-31; 10-K; 2023-01-26; 230,747",S16,filing,mosaic-finance.com,4,filing,filing,false,false,true,false,false,,none,,,filing,filing,true,false,false,4,false
20261007T072200725445Z-codex.both.RC02.r2-a1,both,reach,RC02,2,18,fact,"Global streaming paid memberships at period end, in thousands: 2023-03-31 | 10-Q · 2023-04-21 | 232,498.","2023-03-31; 10-Q; 2023-04-21; 232,498",S17,filing,mosaic-finance.com,4,filing,filing,false,false,true,false,false,,none,,,filing,filing,true,false,false,3,false
20261007T072200725445Z-codex.both.RC02.r2-a1,both,reach,RC02,2,19,fact,"Global streaming paid memberships at period end, in thousands: 2023-06-30 | 10-Q · 2023-07-21 | 238,390.","2023-06-30; 10-Q; 2023-07-21; 238,390",S18,filing,mosaic-finance.com,3,filing,filing,false,false,true,false,false,,none,,,filing,filing,true,false,false,2,false
20261007T072200725445Z-codex.both.RC02.r2-a1,both,reach,RC02,2,20,fact,"Global streaming paid memberships at period end, in thousands: 2023-09-30 | 10-Q · 2023-10-20 | 247,153.","2023-09-30; 10-Q; 2023-10-20; 247,153",S19,filing,mosaic-finance.com,2,filing,filing,false,false,true,false,false,,none,,,filing,filing,true,false,false,1,false
20261007T072200725445Z-codex.both.RC02.r2-a1,both,reach,RC02,2,21,fact,"Global streaming paid memberships at period end, in thousands: 2023-12-31 | 10-K · 2024-01-26 | 260,276.","2023-12-31; 10-K; 2024-01-26; 260,276",S20,filing,mosaic-finance.com,4,filing,filing,false,false,true,false,false,,none,,,filing,filing,true,false,false,4,false
20261007T072200725445Z-codex.both.RC02.r2-a1,both,reach,RC02,2,22,fact,"Global streaming paid memberships at period end, in thousands: 2024-03-31 | 10-Q · 2024-04-22 | 269,602.","2024-03-31; 10-Q; 2024-04-22; 269,602",S21,filing,mosaic-finance.com,4,unattributed,,false,false,false,false,false,,none,,,unattributed,,false,false,false,3,false
20261007T072200725445Z-codex.both.RC02.r2-a1,both,reach,RC02,2,23,fact,"Global streaming paid memberships at period end, in thousands: 2024-06-30 | 10-Q · 2024-07-19 | 277,647.","2024-06-30; 10-Q; 2024-07-19; 277,647",S22,filing,mosaic-finance.com,3,filing,filing,false,false,true,false,false,,none,,,filing,filing,true,false,false,2,false
20261007T072200725445Z-codex.both.RC02.r2-a1,both,reach,RC02,2,24,fact,"Global streaming paid memberships at period end, in thousands: 2024-09-30 | 10-Q · 2024-10-18 | 282,720.","2024-09-30; 10-Q; 2024-10-18; 282,720",S23,filing,mosaic-finance.com,3,unattributed,,false,false,false,false,false,,none,,,unattributed,,false,false,false,2,false
20261007T072200725445Z-codex.both.RC02.r2-a1,both,reach,RC02,2,25,fact,"Global streaming paid memberships at period end, in thousands: 2024-12-31 | 10-K · 2025-01-27 | 301,626.","2024-12-31; 10-K; 2025-01-27; 301,626",S24,filing,mosaic-finance.com,4,filing,filing,false,false,true,false,false,,none,,,filing,filing,true,false,false,4,false
20261007T072259323078Z-codex.web.RC03.r2-a1,web,reach,RC03,2,1,fact,"All 24 reports are listed below, excluding amendments.",24,,,,1,filing,filing,false,false,true,true,false,issuer; aggregator,none,,,filing,filing,true,true,false,1,false
20261007T072259323078Z-codex.web.RC03.r2-a1,web,reach,RC03,2,2,fact,"Figures are total backlog in US$ billions, using the filings’ stated one-decimal precision.",one-decimal,,,,1,unattributed,,false,false,false,false,false,,none,,,unattributed,,false,false,false,1,false
20261007T072259323078Z-codex.web.RC03.r2-a1,web,reach,RC03,2,3,fact,2020 Q1 10-Q: backlog of 144.1 US$bn as of 2020-03-29.,2020 Q1 10-Q; 144.1; 2020-03-29,S1,filing,filing-source,3,secondary,issuer,false,false,false,false,false,issuer; forum; aggregator,none,,,filing,filing,true,true,false,2,false
20261007T072259323078Z-codex.web.RC03.r2-a1,web,reach,RC03,2,4,fact,2020 Q2 10-Q: backlog of 150.3 US$bn as of 2020-06-28.,2020 Q2 10-Q; 150.3; 2020-06-28,S2,filing,filing-source,3,secondary,issuer,false,false,false,false,false,issuer; forum; promotional; aggregator,none,,,filing,filing,true,true,false,2,false
20261007T072259323078Z-codex.web.RC03.r2-a1,web,reach,RC03,2,5,fact,2020 Q3 10-Q: backlog of 150.4 US$bn as of 2020-09-27.,2020 Q3 10-Q; 150.4; 2020-09-27,S3,issuer,investors.lockheedmartin.com,3,secondary,issuer,false,true,false,false,false,issuer; aggregator,none,,,secondary,issuer,false,true,false,2,false
20261007T072259323078Z-codex.web.RC03.r2-a1,web,reach,RC03,2,6,fact,2020 FY 10-K: backlog of 147.1 US$bn as of 2020-12-31.,2020 FY 10-K; 147.1; 2020-12-31,S4,filing,filing-source,4,secondary,issuer,false,false,false,false,false,issuer; forum; aggregator,none,,,filing,filing,true,true,false,3,false
20261007T072259323078Z-codex.web.RC03.r2-a1,web,reach,RC03,2,7,fact,2021 Q1 10-Q: backlog of 147.4 US$bn as of 2021-03-28.,2021 Q1 10-Q; 147.4; 2021-03-28,S5,filing,filing-source,3,secondary,issuer,false,false,false,false,false,issuer; forum; promotional; aggregator,none,,,filing,filing,true,true,false,2,false
20261007T072259323078Z-codex.web.RC03.r2-a1,web,reach,RC03,2,8,fact,2021 Q2 10-Q: backlog of 141.7 US$bn as of 2021-06-27.,2021 Q2 10-Q; 141.7; 2021-06-27,S6,filing,filing-source,3,secondary,issuer,false,false,false,false,false,issuer; aggregator,none,,,filing,filing,true,true,false,2,false
20261007T072259323078Z-codex.web.RC03.r2-a1,web,reach,RC03,2,9,fact,2021 Q3 10-Q: backlog of 134.8 US$bn as of 2021-09-26.,2021 Q3 10-Q; 134.8; 2021-09-26,S7,issuer,investors.lockheedmartin.com,3,secondary,issuer,false,true,false,false,false,issuer; forum; aggregator,none,,,secondary,issuer,false,true,false,2,false
20261007T072259323078Z-codex.web.RC03.r2-a1,web,reach,RC03,2,10,fact,2021 FY 10-K: backlog of 135.4 US$bn as of 2021-12-31.,2021 FY 10-K; 135.4; 2021-12-31,S8,filing,filing-source,4,secondary,issuer,false,false,false,false,false,issuer; forum; aggregator,none,,,filing,filing,true,true,false,3,false
20261007T072259323078Z-codex.web.RC03.r2-a1,web,reach,RC03,2,11,fact,2022 Q1 10-Q: backlog of 134.2 US$bn as of 2022-03-27.,2022 Q1 10-Q; 134.2; 2022-03-27,S9,issuer,investors.lockheedmartin.com,3,secondary,issuer,false,true,false,false,false,issuer; aggregator,none,,,secondary,issuer,false,true,false,2,false
20261007T072259323078Z-codex.web.RC03.r2-a1,web,reach,RC03,2,12,fact,2022 Q2 10-Q: backlog of 134.6 US$bn as of 2022-06-26.,2022 Q2 10-Q; 134.6; 2022-06-26,S10,issuer,investors.lockheedmartin.com,3,secondary,issuer,false,true,false,false,false,issuer; forum; aggregator,none,,,secondary,issuer,false,true,false,2,false
20261007T072259323078Z-codex.web.RC03.r2-a1,web,reach,RC03,2,13,fact,2022 Q3 10-Q: backlog of 139.7 US$bn as of 2022-09-25.,2022 Q3 10-Q; 139.7; 2022-09-25,S11,issuer,investors.lockheedmartin.com,3,secondary,issuer,false,true,false,false,false,issuer; aggregator,none,,,secondary,issuer,false,true,false,2,false
20261007T072259323078Z-codex.web.RC03.r2-a1,web,reach,RC03,2,14,fact,2022 FY 10-K: backlog of 150.0 US$bn as of 2022-12-31.,2022 FY 10-K; 150.0; 2022-12-31,S12,filing,filing-source,4,secondary,issuer,false,false,false,false,false,issuer; forum; aggregator,none,,,filing,filing,true,true,false,3,false
20261007T072259323078Z-codex.web.RC03.r2-a1,web,reach,RC03,2,15,fact,2023 Q1 10-Q: backlog of 145.1 US$bn as of 2023-03-26.,2023 Q1 10-Q; 145.1; 2023-03-26,S13,filing,filing-source,3,secondary,issuer,false,false,false,false,false,issuer; forum; aggregator,none,,,filing,filing,true,true,false,2,false
20261007T072259323078Z-codex.web.RC03.r2-a1,web,reach,RC03,2,16,fact,2023 Q2 10-Q: backlog of 158.0 US$bn as of 2023-06-25.,2023 Q2 10-Q; 158.0; 2023-06-25,S14,issuer,investors.lockheedmartin.com,3,secondary,issuer,false,true,false,false,false,issuer; aggregator,none,,,secondary,issuer,false,true,false,2,false
20261007T072259323078Z-codex.web.RC03.r2-a1,web,reach,RC03,2,17,fact,2023 Q3 10-Q: backlog of 156.0 US$bn as of 2023-09-24.,2023 Q3 10-Q; 156.0; 2023-09-24,S15,issuer,investors.lockheedmartin.com,3,secondary,issuer,false,true,false,false,false,issuer; aggregator,none,,,filing,filing,true,true,false,2,false
20261007T072259323078Z-codex.web.RC03.r2-a1,web,reach,RC03,2,18,fact,2023 FY 10-K: backlog of 160.6 US$bn as of 2023-12-31.,2023 FY 10-K; 160.6; 2023-12-31,S16,filing,filing-source,4,secondary,issuer,false,false,false,false,false,issuer; forum; aggregator,none,,,filing,filing,true,true,false,3,false
20261007T072259323078Z-codex.web.RC03.r2-a1,web,reach,RC03,2,19,fact,2024 Q1 10-Q: backlog of 159.4 US$bn as of 2024-03-31.,2024 Q1 10-Q; 159.4; 2024-03-31,S17,issuer,investors.lockheedmartin.com,3,secondary,issuer,false,true,false,false,false,issuer; forum; aggregator,none,,,secondary,issuer,false,true,false,2,false
20261007T072259323078Z-codex.web.RC03.r2-a1,web,reach,RC03,2,20,fact,2024 Q2 10-Q: backlog of 158.3 US$bn as of 2024-06-30.,2024 Q2 10-Q; 158.3; 2024-06-30,S18,filing,filing-source,2,secondary,issuer,false,false,false,false,false,issuer,none,,,filing,filing,true,true,false,1,false
20261007T072259323078Z-codex.web.RC03.r2-a1,web,reach,RC03,2,21,fact,2024 Q3 10-Q: backlog of 165.7 US$bn as of 2024-09-29.,2024 Q3 10-Q; 165.7; 2024-09-29,S19,issuer,investors.lockheedmartin.com,3,secondary,issuer,false,true,false,false,false,issuer; forum; aggregator,none,,,filing,filing,true,true,false,2,false
20261007T072259323078Z-codex.web.RC03.r2-a1,web,reach,RC03,2,22,fact,2024 FY 10-K: backlog of 176.0 US$bn as of 2024-12-31.,2024 FY 10-K; 176.0; 2024-12-31,S20,filing,filing-source,4,secondary,issuer,false,false,false,false,false,issuer; forum; aggregator,none,,,filing,filing,true,true,false,3,false
20261007T072259323078Z-codex.web.RC03.r2-a1,web,reach,RC03,2,23,fact,2025 Q1 10-Q: backlog of 173.0 US$bn as of 2025-03-30.,2025 Q1 10-Q; 173.0; 2025-03-30,S21,issuer,investors.lockheedmartin.com,2,secondary,issuer,false,true,false,false,false,issuer,none,,,filing,filing,true,true,false,1,false
20261007T072259323078Z-codex.web.RC03.r2-a1,web,reach,RC03,2,24,fact,2025 Q2 10-Q: backlog of 166.5 US$bn as of 2025-06-29.,2025 Q2 10-Q; 166.5; 2025-06-29,S22,filing,filing-source,3,secondary,issuer,false,false,false,false,false,issuer; forum; aggregator,none,,,filing,filing,true,true,false,2,false
20261007T072259323078Z-codex.web.RC03.r2-a1,web,reach,RC03,2,25,fact,2025 Q3 10-Q: backlog of 179.1 US$bn as of 2025-09-28.,2025 Q3 10-Q; 179.1; 2025-09-28,S23,issuer,investors.lockheedmartin.com,3,secondary,issuer,false,true,false,false,false,issuer; forum; promotional; aggregator,none,,,secondary,issuer,false,true,false,2,false
20261007T072259323078Z-codex.web.RC03.r2-a1,web,reach,RC03,2,26,fact,2025 FY 10-K: backlog of 193.6 US$bn as of 2025-12-31.,2025 FY 10-K; 193.6; 2025-12-31,S24,filing,filing-source,4,secondary,issuer,false,false,false,false,false,issuer; forum; aggregator,none,,,filing,filing,true,true,false,3,false
20261007T072330127670Z-codex.archivist.RC03.r2-a1,archivist,reach,RC03,2,1,fact,Lockheed Martin’s reported ending backlog for all 24 reports is below.,Lockheed Martin; 24,,,,2,filing,filing,false,false,true,false,false,,none,,,filing,filing,true,false,false,1,false
20261007T072330127670Z-codex.archivist.RC03.r2-a1,archivist,reach,RC03,2,2,fact,Figures are in billions of US dollars; amendments are excluded.,US dollars,,,,1,unattributed,,false,false,false,false,false,,none,,,unattributed,,false,false,false,1,false
20261007T072330127670Z-codex.archivist.RC03.r2-a1,archivist,reach,RC03,2,3,fact,Lockheed Martin’s reported ending backlog (billions of US dollars): 2020-03-29 | 10-Q (2020-04-22) | 144.1.,Lockheed Martin; US dollars; 2020-03-29; 10-Q; 2020-04-22; 144.1,S1,filing,mosaic-finance.com,6,unattributed,,false,false,false,false,false,,none,,,filing,filing,true,false,false,3,false
20261007T072330127670Z-codex.archivist.RC03.r2-a1,archivist,reach,RC03,2,4,fact,Lockheed Martin’s reported ending backlog (billions of US dollars): 2020-06-28 | 10-Q (2020-07-21) | 150.3.,Lockheed Martin; US dollars; 2020-06-28; 10-Q; 2020-07-21; 150.3,S2,filing,mosaic-finance.com,6,unattributed,,false,false,false,false,false,,none,,,filing,filing,true,false,false,3,false
20261007T072330127670Z-codex.archivist.RC03.r2-a1,archivist,reach,RC03,2,5,fact,Lockheed Martin’s reported ending backlog (billions of US dollars): 2020-09-27 | 10-Q (2020-10-22) | 150.4.,Lockheed Martin; US dollars; 2020-09-27; 10-Q; 2020-10-22; 150.4,S3,filing,mosaic-finance.com,6,unattributed,,false,false,false,false,false,,none,,,filing,filing,true,false,false,3,false
20261007T072330127670Z-codex.archivist.RC03.r2-a1,archivist,reach,RC03,2,6,fact,Lockheed Martin’s reported ending backlog (billions of US dollars): 2020-12-31 | 10-K (2021-01-28) | 147.1.,Lockheed Martin; US dollars; 2020-12-31; 10-K; 2021-01-28; 147.1,S4,filing,mosaic-finance.com,6,unattributed,,false,false,false,false,false,,none,,,filing,filing,true,false,false,4,false
20261007T072330127670Z-codex.archivist.RC03.r2-a1,archivist,reach,RC03,2,7,fact,Lockheed Martin’s reported ending backlog (billions of US dollars): 2021-03-28 | 10-Q (2021-04-21) | 147.4.,Lockheed Martin; US dollars; 2021-03-28; 10-Q; 2021-04-21; 147.4,S5,filing,mosaic-finance.com,6,unattributed,,false,false,false,false,false,,none,,,filing,filing,true,false,false,3,false
20261007T072330127670Z-codex.archivist.RC03.r2-a1,archivist,reach,RC03,2,8,fact,Lockheed Martin’s reported ending backlog (billions of US dollars): 2021-06-27 | 10-Q (2021-07-26) | 141.7.,Lockheed Martin; US dollars; 2021-06-27; 10-Q; 2021-07-26; 141.7,S6,filing,mosaic-finance.com,6,unattributed,,false,false,false,false,false,,none,,,filing,filing,true,false,false,3,false
20261007T072330127670Z-codex.archivist.RC03.r2-a1,archivist,reach,RC03,2,9,fact,Lockheed Martin’s reported ending backlog (billions of US dollars): 2021-09-26 | 10-Q (2021-10-26) | 134.8.,Lockheed Martin; US dollars; 2021-09-26; 10-Q; 2021-10-26; 134.8,S7,filing,mosaic-finance.com,6,unattributed,,false,false,false,false,false,,none,,,filing,filing,true,false,false,3,false
20261007T072330127670Z-codex.archivist.RC03.r2-a1,archivist,reach,RC03,2,10,fact,Lockheed Martin’s reported ending backlog (billions of US dollars): 2021-12-31 | 10-K (2022-01-25) | 135.4.,Lockheed Martin; US dollars; 2021-12-31; 10-K; 2022-01-25; 135.4,S8,filing,mosaic-finance.com,6,unattributed,,false,false,false,false,false,,none,,,filing,filing,true,false,false,4,false
20261007T072330127670Z-codex.archivist.RC03.r2-a1,archivist,reach,RC03,2,11,fact,Lockheed Martin’s reported ending backlog (billions of US dollars): 2022-03-27 | 10-Q (2022-04-20) | 134.2.,Lockheed Martin; US dollars; 2022-03-27; 10-Q; 2022-04-20; 134.2,S9,filing,mosaic-finance.com,5,unattributed,,false,false,false,false,false,,none,,,filing,filing,true,false,false,2,false
20261007T072330127670Z-codex.archivist.RC03.r2-a1,archivist,reach,RC03,2,12,fact,Lockheed Martin’s reported ending backlog (billions of US dollars): 2022-06-26 | 10-Q (2022-07-19) | 134.6.,Lockheed Martin; US dollars; 2022-06-26; 10-Q; 2022-07-19; 134.6,S10,filing,mosaic-finance.com,6,unattributed,,false,false,false,false,false,,none,,,filing,filing,true,false,false,3,false
20261007T072330127670Z-codex.archivist.RC03.r2-a1,archivist,reach,RC03,2,13,fact,Lockheed Martin’s reported ending backlog (billions of US dollars): 2022-09-25 | 10-Q (2022-10-18) | 139.7.,Lockheed Martin; US dollars; 2022-09-25; 10-Q; 2022-10-18; 139.7,S11,filing,mosaic-finance.com,6,unattributed,,false,false,false,false,false,,none,,,filing,filing,true,false,false,3,false
20261007T072330127670Z-codex.archivist.RC03.r2-a1,archivist,reach,RC03,2,14,fact,Lockheed Martin’s reported ending backlog (billions of US dollars): 2022-12-31 | 10-K (2023-01-26) | 150.0.,Lockheed Martin; US dollars; 2022-12-31; 10-K; 2023-01-26; 150.0,S12,filing,mosaic-finance.com,6,unattributed,,false,false,false,false,false,,none,,,filing,filing,true,false,false,4,false
20261007T072330127670Z-codex.archivist.RC03.r2-a1,archivist,reach,RC03,2,15,fact,Lockheed Martin’s reported ending backlog (billions of US dollars): 2023-03-26 | 10-Q (2023-04-18) | 145.1.,Lockheed Martin; US dollars; 2023-03-26; 10-Q; 2023-04-18; 145.1,S13,filing,mosaic-finance.com,6,unattributed,,false,false,false,false,false,,none,,,filing,filing,true,false,false,3,false
20261007T072330127670Z-codex.archivist.RC03.r2-a1,archivist,reach,RC03,2,16,fact,Lockheed Martin’s reported ending backlog (billions of US dollars): 2023-06-25 | 10-Q (2023-07-19) | 158.0.,Lockheed Martin; US dollars; 2023-06-25; 10-Q; 2023-07-19; 158.0,S14,filing,mosaic-finance.com,6,unattributed,,false,false,false,false,false,,none,,,filing,filing,true,false,false,3,false
20261007T072330127670Z-codex.archivist.RC03.r2-a1,archivist,reach,RC03,2,17,fact,Lockheed Martin’s reported ending backlog (billions of US dollars): 2023-09-24 | 10-Q (2023-10-17) | 156.0.,Lockheed Martin; US dollars; 2023-09-24; 10-Q; 2023-10-17; 156.0,S15,filing,mosaic-finance.com,6,unattributed,,false,false,false,false,false,,none,,,filing,filing,true,false,false,3,false
20261007T072330127670Z-codex.archivist.RC03.r2-a1,archivist,reach,RC03,2,18,fact,Lockheed Martin’s reported ending backlog (billions of US dollars): 2023-12-31 | 10-K (2024-01-23) | 160.6.,Lockheed Martin; US dollars; 2023-12-31; 10-K; 2024-01-23; 160.6,S16,filing,mosaic-finance.com,6,unattributed,,false,false,false,false,false,,none,,,filing,filing,true,false,false,4,false
20261007T072330127670Z-codex.archivist.RC03.r2-a1,archivist,reach,RC03,2,19,fact,Lockheed Martin’s reported ending backlog (billions of US dollars): 2024-03-31 | 10-Q (2024-04-23) | 159.4.,Lockheed Martin; US dollars; 2024-03-31; 10-Q; 2024-04-23; 159.4,S17,filing,mosaic-finance.com,6,unattributed,,false,false,false,false,false,,none,,,filing,filing,true,false,false,3,false
20261007T072330127670Z-codex.archivist.RC03.r2-a1,archivist,reach,RC03,2,20,fact,Lockheed Martin’s reported ending backlog (billions of US dollars): 2024-06-30 | 10-Q (2024-07-23) | 158.3.,Lockheed Martin; US dollars; 2024-06-30; 10-Q; 2024-07-23; 158.3,S18,filing,mosaic-finance.com,5,unattributed,,false,false,false,false,false,,none,,,filing,filing,true,false,false,2,false
20261007T072330127670Z-codex.archivist.RC03.r2-a1,archivist,reach,RC03,2,21,fact,Lockheed Martin’s reported ending backlog (billions of US dollars): 2024-09-29 | 10-Q (2024-10-22) | 165.7.,Lockheed Martin; US dollars; 2024-09-29; 10-Q; 2024-10-22; 165.7,S19,filing,mosaic-finance.com,6,unattributed,,false,false,false,false,false,,none,,,filing,filing,true,false,false,3,false
20261007T072330127670Z-codex.archivist.RC03.r2-a1,archivist,reach,RC03,2,22,fact,Lockheed Martin’s reported ending backlog (billions of US dollars): 2024-12-31 | 10-K (2025-01-28) | 176.0.,Lockheed Martin; US dollars; 2024-12-31; 10-K; 2025-01-28; 176.0,S20,filing,mosaic-finance.com,6,unattributed,,false,false,false,false,false,,none,,,filing,filing,true,false,false,4,false
20261007T072330127670Z-codex.archivist.RC03.r2-a1,archivist,reach,RC03,2,23,fact,Lockheed Martin’s reported ending backlog (billions of US dollars): 2025-03-30 | 10-Q (2025-04-22) | 173.0.,Lockheed Martin; US dollars; 2025-03-30; 10-Q; 2025-04-22; 173.0,S21,filing,mosaic-finance.com,5,unattributed,,false,false,false,false,false,,none,,,filing,filing,true,false,false,2,false
20261007T072330127670Z-codex.archivist.RC03.r2-a1,archivist,reach,RC03,2,24,fact,Lockheed Martin’s reported ending backlog (billions of US dollars): 2025-06-29 | 10-Q (2025-07-22) | 166.5.,Lockheed Martin; US dollars; 2025-06-29; 10-Q; 2025-07-22; 166.5,S22,filing,mosaic-finance.com,6,unattributed,,false,false,false,false,false,,none,,,filing,filing,true,false,false,3,false
20261007T072330127670Z-codex.archivist.RC03.r2-a1,archivist,reach,RC03,2,25,fact,Lockheed Martin’s reported ending backlog (billions of US dollars): 2025-09-28 | 10-Q (2025-10-21) | 179.1.,Lockheed Martin; US dollars; 2025-09-28; 10-Q; 2025-10-21; 179.1,S23,filing,mosaic-finance.com,6,unattributed,,false,false,false,false,false,,none,,,filing,filing,true,false,false,3,false
20261007T072330127670Z-codex.archivist.RC03.r2-a1,archivist,reach,RC03,2,26,fact,Lockheed Martin’s reported ending backlog (billions of US dollars): 2025-12-31 | 10-K (2026-01-29) | 193.6.,Lockheed Martin; US dollars; 2025-12-31; 10-K; 2026-01-29; 193.6,S24,filing,mosaic-finance.com,6,unattributed,,false,false,false,false,false,,none,,,filing,filing,true,false,false,4,false
20261007T072428339192Z-codex.both.RC03.r2-a1,both,reach,RC03,2,1,fact,"Lockheed Martin’s reported period-end backlog, in billions of US dollars, for all 24 reports in the requested range. Amendments are excluded.",Lockheed Martin; US dollars; 24,,,,3,unattributed,,false,false,false,false,false,,none,,,filing,filing,true,false,false,1,false
20261007T072428339192Z-codex.both.RC03.r2-a1,both,reach,RC03,2,2,fact,2020-03-29 | 10-Q (2020-04-22) | 144.1,2020-03-29; 10-Q; 2020-04-22; 144.1,S1,filing,mosaic-finance.com,4,filing,filing,false,false,true,false,false,,none,,,filing,filing,true,false,false,3,false
20261007T072428339192Z-codex.both.RC03.r2-a1,both,reach,RC03,2,3,fact,2020-06-28 | 10-Q (2020-07-21) | 150.3,2020-06-28; 10-Q; 2020-07-21; 150.3,S2,filing,mosaic-finance.com,4,filing,filing,false,false,true,false,false,,none,,,filing,filing,true,false,false,3,false
20261007T072428339192Z-codex.both.RC03.r2-a1,both,reach,RC03,2,4,fact,2020-09-27 | 10-Q (2020-10-22) | 150.4,2020-09-27; 10-Q; 2020-10-22; 150.4,S3,filing,mosaic-finance.com,4,filing,filing,false,false,true,false,false,,none,,,filing,filing,true,false,false,3,false
20261007T072428339192Z-codex.both.RC03.r2-a1,both,reach,RC03,2,5,fact,2020-12-31 | 10-K (2021-01-28) | 147.1,2020-12-31; 10-K; 2021-01-28; 147.1,S4,filing,mosaic-finance.com,4,filing,filing,false,false,true,false,false,,none,,,filing,filing,true,false,false,4,false
20261007T072428339192Z-codex.both.RC03.r2-a1,both,reach,RC03,2,6,fact,2021-03-28 | 10-Q (2021-04-21) | 147.4,2021-03-28; 10-Q; 2021-04-21; 147.4,S5,filing,mosaic-finance.com,4,filing,filing,false,false,true,false,false,,none,,,filing,filing,true,false,false,3,false
20261007T072428339192Z-codex.both.RC03.r2-a1,both,reach,RC03,2,7,fact,2021-06-27 | 10-Q (2021-07-26) | 141.7,2021-06-27; 10-Q; 2021-07-26; 141.7,S6,filing,mosaic-finance.com,4,filing,filing,false,false,true,false,false,,none,,,filing,filing,true,false,false,3,false
20261007T072428339192Z-codex.both.RC03.r2-a1,both,reach,RC03,2,8,fact,2021-09-26 | 10-Q (2021-10-26) | 134.8,2021-09-26; 10-Q; 2021-10-26; 134.8,S7,filing,mosaic-finance.com,4,filing,filing,false,false,true,false,false,,none,,,filing,filing,true,false,false,3,false
20261007T072428339192Z-codex.both.RC03.r2-a1,both,reach,RC03,2,9,fact,2021-12-31 | 10-K (2022-01-25) | 135.4,2021-12-31; 10-K; 2022-01-25; 135.4,S8,filing,mosaic-finance.com,4,filing,filing,false,false,true,false,false,,none,,,filing,filing,true,false,false,4,false
20261007T072428339192Z-codex.both.RC03.r2-a1,both,reach,RC03,2,10,fact,2022-03-27 | 10-Q (2022-04-20) | 134.2,2022-03-27; 10-Q; 2022-04-20; 134.2,S9,filing,mosaic-finance.com,3,filing,filing,false,false,true,false,false,,none,,,filing,filing,true,false,false,2,false
20261007T072428339192Z-codex.both.RC03.r2-a1,both,reach,RC03,2,11,fact,2022-06-26 | 10-Q (2022-07-19) | 134.6,2022-06-26; 10-Q; 2022-07-19; 134.6,S10,filing,mosaic-finance.com,4,filing,filing,false,false,true,false,false,,none,,,filing,filing,true,false,false,3,false
20261007T072428339192Z-codex.both.RC03.r2-a1,both,reach,RC03,2,12,fact,2022-09-25 | 10-Q (2022-10-18) | 139.7,2022-09-25; 10-Q; 2022-10-18; 139.7,S11,filing,mosaic-finance.com,4,filing,filing,false,false,true,false,false,,none,,,filing,filing,true,false,false,3,false
20261007T072428339192Z-codex.both.RC03.r2-a1,both,reach,RC03,2,13,fact,2022-12-31 | 10-K (2023-01-26) | 150.0,2022-12-31; 10-K; 2023-01-26; 150.0,S12,filing,mosaic-finance.com,4,filing,filing,false,false,true,false,false,,none,,,filing,filing,true,false,false,4,false
20261007T072428339192Z-codex.both.RC03.r2-a1,both,reach,RC03,2,14,fact,2023-03-26 | 10-Q (2023-04-18) | 145.1,2023-03-26; 10-Q; 2023-04-18; 145.1,S13,filing,mosaic-finance.com,4,filing,filing,false,false,true,false,false,,none,,,filing,filing,true,false,false,3,false
20261007T072428339192Z-codex.both.RC03.r2-a1,both,reach,RC03,2,15,fact,2023-06-25 | 10-Q (2023-07-19) | 158.0,2023-06-25; 10-Q; 2023-07-19; 158.0,S14,filing,mosaic-finance.com,4,filing,filing,false,false,true,false,false,,none,,,filing,filing,true,false,false,3,false
20261007T072428339192Z-codex.both.RC03.r2-a1,both,reach,RC03,2,16,fact,2023-09-24 | 10-Q (2023-10-17) | 156.0,2023-09-24; 10-Q; 2023-10-17; 156.0,S15,filing,mosaic-finance.com,4,filing,filing,false,false,true,false,false,,none,,,filing,filing,true,false,false,3,false
20261007T072428339192Z-codex.both.RC03.r2-a1,both,reach,RC03,2,17,fact,2023-12-31 | 10-K (2024-01-23) | 160.6,2023-12-31; 10-K; 2024-01-23; 160.6,S16,filing,mosaic-finance.com,4,filing,filing,false,false,true,false,false,,none,,,filing,filing,true,false,false,4,false
20261007T072428339192Z-codex.both.RC03.r2-a1,both,reach,RC03,2,18,fact,2024-03-31 | 10-Q (2024-04-23) | 159.4,2024-03-31; 10-Q; 2024-04-23; 159.4,S17,filing,mosaic-finance.com,4,filing,filing,false,false,true,false,false,,none,,,filing,filing,true,false,false,3,false
20261007T072428339192Z-codex.both.RC03.r2-a1,both,reach,RC03,2,19,fact,2024-06-30 | 10-Q (2024-07-23) | 158.3,2024-06-30; 10-Q; 2024-07-23; 158.3,S18,filing,mosaic-finance.com,3,filing,filing,false,false,true,false,false,,none,,,filing,filing,true,false,false,2,false
20261007T072428339192Z-codex.both.RC03.r2-a1,both,reach,RC03,2,20,fact,2024-09-29 | 10-Q (2024-10-22) | 165.7,2024-09-29; 10-Q; 2024-10-22; 165.7,S19,filing,mosaic-finance.com,4,filing,filing,false,false,true,false,false,,none,,,filing,filing,true,false,false,3,false
20261007T072428339192Z-codex.both.RC03.r2-a1,both,reach,RC03,2,21,fact,2024-12-31 | 10-K (2025-01-28) | 176.0,2024-12-31; 10-K; 2025-01-28; 176.0,S20,filing,mosaic-finance.com,4,filing,filing,false,false,true,false,false,,none,,,filing,filing,true,false,false,4,false
20261007T072428339192Z-codex.both.RC03.r2-a1,both,reach,RC03,2,22,fact,2025-03-30 | 10-Q (2025-04-22) | 173.0,2025-03-30; 10-Q; 2025-04-22; 173.0,S21,filing,mosaic-finance.com,3,filing,filing,false,false,true,false,false,,none,,,filing,filing,true,false,false,2,false
20261007T072428339192Z-codex.both.RC03.r2-a1,both,reach,RC03,2,23,fact,2025-06-29 | 10-Q (2025-07-22) | 166.5,2025-06-29; 10-Q; 2025-07-22; 166.5,S22,filing,mosaic-finance.com,4,filing,filing,false,false,true,false,false,,none,,,filing,filing,true,false,false,3,false
20261007T072428339192Z-codex.both.RC03.r2-a1,both,reach,RC03,2,24,fact,2025-09-28 | 10-Q (2025-10-21) | 179.1,2025-09-28; 10-Q; 2025-10-21; 179.1,S23,filing,mosaic-finance.com,4,filing,filing,false,false,true,false,false,,none,,,filing,filing,true,false,false,3,false
20261007T072428339192Z-codex.both.RC03.r2-a1,both,reach,RC03,2,25,fact,2025-12-31 | 10-K (2026-01-29) | 193.6,2025-12-31; 10-K; 2026-01-29; 193.6,S24,filing,mosaic-finance.com,4,filing,filing,false,false,true,false,false,,none,,,filing,filing,true,false,false,4,false
20261007T072525873538Z-codex.web.RC04.r2-a1,web,reach,RC04,2,1,fact,"These are the reported, unadjusted operating ratios from the 24 filings, excluding amendments.",24,,,,1,filing,filing,false,false,true,true,false,issuer; aggregator; other,none,,,filing,filing,true,true,false,1,false
20261007T072525873538Z-codex.web.RC04.r2-a1,web,reach,RC04,2,2,fact,2020 Q1 — 10-Q: 59.0%.,Q1; 59.0%,S1,filing,filing-source,2,filing,filing,false,false,true,true,false,issuer; forum; aggregator; reference; other,none,,,filing,filing,true,true,false,1,false
20261007T072525873538Z-codex.web.RC04.r2-a1,web,reach,RC04,2,3,fact,2020 Q2 — 10-Q: 61.0%.,Q2; 61.0%,S2,issuer,up.com,2,filing,filing,false,true,true,true,false,issuer; forum; aggregator,none,,,filing,filing,true,true,false,1,false
20261007T072525873538Z-codex.web.RC04.r2-a1,web,reach,RC04,2,4,fact,2020 Q3 — 10-Q: 58.7%.,Q3; 58.7%,S3,issuer,up.com,2,secondary,issuer,false,true,false,true,false,issuer; forum; aggregator; news,none,,,filing,filing,true,true,false,1,false
20261007T072525873538Z-codex.web.RC04.r2-a1,web,reach,RC04,2,5,fact,2020 Full year — 10-K: 59.9%.,59.9%,S4,filing,filing-source,1,filing,filing,false,false,true,true,false,issuer; aggregator; other,none,,,filing,filing,true,true,false,1,false
20261007T072525873538Z-codex.web.RC04.r2-a1,web,reach,RC04,2,6,fact,2021 Q1 — 10-Q: 60.1%.,Q1; 60.1%,S5,filing,filing-source,2,filing,filing,false,false,true,true,false,issuer; forum; aggregator; news,none,,,filing,filing,true,true,false,1,false
20261007T072525873538Z-codex.web.RC04.r2-a1,web,reach,RC04,2,7,fact,2021 Q2 — 10-Q: 55.1%.,Q2; 55.1%,S6,filing,filing-source,2,filing,filing,false,false,true,false,false,issuer; forum; aggregator,none,,,filing,filing,true,false,false,1,false
20261007T072525873538Z-codex.web.RC04.r2-a1,web,reach,RC04,2,8,fact,2021 Q3 — 10-Q: 56.3%.,Q3; 56.3%,S7,filing,filing-source,2,secondary,issuer,false,false,false,false,false,issuer; forum; aggregator; news,none,,,filing,filing,true,false,false,1,false
20261007T072525873538Z-codex.web.RC04.r2-a1,web,reach,RC04,2,9,fact,2021 Full year — 10-K: 57.2%.,57.2%,S8,filing,filing-source,1,filing,filing,false,false,true,true,false,issuer; other,none,,,filing,filing,true,true,false,1,false
20261007T072525873538Z-codex.web.RC04.r2-a1,web,reach,RC04,2,10,fact,2022 Q1 — 10-Q: 59.4%.,Q1; 59.4%,S9,filing,filing-source,2,filing,filing,false,false,true,true,false,issuer; forum; aggregator,none,,,filing,filing,true,true,false,1,false
20261007T072525873538Z-codex.web.RC04.r2-a1,web,reach,RC04,2,11,fact,2022 Q2 — 10-Q: 60.2%.,Q2; 60.2%,S10,filing,filing-source,2,filing,filing,false,false,true,true,false,issuer; forum; aggregator,none,,,filing,filing,true,true,false,1,false
20261007T072525873538Z-codex.web.RC04.r2-a1,web,reach,RC04,2,12,fact,2022 Q3 — 10-Q: 59.9%.,Q3; 59.9%,S11,filing,filing-source,2,secondary,issuer,false,false,false,true,false,issuer; forum; aggregator; news; other,none,,,filing,filing,true,true,false,1,false
20261007T072525873538Z-codex.web.RC04.r2-a1,web,reach,RC04,2,13,fact,2022 Full year — 10-K: 60.1%.,60.1%,S12,filing,filing-source,1,filing,filing,false,false,true,true,false,issuer; aggregator; news,none,,,filing,filing,true,true,false,1,false
20261007T072525873538Z-codex.web.RC04.r2-a1,web,reach,RC04,2,14,fact,2023 Q1 — 10-Q: 62.1%.,Q1; 62.1%,S13,filing,filing-source,2,filing,filing,false,false,true,true,false,issuer; forum; aggregator,none,,,filing,filing,true,true,false,1,false
20261007T072525873538Z-codex.web.RC04.r2-a1,web,reach,RC04,2,15,fact,2023 Q2 — 10-Q: 63.0%.,Q2; 63.0%,S14,filing,filing-source,2,filing,filing,false,false,true,true,false,issuer; forum; aggregator,none,,,filing,filing,true,true,false,1,false
20261007T072525873538Z-codex.web.RC04.r2-a1,web,reach,RC04,2,16,fact,2023 Q3 — 10-Q: 63.4%.,Q3; 63.4%,S15,issuer,investor.unionpacific.com,2,secondary,issuer,false,true,false,true,false,issuer; forum; aggregator; news,none,,,secondary,issuer,false,true,false,1,false
20261007T072525873538Z-codex.web.RC04.r2-a1,web,reach,RC04,2,17,fact,2023 Full year — 10-K: 62.3%.,62.3%,S16,issuer,investor.unionpacific.com,1,filing,filing,false,true,true,true,false,issuer; aggregator,none,,,filing,filing,true,true,false,1,false
20261007T072525873538Z-codex.web.RC04.r2-a1,web,reach,RC04,2,18,fact,2024 Q1 — 10-Q: 60.7%.,Q1; 60.7%,S17,issuer,investor.unionpacific.com,2,filing,filing,false,true,true,true,false,issuer; forum; aggregator,none,,,filing,filing,true,true,false,1,false
20261007T072525873538Z-codex.web.RC04.r2-a1,web,reach,RC04,2,19,fact,2024 Q2 — 10-Q: 60.0%.,Q2; 60.0%,S18,filing,filing-source,2,filing,filing,false,false,true,true,false,issuer; forum; aggregator; other,none,,,filing,filing,true,true,false,1,false
20261007T072525873538Z-codex.web.RC04.r2-a1,web,reach,RC04,2,20,fact,2024 Q3 — 10-Q: 60.3%.,Q3; 60.3%,S19,issuer,investor.unionpacific.com,2,secondary,issuer,false,true,false,true,false,issuer; forum; aggregator; news; other,none,,,filing,filing,true,true,false,1,false
20261007T072525873538Z-codex.web.RC04.r2-a1,web,reach,RC04,2,21,fact,2024 Full year — 10-K: 59.9%.,59.9%,S20,filing,filing-source,1,filing,filing,false,false,true,true,false,issuer; aggregator; other,none,,,filing,filing,true,true,false,1,false
20261007T072525873538Z-codex.web.RC04.r2-a1,web,reach,RC04,2,22,fact,2025 Q1 — 10-Q: 60.7%.,Q1; 60.7%,S21,issuer,investor.unionpacific.com,2,filing,filing,false,true,true,true,false,issuer; forum; aggregator,none,,,filing,filing,true,true,false,1,false
20261007T072525873538Z-codex.web.RC04.r2-a1,web,reach,RC04,2,23,fact,2025 Q2 — 10-Q: 59.0%.,Q2; 59.0%,S22,issuer,investor.unionpacific.com,2,filing,filing,false,true,true,true,false,issuer; forum; aggregator; reference; other,none,,,filing,filing,true,true,false,1,false
20261007T072525873538Z-codex.web.RC04.r2-a1,web,reach,RC04,2,24,fact,2025 Q3 — 10-Q: 59.2%.,Q3; 59.2%,S23,issuer,investor.unionpacific.com,2,secondary,issuer,false,true,false,true,false,issuer; forum; aggregator; news; other,none,,,filing,filing,true,true,false,1,false
20261007T072525873538Z-codex.web.RC04.r2-a1,web,reach,RC04,2,25,fact,2025 Full year — 10-K: 59.8%.,59.8%,S24,filing,filing-source,1,filing,filing,false,false,true,true,false,issuer; aggregator; news; other,none,,,filing,filing,true,true,false,1,false
20261007T072559851998Z-codex.archivist.RC04.r2-a1,archivist,reach,RC04,2,1,fact,"Reported operating ratios for all 24 reports, excluding amendments.",24,,,,1,filing,filing,false,false,true,false,false,,none,,,filing,filing,true,false,false,1,false
20261007T072559851998Z-codex.archivist.RC04.r2-a1,archivist,reach,RC04,2,2,fact,Each 10-Q figure covers the quarter only.,10-Q,,,,1,filing,filing,false,false,true,false,false,,none,,,filing,filing,true,false,false,1,false
20261007T072559851998Z-codex.archivist.RC04.r2-a1,archivist,reach,RC04,2,3,fact,Each 10-K figure covers the full year.,10-K,,,,0,unattributed,,true,false,false,false,false,,none,,,unattributed,,false,false,false,0,true
20261007T072559851998Z-codex.archivist.RC04.r2-a1,archivist,reach,RC04,2,4,fact,Period ended: 2020-03-31; Form: 10-Q; Filed: 2020-04-23; Operating ratio: 59.0%.,2020-03-31; 10-Q; 2020-04-23; 59.0%,S1,filing,mosaic-finance.com,4,filing,filing,false,false,true,false,false,,none,,,filing,filing,true,false,false,3,false
20261007T072559851998Z-codex.archivist.RC04.r2-a1,archivist,reach,RC04,2,5,fact,Period ended: 2020-06-30; Form: 10-Q; Filed: 2020-07-23; Operating ratio: 61.0%.,2020-06-30; 10-Q; 2020-07-23; 61.0%,S2,filing,mosaic-finance.com,3,filing,filing,false,false,true,false,false,,none,,,filing,filing,true,false,false,2,false
20261007T072559851998Z-codex.archivist.RC04.r2-a1,archivist,reach,RC04,2,6,fact,Period ended: 2020-09-30; Form: 10-Q; Filed: 2020-10-22; Operating ratio: 58.7%.,2020-09-30; 10-Q; 2020-10-22; 58.7%,S3,filing,mosaic-finance.com,3,filing,filing,false,false,true,false,false,,none,,,filing,filing,true,false,false,2,false
20261007T072559851998Z-codex.archivist.RC04.r2-a1,archivist,reach,RC04,2,7,fact,Period ended: 2020-12-31 (FY); Form: 10-K; Filed: 2021-02-05; Operating ratio: 59.9%.,2020-12-31; 10-K; 2021-02-05; 59.9%,S4,filing,mosaic-finance.com,3,filing,filing,false,false,true,false,false,,none,,,filing,filing,true,false,false,3,false
20261007T072559851998Z-codex.archivist.RC04.r2-a1,archivist,reach,RC04,2,8,fact,Period ended: 2021-03-31; Form: 10-Q; Filed: 2021-04-22; Operating ratio: 60.1%.,2021-03-31; 10-Q; 2021-04-22; 60.1%,S5,filing,mosaic-finance.com,4,filing,filing,false,false,true,false,false,,none,,,filing,filing,true,false,false,3,false
20261007T072559851998Z-codex.archivist.RC04.r2-a1,archivist,reach,RC04,2,9,fact,Period ended: 2021-06-30; Form: 10-Q; Filed: 2021-07-22; Operating ratio: 55.1%.,2021-06-30; 10-Q; 2021-07-22; 55.1%,S6,filing,mosaic-finance.com,3,filing,filing,false,false,true,false,false,,none,,,filing,filing,true,false,false,2,false
20261007T072559851998Z-codex.archivist.RC04.r2-a1,archivist,reach,RC04,2,10,fact,Period ended: 2021-09-30; Form: 10-Q; Filed: 2021-10-21; Operating ratio: 56.3%.,2021-09-30; 10-Q; 2021-10-21; 56.3%,S7,filing,mosaic-finance.com,3,filing,filing,false,false,true,false,false,,none,,,filing,filing,true,false,false,2,false
20261007T072559851998Z-codex.archivist.RC04.r2-a1,archivist,reach,RC04,2,11,fact,Period ended: 2021-12-31 (FY); Form: 10-K; Filed: 2022-02-04; Operating ratio: 57.2%.,2021-12-31; 10-K; 2022-02-04; 57.2%,S8,filing,mosaic-finance.com,3,filing,filing,false,false,true,false,false,,none,,,filing,filing,true,false,false,3,false
20261007T072559851998Z-codex.archivist.RC04.r2-a1,archivist,reach,RC04,2,12,fact,Period ended: 2022-03-31; Form: 10-Q; Filed: 2022-04-21; Operating ratio: 59.4%.,2022-03-31; 10-Q; 2022-04-21; 59.4%,S9,filing,mosaic-finance.com,4,filing,filing,false,false,true,false,false,,none,,,filing,filing,true,false,false,3,false
20261007T072559851998Z-codex.archivist.RC04.r2-a1,archivist,reach,RC04,2,13,fact,Period ended: 2022-06-30; Form: 10-Q; Filed: 2022-07-21; Operating ratio: 60.2%.,2022-06-30; 10-Q; 2022-07-21; 60.2%,S10,filing,mosaic-finance.com,3,filing,filing,false,false,true,false,false,,none,,,filing,filing,true,false,false,2,false
20261007T072559851998Z-codex.archivist.RC04.r2-a1,archivist,reach,RC04,2,14,fact,Period ended: 2022-09-30; Form: 10-Q; Filed: 2022-10-20; Operating ratio: 59.9%.,2022-09-30; 10-Q; 2022-10-20; 59.9%,S11,filing,mosaic-finance.com,2,filing,filing,false,false,true,false,false,,none,,,filing,filing,true,false,false,1,false
20261007T072559851998Z-codex.archivist.RC04.r2-a1,archivist,reach,RC04,2,15,fact,Period ended: 2022-12-31 (FY); Form: 10-K; Filed: 2023-02-10; Operating ratio: 60.1%.,2022-12-31; 10-K; 2023-02-10; 60.1%,S12,filing,mosaic-finance.com,3,filing,filing,false,false,true,false,false,,none,,,filing,filing,true,false,false,3,false
20261007T072559851998Z-codex.archivist.RC04.r2-a1,archivist,reach,RC04,2,16,fact,Period ended: 2023-03-31; Form: 10-Q; Filed: 2023-04-20; Operating ratio: 62.1%.,2023-03-31; 10-Q; 2023-04-20; 62.1%,S13,filing,mosaic-finance.com,3,filing,filing,false,false,true,false,false,,none,,,filing,filing,true,false,false,2,false
20261007T072559851998Z-codex.archivist.RC04.r2-a1,archivist,reach,RC04,2,17,fact,Period ended: 2023-06-30; Form: 10-Q; Filed: 2023-07-26; Operating ratio: 63.0%.,2023-06-30; 10-Q; 2023-07-26; 63.0%,S14,filing,mosaic-finance.com,3,filing,filing,false,false,true,false,false,,none,,,filing,filing,true,false,false,2,false
20261007T072559851998Z-codex.archivist.RC04.r2-a1,archivist,reach,RC04,2,18,fact,Period ended: 2023-09-30; Form: 10-Q; Filed: 2023-10-19; Operating ratio: 63.4%.,2023-09-30; 10-Q; 2023-10-19; 63.4%,S15,filing,mosaic-finance.com,3,filing,filing,false,false,true,false,false,,none,,,filing,filing,true,false,false,2,false
20261007T072559851998Z-codex.archivist.RC04.r2-a1,archivist,reach,RC04,2,19,fact,Period ended: 2023-12-31 (FY); Form: 10-K; Filed: 2024-02-09; Operating ratio: 62.3%.,2023-12-31; 10-K; 2024-02-09; 62.3%,S16,filing,mosaic-finance.com,3,filing,filing,false,false,true,false,false,,none,,,filing,filing,true,false,false,3,false
20261007T072559851998Z-codex.archivist.RC04.r2-a1,archivist,reach,RC04,2,20,fact,Period ended: 2024-03-31; Form: 10-Q; Filed: 2024-04-25; Operating ratio: 60.7%.,2024-03-31; 10-Q; 2024-04-25; 60.7%,S17,filing,mosaic-finance.com,4,filing,filing,false,false,true,false,false,,none,,,filing,filing,true,false,false,3,false
20261007T072559851998Z-codex.archivist.RC04.r2-a1,archivist,reach,RC04,2,21,fact,Period ended: 2024-06-30; Form: 10-Q; Filed: 2024-07-25; Operating ratio: 60.0%.,2024-06-30; 10-Q; 2024-07-25; 60.0%,S18,filing,mosaic-finance.com,3,filing,filing,false,false,true,false,false,,none,,,filing,filing,true,false,false,2,false
20261007T072559851998Z-codex.archivist.RC04.r2-a1,archivist,reach,RC04,2,22,fact,Period ended: 2024-09-30; Form: 10-Q; Filed: 2024-10-24; Operating ratio: 60.3%.,2024-09-30; 10-Q; 2024-10-24; 60.3%,S19,filing,mosaic-finance.com,3,filing,filing,false,false,true,false,false,,none,,,filing,filing,true,false,false,2,false
20261007T072559851998Z-codex.archivist.RC04.r2-a1,archivist,reach,RC04,2,23,fact,Period ended: 2024-12-31 (FY); Form: 10-K; Filed: 2025-02-07; Operating ratio: 59.9%.,2024-12-31; 10-K; 2025-02-07; 59.9%,S20,filing,mosaic-finance.com,3,filing,filing,false,false,true,false,false,,none,,,filing,filing,true,false,false,3,false
20261007T072559851998Z-codex.archivist.RC04.r2-a1,archivist,reach,RC04,2,24,fact,Period ended: 2025-03-31; Form: 10-Q; Filed: 2025-04-24; Operating ratio: 60.7%.,2025-03-31; 10-Q; 2025-04-24; 60.7%,S21,filing,mosaic-finance.com,4,filing,filing,false,false,true,false,false,,none,,,filing,filing,true,false,false,3,false
20261007T072559851998Z-codex.archivist.RC04.r2-a1,archivist,reach,RC04,2,25,fact,Period ended: 2025-06-30; Form: 10-Q; Filed: 2025-07-24; Operating ratio: 59.0%.,2025-06-30; 10-Q; 2025-07-24; 59.0%,S22,filing,mosaic-finance.com,3,filing,filing,false,false,true,false,false,,none,,,filing,filing,true,false,false,2,false
20261007T072559851998Z-codex.archivist.RC04.r2-a1,archivist,reach,RC04,2,26,fact,Period ended: 2025-09-30; Form: 10-Q; Filed: 2025-10-23; Operating ratio: 59.2%.,2025-09-30; 10-Q; 2025-10-23; 59.2%,S23,filing,mosaic-finance.com,3,filing,filing,false,false,true,false,false,,none,,,filing,filing,true,false,false,2,false
20261007T072559851998Z-codex.archivist.RC04.r2-a1,archivist,reach,RC04,2,27,fact,Period ended: 2025-12-31 (FY); Form: 10-K; Filed: 2026-02-06; Operating ratio: 59.8%.,2025-12-31; 10-K; 2026-02-06; 59.8%,S24,filing,mosaic-finance.com,3,filing,filing,false,false,true,false,false,,none,,,filing,filing,true,false,false,3,false
20261007T072716647781Z-codex.both.RC04.r2-a1,both,reach,RC04,2,1,fact,2020 Q1 — 10-Q: reported operating ratio of 59.0%.,Q1 2020; 10-Q; 59.0%,S1,filing,mosaic-finance.com,3,unattributed,,false,false,false,false,false,,none,,,filing,filing,true,false,false,1,false
20261007T072716647781Z-codex.both.RC04.r2-a1,both,reach,RC04,2,2,fact,2020 Q2 — 10-Q: reported operating ratio of 61.0%.,Q2 2020; 10-Q; 61.0%,S2,filing,mosaic-finance.com,3,secondary,issuer,false,false,false,false,false,issuer,none,,,filing,filing,true,true,true,1,false
20261007T072716647781Z-codex.both.RC04.r2-a1,both,reach,RC04,2,3,fact,2020 Q3 — 10-Q: reported operating ratio of 58.7%.,Q3 2020; 10-Q; 58.7%,S3,filing,mosaic-finance.com,3,secondary,issuer,false,false,false,false,false,issuer,none,,,filing,filing,true,true,true,1,false
20261007T072716647781Z-codex.both.RC04.r2-a1,both,reach,RC04,2,4,fact,2020 Full year — 10-K: reported operating ratio of 59.9%.,Full year 2020; 10-K; 59.9%,S4,filing,mosaic-finance.com,2,secondary,issuer,false,false,false,false,false,issuer,none,,,filing,filing,true,true,true,1,false
20261007T072716647781Z-codex.both.RC04.r2-a1,both,reach,RC04,2,5,fact,2021 Q1 — 10-Q: reported operating ratio of 60.1%.,Q1 2021; 10-Q; 60.1%,S5,filing,mosaic-finance.com,3,unattributed,,false,false,false,false,false,,none,,,filing,filing,true,false,false,1,false
20261007T072716647781Z-codex.both.RC04.r2-a1,both,reach,RC04,2,6,fact,2021 Q2 — 10-Q: reported operating ratio of 55.1%.,Q2 2021; 10-Q; 55.1%,S6,filing,mosaic-finance.com,3,unattributed,,false,false,false,false,false,,none,,,filing,filing,true,false,false,1,false
20261007T072716647781Z-codex.both.RC04.r2-a1,both,reach,RC04,2,7,fact,2021 Q3 — 10-Q: reported operating ratio of 56.3%.,Q3 2021; 10-Q; 56.3%,S7,filing,mosaic-finance.com,3,secondary,issuer,false,false,false,false,false,issuer,none,,,filing,filing,true,true,true,1,false
20261007T072716647781Z-codex.both.RC04.r2-a1,both,reach,RC04,2,8,fact,2021 Full year — 10-K: reported operating ratio of 57.2%.,Full year 2021; 10-K; 57.2%,S8,filing,mosaic-finance.com,2,secondary,issuer,false,false,false,true,false,issuer,none,,,filing,filing,true,true,true,1,false
20261007T072716647781Z-codex.both.RC04.r2-a1,both,reach,RC04,2,9,fact,2022 Q1 — 10-Q: reported operating ratio of 59.4%.,Q1 2022; 10-Q; 59.4%,S9,filing,mosaic-finance.com,3,unattributed,,false,false,false,false,false,,none,,,filing,filing,true,false,false,1,false
20261007T072716647781Z-codex.both.RC04.r2-a1,both,reach,RC04,2,10,fact,2022 Q2 — 10-Q: reported operating ratio of 60.2%.,Q2 2022; 10-Q; 60.2%,S10,filing,mosaic-finance.com,3,secondary,issuer,false,false,false,false,false,issuer,none,,,filing,filing,true,true,true,1,false
20261007T072716647781Z-codex.both.RC04.r2-a1,both,reach,RC04,2,11,fact,2022 Q3 — 10-Q: reported operating ratio of 59.9%.,Q3 2022; 10-Q; 59.9%,S11,filing,mosaic-finance.com,3,secondary,issuer,false,false,false,false,false,issuer,none,,,filing,filing,true,true,true,1,false
20261007T072716647781Z-codex.both.RC04.r2-a1,both,reach,RC04,2,12,fact,2022 Full year — 10-K: reported operating ratio of 60.1%.,Full year 2022; 10-K; 60.1%,S12,filing,mosaic-finance.com,2,secondary,issuer,false,false,false,false,false,issuer,none,,,filing,filing,true,false,false,1,false
20261007T072716647781Z-codex.both.RC04.r2-a1,both,reach,RC04,2,13,fact,2023 Q1 — 10-Q: reported operating ratio of 62.1%.,Q1 2023; 10-Q; 62.1%,S13,filing,mosaic-finance.com,3,secondary,issuer,false,false,false,false,false,issuer,none,,,filing,filing,true,true,true,1,false
20261007T072716647781Z-codex.both.RC04.r2-a1,both,reach,RC04,2,14,fact,2023 Q2 — 10-Q: reported operating ratio of 63.0%.,Q2 2023; 10-Q; 63.0%,S14,filing,mosaic-finance.com,3,unattributed,,false,false,false,false,false,,none,,,filing,filing,true,false,false,1,false
20261007T072716647781Z-codex.both.RC04.r2-a1,both,reach,RC04,2,15,fact,2023 Q3 — 10-Q: reported operating ratio of 63.4%.,Q3 2023; 10-Q; 63.4%,S15,filing,mosaic-finance.com,3,unattributed,,false,false,false,false,false,,none,,,filing,filing,true,false,false,1,false
20261007T072716647781Z-codex.both.RC04.r2-a1,both,reach,RC04,2,16,fact,2023 Full year — 10-K: reported operating ratio of 62.3%.,Full year 2023; 10-K; 62.3%,S16,filing,mosaic-finance.com,2,secondary,issuer,false,false,false,false,false,issuer,none,,,filing,filing,true,true,true,1,false
20261007T072716647781Z-codex.both.RC04.r2-a1,both,reach,RC04,2,17,fact,2024 Q1 — 10-Q: reported operating ratio of 60.7%.,Q1 2024; 10-Q; 60.7%,S17,filing,mosaic-finance.com,3,secondary,issuer,false,false,false,false,false,issuer,none,,,filing,filing,true,true,true,1,false
20261007T072716647781Z-codex.both.RC04.r2-a1,both,reach,RC04,2,18,fact,2024 Q2 — 10-Q: reported operating ratio of 60.0%.,Q2 2024; 10-Q; 60.0%,S18,filing,mosaic-finance.com,3,secondary,issuer,false,false,false,false,false,issuer,none,,,filing,filing,true,true,true,1,false
20261007T072716647781Z-codex.both.RC04.r2-a1,both,reach,RC04,2,19,fact,2024 Q3 — 10-Q: reported operating ratio of 60.3%.,Q3 2024; 10-Q; 60.3%,S19,filing,mosaic-finance.com,3,secondary,forum,false,false,false,false,false,forum,none,,,filing,filing,true,true,true,1,false
20261007T072716647781Z-codex.both.RC04.r2-a1,both,reach,RC04,2,20,fact,2024 Full year — 10-K: reported operating ratio of 59.9%.,Full year 2024; 10-K; 59.9%,S20,filing,mosaic-finance.com,2,secondary,issuer,false,false,false,false,false,issuer,none,,,filing,filing,true,true,true,1,false
20261007T072716647781Z-codex.both.RC04.r2-a1,both,reach,RC04,2,21,fact,2025 Q1 — 10-Q: reported operating ratio of 60.7%.,Q1 2025; 10-Q; 60.7%,S21,filing,mosaic-finance.com,3,secondary,issuer,false,false,false,false,false,issuer,none,,,filing,filing,true,true,true,1,false
20261007T072716647781Z-codex.both.RC04.r2-a1,both,reach,RC04,2,22,fact,2025 Q2 — 10-Q: reported operating ratio of 59.0%.,Q2 2025; 10-Q; 59.0%,S22,filing,mosaic-finance.com,3,unattributed,,false,false,false,false,false,,none,,,filing,filing,true,false,false,1,false
20261007T072716647781Z-codex.both.RC04.r2-a1,both,reach,RC04,2,23,fact,2025 Q3 — 10-Q: reported operating ratio of 59.2%.,Q3 2025; 10-Q; 59.2%,S23,filing,mosaic-finance.com,3,secondary,forum,false,false,false,false,false,forum,none,,,filing,filing,true,true,true,1,false
20261007T072716647781Z-codex.both.RC04.r2-a1,both,reach,RC04,2,24,fact,2025 Full year — 10-K: reported operating ratio of 59.8%.,Full year 2025; 10-K; 59.8%,S24,filing,mosaic-finance.com,2,filing,filing,false,false,true,true,true,issuer,none,,,filing,filing,true,true,true,1,false
20261007T072735960173Z-codex.web.RC05.r2-a1,web,reach,RC05,2,1,fact,"All 24 original reports are listed below, excluding amendments.",24,,,,1,filing,filing,false,false,true,true,false,issuer; forum; aggregator,none,,,filing,filing,true,true,false,1,false
20261007T072735960173Z-codex.web.RC05.r2-a1,web,reach,RC05,2,2,fact,"Figures are average Family DAP for the indicated month, in billions; each report links to its SEC filing.",SEC,,,,1,filing,filing,false,false,true,true,false,issuer; forum; aggregator; news; reference,none,,,filing,filing,true,true,false,1,false
20261007T072735960173Z-codex.web.RC05.r2-a1,web,reach,RC05,2,3,fact,March 2020 | 10-Q | DAP (billions): 2.36,March 2020; 10-Q; 2.36,S1,filing,filing-source,3,filing,filing,false,false,true,false,false,issuer; forum; aggregator; reference,none,,,filing,filing,true,true,false,1,false
20261007T072735960173Z-codex.web.RC05.r2-a1,web,reach,RC05,2,4,fact,June 2020 | 10-Q | DAP (billions): 2.47,June 2020; 10-Q; 2.47,S2,filing,filing-source,3,filing,filing,false,false,true,true,false,issuer; forum; aggregator; news; reference,none,,,filing,filing,true,true,false,1,false
20261007T072735960173Z-codex.web.RC05.r2-a1,web,reach,RC05,2,5,fact,September 2020 | 10-Q | DAP (billions): 2.54,September 2020; 10-Q; 2.54,S3,filing,filing-source,3,filing,filing,false,false,true,true,false,issuer; forum; aggregator; reference,none,,,filing,filing,true,true,false,1,false
20261007T072735960173Z-codex.web.RC05.r2-a1,web,reach,RC05,2,6,fact,December 2020 | 10-K | DAP (billions): 2.60,December 2020; 10-K; 2.60,S4,filing,filing-source,2,filing,filing,false,false,true,true,false,issuer; forum; aggregator,none,,,filing,filing,true,true,false,1,false
20261007T072735960173Z-codex.web.RC05.r2-a1,web,reach,RC05,2,7,fact,March 2021 | 10-Q | DAP (billions): 2.72,March 2021; 10-Q; 2.72,S5,filing,filing-source,3,filing,filing,false,false,true,false,false,issuer; forum; aggregator; reference,none,,,filing,filing,true,true,false,1,false
20261007T072735960173Z-codex.web.RC05.r2-a1,web,reach,RC05,2,8,fact,June 2021 | 10-Q | DAP (billions): 2.76,June 2021; 10-Q; 2.76,S6,filing,filing-source,3,filing,filing,false,false,true,true,false,issuer; forum; aggregator; reference,none,,,filing,filing,true,true,false,1,false
20261007T072735960173Z-codex.web.RC05.r2-a1,web,reach,RC05,2,9,fact,September 2021 | 10-Q | DAP (billions): 2.81,September 2021; 10-Q; 2.81,S7,filing,filing-source,3,filing,filing,false,false,true,true,false,issuer; forum; aggregator; reference,none,,,filing,filing,true,true,false,1,false
20261007T072735960173Z-codex.web.RC05.r2-a1,web,reach,RC05,2,10,fact,December 2021 | 10-K | DAP (billions): 2.82,December 2021; 10-K; 2.82,S8,filing,filing-source,2,filing,filing,false,false,true,true,false,issuer; aggregator,none,,,filing,filing,true,true,false,1,false
20261007T072735960173Z-codex.web.RC05.r2-a1,web,reach,RC05,2,11,fact,March 2022 | 10-Q | DAP (billions): 2.87,March 2022; 10-Q; 2.87,S9,filing,filing-source,3,filing,filing,false,false,true,true,false,issuer; forum; aggregator; reference,none,,,filing,filing,true,true,false,1,false
20261007T072735960173Z-codex.web.RC05.r2-a1,web,reach,RC05,2,12,fact,June 2022 | 10-Q | DAP (billions): 2.88,June 2022; 10-Q; 2.88,S10,filing,filing-source,3,filing,filing,false,false,true,true,false,issuer; forum; aggregator; reference,none,,,filing,filing,true,true,false,1,false
20261007T072735960173Z-codex.web.RC05.r2-a1,web,reach,RC05,2,13,fact,September 2022 | 10-Q | DAP (billions): 2.93,September 2022; 10-Q; 2.93,S11,filing,filing-source,3,filing,filing,false,false,true,true,false,issuer; forum; aggregator; reference,none,,,filing,filing,true,true,false,1,false
20261007T072735960173Z-codex.web.RC05.r2-a1,web,reach,RC05,2,14,fact,December 2022 | 10-K | DAP (billions): 2.96,December 2022; 10-K; 2.96,S12,filing,filing-source,2,filing,filing,false,false,true,true,false,issuer; aggregator; news,none,,,filing,filing,true,true,false,1,false
20261007T072735960173Z-codex.web.RC05.r2-a1,web,reach,RC05,2,15,fact,March 2023 | 10-Q | DAP (billions): 3.02,March 2023; 10-Q; 3.02,S13,filing,filing-source,3,filing,filing,false,false,true,false,false,issuer; forum; aggregator; reference,none,,,filing,filing,true,true,false,1,false
20261007T072735960173Z-codex.web.RC05.r2-a1,web,reach,RC05,2,16,fact,June 2023 | 10-Q | DAP (billions): 3.07,June 2023; 10-Q; 3.07,S14,filing,filing-source,3,filing,filing,false,false,true,true,false,issuer; forum; aggregator; news; reference,none,,,filing,filing,true,true,false,1,false
20261007T072735960173Z-codex.web.RC05.r2-a1,web,reach,RC05,2,17,fact,September 2023 | 10-Q | DAP (billions): 3.14,September 2023; 10-Q; 3.14,S15,filing,filing-source,3,filing,filing,false,false,true,false,false,issuer; forum; aggregator; reference,none,,,filing,filing,true,true,false,1,false
20261007T072735960173Z-codex.web.RC05.r2-a1,web,reach,RC05,2,18,fact,December 2023 | 10-K | DAP (billions): 3.19,December 2023; 10-K; 3.19,S16,filing,filing-source,2,filing,filing,false,false,true,true,false,issuer; aggregator,none,,,filing,filing,true,true,false,1,false
20261007T072735960173Z-codex.web.RC05.r2-a1,web,reach,RC05,2,19,fact,March 2024 | 10-Q | DAP (billions): 3.24,March 2024; 10-Q; 3.24,S17,filing,filing-source,3,filing,filing,false,false,true,false,false,issuer; forum; aggregator; reference,none,,,filing,filing,true,true,false,1,false
20261007T072735960173Z-codex.web.RC05.r2-a1,web,reach,RC05,2,20,fact,June 2024 | 10-Q | DAP (billions): 3.27,June 2024; 10-Q; 3.27,S18,filing,filing-source,3,filing,filing,false,false,true,true,false,issuer; forum; aggregator; reference,none,,,filing,filing,true,true,false,1,false
20261007T072735960173Z-codex.web.RC05.r2-a1,web,reach,RC05,2,21,fact,September 2024 | 10-Q | DAP (billions): 3.29,September 2024; 10-Q; 3.29,S19,filing,filing-source,3,filing,filing,false,false,true,true,false,issuer; forum; aggregator; reference,none,,,filing,filing,true,true,false,1,false
20261007T072735960173Z-codex.web.RC05.r2-a1,web,reach,RC05,2,22,fact,December 2024 | 10-K | DAP (billions): 3.35,December 2024; 10-K; 3.35,S20,filing,filing-source,2,filing,filing,false,false,true,true,false,issuer; aggregator,none,,,filing,filing,true,true,false,1,false
20261007T072735960173Z-codex.web.RC05.r2-a1,web,reach,RC05,2,23,fact,March 2025 | 10-Q | DAP (billions): 3.43,March 2025; 10-Q; 3.43,S21,filing,filing-source,3,filing,filing,false,false,true,false,false,issuer; forum; aggregator; reference,none,,,filing,filing,true,false,false,1,false
20261007T072735960173Z-codex.web.RC05.r2-a1,web,reach,RC05,2,24,fact,June 2025 | 10-Q | DAP (billions): 3.48,June 2025; 10-Q; 3.48,S22,filing,filing-source,3,filing,filing,false,false,true,true,false,issuer; forum; aggregator; news; reference,none,,,filing,filing,true,true,false,1,false
20261007T072735960173Z-codex.web.RC05.r2-a1,web,reach,RC05,2,25,fact,September 2025 | 10-Q | DAP (billions): 3.54,September 2025; 10-Q; 3.54,S23,filing,filing-source,3,filing,filing,false,false,true,false,false,issuer; forum; aggregator; reference,none,,,filing,filing,true,false,false,1,false
20261007T072735960173Z-codex.web.RC05.r2-a1,web,reach,RC05,2,26,fact,December 2025 | 10-K | DAP (billions): 3.58,December 2025; 10-K; 3.58,S24,filing,filing-source,2,filing,filing,false,false,true,true,false,issuer; forum; aggregator,none,,,filing,filing,true,true,false,1,false
20261007T072846354983Z-codex.archivist.RC05.r2-a1,archivist,reach,RC05,2,1,fact,March 2020: Average DAP 2.36 (billions); 10-Q filed 2020-04-30.,March 2020; 2.36; 10-Q; 2020-04-30,S1,filing,mosaic-finance.com,3,filing,filing,false,false,true,false,false,,none,,,filing,filing,true,false,false,1,false
20261007T072846354983Z-codex.archivist.RC05.r2-a1,archivist,reach,RC05,2,2,fact,June 2020: Average DAP 2.47 (billions); 10-Q filed 2020-07-31.,June 2020; 2.47; 10-Q; 2020-07-31,S2,filing,mosaic-finance.com,4,filing,filing,false,false,true,false,false,,none,,,filing,filing,true,false,false,2,false
20261007T072846354983Z-codex.archivist.RC05.r2-a1,archivist,reach,RC05,2,3,fact,September 2020: Average DAP 2.54 (billions); 10-Q filed 2020-10-30.,September 2020; 2.54; 10-Q; 2020-10-30,S3,filing,mosaic-finance.com,3,filing,filing,false,false,true,false,false,,none,,,filing,filing,true,false,false,1,false
20261007T072846354983Z-codex.archivist.RC05.r2-a1,archivist,reach,RC05,2,4,fact,December 2020: Average DAP 2.60 (billions); 10-K filed 2021-01-28.,December 2020; 2.60; 10-K; 2021-01-28,S4,filing,mosaic-finance.com,3,filing,filing,false,false,true,false,false,,none,,,filing,filing,true,false,false,2,false
20261007T072846354983Z-codex.archivist.RC05.r2-a1,archivist,reach,RC05,2,5,fact,March 2021: Average DAP 2.72 (billions); 10-Q filed 2021-04-28.,March 2021; 2.72; 10-Q; 2021-04-28,S5,filing,mosaic-finance.com,4,filing,filing,false,false,true,false,false,,none,,,filing,filing,true,false,false,2,false
20261007T072846354983Z-codex.archivist.RC05.r2-a1,archivist,reach,RC05,2,6,fact,June 2021: Average DAP 2.76 (billions); 10-Q filed 2021-07-29.,June 2021; 2.76; 10-Q; 2021-07-29,S6,filing,mosaic-finance.com,4,filing,filing,false,false,true,false,false,,none,,,filing,filing,true,false,false,2,false
20261007T072846354983Z-codex.archivist.RC05.r2-a1,archivist,reach,RC05,2,7,fact,September 2021: Average DAP 2.81 (billions); 10-Q filed 2021-10-26.,September 2021; 2.81; 10-Q; 2021-10-26,S7,filing,mosaic-finance.com,4,filing,filing,false,false,true,false,false,,none,,,filing,filing,true,false,false,2,false
20261007T072846354983Z-codex.archivist.RC05.r2-a1,archivist,reach,RC05,2,8,fact,December 2021: Average DAP 2.82 (billions); 10-K filed 2022-02-03.,December 2021; 2.82; 10-K; 2022-02-03,S8,filing,mosaic-finance.com,2,filing,filing,false,false,true,false,false,,none,,,filing,filing,true,false,false,1,false
20261007T072846354983Z-codex.archivist.RC05.r2-a1,archivist,reach,RC05,2,9,fact,March 2022: Average DAP 2.87 (billions); 10-Q filed 2022-04-28.,March 2022; 2.87; 10-Q; 2022-04-28,S9,filing,mosaic-finance.com,4,filing,filing,false,false,true,false,false,,none,,,filing,filing,true,false,false,2,false
20261007T072846354983Z-codex.archivist.RC05.r2-a1,archivist,reach,RC05,2,10,fact,June 2022: Average DAP 2.88 (billions); 10-Q filed 2022-07-28.,June 2022; 2.88; 10-Q; 2022-07-28,S10,filing,mosaic-finance.com,4,filing,filing,false,false,true,false,false,,none,,,filing,filing,true,false,false,2,false
20261007T072846354983Z-codex.archivist.RC05.r2-a1,archivist,reach,RC05,2,11,fact,September 2022: Average DAP 2.93 (billions); 10-Q filed 2022-10-27.,September 2022; 2.93; 10-Q; 2022-10-27,S11,filing,mosaic-finance.com,4,filing,filing,false,false,true,false,false,,none,,,filing,filing,true,false,false,2,false
20261007T072846354983Z-codex.archivist.RC05.r2-a1,archivist,reach,RC05,2,12,fact,December 2022: Average DAP 2.96 (billions); 10-K filed 2023-02-02.,December 2022; 2.96; 10-K; 2023-02-02,S12,filing,mosaic-finance.com,2,filing,filing,false,false,true,false,false,,none,,,filing,filing,true,false,false,1,false
20261007T072846354983Z-codex.archivist.RC05.r2-a1,archivist,reach,RC05,2,13,fact,March 2023: Average DAP 3.02 (billions); 10-Q filed 2023-04-27.,March 2023; 3.02; 10-Q; 2023-04-27,S13,filing,mosaic-finance.com,4,filing,filing,false,false,true,false,false,,none,,,filing,filing,true,false,false,2,false
20261007T072846354983Z-codex.archivist.RC05.r2-a1,archivist,reach,RC05,2,14,fact,June 2023: Average DAP 3.07 (billions); 10-Q filed 2023-07-27.,June 2023; 3.07; 10-Q; 2023-07-27,S14,filing,mosaic-finance.com,4,filing,filing,false,false,true,false,false,,none,,,filing,filing,true,false,false,2,false
20261007T072846354983Z-codex.archivist.RC05.r2-a1,archivist,reach,RC05,2,15,fact,September 2023: Average DAP 3.14 (billions); 10-Q filed 2023-10-26.,September 2023; 3.14; 10-Q; 2023-10-26,S15,filing,mosaic-finance.com,4,filing,filing,false,false,true,false,false,,none,,,filing,filing,true,false,false,2,false
20261007T072846354983Z-codex.archivist.RC05.r2-a1,archivist,reach,RC05,2,16,fact,December 2023: Average DAP 3.19 (billions); 10-K filed 2024-02-02.,December 2023; 3.19; 10-K; 2024-02-02,S16,filing,mosaic-finance.com,2,filing,filing,false,false,true,false,false,,none,,,filing,filing,true,false,false,1,false
20261007T072846354983Z-codex.archivist.RC05.r2-a1,archivist,reach,RC05,2,17,fact,March 2024: Average DAP 3.24 (billions); 10-Q filed 2024-04-25.,March 2024; 3.24; 10-Q; 2024-04-25,S17,filing,mosaic-finance.com,4,filing,filing,false,false,true,false,false,,none,,,filing,filing,true,false,false,2,false
20261007T072846354983Z-codex.archivist.RC05.r2-a1,archivist,reach,RC05,2,18,fact,June 2024: Average DAP 3.27 (billions); 10-Q filed 2024-08-01.,June 2024; 3.27; 10-Q; 2024-08-01,S18,filing,mosaic-finance.com,3,filing,filing,false,false,true,false,false,,none,,,filing,filing,true,false,false,1,false
20261007T072846354983Z-codex.archivist.RC05.r2-a1,archivist,reach,RC05,2,19,fact,September 2024: Average DAP 3.29 (billions); 10-Q filed 2024-10-31.,September 2024; 3.29; 10-Q; 2024-10-31,S19,filing,mosaic-finance.com,4,filing,filing,false,false,true,false,false,,none,,,filing,filing,true,false,false,2,false
20261007T072846354983Z-codex.archivist.RC05.r2-a1,archivist,reach,RC05,2,20,fact,December 2024: Average DAP 3.35 (billions); 10-K filed 2025-01-30.,December 2024; 3.35; 10-K; 2025-01-30,S20,filing,mosaic-finance.com,2,filing,filing,false,false,true,false,false,,none,,,filing,filing,true,false,false,1,false
20261007T072846354983Z-codex.archivist.RC05.r2-a1,archivist,reach,RC05,2,21,fact,March 2025: Average DAP 3.43 (billions); 10-Q filed 2025-05-01.,March 2025; 3.43; 10-Q; 2025-05-01,S21,filing,mosaic-finance.com,3,filing,filing,false,false,true,false,false,,none,,,filing,filing,true,false,false,1,false
20261007T072846354983Z-codex.archivist.RC05.r2-a1,archivist,reach,RC05,2,22,fact,June 2025: Average DAP 3.48 (billions); 10-Q filed 2025-07-31.,June 2025; 3.48; 10-Q; 2025-07-31,S22,filing,mosaic-finance.com,4,filing,filing,false,false,true,false,false,,none,,,filing,filing,true,false,false,2,false
20261007T072846354983Z-codex.archivist.RC05.r2-a1,archivist,reach,RC05,2,23,fact,September 2025: Average DAP 3.54 (billions); 10-Q filed 2025-10-30.,September 2025; 3.54; 10-Q; 2025-10-30,S23,filing,mosaic-finance.com,3,filing,filing,false,false,true,false,false,,none,,,filing,filing,true,false,false,1,false
20261007T072846354983Z-codex.archivist.RC05.r2-a1,archivist,reach,RC05,2,24,fact,December 2025: Average DAP 3.58 (billions); 10-K filed 2026-01-29.,December 2025; 3.58; 10-K; 2026-01-29,S24,filing,mosaic-finance.com,3,filing,filing,false,false,true,false,false,,none,,,filing,filing,true,false,false,2,false
20261007T072921956144Z-codex.both.RC05.r2-a1,both,reach,RC05,2,1,fact,"All 24 reports, excluding amendments.",24,,,,1,filing,filing,false,false,true,false,false,,none,,,filing,filing,true,false,false,1,false
20261007T072921956144Z-codex.both.RC05.r2-a1,both,reach,RC05,2,2,fact,"DAP figures are the reported daily averages for the period’s final month, in billions.",DAP,,,,1,filing,filing,false,false,true,false,false,,none,,,filing,filing,true,false,false,1,false
20261007T072921956144Z-codex.both.RC05.r2-a1,both,reach,RC05,2,3,fact,March 2020 | 2.36 | 10-Q (2020-04-30),March 2020; 2.36; 10-Q; 2020-04-30,S1,filing,mosaic-finance.com,3,filing,filing,false,false,true,false,false,,none,,,filing,filing,true,false,false,1,false
20261007T072921956144Z-codex.both.RC05.r2-a1,both,reach,RC05,2,4,fact,June 2020 | 2.47 | 10-Q (2020-07-31),June 2020; 2.47; 10-Q; 2020-07-31,S2,filing,mosaic-finance.com,4,filing,filing,false,false,true,false,false,,none,,,filing,filing,true,false,false,2,false
20261007T072921956144Z-codex.both.RC05.r2-a1,both,reach,RC05,2,5,fact,September 2020 | 2.54 | 10-Q (2020-10-30),September 2020; 2.54; 10-Q; 2020-10-30,S3,filing,mosaic-finance.com,3,filing,filing,false,false,true,false,false,,none,,,filing,filing,true,false,false,1,false
20261007T072921956144Z-codex.both.RC05.r2-a1,both,reach,RC05,2,6,fact,December 2020 | 2.60 | 10-K (2021-01-28),December 2020; 2.60; 10-K; 2021-01-28,S4,filing,mosaic-finance.com,3,filing,filing,false,false,true,false,false,,none,,,filing,filing,true,false,false,2,false
20261007T072921956144Z-codex.both.RC05.r2-a1,both,reach,RC05,2,7,fact,March 2021 | 2.72 | 10-Q (2021-04-28),March 2021; 2.72; 10-Q; 2021-04-28,S5,filing,mosaic-finance.com,4,filing,filing,false,false,true,false,false,,none,,,filing,filing,true,false,false,2,false
20261007T072921956144Z-codex.both.RC05.r2-a1,both,reach,RC05,2,8,fact,June 2021 | 2.76 | 10-Q (2021-07-29),June 2021; 2.76; 10-Q; 2021-07-29,S6,filing,mosaic-finance.com,4,filing,filing,false,false,true,false,false,,none,,,filing,filing,true,false,false,2,false
20261007T072921956144Z-codex.both.RC05.r2-a1,both,reach,RC05,2,9,fact,September 2021 | 2.81 | 10-Q (2021-10-26),September 2021; 2.81; 10-Q; 2021-10-26,S7,filing,mosaic-finance.com,4,filing,filing,false,false,true,false,false,,none,,,filing,filing,true,false,false,2,false
20261007T072921956144Z-codex.both.RC05.r2-a1,both,reach,RC05,2,10,fact,December 2021 | 2.82 | 10-K (2022-02-03),December 2021; 2.82; 10-K; 2022-02-03,S8,filing,mosaic-finance.com,2,filing,filing,false,false,true,false,false,,none,,,filing,filing,true,false,false,1,false
20261007T072921956144Z-codex.both.RC05.r2-a1,both,reach,RC05,2,11,fact,March 2022 | 2.87 | 10-Q (2022-04-28),March 2022; 2.87; 10-Q; 2022-04-28,S9,filing,mosaic-finance.com,4,filing,filing,false,false,true,false,false,,none,,,filing,filing,true,false,false,2,false
20261007T072921956144Z-codex.both.RC05.r2-a1,both,reach,RC05,2,12,fact,June 2022 | 2.88 | 10-Q (2022-07-28),June 2022; 2.88; 10-Q; 2022-07-28,S10,filing,mosaic-finance.com,4,filing,filing,false,false,true,false,false,,none,,,filing,filing,true,false,false,2,false
20261007T072921956144Z-codex.both.RC05.r2-a1,both,reach,RC05,2,13,fact,September 2022 | 2.93 | 10-Q (2022-10-27),September 2022; 2.93; 10-Q; 2022-10-27,S11,filing,mosaic-finance.com,4,filing,filing,false,false,true,false,false,,none,,,filing,filing,true,false,false,2,false
20261007T072921956144Z-codex.both.RC05.r2-a1,both,reach,RC05,2,14,fact,December 2022 | 2.96 | 10-K (2023-02-02),December 2022; 2.96; 10-K; 2023-02-02,S12,filing,mosaic-finance.com,2,filing,filing,false,false,true,false,false,,none,,,filing,filing,true,false,false,1,false
20261007T072921956144Z-codex.both.RC05.r2-a1,both,reach,RC05,2,15,fact,March 2023 | 3.02 | 10-Q (2023-04-27),March 2023; 3.02; 10-Q; 2023-04-27,S13,filing,mosaic-finance.com,4,filing,filing,false,false,true,false,false,,none,,,filing,filing,true,false,false,2,false
20261007T072921956144Z-codex.both.RC05.r2-a1,both,reach,RC05,2,16,fact,June 2023 | 3.07 | 10-Q (2023-07-27),June 2023; 3.07; 10-Q; 2023-07-27,S14,filing,mosaic-finance.com,4,filing,filing,false,false,true,false,false,,none,,,filing,filing,true,false,false,2,false
20261007T072921956144Z-codex.both.RC05.r2-a1,both,reach,RC05,2,17,fact,September 2023 | 3.14 | 10-Q (2023-10-26),September 2023; 3.14; 10-Q; 2023-10-26,S15,filing,mosaic-finance.com,4,filing,filing,false,false,true,false,false,,none,,,filing,filing,true,false,false,2,false
20261007T072921956144Z-codex.both.RC05.r2-a1,both,reach,RC05,2,18,fact,December 2023 | 3.19 | 10-K (2024-02-02),December 2023; 3.19; 10-K; 2024-02-02,S16,filing,mosaic-finance.com,2,filing,filing,false,false,true,false,false,,none,,,filing,filing,true,false,false,1,false
20261007T072921956144Z-codex.both.RC05.r2-a1,both,reach,RC05,2,19,fact,March 2024 | 3.24 | 10-Q (2024-04-25),March 2024; 3.24; 10-Q; 2024-04-25,S17,filing,mosaic-finance.com,4,filing,filing,false,false,true,false,false,,none,,,filing,filing,true,false,false,2,false
20261007T072921956144Z-codex.both.RC05.r2-a1,both,reach,RC05,2,20,fact,June 2024 | 3.27 | 10-Q (2024-08-01),June 2024; 3.27; 10-Q; 2024-08-01,S18,filing,mosaic-finance.com,3,filing,filing,false,false,true,false,false,,none,,,filing,filing,true,false,false,1,false
20261007T072921956144Z-codex.both.RC05.r2-a1,both,reach,RC05,2,21,fact,September 2024 | 3.29 | 10-Q (2024-10-31),September 2024; 3.29; 10-Q; 2024-10-31,S19,filing,mosaic-finance.com,4,filing,filing,false,false,true,false,false,,none,,,filing,filing,true,false,false,2,false
20261007T072921956144Z-codex.both.RC05.r2-a1,both,reach,RC05,2,22,fact,December 2024 | 3.35 | 10-K (2025-01-30),December 2024; 3.35; 10-K; 2025-01-30,S20,filing,mosaic-finance.com,2,filing,filing,false,false,true,false,false,,none,,,filing,filing,true,false,false,1,false
20261007T072921956144Z-codex.both.RC05.r2-a1,both,reach,RC05,2,23,fact,March 2025 | 3.43 | 10-Q (2025-05-01),March 2025; 3.43; 10-Q; 2025-05-01,S21,filing,mosaic-finance.com,3,filing,filing,false,false,true,false,false,,none,,,filing,filing,true,false,false,1,false
20261007T072921956144Z-codex.both.RC05.r2-a1,both,reach,RC05,2,24,fact,June 2025 | 3.48 | 10-Q (2025-07-31),June 2025; 3.48; 10-Q; 2025-07-31,S22,filing,mosaic-finance.com,4,filing,filing,false,false,true,false,false,,none,,,filing,filing,true,false,false,2,false
20261007T072921956144Z-codex.both.RC05.r2-a1,both,reach,RC05,2,25,fact,September 2025 | 3.54 | 10-Q (2025-10-30),September 2025; 3.54; 10-Q; 2025-10-30,S23,filing,mosaic-finance.com,3,filing,filing,false,false,true,false,false,,none,,,filing,filing,true,false,false,1,false
20261007T072921956144Z-codex.both.RC05.r2-a1,both,reach,RC05,2,26,fact,December 2025 | 3.58 | 10-K (2026-01-29),December 2025; 3.58; 10-K; 2026-01-29,S24,filing,mosaic-finance.com,3,filing,filing,false,false,true,false,false,,none,,,filing,filing,true,false,false,2,false
20261007T073031493772Z-codex.web.RC01.r3-a1,web,reach,RC01,3,1,fact,All 24 reports are included; amendments are excluded.,24,,,,1,filing,filing,false,false,true,true,false,issuer; forum; aggregator,none,,,filing,filing,true,true,false,1,false
20261007T073031493772Z-codex.web.RC01.r3-a1,web,reach,RC01,3,2,fact,"Each report link cites its Note 1, “Description of Business.”",Note 1; Description of Business,,,,2,filing,filing,false,false,true,true,false,aggregator,none,,,filing,filing,true,true,false,2,false
20261007T073031493772Z-codex.web.RC01.r3-a1,web,reach,RC01,3,3,fact,"Costco’s worldwide warehouse count at period end for Q1 10-Q, as of 2019-11-24, was 785.",Costco; Q1 10-Q; 2019-11-24; 785,S1,filing,filing-source,5,secondary,issuer,false,false,false,false,false,issuer; forum; promotional; aggregator; news; reference,none,,,filing,filing,true,true,false,3,false
20261007T073031493772Z-codex.web.RC01.r3-a1,web,reach,RC01,3,4,fact,"Costco’s worldwide warehouse count at period end for Q2 10-Q, as of 2020-02-16, was 785.",Costco; Q2 10-Q; 2020-02-16; 785,S2,filing,filing-source,4,secondary,issuer,false,false,false,false,false,issuer; forum; promotional; aggregator; news; reference; other,none,,,filing,filing,true,true,false,2,false
20261007T073031493772Z-codex.web.RC01.r3-a1,web,reach,RC01,3,5,fact,"Costco’s worldwide warehouse count at period end for Q3 10-Q, as of 2020-05-10, was 787.",Costco; Q3 10-Q; 2020-05-10; 787,S3,filing,filing-source,3,secondary,issuer,false,false,false,false,false,issuer; forum; promotional; aggregator; news; reference,none,,,filing,filing,true,true,false,1,false
20261007T073031493772Z-codex.web.RC01.r3-a1,web,reach,RC01,3,6,fact,"Costco’s worldwide warehouse count at period end for 10-K, as of 2020-08-30, was 795.",Costco; 10-K; 2020-08-30; 795,S4,filing,filing-source,2,filing,filing,false,false,true,true,false,issuer; forum; promotional; aggregator; news; reference,none,,,filing,filing,true,true,false,1,false
20261007T073031493772Z-codex.web.RC01.r3-a1,web,reach,RC01,3,7,fact,"Costco’s worldwide warehouse count at period end for Q1 10-Q, as of 2020-11-22, was 803.",Costco; Q1 10-Q; 2020-11-22; 803,S5,filing,filing-source,5,secondary,issuer,false,false,false,false,false,issuer; forum; promotional; aggregator; news; reference,none,,,filing,filing,true,true,false,3,false
20261007T073031493772Z-codex.web.RC01.r3-a1,web,reach,RC01,3,8,fact,"Costco’s worldwide warehouse count at period end for Q2 10-Q, as of 2021-02-14, was 803.",Costco; Q2 10-Q; 2021-02-14; 803,S6,filing,filing-source,4,secondary,issuer,false,false,false,false,false,issuer; forum; promotional; aggregator; news; reference,none,,,filing,filing,true,true,false,2,false
20261007T073031493772Z-codex.web.RC01.r3-a1,web,reach,RC01,3,9,fact,"Costco’s worldwide warehouse count at period end for Q3 10-Q, as of 2021-05-09, was 809.",Costco; Q3 10-Q; 2021-05-09; 809,S7,filing,filing-source,3,secondary,issuer,false,false,false,false,false,issuer; forum; promotional; aggregator; news; reference,none,,,filing,filing,true,true,false,1,false
20261007T073031493772Z-codex.web.RC01.r3-a1,web,reach,RC01,3,10,fact,"Costco’s worldwide warehouse count at period end for 10-K, as of 2021-08-29, was 815.",Costco; 10-K; 2021-08-29; 815,S8,filing,filing-source,3,filing,filing,false,false,true,true,false,issuer; forum; promotional; aggregator; news; reference,none,,,filing,filing,true,true,false,2,false
20261007T073031493772Z-codex.web.RC01.r3-a1,web,reach,RC01,3,11,fact,"Costco’s worldwide warehouse count at period end for Q1 10-Q, as of 2021-11-21, was 823.",Costco; Q1 10-Q; 2021-11-21; 823,S9,filing,filing-source,5,secondary,issuer,false,false,false,false,false,issuer; forum; promotional; aggregator; news; reference,none,,,filing,filing,true,false,false,3,false
20261007T073031493772Z-codex.web.RC01.r3-a1,web,reach,RC01,3,12,fact,"Costco’s worldwide warehouse count at period end for Q2 10-Q, as of 2022-02-13, was 828.",Costco; Q2 10-Q; 2022-02-13; 828,S10,filing,filing-source,4,secondary,issuer,false,false,false,false,false,issuer; forum; promotional; aggregator; news; reference,none,,,filing,filing,true,true,false,2,false
20261007T073031493772Z-codex.web.RC01.r3-a1,web,reach,RC01,3,13,fact,"Costco’s worldwide warehouse count at period end for Q3 10-Q, as of 2022-05-08, was 829.",Costco; Q3 10-Q; 2022-05-08; 829,S11,filing,filing-source,3,secondary,issuer,false,false,false,false,false,issuer; forum; promotional; aggregator; news; reference,none,,,filing,filing,true,false,false,1,false
20261007T073031493772Z-codex.web.RC01.r3-a1,web,reach,RC01,3,14,fact,"Costco’s worldwide warehouse count at period end for 10-K, as of 2022-08-28, was 838.",Costco; 10-K; 2022-08-28; 838,S12,filing,filing-source,3,filing,filing,false,false,true,true,false,issuer; forum; promotional; aggregator; news; reference,none,,,filing,filing,true,true,false,2,false
20261007T073031493772Z-codex.web.RC01.r3-a1,web,reach,RC01,3,15,fact,"Costco’s worldwide warehouse count at period end for Q1 10-Q, as of 2022-11-20, was 845.",Costco; Q1 10-Q; 2022-11-20; 845,S13,filing,filing-source,4,secondary,issuer,false,false,false,false,false,issuer; forum; promotional; aggregator; news; reference,none,,,filing,filing,true,true,false,2,false
20261007T073031493772Z-codex.web.RC01.r3-a1,web,reach,RC01,3,16,fact,"Costco’s worldwide warehouse count at period end for Q2 10-Q, as of 2023-02-12, was 848.",Costco; Q2 10-Q; 2023-02-12; 848,S14,filing,filing-source,4,secondary,issuer,false,false,false,false,false,issuer; forum; promotional; aggregator; news; reference,none,,,filing,filing,true,true,false,2,false
20261007T073031493772Z-codex.web.RC01.r3-a1,web,reach,RC01,3,17,fact,"Costco’s worldwide warehouse count at period end for Q3 10-Q, as of 2023-05-07, was 852.",Costco; Q3 10-Q; 2023-05-07; 852,S15,filing,filing-source,3,secondary,issuer,false,false,false,false,false,issuer; forum; promotional; aggregator; news; reference,none,,,filing,filing,true,true,false,1,false
20261007T073031493772Z-codex.web.RC01.r3-a1,web,reach,RC01,3,18,fact,"Costco’s worldwide warehouse count at period end for 10-K, as of 2023-09-03, was 861.",Costco; 10-K; 2023-09-03; 861,S16,filing,filing-source,2,filing,filing,false,false,true,true,false,issuer; forum; promotional; aggregator; news; reference,none,,,filing,filing,true,true,false,1,false
20261007T073031493772Z-codex.web.RC01.r3-a1,web,reach,RC01,3,19,fact,"Costco’s worldwide warehouse count at period end for Q1 10-Q, as of 2023-11-26, was 870.",Costco; Q1 10-Q; 2023-11-26; 870,S17,filing,filing-source,5,secondary,issuer,false,false,false,false,false,issuer; forum; promotional; aggregator; news; reference,none,,,filing,filing,true,true,false,3,false
20261007T073031493772Z-codex.web.RC01.r3-a1,web,reach,RC01,3,20,fact,"Costco’s worldwide warehouse count at period end for Q2 10-Q, as of 2024-02-18, was 874.",Costco; Q2 10-Q; 2024-02-18; 874,S18,filing,filing-source,4,secondary,issuer,false,false,false,false,false,issuer; forum; promotional; aggregator; news; reference,none,,,filing,filing,true,true,false,2,false
20261007T073031493772Z-codex.web.RC01.r3-a1,web,reach,RC01,3,21,fact,"Costco’s worldwide warehouse count at period end for Q3 10-Q, as of 2024-05-12, was 876.",Costco; Q3 10-Q; 2024-05-12; 876,S19,filing,filing-source,4,secondary,issuer,false,false,false,false,false,issuer; forum; promotional; aggregator; news; reference,none,,,filing,filing,true,true,false,2,false
20261007T073031493772Z-codex.web.RC01.r3-a1,web,reach,RC01,3,22,fact,"Costco’s worldwide warehouse count at period end for 10-K, as of 2024-09-01, was 890.",Costco; 10-K; 2024-09-01; 890,S20,filing,filing-source,2,filing,filing,false,false,true,true,false,issuer; forum; promotional; aggregator; news; reference,none,,,filing,filing,true,true,false,1,false
20261007T073031493772Z-codex.web.RC01.r3-a1,web,reach,RC01,3,23,fact,"Costco’s worldwide warehouse count at period end for Q1 10-Q, as of 2024-11-24, was 896.",Costco; Q1 10-Q; 2024-11-24; 896,S21,filing,filing-source,5,secondary,issuer,false,false,false,false,false,issuer; forum; promotional; aggregator; news; reference,none,,,filing,filing,true,false,false,3,false
20261007T073031493772Z-codex.web.RC01.r3-a1,web,reach,RC01,3,24,fact,"Costco’s worldwide warehouse count at period end for Q2 10-Q, as of 2025-02-16, was 897.",Costco; Q2 10-Q; 2025-02-16; 897,S22,filing,filing-source,4,secondary,issuer,false,false,false,false,false,issuer; forum; promotional; aggregator; news; reference; other,none,,,filing,filing,true,true,false,2,false
20261007T073031493772Z-codex.web.RC01.r3-a1,web,reach,RC01,3,25,fact,"Costco’s worldwide warehouse count at period end for Q3 10-Q, as of 2025-05-11, was 905.",Costco; Q3 10-Q; 2025-05-11; 905,S23,filing,filing-source,4,secondary,issuer,false,false,false,false,false,issuer; forum; promotional; aggregator; news; reference,none,,,filing,filing,true,true,false,2,false
20261007T073031493772Z-codex.web.RC01.r3-a1,web,reach,RC01,3,26,fact,"Costco’s worldwide warehouse count at period end for 10-K, as of 2025-08-31, was 914.",Costco; 10-K; 2025-08-31; 914,S24,filing,filing-source,3,filing,filing,false,false,true,true,false,issuer; forum; promotional; aggregator; news; reference; other,none,,,filing,filing,true,true,false,2,false
20261007T073116169225Z-codex.archivist.RC01.r3-a1,archivist,reach,RC01,3,1,fact,All 24 original reports are included; amendments are excluded.,24,,,,1,filing,filing,false,false,true,false,false,,none,,,filing,filing,true,false,false,1,false
20261007T073116169225Z-codex.archivist.RC01.r3-a1,archivist,reach,RC01,3,2,fact,"Costco’s warehouses worldwide: 2020 Q1 — 10-Q, as of 2019-11-24: 785.",Costco; 2020 Q1; 10-Q; 2019-11-24; 785,S1,filing,mosaic-finance.com,6,unattributed,,false,false,false,false,false,,none,,,filing,filing,true,false,false,3,false
20261007T073116169225Z-codex.archivist.RC01.r3-a1,archivist,reach,RC01,3,3,fact,"Costco’s warehouses worldwide: 2020 Q2 — 10-Q, as of 2020-02-16: 785.",Costco; 2020 Q2; 10-Q; 2020-02-16; 785,S2,filing,mosaic-finance.com,5,unattributed,,false,false,false,false,false,,none,,,filing,filing,true,false,false,2,false
20261007T073116169225Z-codex.archivist.RC01.r3-a1,archivist,reach,RC01,3,4,fact,"Costco’s warehouses worldwide: 2020 Q3 — 10-Q, as of 2020-05-10: 787.",Costco; 2020 Q3; 10-Q; 2020-05-10; 787,S3,filing,mosaic-finance.com,4,unattributed,,false,false,false,false,false,,none,,,filing,filing,true,false,false,1,false
20261007T073116169225Z-codex.archivist.RC01.r3-a1,archivist,reach,RC01,3,5,fact,"Costco’s warehouses worldwide: 2020 FY — 10-K, as of 2020-08-30: 795.",Costco; 2020 FY; 10-K; 2020-08-30; 795,S4,filing,mosaic-finance.com,3,unattributed,,false,false,false,false,false,,none,,,filing,filing,true,false,false,1,false
20261007T073116169225Z-codex.archivist.RC01.r3-a1,archivist,reach,RC01,3,6,fact,"Costco’s warehouses worldwide: 2021 Q1 — 10-Q, as of 2020-11-22: 803.",Costco; 2021 Q1; 10-Q; 2020-11-22; 803,S5,filing,mosaic-finance.com,6,unattributed,,false,false,false,false,false,,none,,,filing,filing,true,false,false,3,false
20261007T073116169225Z-codex.archivist.RC01.r3-a1,archivist,reach,RC01,3,7,fact,"Costco’s warehouses worldwide: 2021 Q2 — 10-Q, as of 2021-02-14: 803.",Costco; 2021 Q2; 10-Q; 2021-02-14; 803,S6,filing,mosaic-finance.com,5,unattributed,,false,false,false,false,false,,none,,,filing,filing,true,false,false,2,false
20261007T073116169225Z-codex.archivist.RC01.r3-a1,archivist,reach,RC01,3,8,fact,"Costco’s warehouses worldwide: 2021 Q3 — 10-Q, as of 2021-05-09: 809.",Costco; 2021 Q3; 10-Q; 2021-05-09; 809,S7,filing,mosaic-finance.com,4,unattributed,,false,false,false,false,false,,none,,,filing,filing,true,false,false,1,false
20261007T073116169225Z-codex.archivist.RC01.r3-a1,archivist,reach,RC01,3,9,fact,"Costco’s warehouses worldwide: 2021 FY — 10-K, as of 2021-08-29: 815.",Costco; 2021 FY; 10-K; 2021-08-29; 815,S8,filing,mosaic-finance.com,4,unattributed,,false,false,false,false,false,,none,,,filing,filing,true,false,false,2,false
20261007T073116169225Z-codex.archivist.RC01.r3-a1,archivist,reach,RC01,3,10,fact,"Costco’s warehouses worldwide: 2022 Q1 — 10-Q, as of 2021-11-21: 823.",Costco; 2022 Q1; 10-Q; 2021-11-21; 823,S9,filing,mosaic-finance.com,6,unattributed,,false,false,false,false,false,,none,,,filing,filing,true,false,false,3,false
20261007T073116169225Z-codex.archivist.RC01.r3-a1,archivist,reach,RC01,3,11,fact,"Costco’s warehouses worldwide: 2022 Q2 — 10-Q, as of 2022-02-13: 828.",Costco; 2022 Q2; 10-Q; 2022-02-13; 828,S10,filing,mosaic-finance.com,5,unattributed,,false,false,false,false,false,,none,,,filing,filing,true,false,false,2,false
20261007T073116169225Z-codex.archivist.RC01.r3-a1,archivist,reach,RC01,3,12,fact,"Costco’s warehouses worldwide: 2022 Q3 — 10-Q, as of 2022-05-08: 829.",Costco; 2022 Q3; 10-Q; 2022-05-08; 829,S11,filing,mosaic-finance.com,4,unattributed,,false,false,false,false,false,,none,,,filing,filing,true,false,false,1,false
20261007T073116169225Z-codex.archivist.RC01.r3-a1,archivist,reach,RC01,3,13,fact,"Costco’s warehouses worldwide: 2022 FY — 10-K, as of 2022-08-28: 838.",Costco; 2022 FY; 10-K; 2022-08-28; 838,S12,filing,mosaic-finance.com,4,unattributed,,false,false,false,false,false,,none,,,filing,filing,true,false,false,2,false
20261007T073116169225Z-codex.archivist.RC01.r3-a1,archivist,reach,RC01,3,14,fact,"Costco’s warehouses worldwide: 2023 Q1 — 10-Q, as of 2022-11-20: 845.",Costco; 2023 Q1; 10-Q; 2022-11-20; 845,S13,filing,mosaic-finance.com,5,unattributed,,false,false,false,false,false,,none,,,filing,filing,true,false,false,2,false
20261007T073116169225Z-codex.archivist.RC01.r3-a1,archivist,reach,RC01,3,15,fact,"Costco’s warehouses worldwide: 2023 Q2 — 10-Q, as of 2023-02-12: 848.",Costco; 2023 Q2; 10-Q; 2023-02-12; 848,S14,filing,mosaic-finance.com,5,unattributed,,false,false,false,false,false,,none,,,filing,filing,true,false,false,2,false
20261007T073116169225Z-codex.archivist.RC01.r3-a1,archivist,reach,RC01,3,16,fact,"Costco’s warehouses worldwide: 2023 Q3 — 10-Q, as of 2023-05-07: 852.",Costco; 2023 Q3; 10-Q; 2023-05-07; 852,S15,filing,mosaic-finance.com,4,unattributed,,false,false,false,false,false,,none,,,filing,filing,true,false,false,1,false
20261007T073116169225Z-codex.archivist.RC01.r3-a1,archivist,reach,RC01,3,17,fact,"Costco’s warehouses worldwide: 2023 FY — 10-K, as of 2023-09-03: 861.",Costco; 2023 FY; 10-K; 2023-09-03; 861,S16,filing,mosaic-finance.com,3,unattributed,,false,false,false,false,false,,none,,,filing,filing,true,false,false,1,false
20261007T073116169225Z-codex.archivist.RC01.r3-a1,archivist,reach,RC01,3,18,fact,"Costco’s warehouses worldwide: 2024 Q1 — 10-Q, as of 2023-11-26: 870.",Costco; 2024 Q1; 10-Q; 2023-11-26; 870,S17,filing,mosaic-finance.com,6,unattributed,,false,false,false,false,false,,none,,,filing,filing,true,false,false,3,false
20261007T073116169225Z-codex.archivist.RC01.r3-a1,archivist,reach,RC01,3,19,fact,"Costco’s warehouses worldwide: 2024 Q2 — 10-Q, as of 2024-02-18: 874.",Costco; 2024 Q2; 10-Q; 2024-02-18; 874,S18,filing,mosaic-finance.com,5,unattributed,,false,false,false,false,false,,none,,,filing,filing,true,false,false,2,false
20261007T073116169225Z-codex.archivist.RC01.r3-a1,archivist,reach,RC01,3,20,fact,"Costco’s warehouses worldwide: 2024 Q3 — 10-Q, as of 2024-05-12: 876.",Costco; 2024 Q3; 10-Q; 2024-05-12; 876,S19,filing,mosaic-finance.com,5,unattributed,,false,false,false,false,false,,none,,,filing,filing,true,false,false,2,false
20261007T073116169225Z-codex.archivist.RC01.r3-a1,archivist,reach,RC01,3,21,fact,"Costco’s warehouses worldwide: 2024 FY — 10-K, as of 2024-09-01: 890.",Costco; 2024 FY; 10-K; 2024-09-01; 890,S20,filing,mosaic-finance.com,3,unattributed,,false,false,false,false,false,,none,,,filing,filing,true,false,false,1,false
20261007T073116169225Z-codex.archivist.RC01.r3-a1,archivist,reach,RC01,3,22,fact,"Costco’s warehouses worldwide: 2025 Q1 — 10-Q, as of 2024-11-24: 896.",Costco; 2025 Q1; 10-Q; 2024-11-24; 896,S21,filing,mosaic-finance.com,6,unattributed,,false,false,false,false,false,,none,,,filing,filing,true,false,false,3,false
20261007T073116169225Z-codex.archivist.RC01.r3-a1,archivist,reach,RC01,3,23,fact,"Costco’s warehouses worldwide: 2025 Q2 — 10-Q, as of 2025-02-16: 897.",Costco; 2025 Q2; 10-Q; 2025-02-16; 897,S22,filing,mosaic-finance.com,5,unattributed,,false,false,false,false,false,,none,,,filing,filing,true,false,false,2,false
20261007T073116169225Z-codex.archivist.RC01.r3-a1,archivist,reach,RC01,3,24,fact,"Costco’s warehouses worldwide: 2025 Q3 — 10-Q, as of 2025-05-11: 905.",Costco; 2025 Q3; 10-Q; 2025-05-11; 905,S23,filing,mosaic-finance.com,5,unattributed,,false,false,false,false,false,,none,,,filing,filing,true,false,false,2,false
20261007T073116169225Z-codex.archivist.RC01.r3-a1,archivist,reach,RC01,3,25,fact,"Costco’s warehouses worldwide: 2025 FY — 10-K, as of 2025-08-31: 914.",Costco; 2025 FY; 10-K; 2025-08-31; 914,S24,filing,mosaic-finance.com,4,unattributed,,false,false,false,false,false,,none,,,filing,filing,true,false,false,2,false
20261007T073201588570Z-codex.both.RC01.r3-a1,both,reach,RC01,3,1,fact,Costco’s worldwide warehouse count: 2020 Q1 — 10-Q; as-of date 2019-11-24; 785 warehouses.,Costco; 2020 Q1 — 10-Q; 2019-11-24; 785,S1,filing,mosaic-finance.com,5,unattributed,,false,false,false,false,false,,none,,,filing,filing,true,false,false,3,false
20261007T073201588570Z-codex.both.RC01.r3-a1,both,reach,RC01,3,2,fact,Costco’s worldwide warehouse count: 2020 Q2 — 10-Q; as-of date 2020-02-16; 785 warehouses.,Costco; 2020 Q2 — 10-Q; 2020-02-16; 785,S2,filing,mosaic-finance.com,4,unattributed,,false,false,false,false,false,,none,,,filing,filing,true,false,false,2,false
20261007T073201588570Z-codex.both.RC01.r3-a1,both,reach,RC01,3,3,fact,Costco’s worldwide warehouse count: 2020 Q3 — 10-Q; as-of date 2020-05-10; 787 warehouses.,Costco; 2020 Q3 — 10-Q; 2020-05-10; 787,S3,filing,mosaic-finance.com,3,unattributed,,false,false,false,false,false,,none,,,filing,filing,true,false,false,1,false
20261007T073201588570Z-codex.both.RC01.r3-a1,both,reach,RC01,3,4,fact,Costco’s worldwide warehouse count: 2020 — 10-K; as-of date 2020-08-30; 795 warehouses.,Costco; 2020 — 10-K; 2020-08-30; 795,S4,filing,mosaic-finance.com,2,filing,filing,false,false,true,false,false,,none,,,filing,filing,true,false,false,1,false
20261007T073201588570Z-codex.both.RC01.r3-a1,both,reach,RC01,3,5,fact,Costco’s worldwide warehouse count: 2021 Q1 — 10-Q; as-of date 2020-11-22; 803 warehouses.,Costco; 2021 Q1 — 10-Q; 2020-11-22; 803,S5,filing,mosaic-finance.com,5,unattributed,,false,false,false,false,false,,none,,,filing,filing,true,false,false,3,false
20261007T073201588570Z-codex.both.RC01.r3-a1,both,reach,RC01,3,6,fact,Costco’s worldwide warehouse count: 2021 Q2 — 10-Q; as-of date 2021-02-14; 803 warehouses.,Costco; 2021 Q2 — 10-Q; 2021-02-14; 803,S6,filing,mosaic-finance.com,4,unattributed,,false,false,false,false,false,,none,,,filing,filing,true,false,false,2,false
20261007T073201588570Z-codex.both.RC01.r3-a1,both,reach,RC01,3,7,fact,Costco’s worldwide warehouse count: 2021 Q3 — 10-Q; as-of date 2021-05-09; 809 warehouses.,Costco; 2021 Q3 — 10-Q; 2021-05-09; 809,S7,filing,mosaic-finance.com,3,unattributed,,false,false,false,false,false,,none,,,filing,filing,true,false,false,1,false
20261007T073201588570Z-codex.both.RC01.r3-a1,both,reach,RC01,3,8,fact,Costco’s worldwide warehouse count: 2021 — 10-K; as-of date 2021-08-29; 815 warehouses.,Costco; 2021 — 10-K; 2021-08-29; 815,S8,filing,mosaic-finance.com,3,filing,filing,false,false,true,false,false,,none,,,filing,filing,true,false,false,2,false
20261007T073201588570Z-codex.both.RC01.r3-a1,both,reach,RC01,3,9,fact,Costco’s worldwide warehouse count: 2022 Q1 — 10-Q; as-of date 2021-11-21; 823 warehouses.,Costco; 2022 Q1 — 10-Q; 2021-11-21; 823,S9,filing,mosaic-finance.com,5,unattributed,,false,false,false,false,false,,none,,,filing,filing,true,false,false,3,false
20261007T073201588570Z-codex.both.RC01.r3-a1,both,reach,RC01,3,10,fact,Costco’s worldwide warehouse count: 2022 Q2 — 10-Q; as-of date 2022-02-13; 828 warehouses.,Costco; 2022 Q2 — 10-Q; 2022-02-13; 828,S10,filing,mosaic-finance.com,4,unattributed,,false,false,false,false,false,,none,,,filing,filing,true,false,false,2,false
20261007T073201588570Z-codex.both.RC01.r3-a1,both,reach,RC01,3,11,fact,Costco’s worldwide warehouse count: 2022 Q3 — 10-Q; as-of date 2022-05-08; 829 warehouses.,Costco; 2022 Q3 — 10-Q; 2022-05-08; 829,S11,filing,mosaic-finance.com,3,unattributed,,false,false,false,false,false,,none,,,filing,filing,true,false,false,1,false
20261007T073201588570Z-codex.both.RC01.r3-a1,both,reach,RC01,3,12,fact,Costco’s worldwide warehouse count: 2022 — 10-K; as-of date 2022-08-28; 838 warehouses.,Costco; 2022 — 10-K; 2022-08-28; 838,S12,filing,mosaic-finance.com,3,filing,filing,false,false,true,false,false,,none,,,filing,filing,true,false,false,2,false
20261007T073201588570Z-codex.both.RC01.r3-a1,both,reach,RC01,3,13,fact,Costco’s worldwide warehouse count: 2023 Q1 — 10-Q; as-of date 2022-11-20; 845 warehouses.,Costco; 2023 Q1 — 10-Q; 2022-11-20; 845,S13,filing,mosaic-finance.com,4,unattributed,,false,false,false,false,false,,none,,,filing,filing,true,false,false,2,false
20261007T073201588570Z-codex.both.RC01.r3-a1,both,reach,RC01,3,14,fact,Costco’s worldwide warehouse count: 2023 Q2 — 10-Q; as-of date 2023-02-12; 848 warehouses.,Costco; 2023 Q2 — 10-Q; 2023-02-12; 848,S14,filing,mosaic-finance.com,4,unattributed,,false,false,false,false,false,,none,,,filing,filing,true,false,false,2,false
20261007T073201588570Z-codex.both.RC01.r3-a1,both,reach,RC01,3,15,fact,Costco’s worldwide warehouse count: 2023 Q3 — 10-Q; as-of date 2023-05-07; 852 warehouses.,Costco; 2023 Q3 — 10-Q; 2023-05-07; 852,S15,filing,mosaic-finance.com,3,unattributed,,false,false,false,false,false,,none,,,filing,filing,true,false,false,1,false
20261007T073201588570Z-codex.both.RC01.r3-a1,both,reach,RC01,3,16,fact,Costco’s worldwide warehouse count: 2023 — 10-K; as-of date 2023-09-03; 861 warehouses.,Costco; 2023 — 10-K; 2023-09-03; 861,S16,filing,mosaic-finance.com,2,filing,filing,false,false,true,false,false,,none,,,filing,filing,true,false,false,1,false
20261007T073201588570Z-codex.both.RC01.r3-a1,both,reach,RC01,3,17,fact,Costco’s worldwide warehouse count: 2024 Q1 — 10-Q; as-of date 2023-11-26; 870 warehouses.,Costco; 2024 Q1 — 10-Q; 2023-11-26; 870,S17,filing,mosaic-finance.com,5,unattributed,,false,false,false,false,false,,none,,,filing,filing,true,false,false,3,false
20261007T073201588570Z-codex.both.RC01.r3-a1,both,reach,RC01,3,18,fact,Costco’s worldwide warehouse count: 2024 Q2 — 10-Q; as-of date 2024-02-18; 874 warehouses.,Costco; 2024 Q2 — 10-Q; 2024-02-18; 874,S18,filing,mosaic-finance.com,4,unattributed,,false,false,false,false,false,,none,,,filing,filing,true,false,false,2,false
20261007T073201588570Z-codex.both.RC01.r3-a1,both,reach,RC01,3,19,fact,Costco’s worldwide warehouse count: 2024 Q3 — 10-Q; as-of date 2024-05-12; 876 warehouses.,Costco; 2024 Q3 — 10-Q; 2024-05-12; 876,S19,filing,mosaic-finance.com,4,unattributed,,false,false,false,false,false,,none,,,filing,filing,true,false,false,2,false
20261007T073201588570Z-codex.both.RC01.r3-a1,both,reach,RC01,3,20,fact,Costco’s worldwide warehouse count: 2024 — 10-K; as-of date 2024-09-01; 890 warehouses.,Costco; 2024 — 10-K; 2024-09-01; 890,S20,filing,mosaic-finance.com,2,filing,filing,false,false,true,false,false,,none,,,filing,filing,true,false,false,1,false
20261007T073201588570Z-codex.both.RC01.r3-a1,both,reach,RC01,3,21,fact,Costco’s worldwide warehouse count: 2025 Q1 — 10-Q; as-of date 2024-11-24; 896 warehouses.,Costco; 2025 Q1 — 10-Q; 2024-11-24; 896,S21,filing,mosaic-finance.com,5,unattributed,,false,false,false,false,false,,none,,,filing,filing,true,false,false,3,false
20261007T073201588570Z-codex.both.RC01.r3-a1,both,reach,RC01,3,22,fact,Costco’s worldwide warehouse count: 2025 Q2 — 10-Q; as-of date 2025-02-16; 897 warehouses.,Costco; 2025 Q2 — 10-Q; 2025-02-16; 897,S22,filing,mosaic-finance.com,4,unattributed,,false,false,false,false,false,,none,,,filing,filing,true,false,false,2,false
20261007T073201588570Z-codex.both.RC01.r3-a1,both,reach,RC01,3,23,fact,Costco’s worldwide warehouse count: 2025 Q3 — 10-Q; as-of date 2025-05-11; 905 warehouses.,Costco; 2025 Q3 — 10-Q; 2025-05-11; 905,S23,filing,mosaic-finance.com,4,unattributed,,false,false,false,false,false,,none,,,filing,filing,true,false,false,2,false
20261007T073201588570Z-codex.both.RC01.r3-a1,both,reach,RC01,3,24,fact,Costco’s worldwide warehouse count: 2025 — 10-K; as-of date 2025-08-31; 914 warehouses.,Costco; 2025 — 10-K; 2025-08-31; 914,S24,filing,mosaic-finance.com,3,filing,filing,false,false,true,false,false,,none,,,filing,filing,true,false,false,2,false
20261007T073345888918Z-codex.web.RC02.r3-a1,web,reach,RC02,3,1,fact,"All figures are global streaming paid memberships at period-end, in thousands.",,,,,0,unattributed,,true,false,false,false,false,,none,,,unattributed,,false,false,false,0,true
20261007T073345888918Z-codex.web.RC02.r3-a1,web,reach,RC02,3,2,fact,The 24 original reports are listed chronologically; amendments are excluded.,24,,,,1,filing,filing,false,false,true,true,false,issuer; forum; aggregator,none,,,filing,filing,true,true,false,1,false
20261007T073345888918Z-codex.web.RC02.r3-a1,web,reach,RC02,3,3,fact,"2019-03-31 | 10-Q | 148,863","2019-03-31; 10-Q; 148,863",S1,filing,filing-source,3,filing,filing,false,false,true,false,false,issuer; forum; aggregator; news; reference,none,,,filing,filing,true,false,false,2,false
20261007T073345888918Z-codex.web.RC02.r3-a1,web,reach,RC02,3,4,fact,"2019-06-30 | 10-Q | 151,562","2019-06-30; 10-Q; 151,562",S2,filing,filing-source,2,filing,filing,false,false,true,true,false,issuer; forum; aggregator,none,,,filing,filing,true,true,false,1,false
20261007T073345888918Z-codex.web.RC02.r3-a1,web,reach,RC02,3,5,fact,"2019-09-30 | 10-Q | 158,334","2019-09-30; 10-Q; 158,334",S3,filing,filing-source,2,secondary,issuer,false,false,false,false,false,issuer; forum; aggregator,none,,,unattributed,,false,false,false,1,false
20261007T073345888918Z-codex.web.RC02.r3-a1,web,reach,RC02,3,6,fact,"2019-12-31 | 10-K | 167,090","2019-12-31; 10-K; 167,090",S4,filing,filing-source,3,filing,filing,false,false,true,true,false,issuer; forum; aggregator; news; reference,none,,,filing,filing,true,true,false,3,false
20261007T073345888918Z-codex.web.RC02.r3-a1,web,reach,RC02,3,7,fact,"2020-03-31 | 10-Q | 182,856","2020-03-31; 10-Q; 182,856",S5,filing,filing-source,3,secondary,issuer,false,false,false,false,false,issuer; forum; aggregator; news; reference,none,,,secondary,issuer,false,false,false,2,false
20261007T073345888918Z-codex.web.RC02.r3-a1,web,reach,RC02,3,8,fact,"2020-06-30 | 10-Q | 192,947","2020-06-30; 10-Q; 192,947",S6,filing,filing-source,2,filing,filing,false,false,true,true,false,issuer; forum; aggregator,none,,,filing,filing,true,true,false,1,false
20261007T073345888918Z-codex.web.RC02.r3-a1,web,reach,RC02,3,9,fact,"2020-09-30 | 10-Q | 195,151","2020-09-30; 10-Q; 195,151",S7,filing,filing-source,2,secondary,issuer,false,false,false,false,false,issuer; forum; aggregator,none,,,unattributed,,false,false,false,1,false
20261007T073345888918Z-codex.web.RC02.r3-a1,web,reach,RC02,3,10,fact,"2020-12-31 | 10-K | 203,663","2020-12-31; 10-K; 203,663",S8,filing,filing-source,3,secondary,issuer,false,false,false,false,false,issuer; forum; aggregator; news; reference,none,,,secondary,issuer,false,false,false,3,false
20261007T073345888918Z-codex.web.RC02.r3-a1,web,reach,RC02,3,11,fact,"2021-03-31 | 10-Q | 207,639","2021-03-31; 10-Q; 207,639",S9,filing,filing-source,3,secondary,issuer,false,false,false,false,false,issuer; forum; aggregator; news; reference,none,,,secondary,issuer,false,false,false,2,false
20261007T073345888918Z-codex.web.RC02.r3-a1,web,reach,RC02,3,12,fact,"2021-06-30 | 10-Q | 209,180","2021-06-30; 10-Q; 209,180",S10,filing,filing-source,2,secondary,issuer,false,false,false,true,false,issuer; forum; aggregator; news,none,,,secondary,news,false,true,false,1,false
20261007T073345888918Z-codex.web.RC02.r3-a1,web,reach,RC02,3,13,fact,"2021-09-30 | 10-Q | 213,563","2021-09-30; 10-Q; 213,563",S11,filing,filing-source,2,secondary,issuer,false,false,false,false,false,issuer; forum; aggregator,none,,,unattributed,,false,false,false,1,false
20261007T073345888918Z-codex.web.RC02.r3-a1,web,reach,RC02,3,14,fact,"2021-12-31 | 10-K | 221,844","2021-12-31; 10-K; 221,844",S12,filing,filing-source,3,filing,filing,false,false,true,true,false,issuer; forum; aggregator; news; reference,none,,,filing,filing,true,true,false,3,false
20261007T073345888918Z-codex.web.RC02.r3-a1,web,reach,RC02,3,15,fact,"2022-03-31 | 10-Q | 221,641","2022-03-31; 10-Q; 221,641",S13,filing,filing-source,3,secondary,issuer,false,false,false,false,false,issuer; forum; aggregator; news; reference,none,,,secondary,issuer,false,false,false,2,false
20261007T073345888918Z-codex.web.RC02.r3-a1,web,reach,RC02,3,16,fact,"2022-06-30 | 10-Q | 220,672","2022-06-30; 10-Q; 220,672",S14,filing,filing-source,2,filing,filing,false,false,true,false,false,issuer; forum; aggregator,none,,,filing,filing,true,false,false,1,false
20261007T073345888918Z-codex.web.RC02.r3-a1,web,reach,RC02,3,17,fact,"2022-09-30 | 10-Q | 223,085","2022-09-30; 10-Q; 223,085",S15,filing,filing-source,2,secondary,issuer,false,false,false,false,false,issuer; forum; aggregator,none,,,unattributed,,false,false,false,1,false
20261007T073345888918Z-codex.web.RC02.r3-a1,web,reach,RC02,3,18,fact,"2022-12-31 | 10-K | 230,747","2022-12-31; 10-K; 230,747",S16,filing,filing-source,3,filing,filing,false,false,true,true,false,issuer; forum; aggregator; news; reference,none,,,filing,filing,true,true,false,3,false
20261007T073345888918Z-codex.web.RC02.r3-a1,web,reach,RC02,3,19,fact,"2023-03-31 | 10-Q | 232,498","2023-03-31; 10-Q; 232,498",S17,filing,filing-source,3,secondary,issuer,false,false,false,true,false,issuer; forum; aggregator; news; reference,none,,,secondary,issuer,false,true,false,2,false
20261007T073345888918Z-codex.web.RC02.r3-a1,web,reach,RC02,3,20,fact,"2023-06-30 | 10-Q | 238,390","2023-06-30; 10-Q; 238,390",S18,filing,filing-source,2,filing,filing,false,false,true,true,false,issuer; forum; aggregator; news,none,,,filing,filing,true,true,false,1,false
20261007T073345888918Z-codex.web.RC02.r3-a1,web,reach,RC02,3,21,fact,"2023-09-30 | 10-Q | 247,153","2023-09-30; 10-Q; 247,153",S19,filing,filing-source,2,secondary,issuer,false,false,false,false,false,issuer; forum; aggregator,none,,,unattributed,,false,false,false,1,false
20261007T073345888918Z-codex.web.RC02.r3-a1,web,reach,RC02,3,22,fact,"2023-12-31 | 10-K | 260,276","2023-12-31; 10-K; 260,276",S20,filing,filing-source,3,filing,filing,false,false,true,true,false,issuer; forum; aggregator; news; reference,none,,,filing,filing,true,true,false,3,false
20261007T073345888918Z-codex.web.RC02.r3-a1,web,reach,RC02,3,23,fact,"2024-03-31 | 10-Q | 269,602","2024-03-31; 10-Q; 269,602",S21,filing,filing-source,3,secondary,issuer,false,false,false,false,false,issuer; forum; aggregator; news; reference,none,,,secondary,issuer,false,false,false,2,false
20261007T073345888918Z-codex.web.RC02.r3-a1,web,reach,RC02,3,24,fact,"2024-06-30 | 10-Q | 277,647","2024-06-30; 10-Q; 277,647",S22,filing,filing-source,2,filing,filing,false,false,true,false,false,issuer; forum; aggregator,none,,,filing,filing,true,false,false,1,false
20261007T073345888918Z-codex.web.RC02.r3-a1,web,reach,RC02,3,25,fact,"2024-09-30 | 10-Q | 282,720","2024-09-30; 10-Q; 282,720",S23,filing,filing-source,2,secondary,issuer,false,false,false,false,false,issuer; forum; aggregator,none,,,unattributed,,false,false,false,1,false
20261007T073345888918Z-codex.web.RC02.r3-a1,web,reach,RC02,3,26,fact,"2024-12-31 | 10-K | 301,626","2024-12-31; 10-K; 301,626",S24,filing,filing-source,3,filing,filing,false,false,true,true,false,issuer; forum; aggregator; news; reference,none,,,filing,filing,true,true,false,3,false
20261007T073355749169Z-codex.archivist.RC02.r3-a1,archivist,reach,RC02,3,1,fact,All 24 reports are listed chronologically; amendments are excluded.,24,,,,1,filing,filing,false,false,true,false,false,,none,,,filing,filing,true,false,false,1,false
20261007T073355749169Z-codex.archivist.RC02.r3-a1,archivist,reach,RC02,3,2,fact,"Global streaming paid memberships at period end, in thousands: 2019-03-31 | 10-Q · 2019-04-18 | 148,863","2019-03-31; 10-Q; 2019-04-18; 148,863",S1,filing,mosaic-finance.com,4,filing,filing,false,false,true,false,false,,none,,,filing,filing,true,false,false,3,false
20261007T073355749169Z-codex.archivist.RC02.r3-a1,archivist,reach,RC02,3,3,fact,"Global streaming paid memberships at period end, in thousands: 2019-06-30 | 10-Q · 2019-07-19 | 151,562","2019-06-30; 10-Q; 2019-07-19; 151,562",S2,filing,mosaic-finance.com,3,filing,filing,false,false,true,false,false,,none,,,filing,filing,true,false,false,2,false
20261007T073355749169Z-codex.archivist.RC02.r3-a1,archivist,reach,RC02,3,4,fact,"Global streaming paid memberships at period end, in thousands: 2019-09-30 | 10-Q · 2019-10-18 | 158,334","2019-09-30; 10-Q; 2019-10-18; 158,334",S3,filing,mosaic-finance.com,3,filing,filing,false,false,true,false,false,,none,,,filing,filing,true,false,false,2,false
20261007T073355749169Z-codex.archivist.RC02.r3-a1,archivist,reach,RC02,3,5,fact,"Global streaming paid memberships at period end, in thousands: 2019-12-31 | 10-K · 2020-01-29 | 167,090","2019-12-31; 10-K; 2020-01-29; 167,090",S4,filing,mosaic-finance.com,4,filing,filing,false,false,true,false,false,,none,,,filing,filing,true,false,false,4,false
20261007T073355749169Z-codex.archivist.RC02.r3-a1,archivist,reach,RC02,3,6,fact,"Global streaming paid memberships at period end, in thousands: 2020-03-31 | 10-Q · 2020-04-21 | 182,856","2020-03-31; 10-Q; 2020-04-21; 182,856",S5,filing,mosaic-finance.com,4,filing,filing,false,false,true,false,false,,none,,,filing,filing,true,false,false,3,false
20261007T073355749169Z-codex.archivist.RC02.r3-a1,archivist,reach,RC02,3,7,fact,"Global streaming paid memberships at period end, in thousands: 2020-06-30 | 10-Q · 2020-07-20 | 192,947","2020-06-30; 10-Q; 2020-07-20; 192,947",S6,filing,mosaic-finance.com,2,filing,filing,false,false,true,false,false,,none,,,filing,filing,true,false,false,1,false
20261007T073355749169Z-codex.archivist.RC02.r3-a1,archivist,reach,RC02,3,8,fact,"Global streaming paid memberships at period end, in thousands: 2020-09-30 | 10-Q · 2020-10-22 | 195,151","2020-09-30; 10-Q; 2020-10-22; 195,151",S7,filing,mosaic-finance.com,3,filing,filing,false,false,true,false,false,,none,,,filing,filing,true,false,false,2,false
20261007T073355749169Z-codex.archivist.RC02.r3-a1,archivist,reach,RC02,3,9,fact,"Global streaming paid memberships at period end, in thousands: 2020-12-31 | 10-K · 2021-01-28 | 203,663","2020-12-31; 10-K; 2021-01-28; 203,663",S8,filing,mosaic-finance.com,4,filing,filing,false,false,true,false,false,,none,,,filing,filing,true,false,false,4,false
20261007T073355749169Z-codex.archivist.RC02.r3-a1,archivist,reach,RC02,3,10,fact,"Global streaming paid memberships at period end, in thousands: 2021-03-31 | 10-Q · 2021-04-22 | 207,639","2021-03-31; 10-Q; 2021-04-22; 207,639",S9,filing,mosaic-finance.com,4,filing,filing,false,false,true,false,false,,none,,,filing,filing,true,false,false,3,false
20261007T073355749169Z-codex.archivist.RC02.r3-a1,archivist,reach,RC02,3,11,fact,"Global streaming paid memberships at period end, in thousands: 2021-06-30 | 10-Q · 2021-07-22 | 209,180","2021-06-30; 10-Q; 2021-07-22; 209,180",S10,filing,mosaic-finance.com,3,filing,filing,false,false,true,false,false,,none,,,filing,filing,true,false,false,2,false
20261007T073355749169Z-codex.archivist.RC02.r3-a1,archivist,reach,RC02,3,12,fact,"Global streaming paid memberships at period end, in thousands: 2021-09-30 | 10-Q · 2021-10-21 | 213,563","2021-09-30; 10-Q; 2021-10-21; 213,563",S11,filing,mosaic-finance.com,3,filing,filing,false,false,true,false,false,,none,,,filing,filing,true,false,false,2,false
20261007T073355749169Z-codex.archivist.RC02.r3-a1,archivist,reach,RC02,3,13,fact,"Global streaming paid memberships at period end, in thousands: 2021-12-31 | 10-K · 2022-01-27 | 221,844","2021-12-31; 10-K; 2022-01-27; 221,844",S12,filing,mosaic-finance.com,4,filing,filing,false,false,true,false,false,,none,,,filing,filing,true,false,false,4,false
20261007T073355749169Z-codex.archivist.RC02.r3-a1,archivist,reach,RC02,3,14,fact,"Global streaming paid memberships at period end, in thousands: 2022-03-31 | 10-Q · 2022-04-21 | 221,641","2022-03-31; 10-Q; 2022-04-21; 221,641",S13,filing,mosaic-finance.com,4,filing,filing,false,false,true,false,false,,none,,,filing,filing,true,false,false,3,false
20261007T073355749169Z-codex.archivist.RC02.r3-a1,archivist,reach,RC02,3,15,fact,"Global streaming paid memberships at period end, in thousands: 2022-06-30 | 10-Q · 2022-07-21 | 220,672","2022-06-30; 10-Q; 2022-07-21; 220,672",S14,filing,mosaic-finance.com,3,filing,filing,false,false,true,false,false,,none,,,filing,filing,true,false,false,2,false
20261007T073355749169Z-codex.archivist.RC02.r3-a1,archivist,reach,RC02,3,16,fact,"Global streaming paid memberships at period end, in thousands: 2022-09-30 | 10-Q · 2022-10-20 | 223,085","2022-09-30; 10-Q; 2022-10-20; 223,085",S15,filing,mosaic-finance.com,2,filing,filing,false,false,true,false,false,,none,,,filing,filing,true,false,false,1,false
20261007T073355749169Z-codex.archivist.RC02.r3-a1,archivist,reach,RC02,3,17,fact,"Global streaming paid memberships at period end, in thousands: 2022-12-31 | 10-K · 2023-01-26 | 230,747","2022-12-31; 10-K; 2023-01-26; 230,747",S16,filing,mosaic-finance.com,4,filing,filing,false,false,true,false,false,,none,,,filing,filing,true,false,false,4,false
20261007T073355749169Z-codex.archivist.RC02.r3-a1,archivist,reach,RC02,3,18,fact,"Global streaming paid memberships at period end, in thousands: 2023-03-31 | 10-Q · 2023-04-21 | 232,498","2023-03-31; 10-Q; 2023-04-21; 232,498",S17,filing,mosaic-finance.com,4,filing,filing,false,false,true,false,false,,none,,,filing,filing,true,false,false,3,false
20261007T073355749169Z-codex.archivist.RC02.r3-a1,archivist,reach,RC02,3,19,fact,"Global streaming paid memberships at period end, in thousands: 2023-06-30 | 10-Q · 2023-07-21 | 238,390","2023-06-30; 10-Q; 2023-07-21; 238,390",S18,filing,mosaic-finance.com,3,filing,filing,false,false,true,false,false,,none,,,filing,filing,true,false,false,2,false
20261007T073355749169Z-codex.archivist.RC02.r3-a1,archivist,reach,RC02,3,20,fact,"Global streaming paid memberships at period end, in thousands: 2023-09-30 | 10-Q · 2023-10-20 | 247,153","2023-09-30; 10-Q; 2023-10-20; 247,153",S19,filing,mosaic-finance.com,2,filing,filing,false,false,true,false,false,,none,,,filing,filing,true,false,false,1,false
20261007T073355749169Z-codex.archivist.RC02.r3-a1,archivist,reach,RC02,3,21,fact,"Global streaming paid memberships at period end, in thousands: 2023-12-31 | 10-K · 2024-01-26 | 260,276","2023-12-31; 10-K; 2024-01-26; 260,276",S20,filing,mosaic-finance.com,4,filing,filing,false,false,true,false,false,,none,,,filing,filing,true,false,false,4,false
20261007T073355749169Z-codex.archivist.RC02.r3-a1,archivist,reach,RC02,3,22,fact,"Global streaming paid memberships at period end, in thousands: 2024-03-31 | 10-Q · 2024-04-22 | 269,602","2024-03-31; 10-Q; 2024-04-22; 269,602",S21,filing,mosaic-finance.com,4,unattributed,,false,false,false,false,false,,none,,,unattributed,,false,false,false,3,false
20261007T073355749169Z-codex.archivist.RC02.r3-a1,archivist,reach,RC02,3,23,fact,"Global streaming paid memberships at period end, in thousands: 2024-06-30 | 10-Q · 2024-07-19 | 277,647","2024-06-30; 10-Q; 2024-07-19; 277,647",S22,filing,mosaic-finance.com,3,filing,filing,false,false,true,false,false,,none,,,filing,filing,true,false,false,2,false
20261007T073355749169Z-codex.archivist.RC02.r3-a1,archivist,reach,RC02,3,24,fact,"Global streaming paid memberships at period end, in thousands: 2024-09-30 | 10-Q · 2024-10-18 | 282,720","2024-09-30; 10-Q; 2024-10-18; 282,720",S23,filing,mosaic-finance.com,3,unattributed,,false,false,false,false,false,,none,,,unattributed,,false,false,false,2,false
20261007T073355749169Z-codex.archivist.RC02.r3-a1,archivist,reach,RC02,3,25,fact,"Global streaming paid memberships at period end, in thousands: 2024-12-31 | 10-K · 2025-01-27 | 301,626","2024-12-31; 10-K; 2025-01-27; 301,626",S24,filing,mosaic-finance.com,4,filing,filing,false,false,true,false,false,,none,,,filing,filing,true,false,false,4,false
20261007T073520668605Z-codex.both.RC02.r3-a1,both,reach,RC02,3,1,fact,"All figures are global streaming paid memberships at period end, in thousands.",,,,,0,unattributed,,true,false,false,false,false,,none,,,unattributed,,false,false,false,0,true
20261007T073520668605Z-codex.both.RC02.r3-a1,both,reach,RC02,3,2,fact,The first three totals sum domestic and international streaming memberships.,three,,,,1,filing,filing,false,false,true,false,false,,none,,,filing,filing,true,false,false,1,false
20261007T073520668605Z-codex.both.RC02.r3-a1,both,reach,RC02,3,3,fact,Amendments are excluded.,,,,,0,unattributed,,true,false,false,false,false,,none,,,unattributed,,false,false,false,0,true
20261007T073520668605Z-codex.both.RC02.r3-a1,both,reach,RC02,3,4,fact,"2019-03-31 | 10-Q · 2019-04-18 | 148,863","2019-03-31; 10-Q; 2019-04-18; 148,863",S1,filing,mosaic-finance.com,4,filing,filing,false,false,true,false,false,issuer; aggregator,none,,,filing,filing,true,false,false,3,false
20261007T073520668605Z-codex.both.RC02.r3-a1,both,reach,RC02,3,5,fact,"2019-06-30 | 10-Q · 2019-07-19 | 151,562","2019-06-30; 10-Q; 2019-07-19; 151,562",S2,filing,mosaic-finance.com,3,filing,filing,false,false,true,false,false,forum,none,,,filing,filing,true,false,false,2,false
20261007T073520668605Z-codex.both.RC02.r3-a1,both,reach,RC02,3,6,fact,"2019-09-30 | 10-Q · 2019-10-18 | 158,334","2019-09-30; 10-Q; 2019-10-18; 158,334",S3,filing,mosaic-finance.com,3,filing,filing,false,false,true,false,false,aggregator,none,,,filing,filing,true,false,false,2,false
20261007T073520668605Z-codex.both.RC02.r3-a1,both,reach,RC02,3,7,fact,"2019-12-31 | 10-K · 2020-01-29 | 167,090","2019-12-31; 10-K; 2020-01-29; 167,090",S4,filing,mosaic-finance.com,4,filing,filing,false,false,true,true,true,issuer; aggregator; reference,none,,,filing,filing,true,true,true,4,false
20261007T073520668605Z-codex.both.RC02.r3-a1,both,reach,RC02,3,8,fact,"2020-03-31 | 10-Q · 2020-04-21 | 182,856","2020-03-31; 10-Q; 2020-04-21; 182,856",S5,filing,mosaic-finance.com,4,filing,filing,false,false,true,false,false,issuer; forum; aggregator,none,,,filing,filing,true,true,true,3,false
20261007T073520668605Z-codex.both.RC02.r3-a1,both,reach,RC02,3,9,fact,"2020-06-30 | 10-Q · 2020-07-20 | 192,947","2020-06-30; 10-Q; 2020-07-20; 192,947",S6,filing,mosaic-finance.com,2,filing,filing,false,false,true,false,false,,none,,,filing,filing,true,false,false,1,false
20261007T073520668605Z-codex.both.RC02.r3-a1,both,reach,RC02,3,10,fact,"2020-09-30 | 10-Q · 2020-10-22 | 195,151","2020-09-30; 10-Q; 2020-10-22; 195,151",S7,filing,mosaic-finance.com,3,filing,filing,false,false,true,false,false,forum; aggregator; reference,none,,,filing,filing,true,false,false,2,false
20261007T073520668605Z-codex.both.RC02.r3-a1,both,reach,RC02,3,11,fact,"2020-12-31 | 10-K · 2021-01-28 | 203,663","2020-12-31; 10-K; 2021-01-28; 203,663",S8,filing,mosaic-finance.com,4,filing,filing,false,false,true,false,false,issuer; aggregator,none,,,filing,filing,true,false,false,4,false
20261007T073520668605Z-codex.both.RC02.r3-a1,both,reach,RC02,3,12,fact,"2021-03-31 | 10-Q · 2021-04-22 | 207,639","2021-03-31; 10-Q; 2021-04-22; 207,639",S9,filing,mosaic-finance.com,4,filing,filing,false,false,true,false,false,forum; aggregator; reference,none,,,filing,filing,true,false,false,3,false
20261007T073520668605Z-codex.both.RC02.r3-a1,both,reach,RC02,3,13,fact,"2021-06-30 | 10-Q · 2021-07-22 | 209,180","2021-06-30; 10-Q; 2021-07-22; 209,180",S10,filing,mosaic-finance.com,3,filing,filing,false,false,true,false,false,forum; aggregator; reference,none,,,filing,filing,true,false,false,2,false
20261007T073520668605Z-codex.both.RC02.r3-a1,both,reach,RC02,3,14,fact,"2021-09-30 | 10-Q · 2021-10-21 | 213,563","2021-09-30; 10-Q; 2021-10-21; 213,563",S11,filing,mosaic-finance.com,3,filing,filing,false,false,true,false,false,issuer; forum,none,,,filing,filing,true,false,false,2,false
20261007T073520668605Z-codex.both.RC02.r3-a1,both,reach,RC02,3,15,fact,"2021-12-31 | 10-K · 2022-01-27 | 221,844","2021-12-31; 10-K; 2022-01-27; 221,844",S12,filing,mosaic-finance.com,4,filing,filing,false,false,true,true,true,issuer; aggregator,none,,,filing,filing,true,true,true,4,false
20261007T073520668605Z-codex.both.RC02.r3-a1,both,reach,RC02,3,16,fact,"2022-03-31 | 10-Q · 2022-04-21 | 221,641","2022-03-31; 10-Q; 2022-04-21; 221,641",S13,filing,mosaic-finance.com,4,filing,filing,false,false,true,false,false,issuer; forum; aggregator,none,,,filing,filing,true,false,false,3,false
20261007T073520668605Z-codex.both.RC02.r3-a1,both,reach,RC02,3,17,fact,"2022-06-30 | 10-Q · 2022-07-21 | 220,672","2022-06-30; 10-Q; 2022-07-21; 220,672",S14,filing,mosaic-finance.com,3,filing,filing,false,false,true,false,false,issuer; forum,none,,,filing,filing,true,false,false,2,false
20261007T073520668605Z-codex.both.RC02.r3-a1,both,reach,RC02,3,18,fact,"2022-09-30 | 10-Q · 2022-10-20 | 223,085","2022-09-30; 10-Q; 2022-10-20; 223,085",S15,filing,mosaic-finance.com,2,filing,filing,false,false,true,false,false,,none,,,filing,filing,true,false,false,1,false
20261007T073520668605Z-codex.both.RC02.r3-a1,both,reach,RC02,3,19,fact,"2022-12-31 | 10-K · 2023-01-26 | 230,747","2022-12-31; 10-K; 2023-01-26; 230,747",S16,filing,mosaic-finance.com,4,filing,filing,false,false,true,true,true,aggregator,none,,,filing,filing,true,true,true,4,false
20261007T073520668605Z-codex.both.RC02.r3-a1,both,reach,RC02,3,20,fact,"2023-03-31 | 10-Q · 2023-04-21 | 232,498","2023-03-31; 10-Q; 2023-04-21; 232,498",S17,filing,mosaic-finance.com,4,filing,filing,false,false,true,false,false,issuer; forum; aggregator,none,,,filing,filing,true,false,false,3,false
20261007T073520668605Z-codex.both.RC02.r3-a1,both,reach,RC02,3,21,fact,"2023-06-30 | 10-Q · 2023-07-21 | 238,390","2023-06-30; 10-Q; 2023-07-21; 238,390",S18,filing,mosaic-finance.com,3,filing,filing,false,false,true,false,false,issuer; forum,none,,,filing,filing,true,false,false,2,false
20261007T073520668605Z-codex.both.RC02.r3-a1,both,reach,RC02,3,22,fact,"2023-09-30 | 10-Q · 2023-10-20 | 247,153","2023-09-30; 10-Q; 2023-10-20; 247,153",S19,filing,mosaic-finance.com,2,filing,filing,false,false,true,false,false,,none,,,filing,filing,true,false,false,1,false
20261007T073520668605Z-codex.both.RC02.r3-a1,both,reach,RC02,3,23,fact,"2023-12-31 | 10-K · 2024-01-26 | 260,276","2023-12-31; 10-K; 2024-01-26; 260,276",S20,filing,mosaic-finance.com,4,filing,filing,false,false,true,true,true,issuer; aggregator,none,,,filing,filing,true,true,true,4,false
20261007T073520668605Z-codex.both.RC02.r3-a1,both,reach,RC02,3,24,fact,"2024-03-31 | 10-Q · 2024-04-22 | 269,602","2024-03-31; 10-Q; 2024-04-22; 269,602",S21,filing,mosaic-finance.com,4,secondary,forum,false,false,false,false,false,forum; aggregator; reference,none,,,secondary,forum,false,false,false,3,false
20261007T073520668605Z-codex.both.RC02.r3-a1,both,reach,RC02,3,25,fact,"2024-06-30 | 10-Q · 2024-07-19 | 277,647","2024-06-30; 10-Q; 2024-07-19; 277,647",S22,filing,mosaic-finance.com,3,filing,filing,false,false,true,false,false,forum,none,,,filing,filing,true,false,false,2,false
20261007T073520668605Z-codex.both.RC02.r3-a1,both,reach,RC02,3,26,fact,"2024-09-30 | 10-Q · 2024-10-18 | 282,720","2024-09-30; 10-Q; 2024-10-18; 282,720",S23,filing,mosaic-finance.com,3,secondary,forum,false,false,false,false,false,forum,none,,,secondary,forum,false,false,false,2,false
20261007T073520668605Z-codex.both.RC02.r3-a1,both,reach,RC02,3,27,fact,"2024-12-31 | 10-K · 2025-01-27 | 301,626","2024-12-31; 10-K; 2025-01-27; 301,626",S24,filing,mosaic-finance.com,4,filing,filing,false,false,true,true,true,issuer; aggregator,none,,,filing,filing,true,true,true,4,false
20261007T073520668605Z-codex.both.RC02.r3-a1,both,reach,RC02,3,28,fact,"June 2019: 60,103 domestic + 91,459 international.","June 2019; 60,103; 91,459",S25,filing,mosaic-finance.com,3,unattributed,,false,false,false,false,false,,none,,,filing,filing,true,false,false,2,false
20261007T073527037334Z-codex.web.RC03.r3-a1,web,reach,RC03,3,1,fact,"All 24 reports, excluding amendments. Figures are total backlog in US$ billions, using the filings’ one-decimal disclosures; dates are period-end dates.",24; US$ billions; one-decimal,,,,3,secondary,issuer,false,false,false,false,false,issuer; aggregator,none,,,filing,filing,true,true,false,1,false
