row_id,claim_id,category,stratum,company,metric,value,period,stated_date,kind,occurrences,status,bin,subtype,permalink,exchange_document_id,document_id_absent_reason,quote,merit,restatement,restatement_note,archivist_calls,error
X001,C097f4d7b8320,aggregator,breadth,Wesdome Gold Mines Ltd.,conference call purpose,discuss the company's financial and operating results for the three and nine months ended September 30 2025,three and nine months ended September 30 2025,11 months ago,other,1,ok,confirmed,none,https://mosaic-finance.com/filings/d1431abb-62ec-447e-9be4-dae43e352a34/p/cb57ec8e-5a70-4eec-851d-f75e9c278c32/k1.Yidt-RtkBD1euDWSIt6vpmEfYFKebtavCk16P5lG8IM/,,No exchange_document_id was provided in the Mosaic filing or passage results.,"today announced its financial results for the three and nine months ended September 30, 2025 (“ **Q3 2025** ” and “ **YTD 2025** ”). Preliminary operating results for Q3 2025 were disclosed in the Company’s press release dated October 21, 2025. Management will host a conference call tomorrow, November 5, 2025 at 10:00 a.m. ET to discuss its results.",not_settled,false,,9,
X002,C098f438309e3,aggregator,breadth,XCEL ENERGY INC,ticker symbol,XEL,,,other,1,ok,confirmed,none,https://mosaic-finance.com/filings/60d4ecd8-1bc0-428e-bfcf-a11809a26823/p/b3181a34-d454-4335-9ac4-8684c9800d62/k1.8MsTwo7eEVlAT81MLDeyzQ9_zb707hpRg_ic63-IxIA/,0000072903-26-000009,,Xcel Energy Inc.’s common stock is listed on the Nasdaq Global Select Market (Nasdaq). The trading symbol is XEL.,not_applicable,false,,2,
X003,C0f4f188d0dcb,aggregator,breadth,Coca Cola İçecek,Nakit ve Benzerleri Değişim(%),2.80,2025/06 2025/03,5 months ago,other,1,ok,off_target,none,,,,,not_settled,false,,10,
X004,C11615f0ee092,aggregator,breadth,Wesdome,Kiena change in inventories (in 000s),"(1,794)",2024,,reported_figure,1,ok,confirmed,none,https://mosaic-finance.com/filings/c576ef27-184c-4298-8423-f9cffa765633/p/b41a12d7-0cb2-487f-870f-5a82b5fd3520/k1.2gQkbM3i-1ySjofKMPQaspQmLKZEgnB6fUQYiQ5eX0M/,,No exchange_document_id is stored in the returned filing passage metadata.,"In 000s, except per units and per share amounts Q4 2024 Q4 2023 Change FY 2024 FY 2023 Change<br>Gold revenue from mining operation 79,059 32,439 46,620 144% 247,249 92,518 154,731 167%<br>Cost of sales<br>Mining 15,813 14,044 1,769 13% 56,882 50,361 6,521 13%<br>Processing 3,306 3,439 (133) (4)% 14,193 12,868 1,325 10%<br>Site administration and camp costs 5,411 3,964 1,447 37% 18,062 15,086 2,976 20%<br>Change in inventories (901) 857 (1,758) (205)% (1,794) (1,771) (23) (1)%",not_applicable,false,,5,
X005,C152a408deff6,aggregator,breadth,Esas Holding,Acquisition of Pegasus Hava Yolları,2005 yılı başında Esas Holding tarafından devralınmasının,2005 yılı başında,,other,1,ok,confirmed,none,https://mosaic-finance.com/filings/74251efd-ffef-4545-89f8-23dc7414e3b0/p/8198ad95-a2e4-4966-a34e-835f41f3de29/k1._u5CmKBpHb7R8NmbOUJilSecGBB-AmhaXHgtgm6Pm3o/,1566088,,"Şirketimiz, 2005 yılı başında Esas Holding tarafından devralınmasının ardından iş modelini düşük maliyetli ağ taşıyıcısı ( _low-cost network carrier_ ) olarak değiştirerek genç bir uçak filosuyla düşük fiyatlı ve zamanında kalkış performansı yüksek hizmet sunumuna odaklanmıştır.",not_applicable,false,,5,
X006,C1f2d5a2ace57,aggregator,breadth,Wesdome,Underground rigs drilling global model targets,Four underground rigs,the fourth quarter,,reported_figure,1,ok,confirmed,none,https://mosaic-finance.com/filings/51b51768-2df4-49b3-ac2f-dc551088d604/p/c42d2932-446c-4388-99b7-e09a5dfb6692/k1.1irGMw3vAOcmQFEskB5CoBrC5MLpxJ6D_lBF9jiSvM8/,,No exchange_document_id is stored in the returned filing passage.,Four underground rigs continued drilling global model targets in the fourth quarter.,not_applicable,false,,2,
X007,C242e0b5f1e28,aggregator,breadth,OPC,transmission system agreement with Georgia Power,"Revised and Restated Integrated Transmission System Agreement dated as of November 12, 1990","November 12, 1990","February 19th, 2026",other,1,ok,confirmed,none,https://mosaic-finance.com/filings/3ad4b19b-385e-444a-9b3d-cd26c712eeb7/p/4c683216-62d0-4bd5-8f03-9d3486106655/k1.J-2k0nicaXebNPp3TvJ-QtimaFQH0R-wUHgEgUQTR4k/,0000092122-26-000006,,"Revised and Restated Integrated Transmission System Agreement dated as of November 12, 1990, between Georgia Power and OPC. (Designated in Form 10-K for the year ended December 31, 1990, File No. 1-6468, as Exhibit 10(g).)",not_settled,false,,7,
X008,C2c605597271f,aggregator,breadth,Coca Cola İçecek,Duran Varlıklar,"103,962",2025/06,5 months ago,reported_figure,1,ok,confirmed,none,https://mosaic-finance.com/filings/0e468315-f5eb-4846-a31f-6811ba45a5f0/p/ce1e47b1-30c9-47d1-be62-3aadb7a0441f/k1._tUSJQ5T9TpfgshVOIzE_0j-TcdBAxobbFFB7RVrM4o/,1476089,,"### **30 Haziran 2025 Tarihli Ara Dönem Özet Konsolide Finansal Durum Tablosu**

(Tutarlar aksi belirtilmedikçe Türk Lirası’nın (“TL”), 30 Haziran 2025 tarihi itibarıyla satın alma gücü esasına göre bin TL olarak ifade edilmiştir.)

|**Duran Varlıklar Toplamı**||**103.961.626**|102.171.122|",not_settled,false,,6,
X009,C2d376a19896a,aggregator,breadth,Wesdome,Kiena head grade (g/t),11.5,Q4 2024,,reported_figure,1,ok,confirmed,none,https://mosaic-finance.com/filings/389ea529-1d6a-48cf-9b75-51926d0f859b/p/5cee0708-e936-413d-8157-2893436615c9/k1.-7TL3EcxZh6DO_1ccoUlctKrJU3v6vZzm0hYNduiQhw/,,No exchange_document_id is stored in the returned filing or passage metadata.,"La teneur du minerai traité à Kiena a augmenté pour s’établir à 11,5 g/t au T4 de 2024, en comparaison de 7,7 g/t au T4 de 2023.",not_applicable,false,,4,
X010,C35f53130e733,aggregator,breadth,Pegasus,general assembly approval of reports,2025 raporlarını onayladı,2025,,other,1,ok,confirmed,none,https://mosaic-finance.com/filings/2ca6240f-c5d1-4d68-8748-84c346d7d092/p/cbf8d05a-8b20-46dc-aab3-cfe0cbf577c9/k1.xTRjH8sJkAYVCwuZ22Y4e0vg_e2DhQGrE9osgtebSMM/,1605481,,"2025 yılı faaliyetlerine ilişkin olarak Yönetim Kurulu tarafından hazırlanan yıllık Faaliyet Raporu, Denetçi Raporu ve Finansal Tablolar katılan pay sahiplerinin oyçokluğuyla</mark> onaylanmıştır.",not_applicable,false,,2,
X011,C376ed55d56fd,aggregator,breadth,"Chipotle Mexican Grill, Inc.",International Chipotle restaurants,104,"December 31, 2025",8 months ago,reported_figure,1,ok,confirmed,none,https://mosaic-finance.com/filings/5b1e9ba2-5a22-4871-9dca-b7c02dc983b2/p/eedeb557-524e-48c9-94da-29bb1198fdf6/k1.TiNu9g52Poo-Wg-2vHLqg17Oi2L7njVsEW3_FsBujpA/,0001058090-26-000009,,"As of December 31, 2025, we owned 3,938 Chipotle restaurants throughout the United States (“U.S.”) and 104 international Chipotle restaurants.",not_settled,false,,4,
X012,C38b0b33b58de,aggregator,breadth,Tourmaline Oil Corp.,Quarterly dividend declared,"Declares Quarterly Dividend, Payable on September 29, 2026","September 29, 2026",07-29,other,1,ok,confirmed,none,https://mosaic-finance.com/filings/abe3b27f-e289-4c3e-813e-e35742cd55bb/p/34343bab-e025-42b9-92b5-c0eb9dd8d06a/k1.BVwoTHrznBw2p4XJCrh-w-Pa9BJxsvvn9JRgLvnIVKU/,,No exchange_document_id was returned in the Mosaic passage or filing metadata.,"The dividend will be payable on September 29, 2026 to shareholders of record at the close of business on September 15, 2026.",later_confirmed,false,,3,
X013,C39ecd29b51f7,aggregator,breadth,Lundin Mining Corporation,reporting of financial results,today reported its fourth quarter and full year 2025 financial results,fourth quarter and full year 2025,"February 19, 2026",other,1,ok,confirmed,none,https://mosaic-finance.com/filings/9116ba3b-14be-4e5f-85d6-290f2d929f14/p/267e2001-7204-412f-8b12-56527b3e9f58/k1.-q8WqkZz7bvcutDo-unM_13lv7qjE1pznmMY425pbKs/,,No exchange_document_id is stored in the returned filing metadata.,"**Vancouver, February 19, 2026 (TSX: LUN; Nasdaq Stockholm: LUMI) Lundin Mining Corporation** (“Lundin Mining” or the “Company”) today reported its fourth quarter and full year 2025 financial results.",not_settled,false,,4,
X014,C3b4770e3e49e,aggregator,breadth,Coca Cola İçecek,Sektör,İçecek,,5 months ago,other,1,ok,confirmed,none,https://mosaic-finance.com/filings/afa69eb2-7be2-4b4d-bbba-0b1579ef9e46/p/32435093-1e85-4c31-b803-159671e8678f/k1.yn3qqb2NPKEGJEfbvE4u-WZiUYVkI881jcN-KstvodE/,1647076,,"Şirket’in tek faaliyet alanı gazlı ve gazsız içeceklerin üretimi, satışı ve dağıtımıdır.",later_confirmed,false,,2,
X015,C4370596b6c20,aggregator,breadth,HACI ÖMER SABANCI HOLDİNG A.Ş.,Auditor mandate,"Şirketin 2026 yılı hesap dönemindeki finansal tablo ve raporlarını denetlenmesi, Topluluk Denetçiliği görevini icra edilmesi ve sürdürülebilirlik mevzuatı çerçevesinde Şirketin 2026 yılına ait TSRS uyumlu sürdürülebilirlik raporunun güvence denetimine tabi tutulması ve ilgili düzenlemeler kapsamında diğer faaliyetleri yürütmek",2026,31.03.2026 - 16:50,other,1,ok,confirmed,none,https://mosaic-finance.com/filings/ffc97383-e80c-46a2-ac70-256973c55737/p/aff6af54-068f-4c95-a429-feac4a7a0376/k1.vu5zz6BtbNfxrth8HyF3SQL7CUR9wBXA0q2di26kML8/,1580598,,"Şirketin 2025 yılı Olağan Genel Kurul toplantısında, 6102 sayılı Türk Ticaret Kanunu ve 6362 sayılı Sermaye Piyasası Kanunu uyarınca belirlenen esaslara uygun olarak, Şirketin 2026 yılı hesap dönemindeki finansal tablo ve raporlarını denetlenmesi, Topluluk Denetçiliği görevini icra edilmesi ve sürdürülebilirlik mevzuatı çerçevesinde Şirketin 2026 yılına ait TSRS uyumlu sürdürülebilirlik raporunun güvence denetimine tabi tutulması ve ilgili düzenlemeler kapsamında diğer faaliyetleri yürütmek üzere DRT Bağımsız Denetim ve Serbest Muhasebeci Mali Müşavirlik Anonim Şirketi'nin 1 yıl süreyle Denetçi ve Topluluk Denetçisi olarak seçilmesine karar verildi.",later_confirmed,false,,3,
X016,C4a80f26d21b5,aggregator,breadth,Wesdome,Kiena change in inventories (in 000s),(901),Q4 2024,,reported_figure,1,ok,confirmed,none,https://mosaic-finance.com/filings/c576ef27-184c-4298-8423-f9cffa765633/p/b41a12d7-0cb2-487f-870f-5a82b5fd3520/k1.2gQkbM3i-1ySjofKMPQaspQmLKZEgnB6fUQYiQ5eX0M/,,No exchange_document_id was provided in the Mosaic filing or passage results.,"In 000s, except per units and per share amounts Q4 2024 Q4 2023 Change FY 2024 FY 2023 Change<br>Gold revenue from mining operation 79,059 32,439 46,620 144% 247,249 92,518 154,731 167%<br>Cost of sales<br>Mining 15,813 14,044 1,769 13% 56,882 50,361 6,521 13%<br>Processing 3,306 3,439 (133) (4)% 14,193 12,868 1,325 10%<br>Site administration and camp costs 5,411 3,964 1,447 37% 18,062 15,086 2,976 20%<br>Change in inventories (901) 857 (1,758) (205)% (1,794) (1,771) (23) (1)%",not_applicable,false,,9,
X017,C4a905da99c97,aggregator,breadth,TAV Havalimanları,Almatı Airport international terminal investment,YENI DIŞ HAT TERMINALI YATIRIMI TAMAMLANDI.,,,other,1,ok,confirmed,none,https://mosaic-finance.com/filings/34bbe092-b358-4bd2-9fb1-4ab2aadb5859/p/251e0a71-ffd9-49e7-8fb0-98cc0154f12d/k1.FDbWlyY7Ns5uPyo128hYD3CEv-5BGezlMwYa2vGKs3s/,1562797,,ALMATI HAVALİMANI YENİ DIŞ HAT TERMİNALİ YATIRIMI TAMAMLANDI.,not_applicable,false,,2,
X018,C4bbbfe7ac5fa,aggregator,breadth,TAV Havalimanları,countries with airport operations,8,,,reported_figure,1,ok,confirmed,none,https://mosaic-finance.com/filings/6c3e6dac-f213-46f6-a757-349c2d7e7073/p/a5f8676f-0aaf-4d13-90c6-151bd70a361e/k1.vW3sCCQ7MaiDZWrbjwo_lW1xAufHokiBvjkDfp0m_WA/,1606680,,"31 Aralık 2025 itibarıyla Grup, Türkiye, Gürcistan, Kuzey Makedonya, Tunus, Suudi Arabistan, Hırvatistan, Letonya ve Kazakistan’da **15 havalimanında** işletme veya yatırım payına sahiptir.",not_applicable,false,,5,
X019,C4c2663c2d4a8,aggregator,breadth,Coca Cola İçecek,Net Kar Büyüme Değişim(%),22.76,2025/06 2025/03,5 months ago,other,1,ok,off_target,none,,,,,not_settled,false,,8,
X020,C4da7873433f9,aggregator,breadth,Coca Cola İçecek,FD/FAVOK Değişim(%),0.61,2025/06 2025/03,5 months ago,other,1,ok,off_target,none,,,,,not_settled,false,,7,
X021,C4db1d89f03a0,aggregator,breadth,Edison International,Annual report filing,SEC Filing 10-K Annual Report,"fiscal year ending Wednesday, December 31, 2025",7 months ago,other,1,ok,confirmed,none,https://mosaic-finance.com/filings/0015c149-7286-4020-9386-4d133dbe1a70/p/0795fae1-c1f6-460e-a435-9ebdecc1a79b/k1.Ooy18fhJZjMf4UszDEvm1PiOuxFNngWRKhK7kUuoO44/,0000827052-26-000012,,"1.I have reviewed this Annual Report on Form 10-K for the year ended December 31, 2025 of Edison International;",later_confirmed,false,,3,
X022,C50f7812510e8,aggregator,breadth,TÜRK TELEKOMÜNİKASYON A.Ş.,selection of auditor for mandatory limited assurance of TSRS report,"Güney Bağımsız Denetim ve Serbest Muhasebeci Mali Müşavirlik A.Ş.'nin (Ernst & Young - E&Y) seçilmesi, 09.04.2026 tarihli Olağan Genel Kurul'da onaylanmıştır.",2026 faaliyet dönemi,6 months ago,other,1,ok,confirmed,none,https://mosaic-finance.com/filings/67ff2c43-039e-49a1-8a2d-d2b35912c023/p/3c70b70e-bac7-4769-b462-16b3c4e4d4d1/k1.hr3NlcGZ9dhvJDuavm1547796NEdbuF-5jkdPaRBsjE/,1596237,,"2026 yılı faaliyet dönemi denetimi için bağımsız denetim kuruluşu olarak Güney Bağımsız Denetim ve Serbest Muhasebeci Mali Müşavirlik A.Ş. (Ernst & Young - E&Y) seçilmesi ve ayrıca, Kamu Gözetimi, Muhasebe ve Denetim Standartları Kurumu tarafından yayınlanan Türkiye Sürdürülebilirlik Raporlama Standartları ve Sürdürülebilirlik Denetimi Yönetmeliği çerçevesinde Şirketimizin 2026 faaliyet dönemine ilişkin hazırlanacak TSRS raporunun, zorunlu sınırlı güvence denetimi kapsamında gerekli olan tüm faaliyetleri yürütmek üzere Güney Bağımsız Denetim ve Serbest Muhasebeci Mali Müşavirlik A.Ş.'nin (Ernst & Young - E&Y) seçilmesi, 09.04.2026 tarihli Olağan Genel Kurul'da onaylanmıştır.",later_confirmed,false,,2,
X023,C5305712d20b2,aggregator,breadth,TÜRK TELEKOMÜNİKASYON A.Ş.,notification publication,Şirket Genel Bilgi Formu,23.09.2026 19:10,,other,1,ok,off_target,none,,,,,not_applicable,false,,5,
X024,C531a5c651842,aggregator,breadth,Chipotle Mexican Grill Inc.,10-K reporting period,12/31/25,12/31/25,8 months ago,other,1,ok,confirmed,none,https://mosaic-finance.com/filings/e3106667-f0a6-4f14-a250-44b83e33221e/p/53e01620-7d28-4368-b1b5-b97dbdc8dea0/k1.P_BUAHQV8p8WtU2vPHV6eHszP9h9T6w1C-eqDGHj4dM/,0001058090-26-000028,,"Segment information is prepared and managed on the same basis as described in our Annual Report on Form 10-K for the year ended December 31, 2025.",later_confirmed,false,,8,
X025,C54b17f11936f,aggregator,breadth,DOĞUŞ OTOMOTİV SERVİS VE TİCARET A.Ş.,previous disclosure date on same subject,27.02.2026,,31.03.2026 19:10:27,other,1,ok,confirmed,none,https://mosaic-finance.com/filings/8c009e14-ee9d-4369-8a7d-35f5404f5c5d/p/2e800f43-0547-4a57-8224-de638c1c3ce6/k1.0UJXJqLWXzY7l3ff_kgcVy3K3SS5K70SlSfXHgwfJVo/,1581027,,| Konuya İlişkin Daha Önce Yapılan Açıklamanın Tarihi | 27.02.2026 |,not_settled,false,,4,
X026,C5b77bdda4d47,aggregator,breadth,HALKB,KAP disclosure,Yönetim Kurulu Komiteleri,09.04.2026 21:28,,other,1,ok,confirmed,none,https://mosaic-finance.com/filings/7766b37b-f663-46f0-86d9-6acc2fc07540/p/48303517-fa38-48cc-8678-0ea0db5a673f/k1.OCidcNY6fmW8XAOh2Br6N8-NulySAaQU21mphMVJ5m4/,1590332,,Yönetim Kurulu Komiteleri,not_applicable,false,,4,
X027,C5c1f151454e2,aggregator,breadth,Coca Cola İçecek,Likit Oran,0.78,2025/06,5 months ago,other,1,ok,off_target,none,,,,,not_settled,false,,13,
X028,C5d348e0a0941,aggregator,breadth,Coca-Cola Icecek AS (CCI),company location,con sede en Turquía,,7 months ago,other,1,ok,confirmed,none,https://mosaic-finance.com/filings/afa69eb2-7be2-4b4d-bbba-0b1579ef9e46/p/32435093-1e85-4c31-b803-159671e8678f/k1.yn3qqb2NPKEGJEfbvE4u-WZiUYVkI881jcN-KstvodE/,1647076,,"Şirket merkezinin adresi OSB Mah. Deniz Feneri Sok. No:4 Ümraniye İstanbul, Türkiye’dir.",later_confirmed,false,,3,
X029,C5f76da06385f,aggregator,breadth,Enbridge Inc.,response to shutdown order,it intends to defy the shut down order,January 2021,,other,1,ok,confirmed,none,https://mosaic-finance.com/filings/8f0f8b43-2ebd-42e3-9002-e05c8134479b/p/ccdfd152-2a21-423e-aa6a-c402bbed884d/k1.BepJh04xI7z9z4rkXRYnOaY3FVW6yrQ4DVFaha9W0aQ/,,No exchange_document_id is provided in the Mosaic passage metadata.,"On January 12, 2021, we responded to the Governor’s Notice of Revocation and Termination of Easement. Our response: a) demonstrates compliance with the 1953 easement and 2018 Tunnel Agreement; b) rebuts falsehoods in the State’s Notice; c) shows that the State has ignored evidence that demonstrates our compliance with the Easement; and d) contends that the State is in breach of its obligations to us under the Easement and Tunnel Agreement. Our response further states that we intend to operate Line 5 until the replacement pipeline under the Straits within the Great Lakes Tunnel is placed into service, as per our existing Agreement with the State of Michigan and consistent with PMHSA federal regulatory requirements.",not_applicable,false,,2,
X030,C6451cf067a7b,aggregator,breadth,Koç Holding,Financial results announcement,2025 yılı finansal sonuçlarını açıkladı,2025,,other,1,ok,confirmed,none,https://mosaic-finance.com/filings/32ab3736-2e17-4f62-853f-ab62a3fb1c9a/p/2a8e66c6-96d3-414c-8a67-96caab6c884a/k1.iGLu74giFNDiYIL-_G6G6jWc6xOnBpDPA0qVUDkQmfs/,1555915,,"Şirketimizin 01.01.2025 - 31.12.2025 hesap dönemine ilişkin bağımsız denetimden geçmiş finansal tabloları bugün kamuya açıklanmış olup, ilgili dokümanlar, basın bülteni ve bu döneme ilişkin yatırımcı sunumu şirketimiz internet sitesinde (www.koc.com.tr) yatırımcılarımızın bilgisine sunulmaktadır.",not_applicable,false,,4,
X031,C669802cc500d,aggregator,breadth,Laurentian Bank of Canada,Series 17 preferred share issuance,"issued 125,000 Non-Cumulative 5-Year Fixed Rate Reset Class A Preferred Shares, Series 17 (NVCC) (the Preferred Shares Series 17) to the Limited Recourse Trust to be held as trust assets in connection with the Limited Recourse Capital Notes Series 1",May 2021,,reported_figure,1,ok,confirmed,none,https://mosaic-finance.com/filings/d157f3b5-52cc-47de-bd7d-1d422fcb36f3/p/69ba9956-1cb9-43b1-9ef9-0d7f54edda3c/k1.u5M3SM6YWCcFJGoBYgZeFN9DwaXQwugzwfD1RborVuk/,,No exchange_document_id is provided in the Mosaic filing or passage results.,"In connection with the issuance of Limited Recourse Capital Notes in May 2021, the Bank issued 125,000 Non-Cumulative 5-Year Fixed Rate Reset Class A Preferred Shares, Series 17 (NVCC) (the **Preferred Shares Series 17** ) to the Limited Recourse Trust to be held as trust assets in connection with the Limited Recourse Capital Notes Series 1.",not_applicable,false,,4,
X032,C6a7a873f5813,aggregator,breadth,HALKB,KAP disclosure,Şirket Genel Bilgi Formu,03.04.2026 21:03,,other,1,ok,off_target,none,,,,,not_applicable,false,,4,
X033,C6afb9283af88,aggregator,breadth,Bank of America,Internal control assessment framework,Internal Control – Integrated Framework (2013),"December 31, 2025",6 months ago,other,1,ok,confirmed,none,https://mosaic-finance.com/filings/7d46b036-1575-426f-8eb9-5de7ada37b43/p/0cd818cb-9d04-4e93-be89-febd2f42b820/k1.77S9q7BLJbgRMzrqcJGZvf_h8nvV3hUvpCkNC1W-WTE/,0000070858-26-000157,,"Management assessed the effectiveness of the Corporation’s internal control over financial reporting as of December 31, 2025 based on the framework set forth by the Committee of Sponsoring Organizations of the Treadway Commission in Internal Control – Integrated Framework (2013).",not_settled,false,,3,
X034,C6eb5a945a1d1,aggregator,breadth,Foreks Bilgi İletişim Hizmetleri A.Ş.,provision of market data,Piyasa verileri Foreks Bilgi İletişim Hizmetleri A.Ş. tarafından sağlanmaktadır.,,,other,1,ok,off_target,none,,,,,not_applicable,false,,2,
X035,C6fcef709c59f,aggregator,breadth,BVN,Zacks Consensus Estimate EPS,$3.45,2026,7 months ago,estimate,1,ok,not_checkable,consensus_estimate,,,,,not_settled,false,,1,
X036,C70c6c4e0280d,aggregator,breadth,Lundin Mining Corporation,gold production,"34,129 ounces",fourth quarter 2025,"February 19, 2026",reported_figure,2,ok,confirmed,none,https://mosaic-finance.com/filings/2decfc88-6a23-4ee9-93ec-dd6bb0ae47fd/p/ef242650-e46b-4715-860c-889d7382047a/k1.MIFhfKS_INmD5_ENGISWHby9BR3XcYnWsphGF7A-yvg/,,No exchange_document_id is stored in the returned filing or passage metadata.,"|||**2026**||||2025|||
|---|---|---|---|---|---|---|---|---|
|(contained metal)|**YTD**|**Q2**|Q1|Total|Q4|Q3|Q2|Q1|
|**Copper (t)**|||||||||
|Caserones (100%)|**72,516**|**33,964**|38,552|132,881|39,612|35,270|29,290|28,709|
|Candelaria (100%)|**61,736**|**30,928**|30,808|145,471|34,272|37,129|36,999|37,071|
|Chapada|**22,559**|**11,985**|10,574|43,974|11,191|12,600|11,274|8,909|
|Total|**156,811**|**76,877**|79,934|322,326|85,075|84,999|77,563|74,689|
|**Gold (oz)**|||||||||
|Candelaria (100%)|**35,582**|**17,843**|17,739|80,528|19,055|19,899|20,574|21,000|
|Chapada|**29,382**|**15,584**|13,798|61,331|15,074|17,864|17,544|10,849|
|Total|**64,964**|**33,427**|31,537|141,859|34,129|37,763|38,118|31,849|",later_confirmed,false,,5,
X037,C719f5db33bc8,aggregator,breadth,"S. GOLDMAN ADVISORS, LLC",auditor location,"Dallas, TX",,6 months ago,other,1,ok,off_target,none,,,,,not_settled,false,,4,
X038,C7442f828f213,aggregator,breadth,Laurentian Bank of Canada,business development and strategy disclosures,the MD&A which can be found on pages 17 to 72 of the 2025 Annual Report,the last three completed fiscal years,,other,1,ok,confirmed,none,https://mosaic-finance.com/filings/2771dad9-cc02-4e69-be44-8a4ba4bfefab/p/9aa73ae3-1944-41a3-9c71-e59f9011f814/k1.zGdvFEJSoPzgplAEfMhF70GGeD3lYb4vHOJwKIEtGXY/,,No exchange_document_id is stored in the returned filing passage metadata.,"Below is a description of how the Bank's business has developed over the last three completed fiscal years. For additional information on the general development of the Bank's business and strategies for the upcoming year, please refer to the MD&A which can be found on pages 17 to 72 of the 2025 Annual Report.",not_applicable,false,,2,
X039,C7544f2201156,aggregator,breadth,Enbridge,proposed capacity reserved for nominations,only 10% of available capacity reserved for nominations,,,forecast,1,ok,not_checkable,forecast,,,,,not_applicable,false,,2,
X040,C7d7b1e45d67b,aggregator,breadth,Morgan Stanley,Executive role,Chief Client Officer,since January 2025,,other,1,ok,confirmed,none,https://mosaic-finance.com/filings/afb0794d-3f58-47e4-b446-b01fec1913b8/p/f2802973-29e6-4238-942d-7278a2978c60/k1.bMcXGLMfc0t37CtQMVP_t6SK9HQk7dSh8Eo0M057JlI/,0000895421-25-000304,,Mandell L. Crawley (49).  Executive Vice President (since February 2021) and Chief Client Officer of Morgan Stanley (since January 2025).,not_applicable,false,,3,
X041,C7dd466d390db,aggregator,breadth,Wesdome,Kiena gold production (oz),"22,865",Q4 2024,,reported_figure,1,ok,confirmed,none,https://mosaic-finance.com/filings/0d0f9bdc-0851-4b16-8e52-624968ba2189/p/32908cbd-ac8b-4dd0-87ed-90ca0fb84437/k1.qJcM_2p1qvYWZYQKkHjPc7fl7CihccJogeVIjhZL5Dg/,,No exchange_document_id is stored in the returned filing or passage metadata.,"In Q4 2024, Kiena produced 22,865 ounces of gold as compared to 12,144 ounces in Q4 2023, an increase of 88%, driven by a 49% increase in head grade due to the ramp-up in the mining and processing of high-grade Kiena Deep ore from the 129-level horizon in mid-April and a 26% increase in throughput.",not_applicable,false,,3,
X042,C8006bb0af41c,aggregator,breadth,TAV Havalimanları,board chair,Justine Coutard,,,other,1,ok,confirmed,none,https://mosaic-finance.com/filings/35c2b3ff-b8f5-4f77-8a26-4dc7e07667cc/p/79cb8a5d-d49a-4afa-b387-7d297199138c/k1.a9BfFMQqWrSVEAxq5Jrz0vJA34hDrrIAIkyYvRIckC0/,1637971,,|Justine Coutard|Yönetim Kurulu Başkanı|2024-2026 yılları arasında|,not_applicable,false,,2,
X043,C80a279b1982b,aggregator,breadth,JPMorganChase,Auditor of internal control over financial reporting,PricewaterhouseCoopers LLP,"December 31, 2025",7 months ago,other,1,ok,confirmed,none,https://mosaic-finance.com/filings/87a68d33-0034-442e-9c05-5b4154f7203c/p/c783fb42-a7ea-46c2-bb58-f694f23b999e/k1.KJvvTHGsRM8YATTX8F_j5C1vziJzgsYrUykPJTY2F5M/,0001628280-26-008131,,"The effectiveness of the Firm’s internal control over financial reporting as of December 31, 2025, has been audited by PricewaterhouseCoopers LLP, an independent registered public accounting firm, as stated in their report which appears herein.",later_confirmed,false,,3,
X044,C813a6fd44b11,aggregator,breadth,TAV Havalimanları,ESG policies established and disclosed,"Ortaklık yönetim kurulu tarafından ÇSY politikaları (Örn: Çevre Politikası, Enerji Politikası, İnsan Hakları ve Çalışan Politikası vb.) oluşturulmuş ve kamuya açıklanmıştır.",,,other,1,ok,confirmed,none,https://mosaic-finance.com/filings/1eb99104-3533-4b69-a9bf-c86e17e06df5/p/1d211465-02c2-4a81-838f-be0f7d131f12/k1.85gAfDR030QsVaMIwoWHuObNTwHf8dRlT8o_9bya1KA/,1562840,,"| A1.1. Ortaklık yönetim kurulu tarafından ÇSY politikaları (Örn: Çevre Politikası, Enerji Politikası, İnsan Hakları ve Çalışan Politikası vb.) oluşturulmuş ve kamuya açıklanmıştır. | X |  |  |  | Tüm Sürdürülebilirlik ve ÇSY Politikaları web sitesi üzerinden kamuya duyurulmuştur. | <url:tavhavalimanlari.com.tr> |",not_applicable,false,,2,
X045,C8216dfa48724,aggregator,breadth,"McCORMICK & COMPANY, INCORPORATED",CIK,63754,,,other,1,ok,confirmed,none,https://mosaic-finance.com/filings/1a89dfac-8a38-4528-963c-9501754ddbe7/p/e955388a-5020-4d2d-b34b-464d7ad8e782/k1.aTtYeW2ZO4uIxZMofZ6h2BfXhgUqbA5EB8Nn7piPkzo/,0000063754-26-000196,,CIK: 0000063754,not_applicable,false,,2,
X046,C8bcca2037877,aggregator,breadth,KCHOL (KOÇ HOLDİNG A.Ş.),notification published,Faaliyet Raporu Sorumluluk Beyanı,2025,24.02.2026 21:55,other,1,ok,confirmed,none,https://mosaic-finance.com/filings/2d79f295-d009-4e69-8f78-3e718d8a4eda/p/b725c1d7-2e0d-4b52-8be0-b1567b984e77/k1.bLqGBGahZaKmqiezma9SJ0RYlCsBYvwF5c-x-2C6RDE/,1561074,,"Şirketimizce hazırlanan ve Güney Bağımsız Denetim ve Serbest Muhasebeci Mali Müşavirlik A.Ş. tarafından bağımsız denetime tabi tutulan, 2025 yılına ait, Türk Ticaret Kanunu ve Sermaye Piyasası Kurulu'nun Seri II.14.1. Sermaye Piyasasında Finansal Raporlamaya İlişkin Esaslar Tebliği""ne (""Tebliğ"") uyumlu olarak hazırlanan faaliyet raporumuz ekte sunulmuştur.",not_settled,false,,3,
X047,C9349059f89be,aggregator,breadth,Coca Cola İçecek,F/K,14.56,2025/06,5 months ago,other,1,ok,off_target,none,,,,,not_settled,false,,7,
X048,C94ffb3df27c2,aggregator,breadth,HACI ÖMER SABANCI HOLDİNG A.Ş.,Previous disclosure date on the subject,04/03/2026,,31.03.2026 - 16:50,other,1,ok,confirmed,none,https://mosaic-finance.com/filings/ffc97383-e80c-46a2-ac70-256973c55737/p/aff6af54-068f-4c95-a429-feac4a7a0376/k1.vu5zz6BtbNfxrth8HyF3SQL7CUR9wBXA0q2di26kML8/,1580598,,| Konuya İlişkin Daha Önce Yapılan Açıklamanın Tarihi | 04/03/2026 |,later_confirmed,false,,5,
X049,C9a29323181aa,aggregator,breadth,Coca Cola İçecek,FAVÖK Marjı,11.85,2025/03,5 months ago,other,1,ok,contradicted,wrong_number,https://mosaic-finance.com/filings/d9551fbb-3d7a-44a4-af14-424f5d9a59cd/p/06e6121d-0329-45b6-8ffa-a81d0d890ba5/k1.5S0FKZSCVFFkelfgbtregahANK6trr_Xiw0G4RPbi00/,1600772,,"|**Konsolide (Milyon TL)**|**1Ç26**|**1Ç25**|**Değişim (%)**|
|---|---|---|---|
|Satış Hacmi (Milyon Ünite Kasa)|414|387|%6,9|
|<br>Hasılat|52.369|47.318|%10,7|
|Brüt Kar|19.028|14.392|%32,2|
|Faaliyet Karı|6.931|3.760|%84,3|
|**Faaliyet Karı (Diğer gelir/gider hariç)**|**6.693**|**3.423**|**%95,5**|
|FAVÖK|9.342|6.119|%52,7|
|**FAVÖK (Diğer gelir/gider hariç)**<br>|**8.992**|**5.825**|**%54,4**|
|Vergi Öncesi Faaliyet Karı / (Zararı)|8.327|3.430|%142,8|
|<br>Net Dönem Karı /(Zararı)|5.237|1.669|<br>%213,8|
|Brüt Kar Marjı|%36,3|%30,4||
|Faaliyet Karı Marjı|%13,2|%7,9||
|**Faaliyet Karı Marjı (Diğer gelir/gider hariç)**|**%12,8**|**%7,2**||
|FAVÖK Marjı|%17,8|%12,9||",later_refuted,false,,9,
X050,C9d08f37bcde8,aggregator,breadth,Wesdome,Total sustaining and growth capital (in $000s),"35,912",Q4 2024,,reported_figure,1,ok,confirmed,none,https://mosaic-finance.com/filings/c576ef27-184c-4298-8423-f9cffa765633/p/101ad7a9-e3e6-4a89-9753-41a223acb601/k1.UCJOz9OwNombNDT4XBkMsQi7NZ0aF7VIhy4F6_SIVpU/,,No exchange_document_id is stored in the returned filing metadata.,"Total capital investments 35,912 28,596 7,316 26% 119,472 100,832 18,640 18%",not_applicable,false,,5,
X051,C9f127393af2e,aggregator,breadth,Canadian Natural,Supplementary Oil & Gas Information filing location,Exhibit 99.1 to this Annual Report on Form 40-F,"the year ended December 31, 2025",6 months ago,other,1,ok,confirmed,none,https://mosaic-finance.com/filings/c8adf2a5-d0bb-4b92-8ea6-699acbefb2b0/p/c6db3716-7ae3-4e0f-ae05-26a44b84e6e6/k1.Q5tvMeExxgvaeZ7SQeXr-w8HUQHLGaFN1Kbl3BOUsXs/,0001017413-26-000018,,"99.1Supplementary Oil & Gas Information (Unaudited) for the fiscal year ended December 31, 2025",not_settled,false,,5,
X052,Ca09009ded7ff,aggregator,breadth,Pegasus Hava Yolları,corporate social responsibility policy approval,Yönetim Kurulumuz tarafından kabul edilen Pegasus Hava Yolları Kurumsal Sosyal Sorumluluk Politikası,,7 months ago,other,1,ok,confirmed,none,https://mosaic-finance.com/filings/74251efd-ffef-4545-89f8-23dc7414e3b0/p/dcb7e137-80a8-4d92-846e-1b5f51f291e2/k1.0gSN0dnn15C0TyN_7eDYGCu_V4zI2G9_0I3JSldU-uI/,1566088,,Şirketimizin bu alandaki faaliyetleri pay sahipleri Genel Kurulumuz tarafından kabul edilen Pegasus Hava Yolları Bağış ve Yardım Politikası ve Yönetim Kurulumuz tarafından kabul edilen Pegasus Hava Yolları Kurumsal Sosyal Sorumluluk Politikasına uygun olarak yürütülmektedir.,not_settled,false,,6,
X053,Ca0fdbb8d6f6a,aggregator,breadth,CoreWeave (CRWV),Filing,8-K | 2026-06-18 | 0001769628-26-0002 | crwv-20260618.htm,2026-06-18,last month,other,1,ok,contradicted,wrong_number,https://mosaic-finance.com/filings/dd381a35-c302-4d7c-aae6-c83ec133c91a/p/d0b11c8c-beb4-4a8b-a236-0b7ecd4ca376/k1.ToD0cAKohkE_ubdfsBm_FmF7zLo0i3mDoMKYPoBipZw/,0001769628-26-000291,,"8K: CoreWeave Inc. Current Report

Filed: 2026-06-18",not_settled,false,,4,
X054,Ca3871455135b,aggregator,breadth,HACI ÖMER SABANCI HOLDİNG A.Ş.,Disclosure was deferred,Hayır (No),,31.03.2026 - 16:50,other,1,ok,confirmed,none,https://mosaic-finance.com/filings/ffc97383-e80c-46a2-ac70-256973c55737/p/aff6af54-068f-4c95-a429-feac4a7a0376/k1.vu5zz6BtbNfxrth8HyF3SQL7CUR9wBXA0q2di26kML8/,1580598,,| Yapılan Açıklama Ertelenmiş Bir Açıklama mı? | Hayır (No) |,later_confirmed,false,,7,
X055,Ca4aa78df4a54,aggregator,breadth,Coca Cola İçecek,Yurt Dışı Satışlar; period values and Değişim(%) as displayed,"50,87 | 2-Özet Bilanço 7 21,789 75,498 133.50 -32.61",2025/06 2025/03 2024/12,5 months ago,reported_figure,1,ok,off_target,none,,,,,not_settled,false,,20,
X056,Cadf61889e1e1,aggregator,breadth,Coca Cola İçecek,FAVÖK Marjı,15.59,2025/06,5 months ago,other,1,ok,contradicted,wrong_number,https://mosaic-finance.com/filings/2632cd2a-828f-4bdb-bc64-c6ddaaf0071c/p/747b3e1a-8a09-4879-82fc-dc5b48c74056/k1.uDxPk4caTwQE9szz5Ypwmohog_utcZJXCpjh-O4AiAA/,1647077,,"|**Konsolide (Milyon TL)**|**2Ç26**|**2Ç25**|**Değişim (%)**|**1Y26**|**1Y25**|**Değişim (%)**|
|---|---|---|---|---|---|---|
|Satış Hacmi (Milyon Ünite Kasa)|519|473|%9,8|933|860|%8,5|
|Hasılat|67.218|63.600|%5,7|123.260|114.237|%7,9|
|Brüt Kar|25.711|22.520|<br>%14,2|46.073|37.922|<br>%21,5|
|Faaliyet Karı|12.052|9.577|%25,8|19.469|13.600|%43,1|
|<br>**Faaliyet Karı (Diğer gelir/gider hariç)**|**12.308**|**9.532**|**%29,1**|**19.471**|**13.195**|**%47,6**|
|FAVÖK|14.985|12.070|%24,1|24.983|18.619|%34,2|
|**FAVÖK (Diğer gelir/gider hariç)**|**15.261**|**11.977**|**%27,4**|**24.884**|**18.210**|**%36,6**|
|<br>Vergi Öncesi Faaliyet Karı / (Zararı)|11.244|7.746|%45,2|20.155|11.417|%76,5|
|<br>Net Dönem Karı /(Zararı)|8.291|6.673|%24,2|13.895|8.459|%64,3|
|Brüt Kar Marjı|%38,2|%35,4||%37,4|%33,2||
|Faaliyet Karı Marjı|%17,9|%15,1||%15,8|%11,9||
|**Faaliyet Karı Marjı (Diğer gelir/gider hariç)**|**%18,3**|**%15,0**||**%15,8**|**%11,6**||
|FAVÖK Marjı|%22,3|%19,0||%20,3|%16,3||",later_refuted,false,,8,
X057,Cb312f69c08f1,aggregator,breadth,Coca Cola İçecek,Sermaye,"2,798",2025/03,5 months ago,reported_figure,1,ok,confirmed,none,https://mosaic-finance.com/filings/afa69eb2-7be2-4b4d-bbba-0b1579ef9e46/p/4e33e970-a9ec-4ba3-bd43-a7077f3f3b80/k1.8Ka6aY-93uEGJ8cUCKpCuWBryVggrtvz71buvS0L20s/,1647076,,"|1 Ocak 2025|2.798.079|4.870.045|6.057.349|(881.706)|(53.784.930)|13.031.149|4.907.489|82.947.316|22.832.871|82.777.662|12.252.350|95.030.012|
|Diğer kapsamlı gelir / (gider)|-|-|-|-|(2.668.499)|(1.992.024)|-|22.832.873|(22.832.873)|(4.660.523)|181.771|(4.478.752)|
|Net dönem karı / (zararı)|-|-|-|-|-|-|-|-|8.458.697|8.458.697|103.164|8.561.861|
|Toplam kapsamlı gelir /<br>(gider)|-|-|-|-|(2.668.499)|(1.992.024)|-|22.832.873|(14.374.176)|3.798.174|284.935|4.083.109|
|Kar Payları|-|-|-|-|-|-|-|(4.080.107)|-|(4.080.107)|(84.319)|(4.164.426)|
|Transferler|-|-|-|-|-|-|1.056.082|(1.056.082)|-|-|-|-|
|30 Haziran 2025|2.798.079|4.870.045|6.057.349|(881.706)|(56.453.429)|11.039.125|5.963.571|100.644.000|8.458.695|82.495.729|12.452.966|94.948.695|",later_confirmed,false,,15,
X058,Cb66c59d1ef0b,aggregator,breadth,"McCormick & Company, Incorporated",Financial outlook announcement,provided its financial outlook for fiscal year 2026,fiscal year 2026,"22, 2026",other,1,ok,confirmed,none,https://mosaic-finance.com/filings/db06ef78-a6fe-45c4-a17b-98bd4f640034/p/d42ec5d8-fe77-493b-a60a-f96933352adf/k1.mEvkrdtg83gVI6wxPMbUwC_S8umTMIbeYKkq8OIl51w/,0000063754-26-000035,,"HUNT VALLEY, Md., Jan. 22, 2026 - McCormick & Company, Incorporated (NYSE:MKC), a global leader in flavor, today reported financial results for the fourth quarter and fiscal year ended November 30, 2025 and provided its financial outlook for fiscal year 2026.",not_settled,false,,3,
X059,Cb7ca12ec897b,aggregator,breadth,Coca Cola İçecek,Duran Varlıklar Değişim(%),7.43,2025/06 2025/03,5 months ago,other,1,ok,off_target,none,,,,,not_settled,false,,10,
X060,Cbaf215349180,aggregator,breadth,Wesdome,Ramp development (in $000s),"1,577",2025,,reported_figure,1,ok,confirmed,none,https://mosaic-finance.com/filings/51b51768-2df4-49b3-ac2f-dc551088d604/p/85ecfb93-5322-4f64-9603-c997e1109a52/k1.NBqIFMB6ORpkRe2gC-k4DNKBg4YcZU9MUNUE1v2kB1I/,,No exchange_document_id is stored in the returned filing or passage metadata.,"|In $000s|**Q4 2025**<br>**Q4 2024**|**2025**<br>**2024**|
|---|---|---|
|**Mining properties and plant and equipment**<br>Eagle River<br>Sustaining mine exploration<br>Sustaining mine development<br>Sustaining mine capital equipment<br>Sustaining tailings management facility<br>Kiena<br>Sustaining mine exploration<br>Sustaining mine development<br>Sustaining mine capital equipment<br>Sustaining tailings management facility<br>**Total sustaining capital**<br>**Mines under development and plant and equipment**<br>Growth mine development<br>Ramp development<br>Growth mine capital equipment<br>**Total growth capital**<br>**Total sustaining and growth capital**|**2,559**<br>1,707<br>**5,440**<br>5,564<br>**14,708**<br>9,195<br>**352**<br>3,651|**8,626**<br>6,613<br>**24,161**<br>21,772<br>**29,778**<br>18,769<br>**1,444**<br>8,052<br>**64,009**<br>55,206<br>**7,897**<br>23,831<br>**20,429**<br>6,022<br>**22,035**<br>8,424<br>**3,342**<br>307<br>**53,703**<br>38,584<br>**117,712**<br>93,790<br>**36,030**<br>15,644<br>**1,577**<br>3,651<br>**25,978**<br>6,387<br>**63,585**<br>25,682<br>**181,297**<br>119,472|",not_applicable,false,,6,
X061,Cc1eafebbf3bb,aggregator,breadth,HACI ÖMER SABANCI HOLDİNG A.Ş.,Independent auditor selected,DRT Bağımsız Denetim ve Serbest Muhasebeci Mali Müşavirlik A.Ş.,01.01.2026 - 31.12.2026,31.03.2026 - 16:50,other,1,ok,confirmed,none,https://mosaic-finance.com/filings/f3691117-9d64-4590-9ae6-f8d5b217e80e/p/d398a4dc-971d-4286-90c3-be6bb3c49ef9/k1.0ltri5UrQsK6rlBgblrYhW-dp1UJmWZv8WEn4kjmXT4/,1595268,,"| Bağımsız Denetim Kuruluşunun Ünvanı | DRT Bağımsız Denetim ve Serbest Muhasebeci Mali Müşavirlik A.Ş. |
| Hangi Faaliyet Dönemi İçin Seçildiği | 01/01/2026 - 31/12/2026 |
| Seçildiği Genel Kurul Toplantısı Tarihi | 31/03/2026 |",later_confirmed,false,,3,
X062,Ccef161f802f5,aggregator,breadth,"S. GOLDMAN ADVISORS, LLC",email,<email>,,6 months ago,other,1,ok,off_target,none,,,,,not_settled,false,,6,
X063,Cd0a0f11a7030,aggregator,breadth,TAV Havalimanları,"identification and disclosure of ESG priorities, risks and opportunities","Öncelikli çevresel, sosyal ve kurumsal yönetim (ÇSY) konuları, riskleri ve fırsatları belirlenmiştir ve faaliyet raporu içinde yer almaktadır.",2025,,other,1,ok,confirmed,none,https://mosaic-finance.com/filings/1eb99104-3533-4b69-a9bf-c86e17e06df5/p/1d211465-02c2-4a81-838f-be0f7d131f12/k1.85gAfDR030QsVaMIwoWHuObNTwHf8dRlT8o_9bya1KA/,1562840,,"| A1.1. Ortaklık yönetim kurulu tarafından öncelikli çevresel, sosyal ve kurumsal yönetim (ÇSY) konuları, riskleri ve fırsatları belirlenmiştir. | X |  |  |  | Öncelikli çevresel, sosyal ve kurumsal yönetim (ÇSY) konuları, riskleri ve fırsatları belirlenmiştir ve Faaliyet Raporu içinde yer almaktadır. | 2025 Faaliyet Raporu/Sürdürülebilirlik Bölümü |",not_applicable,false,,2,
X064,Cd28dd104f05a,aggregator,breadth,Alabama Power,securities trading policy,Prohibition of Securities Trading Policy,"year ended December 31, 2024","February 19th, 2026",other,1,ok,confirmed,none,https://mosaic-finance.com/filings/e3cba313-2cc5-49f0-9866-5e61c68a0a18/p/b7109125-f432-4ad4-8224-58dc690dbe40/k1.-3Hw0HBbrBOKP6ft52j-mKo56-m0RKytlUyKzXDksig/,0000092122-25-000018,,"Exhibit 19(b)

#### Prohibition of Securities Trading Policy
Policy Statement: This policy sets forth rules to follow with respect to securities trading and pre-clearance.

#### Policy Scope
: This policy applies to all directors, employees, and Related Persons. It may also be determined that other persons should be subject to this policy, such as contractors or consultants who have access to Material Non-Public information.

Policy Definitions:

Company – includes The Southern Company and its subsidiaries, including Alabama Power Company.",not_settled,false,,8,
X065,Cd66e8217d3af,aggregator,breadth,Wesdome,Independent director and Chair of the Audit Committee appointment,Mr. Faheem Tejani,"Effective December 31, 2025",,other,1,ok,confirmed,none,https://mosaic-finance.com/filings/72149f31-137e-4a76-a245-a95a4cdab5f9/p/d8784405-f402-4566-b170-c5194f50dc7c/k1.O9tnJqhbDPYaHDyFfjq0v8uRSBwD_tTIkSJ6YQsXBjM/,,No exchange_document_id is stored in the returned filing passage.,"today announces the appointment of Mr. Faheem Tejani to its Board of Directors effective December 31, 2025. With Mr. Tejani’s appointment, the Wesdome Board will be comprised of eight members, including seven independent directors.

“We are pleased to welcome Faheem as an independent director and Chair of the Audit Committee,” said Edward Dowling, Board Chair of Wesdome.",not_applicable,false,,3,
X066,Cdaf9f52cafe2,aggregator,breadth,Coca Cola İçecek,Esas Faaliyet Karı; period values and Değişim(%) as displayed,"9,98 | 2-Özet Bilanço 8 2,616 18,366 281.83 -45.62",2025/06 2025/03 2024/12,5 months ago,reported_figure,1,ok,contradicted,wrong_number,https://mosaic-finance.com/filings/afa69eb2-7be2-4b4d-bbba-0b1579ef9e46/p/e859e6c0-ed78-4a30-b23f-fbb56e7796a6/k1.Zb24ygulesn32xXlfKU65g9o4zsk6cg4qFIh-qtv-ms/,1647076,,|**Esas Faaliyet Karı /(Zararı)**||**19.468.604**|**12.051.501**|13.600.294|9.576.744|,later_refuted,true,"The original 2025/06 filing reported six-month Esas Faaliyet Karı of 10,294,754 thousand TL, differing from the displayed approximately 9,988 million TL. The filing dated 2026-08-10 restated the 2025/06 comparative to 13,600,294 thousand TL in June 2026 purchasing power under inflation accounting; this is the third numeric column in the quoted row.",8,
X067,Cdd6b70ac1d1e,aggregator,breadth,Coca Cola İçecek,Net Kar Büyüme,-66.00,2025/03,5 months ago,other,1,ok,confirmed,none,https://mosaic-finance.com/filings/6a6b4403-eb94-404e-afe9-8ad1ccd36e83/p/4002ba23-ec93-4014-a8d7-c8cba9a4db81/k1.i_iLwLzOfkQEBm4y_e1egIYbnP32-EUpbvj_re4QQFI/,1476090,,"|**Net Dönem Karı/(Zararı)**|**6.403**|**11.280**|**-%43,2**|**5.051**|**7.304**|**-%30,8**|",not_settled,false,,9,
X068,Ce997401fe718,aggregator,breadth,New Gold,core producing assets,two core producing assets— the New Afton copper-gold mine and the Rainy River gold mine,,7 months ago,other,1,ok,confirmed,none,https://mosaic-finance.com/filings/c6ee0d8f-3491-4bca-89e7-650e44a326a4/p/8016af1c-f6b9-42b8-a5b8-c8280da5d437/k1.pdfDIQsxO3D6joYnYjvaYHC1U28EBTGLlihkdC2Qw5I/,,No exchange_document_id is stored in the returned filing metadata.,"New Gold is a Canadian-focused intermediate mining Company with a portfolio of two core producing assets in Canada, the New Afton copper-gold mine and the Rainy River gold mine.",later_confirmed,false,,5,
X069,Ceda5d3aad4e4,aggregator,breadth,Bank of America Corporation,Auditor retention considerations,"the firm’s quality of service, institutional knowledge and experience, international capabilities, sufficiency of resources, the quality of its communication and interaction with our company, and its independence, objectivity, and professional skepticism",,6 months ago,other,1,ok,confirmed,none,https://mosaic-finance.com/filings/ebeafea9-3cc5-4400-a9db-441b12f86c8b/p/49afdc6a-7f38-40f2-9603-0fbae2ac8999/k1.yFFLOH5JqJfy5X5QaRVN2waNjmBABWGYjsy5jWmJE80/,0001193125-25-050578,,"It considers, in particular, whether the retention of the firm is in the best interests of our company and its shareholders, taking into account the firm’s quality of service, institutional knowledge and experience, international capabilities, sufficiency of resources, the quality of its communication and interaction with our company, and its independence, objectivity, and professional skepticism.",not_settled,false,,4,
X070,Cedb0e6ac6b80,aggregator,breadth,Wesdome,Total Recordable Incident Frequency Rate (TRIFR),1.00,2025,,reported_figure,1,ok,confirmed,none,https://mosaic-finance.com/filings/51b51768-2df4-49b3-ac2f-dc551088d604/p/81c38667-f3b8-427e-8add-984c8a0dcb5a/k1.SooZaZxtV5EedHFCjc7GDUyCGjdOGC9dnhJylp8_Ers/,,No exchange_document_id is stored in the returned filing or passage metadata.,"Total Recordable Incident Frequency Rate (“ **TRIFR** ”), a key safety performance indicator, was 1.02 in Q4 2025 and 1.00 for 2025, marking a significant improvement from 3.23 in Q4 2024 and 2.68 for 2024.",not_applicable,false,,5,
X071,Ceddc32103799,aggregator,breadth,Kelt,Risk from obtaining and transporting water from new sources,"resulting in increased costs, which could have a material adverse effect on the Corporation’s financial condition, results of operations, and cash from operating activities",,,other,1,ok,confirmed,none,https://mosaic-finance.com/filings/e6d58c8c-e5b7-4164-b5e9-8152111e0073/p/fba3b945-4396-4175-8c24-81151d31f235/k1.yzE943d2OBSaLx0pGwoep8Iqw-nRWmTUVriA56V1OKA/,,No exchange_document_id was provided in the Mosaic filing or passage results.,"If the Corporation is unable to obtain water to use in its operations from local sources, it may need to be obtained from new sources and transported to drilling sites, resulting in increased costs, which could have a material adverse effect on the Corporation’s financial condition, results of operations, and cash from operating activities.",not_applicable,false,,4,
X072,Cefa305c952fc,aggregator,breadth,Coca Cola İçecek,Stok Devir Hızı,5.34,2025/03,5 months ago,other,1,ok,off_target,none,,,,,not_settled,false,,11,
X073,Cf1df89ed1a17,aggregator,breadth,Lundin Gold,cash balance,$630m,At the end of 2025,,reported_figure,1,ok,confirmed,none,https://mosaic-finance.com/filings/a785f73e-0c10-4f40-b13c-e246c7ca4f9c/p/62033944-821f-446e-9590-f2e4c92b10c5/k1.TnndtM8C-Hw63n8GXIfBHe8O_6NkyWDKh1ly8hhibwE/,,No exchange_document_id is stored in the returned filing metadata.,"As at December 31, 2025, the Company had cash of $630 million and a working capital balance of $594 million compared to cash of $349 million and a working capital balance of $459 million at December 31, 2024.",not_applicable,false,,3,
X074,Cf66d4e55a7fe,aggregator,breadth,Coca Cola İçecek,Aktif Büyüme,28.98,2025/03,5 months ago,other,1,ok,off_target,none,,,,,not_settled,false,,8,
X075,C4b4e7b6a90da,aggregator,lookup,ASTOR ENERJİ A.Ş.,contracted transformer capacity range,150 MVA ile 286 MVA arasında,,28 Nisan 2026,reported_figure,1,ok,confirmed,none,https://mosaic-finance.com/filings/9f9b4d9b-9a6e-4d9e-b690-7d669db08976/p/5c3c046c-1b71-4b80-87d3-cc67bbf192e8/k1.5Jt07apM52Apt2FmvPAHszi8KFvW0EkV417Lue1H_yw/,1597903,,"Şirketimiz ile Amerika'da yerleşik bir firma ile büyüklükleri 150 MVA ile 286 MVA arasında değişen 9 adet güç transformatörünün tedariğine ilişkin olarak toplam 51.531.000,00 USD (Elli bir milyon beş yüz otuz bir bin Amerikan Doları) (TCMB Döviz Alış Kuru: 45,0202 üzerinden 2.319.922.620 TL) tutarında sözleşme imzalanmıştır.",not_settled,false,,4,
X076,C4ff6610a3095,aggregator,lookup,Lockheed Martin Corp.,Filing accession number,1628280-26-4195,12/31/25,"Thursday, 1/29/26, at 5:18pm ET",other,1,ok,confirmed,none,https://mosaic-finance.com/filings/5dd2c4c5-d6ea-41e3-8df5-901c4c429b04/p/3df2e462-1860-4448-b651-fce8db2098d1/k1.Jt2AMbRX-LjGnjGrxtGOU6Bj3YjScZwSuql8Bc9-LGU/,0001628280-26-004195,,"the Lockheed Martin Corporation Annual Report on Form 10-K for the fiscal year ended December 31, 2025 (Form 10-K)",not_settled,false,,5,
X077,C593d066f9073,aggregator,lookup,Caterpillar Inc.,issued shares,"814,894,624 shares",2025 and 2024,7 months ago,reported_figure,1,ok,confirmed,none,https://mosaic-finance.com/filings/9a38917d-02cd-4c9b-84b5-4c904b9b15d9/p/baf4a7b9-2035-432a-8dac-ba9841b730e0/k1.ZZpUk1LyZ4VcgQ-IOKZK-yb6uJHiF3wCbtyrJII9shQ/,0000018230-26-000008,,"Issued shares: (2025 and 2024 –814,894,624shares) at paid-in amount",later_confirmed,false,,6,
X078,C5d0dd2db5d1a,aggregator,lookup,CATERPILLAR INC.,common stock par value,$1.00 par value,,7 months ago,other,2,ok,confirmed,none,https://mosaic-finance.com/filings/bacde5b5-e39a-4a60-b907-009cee35f686/p/0501a643-060f-4a89-ae9f-6f0d026ea3c1/k1.PnxPl9ygSJW_ZKo7p_FznuQtDQYipzn4ZqUQuj9BIP8/,0000018230-26-000046,,Common stock of $1.00 par value:,later_confirmed,false,,2,
X079,C5f1e4ab2b6ce,aggregator,lookup,ASTOR ENERJİ A.Ş.,Power transformer supply contract value,"51.531.000,00 USD (Elli bir milyon beş yüz otuz bir bin Amerikan Doları)",,11.09.2026,reported_figure,1,ok,confirmed,none,https://mosaic-finance.com/filings/9f9b4d9b-9a6e-4d9e-b690-7d669db08976/p/5c3c046c-1b71-4b80-87d3-cc67bbf192e8/k1.5Jt07apM52Apt2FmvPAHszi8KFvW0EkV417Lue1H_yw/,1597903,,"Şirketimiz ile Amerika'da yerleşik bir firma ile büyüklükleri 150 MVA ile 286 MVA arasında değişen 9 adet güç transformatörünün tedariğine ilişkin olarak toplam 51.531.000,00 USD (Elli bir milyon beş yüz otuz bir bin Amerikan Doları) (TCMB Döviz Alış Kuru: 45,0202 üzerinden 2.319.922.620 TL) tutarında sözleşme imzalanmıştır.",not_settled,false,,4,
X080,C64b2cc8134a6,aggregator,lookup,Royal Bank of Canada,Record net income,$6.0 billion,"quarter ended July 31, 2026","27, 2026",reported_figure,1,ok,confirmed,none,https://mosaic-finance.com/filings/80bbd3b6-5472-4b8b-994f-1e4a3e2e2462/p/09945084-a784-4b0b-8cf9-017a5f636620/k1.hJ26Lg1R8p7YO4n2jPAH-bro1XEdJ5lpc408Iaj-3Fo/,0001193125-26-369461,,"today reported record net income of $6\.0 billion for the quarter ended July 31, 2026, up $610 million or 11% from the prior year\.",not_settled,false,,10,
X081,C699d59f8634b,aggregator,lookup,The Procter & Gamble Company,quarterly dividend payment date,"on or after May 15, 2026","May 15, 2026","April 14, 2026",other,1,ok,confirmed,none,https://mosaic-finance.com/filings/d2f7ca5d-485a-4994-a967-974b745e416e/p/8642e09d-ad5e-4a47-8463-119e2e2ee7cc/k1.XsdidDSkqJHKUCfqEkmsCe3QYRrSJ_2z7FwI4kploN4/,0000080424-26-000048,,"On April 14, 2026, The Procter & Gamble Company (the ""Company"") issued a news release announcing that its Board of Directors declared a quarterly dividend of $1.0885 per share on the Common Stock and on the Series A and Series B ESOP Convertible Class A Preferred Stock of the Company, payable on or after May 15, 2026, to Common Stock shareholders of record at the close of business on April 24, 2026, and to Series A and Series B ESOP Convertible Class A Preferred Stock shareholders of record at the start of business on April 24, 2026.",not_settled,false,,6,
X082,C69b87d531e7d,aggregator,lookup,Lockheed Martin,program growth,the modernization of and enhancements to the Trident II D5 Fleet Ballistic Missile (FBM) (Space),,1.7 years ago,other,1,ok,confirmed,none,https://mosaic-finance.com/filings/5680939d-85c9-4fad-bee3-61e53745e0b2/p/921ba0d9-8463-477d-9187-f09a201f490f/k1.FiJkoaHPHFNU3Aa_00DANNIfk8to2LaQUEBsFFPw4BM/,0000936468-24-000010,,"We have multiple programs of record from each business segment that are entering growth stages, including the F-35 sustainment activity (Aeronautics); increased Patriot Advanced Capability-3 (PAC-3) production rates and increased demand for High Mobility Artillery Rocket System (HIMARS ® ) and Guided Multiple Launch Rocket Systems (GMLRS) (Missiles and Fire Control); radar surveillance systems and CH-53K King Stallion heavy lift helicopter (Rotary and Mission Systems); and the modernization and enhancements to the Trident II D5 Fleet Ballistic Missile (FBM) (Space).",later_confirmed,false,,5,
X083,C754995922bee,aggregator,lookup,CATERPILLAR,total equity including noncontrolling interests,$21.3 billion,2025-12-31,,reported_figure,1,ok,confirmed,none,https://mosaic-finance.com/filings/9a38917d-02cd-4c9b-84b5-4c904b9b15d9/p/04dc36df-7e23-49b7-85d7-3341c2eaaf92/k1.k_JA3NtzvD4T20X0M1Y6aQAP6bIi1z61djLlnh-X2dc/,0000018230-26-000008,,"| Balance at December 31, 2025                                                    |     | $      | 7,181 |     | $        | -49,539 |     | $        | 65,448 |     | $             | -1,772 |     | $              |  — |     | $     | 21,318 |                  |",not_applicable,false,,3,
X084,C8508dd29d9ce,aggregator,lookup,Akbank,net profit estimate by İş Yatırım,"TL 18,929 mn",1C26,28 Nisan 2026,estimate,1,ok,not_checkable,forecast,,,,,later_refuted,false,,3,
X085,C8a1121dff6c4,aggregator,lookup,Barrick Mining Corporation,address,"161 Bay Street, Suite 3700 Toronto, Ontario M5J 2S1 Canada",,"February 27, 2026",other,1,ok,confirmed,none,https://mosaic-finance.com/filings/135c4aa1-9b64-41b9-aa45-40910417a9f8/p/1d2ed076-601c-4641-9fc9-c3bc3fe34ff8/k1.dTZo7-11OSRvuX5JyMZvttdIXK0WJh6aM6dU22MKEak/,0001193125-26-148005,,"Brookfield Place, TD Canada Trust Tower,

Suite 3700

161 Bay
Street, P.O. Box 212

Toronto, Ontario M5J 2S1 Canada",later_confirmed,false,,4,
X086,C8f5ffdc912d6,aggregator,lookup,Procter & Gamble,Dividend record date,"Jul 24, 2026",,,other,1,ok,confirmed,none,https://mosaic-finance.com/filings/1644a401-ab8b-4562-85f9-521225e9c73b/p/0f05cfa5-f9aa-479a-b514-73816c19f2f6/k1.vMIlGCKj6UNJmMZMwFyZ1rlD1piEip7YEAP2rnP8Rfk/,0000080424-26-000082,,"On July 14, 2026, The Procter & Gamble Company (the ""Company"") issued a news release announcing that its Board of Directors declared a quarterly dividend of $1.0885 per share on the Common Stock and on the Series A and Series B ESOP Convertible Class A Preferred Stock of the Company, payable on or after August 17, 2026, to Common Stock shareholders of record at the close of business on July 24, 2026, and to Series A and Series B ESOP Convertible Class A Preferred Stock shareholders of record at the start of business on July 24, 2026.",not_applicable,false,,2,
X087,Ca0de638fdbaa,aggregator,lookup,Costco Wholesale Corp.,Total revenue in the United States,"$200,046 million","year ended August 31, 2025",last year,reported_figure,1,ok,confirmed,none,https://mosaic-finance.com/filings/ac49a7a0-ceda-402d-8811-dbfcfceeb05b/p/c9b7a04d-449b-43b3-862e-fd87641af729/k1.FlF2K0FvHqGRJFT2Pv5Jn3zmenjC22BQJAHiQtjyYbA/,0000909832-25-000101,,"As discussed in Note 11 to the consolidated financial statements, the Company generated $200,046 million and $36,923 million of total revenue in the United States (U.S.) and Canada, respectively, for the year ended August 31, 2025, which included revenue from membership fees, merchandise sales, and gasoline sales (U.S. and Canada revenue).",later_confirmed,false,,3,
X088,Cd35a4315fa7b,aggregator,lookup,ASTOR ENERJİ A.Ş.,Scheduled order deliveries,2029 yılının ilk çeyreğinde gerçekleştirilecektir,2029 yılının ilk çeyreğinde,11.09.2026,forecast,2,ok,not_checkable,forecast,,,,,not_settled,false,,3,
X089,Cecc0ae473268,aggregator,lookup,ASTOR ENERJİ A.Ş.,Power transformer supply contract value,"51,53 Milyon USD",,11.09.2026,reported_figure,1,ok,confirmed,none,https://mosaic-finance.com/filings/9f9b4d9b-9a6e-4d9e-b690-7d669db08976/p/5c3c046c-1b71-4b80-87d3-cc67bbf192e8/k1.5Jt07apM52Apt2FmvPAHszi8KFvW0EkV417Lue1H_yw/,1597903,,"Şirketimiz ile Amerika'da yerleşik bir firma ile büyüklükleri 150 MVA ile 286 MVA arasında değişen 9 adet güç transformatörünün tedariğine ilişkin olarak toplam 51.531.000,00 USD (Elli bir milyon beş yüz otuz bir bin Amerikan Doları) (TCMB Döviz Alış Kuru: 45,0202 üzerinden 2.319.922.620 TL) tutarında sözleşme imzalanmıştır.",not_settled,false,,3,
X090,Cf4ac6987f909,aggregator,lookup,CATERPILLAR INC.,filing type,FORM 10-K,"fiscal year ended December 31, 2025",7 months ago,other,1,ok,confirmed,none,https://mosaic-finance.com/filings/75584eff-9169-4c21-9662-c901723d8677/p/9a3f7999-1fb5-4775-8940-7068cb167130/k1.AE23cmvm56KIFgGSqc_URT7VuQemeRIySLfjv1RRARE/,0000018230-26-000021,,"Caterpillar's Annual Report on Form 10-K for the fiscal year ended December 31, 2025",later_confirmed,false,,5,
X091,C0301ec40fecc,aggregator,multi_document,Tek-Art Marina,Acquisition of Beta shares from Yıldız Holding A.Ş.,100% of Beta's capital,,,reported_figure,1,ok,confirmed,none,https://mosaic-finance.com/filings/775bdad3-a9e5-4a4e-ab0f-a56a5e739d97/p/2c8267db-b386-423c-bcc5-94d02b9fbf9c/k1._V38qhZSJ72jjUGv02A0p3ne9R7P7fSFHXpInCIjvms/,1555903,,"Grup’un Bağlı Ortaklıkları’ndan Tek-Art Marina ile Yıldız Holding A.Ş. ve Sağlam İnşaat Taahhüt Ticaret A.Ş. (“Sağlam İnşaat”) arasında 29 Temmuz 2025 tarihinde, Göcek Village Port Marina’nın deniz ve kara alanlarının kullanım haklarına sahip MCI Turizm Marina Yat ve Çekek İşletmesi A.Ş. (“MCI”) ile Göcek Exclusive Port Marina’nın deniz ve kara alanlarının kullanım haklarına sahip RAM Turizm Marina Yat ve Çekek İşletmesi A.Ş.’nin (“RAM”) sermayelerinin %50’sine sahip olan ve bu marinaları işletmekte olan Beta Marina Liman Yat ve Çekek İşletmeciliği A.Ş.’nin (“Beta”) sermayesini temsil eden payların tamamının Yıldız Holding A.Ş.’den, MCI ile RAM’ın sermayesinin %50’sini temsil eden diğer payların ise Sağlam İnşaat’tan satın alınmasına ilişkin Pay Alım Satım Sözleşmesi imzalanmıştır.

Sözleşmedeki kapanış koşullarının tamamlanmasını takiben, Tek-Art Marina tarafından MCI ve RAM sermayelerinin %50’sini ve Beta sermayesinin tamamını temsil eden paylar için kapanış uyarlamasına tabi olmak üzere toplam 158 milyon USD ödenerek hisse devir işlemleri tamamlanmıştır.",not_applicable,false,,3,
X092,C15ff9c975b1e,aggregator,multi_document,Tek-Art Kalamış ve Fenerbahçe Marmara Turizm Tesisleri A.Ş.,Share of capital owned by the unnamed reporting parent,yaklaşık %75,,1.2 years ago,reported_figure,1,ok,confirmed,none,https://mosaic-finance.com/filings/f0432900-cea6-405c-bb85-b5e7566bfeda/p/021092ed-6f6b-4d7e-b833-fcc4095fc93a/k1.aaiwUlAgIOSQ54m036kfo1ZEh5IVZnhU5-013aQJa14/,1512355,,Sermayesinde yaklaşık %75 paya sahip olduğumuz bağlı ortaklığımız Tek-Art Kalamış ve Fenerbahçe Marmara Turizm Tesisleri A.Ş. (Tek-Art),later_confirmed,false,,9,
X093,C3204286ba9a2,aggregator,multi_document,AJet,Iran flight cancellations,İran Seferlerini İptal Etti: ABD Yaptırımları Etkisini Gösteriyor,,22.09.2026 22:47,other,1,ok,off_target,none,,,,,not_settled,false,,9,
X094,C32e0960ea7f1,aggregator,multi_document,"Meta Platforms, Inc",annual report,10-K Annual Report February 2023,,,other,1,ok,confirmed,none,https://mosaic-finance.com/filings/d0f0cc87-80b3-47ad-af97-17ec3add6117/p/eaacfe5e-3226-4f89-a58a-5beae2e6fcc0/k1.RtQHGJD1kOip5i4h_WckO32BVTxUSw0Q3KDJeES2MRc/,0001326801-23-000013,,"• the Annual Report on Form 10-K of the Company for the year ended December 31, 2022 (Report) fully complies with the requirements of Section 13(a) or 15(d) of the Securities Exchange Act of 1934;

• the information contained in the Report fairly presents, in all material respects, the financial condition and results of operations of the Company for the periods presented therein.

| Date: |     | February 1, 2023 |     |                              |",not_applicable,false,,2,
X095,C438b5f9aa8ca,aggregator,multi_document,Beta,"Purchase Price Per Share with a nominal value of TL 1, subject to closing adjustments",approximately USD 0.1,02/12/2025,2 Aralık 2025,reported_figure,2,ok,off_target,none,,,,,not_settled,false,,19,
X096,C4b830b214a91,aggregator,multi_document,Pegasus,position in competition for Smartwings,had been an outlier in the competition for Smartwings,,,opinion,1,ok,not_checkable,opinion,,,,,not_applicable,false,,2,
X097,C4e06d097fcdb,aggregator,multi_document,RAM,"Purchase Price Per Share with a nominal value of TL 1, subject to closing adjustments",approximately USD 56,02/12/2025,2 Aralık 2025,reported_figure,2,ok,confirmed,none,https://mosaic-finance.com/filings/14b5bd7d-b23c-4d42-845d-a654d0628bf3/p/d09a4549-c0b2-45a8-bd7f-450526db8fd8/k1.ytMe8YWPgnSXWIoNXs8cZ6H6QmFTdvRA1fFurtvL3sk/,1522298,,"| İşlemin Tamamlandığı/Tamamlanacağı Tarih | 02/12/2025 |
| Beher Payın Alış Fiyatı | Kapanış uyarlamasına tâbi olmak üzere 1 TL nominal değerli paylar bakımından Beta için yaklaşık 0,1 USD, MCI için yaklaşık 177 USD, RAM için yaklaşık 56 USD olarak hesaplanmaktadır. |",not_settled,false,,17,
X098,C55a09d7df802,aggregator,multi_document,Beta,Capital of Noncurrent Financial Asset,"TL 1,251,675,469.91",,2 Aralık 2025,reported_figure,2,ok,confirmed,none,https://mosaic-finance.com/filings/14b5bd7d-b23c-4d42-845d-a654d0628bf3/p/d09a4549-c0b2-45a8-bd7f-450526db8fd8/k1.ytMe8YWPgnSXWIoNXs8cZ6H6QmFTdvRA1fFurtvL3sk/,1522298,,"| Edinilen Finansal Duran Varlığın Sermayesi | Beta: 1.251.675.469,91 TL, MCI: 300.000 TL, RAM: 300.000 TL |",not_settled,false,,12,
X099,C67ea534491be,aggregator,multi_document,GE Vernova,share distribution in spin-off,a pro rata distribution of GE Vernova shares to GE common shareholders,"April 2, 2024",2.5 years ago,other,1,ok,confirmed,none,https://mosaic-finance.com/filings/c0594fb8-c48b-4168-a9ae-127cd6fe4b1b/p/7aa35aba-84de-4a93-a624-a27dbe39f43b/k1.cLROmWP8jnIoMRSFvK9uTDFhYBV2CNl0yXGsjwJ8hrg/,0001193125-24-084048,,"On April 2, 2024 (the “Distribution Date”), General Electric Company (“GE”) completed the previously announced distribution of all of the shares of the common stock of GE Vernova Inc. (“GE Vernova,” the “Company,” “we,” “us,” or “our”) by GE to holders of GE common stock on a pro rata basis (the“Spin-Off”).",later_confirmed,false,,3,
X100,C82a197dbfc7e,aggregator,multi_document,Pegasus Hava Tasimaciligi Anonim Sirketi,Subsidiary incorporation for share acquisition in Smartwings Group,was completed,,"MARCH 4, 2026",other,1,ok,confirmed,none,https://mosaic-finance.com/filings/49022689-cc57-4203-b0a3-5cb10dc6bd91/p/538bd8f8-7d4d-404e-b153-d994f5408e55/k1.Qow42k9pC7fz5Ynxqesd_qpK9VkzNGUYl7OQIsg97cE/,1566087,,"Grup, 8 Aralık 2025 tarihli özel durum açıklamasına konu Smartwings Grubu pay alımını gerçekleştirmek için Hollanda'da yeni bir bağlı şirket kuruluşu işlemlerini tamamlamış olup %100 iştiraki Pegasus Europe (“PEU”) kuruluş işlemleri 10 Aralık 2025 ve tescil işlemleri 11 Aralık 2025 tarihi itibarıyla tamamlanmıştır.",later_confirmed,false,,7,
X101,C88c8407b3042,aggregator,multi_document,General Electric Company (GE),Completion of spin-off,completed the spin-off of GE Vernova Inc.,"April 2, 2024",2.5 years ago,other,1,ok,confirmed,none,https://mosaic-finance.com/filings/6e67e06e-d7af-449f-b1b0-7314c720fc12/p/8b6cbe08-9e13-4f9a-9e63-23d5e6678e59/k1.9CWceYseNlfpTjZh8HjgYJlfaFqp4uV5ToRU-g5mMcs/,0000040545-24-000113,,"On April 2, 2024, GE completed the separation of its GE Vernova business into a separate, independent publicly traded company, GE Vernova Inc. (GE Vernova).",later_confirmed,false,,2,
X102,C8a9308ed6017,aggregator,multi_document,SunExpress,prospects of EU antimonopoly approval for acquisition,"There were doubts, however, whether an acquisition by either would have been cleared by the EU’s antimonopoly authority",,,opinion,1,ok,not_checkable,opinion,,,,,not_applicable,false,,1,
X103,C8f6747fefb0c,aggregator,multi_document,Pegasus Airlines,announced acquisition agreement,συμφωνία εξαγοράς της Czech Airlines και της θυγατρικής της Smartwings έναντι 154 εκατομμυρίων ευρώ,,"08.12.2025, 12:37 μ.μ",other,1,ok,confirmed,none,https://mosaic-finance.com/filings/4a86612e-4c15-4d41-addc-11d778daf689/p/fa8219cb-2aad-4049-82dd-c31d70848fac/k1.MnwTL-ZZPt3Xmdp7FC4IihYJpsZmNxwerDbr-mePPms/,1524174,,"Pegasus Hava Yolları, Çekya merkezli ve dünyanın en eski havayolu markalarından Çek Hava Yolları’nı, ve iştiraki Smartwings’i satın almaya yönelik anlaşmayla uluslararası büyüme hedeflerinde önemli bir adım attı.

Bu stratejik yatırım, şirketin küresel ölçekte faaliyetlerini genişletmesini amaçlıyor. İşlemin toplam bedeli her iki şirketin borçlarını da kapsayacak şekilde 154 milyon € olarak belirlendi.",not_settled,false,"The 2026-10-01 filing reports a completed transaction value of EUR 142,291,526 and labels itself an update, not a correction. It does not restate the originally announced agreement value.",5,
X104,Ca39dc4e53a39,aggregator,multi_document,RAM,purchase amount,300.000 TL,29/07/2025,10 months ago,other,1,ok,off_target,none,,,,,not_settled,false,,7,
X105,Ca55493334b38,aggregator,multi_document,GE Aerospace,revenue,"11,3 mld $",,"05.11.2025, 14:23",reported_figure,1,ok,contradicted,adjusted_mixed_with_reported,https://mosaic-finance.com/filings/0ad0afd3-dd6a-4fc7-a19f-a758e3fe3174/p/00a434d2-b779-4729-90cb-f3e34d60a155/k1.OL30ERF3Y-oY_P45wDw7scfcyhncnbogj4Uv_xJPiDc/,0000040545-25-000131,,"Third Quarter 2025:

•Total orders of $12.8B, +2%;

•Total revenue (GAAP) of $12.2B, +24%; adjusted revenue* $11.3B, +26%;",not_settled,false,,7,
X106,Ca97ef0d59974,aggregator,multi_document,Türk Hava Yolları,Iran flight cancellations,İran Seferlerini İptal Etti: ABD Yaptırımları Etkisini Gösteriyor,,22.09.2026 22:47,other,1,ok,off_target,none,,,,,not_settled,false,,6,
X107,Cb185d1b14bf7,aggregator,multi_document,KOÇ HOLDİNG A.Ş.,Correction Notification Flag,Hayır (No),,2 Aralık 2025,other,1,ok,confirmed,none,https://mosaic-finance.com/filings/14b5bd7d-b23c-4d42-845d-a654d0628bf3/p/d09a4549-c0b2-45a8-bd7f-450526db8fd8/k1.ytMe8YWPgnSXWIoNXs8cZ6H6QmFTdvRA1fFurtvL3sk/,1522298,,| Yapılan Açıklama Düzeltme mi? | Hayır (No) |,not_settled,false,,4,
X108,Cbdc242772a42,aggregator,multi_document,Beta,Ratio of New Shares Acquired to Capital of Non-current Financial Asset,100%,02/12/2025,2 Aralık 2025,reported_figure,2,ok,off_target,none,,,,,not_settled,false,,8,
X109,Cd26fd4426b1a,aggregator,multi_document,Tek-Art Marina,Share transfer completion,The share transfers have been completed following the fulfillment of the closing conditions foreseen under the Agreement,,,other,1,ok,confirmed,none,https://mosaic-finance.com/filings/14b5bd7d-b23c-4d42-845d-a654d0628bf3/p/fb7e37d6-7c61-4259-9b9b-a83a1d741636/k1.kJ6HluElTdj4frB6rbN66fb2zVgUo9krWdEdVrI_JVI/,1522298,,Sözleşme'deki kapanış şartlarının tamamlanmasını takiben Tek-Art Marina tarafından MCI ve RAM sermayelerinin %50'sini ve Beta sermayesinin tamamını temsil eden paylar için kapanış uyarlamasına tâbi olmak üzere toplam 157.730.193 USD ödenerek hisse devir işlemleri tamamlanmıştır.,not_applicable,false,,4,
X110,Cd355a2b3d362,aggregator,multi_document,Starbucks Corporation,Announcement date,"August 13, 2024","August 13, 2024",,other,1,ok,confirmed,none,https://mosaic-finance.com/filings/008b7d89-dd22-4d2b-b385-14b00a173e21/p/7c536d2a-9e0c-4938-ba0a-672626dc7d97/k1.ODuKk-EMjib0-NEq_DUQw9bCmHY1krcFNq-5gSYECY0/,0001193125-24-200724,,"A copy of the Company’s press release relating to the announcement described in Item 5.02, dated August 13, 2024, is furnished as Exhibit 99.1 to this Form8-K.",not_applicable,false,,2,
X111,Cde7dd0b3cc71,aggregator,multi_document,MCI,capital represented by shares acquired by Tek-Art Marina,50%,,,reported_figure,1,ok,confirmed,none,https://mosaic-finance.com/filings/775bdad3-a9e5-4a4e-ab0f-a56a5e739d97/p/2c8267db-b386-423c-bcc5-94d02b9fbf9c/k1._V38qhZSJ72jjUGv02A0p3ne9R7P7fSFHXpInCIjvms/,1555903,,"Sözleşmedeki kapanış koşullarının tamamlanmasını takiben, Tek-Art Marina tarafından MCI ve RAM sermayelerinin %50’sini ve Beta sermayesinin tamamını temsil eden paylar için kapanış uyarlamasına tabi olmak üzere toplam 158 milyon USD ödenerek hisse devir işlemleri tamamlanmıştır.",not_applicable,false,,3,
X112,Cebaa3ee73be4,aggregator,multi_document,Smartwings,reported portion of acquisition price,€40 million,,,rumor,1,ok,not_checkable,rumor,,,,,not_applicable,false,,3,
X113,Cedf74b0de74d,aggregator,multi_document,Tek-Art Marina,payment for acquired shares,"USD 157,730,193 (subject to closing adjustments)",,,reported_figure,1,ok,confirmed,none,https://mosaic-finance.com/filings/14b5bd7d-b23c-4d42-845d-a654d0628bf3/p/fb7e37d6-7c61-4259-9b9b-a83a1d741636/k1.kJ6HluElTdj4frB6rbN66fb2zVgUo9krWdEdVrI_JVI/,1522298,,Sözleşme'deki kapanış şartlarının tamamlanmasını takiben Tek-Art Marina tarafından MCI ve RAM sermayelerinin %50'sini ve Beta sermayesinin tamamını temsil eden paylar için kapanış uyarlamasına tâbi olmak üzere toplam 157.730.193 USD ödenerek hisse devir işlemleri tamamlanmıştır.,not_applicable,false,,6,
X114,Cf5d08abb6216,aggregator,multi_document,COSTCO WHOLESALE CORP,CEO bonus,"$434,333",2024 fiscal year,,reported_figure,1,ok,confirmed,none,https://mosaic-finance.com/filings/0c3106aa-fb73-424c-a967-5d2662cc2a72/p/2540a2bb-69e8-408a-bd85-4f65c6675cf4/k1.VUc0msr7X7mqEJyC5QN1AlibN1Qz1xkP_naL9BU4DCk/,0000909832-24-000072,,"Ron M. Vachris20241,078,077—10,592,029434,33369,13856,16412,229,741",not_applicable,false,,3,
X115,Cf6dad5d14215,aggregator,multi_document,RAM,Capital of Noncurrent Financial Asset,"TL 300,000",,2 Aralık 2025,reported_figure,2,ok,confirmed,none,https://mosaic-finance.com/filings/14b5bd7d-b23c-4d42-845d-a654d0628bf3/p/d09a4549-c0b2-45a8-bd7f-450526db8fd8/k1.ytMe8YWPgnSXWIoNXs8cZ6H6QmFTdvRA1fFurtvL3sk/,1522298,,"| Edinilen Finansal Duran Varlığın Sermayesi | Beta: 1.251.675.469,91 TL, MCI: 300.000 TL, RAM: 300.000 TL |",not_settled,false,,9,
X116,Cf83d7b45adbe,aggregator,multi_document,COSTCO WHOLESALE CORP,CEO stock options compensation,$0,2024 fiscal year,,reported_figure,1,ok,confirmed,none,https://mosaic-finance.com/filings/0c3106aa-fb73-424c-a967-5d2662cc2a72/p/2540a2bb-69e8-408a-bd85-4f65c6675cf4/k1.VUc0msr7X7mqEJyC5QN1AlibN1Qz1xkP_naL9BU4DCk/,0000909832-24-000072,,"The following table sets forth information regarding compensation for the Named Executive Officers for fiscal 2024, 2023, and 2022.

Name and Principal Position

Year

Salary

($)1

Bonus

($)2

Stock

Awards

($)3

Non-Equity Incentive Plan Compensation ($)4

Change in Pension

Value and

Nonqualified

Deferred

Compensation

Earnings ($)5

All Other

Compensation

($)6

Total ($)

Ron M. Vachris20241,078,077—10,592,029434,33369,13856,16412,229,741

Chief Executive Officer, President and Director2023937,500—7,151,883248,00062,80152,6588,452,842",not_applicable,false,,4,
X117,Cf95c8a7d1397,aggregator,multi_document,COSTCO WHOLESALE CORP,CEO,Vachris,2024 fiscal year,,other,1,ok,confirmed,none,https://mosaic-finance.com/filings/a6d7f443-5675-499d-9f25-f74306b9b9f9/p/bd4fc3fe-c6b2-48f3-9d0d-0d6663acff03/k1.EDxKggMi2qx3JRWuCHpuVyLZ0PxC3tpePvTdBfQiYvo/,0000909832-24-000049,,"In connection with the Annual Report of Costco Wholesale Corporation (the Company) on Form 10-K for the year ended September 1, 2024, as filed with the Securities and Exchange Commission (the Report), I, Ron M. Vachris, Chief Executive Officer, President and Director of the Company, certify, pursuant to 18 U.S.C. Section 1350, as adopted pursuant to Section 906 of the Sarbanes-Oxley Act of 2002, that:",not_applicable,false,,2,
X118,C01def1f9f204,aggregator,multi_hop_document,TÜRK HAVA YOLLARI ANONİM ORTAKLIĞI VE BAĞLI ORTAKLIKLARI,"Total deposits over three months, million TL",12.789,31 Aralık 2025,,reported_figure,1,ok,confirmed,none,https://mosaic-finance.com/filings/be5618fa-2347-4f43-b3c2-a131a020998e/p/d2378337-c472-4edc-9966-e160b1d3f33f/k1.2Upe1kDgmNZlhKNlPsCrXcSiGxjk7tGkTAAmy3IH-kQ/,1565996,,"3 aydan uzun vadeli mevduatlara ilişkin bilgiler aşağıdaki gibidir:

|**Anapara**|**Para Birimi**|**Efektif Faiz Oranı**|**Vade**|**31 Aralık 2025**|
|---|---|---|---|---|
|10.000|TL|%33,21 - %36,45|Aralık 2026|10.206|
|51|Avro|%2,66|Nisan 2026|2.583|
|||||12.789|",not_applicable,false,,2,
X119,C06c562915ebd,aggregator,multi_hop_document,TÜRK HAVA YOLLARI ANONİM ORTAKLIĞI VE BAĞLI ORTAKLIKLARI,"Sales to TGS, million TL",4.005 3.296,1 Ocak-31 Aralık 2025; 1 Ocak-31 Aralık 2024,,reported_figure,1,ok,confirmed,none,https://mosaic-finance.com/filings/be5618fa-2347-4f43-b3c2-a131a020998e/p/73e59f1a-e0ab-47e8-a6ae-73dede411dca/k1.rmA-RTjkL-MCnc4V8jBq4uRrQlkpa2h_jwqbUBLC3fw/,1565996,,"31 Aralık 2025 ve 2024 tarihinde sona eren hesap dönemine ilişkin ilişkili taraflarla olan işlemler aşağıdaki gibidir:

|**Satışlar**|**1 Ocak-**|**1 Ocak-**|
|---|---|---|
||**31 Aralık 2025**|**31 Aralık 2024**|
|TGS|4.005|3.296|",not_applicable,false,,2,
X120,C0821b7da2e6f,aggregator,multi_hop_document,TÜRK HAVA YOLLARI ANONİM ORTAKLIĞI,Income from investment incentives (Million US Dollars),332,1 January - 31 December 2025,"Mar 4, 2026",reported_figure,1,ok,confirmed,none,https://mosaic-finance.com/filings/6f214c7c-6f4f-447c-9b08-9934b541b576/p/423223a8-de74-4a04-88d3-bca019179892/k1.3uodI-5V_91hR4ApeTaCwp9vJjpsZMnqPbfdAPoV57k/,1598902,,"|**2024**|**2025**|**Change**|**EBITDAR (mn USD)**|**1Q'25**|**1Q'26**|**Change**|
|---|---|---|---|---|---|---|
|22,669|24,096|%6.3|Sales Revenue|4,887|5,917|%21.1|
|18,347|20,208|%10.1|Cost of Sales (-)|4,558|5,423|%19.0|
|**4,322**|**3,888**|**-%10.0**|**GROSS PROFIT / (LOSS)**|**329**|**494**|**%50.2**|
|564|530|-%6.0|General Administrative Expenses (-)|171|173|%1.2|
|1,838|1,806|-%1.7|Marketing and Sales Expenses (-)|437|485|%11.0|
|**1,920**|**1,552**|**-%19.2**|**NET OPERATING PROFIT / (LOSS)**|**-279**|**-164**|**-**|
|606|757|%24.9|Other Operating Income|228|212|-%7.0|
|113|86|-%23.9|Other Operating Expense (-)|25|105|%320.0|
|**2,413**|**2,223**|**-%7.9**|**Profit / (Loss) from Main Operations**|**-76**|**-57**|**-**|
|**443**|**441**|**-%0.5**|**Adjustments**|**14**|**-3**|**-**|
|176|109|-%38.1|Share of Investments' Profit / Loss Accounted by Using<br>The EquityMethod|-43|-62|-|
|267|332|%24.3|Income From Government Incentives|57|59|%3.5|",later_confirmed,false,,15,
X121,C08445f2d92a8,aggregator,multi_hop_document,"NIKE, Inc.",Greater China apparel unit sales change,decreased 8%,FISCAL 2026 COMPARED TO FISCAL 2025,2 months ago,reported_figure,1,ok,confirmed,none,https://mosaic-finance.com/filings/bede92a9-76d7-4110-bae3-1f58c8789829/p/2a9ae89c-4704-4828-bd79-57e1029dde06/k1.eajFkSnY2GI3EM_Cpq_zq_VS4gJCoKAYkryupPeC6uc/,0000320187-26-000088,,"Unit sales of apparel decreased 8%, while higher ASP per unit contributed approximately 1 percentage point of apparel revenue growth.",not_settled,false,,3,
X122,C0b3eded0f1ec,aggregator,multi_hop_document,Ford Otosan Romania SRL,inclusion of sales in overseas sales and overseas sales volumes,Yurt dışı satışlar ve yurt dışı satış adetleri Grup’un ihracatının yanı sıra Ford Otosan Romania SRL’nin satışlarını da içermektedir.,,7 months ago,other,1,ok,confirmed,none,https://mosaic-finance.com/filings/91eccd44-ca24-4922-84a5-e7c428c5f11f/p/16b58b6b-cb87-424a-9dd2-de720f4bd83c/k1.B4DVhTpVH2MF13J9o6wET6rIbR5Bm6VdhF-3-Ygxlso/,1601422,,(*) Yurt dışı satışlar ve yurt dışı satış adetleri Grup’un ihracatının yanı sıra Ford Otosan Romania SRL’nin satışlarını da içermektedir.,later_confirmed,false,,3,
X123,C0d8f318c91d5,aggregator,multi_hop_document,"NIKE, Inc.","Greater China apparel revenues, dollars in millions","1,828",FISCAL 2024,2 months ago,reported_figure,1,ok,confirmed,none,https://mosaic-finance.com/filings/5e6901da-7471-4276-b869-226e37da1898/p/35d32567-3ae9-4901-a5df-35c7ed2c8e2f/k1.ZMROq5hdtyubau3MvtBR9nsbw1PMDINSw-KKrSxSgU0/,0000320187-24-000044,,"### GREATER CHINA
| (Dollars in millions)
 Revenues by:                       |     | FISCAL 2024 |       |     | FISCAL 2023 |       |     |    | % CHANGE |     |    | % CHANGE EXCLUDING CURRENCY CHANGES | FISCAL 2022 |       |     |     | % CHANGE |     |     | % CHANGE EXCLUDING CURRENCY CHANGES |
|:-----------------------------------|:----|:------------|------:|:----|:------------|------:|:----|---:|:---------|:----|---:|:------------------------------------|:------------|------:|:----|----:|:---------|:----|----:|:------------------------------------|
| Footwear                           |     | $           | 5,552 |     | $           | 5,435 |     |  2 | %        |     |  6 | %                                   | $           | 5,416 |     |   0 | %        |     |   8 | %                                   |
| Apparel                            |     |             | 1,828 |     |             | 1,666 |     | 10 | %        |     | 14 | %                                   |             | 1,938 |     | -14 | %        |     |  -7 | %                                   |",not_settled,false,,5,
X124,C196189cdde0f,aggregator,multi_hop_document,FORD OTOMOTİV SANAYİ A.Ş.,Gerçeğe uygun değer farkı diğer kapsamlı gelire yansıtılan finansal varlıklardan kazançlar/(kayıplar),50.896,2024,7 months ago,reported_figure,1,ok,confirmed,none,https://mosaic-finance.com/filings/f2156a5a-418d-4b45-a6ff-f24b971ab444/p/2013df4d-dc7a-4b80-805d-65e5eeca3012/k1._5a5_YmhGt472Kz1_q7msSNdo66Z5k0w_ydW-SrBPqA/,1555145,,"||**2025**|**2024**|
|---|---|---|
|**1 Ocak**|**(46.040.779)**|**(38.818.444)**|
|Gerçeğe uygun değer farkı diğer kapsamlı gelire<br>yansıtılan finansal varlıklardan kazançlar/(kayıplar)|(89.305)|50.896|",not_settled,false,,7,
X125,C1a75d65c2241,aggregator,multi_hop_document,FORD OTOMOTİV SANAYİ ANONİM ŞİRKETİ,Long-term loan repayment scheduled for 2026,36.157.548,31 Aralık 2024,,reported_figure,1,ok,confirmed,none,https://mosaic-finance.com/filings/f2156a5a-418d-4b45-a6ff-f24b971ab444/p/a3d89b8a-5fcf-481c-a077-5cb75e381d3a/k1.a3hhFBVjod8nRZM9Mhto8NKDTgTdaX2ds-IhL1gyaLc/,1555145,,"31 Aralık 2025 ve 2024 tarihleri itibarıyla uzun vadeli kredilerin ödeme planı aşağıdaki gibidir:

|**Ödeme dönemi**|**31 Aralık 2025**|**31 Aralık 2024**|
|---|---|---|
|2026|-|36.157.548|",not_applicable,true,"The 2025 annual filing presents the 31 December 2024 comparative as 36.157.548 thousand TL, restated into 31 December 2025 purchasing power.",5,
X126,C1bbb6ee33333,aggregator,multi_hop_document,TÜRK HAVA YOLLARI ANONİM ORTAKLIĞI VE BAĞLI ORTAKLIKLARI,Teknik toplam yükümlülükler; Milyon Türk Lirası (TL),31.138,31 Aralık 2025,,reported_figure,1,ok,confirmed,none,https://mosaic-finance.com/filings/be5618fa-2347-4f43-b3c2-a131a020998e/p/30ce3859-d3cd-4249-8308-c0037eaf7dd3/k1.DhRTpEwOIs9iecehCcP-VS971v_sqQQ-WtNIFuIFAjs/,1565996,,"|**Toplam Yükümlülükler**|**31 Aralık 2025**|**31 Aralık 2024**|
|<br>Havacılık|1.094.574|729.127|
|Teknik|31.138|24.724|",not_applicable,false,,2,
X127,C21770a0a711b,aggregator,multi_hop_document,Türk Hava Yolları,service experience,yolcularımıza en yüksek hizmet deneyimini sunduk,2025,,opinion,1,ok,not_checkable,opinion,,,,,not_applicable,false,,1,
X128,C2670e6b68abf,aggregator,multi_hop_document,FORD OTOMOTİV SANAYİ A.Ş.,Pay senedi ihraç primleri — Özkaynaklar enflasyon düzeltmesi farkları,259,30 Eylül 2025 (VUK),11 months ago,reported_figure,1,ok,confirmed,none,https://mosaic-finance.com/filings/232ef8cf-6264-4a3f-862c-52f8b30c87d3/p/59d9f1d4-97bd-41c6-b6e8-14b8f934b986/k1.OXzYCUXyF6gUGS3ePtW-fjfl0Nz2s7PM4sf3UkTGvY0/,1511818,,"|**30 Eylül 2025(VUK)**|**Tarihi değerler**|**Düzeltilmiş**<br>**değerler**|**Özkaynaklar**<br>**enflasyon**<br>**düzeltmesi farkları**|
|---|---|---|---|
|Ödenmiş sermaye|3.509.100|11.292.942|7.783.842|
|Yasal yedekler|2.791.489|6.161.109|3.369.620|
|Paysenedi ihraç primleri|8|267|259|",not_settled,false,,3,
X129,C29a6e3681bad,aggregator,multi_hop_document,"NIKE, Inc.",EMEA contribution to revenue decrease in percentage points,1,FISCAL 2026 COMPARED TO FISCAL 2025,2 months ago,reported_figure,1,ok,confirmed,none,https://mosaic-finance.com/filings/bede92a9-76d7-4110-bae3-1f58c8789829/p/30457f1e-b6fc-4268-b21b-e4cc68064d25/k1.6Spe3ZZx6kDD6YXkYZgVZ8jHR42yG4HBBuesfZWKHE8/,0000320187-26-000088,,"NIKE, Inc. Revenues were $46.4 billion in fiscal 2026 compared to $46.3 billion in fiscal 2025. On a currency-neutral basis, NIKE, Inc. Revenues decreased 2%, primarily due to lower revenues in Greater China, Converse and Europe, Middle East & Africa (""EMEA""), which decreased NIKE, Inc. Revenues by approximately 2, 1 and 1 percentage points, respectively.",not_settled,false,,3,
X130,C32049b10860d,aggregator,multi_hop_document,TÜRK HAVA YOLLARI ANONİM ORTAKLIĞI,Loss on sale of fixed assets (Million US Dollars),-,1 January - 31 December 2025,"Mar 4, 2026",reported_figure,1,ok,contradicted,wrong_number,https://mosaic-finance.com/filings/be5618fa-2347-4f43-b3c2-a131a020998e/p/be8f25f5-9c70-49e4-92eb-35cb4a77d6d1/k1.kHE46upGz-HFw_WWxfa4X-XNqyXtFYQZ8aJ__KfBRrY/,1565996,,"||**1 Ocak -**<br>**31 Aralık 2025**|**1 Ocak -**<br>**31 Aralık 2024**|
|---|---|---|
|Finansal yatırım değerleme zararları|2.611|1.515|
|Duran varlık satış zararları|28|1.020|
||2.639|2.535|



66

**TÜRK HAVA YOLLARI ANONİM ORTAKLIĞI VE BAĞLI ORTAKLIKLARI 31 Aralık 2025 Tarihinde Sona Eren Hesap Dönemine Ait Konsolide Finansal Tablolara İlişkin Dipnotlar (Tutarlar, aksi belirtilmedikçe, Milyon Türk Lirası (TL) olarak gösterilmiştir.)**",not_settled,false,,15,
X131,C3f6d484f9c19,aggregator,multi_hop_document,Lockheed Martin,sales drivers,"Higher sales on classified programs due to the absence of prior year classified program charges, higher F-35 volume, and favorable F-35 contract mix",,8 months ago,other,1,ok,confirmed,none,https://mosaic-finance.com/filings/1c081ff3-44ef-49a1-b87e-042561def9da/p/30093653-5571-4ff5-a1be-1d3c579c08f0/k1.YTG6Md_GDxSHv1z77BMAfnvjwaCLQitvjygJd_0OrVQ/,0001628280-26-003970,,"Sales in thefourthquarter of 2025 increased $515 million, or 6%, compared to the same period in 2024. The increase was primarily attributable to higher sales of $300 million on classified programs due to the sales impact of losses recognized on a classified contract in 2024, partially offset by lower volume; and $200 million on the F-35 program due to higher volume and contract mix.",not_settled,false,,10,
X132,C47125531358e,aggregator,multi_hop_document,FORD OTOMOTİV SANAYİ ANONİM ŞİRKETİ,Yurt dışı satışlar (bin TL),109.964.292,1 Nisan-30 Haziran 2024,1.2 years ago,reported_figure,1,ok,confirmed,none,https://mosaic-finance.com/filings/feec1e0a-0405-44b1-8c54-7eabe5a7f652/p/efe6f074-cc21-4c31-b9f0-0007824e7d78/k1.GmuYLyjIJOKtGlUjwUDAqlLWajgXXBwnBASNV694WpY/,1469124,,"||**1 Ocak-**<br>**30 Haziran 2025**|**1 Nisan-**<br>**30 Haziran 2025**|**1 Ocak-**<br>**30 Haziran 2024**|**1 Nisan-**<br>**30 Haziran 2024**|
|---|---|---|---|---|
|Yurt dışı satışlar (*)|299.696.886|161.955.432|252.831.995|109.964.292|",later_confirmed,true,The filing dated 2025-07-30 reports the 2024 comparative in thousands of TL expressed in purchasing power as of 30 June 2025. The claimed value matches this inflation-restated comparative.,5,
X133,C49f936fb75b3,aggregator,multi_hop_document,FORD OTOMOTİV SANAYİ ANONİM ŞİRKETİ,Sales volumes total row,121.655 602.842 724.497,2025,,reported_figure,1,ok,confirmed,none,https://mosaic-finance.com/filings/f2156a5a-418d-4b45-a6ff-f24b971ab444/p/b21857cb-8c5d-4683-9918-4a172f3d98f8/k1.7QbhAWTpJ-5LS1ekr1P1NBEMgoYt5jlYeR_NKAXAZDU/,1555145,,||**121.655**|**602.842**|**724.497**|**114.778**|**546.229**|**661.007**|,not_applicable,false,,2,
X134,C503441f6c3fb,aggregator,multi_hop_document,FORD OTOMOTİV SANAYİ A.Ş.,Ödenmiş sermaye — Düzeltilmiş değerler,11.292.942,30 Eylül 2025 (VUK),11 months ago,reported_figure,1,ok,confirmed,none,https://mosaic-finance.com/filings/232ef8cf-6264-4a3f-862c-52f8b30c87d3/p/59d9f1d4-97bd-41c6-b6e8-14b8f934b986/k1.OXzYCUXyF6gUGS3ePtW-fjfl0Nz2s7PM4sf3UkTGvY0/,1511818,,"|**30 Eylül 2025(VUK)**|**Tarihi değerler**|**Düzeltilmiş**<br>**değerler**|**Özkaynaklar**<br>**enflasyon**<br>**düzeltmesi farkları**|
|---|---|---|---|
|Ödenmiş sermaye|3.509.100|11.292.942|7.783.842|",not_settled,false,,3,
X135,C52c2ff6df347,aggregator,multi_hop_document,FORD OTOMOTİV SANAYİ A.Ş.,financial statement scope,1 Ocak - 31 Mart 2025 ara hesap dönemine ait özet konsolide finansal tablolar,1 Ocak - 31 Mart 2025,29.04.2025 18:43:25,other,1,ok,off_target,none,,,,,not_settled,false,,7,
X136,C5cfc25989343,aggregator,multi_hop_document,TÜRK HAVA YOLLARI ANONİM ORTAKLIĞI VE BAĞLI ORTAKLIKLARI,"Sürdürülen Faaliyetler Dönem Karı (Havacılık, Teknik, Bölümlerarası Eliminasyon, Toplam); Milyon Türk Lirası (TL)",106.693 6.664 - 113.357,1 Ocak - 31 Aralık 2024,,reported_figure,1,ok,confirmed,none,https://mosaic-finance.com/filings/be5618fa-2347-4f43-b3c2-a131a020998e/p/66135b74-502b-4425-9e61-4cc55c2128b0/k1.iyBjFDGHjyKQA5tVL2zSzP3zb5GNqhTXrQZvnurWapk/,1565996,,"|**1 Ocak - 31 Aralık 2024**|**Havacılık**|**Teknik**|**Bölümlerarası**<br>**Eliminasyon**|**Toplam**|
|Sürdürülen Faaliyetler Dönem Karı|106.693|6.664|-|113.357|",not_applicable,false,,9,
X137,C5fdf9989df98,aggregator,multi_hop_document,TÜRK HAVA YOLLARI ANONİM ORTAKLIĞI VE BAĞLI ORTAKLIKLARI,"Gains on sales of securities, million TL",4.887 3.369,,,reported_figure,1,ok,confirmed,none,https://mosaic-finance.com/filings/be5618fa-2347-4f43-b3c2-a131a020998e/p/be8f25f5-9c70-49e4-92eb-35cb4a77d6d1/k1.kHE46upGz-HFw_WWxfa4X-XNqyXtFYQZ8aJ__KfBRrY/,1565996,,"||**1 Ocak -**<br>**31 Aralık 2025**|**1 Ocak -**<br>**31 Aralık 2024**|
|---|---|---|
|Finansal yatırımlar faiz geliri|36.840|42.958|
|Devlet teşvik gelirleri|13.372|8.809|
|Menkul kıymet satış karları|4.887|3.369|",not_applicable,false,,2,
X138,C64348c4e97be,aggregator,multi_hop_document,TÜRK HAVA YOLLARI ANONİM ORTAKLIĞI VE BAĞLI ORTAKLIKLARI,"Maddi ve maddi olmayan varlık alımı (Havacılık, Teknik, Bölümlerarası Eliminasyon, Toplam); Milyon Türk Lirası (TL)",114.104 11.489 - 125.593,1 Ocak - 31 Aralık 2024,,reported_figure,1,ok,confirmed,none,https://mosaic-finance.com/filings/be5618fa-2347-4f43-b3c2-a131a020998e/p/5cf72f53-8ef3-4194-9284-bcb9a5b782b7/k1.TEeL1kqiFK0afQwBznKtf20JzlvTg7_ioeATBRwJT9I/,1565996,,"|**1 Ocak- 31 Aralık 2024**|**Havacılık**|**Teknik**|**Bölümlerarası**<br>**Eliminasyon**|**Toplam**|
|Maddi ve maddi olmayan varlık<br>alımı|114.104|11.489|-|125.593|",not_applicable,false,,3,
X139,C660fc9b97fca,aggregator,multi_hop_document,"NIKE, Inc.","Greater China equipment revenues, dollars in millions",165,FISCAL 2025,2 months ago,reported_figure,1,ok,confirmed,none,https://mosaic-finance.com/filings/5621bbc8-21d1-410e-9978-aecc9295b8a3/p/a0ba55fe-dbe5-4e76-a0a5-618e8cccdd9d/k1.GCVvzK8gIgErHSHi7M6f2KltzhoDHqrsUu4tJNJFUxI/,0000320187-25-000047,,"GREATER CHINA

(Dollars in millions)

FISCAL 2025FISCAL 2024% CHANGE% CHANGE EXCLUDING CURRENCY CHANGESFISCAL 2023% CHANGE% CHANGE EXCLUDING CURRENCY CHANGES

Revenues by:

Footwear$4,805$5,552-13 %-13 %$5,4352 %6 %

Apparel1,6161,828-12 %-12 %1,66610 %14 %

Equipment1651650 %1 %14712 %17 %",not_settled,false,,6,
X140,C6ba26e150664,aggregator,multi_hop_document,Otokar,Stock listing,Pay senetleri Borsa İstanbul’da işlem gören,,,other,1,ok,confirmed,none,https://mosaic-finance.com/filings/23d00ace-db0f-4678-a59c-b709953885cd/p/f0b136ee-bdb3-4721-9051-584cf9735a81/k1.TMr_XrgKEtmz1IFXbYQPFsaGVECi75DMtwOkFs2E9bc/,1601318,,"Otokar, Sermaye Piyasası Kurulu’na (“SPK”) kayıtlıdır ve hisseleri 1995 yılından beri Borsa İstanbul A.Ş.’de (“BİST”) işlem görmektedir.",not_applicable,false,,2,
X141,C6ea01230c5bf,aggregator,multi_hop_document,"NIKE, Inc.",Reason for Greater China gross margin contraction,primarily due to unfavorable changes in standard foreign currency exchange rates,FISCAL 2026 COMPARED TO FISCAL 2025,2 months ago,other,1,ok,confirmed,none,https://mosaic-finance.com/filings/bede92a9-76d7-4110-bae3-1f58c8789829/p/2a9ae89c-4704-4828-bd79-57e1029dde06/k1.eajFkSnY2GI3EM_Cpq_zq_VS4gJCoKAYkryupPeC6uc/,0000320187-26-000088,,•Gross margin contraction of 30 basis points primarily due to unfavorable changes in standard foreign currency exchange rates.,not_settled,false,,5,
X142,C762780db990d,aggregator,multi_hop_document,Caterpillar,Construction Industries segment margin,25.4%,2023,,estimate,1,ok,not_checkable,consensus_estimate,,,,,not_applicable,false,,1,
X143,C76b833051b16,aggregator,multi_hop_document,PFIZER INC.,GLOBAL BIOPHARMACEUTICALS BUSINESS (BIOPHARMA) revenue,"27,746",SIX MONTHS 2025,2 months ago,reported_figure,1,ok,confirmed,none,https://mosaic-finance.com/filings/0462ef98-c992-4eb6-b855-40b15f96f4ff/p/e8119a68-5601-4304-bfc1-5fcc11131ce9/k1.qkBe-toSkxsBGF9JcB_rrvRLUxpq15VQsgjLvlzokSQ/,0000078003-25-000138,,"(MILLIONS)Three Months EndedSix Months Ended

PRODUCTPRIMARY INDICATION OR CLASSJune 29,2025June 30,2024June 29,2025June 30,2024

TOTAL REVENUES$14,653 $13,283 $28,367 $28,162

GLOBAL BIOPHARMACEUTICALS BUSINESS (BIOPHARMA)

$14,305 $12,991 $27,746 $27,595",not_settled,false,,4,
X144,C7a1688257c43,aggregator,multi_hop_document,Wynn Resorts,percentage of Annualized Base Rent (%),1.9,"December 31, 2025",7 months ago,reported_figure,1,ok,contradicted,wrong_company,https://mosaic-finance.com/filings/b91b0536-0e2f-4ad8-bd55-a0e0525d2382/p/4e3e5fcc-02a8-4e84-9bb2-27ac80068db1/k1.Y6_3SpGcSUSUFfTolDgqigKF5KA0rt-UckY9jCQBbBg/,0000726728-26-000011,,"ClientNumber of LeasesPercentage of Portfolio Annualized Base Rent (1)

7-Eleven812 3.3 %

Dollar General1,797 3.2

Walgreens400 3.1

Family Dollar1,257 2.6

Life Time Fitness41 2.1

EG Group414 2.0

(B&Q) Kingfisher70 2.0

Wynn Resorts1 1.9",not_settled,false,,7,
X145,C83d707a2882c,aggregator,multi_hop_document,FORD OTOMOTİV SANAYİ A.Ş.,Nakit akış riski korunma kazançları/(kayıpları),2.834.906,2024,7 months ago,reported_figure,1,ok,confirmed,none,https://mosaic-finance.com/filings/f2156a5a-418d-4b45-a6ff-f24b971ab444/p/2013df4d-dc7a-4b80-805d-65e5eeca3012/k1._5a5_YmhGt472Kz1_q7msSNdo66Z5k0w_ydW-SrBPqA/,1555145,,"||**2025**|**2024**|
|---|---|---|
|**1 Ocak**|**(46.040.779)**|**(38.818.444)**|
|Gerçeğe uygun değer farkı diğer kapsamlı gelire<br>yansıtılan finansal varlıklardan kazançlar/(kayıplar)|(89.305)|50.896|
|Tanımlanmış fayda planları yeniden ölçüm kazançları/(kayıpları)|(309.075)|(612.546)|
|Nakit akış riski korunma kazançları/(kayıpları)|(490.559)|2.834.906|",not_settled,false,,8,
X146,C88337b1c62bf,aggregator,multi_hop_document,FORD OTOMOTİV SANAYİ ANONİM ŞİRKETİ,Yurt içi satışlar,197.606.963,2024,,reported_figure,1,ok,confirmed,none,https://mosaic-finance.com/filings/f2156a5a-418d-4b45-a6ff-f24b971ab444/p/186f44a3-c750-4447-9cf9-573054e74028/k1.XEAOhMC9y3jaY2Uyu3DuxGXLt_vC34orpbg0YRysoaQ/,1555145,,"||**2025**|**2024**|
|---|---|---|
|Yurt dışı satışlar (*)|660.241.410|598.055.881|
|Yurt içi satışlar|187.371.761|197.606.963|",not_applicable,true,"The 2025 financial report filed on 2026-02-10 presents the 2024 comparative figure in thousand TL at 31 December 2025 purchasing power, restated under TMS 29.",9,
X147,C8862610c4a30,aggregator,multi_hop_document,Ford Otosan,Türkiye otomotiv pazarı tahmini revizyonu,"1,050–1,150 bin adetten 1,300–1,400 bin adede çıkarıldı",2025,11 months ago,forecast,1,ok,off_target,none,,,,,not_settled,false,,11,
X148,C8862ac3d24c5,aggregator,multi_hop_document,Ford Otosan,sales revenue growth,“yüksek tek haneli”,2025,1.3 years ago,forecast,1,ok,not_checkable,forecast,,,,,later_confirmed,false,,3,
X149,C9572c66f5b88,aggregator,multi_hop_document,FORD OTOSAN,foreign sales to Ford Motor Company,Yurt dışı satışların önemli kısmı Ford Motor Company’e yapılmaktadır.,2025,,other,1,ok,confirmed,none,https://mosaic-finance.com/filings/f2156a5a-418d-4b45-a6ff-f24b971ab444/p/79f64adb-7127-405d-9706-de63e19f42dd/k1.qq4cwKeD3jwG8_GJcI24s2lcDZ-iNGyR_o2_JmT0br0/,1555145,,Yurt dışı satışların önemli kısmı Ford Motor Company’ye yapılmaktadır.,not_applicable,false,,2,
X150,C9c61ecc4f141,aggregator,multi_hop_document,FORD OTOMOTİV SANAYİ A.Ş.,İlk madde ve malzeme gideri,(410.968.814),1 Ocak-30 Eylül 2024,11 months ago,reported_figure,1,ok,confirmed,none,https://mosaic-finance.com/filings/232ef8cf-6264-4a3f-862c-52f8b30c87d3/p/6a8ae7a8-69bf-4f5e-bd58-0aaef75e84d3/k1.eWY5nKWZMAFd66CXtisU5oe2VgxbkfpNgWtuNLeG0YA/,1511818,,"||**1 Ocak-**<br>**30 Eylül 2025**|**1 Temmuz-**<br>**30 Eylül 2025**|**1 Ocak-**<br>**30 Eylül 2024**|**1 Temmuz-**<br>**30 Eylül 2024**|
|---|---|---|---|---|
|İlk madde ve malzeme gideri|(452.039.773)|(144.027.157)|(410.968.814)|(133.627.556)|",not_settled,true,The 2025-11-05 filing presents the 2024 comparative in thousands of Turkish lira at 30 September 2025 purchasing power; the confirmed value is on that inflation-restated basis.,10,
X151,Ca19d9b282003,aggregator,multi_hop_document,Ford Otosan,Hasılat - Milyon TL,778.801,2024/12,,reported_figure,1,ok,confirmed,none,https://mosaic-finance.com/filings/f2156a5a-418d-4b45-a6ff-f24b971ab444/p/bc88cdf2-97b6-4739-a1f0-f80fc72b6f0a/k1.nebPMIcQOSS40cdOOiCGMnTHU0-abt0vJwt8XvWbnrU/,1555145,,"||**Notlar**|**Cari dönem**<br>**bağımsız**<br>**denetimden**<br>**geçmiş**<br>**1 Ocak -**<br>**31 Aralık 2025**|**Geçmiş dönem**<br>**bağımsız**<br>**denetimden**<br>**geçmiş**<br>**1 Ocak -**<br>**31 Aralık 2024**|
|---|---|---|---|
|**Sürdürülen faaliyetler**||||
|Hasılat<br>|18<br>|830.827.933<br>|778.801.036<br>|",not_applicable,true,The 2025 annual filing presents the 2024 comparative in 31 December 2025 purchasing-power TL. Its 778.801.036 thousand TL equals 778.801 million TL after rounding.,9,
X152,Ca6b5d0ae8f86,aggregator,multi_hop_document,"NIKE, Inc.","Greater China apparel revenues, dollars in millions","1,616",FISCAL 2025,2 months ago,reported_figure,1,ok,confirmed,none,https://mosaic-finance.com/filings/5621bbc8-21d1-410e-9978-aecc9295b8a3/p/a0ba55fe-dbe5-4e76-a0a5-618e8cccdd9d/k1.GCVvzK8gIgErHSHi7M6f2KltzhoDHqrsUu4tJNJFUxI/,0000320187-25-000047,,"GREATER CHINA

(Dollars in millions)

FISCAL 2025FISCAL 2024% CHANGE% CHANGE EXCLUDING CURRENCY CHANGESFISCAL 2023% CHANGE% CHANGE EXCLUDING CURRENCY CHANGES

Revenues by:

Footwear$4,805$5,552-13 %-13 %$5,4352 %6 %

Apparel1,6161,828-12 %-12 %1,66610 %14 %",not_settled,false,,6,
X153,Cb21d37235655,aggregator,multi_hop_document,"NIKE, Inc.",Revenues,$46.4 billion,fiscal 2026,2 months ago,reported_figure,1,ok,confirmed,none,https://mosaic-finance.com/filings/bede92a9-76d7-4110-bae3-1f58c8789829/p/1c770fa5-fd80-41d3-865e-5dd458a157cc/k1.i7qfS8yHwUKFwOOua5hK_hMV-EpbEf5PnTnq424dpR0/,0000320187-26-000088,,"NIKE, Inc. Revenues were $46.4 billion in fiscal 2026 compared to $46.3 billion in fiscal 2025, flat on a reported basis and down 2% on a currency-neutral basis.",not_settled,false,,6,
X154,Cb226efe1d417,aggregator,multi_hop_document,Caterpillar,Financial Products total segment sales,"3,044",2020,,reported_figure,1,ok,confirmed,none,https://mosaic-finance.com/filings/b3248edc-ab31-40cd-8e2a-0c033bc80e42/p/6681ea71-5a35-4c8d-b081-928f3ec78fd0/k1.Vh1-RhEMgTiHssdWuZ_XwzUW2l5-eJhNVpTj2lTKGug/,,The Mosaic filing and passage results do not store an exchange_document_id.,"Financial Products’ segment revenues were $3.044 billion in 2020, a decrease of $390 million, or 11 percent, from 2019.",not_applicable,false,,3,
X155,Cbf0afe8205f7,aggregator,multi_hop_document,TÜRK HAVA YOLLARI ANONİM ORTAKLIĞI,Gain on sale of fixed assets (Million US Dollars),47,1 January - 31 December 2025,"Mar 4, 2026",reported_figure,1,ok,off_target,none,,,,,not_settled,false,,18,
X156,Cc5a1766cae32,aggregator,multi_hop_document,FORD OTOMOTİV SANAYİ ANONİM ŞİRKETİ,Yabancı para çevrim farkı,(9.495.591),2024,,reported_figure,1,ok,confirmed,none,https://mosaic-finance.com/filings/f2156a5a-418d-4b45-a6ff-f24b971ab444/p/2013df4d-dc7a-4b80-805d-65e5eeca3012/k1._5a5_YmhGt472Kz1_q7msSNdo66Z5k0w_ydW-SrBPqA/,1555145,,"||**2025**|**2024**|
|---|---|---|
|**1 Ocak**|**(46.040.779)**|**(38.818.444)**|
|Gerçeğe uygun değer farkı diğer kapsamlı gelire<br>yansıtılan finansal varlıklardan kazançlar/(kayıplar)|(89.305)|50.896|
|Tanımlanmış fayda planları yeniden ölçüm kazançları/(kayıpları)|(309.075)|(612.546)|
|Nakit akış riski korunma kazançları/(kayıpları)|(490.559)|2.834.906|
|Yabancıparaçevrim farkı|659.699|(9.495.591)|
|**31 Aralık**|**(46.270.019)**|**(46.040.779)**|",not_applicable,false,,9,
X157,Cce9974d94265,aggregator,multi_hop_document,Dollar General,number of leases,"1,797","December 31, 2025",7 months ago,reported_figure,1,ok,off_target,none,,,,,not_settled,false,,8,
X158,Ccf87d7e8bc1d,aggregator,multi_hop_document,NIKE Brand,Revenues,$44.7 billion,fiscal 2025,2 months ago,reported_figure,1,ok,confirmed,none,https://mosaic-finance.com/filings/bede92a9-76d7-4110-bae3-1f58c8789829/p/30457f1e-b6fc-4268-b21b-e4cc68064d25/k1.6Spe3ZZx6kDD6YXkYZgVZ8jHR42yG4HBBuesfZWKHE8/,0000320187-26-000088,,"•NIKE Brand revenues were $45.2 billion in fiscal 2026 compared to $44.7 billion in fiscal 2025, an increase of 1% and a decrease of 1% on a reported and currency-neutral basis, respectively.",not_settled,false,,5,
X159,Ccf8b3fda0512,aggregator,multi_hop_document,TÜRK HAVA YOLLARI ANONİM ORTAKLIĞI VE BAĞLI ORTAKLIKLARI,"Purchases from TEC, million TL",15.436 11.402,1 Ocak-31 Aralık 2025; 1 Ocak-31 Aralık 2024,,reported_figure,1,ok,confirmed,none,https://mosaic-finance.com/filings/be5618fa-2347-4f43-b3c2-a131a020998e/p/19332904-3cd5-4f48-82f3-116977fbadee/k1.V6Bl7mU7pMpOzb2ay1V16a3Rq_4iTKOtxH6H2y9Q9Rk/,1565996,,"|**Alışlar**|**1 Ocak-**<br>**31 Aralık 2025**|**1 Ocak-**<br>**31 Aralık 2024**|
|---|---|---|
|TFS Akaryakıt Hizmetleri|102.977|90.438|
|<br>TGS|35.757|21.132|
|Turkish DO&CO|26.001|18.053|
|TEC|15.436|11.402|",not_applicable,false,,2,
X160,Cdeae311825b2,aggregator,multi_hop_document,Ford Otosan,foreign sales volume — Romanya,216 bin,2024,1.3 years ago,reported_figure,1,ok,confirmed,none,https://mosaic-finance.com/filings/f2156a5a-418d-4b45-a6ff-f24b971ab444/p/b21857cb-8c5d-4683-9918-4a172f3d98f8/k1.7QbhAWTpJ-5LS1ekr1P1NBEMgoYt5jlYeR_NKAXAZDU/,1555145,,"||**Yurtiçi**<br>**satışlar**|**2025**<br>**Yurtdışı**<br>**satışlar**|**Toplam**<br>**satışlar**|**Yurtiçi**<br>**satışlar**|**2024**<br>**Yurtdışı**<br>**satışlar**|**Toplam**<br>**satışlar**|
|---|---|---|---|---|---|---|
|1 ton ticari araç|16.541|282.255|298.796|7.991|203.705|211.696|
|2 ton ticari araç|31.911|115.026|146.937|34.630|122.628|157.258|
|Puma|7.212|147.768|154.980|9.121|158.749|167.870|
|Transit Courier|37.302|54.744|92.046|28.384|57.206|85.590|",later_confirmed,false,,15,
X161,Ce752d9c1a636,aggregator,multi_hop_document,FORD OTOMOTİV SANAYİ ANONİM ŞİRKETİ,Nakit akış riski korunma kazançları/(kayıpları),2.834.906,2024,,reported_figure,1,ok,confirmed,none,https://mosaic-finance.com/filings/f2156a5a-418d-4b45-a6ff-f24b971ab444/p/2013df4d-dc7a-4b80-805d-65e5eeca3012/k1._5a5_YmhGt472Kz1_q7msSNdo66Z5k0w_ydW-SrBPqA/,1555145,,"||**2025**|**2024**|
|---|---|---|
|**1 Ocak**|**(46.040.779)**|**(38.818.444)**|
|Gerçeğe uygun değer farkı diğer kapsamlı gelire<br>yansıtılan finansal varlıklardan kazançlar/(kayıplar)|(89.305)|50.896|
|Tanımlanmış fayda planları yeniden ölçüm kazançları/(kayıpları)|(309.075)|(612.546)|
|Nakit akış riski korunma kazançları/(kayıpları)|(490.559)|2.834.906|",not_applicable,true,"The 2025 annual filing, filed on 2026-02-10, presents the 2024 comparative in thousands of TL at 31 December 2025 purchasing power. The claimed value matches this inflation-restated comparative.",9,
X162,Ce7e8012a42bc,aggregator,multi_hop_document,Wynn Resorts,investment grade ratings (S&P/Moody's/Fitch),—,"December 31, 2025",7 months ago,other,1,ok,off_target,none,,,,,not_settled,false,,12,
X163,Cef421d421715,aggregator,multi_hop_document,Pfizer Inc.,total revenues,$62.6 billion,2025,7 months ago,reported_figure,1,ok,confirmed,none,https://mosaic-finance.com/filings/6b9ab03a-1fd1-4e99-86dc-9b8f27bece4b/p/a5a4e687-89aa-4338-86a9-d9fd3eaf5254/k1.rQcMX7eSWCv9Cck9WI3q-xT7Bh2LKn5jviskxvGGzdk/,0000078003-26-000033,,"Therefore, 2025 and 2024 results differ from U.S. GAAP revenues of $62.6 billion and $63.6 billion, respectively.",later_confirmed,false,,4,
X164,Cf029b5b424a8,aggregator,multi_hop_document,"NIKE, Inc.",Reasons for operating overhead expense increase,"primarily due to unfavorable changes in foreign currency exchange rates, partially offset by lower other administrative costs",FISCAL 2026 COMPARED TO FISCAL 2025,2 months ago,other,1,ok,confirmed,none,https://mosaic-finance.com/filings/bede92a9-76d7-4110-bae3-1f58c8789829/p/922ed1ef-6f0b-499b-bd10-1efb7046c0e0/k1.US3SOXpl8zY2fKrVFmMTZvAOM8YTEz_fnxRlXLjX4pM/,0000320187-26-000088,,"•Operating overhead expense increased 5% primarily due to unfavorable changes in foreign currency exchange rates, partially offset by lower other administrative costs.",not_settled,false,,10,
X165,Cf44650c8e8b0,aggregator,multi_hop_document,TÜRK HAVA YOLLARI ANONİM ORTAKLIĞI VE BAĞLI ORTAKLIKLARI,"Satışların Maliyeti (-) (Havacılık, Teknik, Bölümlerarası Eliminasyon, Toplam); Milyon Türk Lirası (TL)",(812.427) (87.450) 99.965 (799.912),1 Ocak - 31 Aralık 2025,,reported_figure,1,ok,confirmed,none,https://mosaic-finance.com/filings/95c0a0d7-6886-40c2-9557-61c651fbc9d4/p/cffcca0f-38df-4b55-8960-0d0c4dd4b90f/k1.EJ91FFxrq9-cbdfh_KmEps802SaCvjwof5H4DA-e83E/,1566094,,"|**1 Ocak - 31 Aralık 2025**|**Havacılık**|**Teknik**|**Bölümlerarası**<br>**Eliminasyon**|**Toplam**|
|---|---|---|---|---|
|Grup Dışı Hasılat|928.615|26.857|-|955.472|
|<br>Bölümlerarası Hasılat|22.867|80.363|(103.230)<br>|-|
|Hasılat|951.482|107.220|(103.230)<br>|955.472|
|Satışların Maliyeti (-)|<br>(812.427)|<br>(87.450)|<br>99.965|(799.912)|",not_applicable,false,,5,
X166,Cf52c2caf59fd,aggregator,multi_hop_document,"NIKE, Inc.","Greater China total revenues, dollars in millions","5,847",FISCAL 2026,2 months ago,reported_figure,1,ok,confirmed,none,https://mosaic-finance.com/filings/bede92a9-76d7-4110-bae3-1f58c8789829/p/c5dd39d6-2744-48a9-9253-7af878d20728/k1.OaXBa15AYJrMLWh53WYH1adjjhi3ewdxSArT9kSxl8I/,0000320187-26-000088,,"The breakdown of Revenues is as follows:

(Dollars in millions)

FISCAL 2026FISCAL 2025% CHANGE% CHANGE EXCLUDING CURRENCY CHANGES(1)

FISCAL 2024% CHANGE% CHANGE EXCLUDING CURRENCY CHANGES(1)

North America$20,511 $19,572 5 %5 %$21,396 -9 %-8 %

Europe, Middle East & Africa12,572 12,257 3 %-3 %13,607 -10 %-10 %

Greater China5,847 6,586 -11 %-13 %7,545 -13 %-12 %",not_settled,false,,8,
X167,Cfa8d462813c1,aggregator,multi_hop_document,NIKE Brand,Footwear revenues,$29.5 billion,fiscal 2025,2 months ago,reported_figure,1,ok,confirmed,none,https://mosaic-finance.com/filings/5621bbc8-21d1-410e-9978-aecc9295b8a3/p/0f995646-5afe-4238-aae0-a4f8522972e5/k1.ZQhir8AvDtvn-3ZOI2z3U0nsQydGLXJg5egJPaV77m4/,0000320187-25-000047,,"(Dollars in millions)

FISCAL 2025FISCAL 2024% CHANGE% CHANGE EXCLUDING CURRENCY CHANGES(1)

FISCAL 2023% CHANGE% CHANGE EXCLUDING CURRENCY CHANGES(1)

NIKE, Inc. Revenues:

NIKE Brand Revenues by:

Footwear$29,510 $33,427 -12 %-11 %$33,135 1 %1 %",not_settled,false,,7,
X168,C02bef8635e75,aggregator,multi_period,TÜRK HAVA YOLLARI A.O.,TİCARİ FAALİYETLERDEN BRÜT KAR (ZARAR),56.146,01.01.2025 - 30.06.2025,,reported_figure,2,ok,confirmed,none,https://mosaic-finance.com/filings/8be690aa-6d29-48ea-8a49-958c29762db7/p/506b65a0-c95b-4985-9fb9-1f2826f416b6/k1.mcSRp8isWpZrw5GsC7n_GHyjZu1mDhyWna7O9zTqelM/,1472624,,"|**KAR VEYA ZARAR KISMI**|**Dipnot**<br>**Referansları**|**1 Ocak-**<br>**30 Haziran 2025**|**1 Nisan-**<br>**30 Haziran 2025**|**1 Ocak-**<br>**30 Haziran 2024**|**1 Nisan-**<br>**30 Haziran 2024**|
|Hasılat|19|408.036|231.324|330.113|182.875|
|Satışların Maliyeti (-)|20|( 351.890)|( 186.909)|( 278.727)|( 147.629)|
|**BRÜT KAR**||**56.146**|**44.415**|**51.386**|**35.246**|",not_applicable,false,,3,
X169,C097669978a83,aggregator,multi_period,TÜRK HAVA YOLLARI A.O.,FİNANS SEKTÖRÜ FAALİYETLERİNDEN BRÜT KAR (ZARAR),0,01.01.2025 - 30.06.2025,05.08.2026 08:00:21,reported_figure,1,ok,off_target,none,,,,,not_settled,false,,9,
X170,C0cdc4715b99e,aggregator,multi_period,Tesla,Deliveries subject to operating lease accounting YoY change,14%,Q2-2026,2 months ago,reported_figure,1,ok,confirmed,none,https://mosaic-finance.com/filings/e362ecab-1ec7-441e-a7e8-e64f5cffc39a/p/4882381a-b9ed-4aea-a9f6-4e9b250b4ff6/k1.EBOlTqajgkdaBWqA1uU5ELQr7dg-74W4ITGqVgirBCU/,0001628280-26-049213,,"Q2-2025 Q3-2025 Q4-2025 Q1-2026 Q2-2026 YoY Model 3/Y production 396,835 435,826 422,652 394,611 442,936 12% Other models production 13,409 11,624 11,706 13,775 8,822 -34% Total production 410,244 447,450 434,358 408,386 451,758 10% Model 3/Y deliveries 373,728 481,166 406,585 341,893 467,762 25% Other models deliveries 10,394 15,933 11,642 16,130 12,364 19% Total deliveries 384,122 497,099 418,227 358,023 480,126 25% of which subject to operating lease accounting 6,670 10,230 10,996 3,430 7,580 14%",not_settled,false,,4,
X171,C13c7b6a3164d,aggregator,multi_period,TSLA,State Location,TX,,1.5 years ago,other,1,ok,confirmed,none,https://mosaic-finance.com/filings/b2599467-4f3e-4332-93d7-f9c8902c5828/p/f33da6e1-f661-405f-81ea-a7b8dc1b768a/k1.yRSSDfXOqn8jeIAFjHkD3uUM89tdc6H5o6XaYWu7z2A/,0001628280-26-003952,,"We are headquartered in Austin, Texas.",later_confirmed,false,,2,
X172,C1a3302fd0314,aggregator,multi_period,Home Depot Foundation,volunteer hours donated in communities across the country,thousands of volunteer hours each year,each year,,other,1,ok,confirmed,none,https://mosaic-finance.com/filings/17037787-c3ce-489d-b209-515e7bb1310c/p/c9ce18b8-fb07-4093-97b0-13d34707e4a5/k1.XRk81mU1MY19ndCTlDz76z9fKMyouFkD5CKXV_77dPI/,0001628280-26-019436,,"Our Team Depot associate volunteers also extend the mission of The Home Depot Foundation in communities across the country, donating thousands of volunteer hours each year to serve the needs of our communities.",not_applicable,false,,2,
X173,C1aa068b69c31,aggregator,multi_period,TÜRK HAVA YOLLARI A.O.,FİNANSMAN GELİRİ (GİDERİ) ÖNCESİ FAALİYET KARI (ZARARI),21.725,01.04.2026 - 30.06.2026,05.08.2026 08:00:21,reported_figure,1,ok,confirmed,none,https://mosaic-finance.com/filings/a30f1989-4d8d-4f2b-8981-f3f863f8c231/p/1a870d16-2073-4c6e-8ca8-4cc71b99a60f/k1.dkhx6GNkl8tPWlaXqArj2zbWK_9E4QoNbvrlmOcK26E/,1643238,,"|**KÂR VEYA ZARAR KISMI**|**Dipnot**<br>**Referansları**|**1 Ocak-**<br>**30 Haziran 2026**|**1 Nisan-**<br>**30 Haziran 2026**|**1 Ocak-**<br>**30 Haziran 2025**|**1 Nisan-**<br>**30 Haziran 2025**|
|**FİNANSMAN GELİRİ ÖNCESİ FAALİYET KÂRI**||**34.617**|**21.725**|**45.412**|**38.254**|",not_settled,false,,4,
X174,C20f03d9e8ae0,aggregator,multi_period,The Home Depot Inc,Diluted EPS,14.29 | 14.23 | 14.91 | 15.11 | 16.69 | 15.53,,,reported_figure,1,ok,confirmed,none,https://mosaic-finance.com/filings/17037787-c3ce-489d-b209-515e7bb1310c/p/aba4b25c-6534-4268-9438-a85ca0be0b72/k1.CIa2jiBOXZP4ZPxlCeXW-yZrmuSo4-ovQLu5etK8vQ8/,0001628280-26-019436,,Diluted earnings per share$14.23 $14.91 $15.11,not_applicable,false,,12,
X175,C270c5e8d4d41,aggregator,multi_period,TÜRK HAVA YOLLARI A.O.,Pazarlama Giderleri,-15.124,01.04.2024 - 30.06.2024,,reported_figure,1,ok,confirmed,none,https://mosaic-finance.com/filings/8be690aa-6d29-48ea-8a49-958c29762db7/p/506b65a0-c95b-4985-9fb9-1f2826f416b6/k1.mcSRp8isWpZrw5GsC7n_GHyjZu1mDhyWna7O9zTqelM/,1472624,,"|**KAR VEYA ZARAR KISMI**|**Dipnot**<br>**Referansları**|**1 Ocak-**<br>**30 Haziran 2025**|**1 Nisan-**<br>**30 Haziran 2025**|**1 Ocak-**<br>**30 Haziran 2024**|**1 Nisan-**<br>**30 Haziran 2024**|
|Hasılat|19|408.036|231.324|330.113|182.875|
|Satışların Maliyeti (-)|20|( 351.890)|( 186.909)|( 278.727)|( 147.629)|
|**BRÜT KAR**||**56.146**|**44.415**|**51.386**|**35.246**|
|Genel Yönetim Giderleri (-)|21|( 9.747)|( 3.564)|( 6.942)|( 3.610)|
|Pazarlama Giderleri (-)|21|( 33.114)|( 17.320)|( 28.840)|( 15.124)|",not_applicable,false,,9,
X176,C2a8baa68dbba,aggregator,multi_period,Tesla,Model 3/Y production YoY change,12%,Q2-2026,2 months ago,reported_figure,1,ok,confirmed,none,https://mosaic-finance.com/filings/e362ecab-1ec7-441e-a7e8-e64f5cffc39a/p/4882381a-b9ed-4aea-a9f6-4e9b250b4ff6/k1.EBOlTqajgkdaBWqA1uU5ELQr7dg-74W4ITGqVgirBCU/,0001628280-26-049213,,"Q2-2025 Q3-2025 Q4-2025 Q1-2026 Q2-2026 YoY Model 3/Y production 396,835 435,826 422,652 394,611 442,936 12%",not_settled,false,,3,
X177,C2b7948ecb5d2,aggregator,multi_period,$META,CIK,0001326801,,,other,1,ok,confirmed,none,https://mosaic-finance.com/filings/78875923-04cf-47a6-a31a-9a1a4ec28353/p/0ac7280c-4b47-40a5-b65a-06bde5444bbd/k1.0QToMDxWJwNTcW2L_Q4TECza_kyfOB0LDZsiGFcSdmo/,0001193125-26-204128,,"8K: Meta Platforms Inc. Current Report

Filed: 2026-05-04
Content Type: other
Items: 8.01 (Other Events), 9.01 (Financial Statements and Exhibits)
Form: 8-K
CIK: 0001326801",not_applicable,false,,2,
X178,C32e59eda232f,aggregator,multi_period,Alphabet Inc.,filing form and exhibit,‘10-K’ for 12/31/24 – ‘EX-23.01’,12/31/24,"Tuesday, 2/4/25, at 8:41pm ET",other,1,ok,confirmed,none,https://mosaic-finance.com/filings/0d53a3d4-8d8f-4765-a248-68a076605ba5/p/82955bba-6ae3-42c7-a401-3f70beb4dab2/k1.Ufqq4ygDxzYHCA1I5sm4pvdj1zOCAUKDD-RZaOWpaQU/,0001652044-25-000014,,"#### Exhibit 23.01

### CONSENT OF INDEPENDENT REGISTERED PUBLIC ACCOUNTING FIRM",later_confirmed,false,,2,
X179,C374a84e2adda,aggregator,multi_period,Clairvest,results reporting,Reports Fiscal 2026 Third Quarter Results,Fiscal 2026 Third Quarter,12/02,other,1,ok,confirmed,none,https://mosaic-finance.com/filings/c628a429-2384-4cfa-b4dc-83943e5f5285/p/e907f628-d724-4c80-bb23-6e841fca1a39/k1.oU_wwpeJqOGAYiGgYLdGreKbgjoyGZql6vt8evfd5Ps/,,No exchange_document_id is stored in the returned filing metadata.,"TORONTO, Feb. 11, 2026 -- Clairvest Group Inc. (TSX: CVG) today reported results for the fiscal 2026 third quarter and nine months ended December 31, 2025.",not_settled,false,,5,
X180,C446011432b53,aggregator,multi_period,Uber,Freight revenue decrease,"$24 million, or 2%","three months ended March 31, 2025 compared to the same period in 2024",,reported_figure,1,ok,confirmed,none,https://mosaic-finance.com/filings/55a19206-1ab6-4425-bafe-128b47d35e80/p/380bec94-168a-4f52-8b9f-6c69ce6b918e/k1.INpigCkQegqLKuoyunoQHmuuKqz1TSZQ00KOZRYS6RQ/,0001543151-25-000015,,"For the three months ended March 31, 2025 compared to the same period in 2024, Freight revenue decreased $24 million, or 2% , and Freight Adjusted EBITDA improved $14 million , or 67% .",not_applicable,false,,2,
X181,C5619f7fbca0e,aggregator,multi_period,TSLA,industry and SIC,Motor Vehicles & Passenger Car Bodies - SIC: 3711,,1.5 years ago,other,1,ok,confirmed,none,https://mosaic-finance.com/filings/b2599467-4f3e-4332-93d7-f9c8902c5828/p/f6d8a4f8-1cb2-4abf-89c1-8a7bd92ba4ba/k1.4W-9SGCUKTj8SGegk39ncvzoGPi6LuX6y4od9-WqRuw/,0001628280-26-003952,,"The following graph shows a comparison, from January 1, 2021 through December 31, 2025, of the cumulative total return on our common stock, The NASDAQ Composite Index and a group of all public companies sharing the same SIC code as us, which is SIC code 3711, “Motor Vehicles and Passenger Car Bodies” (Motor Vehicles and Passenger Car Bodies Public Company Group).",later_confirmed,false,,6,
X182,C568dd93f43ab,aggregator,multi_period,TÜRK HAVA YOLLARI A.O.,Özkaynak Yöntemiyle Değerlenen Yatırımların Karlarından ( Zararlarından) Paylar,599,01.04.2025 - 30.06.2025,05.08.2026 08:00:21,reported_figure,1,ok,confirmed,none,https://mosaic-finance.com/filings/8be690aa-6d29-48ea-8a49-958c29762db7/p/506b65a0-c95b-4985-9fb9-1f2826f416b6/k1.mcSRp8isWpZrw5GsC7n_GHyjZu1mDhyWna7O9zTqelM/,1472624,,"|**KAR VEYA ZARAR KISMI**|**Dipnot**<br>**Referansları**|**1 Ocak-**<br>**30 Haziran 2025**|**1 Nisan-**<br>**30 Haziran 2025**|**1 Ocak-**<br>**30 Haziran 2024**|**1 Nisan-**<br>**30 Haziran 2024**|
|Özkaynak Yöntemiyle Değerlenen Yatırımların||||||
|(Zararlarından)/Karlarından Paylar|3|(970)|599|624|550|",not_settled,false,,6,
X183,C5839edacef49,aggregator,multi_period,Chipotle Mexican Grill,GAAP diluted EPS growth,flat YoY,"three months ended June 30, 2026",2 months ago,reported_figure,1,ok,confirmed,none,https://mosaic-finance.com/filings/2c0da4f6-cc25-47a2-910c-0de878db5897/p/fb3b6b3c-4d97-4b9d-babb-f8d39d3de820/k1.sRyrexoqU-S7sCJ6Yr5nT5FDUm3eSi1DmsSalgA1j2o/,0001058090-26-000063,,"Second quarter highlights, year over year:

•Total revenue increased 9.3% to $3.3 billion

•Comparable restaurant sales increased 2.2%

•Operating margin was 15.7%, a decrease from 18.2%

•Restaurant level operating margin1was 25.2%, a decrease from 27.4%

•Diluted earnings per share remained flat at $0.32",not_settled,false,,7,
X184,C5aefc21ea3c4,aggregator,multi_period,TÜRK HAVA YOLLARI A.O.,Maddi Duran Varlıkların Satışından Kaynaklanan Nakit Girişleri,499 | 902,,05.08.2026 08:00:21,reported_figure,1,ok,confirmed,none,https://mosaic-finance.com/filings/a30f1989-4d8d-4f2b-8981-f3f863f8c231/p/ab11ece9-1991-44d4-8e30-445223e25fee/k1.sY4UpASXfEWj0o2AVLzTjepd2AIfUmqGtZsGE4vgTaQ/,1643238,,"|Maddi ve Maddi Olmayan Duran Varlıkların Satışından||||
|Kaynaklanan Nakit Girişleri<br>|12-13-25|499|902|",not_settled,false,,5,
X185,C5eb245e97cbe,aggregator,multi_period,Royal Bank of Canada,net income growth from prior year,25%,"year ended October 31, 2025",10 months ago,reported_figure,1,ok,confirmed,none,https://mosaic-finance.com/filings/8221200e-6140-4ee4-9674-778d18a6112e/p/0dc59175-7db6-46da-b4d2-08ad27073927/k1.a7sCf3NyM9r-pPuqbbNv90qFktFkyCkFaQQXIdxaJqU/,,No exchange_document_id is stored in the returned filing metadata.,"Net income of $20,369 million was up $4,129 million or 25% from last year.",later_confirmed,false,,5,
X186,C76d894e6e070,aggregator,multi_period,Tesla,Storage deployed (GWh),9.6,Q2-2025,2 months ago,reported_figure,1,ok,confirmed,none,https://mosaic-finance.com/filings/0156a648-7a50-4641-a296-1263adaa19aa/p/c82a78ee-4dfa-4d69-a687-0442a53c878a/k1.ynrtiqbsudAJJcQoY1qOz5lvaOXWjFLYwEPmMlItKAY/,0001628280-25-033842,,"Tesla Second Quarter 2025 Production, Deliveries & Deployments

In the second quarter, we produced over 410,000 vehicles, delivered over 384,000 vehicles and deployed 9.6 GWh of energy storage products.",not_settled,false,,5,
X187,C78a4d8884f77,aggregator,multi_period,TÜRK HAVA YOLLARI A.O.,Genel Yönetim Giderleri,-6.942,01.01.2024 - 30.06.2024,,reported_figure,1,ok,confirmed,none,https://mosaic-finance.com/filings/8be690aa-6d29-48ea-8a49-958c29762db7/p/506b65a0-c95b-4985-9fb9-1f2826f416b6/k1.mcSRp8isWpZrw5GsC7n_GHyjZu1mDhyWna7O9zTqelM/,1472624,,"|**KAR VEYA ZARAR KISMI**|**Dipnot**<br>**Referansları**|**1 Ocak-**<br>**30 Haziran 2025**|**1 Nisan-**<br>**30 Haziran 2025**|**1 Ocak-**<br>**30 Haziran 2024**|**1 Nisan-**<br>**30 Haziran 2024**|
|Hasılat|19|408.036|231.324|330.113|182.875|
|Satışların Maliyeti (-)|20|( 351.890)|( 186.909)|( 278.727)|( 147.629)|
|**BRÜT KAR**||**56.146**|**44.415**|**51.386**|**35.246**|
|Genel Yönetim Giderleri (-)|21|( 9.747)|( 3.564)|( 6.942)|( 3.610)|",not_applicable,false,,5,
X188,C7a22b7144285,aggregator,multi_period,TÜRK HAVA YOLLARI A.O.,Maddi ve Maddi Olmayan Duran Varlıkların Satışından Kaynaklanan Nakit Girişleri,499 | 902,,05.08.2026 08:00:21,reported_figure,1,ok,confirmed,none,https://mosaic-finance.com/filings/a30f1989-4d8d-4f2b-8981-f3f863f8c231/p/ab11ece9-1991-44d4-8e30-445223e25fee/k1.sY4UpASXfEWj0o2AVLzTjepd2AIfUmqGtZsGE4vgTaQ/,1643238,,"||**Dipnot**<br>|**1 Ocak-**<br>|**1 Ocak-**<br>|
|Net Dönem Kârı|**Referansları**|**30 Haziran 2026**<br>18.766|**30 Haziran 2025**<br>24.935|
|**Dönem Net Kârı Mutabakatı ile İlgili Düzeltmeler**||**35.846**|**59.701**|

|Maddi ve Maddi Olmayan Duran Varlıkların Satışından||||
|Kaynaklanan Nakit Girişleri<br>|12-13-25|499|902|",not_settled,false,,5,
X189,C7dec34216c0b,aggregator,multi_period,Clairvest,financial statements publication,Q3 2026 Financial Statements (FS Q3FY26 FINAL),Q3 2026,Feb. 11,other,3,ok,confirmed,none,https://mosaic-finance.com/filings/c628a429-2384-4cfa-b4dc-83943e5f5285/p/3e86861b-8b44-4f96-98da-f1463770418a/k1.5-HorMerZUDP7BFeCYLyAi6NzUvWRctY1tV6SpTjpUA/,,No exchange_document_id was returned by the filing tools.,Clairvest’s third quarter fiscal 2026 financial statements and MD&A are available on the SEDAR website at www.filing-source and the Clairvest website at www.clairvest.com.,later_confirmed,false,,9,
X190,C865f18d7fc52,aggregator,multi_period,Tesla,Global vehicle inventory (days of supply),10,Q3-2025,2 months ago,reported_figure,1,ok,confirmed,none,https://mosaic-finance.com/filings/4bbd1630-ed8d-43d3-b475-99b001200e2b/p/ff30867b-1764-42b8-9461-2a785d78eadd/k1._xjrQEUDdy_-DXlXMeoXNNmcUmG8T8IGCxBGSggep3Y/,0001628280-25-045861,,Global vehicle inventory (days of supply)(1) 19 12 22 24 10 -47%,not_settled,false,,3,
X191,C8757c3da45aa,aggregator,multi_period,RBC,Diluted EPS,$14.07,2025,,reported_figure,1,ok,confirmed,none,https://mosaic-finance.com/filings/8221200e-6140-4ee4-9674-778d18a6112e/p/0dc59175-7db6-46da-b4d2-08ad27073927/k1.a7sCf3NyM9r-pPuqbbNv90qFktFkyCkFaQQXIdxaJqU/,,No exchange_document_id is stored in the returned filing passage.,"## **2025 vs. 2024**

Net income of $20,369 million was up $4,129 million or 25% from last year. Diluted EPS of $14.07 was up $2.82 or 25% and ROE of 16.3% was up 190 bps.",not_applicable,false,,5,
X192,C94b0521559ea,aggregator,multi_period,TÜRK HAVA YOLLARI A.O.,Satışların Maliyeti,-147.629,01.04.2024 - 30.06.2024,,reported_figure,1,ok,confirmed,none,https://mosaic-finance.com/filings/8be690aa-6d29-48ea-8a49-958c29762db7/p/68e918d7-2393-427c-a3a5-5400c9881973/k1.-DsQ0IzmeOt59wthI_Vgj7Cl_PuNs6x3Ds1ucRLmS9E/,1472624,,"||**1 Ocak -**<br>**30 Haziran 2025**|**1 Nisan -**<br>**30 Haziran 2025**|**1 Ocak -**<br>**30 Haziran 2024**|**1 Nisan -**<br>**30 Haziran 2024**|
|<br>Satışların maliyeti (-)|(351.890)|(186.909)|(278.727)|(147.629)|",not_applicable,false,,4,
X193,Ca88f79a60480,aggregator,multi_period,TÜRK HAVA YOLLARI A.O.,Özkaynak Yöntemiyle Değerlenen Yatırımların Diğer Kapsamlı Gelirinden Kar veya Zararda Sınıflandırılmayacak Paylar,0,01.04.2025 - 30.06.2025,05.08.2026 08:00:21,reported_figure,1,ok,off_target,none,,,,,not_settled,false,,10,
X194,Caca7fdd4ef6d,aggregator,multi_period,Clairvest,financial statements publication,Q3 2026 Financial Statements (FS Q3FY26 FINAL 1),Q3 2026,Feb. 12,other,2,ok,confirmed,none,https://mosaic-finance.com/filings/c628a429-2384-4cfa-b4dc-83943e5f5285/p/3e86861b-8b44-4f96-98da-f1463770418a/k1.5-HorMerZUDP7BFeCYLyAi6NzUvWRctY1tV6SpTjpUA/,,No exchange_document_id is stored in the returned filing metadata.,Clairvest’s third quarter fiscal 2026 financial statements and MD&A are available on the SEDAR website at www.filing-source and the Clairvest website at www.clairvest.com.,not_settled,false,,10,
X195,Cb42d5be88f69,aggregator,multi_period,Royal Bank of Canada,net income increase from prior year,$4.1 billion,"year ended October 31, 2025",10 months ago,reported_figure,1,ok,confirmed,none,https://mosaic-finance.com/filings/7c876346-8986-4486-be9f-78d1ad401b85/p/1cafa4b4-7a5d-49e3-ab85-29683bf1424b/k1.xfTn1W2n-N_JR8-QIzGE8LEvHAgJo7oSvHyTHTggkEQ/,,No exchange_document_id is stored in the returned filing metadata.,"Net income of $20,369 million was up $4,129 million or 25% from last year.",later_confirmed,false,,5,
X196,Cb7aaad71d6c9,aggregator,multi_period,TÜRK HAVA YOLLARI A.O.,Dönem Vergi (Gideri) Geliri,-4.754,01.04.2025 - 30.06.2025,05.08.2026 08:00:21,reported_figure,1,ok,confirmed,none,https://mosaic-finance.com/filings/8be690aa-6d29-48ea-8a49-958c29762db7/p/c3bfd7f3-186d-4873-95a2-cab529561784/k1.0uUZy885AXRPuJ1cnMeJ8JNdLYBTBMk_Li0BA5S87IU/,1472624,,"||**1 Ocak -**<br>**30 Haziran 2025 **|**1 Nisan -**<br> **30 Haziran 2025 **|**1 Ocak -**<br> **30 Haziran 2024 **|**1 Nisan -**<br> **30 Haziran 2024**|
|---|---|---|---|---|
|Ertelenen vergi geliri|858|629|4.531|2.708|
|<br>Cari dönem vergi gideri (*)|(4.908)|(4.754)|-|-|
|<br>Vergi gideri|(4.050)|(4.125)|4.531|2.708|",not_settled,false,,4,
X197,Cbb0e8e4ea0c4,aggregator,multi_period,META,Assets,"$395,250,000,000",3/31/2026,4/30/2026 6:30:56 AM,reported_figure,1,ok,confirmed,none,https://mosaic-finance.com/filings/ae78d767-ba6a-4337-8569-b593d9aec44c/p/c2ea27a8-693c-4c33-9d77-2d9d244ad50f/k1.PowQP7vRUhfBpOvrPJf8rmT2kF3ZWoDvPKf87YOBh0o/,0001628280-26-028526,,"Total assets$395,250 $366,021",not_settled,false,,7,
X198,Cd06bf604dab2,aggregator,multi_period,Chipotle Mexican Grill Inc,CIK,1058090,,3 months ago,other,1,ok,confirmed,none,https://mosaic-finance.com/filings/2c0da4f6-cc25-47a2-910c-0de878db5897/p/77f43a20-f374-4d93-9d18-4b2ba0b817a6/k1.feTTAgClUILsOwo5lXt0pKkZn0rus6M09sB5-KBCDis/,0001058090-26-000063,,"8K: Chipotle Mexican Grill Inc. Current Report

Filed: 2026-07-29
Content Type: earnings
Items: 2.02 (Results of Operations and Financial Condition), 8.01 (Other Events), 9.01 (Financial Statements and Exhibits)
Form: 8-K
CIK: 0001058090",later_confirmed,false,,2,
X199,Cd1f39468e468,aggregator,multi_period,TÜRK HAVA YOLLARI A.O.,Finansman Giderleri,-34.988,01.01.2025 - 30.06.2025,05.08.2026 08:00:21,reported_figure,1,ok,confirmed,none,https://mosaic-finance.com/filings/8be690aa-6d29-48ea-8a49-958c29762db7/p/506b65a0-c95b-4985-9fb9-1f2826f416b6/k1.mcSRp8isWpZrw5GsC7n_GHyjZu1mDhyWna7O9zTqelM/,1472624,,"|**KAR VEYA ZARAR KISMI**|**Dipnot**<br>**Referansları**|**1 Ocak-**<br>**30 Haziran 2025**|**1 Nisan-**<br>**30 Haziran 2025**|**1 Ocak-**<br>**30 Haziran 2024**|**1 Nisan-**<br>**30 Haziran 2024**|
|Finansman Giderleri (-)|24|( 34.988)|( 18.823)|( 23.735)|( 11.874)|",not_settled,false,,7,
X200,Cd7c465cb5ff7,aggregator,multi_period,Alphabet Inc.,filing accession number,1652044-25-14,12/31/24,"Tuesday, 2/4/25, at 8:41pm ET",other,1,ok,confirmed,none,https://mosaic-finance.com/filings/0d53a3d4-8d8f-4765-a248-68a076605ba5/p/ce3b2687-d93c-4512-82de-3124b6410709/k1.sgv3sQJnaUl4V28YrtR37dyRwUUqZnBMbUioEz6wxZs/,0001652044-25-000014,,"For the fiscal year ended December 31, 2024",later_confirmed,false,,3,
X201,Cd8298af9b2a0,aggregator,multi_period,Dollarama Inc.,drivers of sales increase,"the inclusion of a full quarter of sales in Australia compared to a 13-day Post-Acquisition Period in the second quarter of Fiscal 2026, growth in the total number of stores in Canada over the past 12 months (from 1,665 on August 3, 2025, to 1,734 on August 2, 2026) and Comparable store sales growth in Canada",,"September 16, 2026",other,1,ok,confirmed,none,https://mosaic-finance.com/filings/aefbb6cf-9a52-525f-9a3f-4a13d0f696ab/p/35195a42-f7cc-4567-820d-922ae28a75a0/k1.kXAKAQzaF6nM36XSPBGAwtA4s3qQCMBzDF67Fy_jxeI/,,No exchange_document_id is stored in the returned filing passage or filing metadata.,"Sales for the second quarter of Fiscal 2027 increased by 17.6% to $2,026.6 million, compared to $1,723.8 million in the corresponding period of the prior fiscal year. This increase was driven by the inclusion of a full quarter of sales in Australia compared to a 13-day Post-Acquisition Period in the second quarter of Fiscal 2026, growth in the total number of stores in Canada over the past 12 months (from 1,665 on August 3, 2025, to 1,734 on August 2, 2026) and Comparable store sales growth in Canada.",not_settled,false,,5,
X202,Cda61fa484cf4,aggregator,multi_period,TÜRK HAVA YOLLARI A.O.,ESAS FAALİYET KARI (ZARARI),24.529,01.01.2025 - 30.06.2025,05.08.2026 08:00:21,reported_figure,1,ok,confirmed,none,https://mosaic-finance.com/filings/8be690aa-6d29-48ea-8a49-958c29762db7/p/506b65a0-c95b-4985-9fb9-1f2826f416b6/k1.mcSRp8isWpZrw5GsC7n_GHyjZu1mDhyWna7O9zTqelM/,1472624,,"|**KAR VEYA ZARAR KISMI**|**Dipnot**<br>**Referansları**|**1 Ocak-**<br>**30 Haziran 2025**|**1 Nisan-**<br>**30 Haziran 2025**|**1 Ocak-**<br>**30 Haziran 2024**|**1 Nisan-**<br>**30 Haziran 2024**|
|**ESAS FAALİYET KARI**||**24.529**|**27.408**|**20.307**|**19.104**|",not_settled,false,,7,
X203,Cdb900e7883f9,aggregator,multi_period,ISRG,Relationship between growth and prostate cancer surgical volumes,the growth is largely aligned with surgical volumes of prostate cancer,,1.7 years ago,opinion,1,ok,not_checkable,opinion,,,,,not_settled,false,,3,
X204,Cdd3401974245,aggregator,multi_period,Clairvest,sale announcement,"Announces the Sale of Star Waste Systems to Casella Waste Systems, Inc.",,Apr. 01,other,1,ok,confirmed,none,https://mosaic-finance.com/filings/35be3126-c2a1-4472-934b-2d2aa02216b2/p/734adec0-d818-4323-ab67-38e1aa9e0826/k1.sc9Jyh5aFMqldC0l3J_EZ-nk6Q-JUzZqlxHRhGg-7Tk/,,No exchange_document_id is stored in the returned filing passage metadata.,"In April 2026, Star Waste Systems was acquired by Casella Waste Systems at a 2.6x MOIC and a 31% IRR – a strong result built through eight acquisitions and EBITDA growth of nearly 560% alongside Founder and CEO Patsy Sperduto.",later_confirmed,false,,10,
X205,Ce776c5d7c3bc,aggregator,multi_period,TÜRK HAVA YOLLARI A.O.,Finans Sektörü Faaliyetleri Maliyeti,0,01.04.2026 - 30.06.2026,05.08.2026 08:00:21,reported_figure,1,ok,off_target,none,,,,,not_settled,false,,6,
X206,Cf29b850a3b32,aggregator,multi_period,TÜRK HAVA YOLLARI A.O.,Net Parasal Pozisyon Kazançları (Kayıpları),585,01.01.2026 - 30.06.2026,05.08.2026 08:00:21,reported_figure,1,ok,confirmed,none,https://mosaic-finance.com/filings/a30f1989-4d8d-4f2b-8981-f3f863f8c231/p/da2161eb-5391-43e9-b300-cc0f33949846/k1.9K77zAj9bpABCYUsQx9pgcS_JncOGQWHEjhbv5jphPU/,1643238,,|**Net Parasal Pozisyon Kazançları/(Kayıpları)**||585|100|,not_settled,false,,4,
X207,Cf4f638748632,aggregator,multi_period,Clairvest Group Inc.,instrument status,Inactive Instrument,,,other,1,ok,off_target,none,,,,,not_applicable,false,,3,
X208,Cfbc4db321b6e,aggregator,multi_period,Clairvest,completed sale,completes sale of Acera Insurance shares,,03/02,other,1,ok,confirmed,none,https://mosaic-finance.com/filings/29c26758-2a59-49ca-b275-e2c4a09b6034/p/9c6679df-fb3b-4edb-83df-599804c2876e/k1.LqjNOGXWKmYamSTFrCx08Z0Q73fPKdghoBVKp-z2c-k/,,No exchange_document_id is provided in the Mosaic filing or passage results.,"During the quarter, Clairvest and CEP VI completed the sale of their ownership interest in Acera Insurance for cash proceeds of $325 million in addition to an $81.5 million promissory note.",later_confirmed,false,,6,
X209,C03c4e716b2a3,aggregator,reach,Facebook,DAP exclusions,The numbers for DAP do not include users on our other products unless they would otherwise qualify as DAP based on their other activities on our Family products.,,3.7 years ago,other,1,ok,confirmed,none,https://mosaic-finance.com/filings/54c11bbe-6119-47f7-8224-8e89c86fe51f/p/ce711980-31df-4a29-ad74-b75956d3e165/k1.pOlIpwyJH4tC5bU4beXK3gkbEoSJr3sbi5xHY7173O0/,0001628280-26-050705,,"The numbers for our key Family metrics, our DAP and average revenue per person (ARPP), do not include users on our other products unless they would otherwise qualify as DAP based on their other activities on our Family products.",later_confirmed,false,,3,
X210,C03dcc865e5c7,aggregator,reach,Costco,warehouses in China,three,"May 7, 2023","Wednesday, 5/31/23, at 7:21pm ET",reported_figure,1,ok,confirmed,none,https://mosaic-finance.com/filings/70f1ff67-afc4-4ca0-b92e-4b94eb1906d2/p/dacc3a06-18a6-4695-b305-3efb4d20a07f/k1.tf5saa5ZYDziyteqTdWKWpovjTCe0jP0l80ZURhGUpU/,0000909832-23-000028,,"At May 7, 2023, Costco operated 852 warehouses worldwide: 586 in the United States (U.S.) located in 46 states, Washington, D.C., and Puerto Rico, 107 in Canada, 40 in Mexico, 32 in Japan, 29 in the United Kingdom (U.K.), 18 in Korea, 14 in Taiwan, 14 in Australia, four in Spain, three in China, two in France, and one each in Iceland, New Zealand, and Sweden.",later_confirmed,false,,2,
X211,C075f0954df32,aggregator,reach,Shopify,increase in other current assets,$21.9 million,"December 31, 2020 compared to December 31, 2019",5.8 years ago,reported_figure,1,ok,confirmed,none,https://mosaic-finance.com/filings/6fc500a2-882f-448d-b490-f28db85154e0/p/8b26408a-89a2-4172-8dc9-2fe86c7809ba/k1.74bw0oZIS8zKjO9A84EVxwn1Fq7Muw-99TJmeUfR2qE/,,The Mosaic passage and filing metadata do not provide an exchange_document_id.,"Total assets increased $4,273.4 million as at December 31, 2020 compared to December 31, 2019, principally due to a $3,932.8 million increase in cash, cash equivalents and marketable securities driven largely by our May 2020 and September 2020 public equity offerings, and our issuance of the Notes, a $171.0 million increase in equity and other investments due mainly to our investment in Affirm received in conjunction with our strategic partnership, a $94.6 million increase in merchant cash advances, loans and related receivables largely due to an expansion of our Capital offerings and programs, a $56.1 million increase in income taxes receivable, a $33.2 million increase in deferred tax assets, a $30.2 million increase in trade and other receivables, and a $21.9 million increase in other current assets.",later_confirmed,false,,5,
X212,C120befffa9e8,aggregator,reach,CW Enerji,share repurchase program announcement,hisse geri alım programını,2 Temmuz 2025,,other,1,ok,confirmed,none,https://mosaic-finance.com/filings/11b8633e-4792-4543-a3a9-a9aa9185c009/p/009e6c33-c6c7-4baa-a30b-4327fecbf8b3/k1.YzWY1N2HzEedOeL6DrqTH9Umrb1XHGSe_4vQ1YWCv7k/,1492920,,"02.07.2025 tarihinde yapılan açıklamamızda belirtilen; Şirketimizin borsada kendi paylarının geri alımına ilişkin Yönetim Kurulumuzun 02.07.2025 tarihli ve 2025/027 sayılı ""Geri Alım Programı Kapsamında"" konulu kararı; Yönetim Kurulumuzun 25.09.2025 tarihli ve 2025/043 sayılı kararı ile mevcut konjonktür çerçevesinde yapılan değerlendirmeler sonucunda iptal edilmiştir.",not_applicable,false,,3,
X213,C1afb6cafb9b2,aggregator,reach,Chevron,consensus earnings per share forecast,95-cent,Q1 2026,5 months ago,estimate,1,ok,not_checkable,consensus_estimate,,,,,not_settled,false,,1,
X214,C1be7e72d3aee,aggregator,reach,Facebook,"Family Daily Active People (DAP), In Billions","2.96
2.93
2.87
2.76
2.82
2.81
2.72
2.88
2.60",,3.7 years ago,reported_figure,1,ok,off_target,none,,,,,not_settled,false,,3,
X215,C1d4f499a05f7,aggregator,reach,SDT UZAY VE SAVUNMA TEKNOLOJİLERİ A.Ş.,English translation and controlling disclosure language,"İşbu açıklamamızın İngilizce çevirisi ekte yer almakta olup, açıklama metinlerinde herhangi bir farklılık olması durumunda, Türkçe açıklama esas kabul edilecektir.",,25.07.2025 - 10:31,other,1,ok,confirmed,none,https://mosaic-finance.com/filings/1f0b98e4-5abc-4305-88eb-9cd0df9bde06/p/28e4ae08-595b-423f-b5e9-58491b238d24/k1.dt1aw2N3t2oXnvfgbNW6P-NygKtDfC3jdlvpbSBBKbw/,1491691,,"İşbu açıklamamızın İngilizce çevirisi ekte yer almakta olup, açıklama metinlerinde herhangi bir farklılık olması durumunda, Türkçe açıklama esas kabul edilecektir.",later_confirmed,false,,4,
X216,C1f8fc1444ed5,aggregator,reach,Ferrari,dealer selection objectives,selecting dealers who are able to provide a purchase and after-sales experience aimed at exceeding our clients' high expectations,,4.6 years ago,other,1,ok,confirmed,none,https://mosaic-finance.com/filings/ecf02c66-8333-40d2-b70b-870440a20350/p/a9f63931-e5e7-45b7-8b71-1649f99665ca/k1.V5eemgfA5eceDUccyh-1x-QB5mAbmJSVyTjmW5Dll7Y/,0001648416-26-000024,,We are also intent on selecting dealers who are able to provide a purchase and after-sales experience aimed at exceeding our clients’ high expectations.,later_confirmed,false,,2,
X217,C219b3935506b,aggregator,reach,Alimentation Couche Tard,B2B activities performance,delivered solid results,,"July 8, 2026",opinion,1,ok,not_checkable,opinion,,,,,not_settled,false,,3,
X218,C247f783658b7,aggregator,reach,KPT Tersane,ground-mounted solar power plant installation contract with CW Enerji alongside Desan Deniz,toplam 12.4 Milyon USD,,,reported_figure,1,ok,off_target,none,,,,,not_applicable,false,,11,
X219,C24a2fe668576,aggregator,reach,Meta,Family daily active people year-over-year growth,+7% YoY,December 2025 average,,reported_figure,1,ok,confirmed,none,https://mosaic-finance.com/filings/1b699867-2020-44b2-b82a-040d7d9f28af/p/119968f4-215f-4a4a-9922-0295f969518e/k1.ExZalmzS0aQsT091TVk6zMtNvEnM3wM8G2OP-VN_8rM/,0001628280-26-003942,,"Family daily active people (DAP) was 3.58 billion on average for December 2025, an increase of 7% year-over-year.",not_applicable,false,,2,
X220,C281515665d6c,aggregator,reach,CW Enerji,subsidiary ownership,%100 bağlı ortaklığı CW Solar Cell Enerji A.Ş.,,19 Haziran 2025 10:54:45,reported_figure,1,ok,confirmed,none,https://mosaic-finance.com/filings/ff7c5a04-5bee-40c9-9c64-0f1619f3203f/p/a10f9240-fc60-4446-9c89-e8cf8a1c88bd/k1.25oz75zyT5OAhKxX68vr4d-Ex79wSqhDylgFIByClMc/,1582917,,"Şirketimiz tarafından yukarıda belirtilen tarihlerde yapılan özel durum açıklamalarında, %100 bağlı ortaklığımız CW Solar Cell Enerji A.Ş. bünyesinde yürütülmekte olan fotovoltaik güneş hücresi üretim yatırımına ilişkin süreç ve gelişmeler kamuoyu ile paylaşılmıştır.",later_confirmed,false,,3,
X221,C2e4965754329,aggregator,reach,Cargojet Inc.,Net income,$83.4 million,"third quarter ended September 30, 2022","October 31, 2022",reported_figure,1,ok,confirmed,none,https://mosaic-finance.com/filings/16e1a270-4b1c-43f5-be05-b396cc6dbda7/p/8b642ec7-aa98-4b2a-b293-12767f56003a/k1.CJBOnCbOn0qJyvAAMUFB0LqIuibJy6YMaWN8q4dTElo/,,No exchange_document_id is stored in the returned filing metadata.,"Net income for the three month period ended September 30, 2022 was $83.4 million compared to loss of $12.9 million for the same period in 2021, an increase of $96.3 million or 746.5%.",later_confirmed,false,,4,
X222,C2ec00ebecf77,aggregator,reach,"AutoZone, Inc.",Annual Report on Form 10-K filing date,"October 24, 2022","fiscal year ended August 27, 2022",3.0 years ago,other,1,ok,confirmed,none,https://mosaic-finance.com/filings/ca93fa3b-6fb1-49f0-afdf-c1d5a67e5f2d/p/c2d9ea2a-f9ff-4ba4-90ca-6adde747d4b1/k1.agXFYOKiIYGcY88q8qAQ1_eT3PuBbzbb1Jx6ca1CToY/,0001558370-23-016668,,"A discussion of changes in our results of operations from fiscal 2022 to fiscal 2021 has been omitted from this Annual Report on Form 10-K, but may be found in “Item 7. Management’s Discussion and Analysis of Financial Condition and Results of Operations” of our Annual Report on Form 10-K for the fiscal year ended August 27, 2022, filed with the SEC on October 24, 2022, which is available free of charge on the SECs website at www.filing-source and at www.autozone.com, by clicking “Investor Relations” located at the bottom of the page.",later_confirmed,false,,5,
X223,C2fa0999c0069,aggregator,reach,Couche-Tard,increase in total dividends per share,10.5%,fiscal 2026 compared to fiscal 2025,,reported_figure,1,ok,confirmed,none,https://mosaic-finance.com/filings/7d405262-4438-40d5-aa67-6796e87c7461/p/6d979315-d227-4f17-b96b-25698885b6b6/k1.d-C5uH3nPwkRpiLhii9XKLbr5R-ZFm6ZOru5C6HV2B0/,,No exchange_document_id was provided in the Mosaic filing or passage results.,"For fiscal 2026, the Board of Directors declared total dividends of CA 84.00¢ per share, an increase of 10.5% compared to CA 76.00¢ for fiscal 2025.",not_applicable,false,,3,
X224,C2fd22a5f5b6b,aggregator,reach,"AUTOZONE, INC.","Retirement of treasury shares, displayed row values","(1,044) | (10) | (60,005) | (1,139,173) | — | 1,199,188 | —",,5.3 years ago,reported_figure,1,ok,confirmed,none,https://mosaic-finance.com/filings/ca93fa3b-6fb1-49f0-afdf-c1d5a67e5f2d/p/4a22c3ac-33a4-420c-b6bb-1434796cd93e/k1._EqVKu3JCXNbxdG2DKgSaVRkbPoP9rm8ho3tRHIvIBs/,0001558370-23-016668,,"Retirement of treasury shares

(1,044)

​

(10)

​

(60,005)

​

(1,139,173)

​

—

​

1,199,188

​

—",later_confirmed,false,,2,
X225,C325030730297,aggregator,reach,SDT UZAY VE SAVUNMA TEKNOLOJİLERİ A.Ş.,responsibility for disclosures,yapılan bu açıklamalardan sorumlu olduğumuzu beyan ederiz,,25.07.2025 - 10:31,other,1,ok,off_target,none,,,,,not_settled,false,,4,
X226,C328a822928ec,aggregator,reach,CWENE,balance sheet publication,2025/6 dönem bilançosu açıklandı,2025/6,12 Ağustos 2025 18:43:05,other,1,ok,confirmed,none,https://mosaic-finance.com/filings/84b15c13-0d55-4570-9b65-a48d5c464293/p/746f319d-bce5-4737-9462-55bbee9819ae/k1.emezbzQ7dgQIddgdDPVlLddrEf6DcNl5aZGI3CkUN2k/,1477038,,## **<mark>CW ENERJİ MÜHENDİSLİK TİCARET VE SANAYİ ANONİM ŞİRKETİ</mark> 30 HAZİRAN 2025 TARİHLİ KONSOLİDE FİNANSAL DURUM TABLOSU**,not_settled,false,,5,
X227,C335358e821e2,aggregator,reach,Couche-Tard,total dividends per share declared,CA 76.00¢,fiscal 2025,,reported_figure,1,ok,confirmed,none,https://mosaic-finance.com/filings/94564265-44a9-4ad3-8619-87ca95ab26a0/p/88369581-bd44-4699-bb1a-751a9e1dc485/k1.eueRSoJybYeAS5RpvtxFejhLUzdEY-Tt6ualInQg-ok/,,No exchange_document_id is stored in the returned filing metadata.,"For fiscal 2025, the Board of Directors declared total dividends of CA 76.00¢ per share, an increase of 14.3% compared to CA 66.50¢ for fiscal 2024.",not_applicable,false,,3,
X228,C367377e789eb,aggregator,reach,NFLX,increase in paid memberships at end of period,16%,2023 to 2024,1.8 years ago,reported_figure,1,ok,confirmed,none,https://mosaic-finance.com/filings/c2e1f6c1-106a-47f7-82c9-93eed046af99/p/c5fd27b6-7eb5-40c4-98f4-0b94436e7d11/k1.MZKEowy0d1NTPVv15LJbvy8j_SJ_BUP9R4jBsAkvZ9c/,0001065280-25-000044,,"Paid memberships at end of period (2)301,626 260,276 230,747 16 %",later_confirmed,false,,2,
X229,C3754dac3ed1e,aggregator,reach,SDT Uzay,Share price in TL,250.50,,3 months ago,other,1,ok,off_target,none,,,,,not_settled,false,,9,
X230,C3ac53dea6eca,aggregator,reach,SAHOL,AOSM assumption,%12,2024 – 2029,last year,forecast,1,ok,confirmed,none,https://mosaic-finance.com/filings/a476e4b6-b73e-486d-8edc-681c6ec0191c/p/a11ab7e7-5b59-47a6-9287-9204526666d1/k1.fGrk_oOTN8QJArmDr2Mie9xBiq_lTfZfsBeLnStmXQw/,1566012,,(16) 2024-2029 dönemi için getiri hedeflerinde referans kıstas olarak AOSM %12 varsayılmaktadır.,later_confirmed,false,,2,
X231,C3d44f4dca16e,aggregator,reach,"AutoZone, Inc.",gross profit,$7.7 billion,fiscal 2021,"October 24, 2022",reported_figure,1,ok,confirmed,none,https://mosaic-finance.com/filings/641a9842-63f0-499e-9fa7-6779b4379d1d/p/e842729d-e87c-4420-9ead-c084e59b25d1/k1.5-cO4LV8pF1MgdvywPQ1BzenVkfkEXpNujHZGS-cK90/,0001558370-22-015239,,"Gross profit for fiscal 2022 was $8.5 billion, or 52.1% of net sales, a 62 basis point decrease compared with $7.7 billion, or 52.8% of net sales for fiscal 2021.",later_confirmed,false,,3,
X232,C3f2b5217554b,aggregator,reach,Costco,Warehouses in Korea,16,"period ended February 13, 2022",4.6 years ago,reported_figure,1,ok,confirmed,none,https://mosaic-finance.com/filings/5df69076-c8df-4540-b374-516c5d7e4dd4/p/293f6128-5664-40cb-bbd9-d68a5ab0bf1d/k1.JeNlY0VeGhRc-8vczRlwqE8w2-gccvFYJBP9IBdDoFs/,,No exchange_document_id is stored in the returned passage or filing metadata.,"For the period ended February 13, 2022, Costco operated 828 warehouses worldwide: 572 in the United States (U.S.) located in 46 states, Washington, D.C., and Puerto Rico, 105 in Canada, 40 in Mexico, 30 in Japan, 29 in the United Kingdom (U.K.), 16 in Korea, 14 in Taiwan, 13 in Australia, four in Spain, two each in France and China, and one in Iceland.",later_confirmed,false,,4,
X233,C3fff00857b67,aggregator,reach,CW Enerji Mühendislik Sanayi A.Ş.,CEO,Sinan Özer,,4 Eylül 2025 19:12:36,other,1,ok,contradicted,wrong_number,https://mosaic-finance.com/filings/209e6af8-e8c9-4de3-b4a0-d76046efb05b/p/a130f7c8-5283-4bd8-9dc8-623f2d993bd8/k1.xa1kIox3ymbcqHFMZ71QtILBNlaY3RuXIdED2ccppEg/,1639757,,| SİNAN ÖZER | Muhasebe ve Mali İşler Direktörü | Üst Düzey Yönetici |  |  |,later_refuted,false,,4,
X234,C470b1e117bcb,aggregator,reach,CW Enerji,solar panel sales agreement with a customer based in Turkey,1.4 Milyon USD (KDVsiz 48 Milyon TL),,,reported_figure,1,ok,off_target,none,,,,,not_applicable,false,,9,
X235,C4bb53983358f,aggregator,reach,Chevron,quarterly dividend payment date,"June 10, 2026",,5 months ago,other,1,ok,confirmed,none,https://mosaic-finance.com/filings/6a197799-fa80-4886-91b2-7c1e4a86de48/p/def8e5fc-2e89-48c3-b40d-a1a3c88ee790/k1.QYNK0T4_Ya_mvAe3rEGNpluPV5Kh8GpFGckSdoyeZ_c/,0000093410-26-000110,,"The company’s Board of Directors declared a quarterly dividend of one dollar and seventy-eight cents ($1.78) per share, payable June 10, 2026, to all holders of common stock as shown on the transfer records of the corporation at the close of business on May 19, 2026.",not_settled,false,,3,
X236,C4d4f98abf8f6,aggregator,reach,Chevron Corporation,unspecified figure,1.19,1st Q,,reported_figure,1,ok,off_target,none,,,,,not_applicable,false,"The claim omits the metric and year, so the filings cannot establish a matching company, metric and period.",1,
X237,C4d9c6a7d9ebb,aggregator,reach,SDTTR,new business relationship,Yeni İş İlişkisi,,14.05 15:11,other,1,ok,confirmed,none,https://mosaic-finance.com/filings/2ef87a1f-5f4f-4792-8119-86b5a9c8b8e5/p/d40eeb1d-a783-44a5-a8ad-19a089da316a/k1.A500kS-27gTwFj1l-cWDeHu5Ux0rRkDJiUbUvfv-qXM/,1607242,,"### Yeni İş İlişkisi

Şirketimiz, 14.05.2026 tarihinde, Türkiye Cumhuriyeti Cumhurbaşkanlığı Savunma Sanayii Başkanlığı (SSB) ile 5G GSM sinyal karıştırma alanında sistemler üretimi kapsamında toplam tutarı 562.500 ABD Doları olan sözleşme imzalamıştır.",not_settled,false,,4,
X238,C506629b88cb1,aggregator,reach,Tesla,stock investment recommendation,investors are suggested to hold Tesla's stock for the long term and earn significant returns.,the long term,,opinion,1,ok,not_checkable,opinion,,,,,not_applicable,false,,0,
X239,C5127a98abebb,aggregator,reach,Orge Enerji Elektrik Taahhüt A.Ş.,Contract price increase,Mandarin Oriental Etiler Projesine ilişkin sözleşme bedeli artışı,,02.09.2025 23:24,other,1,ok,confirmed,none,https://mosaic-finance.com/filings/e427728d-19a3-4ca8-a606-32a2f361fb50/p/eda33224-ee6d-4172-ab3e-1c2ef6836983/k1.a7cGLHp9wvQGg8tGHEbeBZ1316DAnu2-lNLlg2Uk86g/,1485794,,"Şirketimizin devam eden işleri arasında yer alan Mandarin Oriental Etiler Projesi'nde, İşveren Astaş - Yapı ve Yapı Adi Ortaklığı ile devam eden 335.467.161 TL tutarındaki sözleşme büyüklüğü, İşveren ile yapılan anlaşma çerçevesinde, 92.469.733 TL keşif artışıyla 427.936.894 TL olarak revize edilmiştir.",later_confirmed,false,,4,
X240,C54935ac30d24,aggregator,reach,CN,EPS,record EPS of C$1.93,Q2 2022,,reported_figure,1,ok,contradicted,adjusted_mixed_with_reported,https://mosaic-finance.com/filings/5ac4f76c-ee77-48e1-add3-81eea46bf395/p/e427680b-8c62-4e10-aca3-f4747ab5ef0a/k1.wTF6vS8RJhuYSrWAWqV1CqaQHIm78ANPs-HjdlwI_YY/,,No exchange_document_id is stored in the returned passage metadata.,"Financial performance improved year-over-year with record adjusted diluted earnings per share (EPS) of C$1.93, up 30%.[(1)] For the same period, the Company reported diluted EPS up 32% to C$1.92.",not_applicable,false,,3,
X241,C5520f8c9e0c8,aggregator,reach,FB,Family daily active people (DAP),2.82,,,reported_figure,1,ok,confirmed,none,https://mosaic-finance.com/filings/d0f0cc87-80b3-47ad-af97-17ec3add6117/p/8c74d0c2-2a82-4bd3-95e5-d8961b2d6ecb/k1.IK3AC19gYMeCZi-gkJhK6Y7Dv5Ao5aThii_pz5ePdxc/,0001326801-23-000013,,Worldwide DAP increased 5% to 2.96 billion on average during December 2022 from 2.82 billion during December 2021.,not_applicable,false,,4,
X242,C58a21b348cb9,aggregator,reach,VERIZON COMMUNICATIONS INC,country,美国,,4 months ago,other,1,ok,confirmed,none,https://mosaic-finance.com/filings/1c73fbb0-8702-43fe-8bb3-531d12b44941/p/0988f2ac-d198-4b08-983a-da28463e188e/k1.xmnQGuSIAfhbjVin3uEuyp_gBUcemcH5n5bKDyh2mxU/,0000732712-26-000046,,"2.10“Company” means Verizon Communications Inc., a Delaware corporation, and any successor thereto as provided in Article 19 hereof.",later_confirmed,false,,3,
X243,C5b46db21b85b,aggregator,reach,Marriott International,System properties,"9,805 properties",year-end 2025,"Feb 10, 2026",reported_figure,1,ok,confirmed,none,https://mosaic-finance.com/filings/ecca24ea-b82f-4e23-9a7a-d0a13eae8b20/p/bba46991-5889-4d69-8c80-f2de1a18b56f/k1.Ib9UqgWFnJLV6pOhFB13xNnvBXCRRqzQpfFvHX9Bmrc/,0001048286-26-000035,,"At the end of the 2026 second quarter, our system had 10,082 properties (1,813,698 rooms), compared to 9,805 properties (1,779,936 rooms) at year-end 2025 and 9,601 properties (1,735,819 rooms) at the end of the 2025 second quarter.",later_confirmed,false,,2,
X244,C5f15f089fe19,aggregator,reach,FERRARI,MIDDLE EAST points of sale,11 POS,"December 31, 2022",3.6 years ago,reported_figure,1,ok,off_target,none,,,,,not_settled,false,,9,
X245,C5f4c1d3e827e,aggregator,reach,Union Pacific Corp.,Quarterly report,‘10-Q’ for 6/30/25,6/30/25,1.2 years ago,other,1,ok,confirmed,none,https://mosaic-finance.com/filings/5f0a41ad-c185-46ef-8adb-fb8766d9d4c7/p/f5693242-2644-420a-977c-744f197ab452/k1.DW2Ip8lfTXMaP8ERcZ1O7anw_3SBQS7MZTnLglMMqSY/,0000100885-25-000253,,"In connection with the accompanying quarterly report of Union Pacific Corporation (the Corporation) on Form 10-Q for the period ending June 30, 2025, as filed with the Securities and Exchange Commission on the date hereof (the Report)",later_confirmed,false,,2,
X246,C676dccd32199,aggregator,reach,TSLA,Profitability improvement focus,improving our profitability through production and operational efficiencies,,1.3 years ago,other,1,ok,confirmed,none,https://mosaic-finance.com/filings/53e82ad4-bedc-45ff-b866-c8a225c9869b/p/0a3c4abe-b7f7-4fd6-88ff-5b7876a39bfb/k1.tHDQwArGw0Ifpi-Q3Ai9TH7wn_LLWT8u3TkoKdsOn_c/,,No exchange_document_id is stored in the returned passage metadata.,We continue to focus on improving our profitability through production and operational efficiencies.,later_confirmed,false,,3,
X247,C69b0f5043464,aggregator,reach,Tesla,vehicles produced,"479,700 vehicles",Q2 '23,Tuesday July 02 2024,reported_figure,1,ok,confirmed,none,https://mosaic-finance.com/filings/06bb59be-5f65-481c-9242-a8b53d70160d/p/915f9ef3-f0a1-4568-8439-4d9931e5be33/k1.qQ8Uo6DSKk5Nf0-8iC7Xw0mKwc9j-y0M8Pyg1o2pZxg/,0001628280-24-032603,,"Q2-2023 Q3-2023 Q4-2023 Q1-2024 Q2-2024 YoY Model 3/Y production 460,211 416,800 476,777 412,376 386,576 -16% Other models production 19,489 13,688 18,212 20,995 24,255 24% Total production 479,700 430,488 494,989 433,371 410,831 -14%",later_confirmed,false,,2,
X248,C6b01a5179c28,aggregator,reach,NETFLIX INC,10-Q filing date,2020-04-21,,6.5 years ago,other,1,ok,confirmed,none,https://mosaic-finance.com/filings/a1813be1-df56-497a-8906-c3f5f653df5c/p/419e94c9-83ef-4eaa-86cc-7d0818395c89/k1.xsN4GVr3wEN6C36QI6iV_iNeQNJTRIAi7SD6MEkhtHE/,,The Mosaic filing and passage results do not expose an exchange_document_id.,"NETFLIX, INC.

Dated:

April 21, 2020",later_confirmed,false,,4,
X249,C6be73bec446a,aggregator,reach,"AutoZone, Inc.",gross profit,$2.1 billion,"twelve weeks ended May 6, 2023",3.3 years ago,reported_figure,1,ok,confirmed,none,https://mosaic-finance.com/filings/336bf94f-8c2c-40cd-a064-17879ffce5d0/p/ad75b8e1-fb01-4243-8b9c-5fbb106e8eca/k1.kxoB5KGszezvYkaK3Dv-UFHC5pT3q4MRqtnpi9bDjfA/,0001558370-23-010958,,"Gross profit for the twelve weeks ended May 6, 2023 was $2.1 billion, compared with $2.0 billion during the comparable prior year period.",later_confirmed,false,,5,
X250,C6ee0a3b78fe3,aggregator,reach,"AutoZone, Inc.",cash and cash equivalents (in thousands),"277,054","August 26, 2023",3.0 years ago,reported_figure,1,ok,confirmed,none,https://mosaic-finance.com/filings/ca93fa3b-6fb1-49f0-afdf-c1d5a67e5f2d/p/918e278c-6ab5-4b47-91fb-205ff971cf16/k1.8F_ATBRcf_xCO9nBvPaEPP6EB6FkwKyB6jGIIzZvZek/,0001558370-23-016668,,"Cash and cash equivalents at end of period

​

$

277,054

​

$

264,380

​

$

1,171,335",later_confirmed,false,,3,
X251,C70a2d397444c,aggregator,reach,Couche-Tard,effective date of forward-looking statements,"speak only as of June 22, 2026","June 22, 2026",,other,1,ok,confirmed,none,https://mosaic-finance.com/filings/992b57e8-32e7-4809-a905-d88d1e562aaf/p/5a7ef99c-5b1e-48e0-aba5-bf5934709e32/k1.-FxRGDNh_WNb2ZGSubNBwbaG7KdKpUDD21mgYiY_6rc/,,No exchange_document_id is stored in the returned filing metadata.,"Our forward-looking statements in this press release speak only as of June 22, 2026, and unless otherwise required by applicable securities laws, we expressly disclaim any intention or obligation to update or revise forward-looking statements, whether as a result of new information, future events or otherwise.",not_applicable,false,,3,
X252,C7c622af1c061,aggregator,reach,Netflix (NFLX),Highest closing price,$59.74,"2022; January 3, 2022",,other,1,ok,off_target,none,,,,,not_applicable,false,,6,
X253,C84e229bcc0f1,aggregator,reach,"AutoZone, Inc.",net sales,$14.6 billion,"year ended August 28, 2021","October 24, 2022",reported_figure,1,ok,confirmed,none,https://mosaic-finance.com/filings/641a9842-63f0-499e-9fa7-6779b4379d1d/p/e842729d-e87c-4420-9ead-c084e59b25d1/k1.5-cO4LV8pF1MgdvywPQ1BzenVkfkEXpNujHZGS-cK90/,0001558370-22-015239,,"For the fiscal year ended August 27, 2022, we reported net sales of $16.3 billion compared with $14.6 billion for the year ended August 28, 2021, a 11.1% increase from fiscal 2021.",later_confirmed,false,,4,
X254,C8892ba9fab88,aggregator,reach,VBT YAZILIM A.Ş.,Order customer,Türkiye'de yerleşik bir banka,,,other,1,ok,confirmed,none,https://mosaic-finance.com/filings/967ae743-7bc5-45f6-947f-044864e8a5b7/p/93a46ff8-862f-4fc1-befc-df7b8a178e15/k1.tDK98zRBB7gXHiGh8RcOPc4dF4g3E-cgxd6SXfe3CPk/,1672571,,"Şirketimiz, Türkiye'de yerleşik bir banka ile Mainframe yazılım ürünleri bakım yenileme ve yeni lisans kapsamında 3 yıllık dönem için toplam 4.248.941,52 USD + KDV tutarında sipariş almıştır.",not_applicable,false,,3,
X255,C88d611a22543,aggregator,reach,Cargojet,strategic customer volume outlook,we expect greater endurance of volumes with our strategic customers even if global volumes soften during a recessionary period,during a recessionary period,"October 31, 2022",forecast,1,ok,not_checkable,forecast,,,,,not_settled,false,,3,
X256,C8934d7ce1cef,aggregator,reach,CW Enerji,Distribution of balance-sheet profit,2024 yılı bilanço karının bedelsiz olarak dağıtılması kabul edildi,2024,3 Temmuz 2025 17:09:54,other,1,ok,confirmed,none,https://mosaic-finance.com/filings/84b15c13-0d55-4570-9b65-a48d5c464293/p/e8e48074-0cc2-477d-9e2b-511997bdf1d5/k1.jXPc90Waf-1KYJ6lgQxVPwwHtriLRRfT0gN-z_xkfck/,1477038,,CW Enerji’nin 3 Temmuz 2025 tarihinde gerçekleşen 2024 faaliyet yılı olağan genel kurulunda 2024 yılı kârının 78.290.009 TL'lik kısmının bedelsiz kar payı olarak dağıtılmasına karar verilmiştir.,later_confirmed,false,,4,
X257,C893c27d30384,aggregator,reach,"AutoZone, Inc.",gross profit as a percentage of sales,52.5%,"twelve weeks ended May 6, 2023",3.3 years ago,reported_figure,1,ok,confirmed,none,https://mosaic-finance.com/filings/336bf94f-8c2c-40cd-a064-17879ffce5d0/p/d23abfde-5b00-40c1-8667-73f3c4d9e4de/k1.I902JCwgyVnDruZ8Chb54E3m_aCe7OoJe3bOA11fMJg/,0001558370-23-010958,,"Gross profit for the twelve weeks ended May 6, 2023 was $2.1 billion, compared with $2.0 billion during the comparable prior year period. Gross profit, as a percentage of sales, was 52.5% compared to 51.9% during the

19

comparable prior year period.",later_confirmed,false,,5,
X258,C8cfadbf9238c,aggregator,reach,Netflix (NFLX),share price record,ทําสถิติราคาสูงสุดใหม่,,,other,1,ok,off_target,none,,,,,not_applicable,false,,2,
X259,C963fc3cd9feb,aggregator,reach,Chevron Corp,total revenues and other income,$48.716 billion,first-quarter 2024,"April 26, 2024",reported_figure,1,ok,confirmed,none,https://mosaic-finance.com/filings/815bf632-34e4-4513-82c9-db1c63722b73/p/d6cf5719-7cd4-4742-bc68-4883ba5e3a1f/k1.ZF1efT3nMjjs4c-kNvd8Ugv8fZQadfuoxqyAKYOh7Hc/,0000093410-24-000021,,"Three Months EndedMarch 31

20242023

(Millions of dollars, except per-share amounts)

Revenues and Other Income

Sales and other operating revenues$46,580 $48,842

Income (loss) from equity affiliates1,441 1,588

Other income (loss)695 363

Total Revenues and Other Income48,716 50,793",later_confirmed,false,,5,
X260,C97c3f7022403,aggregator,reach,Union Pacific,operating ratio improvement,improved 1.1 points year over year,Q3 2025,,reported_figure,1,ok,confirmed,none,https://mosaic-finance.com/filings/d619f3ab-bb6b-4448-a37a-60ea444b233f/p/6e57f36b-b4ec-4c21-acb4-72bfc8b75260/k1.jEUhfeeo_9e4dRlHH0U9mzfYE0b6nI_srGFlhHaMlY8/,0000100885-25-000321,,"Compared to third quarter of last year, operating income increased 6% to $2.5 billion, and the operating ratio of 59.2% improved 1.1 points, reflecting top-line growth, solid operational performance, and productivity gains.",not_applicable,false,,2,
X261,C9932314e2fe2,aggregator,reach,PAPIL,Kriminal laboratuvar kurulumu; unlabeled table values,861.1 | 33.3 | 2583.89% | 252.7 | 340.72% | -5.99%,,8 Eylül 2025,other,1,ok,off_target,none,,,,,not_settled,false,,4,
X262,Ca70b8da3e689,aggregator,reach,Chevron,annual spending limit on new projects,$17 billion annually,annually,4.4 years ago,forecast,1,ok,not_checkable,forecast,,,,,not_settled,false,,4,
X263,Ca73e1573ad5f,aggregator,reach,Tesla,profitability and shareholder returns relative to competitors,far better profitability and shareholder returns than its competitors,,,opinion,1,ok,not_checkable,opinion,,,,,not_applicable,false,,0,
X264,Ca9722752ced7,aggregator,reach,Vermilion,availability of additional information and Annual Information Form,available on SEDAR+ at [link] or on Vermilion's website at [link],,1.2 years ago,other,2,ok,confirmed,none,https://mosaic-finance.com/filings/0b8d69fe-d5f2-45e1-b32c-92da8d4a9d9d/p/4ba0233c-5854-4c2b-8042-97e060e35786/k1.wBa-kiZxARjlSYZ3egFCynVkjb-zjyw0q0N0HUntHnc/,0001279569-26-000385,,"information relating to Vermilion, including its Annual Information Form, is available on SEDAR+ at www.filing-source.ca or on Vermilion’s
website at www.vermilionenergy.com.",later_confirmed,false,,3,
X265,Cacbb402f9bd6,aggregator,reach,COSTCO WHOLESALE CORP /NEW,Entity File Number,0-20355,,4.0 years ago,other,1,ok,confirmed,none,https://mosaic-finance.com/filings/27087f62-e61b-423a-9043-30498dc7e008/p/dd6e518c-328e-4fd1-b822-45b3dc64fb53/k1.J5KcsE4vuSinPSFdmnL5yR6a02creX0gWYOguKmWXfs/,0000909832-25-000015,,Commission file number 0-20355,later_confirmed,false,,2,
X266,Caf5d96ffcd16,aggregator,reach,Costco,Warehouses in Australia,13,"period ended February 13, 2022",4.6 years ago,reported_figure,1,ok,confirmed,none,https://mosaic-finance.com/filings/5df69076-c8df-4540-b374-516c5d7e4dd4/p/293f6128-5664-40cb-bbd9-d68a5ab0bf1d/k1.JeNlY0VeGhRc-8vczRlwqE8w2-gccvFYJBP9IBdDoFs/,,The Mosaic passage and filing metadata do not store an exchange_document_id for this filing.,"For the period ended February 13, 2022, Costco operated 828 warehouses worldwide: 572 in the United States (U.S.) located in 46 states, Washington, D.C., and Puerto Rico, 105 in Canada, 40 in Mexico, 30 in Japan, 29 in the United Kingdom (U.K.), 16 in Korea, 14 in Taiwan, 13 in Australia, four in Spain, two each in France and China, and one in Iceland.",later_confirmed,false,,4,
X267,Cb001a161a58d,aggregator,reach,CW Enerji,Dividend approval,03.07.2025 tarihinde yapılan genel kurul toplantısında onaylandı,2024,3 Temmuz 2025 17:14:05,other,1,ok,confirmed,none,https://mosaic-finance.com/filings/84b15c13-0d55-4570-9b65-a48d5c464293/p/e8e48074-0cc2-477d-9e2b-511997bdf1d5/k1.jXPc90Waf-1KYJ6lgQxVPwwHtriLRRfT0gN-z_xkfck/,1477038,,CW Enerji’nin 3 Temmuz 2025 tarihinde gerçekleşen 2024 faaliyet yılı olağan genel kurulunda 2024 yılı kârının 78.290.009 TL'lik kısmının bedelsiz kar payı olarak dağıtılmasına karar verilmiştir.,later_confirmed,false,,2,
X268,Cb876776a80d5,aggregator,reach,"AutoZone, Inc.",primary source of liquidity,"our cash flows realized through the sale of automotive parts, products, and accessories",,"October 24, 2022",other,1,ok,confirmed,none,https://mosaic-finance.com/filings/ca93fa3b-6fb1-49f0-afdf-c1d5a67e5f2d/p/6f530dd3-e32e-42fc-a68b-f1786491d6ff/k1.GgmJBKjRZXZIwQs3sfPAj_W86h1nW3pOC59tYvnT5xY/,0001558370-23-016668,,"The primary source of our liquidity is our cash flows realized through the sale of automotive parts, products and accessories.",later_confirmed,false,,4,
X269,Cba6b687ec4ae,aggregator,reach,DOLLARAMA INC,Unlabeled table figures,112.05,,1.7 years ago,other,1,ok,off_target,none,,,,,not_settled,false,,3,
X270,Cc4d13c210ca2,aggregator,reach,Tesla,revenue growth,Tesla's revenue is not expected to grow too much,the whole year of 2023,,forecast,1,ok,not_checkable,forecast,,,,,not_applicable,false,,1,
X271,Cc6ece31b223f,aggregator,reach,"AutoZone, Inc.",net sales,$10.9 billion,"comparable prior year period for the thirty-six weeks ended May 6, 2023",3.3 years ago,reported_figure,1,ok,confirmed,none,https://mosaic-finance.com/filings/336bf94f-8c2c-40cd-a064-17879ffce5d0/p/1ea966c5-1529-4fc7-89a6-77669b44fa71/k1.UWt1DSIOhdFVxzrZG6jPh7XcHzpiOlXklgINzUwCkmE/,0001558370-23-010958,,"Thirty-Six Weeks Ended May 6, 2023

Compared with Thirty-Six Weeks Ended May 7, 2022

Net sales for the thirty-six weeks ended May 6, 2023 increased $862.7 million to $11.8 billion, or 7.9% over net sales of $10.9 billion for the comparable prior year period.",not_settled,false,,5,
X272,Ccbe5b6082138,aggregator,reach,NATIONAL BANK OF CANADA,Unlabeled table figures,"1,124,912.48",,1.7 years ago,other,1,ok,off_target,none,,,,,not_settled,false,,4,
X273,Ce565730a5f54,aggregator,reach,The Home Depot,Deferred Compensation Plan amendment filing reference,"Form 10-K for the fiscal year ended January 31, 2021, Exhibit 10.5","fiscal year ended January 31, 2021",9 months ago,other,1,ok,confirmed,none,https://mosaic-finance.com/filings/17037787-c3ce-489d-b209-515e7bb1310c/p/70f1dcbb-e2fe-4c84-a43d-742d163be9a9/k1.QG72vgyt5C8pnJbPOp_cnV55uiR84xbY2ADTEmGN1Es/,0001628280-26-019436,,"10.5

†Amendment No. 2 to The Home Depot Deferred Compensation Plan for Officers (As Amended and Restated Effective January 1, 2008)

Form 10-K for the fiscal year ended January 31, 2021, Exhibit 10.5",later_confirmed,false,,3,
X274,Ce61d92471d9e,aggregator,reach,CW Enerji Mühendislik,Net dönem kârı,365 Milyon TL,2024,8 Temmuz 2025 13:01:48,reported_figure,1,ok,confirmed,none,https://mosaic-finance.com/filings/d9a873e0-c436-4e31-bf6c-ec6679c4da4d/p/89af9736-274f-4cb8-bfda-fc580d91e7e9/k1.y6acSQeS8ut6Qajd7a1OE4_-1egl05xVzv7c1IZVqaQ/,1471942,,"|**5.**|**Net Dönem Kârı ( = )**|365.234.734|1.164.082.602,08|",later_confirmed,true,"The 2025-08-04 filing confirms 2024 SPK net profit of TL 365,234,734, rounding to TL 365 million. The 2026-02-07 financial report (1554382) re-expresses the 2024 comparative as TL 478,063,048 in 31 December 2025 purchasing power under TMS 29; this is an inflation restatement.",7,
X275,Cebb4eea7aba6,aggregator,reach,SDT Uzay Ve Savunma Teknolojileri A.Ş.,New business relationship,Yeni iş ilişkisi Hakkında,,03.09.2025 10:26,other,1,ok,confirmed,none,https://mosaic-finance.com/filings/66dd4988-20c4-4415-a132-7663508dd9f3/p/0f1be33e-5cee-43f6-81b5-8fe33d2ed2a2/k1.i9K9tmTEOHLNlZnK4YlhdVtp0N0ZWEr9vVgzlZIcE6I/,1485872,,"Şirketimizin, sermayesinin %95'ine sahip olduğu bağlı ortaklığı BKM Bursa Kalıp A.Ş., 03 Eylül 2025 tarihinde yurt içi bir müşterisi ile havacılık alanında 3.950.000 ABD doları tutarında bir üretim sözleşmesi imzalamıştır.",not_settled,false,,6,
X276,Cec66e8b722e2,aggregator,reach,SDTTR,signed contract total amount,14.625.000 ABD Doları,,3 weeks ago,reported_figure,1,ok,confirmed,none,https://mosaic-finance.com/filings/c99cc146-ccb5-42ce-8096-994f74a54752/p/ed6bf8c2-dacf-45e8-8cbf-89e4ddadadbf/k1.SoISl5aTlDHK0XUxBjnPWlrQobzcxWJFnWm8h4IlbOA/,1662953,,"Şirketimiz, yurt içi bir müşterisi ile savunma sistemleri alanında, toplam tutarı 14.625.000 ABD Doları olan sözleşme imzalamıştır.",not_settled,false,,5,
X277,Cee1f93447b33,aggregator,reach,META,CIK,0001326801,,,other,2,ok,confirmed,none,https://mosaic-finance.com/filings/2ae7817e-69bf-4220-bb62-bd7d287aafd6/p/445a951d-c177-4f7a-a01b-1aca293a0617/k1.apJQv81CkPYjAufHBPpJVnxsYRkFnQsHU-c-rzjLppo/,0001193125-23-134410,,"8K: Meta Platforms Inc. Current Report

Filed: 2023-05-03
Content Type: other
Items: 8.01 (Other Events), 9.01 (Financial Statements and Exhibits)
Form: 8-K
CIK: 0001326801",not_applicable,false,,2,
X278,Cf0f20baee66a,aggregator,reach,Alimentation Couche-Tard,earnings call transcript date,Sep 2,Q1 2027,,other,1,ok,confirmed,none,https://mosaic-finance.com/filings/45622fe6-ad4e-4ab2-87ff-ace353a5614d/p/e0349faa-5b3f-4c85-80b0-2cfe53b6da52/k1.BBaVkqXgMM908_uXvnoLmx0UJj6de-ZKC74MBjx0aJA/,,No exchange_document_id is provided in the Mosaic filing or passage results.,"Webcast on September 2, 2026 at 8:00 A.M. (EDT)",not_applicable,false,,3,
X279,Cf67719d505ad,aggregator,reach,"AutoZone, Inc.",restricted stock unit award agreement exhibit,"*10.27 Form of Grant Notice and Award Agreement for Restricted Stock Units granted to Officers under the AutoZone, Inc. 2020 Omnibus Incentive Award Plan. Incorporated by reference to Exhibit 10.28 to the Annual Report on Form 10-K for the fiscal year ended August 26, 2023.","fiscal year ended August 26, 2023",1.9 years ago,other,1,ok,confirmed,none,https://mosaic-finance.com/filings/7c6eb938-639e-4e3a-aff3-be34c532c66f/p/bc816e6b-845c-45c1-a24a-72840fff1f84/k1.Alwos2dlAyVbSTCcMIFmzoG9hynbZnIriQeTVcwlGL8/,0001104659-25-102611,,"*10.27

​

Form of Grant Notice and Award Agreement for Restricted Stock Units granted to Officers under the AutoZone, Inc. 2020 Omnibus Incentive Award Plan. Incorporated by reference to Exhibit 10.28 to the Annual Report on Form 10-K for the fiscal year ended August 26, 2023.",later_confirmed,false,,5,
X280,C021f5fe42cfa,forum,breadth,SMCI,net income year-over-year growth,up 80% YoY,"FY2024 Full-Year (June 30, 2024)",1.6 years ago,reported_figure,1,ok,confirmed,none,https://mosaic-finance.com/filings/1addac34-c744-468f-8cde-59b9ba731ca1/p/1f39913f-5ead-44f1-b63f-3016c4f82df1/k1.HdivqEw_gc5Ue2bWUvmEYfIuuJsRVyElhOcWGjHxV40/,0001375365-25-000004,,"The following are highlights of our performance for fiscal year 2024. When given, comparisons are between fiscal year 2024 and fiscal year 2023 results.

• Revenue was $14,989.3 million, up 110.4%;

• Gross margin was 13.8%, down from 18.0%;

• Net income was $1,152.7 million, an improvement of 80.1%;",later_confirmed,false,,5,
X281,C13b5678a8291,forum,breadth,The Southern Company,filing amendment reporting an appointment,amends its filing to report the appointment of James O.,,Tuesday May 27 2025,other,1,ok,confirmed,none,https://mosaic-finance.com/filings/cbca0108-5c23-4dda-960c-f5aac4ce63cf/p/5f4ee15d-5b31-48f9-8716-62d6a04567bb/k1.m9DPL--gGMu_WEGqPM2UrBzDtnWvPw4z4MqbFq8qNwM/,0000092122-25-000058,,"On February 12, 2025, The Southern Company (the “Company”) filed a Current Report on Form 8-K (the “Original 8-K”) reporting the election of Mr. James O. (Jimmy) Etheredge to its Board of Directors (the “Board”). At the time of filing the Original 8-K, Board committee assignments for Mr. Etheredge had not been determined.

The Company is filing this Amendment No. 1 to the Original 8-K to report that, on May 21, 2025, the Board appointed Mr. Etheredge to the Audit Committee, the Compensation and Talent Development Committee, and the Finance Committee, effective immediately.",not_settled,false,,3,
X282,C19df42acdc47,forum,breadth,Tourmaline,holdings location,Peace River,,11 months ago,other,1,ok,confirmed,none,https://mosaic-finance.com/filings/51a70059-9acb-40c1-a516-ab0f89103620/p/c8dd86bd-1279-4aca-b4f2-758fceb03ac4/k1.Dms2B5rAST_ZgJgGn2Rm6JXPa8F4rM_mMcIKM3zbMlo/,,No exchange_document_id is stored in the returned filing passage metadata.,"On February 2, 2026, as part of Tourmaline's ongoing initiative to realize value creation opportunities within the Company's overall portfolio of assets and as a result of a successful marketed sales process originally announced by the Company in the fourth quarter of 2025, Tourmaline sold its Peace River High exploration and production complex at Spirit River-Mulligan-Earring and Wapiti, Alberta, which spans from 165 km north of Grande Prairie, Alberta to 65 km south of Grande Prairie, Alberta and includes the Wapiti Cardium area, for cash proceeds of $765 million, prior to customary closing adjustments",later_confirmed,false,,6,
X283,C37d229f7f099,forum,breadth,State Street Corporation,Shares held,"60,240,518",2025-12-31,4 months ago,reported_figure,1,ok,confirmed,none,https://mosaic-finance.com/filings/c5a60fcc-ebff-47c8-a837-988d620dba75/p/17744916-3047-4b36-a6c1-a6c6034cf33e/k1._bY-HRNFiEvRWzpbIZ0F21pxZSntS7nbNHHjsdS7azk/,0000093751-26-000100,,"GILEAD SCIENCES INC
COM
375558103
7,393,921,179
60,240,518
SH
DFND
10,11,12,19,2,20,299,5,6,8
8,585,944
576,264
51,078,310",not_settled,false,,8,
X284,C3ae349082134,forum,breadth,"FMR, LLC",Reported holding value,"$8,497,790,434",2025-12-31,4 months ago,reported_figure,1,ok,off_target,none,,,,,not_settled,false,,7,
X285,C41e1872b25cb,forum,breadth,Jaggers,Franchise openings,3 Jaggers,2024,1.6 years ago,reported_figure,1,ok,confirmed,none,https://mosaic-finance.com/filings/67d97c06-d244-4628-a5b4-23ffd2f9db6e/p/cf566a89-bfe4-4522-b117-122d70af4409/k1.YkNEazT16zeddqpyiDSk7OrNRmhzxulZ2yNGZkFiAS4/,0001558370-25-001904,,"In 2024, our franchise partners opened 11 international Texas Roadhouse restaurants, including one in a U.S. territory, two domestic Jaggers restaurants, and one international Jaggers restaurant.",later_confirmed,false,,5,
X286,C569a6bddc36b,forum,breadth,"Constellation Brands, Inc.",shares acquired,"3,375,602 shares",YTD,last year,reported_figure,1,ok,confirmed,none,https://mosaic-finance.com/filings/ce6db86b-5359-4e82-9840-1cc681133b19/p/380f8113-635a-4a02-a8da-8fa95d93b143/k1.ZTTPjCxoTbMHe_wyjXTj7Vbe6y0l36bE5hEwYgtmYA4/,0000016918-25-000141,,"As of August 31, 2025, total shares repurchased are as follows:

Class A Stock
                                        Repurchase Authorization                   Dollar Value of Shares Repurchased                 Number of Shares Repurchased
  (in millions, except share data)
  2025 Authorization (1)                $                             4,000.0      $                                       604.0      3,375,602",later_confirmed,false,,14,
X287,C5e2473e96900,forum,breadth,JetBlue,relative airline size,relatively small,,Friday March 14 2025,opinion,1,ok,not_checkable,opinion,,,,,not_settled,false,,1,
X288,C6a85cecaa422,forum,breadth,J.P.Morgan,Outlook publication,Investment Outlook 2025,2025,1.7 years ago,other,1,ok,off_target,none,,,,,not_settled,false,,6,
X289,C7cc618928d47,forum,breadth,Apple Inc.,Europe revenue growth,+10%,,Friday October 31 2025,reported_figure,1,ok,confirmed,none,https://mosaic-finance.com/filings/ab0cba63-e766-4e63-82e7-9253e190755f/p/efb8fb80-550f-4133-9e34-0f4cc22908d0/k1.9pcsFLnmVikhUU8yUYd2zF_e_irc1azb3ufuIFE-9yY/,0000320193-25-000079,,"The following table shows net sales by reportable segment for 2025, 2024 and 2023 (dollars in millions):

2025Change2024Change2023

Americas$178,353 7 %$167,045 3 %$162,560

Europe111,032 10 %101,328 7 %94,294",not_settled,false,,3,
X290,C7dc9d516513f,forum,breadth,"Constellation Brands, Inc.",Total equity,$7.8 billion,Q2 FY 2026,last year,reported_figure,1,ok,confirmed,none,https://mosaic-finance.com/filings/9bd4af1c-0991-4743-b9f7-7cf3cbc51987/p/81e29c7a-faab-4c12-a4e0-2c052926725f/k1.xmpukH2l-L0SkXu-O6fC4cM4GzAl0eQg3O48ZOH9evI/,0000016918-26-000005,,"| Balance at August 31, 2025                                  |     |         | 2.1 |     |            | 2,150.5 |     |          | 13,225.5 |     |               |  -92.3 |     |          | -7,785.4 |     |                 | 285.9 |     |       | 7,786.3 |",later_confirmed,false,,7,
X291,C869e51cd5802,forum,breadth,"Constellation Brands, Inc.",remaining share repurchase capacity,$3.4 billion,Q2 FY 2026,last year,reported_figure,1,ok,confirmed,none,https://mosaic-finance.com/filings/ce6db86b-5359-4e82-9840-1cc681133b19/p/0d2e396b-65ba-459f-8471-4f03205a9f14/k1.VrQjDfYkRdw66nON5RMmw3Y4f5OgCNRa8a3yTrbGSyo/,0000016918-25-000141,,"(1) As of August 31, 2025, $3,396.0 million remains available for future share repurchases, excluding the impact of Federal excise tax owed pursuant to the IRA.",later_confirmed,false,,4,
X292,C8f0cde9614b8,forum,breadth,Broadcom,Projected AI revenue year-over-year growth,approximately 100%,Q1-FY26,Thursday December 18 2025,forecast,1,ok,not_checkable,forecast,,,,,later_confirmed,false,,4,
X293,C9504d15849fa,forum,breadth,Tourmaline,Metres drilled,"1,425,407 metres",2024,,reported_figure,1,ok,confirmed,none,https://mosaic-finance.com/filings/0a652b53-704d-4971-823b-f0bcbe4df5cb/p/d8db4f33-731a-4e87-8781-1ca5c996b02f/k1.vnC47fMa8Ldvr6ULOgWJGDPBdblcOODHUNGfnspHLc0/,,No exchange_document_id is stored in the returned filing or passage metadata.,"Tourmaline drilled 286 gross wells in 2024 and led the Canadian industry with a total of 1,425,407 metres drilled during the year.",not_applicable,false,,5,
X294,Ca8cec50f4558,forum,breadth,Alphabet (Google),Capex as a percentage of revenue,23%,FY2025,2 months ago,reported_figure,1,ok,confirmed,none,https://mosaic-finance.com/filings/7798d3ff-4889-4be7-80b4-0d6cd1d3ff02/p/894eac2f-a77b-4dd1-b1aa-eadd641d7113/k1.iF-8iVrOX-B12EZ-F9v4GtB-7Gvq_7WQUuHNsEurLMA/,0001652044-26-000018,,"•Capital expenditures, which primarily reflected investments in technical infrastructure, were $91.4 billion for the year ended December 31, 2025.

The following table presents revenues by type (in millions):

Year Ended December 31,

20242025

Total revenues$350,018 $402,836",not_settled,false,,5,
X295,Caf76dc633f80,forum,breadth,Texas Roadhouse,Early performance of recently opened restaurants,strong early performance,second quarter of 2026,,opinion,1,ok,not_checkable,opinion,,,,,not_applicable,false,,1,
X296,Cb4f6c6e94386,forum,breadth,P&W,layoff,had a huge layoff,,Friday March 14 2025,other,1,ok,not_checkable,opinion,,,,,not_settled,false,,3,
X297,Cbabed1555200,forum,breadth,Shake Shack Inc.,New licensed Shacks opened,7,Q3 2025,11 months ago,reported_figure,1,ok,confirmed,none,https://mosaic-finance.com/filings/8493dab4-d23e-4f6b-999e-8f956a73c550/p/c64a3529-451d-4ace-8e86-aa61013c8e39/k1.jBAkLA_ubmB73oMf-5zGICluycl78WVR-INS82yANX8/,0001620533-25-000072,,▪Opened 13 new Company-operated Shacks and seven new licensed Shacks.,later_confirmed,false,,4,
X298,Cbd1e508785c2,forum,breadth,American,cash from co-brand card and partners,$6.2B,2025,3 days ago,reported_figure,1,ok,confirmed,none,https://mosaic-finance.com/filings/22a9a31f-0aa5-4c54-808a-03a628dfabe5/p/48003285-e0ad-45c6-8be9-2c5a438d2bd0/k1.kw2KDtXLZIYpBe-DljqeHKoXgZsvDG0Lo9S9skhvRGY/,0000006201-26-000014,,"Cash payments from co-branded credit card and other partners were $6.2 billion and $6.1 billion during 2025 and 2024, respectively.",not_settled,false,,4,
X299,Cca7fcf92ddb6,forum,breadth,"FMR, LLC",Percentage held,5.28%,2025-12-31,4 months ago,reported_figure,1,ok,off_target,none,,,,,not_settled,false,,6,
X300,Ce855c9c3e507,forum,breadth,Monster Beverage Corporation,Operating income,$527.2 million,Q2 2024,1.2 years ago,reported_figure,1,ok,confirmed,none,https://mosaic-finance.com/filings/bbd75155-76cb-4b93-9340-165c71298d34/p/3a3d44b9-b7a4-442e-9bd7-9a2d7438289b/k1.JSUdCudexAG9cRItcnhjGM-jasgiicWlOp-baIweBLQ/,0001410578-25-001620,,"Operating income was $631.6 million for the three-months ended June 30, 2025, an increase of approximately $104.5 million, or 19.8% higher than operating income of $527.2 million for the three-months ended June 30, 2024.",later_confirmed,false,,7,
X301,Cef14668d60e5,forum,breadth,Mondelez’s (MDLZ),Baumgartner's stock rating,Outperform,,1.7 years ago,opinion,1,ok,not_checkable,opinion,,,,,not_settled,false,,1,
X302,Cf52d365a28b0,forum,breadth,"Constellation Brands, Inc.",Total assets,$21.4 billion,Q2 FY 2026,last year,reported_figure,1,ok,confirmed,none,https://mosaic-finance.com/filings/ce6db86b-5359-4e82-9840-1cc681133b19/p/8a8e5a66-5caf-45ec-81cc-3e69269cb62d/k1.Z1o6hrRBVgXCDfqsW6K0ByHV8A8RydB4XKFTAbNnnNw/,0000016918-25-000141,,"Total assets                                                                                                  $               21,419.4      $                 21,652.3",not_settled,false,,16,
X303,Cfcea6cf3e2eb,forum,breadth,Duke Energy Progress,service area,Wilmington,,,other,1,ok,off_target,none,,,,,not_applicable,false,,9,
X304,Cff2b20e74b3b,forum,breadth,Ascencia,promotion and marketing assessment,has proven to be inept at promotion and marketing as well,,Sunday May 18 2025,opinion,1,ok,not_checkable,opinion,,,,,not_settled,false,,1,
X305,C0cdcd495a87e,forum,lookup,COST,U.S. renewal rate,92.7%,,Tuesday June 03 2025,reported_figure,1,ok,confirmed,none,https://mosaic-finance.com/filings/6ca6ed2a-90d0-4e84-97b0-676d91fb678e/p/ae4680e1-d7df-4719-9440-98a4143e8f98/k1.5kdv_QmQAE5ZyVQ0sPDeGPzb7N_Bfr868XiTW-ot3Tc/,0000909832-25-000033,,"At the end of the third quarter of 2025, our renewal rates were 92.7% in the U.S. and Canada and 90.2% worldwide.",later_confirmed,false,,4,
X306,C1d191e67ae08,forum,lookup,Lockheed,impact,~$100 million,Q2,1.2 years ago,other,1,ok,off_target,none,,,,,not_settled,false,,4,
X307,C23afa6f35488,forum,lookup,Home Depot,Decker compensation as a proportion of net earnings,approximately 0.1%,,Sunday May 11 2025,estimate,1,ok,confirmed,none,https://mosaic-finance.com/filings/d1d83390-0925-4359-9a16-2ae60dc2faef/p/a9b7a97c-a2fa-4c30-af1c-5aaa74e6443d/k1.mNSX3pl7W5nDhjuxha0JZyX1XHF4MLS6qgLOEvIl_cM/,0000354950-25-000123,,"202415,574,678 — 20,017,546 — 4,782,536 6,355,234 203.8 227.9 14.81 21.42",later_confirmed,false,,7,
X308,C346f72d984b8,forum,lookup,RBC,commitment to shareholder returns,a strong commitment to shareholder returns through dividends and buybacks,,10 months ago,opinion,1,ok,not_checkable,opinion,,,,,not_settled,false,,2,
X309,C34e8a0bc1629,forum,lookup,Carpenter Technology,net sales year-over-year growth,13%,fourth quarter FY2026,2 months ago,reported_figure,1,ok,confirmed,none,https://mosaic-finance.com/filings/6cb58636-34e6-4382-ae4a-959701a3680c/p/1ca9f8a6-fc7d-4e16-b513-4d820abbe782/k1.48VPp5p4wokDUKhX306MnOjbXCbVBPbAP-tNBu3Au_8/,0000017843-26-000030,,"Net sales for the fourth quarter of fiscal year 2026 were $851.0 million compared with $755.6 million in the fourth quarter of fiscal year 2025, an increase of $95.4 million (or 13 percent), on 22 percent higher shipment volume.",later_confirmed,false,,4,
X310,C3acefd0a29e5,forum,lookup,RBC,net income,$5.4B,Q3,Thursday August 28 2025,reported_figure,1,ok,confirmed,none,https://mosaic-finance.com/filings/8221200e-6140-4ee4-9674-778d18a6112e/p/d99dad09-ee46-42e1-ab6e-f79a7122fd1f/k1.AAXYXHlRcZMu_o8gjeZWMnCmckmC8jooRLdD-ZQhcD0/,,No exchange_document_id is stored in the returned filing or passage metadata.,"|**Net income**|**$ 5,434**$ 5,414  $ 4,390  $ 5,131||",later_confirmed,false,,6,
X311,C510907e2ff97,forum,lookup,Kraken Robotics,prior-year comparable revenue,$22.94 billion,the same quarter last year,4 months ago,reported_figure,1,ok,contradicted,wrong_number,https://mosaic-finance.com/filings/ead0267e-bc16-4e17-9501-58ddb68e0903/p/740e9194-083b-47e2-8481-fca21b6f764a/k1.6_ra05ox4nb6ijKq1DzrJrloOy8gqVXqvIMg-q1O-kk/,,No exchange_document_id is stored in the returned filing metadata.,"|Q1 2025|16,128|9,238|404|215|(257)|0.00|",later_refuted,false,,9,
X312,C5897271c12e2,forum,lookup,Home Depot,Underlying demand,remaining relatively stable sequentially from Q2,,7 months ago,opinion,1,ok,not_checkable,opinion,,,,,not_settled,false,,2,
X313,Ca0cc3a101a12,forum,lookup,RBC,net income,$5.4B,,1.1 years ago,reported_figure,1,ok,confirmed,none,https://mosaic-finance.com/filings/969aa7d1-8bdd-44e3-967e-1b721fb18eee/p/460e4e89-5174-465a-8cf9-a99f24de7028/k1.VMmXSJkTRtHtLyMWmvPBck6TVjByU_8lWYvi7XwAgAA/,0001193125-25-189077,,"today reported record net income of $5\.4 billion for the quarter ended July 31, 2025, up $928 million or 21% from the prior year\.",later_confirmed,false,,8,
X314,Cbc76a596e22d,forum,lookup,RBC,capital deployment,disciplined capital deployment,,10 months ago,opinion,1,ok,not_checkable,opinion,,,,,not_settled,false,,2,
X315,Ccaad3218ccc0,forum,lookup,Home Depot,Gross margin decline,20 basis points,Q4,7 months ago,reported_figure,1,ok,confirmed,none,https://mosaic-finance.com/filings/17037787-c3ce-489d-b209-515e7bb1310c/p/a7cbf72b-dd74-4ffa-92a8-fa22b6bf92f5/k1.k0guO5DAczriuSrND9Smq1VcODj30WHEpE0F1-NKQP8/,0001628280-26-019436,,"Net sales$164,683 $159,514 $152,669

Gross profit54,865 33.3 %53,308 33.4 %50,960 33.4 %",later_confirmed,false,,11,
X316,Cd12c2b1d500b,forum,lookup,costco,Ability to stack membership years,can't stack another year of costco like you can xbox live,,Saturday August 31 2024,other,1,ok,off_target,none,,,,,not_settled,false,,4,
X317,Ce554b51dda4b,forum,lookup,RBC,adjusted EPS relative to forecast,handily beating the $3.29 forecast,Q3,Thursday August 28 2025,opinion,1,ok,not_checkable,opinion,,,,,not_settled,false,,3,
X318,Ce91df719aae1,forum,lookup,Lockheed,cash flow headwind,~$400M,2026,1.2 years ago,forecast,1,ok,not_checkable,forecast,,,,,not_settled,false,,4,
X319,Cf3d575fd0f7b,forum,lookup,Home Depot,Decker compensation,the highest compensation at $14.4 million,,Sunday May 11 2025,reported_figure,1,ok,contradicted,stale_period,https://mosaic-finance.com/filings/f16aff57-fd7e-4652-ab44-390d8fdd0d29/p/23139d32-9f23-40d3-bab0-32a182b2944f/k1.tidJrUe-uh1xROdT6aLJGcvzTNJ6X64kdc_hL628cIU/,0000354950-26-000090,,"Edward P. Decker

Chair, President and Chief Executive Officer

20251,400,000 — 9,612,251 2,369,917 2,657,631 — 151,328 16,191,127

20241,426,923 — 9,043,035 2,199,952 2,743,532 — 161,237 15,574,678

20231,400,000 — 8,543,529 2,109,958 2,290,880 — 74,885 14,419,252",later_refuted,false,,3,
X320,C00ba1689b77b,forum,multi_document,microsoft,planned acquisition,Activision at 95 dollars a share,,Tuesday January 18 2022,forecast,1,ok,not_checkable,forecast,,,,,later_confirmed,false,,3,
X321,C013e3fd3d5bd,forum,multi_document,Dollarama,store conversion progress,"Green shelves are already there, the front is not and still red as u can see.",,Monday July 06 2026,other,1,ok,off_target,none,,,,,not_settled,false,,3,
X322,C01a53bc2cf0e,forum,multi_document,Pioneer,surplus cash generated,$8.4 billion,last year,,reported_figure,1,ok,off_target,none,,,,,not_applicable,false,,5,
X323,C29fc79627d37,forum,multi_document,Activision,Reported purchase price,$68.7B,,Tuesday January 18 2022,rumor,1,ok,not_checkable,rumor,,,,,later_confirmed,false,,4,
X324,C6d9b31236ecc,forum,multi_document,Meta,increase in total costs and expenses,23%,2022 over 2021,Thursday February 02 2023,reported_figure,1,ok,confirmed,none,https://mosaic-finance.com/filings/58639893-7ba4-4c24-9cdb-1c92c59689bf/p/efe4ec24-6f21-433d-99be-9a4189e97097/k1.3GtSxd7kemyDzOEd0nF9jWeDoHHKZWxz3nqXy0szxw4/,0001326801-23-000008,,"•Costs and expenses - Total costs and expenses were $25.77 billion and $87.66 billion, an increase of 22% and 23% year-over-year for the fourth quarter and full year 2022, respectively.",later_confirmed,false,,3,
X325,Ca0ed2c567811,forum,multi_document,Starbucks,Niccol’s stock awards,$90 million,2024,Sunday January 26 2025,reported_figure,2,ok,confirmed,none,https://mosaic-finance.com/filings/8859e64e-c810-4e18-97e3-ff97e568e054/p/e24af0f6-efa8-499d-85f5-e2f38b21884a/k1.HxBDO-a7F0Y-yZ1_MVauGQXZrZS23QKlGeOeRFuKV5c/,0001213900-25-006516,,"Name and Principal Position

Year

Salary ($)

Bonus ($)(1)

Stock Awards ($)(2)

Non-Equity Incentive Plan Compensation ($)(3)

All Other Compensation ($)(4)

Total   ($)

Brian Niccol

chairman and chief executive officer

2024

$61,538

$5,000,000

$90,291,772

$30,295

$418,071

$95,801,676",later_confirmed,false,,3,
X326,Ca4994218c2aa,forum,multi_document,Costco,Top-line growth,continued to grow its top line,,,other,1,ok,confirmed,none,https://mosaic-finance.com/filings/ac49a7a0-ceda-402d-8811-dbfcfceeb05b/p/45a0ae43-5f26-41a6-a18a-694b24a5d06c/k1.2-vW-LVaw1eCH6yrG8xkLCdFgbhjRrpji89j47LZfn8/,0000909832-25-000101,,"Net sales increased $20,287 or 8% during 2025.",not_applicable,false,,2,
X327,Ca63b7104aa2e,forum,multi_document,Pegasus,acquisition,recent acquisition of Czech Airlines and Smartwings,,,other,2,ok,confirmed,none,https://mosaic-finance.com/filings/8d01999d-5485-470f-bb94-a726cf23fcdc/p/ea976885-2728-4be7-85cb-f5e73f491248/k1.FEiTOvuEm4oGYpZVobcsxZk1x8GvtmWLXpQm18GXWR0/,1670922,,"Şirketimiz, %100 bağlı şirketimiz Pegasus Europe B.V. ile Prague City Air s.r.o (
Satıcı
) ve Unimex Group, a.s. (
Temlik Eden
) arasında Çek Cumhuriyeti'nde yerleşik České aerolinie a.s., Smartwings a.s. ve bağlı şirketlerine (hep birlikte
Smartwings Grubu
) ait payların tamamının Şirketimiz tarafından devralınmasına ilişkin Pay Alım Sözleşmesi ve hedef şirketlerin mevcut pay sahiplerine borçlarının Şirketimiz tarafından temlik alınmasına yönelik Alacağın Temliki Anlaşmasının imzalandığı 08.12.2025 tarihli Özel Durum Açıklamamız ile duyurulmuştu.
Söz konusu işlem için Çek Cumhuriyeti, Türkiye Cumhuriyeti ve Smartwings Grubunun faaliyet gösterdiği diğer ülkelerde gerekli idari izinlerin alınması ve mutat pay devir şartlarının tamamlanması üzerine devralma işlemi 01.10.2026 tarihinde gerçekleşmiştir.",not_applicable,false,,3,
X328,Cb9aff9db9be2,forum,multi_document,Costco,chief executive,Ron Vachris,as of 2024,1.7 years ago,other,1,ok,confirmed,none,https://mosaic-finance.com/filings/0c3106aa-fb73-424c-a967-5d2662cc2a72/p/64b0bdee-07d8-4470-8e25-aadb9fa77aab/k1.QVjYWoppdbnwfyMzvsWjRNFesiSmBzHQtV-yn-iHW8U/,0000909832-24-000072,,"Mr. Vachris has served as Chief Executive Officer since January 1, 2024.",later_confirmed,false,,7,
X329,Cbee8488092c1,forum,multi_document,PXD,options deliverable per contract,232 Exxon Mobil Corporation (XOM) Common Shares,,Monday May 06 2024,other,1,ok,off_target,none,,,,,not_settled,false,,6,
X330,Cbf2b8624912c,forum,multi_document,GE,expected ex-distribution market and distribution entitlement,an “ex distribution market” under the symbol “GE WI” in which GE shares will trade as GE Aerospace without the right to receive shares of GE Vernova common stock in the distribution,"March 27, 2024 and continuing through April 1, 2024",2.5 years ago,forecast,1,ok,not_checkable,forecast,,,,,not_settled,false,,8,
X331,Ccdeb0608056f,forum,multi_document,Netflix,Subscriber additions,19 million subscribers,,"January 21, 2025",reported_figure,1,ok,confirmed,none,https://mosaic-finance.com/filings/8dcecc9c-3753-46a8-9789-c7e2e29c679f/p/4a002005-47c6-452c-a382-a64f0ca79e7a/k1.ab_EnjwP74jwnKad6Fk_uaGgALMfGaJ7ECB0hFmA9aE/,0001065280-25-000033,,"In Q4, membership growth was driven by broad strength across our content slate, improved product/market fit across all regions and typical Q4 seasonality. We generated 19M paid net additions - the biggest quarter of net adds in our history - compared with 13M in Q4’23 and 5M in Q3’24.",not_settled,false,,5,
X332,Ce9ad16daf4b7,forum,multi_document,META,Reason for lower total expense guidance,slower anticipated growth in payroll expenses and cost of revenue,2023,3.7 years ago,forecast,1,ok,confirmed,none,https://mosaic-finance.com/filings/58639893-7ba4-4c24-9cdb-1c92c59689bf/p/aacde94b-3372-49fe-b666-cdd8f6bf2c14/k1.XD40d5egEZjJ5iZiOqv5rFBIymMmnSCpXpYLLX9kqUI/,0001326801-23-000008,,"We anticipate our full-year 2023 total expenses will be in the range of $89-95 billion, lowered from our prior outlook of $94-100_billion due to slower anticipated growth in payroll expenses and cost of revenue.",not_settled,false,,2,
X333,Cf728eed97a70,forum,multi_document,Pioneer,cash returned to shareholders via dividends and share repurchases,almost $8 billion,last year,,reported_figure,1,ok,off_target,none,,,,,not_applicable,false,,7,
X334,C17eeaba89183,forum,multi_hop_document,Chevron,ticker,CVX,,,other,2,ok,confirmed,none,https://mosaic-finance.com/filings/5292426d-9a44-4af7-9f7a-7ff90c2e998b/p/bb913c46-a4ef-4094-ba8f-7036aba04fbf/k1._HfoTpujotl1Ierx8UEqmYSlqzAHDphIhNZ4v5UZqJY/,0000093410-26-000078,,The company’s common stock is listed on the New York Stock Exchange (trading symbol: CVX).,not_applicable,false,,2,
X335,C1c9b140133e8,forum,multi_hop_document,meta,contact with claimant,"in my case, I had no contact to meta",,8 months ago,other,1,ok,off_target,none,,,,,not_settled,false,,1,
X336,C29e3ab757a86,forum,multi_hop_document,EOG Resources,ticker,EOG,,,other,1,ok,confirmed,none,https://mosaic-finance.com/filings/c51a83c1-417b-45a9-88c3-e126ee398aac/p/175ba465-5c2b-4dd0-b8af-f0353311a2fa/k1.c7WEilXng1fwxZZUU550qevoNzs2-mCn3Y9QYaBno7I/,0000821189-26-000054,,"EOG's common stock is traded on the New York Stock Exchange under the ticker symbol ""EOG.""",not_applicable,false,,4,
X337,C4556dd7935fb,forum,multi_hop_document,Costco,Membership fees,$5.3B,,Wednesday October 08 2025,reported_figure,1,ok,confirmed,none,https://mosaic-finance.com/filings/ac49a7a0-ceda-402d-8811-dbfcfceeb05b/p/3d78d66e-a851-449b-9f14-6e00a1f5a6ca/k1.wqnfDhk0QW_fAavTXpImtI0J8rq_lVfHjIZ5Ac1etnQ/,0000909832-25-000101,,"(amounts in millions, except per share data)

52 Weeks Ended52 Weeks Ended53 Weeks Ended

August 31,2025September 1,2024September 3,2023

REVENUE

Net sales$269,912 $249,625 $237,710

Membership fees5,323 4,828 4,580",not_settled,false,,4,
X338,C499c4da7641e,forum,multi_hop_document,Mackolik,Financial reporting basis,TMS 29 (Enflasyon Muhasebesi) uygulanmış konsolide finansal raporlarından,31.12.2025,Saturday February 21 2026,other,1,ok,confirmed,none,https://mosaic-finance.com/filings/567e1301-21bc-4ddc-afe3-32a134227b6c/p/af3155d7-81ce-4b84-bf60-c89754c7415b/k1.pnDMx2YTt09Krkvc6JXY_zpmQzNjPRR5SLfJFh0J2UQ/,1559438,,"TMS 29 uyarınca, konsolide finansal tablolarda gerekli düzeltmeleri yapmak üzere, varlık ve yükümlülükler ilk olarak parasal ve parasal olmayan olarak ayrıştırılmış, parasal olmayan varlık ve yükümlülükler ayrıca cari değeriyle ölçülenler ve maliyet değeriyle ölçülenler olarak ilave bir ayrıştırmaya tabi tutulmuştur.",later_confirmed,false,,6,
X339,C5f0a27827a64,forum,multi_hop_document,Swiss Re,reinsurance role at Türkiye Sigorta,Reasürans tarafında Swiss Re ve Milli Re ağırlıklı,31 Aralık 2025,Tuesday January 27 2026,other,1,ok,off_target,none,,,,,not_settled,false,,5,
X340,C601edce6ddf1,forum,multi_hop_document,Costco,Latest reported quarter,"the 16 weeks ended August 30, 2026","16 weeks ended August 30, 2026",yesterday,other,2,ok,confirmed,none,https://mosaic-finance.com/filings/fa7926ad-596f-5d9c-b8c7-216155af36f5/p/8a04c465-5e60-4230-a758-f5f1d522c984/k1.NJusvZVf3zGk_FBg2Wq8p71yGrGrjp586lhGRpxKvrk/,0000909832-26-000084,,"On September 24, 2026, the Company issued a press release containing its operating results for the 16-week fourth quarter and the 52-week fiscal year, ended August 30, 2026.",not_settled,false,,4,
X341,C67a13bbede84,forum,multi_hop_document,Caterpillar Inc.,Construction Industries segment profit decline,$497 million,Q2,,reported_figure,1,ok,confirmed,none,https://mosaic-finance.com/filings/c53108bc-5b21-4ada-acbd-fcf577d05342/p/6035947f-0afe-40c4-81f9-0148b4051a79/k1.Qm8URHuOnwtYE4V79N0ltM2hjqIwXkdKvz8KqL7W6G4/,0000018230-25-000040,,"Construction Industries’ segment profit was $1.244 billion in the second quarter of 2025, a decrease of $497 million, or 29 percent, compared with $1.741 billion in the second quarter of 2024.",not_applicable,false,,4,
X342,C84bc68e13d07,forum,multi_hop_document,EOG Resources,business classification,E&P,,,other,1,ok,confirmed,none,https://mosaic-finance.com/filings/c51a83c1-417b-45a9-88c3-e126ee398aac/p/d33b3582-b704-42d9-afce-5567d9b5a842/k1.wwGmLK0NLz64wBAKzPhSTmW70GV77K8b2d_HciGs8iE/,0000821189-26-000054,,EOG's operations are all crude oil and natural gas exploration and production related.,not_applicable,false,,2,
X343,C863bed6babcc,forum,multi_hop_document,Pfizer,management revenue growth outlook,high single digit,"after 2028, they will start to grow revenue in high single digit for the next 5 years",4 months ago,forecast,1,ok,not_checkable,forecast,,,,,not_settled,false,,4,
X344,C9e1a652175ce,forum,multi_hop_document,Chevron,asset base,Global asset base,,,other,1,ok,confirmed,none,https://mosaic-finance.com/filings/5292426d-9a44-4af7-9f7a-7ff90c2e998b/p/df5d044b-263a-43a2-87e3-56fe8105379d/k1.SdsBlbOmUDCaNSZWDhVfI9S9RUDVF2SHue11S8KRrUQ/,0000093410-26-000078,,"The upstream and downstream activities of the company and its equity affiliates are widely dispersed geographically, with operations and projects2 in North America, South America, Europe, Africa, Asia and Australia.",not_applicable,false,,3,
X345,Cab5b12202510,forum,multi_hop_document,Ereğli Demir Çelik (EREGL),Finansman gelir/giderleri öncesi faaliyet kârı,10.972.227 bin TL,2025,7 months ago,reported_figure,1,ok,confirmed,none,https://mosaic-finance.com/filings/e97b0418-4485-48cc-815e-7fd133d452aa/p/c5d41cce-200b-461a-83bb-7f7517bcd7a5/k1.uAUZ7rXfRpyDPaxjMpLD3BdpEfVbI53WZGCwpOTzUJY/,1557665,,|**FİNANSMAN GELİRLERİ (GİDERLERİ) ÖNCESİ FAALİYET KARI**||**278.297**|**10.972.227**|**656.075**|**21.506.311**|,later_confirmed,false,,3,
X346,Cb9201caa900b,forum,multi_hop_document,QeM,ticker identifiers,(QNC.NaE) (TSXV: QNC) (FSE: 34Q0),,,other,1,ok,confirmed,none,https://mosaic-finance.com/filings/444d5f84-5cce-4178-9c05-8c776293ae9a/p/50b6fcef-6a26-430d-a949-dd413566a79f/k1.XjjYjffMubHSEd2FXzSS4ShVxqsWIvbU0OmRUSxGHmc/,,No exchange_document_id is stored in the returned passage metadata.,"The Company trades on the NYSE American under the ticker ""QNC"" and will remain listed on the TSX Venture Exchange under the same symbol. QeM trades the Frankfurt Stock Exchange under the symbol ""34Q0"".",not_applicable,false,,2,
X347,Cc951663acf54,forum,multi_hop_document,Costco,renewal risk,renewal can soften with a lag,,Monday October 05 2026,opinion,1,ok,not_checkable,opinion,,,,,not_settled,false,,3,
X348,Ce8c74db5c12b,forum,multi_hop_document,Lockheed Martin,Jets delivered as stated in company press release,a record 191 jets,2025,Thursday January 29 2026,reported_figure,1,ok,confirmed,none,https://mosaic-finance.com/filings/1c081ff3-44ef-49a1-b87e-042561def9da/p/75b24c41-dc1d-45b1-ba28-a1ac92e6dbe2/k1.1UeFehndq0XOEE0zLjpa5WJuG8HPQmoMJfss0Wosg9o/,0001628280-26-003970,,"Quarters Ended Dec. 31,                Years Ended Dec. 31,
  Aircraft Deliveries                                                2025      2024                      2025      2024
 ─────────────────────────────────────────────────────────────────────────────────────────────────────────────────────────
  F-35                                                                 48        62                       191       110",not_settled,false,,12,
X349,C05595a58c920,forum,multi_period,Home Depot,EPS,$3.82 per share,Q1 (Apr),3.4 years ago,reported_figure,1,ok,confirmed,none,https://mosaic-finance.com/filings/707b7153-97ff-465a-914f-3cf453f54e74/p/88d76827-9e63-4481-a159-c04cf58e9b80/k1.lqgHJ_NNHWEI0xSUwoW8Tu0akCfcxyL_-dlOXf9ILbc/,0000354950-24-000152,,Diluted earnings per share were $3.63 for the first quarter of fiscal 2024 compared to $3.82 for the first quarter of fiscal 2023.,later_confirmed,false,,3,
X350,C134ddd2ddfd9,forum,multi_period,Home Depot,US comparable sales growth,+7.6%,Q4,4.6 years ago,reported_figure,1,ok,off_target,none,,,,,not_settled,false,,10,
X351,C1e4aa10e878d,forum,multi_period,Intuitive Surgical (ISRG),full-year tariff impact guidance,70 bps ±10 bps,2025,last year,forecast,1,ok,not_checkable,forecast,,,,,later_confirmed,false,,5,
X352,C1fd7325930cd,forum,multi_period,tesla,Cash and cash equivalents,$22.6 billion,2023,,reported_figure,1,ok,contradicted,wrong_number,https://mosaic-finance.com/filings/37287bf3-5667-44f2-bdcc-1b940830768b/p/8143410e-14c0-4a98-9975-12f70ab79e69/k1.oa03BojVL4XNMZ_S8kDnVEvj-nPatLUd1AAtM4q1HMk/,0001628280-24-002390,,"Our total cash and cash equivalents and restricted cash, as presented in the consolidated statements of cash flows, was as follows (in millions):

|                                                                       |     |   | December 31,
         2023 |     |   | December 31,
         2022 |     |   | December 31,
         2021 |
|:----------------------------------------------------------------------|:----|:--|-------------:|:----|:--|-------------:|:----|:--|-------------:|
| Cash and cash equivalents                                             |     | $ |       16,398 |     | $ |       16,253 |     | $ |       17,576 |",not_applicable,false,,3,
X353,C222f8f2f5ece,forum,multi_period,Tesla,vehicle sales trend,consecutive annual declines in vehicle sales,,4 days ago,other,1,ok,confirmed,none,https://mosaic-finance.com/filings/d51f0929-1cdd-4449-a92c-9603969caef0/p/d9295960-6508-447d-9e08-59644a4b94c6/k1.cdGX1dA7ZOajZY6CsU7hLcO08Bl0acWGrR2hO_FpGCc/,0001628280-26-003837,,"2021 2022 2023 2024 2025 YoY Model 3/Y production 906,032 1,298,434 1,775,159 1,679,338 1,600,767 -5% Other models production 24,390 71,177 70,826 94,105 53,900 -43% Total production 930,422 1,369,611 1,845,985 1,773,443 1,654,667 -7% Model 3/Y deliveries 911,242 1,247,146 1,739,707 1,704,093 1,585,279 -7% Other models deliveries 24,980 66,705 68,874 85,133 50,850 -40% Total deliveries 936,222 1,313,851 1,808,581 1,789,226 1,636,129 -9%",not_settled,false,,6,
X354,C22f6dc54512e,forum,multi_period,CN,Operating ratio,61.7%,,1.2 years ago,reported_figure,1,ok,confirmed,none,https://mosaic-finance.com/filings/7db26c06-b48b-4851-8e0d-9b4d637dbe5b/p/3373b79d-98ae-453d-bce5-ab91643e093f/k1.uXCNAUn62GP1Ade0OjdqsHIEfAx0J_EanCjyg85BRJM/,,No exchange_document_id is stored in the Mosaic passage result.,"Operating ratio, defined as operating expenses as a percentage of revenues, of 61.7%, an improvement of 2.3 points; operating ratio improved 0.5 points on an adjusted basis.[(1)]",later_confirmed,false,,5,
X355,C288ce75bccdc,forum,multi_period,Zoox,convergence relative to Tesla,likely in the same place on the convergence,,Thursday July 23 2026,opinion,1,ok,not_checkable,opinion,,,,,not_settled,false,,1,
X356,C2e80801be7c9,forum,multi_period,Uber,Revenue growth,increased 18%,,Thursday August 07 2025,reported_figure,1,ok,confirmed,none,https://mosaic-finance.com/filings/95f72dab-2251-4772-baec-c97b87fe2212/p/65c3a2b3-618f-4544-ab6f-8faf6f527d6d/k1.d1W3XQFn1H8yUS2PPlOf4NqrgpjjwjvOg9fWOIqIQQI/,0001543151-25-000023,,"Three Months Ended June 30, 2025 Compared with the Same Period in 2024

Revenue increased $2.0 billion, or 18%, primarily attributable to an increase in Gross Bookings of 17%.",later_confirmed,false,,6,
X357,C34d09523a8c0,forum,multi_period,Suncor,In Situ production,record In Situ production,first quarter of 2021,5.4 years ago,other,1,ok,confirmed,none,https://mosaic-finance.com/filings/75e08eda-d688-47e8-8c78-5cace5570eaa/p/e3ae44d7-1cc5-401c-b84d-23ef7dc28165/k1.EURNIJfYIPMvGEMv_05T0YwcpMux6DMaEtGmNltTU6U/,,No exchange_document_id was returned in the Mosaic filing or passage metadata.,"“In the first quarter of 2021 we demonstrated our continued commitment
to operational excellence through combined upgrader utilization of 97%, record In Situ production and improved cost performance in the
upstream,” said Little.",not_settled,false,,5,
X358,C35b90e078cc0,forum,multi_period,Intuitive Surgical (ISRG),procedure growth,20%,Q3 2025,last year,reported_figure,1,ok,contradicted,wrong_number,https://mosaic-finance.com/filings/77c31ce0-e401-46f9-a4ff-29c23f00f29a/p/fc86574a-d629-42c3-b39b-dc7349373969/k1.GdBGqoe-4nzRIpIQPVoRs33he9a5dAegtt8bGQcYLmY/,0001035267-25-000209,,"Overall. Total da Vinci procedures performed by our customers grew approximately 19% for the three months ended September 30, 2025, compared to approximately 18% for the three months ended September 30, 2024.",later_refuted,false,,8,
X359,C379ffa6d3c73,forum,multi_period,VSE Corp,results,record,Q1 2026,,other,1,ok,confirmed,none,https://mosaic-finance.com/filings/0755d4af-1d32-49d8-8b7f-ab81d23b22e3/p/6526c840-8e55-4cdb-b1d4-fb9de7987a62/k1.6gLNYhYOEtBYqtRG9SxVfGh6VzxTqEOo7jrxSPCeMrQ/,0000102752-26-000049,,"During the first quarter of 2026, the Company delivered record results driven by strong execution on new and existing distribution awards, expansion of product offerings and MRO capabilities, increased end-market demand, and contributions from recent acquisitions.",not_applicable,false,,2,
X360,C3cb9fccc4492,forum,multi_period,RBC,EPS,$1.9,Q1 FY2025,,reported_figure,1,ok,confirmed,none,https://mosaic-finance.com/filings/1c242f9f-9641-4f25-8c20-baed1b91558e/p/d928c687-7da6-45e5-899f-13532953bed1/k1.KsZhw5c0IKeKjeFOSTEK1yGpWPjAWRV-HQjpYubJnRU/,0001213900-25-070466,,"Net income per common share attributable to common stockholders:

Basic
    $2.18
    $1.92

Diluted
    $2.17
    $1.90",not_applicable,false,,9,
X361,C4a2d5a9ece4d,forum,multi_period,Dollar Tree,Same-store net sales growth,+5.4%,Q1,Wednesday June 04 2025,reported_figure,1,ok,confirmed,none,https://mosaic-finance.com/filings/2b14ff42-f849-4e1b-9f42-c9b4894faeac/p/c13679c2-fc27-43ad-bde7-5ca88ac5b592/k1.ZHrgHBFuKdSToDJAq-8V3UHXUFxBR6ESkDsVQ1hPWG8/,0000935703-26-000065,,"Net Sales

13 Weeks Ended

(dollars in millions)May 2, 2026May 3, 2025Percentage Change

Net sales$4,970.5 $4,636.5 7.2 %

Comparable store net sales change3.5 %5.4 %",later_confirmed,false,,5,
X362,C4ffac35639af,forum,multi_period,Dollarama,Checkout arrangement at the poster's store,has switched to all self-checkouts,,Thursday September 25 2025,other,1,ok,off_target,none,,,,,not_settled,false,,2,
X363,C64da363541c7,forum,multi_period,Shoppers Drug Mart,Drug Retail same-store sales growth,1.5%,,2.2 years ago,reported_figure,1,ok,confirmed,none,https://mosaic-finance.com/filings/ee59e4c8-5fe8-41b1-a900-c7fd1b48a62a/p/e7f320a4-8ecd-4e51-adc8-80f89a874a9b/k1.B-j6zIF84rMxICXi0kOgujtSVDSK0jCmpuEVYn9MSvM/,,No exchange_document_id is stored in the returned Mosaic passage metadata.,"Drug Retail (Shoppers Drug Mart) sales were $4,176 million, and same-store sales grew by 4.1% (2024 – 1.5%), with pharmacy and healthcare services same-store sales growth of 6.2% (2024 – 5.4%) and front store same-store sales growth of 1.7% (2024 – decline of 2.4%).",later_confirmed,false,,9,
X364,C7630076d03ea,forum,multi_period,Home Depot,year-over-year revenue growth,10.7%,Q4 (Jan),4.6 years ago,reported_figure,1,ok,off_target,none,,,,,not_settled,false,,11,
X365,C91dedeef3db0,forum,multi_period,Kohl's,net sales year-over-year change,decreased 5.1% year-over-year,,Friday August 14 2026,reported_figure,1,ok,contradicted,stale_period,https://mosaic-finance.com/filings/f3301bbc-e595-421b-8585-d802f2b4508d/p/9ca0a2a8-8725-4297-b2df-a03645990918/k1.92UzXNgx05ZWt3pu4OK1p6XpYlhtkwI1gHiMjeXUY9s/,0000950170-25-113028,,Net sales decreased 5.1% in the second quarter of 2025 and 4.6% year to date 2025.,later_refuted,false,,8,
X366,Ccc96ced24d5e,forum,multi_period,RBC Bearings Incorporated,net income attributable to common shareholders,$68.5 million,"Quarter Ended June 28, 2025",1.2 years ago,reported_figure,1,ok,confirmed,none,https://mosaic-finance.com/filings/1c242f9f-9641-4f25-8c20-baed1b91558e/p/194ac0cd-d702-4ea1-9512-e57685518369/k1.6C3xH2tS-an7wshKRUpnobWalYyrt7hfSv-WjrSb_cU/,0001213900-25-070466,,"Three Months Ended

June 28,
 2025
    June 29,
 2024

Net income
    $68.5
    $61.4

Preferred stock dividends
     —

5.7

Net income attributable to common stockholders
    $68.5
    $55.7",later_confirmed,false,,6,
X367,Cd3253b5b2c42,forum,multi_period,QSR,total revenue,$2.291 billion,Q3 2024,,reported_figure,1,ok,confirmed,none,https://mosaic-finance.com/filings/9c078929-87f3-4e9f-90a6-a3d4a5c4bb97/p/35819e9f-bc85-43eb-a779-2cfb7228e080/k1.Yw42aPQLQp1UdygiS2_wScG6oF6YSn_DKlPshRz3-WY/,0001618756-24-000190,,"| Total revenues                           |     | $                  | 2,291 |     | $    | 1,837 |     | $                 | 6,110 |     | $    | 5,202 |",not_applicable,false,,3,
X368,Cd5404b9c84e9,forum,multi_period,"SunCoke Energy, Inc.",Basic and diluted EPS,$0.25,prior-year quarter,1.2 years ago,reported_figure,1,ok,confirmed,none,https://mosaic-finance.com/filings/ade04931-1bca-4d5d-975c-b5ed7566824e/p/872a6968-b67e-4e8b-a731-4fb1799d5931/k1.1P-aUKm8LAE_j-Mep82_3Ykhac4JA2UELLd8RJEQH9Q/,0001514705-25-000019,,"| Basic                                                           |     | $                                                          |  0.02 |     | $    |  0.25 |     | $                         |  0.22 |     | $    |  0.49 |
| Diluted                                                         |     | $                                                          |  0.02 |     | $    |  0.25 |     | $                         |  0.22 |     | $    |  0.49 |",later_confirmed,false,,4,
X369,Cf1db55d5be75,forum,multi_period,Home Depot,sales growth guidance,slightly positive,Fiscal 2022,4.6 years ago,forecast,1,ok,not_checkable,forecast,,,,,later_confirmed,false,,3,
X370,Cf493fbe531e3,forum,multi_period,CN,Winter Operating Plan restrictions,implements train length restrictions and speed ...,,8 months ago,other,1,ok,confirmed,none,https://mosaic-finance.com/filings/43ad6d90-4d71-404c-aa1c-ba2b2d05aa76/p/90120cab-926f-4fe9-be0c-8de1b9c683bf/k1.AkBgaZKaI8EhSI7uZI1gJkYsX8GRAjdYT1h8WfZCw-8/,,No exchange_document_id is stored in the returned passage metadata.,"CN’s Winter Operating Plan implements train length restrictions and speed restrictions at temperatures below a certain point, which constrain car velocity and network fluidity.",later_confirmed,false,,4,
X371,Cf81470fe306b,forum,multi_period,Intuitive Surgical,valuation,the valuation argument stays uncomfortable,,last month,opinion,1,ok,not_checkable,opinion,,,,,not_settled,false,,1,
X372,C0bdb3ba4d0a4,forum,reach,China Foods Holdings Ltd.,cost of revenue as a percentage of sales,89% of sales,,1.1 years ago,reported_figure,1,ok,off_target,none,,,,,not_settled,false,,7,
X373,C11160b955dfd,forum,reach,Shopify,Gross Merchandise Volume (GMV),$69.7 billion,Q3 2024,11 months ago,reported_figure,1,ok,confirmed,none,https://mosaic-finance.com/filings/d62c0886-8e49-47bc-be47-9d8f341f6b61/p/20c5a7b4-a5e9-4629-96e4-3c8bd92a6a4f/k1.1EEQRxCb5VN9DlHRSxDGPmN91QjOsxFITSulvsegHf4/,0001594805-24-000090,,"For the three and nine months ended September 30, 2024 we facilitated GMV of $69.7 billion and $197.8 billion, respectively",not_settled,false,,5,
X374,C16727dea7d5e,forum,reach,Home Depot,"earnings per share growth outlook, excluding some items",mid-single digits,this year,Wednesday May 18 2022,forecast,1,ok,not_checkable,forecast,,,,,not_settled,false,,5,
X375,C31e1ed3b7d9c,forum,reach,Chevron Corporation,dividend amount,$1.12,Declared 10/31/18; Record 11/16/18; Payable 12/10/18,"Nov 01, 2019 10:11 AM ET",reported_figure,1,ok,confirmed,none,https://mosaic-finance.com/filings/8019fe40-f305-4de7-bfb9-2b8f0ec3b82f/p/2492ad5f-ae39-435b-8755-78a6cccdbd5a/k1.NL4_EM9cqfJKh5hxmhwq8bacQ4qmYuCzQ9xPhC4H5qI/,,No exchange_document_id was stored in the returned passage metadata.,"In October 2018, the company declared a quarterly dividend of $1.12 per common share, payable in December 2018.",later_confirmed,false,,6,
X376,C34bfefd38eea,forum,reach,Chevron Corporation,Scheduled earnings announcement,10/26/2023,10/26/2023,3.0 years ago,forecast,1,ok,not_checkable,forecast,,,,,later_refuted,false,,2,
X377,C4da8ffec2fec,forum,reach,Couche Tard,Assessment of consolidated same-store ex-fuel sales growth,isn't bad,,Tuesday June 23 2026,opinion,2,ok,not_checkable,opinion,,,,,not_settled,false,,2,
X378,C56deda9b9c43,forum,reach,Shopify,revenue growth,up 31%,Q2 2025,1.2 years ago,reported_figure,1,ok,confirmed,none,https://mosaic-finance.com/filings/1279bf1e-0b58-4973-b93f-b6bfaaaa9b00/p/2f1523c3-37ce-493a-93d7-60c49e9c624c/k1.WMMgX4nhFQIaZTic0jmHVw9fWX4foopS-0gzhgh9pPc/,0001594805-25-000073,,"Revenues

Three months ended June 30,Six months ended June 30,

20252024% Change20252024% Change

(in US $ millions, except percentages)

Revenues

Subscription solutions656 563 17 %1,276 1,074 19 %

Merchant solutions2,024 1,482 37 %3,764 2,832 33 %

Total revenues2,680 2,045 31 %5,040 3,906 29 %",later_confirmed,false,,5,
X379,C5ed0170d8e76,forum,reach,AutoZone,Mexico store count,794,"August 31, 2024",,reported_figure,1,ok,confirmed,none,https://mosaic-finance.com/filings/0a72cde1-ecbb-49fb-b6ed-6bf458760381/p/02b58ca9-2299-4b52-953f-c1ff952c95ea/k1.jaLjIs7ApYKNZuijqGSZt1FQp6yCw5ABp3X56GPOSBo/,0001558370-24-013758,,"At August 31, 2024, we operated 6,432 domestic stores, 794 in Mexico and 127 in Brazil, compared with 6,300 domestic stores, 740 in Mexico and 100 in Brazil at August 26, 2023.",not_applicable,false,,4,
X380,C60f696e2ab09,forum,reach,Tesla,remaining customer payment,don't pay the remaining 99.5% until t,,,other,1,ok,off_target,none,,,,,not_applicable,false,,4,
X381,C68589bbaeb55,forum,reach,Union Pacific Corporation,operating ratio,59.2%,Q3 2025,last year,reported_figure,1,ok,confirmed,none,https://mosaic-finance.com/filings/d619f3ab-bb6b-4448-a37a-60ea444b233f/p/6e57f36b-b4ec-4c21-acb4-72bfc8b75260/k1.jEUhfeeo_9e4dRlHH0U9mzfYE0b6nI_srGFlhHaMlY8/,0000100885-25-000321,,"Compared to third quarter of last year, operating income increased 6% to $2.5 billion, and the operating ratio of 59.2% improved 1.1 points, reflecting top-line growth, solid operational performance, and productivity gains.",later_confirmed,false,,3,
X382,C746bac703809,forum,reach,Shopify,lending product risk,rising risk in lending products,,11 months ago,opinion,1,ok,not_checkable,opinion,,,,,not_settled,false,,1,
X383,C78d90822052a,forum,reach,Shopify,Adjusted earnings per share,one cent per share,quarter ended March 31,3.3 years ago,reported_figure,1,ok,confirmed,none,https://mosaic-finance.com/filings/0c9b1178-ad59-41b6-b16f-d2e7a7002975/p/5144c616-9e0d-49ea-a673-354add729826/k1.LTlhvejJSkROmNluP5dLWZ9ompx6xaMj2HyvBmKE9WY/,,The Mosaic filing and passage metadata do not provide an exchange_document_id.,|Diluted Adjusted Net income per share attributable to shareholders|0.20<br>0.01|,later_confirmed,false,,3,
X384,C8b5f0d1e1969,forum,reach,Marriott,adjusted EPS,$2.26,Q2,Tuesday August 01 2023,reported_figure,1,ok,off_target,none,,,,,not_settled,false,,11,
X385,C8e7519e62691,forum,reach,China Foods Holdings Ltd.,gross profit assessment,gross profit was subdued by high cost of revenue,,1.1 years ago,opinion,1,ok,not_checkable,opinion,,,,,not_settled,false,,5,
X386,C91846253d96d,forum,reach,Marriott,leased hotel,W Hotel NY (that is still leased),,1.1 years ago,other,1,ok,off_target,none,,,,,not_settled,false,,9,
X387,Caa1c603b530c,forum,reach,AutoZone,U.S. stores operated,"6,627","August 30, 2025",,reported_figure,1,ok,confirmed,none,https://mosaic-finance.com/filings/7c6eb938-639e-4e3a-aff3-be34c532c66f/p/9d859967-0826-4565-b71a-46050380342d/k1.SnOPOkwop0jSRZrtV4ksaCe4eyh2OCT-sH3nVegkV8g/,0001104659-25-102611,,"We began operations in 1979 and at August 30, 2025, operated 6,627 stores in the U.S., 883 stores in Mexico and 147 stores in Brazil.",not_applicable,false,,2,
X388,Cacb78699b4e0,forum,reach,Tesla,Total produced,"509,737",2020,,reported_figure,1,ok,confirmed,none,https://mosaic-finance.com/filings/386654c3-45a1-4955-a18e-e4f784492a6e/p/ddf7a94b-4404-42c6-b254-361099b21f03/k1.zC06qoFqWIjh_MPRW5wI3LaTiQF6YofNbczd6K7uuUM/,,No exchange_document_id is stored in the returned filing or passage metadata.,"In 2020, we produced 509,737 vehicles and delivered 499,647 vehicles.",not_applicable,false,,4,
X389,Cb13e00804bc9,forum,reach,Chevron,appeal to income-focused investors,particularly appealing to income-focused investors,,Monday March 10 2025,opinion,1,ok,not_checkable,opinion,,,,,not_settled,false,,0,
X390,Cb43512f21efd,forum,reach,Shopify,GMV,\~$61.1bn,,Monday December 21 2020,reported_figure,1,ok,confirmed,none,https://mosaic-finance.com/filings/6fc500a2-882f-448d-b490-f28db85154e0/p/d9f1063a-93a6-444c-885f-a8670d99dfeb/k1.q1DZjBWqvs9vHt2QvnuSa2DKi6oQnsuUYAW8YfUcOKA/,,No exchange_document_id is stored in the Mosaic passage result.,"For the years ended December 31, 2020 and 2019, we facilitated GMV of $119.6 billion and $61.1 billion, respectively.",later_confirmed,false,,4,
X391,Cbcd6c5bcf4b7,forum,reach,China Foods Holdings Ltd.,revenue,"$3,751",same period in 2024,1.1 years ago,reported_figure,1,ok,off_target,none,,,,,not_settled,false,,6,
X392,Cc4338d936d2c,forum,reach,Shopify,role,serves as the central nervous system for over 1,,,opinion,1,ok,not_checkable,opinion,,,,,not_applicable,false,,1,
X393,Cc62a42700023,forum,reach,Mongo DB (MDB),Expected quarterly earnings per share,$-0.38 per share,quarterly,Sunday December 05 2021,estimate,1,ok,not_checkable,consensus_estimate,,,,,later_refuted,false,,2,
X394,Cd16b76ad39e9,forum,reach,China Foods Holdings Ltd.,quarterly net loss,"$108,298",Q2 2024,1.1 years ago,reported_figure,1,ok,off_target,none,,,,,not_settled,false,,9,
X395,Cdd5203f6b32c,forum,reach,Costco Wholesale,Comparable growth from traffic in long-term algorithm,4-6% comp on traffic,Long Term,today,forecast,1,ok,not_checkable,forecast,,,,,not_settled,false,,3,
X396,Cdff28c134597,forum,reach,Meta,Revenue beat,$760M,Q1,5 months ago,reported_figure,1,ok,not_checkable,consensus_estimate,,,,,not_settled,false,,3,
X397,Ce7ab6dbd8651,forum,reach,Marriott,Shares repurchased,2.8 million shares,Q2 2025,1.2 years ago,reported_figure,1,ok,confirmed,none,https://mosaic-finance.com/filings/b3d88b03-1ba9-4499-9cf2-79912fa10b5f/p/35d840f1-be34-4179-9501-f7c053d3a992/k1.W2_9Rn7onehA6mr50H-BRi9HeXUANfooN0ZTeCbg1PY/,0001048286-25-000006,,We repurchased 2.8 million shares of our common stock for $0.7 billion in the 2025 second quarter.,later_confirmed,false,,3,
X398,Cee529e9852dd,forum,reach,Tesla,speculation about announcing deliveries during the earnings call,maybe Elon wanted to give the official 500k+ delivery number in person during the earnings call instead of just the typical press release,,5.8 years ago,opinion,1,ok,not_checkable,opinion,,,,,not_settled,false,,1,
X399,Cf60a0e7b2f06,forum,reach,Lockheed Martin,sales performance across business sectors,record shattering sales across all 4 business sectors,Q4 2020,Tuesday March 23 2021,opinion,1,ok,not_checkable,opinion,,,,,not_settled,false,,2,
X400,Cf9356bb89f73,forum,reach,META/Facebook,added uncertainty to absolute audience measures,on the order of 0.5-1%,,4.0 years ago,estimate,1,ok,not_checkable,opinion,,,,,not_settled,false,,5,
