run_id,arm,stratum,question_id,repetition,shown_total,opened_or_archivist_total,shown_filing,shown_issuer,shown_forum,shown_promotional,shown_aggregator,shown_news,shown_reference,shown_other,opened_or_archivist_filing,opened_or_archivist_issuer,opened_or_archivist_forum,opened_or_archivist_promotional,opened_or_archivist_aggregator,opened_or_archivist_news,opened_or_archivist_reference,opened_or_archivist_other,archivist_sources,forum_shown_only,forum_opened,forum_touched,aggregator_shown_only,aggregator_opened,aggregator_touched,forum_or_aggregator_shown_only,forum_or_aggregator_opened,forum_or_aggregator_touched
20261007T032846756596Z-codex.web.CT01.r1-a1,web,control,CT01,1,23,0,0,0,6,4,0,0,11,2,0,0,0,0,0,0,0,0,0,true,false,true,false,false,false,true,false,true
20261007T032846756943Z-codex.archivist.CT01.r1-a1,archivist,control,CT01,1,0,0,0,0,0,0,0,0,0,0,0,0,0,0,0,0,0,0,0,false,false,false,false,false,false,false,false,false
20261007T032855512185Z-codex.both.CT01.r1-a1,both,control,CT01,1,18,0,0,0,2,1,0,0,15,0,0,0,0,0,0,0,0,0,0,true,false,true,false,false,false,true,false,true
20261007T032858547538Z-codex.web.CT02.r1-a1,web,control,CT02,1,27,0,0,0,1,0,0,5,21,0,0,0,0,0,0,0,0,0,0,true,false,true,false,false,false,true,false,true
20261007T032906304985Z-codex.both.CT02.r1-a1,both,control,CT02,1,27,0,0,0,1,0,0,5,21,0,0,0,0,0,0,0,0,0,0,true,false,true,false,false,false,true,false,true
20261007T032914399858Z-codex.web.LK01.r1-a1,web,lookup,LK01,1,18,1,6,6,2,0,2,2,0,0,1,0,0,0,0,0,0,0,0,true,false,true,true,false,true,true,false,true
20261007T033929469169Z-codex.archivist.CT02.r1-a2,archivist,control,CT02,1,0,0,0,0,0,0,0,0,0,0,0,0,0,0,0,0,0,0,0,false,false,false,false,false,false,false,false,false
20261007T033929469570Z-codex.archivist.LK01.r1-a1,archivist,lookup,LK01,1,0,2,0,0,0,0,0,0,0,0,2,0,0,0,0,0,0,0,2,false,false,false,false,false,false,false,false,false
20261007T033937782273Z-codex.both.LK01.r1-a1,both,lookup,LK01,1,20,1,6,5,5,0,4,0,0,0,1,0,0,0,0,0,0,0,0,true,false,true,true,false,true,true,false,true
20261007T033952728216Z-codex.web.LK02.r1-a1,web,lookup,LK02,1,20,0,5,6,0,0,7,0,2,0,0,0,0,0,0,0,0,0,0,false,false,false,true,false,true,true,false,true
20261007T034002441782Z-codex.archivist.LK02.r1-a1,archivist,lookup,LK02,1,0,1,0,0,0,0,0,0,0,0,1,0,0,0,0,0,0,0,1,false,false,false,false,false,false,false,false,false
20261007T034003228040Z-codex.both.LK02.r1-a1,both,lookup,LK02,1,21,0,4,6,1,0,8,0,2,0,0,0,0,0,0,0,0,0,0,true,false,true,true,false,true,true,false,true
20261007T034014045820Z-codex.web.LK03.r1-a1,web,lookup,LK03,1,20,1,11,5,1,0,2,0,1,0,1,0,0,0,0,0,0,0,0,true,false,true,true,false,true,true,false,true
20261007T034024463253Z-codex.archivist.LK03.r1-a1,archivist,lookup,LK03,1,0,1,0,0,0,0,0,0,0,0,1,0,0,0,0,0,0,0,1,false,false,false,false,false,false,false,false,false
20261007T034035982081Z-codex.both.LK03.r1-a1,both,lookup,LK03,1,19,1,9,6,1,0,1,0,2,0,1,0,0,0,0,0,0,0,0,true,false,true,true,false,true,true,false,true
20261007T034046535551Z-codex.web.LK04.r1-a1,web,lookup,LK04,1,34,1,8,7,12,0,1,2,4,0,0,1,0,0,0,0,0,0,0,true,false,true,true,false,true,true,false,true
20261007T034050839780Z-codex.archivist.LK04.r1-a1,archivist,lookup,LK04,1,0,2,0,0,0,0,0,0,0,0,2,0,0,0,0,0,0,0,2,false,false,false,false,false,false,false,false,false
20261007T034100120662Z-codex.both.LK04.r1-a1,both,lookup,LK04,1,29,1,8,7,7,0,1,3,3,0,1,0,0,0,0,0,0,0,0,true,false,true,true,false,true,true,false,true
20261007T034112416292Z-codex.web.LK05.r1-a1,web,lookup,LK05,1,24,1,6,9,7,0,0,0,2,0,1,0,0,0,0,0,0,0,0,true,false,true,false,false,false,true,false,true
20261007T034117143132Z-codex.archivist.LK05.r1-a1,archivist,lookup,LK05,1,0,2,0,0,0,0,0,0,0,0,2,0,0,0,0,0,0,0,2,false,false,false,false,false,false,false,false,false
20261007T034126608871Z-codex.both.LK05.r1-a1,both,lookup,LK05,1,24,1,6,9,7,0,0,0,2,0,1,0,0,0,0,0,0,0,0,true,false,true,false,false,false,true,false,true
20261007T034145326828Z-codex.web.CT01.r2-a1,web,control,CT01,2,13,0,0,0,1,2,0,0,10,0,0,0,0,0,0,0,0,0,0,true,false,true,false,false,false,true,false,true
20261007T034146408959Z-codex.archivist.CT01.r2-a1,archivist,control,CT01,2,0,0,0,0,0,0,0,0,0,0,0,0,0,0,0,0,0,0,0,false,false,false,false,false,false,false,false,false
20261007T034152895325Z-codex.both.CT01.r2-a1,both,control,CT01,2,23,0,0,0,7,4,0,0,10,2,0,0,0,0,0,0,0,0,0,true,false,true,false,false,false,true,false,true
20261007T034155950691Z-codex.web.CT02.r2-a1,web,control,CT02,2,26,0,0,0,1,0,0,5,20,0,0,0,0,0,0,0,0,0,0,true,false,true,false,false,false,true,false,true
20261007T034203396392Z-codex.archivist.CT02.r2-a1,archivist,control,CT02,2,0,0,0,0,0,0,0,0,0,0,0,0,0,0,0,0,0,0,0,false,false,false,false,false,false,false,false,false
20261007T034204926359Z-codex.both.CT02.r2-a1,both,control,CT02,2,26,0,0,0,1,0,0,5,20,0,0,0,0,0,0,0,0,0,0,true,false,true,false,false,false,true,false,true
20261007T034213092454Z-codex.web.LK01.r2-a1,web,lookup,LK01,2,28,1,5,6,12,0,4,0,1,0,1,0,0,0,0,0,0,0,0,true,false,true,true,false,true,true,false,true
20261007T034214719637Z-codex.archivist.LK01.r2-a1,archivist,lookup,LK01,2,0,2,0,0,0,0,0,0,0,0,2,0,0,0,0,0,0,0,2,false,false,false,false,false,false,false,false,false
20261007T034226632131Z-codex.both.LK01.r2-a1,both,lookup,LK01,2,18,1,7,5,4,0,2,0,0,0,1,0,0,0,0,0,0,0,0,true,false,true,true,false,true,true,false,true
20261007T034243347318Z-codex.web.LK02.r2-a1,web,lookup,LK02,2,20,0,6,5,0,0,7,0,2,0,0,0,0,0,0,0,0,0,0,false,false,false,true,false,true,true,false,true
20261007T034247290947Z-codex.archivist.LK02.r2-a1,archivist,lookup,LK02,2,0,1,0,0,0,0,0,0,0,0,1,0,0,0,0,0,0,0,1,false,false,false,false,false,false,false,false,false
20261007T034251804602Z-codex.both.LK02.r2-a1,both,lookup,LK02,2,20,0,5,6,0,0,7,0,2,0,0,0,0,0,0,0,0,0,0,false,false,false,true,false,true,true,false,true
20261007T034302957679Z-codex.web.LK03.r2-a1,web,lookup,LK03,2,18,2,11,5,0,0,1,0,1,0,1,1,0,0,0,0,0,0,0,false,false,false,true,false,true,true,false,true
20261007T034303658468Z-codex.archivist.LK03.r2-a1,archivist,lookup,LK03,2,0,1,0,0,0,0,0,0,0,0,1,0,0,0,0,0,0,0,1,false,false,false,false,false,false,false,false,false
20261007T034319803624Z-codex.both.LK03.r2-a1,both,lookup,LK03,2,21,1,7,7,1,0,2,0,4,0,1,0,0,0,0,0,0,0,0,true,false,true,true,false,true,true,false,true
20261007T034324589615Z-codex.web.LK04.r2-a1,web,lookup,LK04,2,28,1,8,5,7,0,1,3,4,0,1,0,0,0,0,0,0,0,0,true,false,true,true,false,true,true,false,true
20261007T034333985993Z-codex.archivist.LK04.r2-a1,archivist,lookup,LK04,2,0,2,0,0,0,0,0,0,0,0,2,0,0,0,0,0,0,0,2,false,false,false,false,false,false,false,false,false
20261007T034336945898Z-codex.both.LK04.r2-a1,both,lookup,LK04,2,33,1,8,3,8,0,1,7,6,0,1,0,0,0,0,0,0,0,0,true,false,true,true,false,true,true,false,true
20261007T034351372289Z-codex.web.LK05.r2-a1,web,lookup,LK05,2,26,1,5,9,10,0,0,0,2,0,1,0,0,0,0,0,0,0,0,true,false,true,false,false,false,true,false,true
20261007T034351824627Z-codex.archivist.LK05.r2-a1,archivist,lookup,LK05,2,0,1,0,0,0,0,0,0,0,0,1,0,0,0,0,0,0,0,1,false,false,false,false,false,false,false,false,false
20261007T034407765842Z-codex.both.LK05.r2-a1,both,lookup,LK05,2,17,1,6,6,1,0,4,0,0,0,1,0,0,0,0,0,0,0,0,true,false,true,true,false,true,true,false,true
20261007T034414747390Z-codex.web.CT01.r3-a1,web,control,CT01,3,23,0,0,0,7,4,0,0,10,2,0,0,0,0,0,0,0,0,0,true,false,true,false,false,false,true,false,true
20261007T034423666138Z-codex.archivist.CT01.r3-a1,archivist,control,CT01,3,0,1,0,0,0,0,0,0,0,0,1,0,0,0,0,0,0,0,1,false,false,false,false,false,false,false,false,false
20261007T034425332065Z-codex.both.CT01.r3-a1,both,control,CT01,3,23,0,0,0,7,4,0,0,10,2,0,0,0,0,0,0,0,0,0,true,false,true,false,false,false,true,false,true
20261007T034435413102Z-codex.web.CT02.r3-a1,web,control,CT02,3,28,0,0,0,1,0,0,4,23,0,0,0,0,0,0,0,0,0,0,true,false,true,false,false,false,true,false,true
20261007T034443662317Z-codex.archivist.CT02.r3-a1,archivist,control,CT02,3,0,0,0,0,0,0,0,0,0,0,0,0,0,0,0,0,0,0,0,false,false,false,false,false,false,false,false,false
20261007T034457082054Z-codex.both.CT02.r3-a1,both,control,CT02,3,26,0,0,0,1,0,0,5,20,0,0,0,0,0,0,0,0,0,0,true,false,true,false,false,false,true,false,true
20261007T034503800668Z-codex.web.LK01.r3-a1,web,lookup,LK01,3,29,1,5,5,13,0,4,1,1,0,1,0,0,0,0,0,0,0,0,true,false,true,true,false,true,true,false,true
20261007T034505195999Z-codex.archivist.LK01.r3-a1,archivist,lookup,LK01,3,0,1,0,0,0,0,0,0,0,0,1,0,0,0,0,0,0,0,1,false,false,false,false,false,false,false,false,false
20261007T034517592154Z-codex.both.LK01.r3-a1,both,lookup,LK01,3,19,1,6,6,5,0,2,0,0,0,1,0,0,0,0,0,0,0,0,true,false,true,true,false,true,true,false,true
20261007T034524287792Z-codex.web.LK02.r3-a1,web,lookup,LK02,3,20,0,5,6,0,0,7,0,2,0,0,0,0,0,0,0,0,0,0,false,false,false,true,false,true,true,false,true
20261007T034533483259Z-codex.archivist.LK02.r3-a1,archivist,lookup,LK02,3,0,1,0,0,0,0,0,0,0,0,1,0,0,0,0,0,0,0,1,false,false,false,false,false,false,false,false,false
20261007T034537943673Z-codex.both.LK02.r3-a1,both,lookup,LK02,3,21,0,4,6,1,0,8,0,2,0,0,0,0,0,0,0,0,0,0,true,false,true,true,false,true,true,false,true
20261007T034547916597Z-codex.web.LK03.r3-a1,web,lookup,LK03,3,21,1,7,7,1,0,2,0,4,0,1,0,0,0,0,0,0,0,0,true,false,true,true,false,true,true,false,true
20261007T034557006781Z-codex.archivist.LK03.r3-a1,archivist,lookup,LK03,3,0,1,0,0,0,0,0,0,0,0,1,0,0,0,0,0,0,0,1,false,false,false,false,false,false,false,false,false
20261007T034604309116Z-codex.both.LK03.r3-a1,both,lookup,LK03,3,22,1,8,7,2,0,1,0,4,0,1,0,0,0,0,0,0,0,0,true,false,true,true,false,true,true,false,true
20261007T034617023163Z-codex.web.LK04.r3-a1,web,lookup,LK04,3,35,1,8,7,12,0,0,3,5,0,1,0,0,0,0,0,0,0,0,true,false,true,false,false,false,true,false,true
20261007T034619053858Z-codex.archivist.LK04.r3-a1,archivist,lookup,LK04,3,0,2,0,0,0,0,0,0,0,0,2,0,0,0,0,0,0,0,2,false,false,false,false,false,false,false,false,false
20261007T034629134358Z-codex.both.LK04.r3-a1,both,lookup,LK04,3,32,1,8,4,8,0,2,6,4,0,1,0,0,0,0,0,0,0,0,true,false,true,true,false,true,true,false,true
20261007T034637629040Z-codex.web.LK05.r3-a1,web,lookup,LK05,3,17,1,6,8,1,0,1,0,1,0,1,0,0,0,0,0,0,0,0,true,false,true,true,false,true,true,false,true
20261007T034641972140Z-codex.archivist.LK05.r3-a1,archivist,lookup,LK05,3,0,1,0,0,0,0,0,0,0,0,1,0,0,0,0,0,0,0,1,false,false,false,false,false,false,false,false,false
20261007T034657375163Z-codex.both.LK05.r3-a1,both,lookup,LK05,3,18,1,5,10,2,0,1,0,0,0,1,0,0,0,0,0,0,0,0,true,false,true,true,false,true,true,false,true
20261007T034821229567Z-codex.web.LK06.r1-a1,web,lookup,LK06,1,26,1,5,9,7,0,3,0,2,0,1,0,0,0,0,0,0,0,0,true,false,true,true,false,true,true,false,true
20261007T034821230232Z-codex.archivist.LK06.r1-a1,archivist,lookup,LK06,1,0,1,0,0,0,0,0,0,0,0,1,0,0,0,0,0,0,0,1,false,false,false,false,false,false,false,false,false
20261007T034834260708Z-codex.both.LK06.r1-a1,both,lookup,LK06,1,27,1,4,10,6,0,3,0,4,0,1,0,0,0,0,0,0,0,0,true,false,true,true,false,true,true,false,true
20261007T034855708595Z-codex.web.LK07.r1-a1,web,lookup,LK07,1,26,1,4,7,9,0,6,0,0,0,1,0,0,0,0,0,0,0,0,true,false,true,true,false,true,true,false,true
20261007T034856139144Z-codex.archivist.LK07.r1-a1,archivist,lookup,LK07,1,0,1,0,0,0,0,0,0,0,0,1,0,0,0,0,0,0,0,1,false,false,false,false,false,false,false,false,false
20261007T034907335113Z-codex.both.LK07.r1-a1,both,lookup,LK07,1,26,1,4,7,9,0,6,0,0,0,1,0,0,0,0,0,0,0,0,true,false,true,true,false,true,true,false,true
20261007T034919736299Z-codex.web.LK08.r1-a1,web,lookup,LK08,1,23,1,4,8,6,0,4,0,1,0,1,0,0,0,0,0,0,0,0,true,false,true,true,false,true,true,false,true
20261007T034919924044Z-codex.archivist.LK08.r1-a1,archivist,lookup,LK08,1,0,1,0,0,0,0,0,0,0,0,1,0,0,0,0,0,0,0,1,false,false,false,false,false,false,false,false,false
20261007T034930974986Z-codex.both.LK08.r1-a1,both,lookup,LK08,1,28,2,5,9,8,0,3,2,1,0,2,0,0,0,0,0,0,0,0,true,false,true,true,false,true,true,false,true
20261007T034938083020Z-codex.web.LK09.r1-a1,web,lookup,LK09,1,16,0,4,5,1,0,6,0,0,0,0,0,0,0,0,0,0,0,0,true,false,true,true,false,true,true,false,true
20261007T034946741690Z-codex.archivist.LK09.r1-a1,archivist,lookup,LK09,1,0,1,0,0,0,0,0,0,0,0,1,0,0,0,0,0,0,0,1,false,false,false,false,false,false,false,false,false
20261007T034946880524Z-codex.both.LK09.r1-a1,both,lookup,LK09,1,19,0,2,8,2,0,7,0,0,0,0,0,0,0,0,0,0,0,0,true,false,true,true,false,true,true,false,true
20261007T034956182437Z-codex.web.LK10.r1-a1,web,lookup,LK10,1,17,2,4,7,0,0,6,0,0,0,0,0,0,0,0,0,0,2,0,false,false,false,true,false,true,true,false,true
20261007T035005790048Z-codex.archivist.LK10.r1-a1,archivist,lookup,LK10,1,0,1,0,0,0,0,0,0,0,0,1,0,0,0,0,0,0,0,1,false,false,false,false,false,false,false,false,false
20261007T035008685409Z-codex.both.LK10.r1-a1,both,lookup,LK10,1,37,2,7,14,1,0,13,0,2,0,0,0,0,0,0,0,0,2,0,true,false,true,true,false,true,true,false,true
20261007T035027122487Z-codex.web.LK06.r2-a1,web,lookup,LK06,2,27,1,4,9,7,0,2,1,4,0,1,0,0,0,0,0,0,0,0,true,false,true,true,false,true,true,false,true
20261007T035040949894Z-codex.archivist.LK06.r2-a1,archivist,lookup,LK06,2,0,1,0,0,0,0,0,0,0,0,1,0,0,0,0,0,0,0,1,false,false,false,false,false,false,false,false,false
20261007T035042335351Z-codex.both.LK06.r2-a1,both,lookup,LK06,2,26,1,3,11,6,0,3,0,3,0,1,0,0,0,0,0,0,0,0,true,false,true,true,false,true,true,false,true
20261007T035057560762Z-codex.web.LK07.r2-a1,web,lookup,LK07,2,26,1,4,7,9,0,6,0,0,0,1,0,0,0,0,0,0,0,0,true,false,true,true,false,true,true,false,true
20261007T035106387497Z-codex.archivist.LK07.r2-a1,archivist,lookup,LK07,2,0,1,0,0,0,0,0,0,0,0,1,0,0,0,0,0,0,0,1,false,false,false,false,false,false,false,false,false
20261007T035111589022Z-codex.both.LK07.r2-a1,both,lookup,LK07,2,14,1,4,5,0,0,5,0,0,0,1,0,0,0,0,0,0,0,1,false,false,false,true,false,true,true,false,true
20261007T035126794698Z-codex.web.LK08.r2-a1,web,lookup,LK08,2,25,2,5,8,9,0,2,0,1,0,2,0,0,0,0,0,0,0,0,true,false,true,true,false,true,true,false,true
20261007T035130741088Z-codex.archivist.LK08.r2-a1,archivist,lookup,LK08,2,0,1,0,0,0,0,0,0,0,0,1,0,0,0,0,0,0,0,1,false,false,false,false,false,false,false,false,false
20261007T035139068980Z-codex.both.LK08.r2-a1,both,lookup,LK08,2,29,2,6,7,12,0,3,0,1,0,2,0,0,0,0,0,0,0,0,true,false,true,true,false,true,true,false,true
20261007T035154959788Z-codex.web.LK09.r2-a1,web,lookup,LK09,2,19,0,2,8,2,0,7,0,0,0,0,0,0,0,0,0,0,0,0,true,false,true,true,false,true,true,false,true
20261007T035155834043Z-codex.archivist.LK09.r2-a1,archivist,lookup,LK09,2,0,1,0,0,0,0,0,0,0,0,1,0,0,0,0,0,0,0,1,false,false,false,false,false,false,false,false,false
20261007T035205088088Z-codex.both.LK09.r2-a1,both,lookup,LK09,2,19,0,2,8,2,0,7,0,0,0,0,0,0,0,0,0,0,0,0,true,false,true,true,false,true,true,false,true
20261007T035212971881Z-codex.web.LK10.r2-a1,web,lookup,LK10,2,18,4,5,5,0,1,7,0,0,0,0,0,0,0,0,0,0,4,0,false,false,false,true,false,true,true,false,true
20261007T035214643197Z-codex.archivist.LK10.r2-a1,archivist,lookup,LK10,2,0,1,0,0,0,0,0,0,0,0,1,0,0,0,0,0,0,0,1,false,false,false,false,false,false,false,false,false
20261007T035228370369Z-codex.both.LK10.r2-a1,both,lookup,LK10,2,54,10,35,9,1,0,8,0,1,0,0,0,0,0,0,0,0,10,0,true,false,true,true,false,true,true,false,true
20261007T035240733903Z-codex.web.LK06.r3-a1,web,lookup,LK06,3,27,1,4,9,6,0,4,0,4,0,1,0,0,0,0,0,0,0,0,true,false,true,true,false,true,true,false,true
20261007T035254446148Z-codex.archivist.LK06.r3-a1,archivist,lookup,LK06,3,0,1,0,0,0,0,0,0,0,0,1,0,0,0,0,0,0,0,1,false,false,false,false,false,false,false,false,false
20261007T035314949891Z-codex.both.LK06.r3-a1,both,lookup,LK06,3,28,1,4,10,7,0,2,1,4,0,1,0,0,0,0,0,0,0,0,true,false,true,true,false,true,true,false,true
20261007T035315599225Z-codex.web.LK07.r3-a1,web,lookup,LK07,3,26,1,4,7,9,0,6,0,0,0,1,0,0,0,0,0,0,0,0,true,false,true,true,false,true,true,false,true
20261007T035328585926Z-codex.archivist.LK07.r3-a1,archivist,lookup,LK07,3,0,1,0,0,0,0,0,0,0,0,1,0,0,0,0,0,0,0,1,false,false,false,false,false,false,false,false,false
20261007T035329260228Z-codex.both.LK07.r3-a1,both,lookup,LK07,3,26,1,4,7,9,0,6,0,0,0,1,0,0,0,0,0,0,0,0,true,false,true,true,false,true,true,false,true
20261007T035341373830Z-codex.web.LK08.r3-a1,web,lookup,LK08,3,21,2,5,9,6,0,1,0,0,0,2,0,0,0,0,0,0,0,0,true,false,true,true,false,true,true,false,true
20261007T035347780993Z-codex.archivist.LK08.r3-a1,archivist,lookup,LK08,3,0,1,0,0,0,0,0,0,0,0,1,0,0,0,0,0,0,0,1,false,false,false,false,false,false,false,false,false
20261007T035353854359Z-codex.both.LK08.r3-a1,both,lookup,LK08,3,25,1,4,8,7,0,4,0,2,0,1,0,0,0,0,0,0,0,0,true,false,true,true,false,true,true,false,true
20261007T035405711575Z-codex.web.LK09.r3-a1,web,lookup,LK09,3,19,0,2,8,2,0,7,0,0,0,0,0,0,0,0,0,0,0,0,true,false,true,true,false,true,true,false,true
20261007T035409124101Z-codex.archivist.LK09.r3-a1,archivist,lookup,LK09,3,0,1,0,0,0,0,0,0,0,0,1,0,0,0,0,0,0,0,1,false,false,false,false,false,false,false,false,false
20261007T035415406681Z-codex.both.LK09.r3-a1,both,lookup,LK09,3,18,0,2,8,1,0,7,0,0,0,0,0,0,0,0,0,0,0,0,true,false,true,true,false,true,true,false,true
20261007T035423322403Z-codex.web.LK10.r3-a1,web,lookup,LK10,3,18,3,4,6,0,0,8,0,0,0,0,0,0,0,0,0,0,3,0,false,false,false,true,false,true,true,false,true
20261007T035425736366Z-codex.archivist.LK10.r3-a1,archivist,lookup,LK10,3,0,1,0,0,0,0,0,0,0,0,1,0,0,0,0,0,0,0,1,false,false,false,false,false,false,false,false,false
20261007T035440579545Z-codex.both.LK10.r3-a1,both,lookup,LK10,3,18,2,4,6,0,1,7,0,0,0,0,0,0,0,0,0,0,2,0,false,false,false,true,false,true,true,false,true
20261007T035507242295Z-codex.web.LK11.r1-a1,web,lookup,LK11,1,20,4,5,6,1,0,6,0,2,0,1,0,0,0,0,0,0,3,0,true,false,true,true,false,true,true,false,true
20261007T035507243426Z-codex.archivist.LK11.r1-a1,archivist,lookup,LK11,1,0,2,0,0,0,0,0,0,0,0,2,0,0,0,0,0,0,0,2,false,false,false,false,false,false,false,false,false
20261007T035528130154Z-codex.both.LK11.r1-a1,both,lookup,LK11,1,20,2,5,7,1,0,5,0,2,0,0,0,0,0,0,0,0,2,0,true,false,true,true,false,true,true,false,true
20261007T035529536004Z-codex.web.LK12.r1-a1,web,lookup,LK12,1,15,1,2,6,1,0,6,0,0,0,1,0,0,0,0,0,0,0,0,true,false,true,true,false,true,true,false,true
20261007T035540740705Z-codex.archivist.LK12.r1-a1,archivist,lookup,LK12,1,0,5,0,0,0,0,0,0,0,0,5,0,0,0,0,0,0,0,5,false,false,false,false,false,false,false,false,false
20261007T035544433231Z-codex.both.LK12.r1-a1,both,lookup,LK12,1,15,1,2,6,1,0,6,0,0,0,1,0,0,0,0,0,0,0,0,true,false,true,true,false,true,true,false,true
20261007T035556083933Z-codex.web.LK13.r1-a1,web,lookup,LK13,1,26,1,2,11,10,0,3,0,0,0,0,1,0,0,0,0,0,0,0,true,false,true,true,false,true,true,false,true
20261007T035557837909Z-codex.archivist.LK13.r1-a1,archivist,lookup,LK13,1,0,3,0,0,0,0,0,0,0,0,3,0,0,0,0,0,0,0,3,false,false,false,false,false,false,false,false,false
20261007T035611526688Z-codex.both.LK13.r1-a1,both,lookup,LK13,1,23,2,2,10,6,0,4,1,0,0,1,1,0,0,0,0,0,0,0,true,false,true,true,false,true,true,false,true
20261007T035616933459Z-codex.web.LK14.r1-a1,web,lookup,LK14,1,30,3,4,1,13,0,5,7,0,0,1,0,0,0,1,0,0,1,0,true,false,true,false,true,true,false,true,true
20261007T035624399716Z-codex.archivist.LK14.r1-a1,archivist,lookup,LK14,1,0,1,0,0,0,0,0,0,0,0,1,0,0,0,0,0,0,0,1,false,false,false,false,false,false,false,false,false
20261007T035630024147Z-codex.both.LK14.r1-a1,both,lookup,LK14,1,36,3,7,0,2,10,10,6,1,0,2,0,0,0,0,1,0,0,1,true,false,true,true,false,true,true,false,true
20261007T035644770594Z-codex.web.LK15.r1-a1,web,lookup,LK15,1,30,6,21,1,0,0,8,0,0,0,3,0,0,0,0,0,0,3,0,false,false,false,true,false,true,true,false,true
20261007T035657790045Z-codex.archivist.LK15.r1-a1,archivist,lookup,LK15,1,0,2,0,0,0,0,0,0,0,0,2,0,0,0,0,0,0,0,2,false,false,false,false,false,false,false,false,false
20261007T035710562142Z-codex.both.LK15.r1-a1,both,lookup,LK15,1,32,9,11,2,5,2,4,0,7,1,4,0,0,0,2,0,0,3,2,true,false,true,false,true,true,false,true,true
20261007T035714222648Z-codex.web.LK11.r2-a1,web,lookup,LK11,2,20,2,4,7,1,0,6,0,2,0,1,0,0,0,0,0,0,1,0,true,false,true,true,false,true,true,false,true
20261007T035727290956Z-codex.archivist.LK11.r2-a1,archivist,lookup,LK11,2,0,1,0,0,0,0,0,0,0,0,1,0,0,0,0,0,0,0,1,false,false,false,false,false,false,false,false,false
20261007T035746957758Z-codex.both.LK11.r2-a1,both,lookup,LK11,2,20,4,5,6,1,0,6,0,2,0,1,0,0,0,0,0,0,3,0,true,false,true,true,false,true,true,false,true
20261007T035753688659Z-codex.web.LK12.r2-a1,web,lookup,LK12,2,15,1,2,6,1,0,6,0,0,0,1,0,0,0,0,0,0,0,0,true,false,true,true,false,true,true,false,true
20261007T035805118423Z-codex.archivist.LK12.r2-a1,archivist,lookup,LK12,2,0,9,0,0,0,0,0,0,0,0,9,0,0,0,0,0,0,0,9,false,false,false,false,false,false,false,false,false
20261007T035812158141Z-codex.both.LK12.r2-a1,both,lookup,LK12,2,15,1,2,6,1,0,6,0,0,0,1,0,0,0,0,0,0,0,0,true,false,true,true,false,true,true,false,true
20261007T035824716083Z-codex.web.LK13.r2-a1,web,lookup,LK13,2,17,1,2,9,1,0,4,1,0,0,1,0,0,0,0,0,0,0,0,true,false,true,true,false,true,true,false,true
20261007T035830000694Z-codex.archivist.LK13.r2-a1,archivist,lookup,LK13,2,0,3,0,0,0,0,0,0,0,0,3,0,0,0,0,0,0,0,3,false,false,false,false,false,false,false,false,false
20261007T035836797015Z-codex.both.LK13.r2-a1,both,lookup,LK13,2,25,1,2,11,8,0,4,0,0,0,1,0,0,0,0,0,0,0,0,true,false,true,true,false,true,true,false,true
20261007T035849164102Z-codex.web.LK14.r2-a1,web,lookup,LK14,2,30,1,4,1,12,0,6,7,0,0,1,0,0,0,0,0,0,0,0,true,false,true,true,false,true,true,false,true
20261007T035850052807Z-codex.archivist.LK14.r2-a1,archivist,lookup,LK14,2,0,1,0,0,0,0,0,0,0,0,1,0,0,0,0,0,0,0,1,false,false,false,false,false,false,false,false,false
20261007T035902553641Z-codex.both.LK14.r2-a1,both,lookup,LK14,2,29,1,4,1,13,0,6,5,0,0,1,0,0,0,0,0,0,0,0,true,false,true,true,false,true,true,false,true
20261007T035913395581Z-codex.web.LK15.r2-a1,web,lookup,LK15,2,17,8,7,2,0,0,8,0,0,0,2,1,0,0,2,0,0,3,0,false,false,false,false,true,true,false,true,true
20261007T035917969913Z-codex.archivist.LK15.r2-a1,archivist,lookup,LK15,2,0,2,0,0,0,0,0,0,0,0,2,0,0,0,0,0,0,0,2,false,false,false,false,false,false,false,false,false
20261007T035938355087Z-codex.both.LK15.r2-a1,both,lookup,LK15,2,17,3,12,2,0,0,3,0,0,0,1,1,0,0,1,0,0,0,0,false,false,false,false,true,true,false,true,true
20261007T035938870344Z-codex.web.LK11.r3-a1,web,lookup,LK11,3,20,4,5,6,1,0,6,0,2,0,0,1,0,0,0,0,0,3,0,true,false,true,true,false,true,true,false,true
20261007T035957774770Z-codex.archivist.LK11.r3-a1,archivist,lookup,LK11,3,0,12,0,0,0,0,0,0,0,0,12,0,0,0,0,0,0,0,12,false,false,false,false,false,false,false,false,false
20261007T035958729646Z-codex.both.LK11.r3-a1,both,lookup,LK11,3,20,3,5,7,1,0,5,0,2,0,0,0,0,0,0,0,0,3,0,true,false,true,true,false,true,true,false,true
20261007T040017620411Z-codex.web.LK12.r3-a1,web,lookup,LK12,3,22,1,3,9,6,0,4,0,0,0,1,0,0,0,0,0,0,0,0,true,false,true,true,false,true,true,false,true
20261007T040025029080Z-codex.archivist.LK12.r3-a1,archivist,lookup,LK12,3,0,5,0,0,0,0,0,0,0,0,5,0,0,0,0,0,0,0,5,false,false,false,false,false,false,false,false,false
20261007T040029824280Z-codex.both.LK12.r3-a1,both,lookup,LK12,3,22,1,3,9,6,0,4,0,0,0,1,0,0,0,0,0,0,0,0,true,false,true,true,false,true,true,false,true
20261007T040041481390Z-codex.web.LK13.r3-a1,web,lookup,LK13,3,24,0,2,14,6,0,2,0,0,0,0,0,0,0,0,0,0,0,0,true,false,true,true,false,true,true,false,true
20261007T040042247092Z-codex.archivist.LK13.r3-a1,archivist,lookup,LK13,3,0,3,0,0,0,0,0,0,0,0,3,0,0,0,0,0,0,0,3,false,false,false,false,false,false,false,false,false
20261007T040050128396Z-codex.both.LK13.r3-a1,both,lookup,LK13,3,23,1,2,11,6,0,3,1,0,0,1,0,0,0,0,0,0,0,0,true,false,true,true,false,true,true,false,true
20261007T040104503276Z-codex.web.LK14.r3-a1,web,lookup,LK14,3,36,2,6,0,0,0,7,17,5,1,0,0,0,0,1,0,0,1,0,false,false,false,false,true,true,false,true,true
20261007T040107058890Z-codex.archivist.LK14.r3-a1,archivist,lookup,LK14,3,0,1,0,0,0,0,0,0,0,0,1,0,0,0,0,0,0,0,1,false,false,false,false,false,false,false,false,false
20261007T040122579369Z-codex.both.LK14.r3-a1,both,lookup,LK14,3,27,1,6,1,9,0,7,4,0,0,1,0,0,0,0,0,0,0,0,true,false,true,true,false,true,true,false,true
20261007T040135292982Z-codex.web.LK15.r3-a1,web,lookup,LK15,3,17,6,10,2,0,0,5,0,0,0,2,1,0,0,0,0,0,3,0,false,false,false,true,false,true,true,false,true
20261007T040138648992Z-codex.archivist.LK15.r3-a1,archivist,lookup,LK15,3,0,2,0,0,0,0,0,0,0,0,2,0,0,0,0,0,0,0,2,false,false,false,false,false,false,false,false,false
20261007T040158610941Z-codex.both.LK15.r3-a1,both,lookup,LK15,3,17,3,12,2,0,0,3,0,0,0,1,1,0,0,1,0,0,0,0,false,false,false,false,true,true,false,true,true
20261007T040220867606Z-codex.web.MH01.r1-a1,web,multi_hop_document,MH01,1,18,5,7,4,1,0,5,0,1,0,1,0,0,0,0,0,0,4,0,true,false,true,true,false,true,true,false,true
20261007T040220867859Z-codex.archivist.MH01.r1-a1,archivist,multi_hop_document,MH01,1,0,1,0,0,0,0,0,0,0,0,1,0,0,0,0,0,0,0,1,false,false,false,false,false,false,false,false,false
20261007T040242488695Z-codex.both.MH01.r1-a1,both,multi_hop_document,MH01,1,37,4,11,6,3,0,7,0,4,6,0,0,0,0,0,0,0,4,0,true,false,true,true,false,true,true,false,true
20261007T040242883747Z-codex.web.MH02.r1-a1,web,multi_hop_document,MH02,1,27,1,5,7,6,0,3,0,6,0,1,0,0,0,0,0,0,0,0,true,false,true,true,false,true,true,false,true
20261007T040259578056Z-codex.archivist.MH02.r1-a1,archivist,multi_hop_document,MH02,1,0,1,0,0,0,0,0,0,0,0,1,0,0,0,0,0,0,0,1,false,false,false,false,false,false,false,false,false
20261007T040305595806Z-codex.both.MH02.r1-a1,both,multi_hop_document,MH02,1,28,1,5,4,9,0,5,0,5,0,1,0,0,0,0,0,0,0,0,true,false,true,true,false,true,true,false,true
20261007T040324690791Z-codex.web.MH03.r1-a1,web,multi_hop_document,MH03,1,24,5,6,8,7,0,2,0,1,0,0,1,0,0,0,0,0,4,0,true,false,true,true,false,true,true,false,true
20261007T040331062578Z-codex.archivist.MH03.r1-a1,archivist,multi_hop_document,MH03,1,0,1,0,0,0,0,0,0,0,0,1,0,0,0,0,0,0,0,1,false,false,false,false,false,false,false,false,false
20261007T040347506169Z-codex.both.MH03.r1-a1,both,multi_hop_document,MH03,1,20,4,6,7,3,0,3,0,1,0,0,1,0,0,0,0,0,3,0,true,false,true,true,false,true,true,false,true
20261007T040401893356Z-codex.web.MH04.r1-a1,web,multi_hop_document,MH04,1,35,11,18,0,3,0,11,0,2,1,4,0,0,0,2,0,0,5,0,true,false,true,false,true,true,false,true,true
20261007T040408749689Z-codex.archivist.MH04.r1-a1,archivist,multi_hop_document,MH04,1,0,3,0,0,0,0,0,0,0,0,3,0,0,0,0,0,0,0,3,false,false,false,false,false,false,false,false,false
20261007T040443324146Z-codex.both.MH04.r1-a1,both,multi_hop_document,MH04,1,28,3,2,0,10,1,15,0,0,0,2,0,0,0,0,0,0,1,2,true,false,true,true,false,true,true,false,true
20261007T040447139536Z-codex.web.MH05.r1-a1,web,multi_hop_document,MH05,1,20,1,5,9,3,0,1,0,2,0,1,0,0,0,0,0,0,0,0,true,false,true,true,false,true,true,false,true
20261007T040508091544Z-codex.archivist.MH05.r1-a1,archivist,multi_hop_document,MH05,1,0,1,0,0,0,0,0,0,0,0,1,0,0,0,0,0,0,0,1,false,false,false,false,false,false,false,false,false
20261007T040523424479Z-codex.both.MH05.r1-a1,both,multi_hop_document,MH05,1,21,1,7,7,3,0,1,0,3,0,1,0,0,0,0,0,0,0,0,true,false,true,true,false,true,true,false,true
20261007T040533657494Z-codex.web.MH01.r2-a1,web,multi_hop_document,MH01,2,33,3,6,6,4,2,13,0,2,0,0,0,0,0,0,0,0,3,0,true,false,true,true,false,true,true,false,true
20261007T040540343520Z-codex.archivist.MH01.r2-a1,archivist,multi_hop_document,MH01,2,0,1,0,0,0,0,0,0,0,0,1,0,0,0,0,0,0,0,1,false,false,false,false,false,false,false,false,false
20261007T040552840229Z-codex.both.MH01.r2-a1,both,multi_hop_document,MH01,2,22,3,7,7,4,0,3,0,1,0,0,0,0,0,0,0,0,3,0,true,false,true,true,false,true,true,false,true
20261007T040558204527Z-codex.web.MH02.r2-a1,web,multi_hop_document,MH02,2,28,1,5,7,8,0,4,0,4,0,1,0,0,0,0,0,0,0,0,true,false,true,true,false,true,true,false,true
20261007T040611427748Z-codex.archivist.MH02.r2-a1,archivist,multi_hop_document,MH02,2,0,1,0,0,0,0,0,0,0,0,1,0,0,0,0,0,0,0,1,false,false,false,false,false,false,false,false,false
20261007T040616250455Z-codex.both.MH02.r2-a1,both,multi_hop_document,MH02,2,29,1,5,6,9,0,4,0,5,0,1,0,0,0,0,0,0,0,0,true,false,true,true,false,true,true,false,true
20261007T040635246433Z-codex.web.MH03.r2-a1,web,multi_hop_document,MH03,2,36,3,12,12,3,0,7,1,1,0,0,0,0,0,0,0,0,3,0,true,false,true,true,false,true,true,false,true
20261007T040637462781Z-codex.archivist.MH03.r2-a1,archivist,multi_hop_document,MH03,2,0,1,0,0,0,0,0,0,0,0,1,0,0,0,0,0,0,0,1,false,false,false,false,false,false,false,false,false
20261007T040655948086Z-codex.both.MH03.r2-a1,both,multi_hop_document,MH03,2,18,5,6,8,0,0,3,0,1,0,0,1,0,0,0,0,0,4,0,false,false,false,true,false,true,true,false,true
20261007T040700333438Z-codex.web.MH04.r2-a1,web,multi_hop_document,MH04,2,37,12,17,1,3,0,12,2,2,0,2,0,0,0,2,0,0,8,0,true,false,true,false,true,true,false,true,true
20261007T040724598354Z-codex.archivist.MH04.r2-a1,archivist,multi_hop_document,MH04,2,0,2,0,0,0,0,0,0,0,0,2,0,0,0,0,0,0,0,2,false,false,false,false,false,false,false,false,false
20261007T040748682044Z-codex.both.MH04.r2-a1,both,multi_hop_document,MH04,2,22,4,10,0,3,0,7,0,2,0,3,0,0,0,0,0,0,1,2,true,false,true,true,false,true,true,false,true
20261007T040752148910Z-codex.web.MH05.r2-a1,web,multi_hop_document,MH05,2,22,1,4,12,4,0,0,0,2,0,1,0,0,0,0,0,0,0,0,true,false,true,false,false,false,true,false,true
20261007T040812834989Z-codex.archivist.MH05.r2-a1,archivist,multi_hop_document,MH05,2,0,1,0,0,0,0,0,0,0,0,1,0,0,0,0,0,0,0,1,false,false,false,false,false,false,false,false,false
20261007T040816444203Z-codex.both.MH05.r2-a1,both,multi_hop_document,MH05,2,0,2,0,0,0,0,0,0,0,0,2,0,0,0,0,0,0,0,2,false,false,false,false,false,false,false,false,false
20261007T040836784045Z-codex.web.MH01.r3-a1,web,multi_hop_document,MH01,3,20,5,6,4,3,0,6,0,1,0,1,0,0,0,0,0,0,4,0,true,false,true,true,false,true,true,false,true
20261007T040848246122Z-codex.archivist.MH01.r3-a1,archivist,multi_hop_document,MH01,3,0,1,0,0,0,0,0,0,0,0,1,0,0,0,0,0,0,0,1,false,false,false,false,false,false,false,false,false
20261007T040909263893Z-codex.both.MH01.r3-a1,both,multi_hop_document,MH01,3,39,4,26,4,3,0,5,0,1,0,0,0,0,0,0,0,0,4,0,true,false,true,true,false,true,true,false,true
20261007T040910031526Z-codex.web.MH02.r3-a1,web,multi_hop_document,MH02,3,28,1,5,6,9,0,3,0,5,0,1,0,0,0,0,0,0,0,0,true,false,true,true,false,true,true,false,true
20261007T040930235270Z-codex.archivist.MH02.r3-a1,archivist,multi_hop_document,MH02,3,0,2,0,0,0,0,0,0,0,0,2,0,0,0,0,0,0,0,2,false,false,false,false,false,false,false,false,false
20261007T040935964960Z-codex.both.MH02.r3-a1,both,multi_hop_document,MH02,3,31,1,4,8,12,0,1,0,6,0,1,0,0,0,0,0,0,0,0,true,false,true,true,false,true,true,false,true
20261007T040959339170Z-codex.web.MH03.r3-a1,web,multi_hop_document,MH03,3,21,4,6,8,4,0,2,0,1,0,0,1,0,0,0,0,0,3,0,true,false,true,true,false,true,true,false,true
20261007T041003729986Z-codex.archivist.MH03.r3-a1,archivist,multi_hop_document,MH03,3,0,1,0,0,0,0,0,0,0,0,1,0,0,0,0,0,0,0,1,false,false,false,false,false,false,false,false,false
20261007T041016408640Z-codex.both.MH03.r3-a1,both,multi_hop_document,MH03,3,35,3,12,13,4,0,4,1,1,0,0,0,0,0,0,0,0,3,0,true,false,true,true,false,true,true,false,true
20261007T041026709487Z-codex.web.MH04.r3-a1,web,multi_hop_document,MH04,3,60,11,19,5,9,1,18,4,3,1,4,0,0,0,2,0,0,5,0,true,false,true,false,true,true,false,true,true
20261007T041039117125Z-codex.archivist.MH04.r3-a1,archivist,multi_hop_document,MH04,3,0,2,0,0,0,0,0,0,0,0,2,0,0,0,0,0,0,0,2,false,false,false,false,false,false,false,false,false
20261007T041102338561Z-codex.both.MH04.r3-a1,both,multi_hop_document,MH04,3,22,4,11,0,1,0,6,1,3,0,4,0,0,0,0,0,0,0,2,true,false,true,true,false,true,true,false,true
20261007T041111578350Z-codex.web.MH05.r3-a1,web,multi_hop_document,MH05,3,26,1,4,12,4,0,0,0,6,0,1,0,0,0,0,0,0,0,0,true,false,true,false,false,false,true,false,true
20261007T041129497711Z-codex.archivist.MH05.r3-a1,archivist,multi_hop_document,MH05,3,0,1,0,0,0,0,0,0,0,0,1,0,0,0,0,0,0,0,1,false,false,false,false,false,false,false,false,false
20261007T041138700369Z-codex.both.MH05.r3-a1,both,multi_hop_document,MH05,3,22,1,5,11,3,0,0,0,3,0,1,0,0,0,0,0,0,0,0,true,false,true,false,false,false,true,false,true
20261007T041204202903Z-codex.web.MH06.r1-a1,web,multi_hop_document,MH06,1,19,2,6,3,4,0,6,0,0,0,1,0,0,0,0,0,0,1,0,true,false,true,true,false,true,true,false,true
20261007T041204203163Z-codex.archivist.MH06.r1-a1,archivist,multi_hop_document,MH06,1,0,3,0,0,0,0,0,0,0,0,3,0,0,0,0,0,0,0,3,false,false,false,false,false,false,false,false,false
20261007T041224443234Z-codex.both.MH06.r1-a1,both,multi_hop_document,MH06,1,0,3,0,0,0,0,0,0,0,0,3,0,0,0,0,0,0,0,3,false,false,false,false,false,false,false,false,false
20261007T041226162797Z-codex.web.MH07.r1-a1,web,multi_hop_document,MH07,1,25,1,6,6,8,0,5,0,0,0,1,0,0,0,0,0,0,0,0,true,false,true,true,false,true,true,false,true
20261007T041247199109Z-codex.archivist.MH07.r1-a1,archivist,multi_hop_document,MH07,1,0,1,0,0,0,0,0,0,0,0,1,0,0,0,0,0,0,0,1,false,false,false,false,false,false,false,false,false
20261007T041302071965Z-codex.both.MH07.r1-a1,both,multi_hop_document,MH07,1,26,1,6,6,8,0,5,1,0,0,1,0,0,0,0,0,0,0,0,true,false,true,true,false,true,true,false,true
20261007T041305434314Z-codex.web.MH08.r1-a1,web,multi_hop_document,MH08,1,17,1,6,4,3,0,4,0,0,0,1,0,0,0,0,0,0,0,0,true,false,true,true,false,true,true,false,true
20261007T041320795021Z-codex.archivist.MH08.r1-a1,archivist,multi_hop_document,MH08,1,0,2,0,0,0,0,0,0,0,0,2,0,0,0,0,0,0,0,2,false,false,false,false,false,false,false,false,false
20261007T041321933330Z-codex.both.MH08.r1-a1,both,multi_hop_document,MH08,1,16,1,3,7,2,0,4,0,0,0,1,0,0,0,0,0,0,0,0,true,false,true,true,false,true,true,false,true
20261007T041336750498Z-codex.web.MH09.r1-a1,web,multi_hop_document,MH09,1,27,1,3,2,6,0,8,4,4,0,1,0,0,0,0,0,0,0,0,true,false,true,true,false,true,true,false,true
20261007T041346999992Z-codex.archivist.MH09.r1-a1,archivist,multi_hop_document,MH09,1,0,1,0,0,0,0,0,0,0,0,1,0,0,0,0,0,0,0,1,false,false,false,false,false,false,false,false,false
20261007T041351953233Z-codex.both.MH09.r1-a1,both,multi_hop_document,MH09,1,19,1,5,3,4,0,6,1,0,0,1,0,0,0,0,0,0,0,0,true,false,true,true,false,true,true,false,true
20261007T041409219263Z-codex.web.MH10.r1-a1,web,multi_hop_document,MH10,1,29,1,6,4,13,0,4,0,2,0,1,0,0,0,0,0,0,0,0,true,false,true,true,false,true,true,false,true
20261007T041410253288Z-codex.archivist.MH10.r1-a1,archivist,multi_hop_document,MH10,1,0,1,0,0,0,0,0,0,0,0,1,0,0,0,0,0,0,0,1,false,false,false,false,false,false,false,false,false
20261007T041425449615Z-codex.both.MH10.r1-a1,both,multi_hop_document,MH10,1,30,1,5,3,13,0,5,2,2,0,1,0,0,0,0,0,0,0,0,true,false,true,true,false,true,true,false,true
20261007T041434871030Z-codex.web.MH06.r2-a1,web,multi_hop_document,MH06,2,20,1,6,7,2,0,2,0,3,0,1,0,0,0,0,0,0,0,0,true,false,true,true,false,true,true,false,true
20261007T041442103494Z-codex.archivist.MH06.r2-a1,archivist,multi_hop_document,MH06,2,0,4,0,0,0,0,0,0,0,0,4,0,0,0,0,0,0,0,4,false,false,false,false,false,false,false,false,false
20261007T041450519212Z-codex.both.MH06.r2-a1,both,multi_hop_document,MH06,2,0,4,0,0,0,0,0,0,0,0,4,0,0,0,0,0,0,0,4,false,false,false,false,false,false,false,false,false
20261007T041502418850Z-codex.web.MH07.r2-a1,web,multi_hop_document,MH07,2,26,1,6,6,8,0,5,1,0,0,1,0,0,0,0,0,0,0,0,true,false,true,true,false,true,true,false,true
20261007T041511614737Z-codex.archivist.MH07.r2-a1,archivist,multi_hop_document,MH07,2,0,1,0,0,0,0,0,0,0,0,1,0,0,0,0,0,0,0,1,false,false,false,false,false,false,false,false,false
20261007T041516164908Z-codex.both.MH07.r2-a1,both,multi_hop_document,MH07,2,0,1,0,0,0,0,0,0,0,0,1,0,0,0,0,0,0,0,1,false,false,false,false,false,false,false,false,false
20261007T041540795707Z-codex.web.MH08.r2-a1,web,multi_hop_document,MH08,2,16,1,4,6,2,0,4,0,0,0,1,0,0,0,0,0,0,0,0,true,false,true,true,false,true,true,false,true
20261007T041544386899Z-codex.archivist.MH08.r2-a1,archivist,multi_hop_document,MH08,2,0,1,0,0,0,0,0,0,0,0,1,0,0,0,0,0,0,0,1,false,false,false,false,false,false,false,false,false
20261007T041557183251Z-codex.both.MH08.r2-a1,both,multi_hop_document,MH08,2,17,1,6,4,3,0,4,0,0,0,1,0,0,0,0,0,0,0,0,true,false,true,true,false,true,true,false,true
20261007T041607313078Z-codex.web.MH09.r2-a1,web,multi_hop_document,MH09,2,27,1,4,2,7,0,6,4,4,0,1,0,0,0,0,0,0,0,0,true,false,true,true,false,true,true,false,true
20261007T041613168525Z-codex.archivist.MH09.r2-a1,archivist,multi_hop_document,MH09,2,0,1,0,0,0,0,0,0,0,0,1,0,0,0,0,0,0,0,1,false,false,false,false,false,false,false,false,false
20261007T041623170351Z-codex.both.MH09.r2-a1,both,multi_hop_document,MH09,2,29,5,3,3,7,0,5,4,7,0,3,0,0,0,1,0,0,1,0,true,false,true,false,true,true,false,true,true
20261007T041639088855Z-codex.web.MH10.r2-a1,web,multi_hop_document,MH10,2,30,1,5,4,13,1,3,2,2,0,1,0,0,0,0,0,0,0,0,true,false,true,true,false,true,true,false,true
20261007T041651041224Z-codex.archivist.MH10.r2-a1,archivist,multi_hop_document,MH10,2,0,1,0,0,0,0,0,0,0,0,1,0,0,0,0,0,0,0,1,false,false,false,false,false,false,false,false,false
20261007T041652920476Z-codex.both.MH10.r2-a1,both,multi_hop_document,MH10,2,28,1,5,5,13,0,4,0,1,0,1,0,0,0,0,0,0,0,0,true,false,true,true,false,true,true,false,true
20261007T041712637985Z-codex.web.MH06.r3-a1,web,multi_hop_document,MH06,3,20,1,6,5,2,0,5,0,2,0,0,1,0,0,0,0,0,0,0,true,false,true,true,false,true,true,false,true
20261007T041713030401Z-codex.archivist.MH06.r3-a1,archivist,multi_hop_document,MH06,3,0,3,0,0,0,0,0,0,0,0,3,0,0,0,0,0,0,0,3,false,false,false,false,false,false,false,false,false
20261007T041728767485Z-codex.both.MH06.r3-a1,both,multi_hop_document,MH06,3,16,1,5,7,2,0,2,0,0,0,0,1,0,0,0,0,0,0,0,true,false,true,true,false,true,true,false,true
20261007T041730871797Z-codex.web.MH07.r3-a1,web,multi_hop_document,MH07,3,26,1,6,6,8,0,5,1,0,0,1,0,0,0,0,0,0,0,0,true,false,true,true,false,true,true,false,true
20261007T041745089877Z-codex.archivist.MH07.r3-a1,archivist,multi_hop_document,MH07,3,0,1,0,0,0,0,0,0,0,0,1,0,0,0,0,0,0,0,1,false,false,false,false,false,false,false,false,false
20261007T041747998271Z-codex.both.MH07.r3-a1,both,multi_hop_document,MH07,3,0,1,0,0,0,0,0,0,0,0,1,0,0,0,0,0,0,0,1,false,false,false,false,false,false,false,false,false
20261007T041807182359Z-codex.web.MH08.r3-a1,web,multi_hop_document,MH08,3,17,1,6,4,3,0,4,0,0,0,1,0,0,0,0,0,0,0,0,true,false,true,true,false,true,true,false,true
20261007T041807252255Z-codex.archivist.MH08.r3-a1,archivist,multi_hop_document,MH08,3,0,2,0,0,0,0,0,0,0,0,2,0,0,0,0,0,0,0,2,false,false,false,false,false,false,false,false,false
20261007T041823580770Z-codex.both.MH08.r3-a1,both,multi_hop_document,MH08,3,18,1,6,4,3,0,4,0,1,0,1,0,0,0,0,0,0,0,0,true,false,true,true,false,true,true,false,true
20261007T041838813465Z-codex.web.MH09.r3-a1,web,multi_hop_document,MH09,3,30,1,3,1,9,0,8,5,4,0,1,0,0,0,0,0,0,0,0,true,false,true,true,false,true,true,false,true
20261007T041842815330Z-codex.archivist.MH09.r3-a1,archivist,multi_hop_document,MH09,3,0,1,0,0,0,0,0,0,0,0,1,0,0,0,0,0,0,0,1,false,false,false,false,false,false,false,false,false
20261007T041853066720Z-codex.both.MH09.r3-a1,both,multi_hop_document,MH09,3,30,1,3,1,9,0,8,5,4,0,1,0,0,0,0,0,0,0,0,true,false,true,true,false,true,true,false,true
20261007T041906570469Z-codex.web.MH10.r3-a1,web,multi_hop_document,MH10,3,30,1,5,3,13,0,5,2,2,0,1,0,0,0,0,0,0,0,0,true,false,true,true,false,true,true,false,true
20261007T041908983099Z-codex.archivist.MH10.r3-a1,archivist,multi_hop_document,MH10,3,0,1,0,0,0,0,0,0,0,0,1,0,0,0,0,0,0,0,1,false,false,false,false,false,false,false,false,false
20261007T041922346415Z-codex.both.MH10.r3-a1,both,multi_hop_document,MH10,3,30,1,5,4,13,1,3,2,2,0,1,0,0,0,0,0,0,0,0,true,false,true,true,false,true,true,false,true
20261007T041940267295Z-codex.web.MH11.r1-a1,web,multi_hop_document,MH11,1,20,1,4,10,0,0,3,0,3,0,1,0,0,0,0,0,0,0,0,false,false,false,true,false,true,true,false,true
20261007T041940267764Z-codex.archivist.MH11.r1-a1,archivist,multi_hop_document,MH11,1,0,1,0,0,0,0,0,0,0,0,1,0,0,0,0,0,0,0,1,false,false,false,false,false,false,false,false,false
20261007T041957514389Z-codex.both.MH11.r1-a1,both,multi_hop_document,MH11,1,20,1,4,10,0,0,3,0,3,0,1,0,0,0,0,0,0,0,0,false,false,false,true,false,true,true,false,true
20261007T042003479744Z-codex.web.MH12.r1-a1,web,multi_hop_document,MH12,1,28,1,8,3,8,0,6,0,3,0,1,0,0,0,0,0,0,0,0,true,false,true,true,false,true,true,false,true
20261007T042017169544Z-codex.archivist.MH12.r1-a1,archivist,multi_hop_document,MH12,1,0,1,0,0,0,0,0,0,0,0,1,0,0,0,0,0,0,0,1,false,false,false,false,false,false,false,false,false
20261007T042019185311Z-codex.both.MH12.r1-a1,both,multi_hop_document,MH12,1,30,1,8,4,9,0,5,0,4,0,1,0,0,0,0,0,0,0,0,true,false,true,true,false,true,true,false,true
20261007T042036273566Z-codex.web.MH13.r1-a1,web,multi_hop_document,MH13,1,23,5,4,6,5,0,5,1,2,0,1,1,0,0,0,0,0,3,0,true,false,true,true,false,true,true,false,true
20261007T042037629855Z-codex.archivist.MH13.r1-a1,archivist,multi_hop_document,MH13,1,0,1,0,0,0,0,0,0,0,0,1,0,0,0,0,0,0,0,1,false,false,false,false,false,false,false,false,false
20261007T042054636996Z-codex.both.MH13.r1-a1,both,multi_hop_document,MH13,1,27,4,4,10,4,0,4,2,3,0,0,1,0,0,0,0,0,3,0,true,false,true,true,false,true,true,false,true
20261007T042104431049Z-codex.web.MH14.r1-a1,web,multi_hop_document,MH14,1,20,2,4,12,2,0,0,0,2,0,0,2,0,0,0,0,0,0,0,true,false,true,false,false,false,true,false,true
20261007T042117191387Z-codex.archivist.MH14.r1-a1,archivist,multi_hop_document,MH14,1,0,2,0,0,0,0,0,0,0,0,2,0,0,0,0,0,0,0,2,false,false,false,false,false,false,false,false,false
20261007T042130453074Z-codex.both.MH14.r1-a1,both,multi_hop_document,MH14,1,26,3,6,9,4,0,2,0,5,0,1,2,0,0,0,0,0,0,1,true,false,true,true,false,true,true,false,true
20261007T042149472490Z-codex.web.MH15.r1-a1,web,multi_hop_document,MH15,1,88,23,23,13,15,0,34,2,0,1,5,1,0,0,3,0,0,14,0,true,false,true,false,true,true,false,true,true
20261007T042205258569Z-codex.archivist.MH15.r1-a1,archivist,multi_hop_document,MH15,1,0,2,0,0,0,0,0,0,0,0,2,0,0,0,0,0,0,0,2,false,false,false,false,false,false,false,false,false
20261007T042227576402Z-codex.both.MH15.r1-a1,both,multi_hop_document,MH15,1,29,9,3,9,14,0,2,1,0,0,6,1,0,0,1,0,0,1,6,true,false,true,false,true,true,false,true,true
20261007T042258254895Z-codex.web.MH11.r2-a1,web,multi_hop_document,MH11,2,20,1,3,9,0,0,5,0,3,0,1,0,0,0,0,0,0,0,0,false,false,false,true,false,true,true,false,true
20261007T042315173458Z-codex.archivist.MH11.r2-a1,archivist,multi_hop_document,MH11,2,0,2,0,0,0,0,0,0,0,0,2,0,0,0,0,0,0,0,2,false,false,false,false,false,false,false,false,false
20261007T042328988788Z-codex.both.MH11.r2-a1,both,multi_hop_document,MH11,2,20,1,2,8,1,0,6,0,3,0,1,0,0,0,0,0,0,0,0,true,false,true,true,false,true,true,false,true
20261007T042347462584Z-codex.web.MH12.r2-a1,web,multi_hop_document,MH12,2,25,2,8,2,7,0,6,0,2,0,2,0,0,0,0,0,0,0,0,true,false,true,true,false,true,true,false,true
20261007T042402001827Z-codex.archivist.MH12.r2-a1,archivist,multi_hop_document,MH12,2,0,1,0,0,0,0,0,0,0,0,1,0,0,0,0,0,0,0,1,false,false,false,false,false,false,false,false,false
20261007T042422716671Z-codex.both.MH12.r2-a1,both,multi_hop_document,MH12,2,31,1,9,2,11,0,5,0,4,0,1,0,0,0,0,0,0,0,0,true,false,true,true,false,true,true,false,true
20261007T042426755028Z-codex.web.MH13.r2-a1,web,multi_hop_document,MH13,2,29,4,7,8,11,0,0,0,3,0,0,1,0,0,0,0,0,3,0,true,false,true,false,false,false,true,false,true
20261007T042440724050Z-codex.archivist.MH13.r2-a1,archivist,multi_hop_document,MH13,2,0,2,0,0,0,0,0,0,0,0,2,0,0,0,0,0,0,0,2,false,false,false,false,false,false,false,false,false
20261007T042448947401Z-codex.both.MH13.r2-a1,both,multi_hop_document,MH13,2,25,3,2,13,5,0,1,1,3,0,1,1,0,0,0,0,0,1,0,true,false,true,true,false,true,true,false,true
20261007T042507539326Z-codex.web.MH14.r2-a1,web,multi_hop_document,MH14,2,24,2,3,10,3,0,2,0,6,0,0,2,0,0,0,0,0,0,0,true,false,true,true,false,true,true,false,true
20261007T042508192643Z-codex.archivist.MH14.r2-a1,archivist,multi_hop_document,MH14,2,0,2,0,0,0,0,0,0,0,0,2,0,0,0,0,0,0,0,2,false,false,false,false,false,false,false,false,false
20261007T042531491694Z-codex.both.MH14.r2-a1,both,multi_hop_document,MH14,2,41,1,8,19,5,0,0,3,6,0,1,0,0,0,0,0,0,0,1,true,false,true,false,false,false,true,false,true
20261007T042537521304Z-codex.web.MH15.r2-a1,web,multi_hop_document,MH15,2,100,27,17,21,17,4,27,3,8,3,5,2,0,0,4,0,1,15,0,true,false,true,false,true,true,false,true,true
20261007T042614862759Z-codex.archivist.MH15.r2-a1,archivist,multi_hop_document,MH15,2,0,2,0,0,0,0,0,0,0,0,2,0,0,0,0,0,0,0,2,false,false,false,false,false,false,false,false,false
20261007T042637694472Z-codex.both.MH15.r2-a1,both,multi_hop_document,MH15,2,29,4,3,7,14,0,4,1,0,0,2,1,0,0,1,0,0,0,2,true,false,true,false,true,true,false,true,true
20261007T042702702090Z-codex.web.MH11.r3-a1,web,multi_hop_document,MH11,3,20,1,3,9,0,0,5,0,3,0,1,0,0,0,0,0,0,0,0,false,false,false,true,false,true,true,false,true
20261007T042720693287Z-codex.archivist.MH11.r3-a1,archivist,multi_hop_document,MH11,3,0,2,0,0,0,0,0,0,0,0,2,0,0,0,0,0,0,0,2,false,false,false,false,false,false,false,false,false
20261007T042724182779Z-codex.both.MH11.r3-a1,both,multi_hop_document,MH11,3,20,1,2,8,0,0,6,1,3,0,1,0,0,0,0,0,0,0,0,false,false,false,true,false,true,true,false,true
20261007T042742944473Z-codex.web.MH12.r3-a1,web,multi_hop_document,MH12,3,26,1,7,5,7,0,4,0,3,0,1,0,0,0,0,0,0,0,0,true,false,true,true,false,true,true,false,true
20261007T042753543545Z-codex.archivist.MH12.r3-a1,archivist,multi_hop_document,MH12,3,0,1,0,0,0,0,0,0,0,0,1,0,0,0,0,0,0,0,1,false,false,false,false,false,false,false,false,false
20261007T042757582567Z-codex.both.MH12.r3-a1,both,multi_hop_document,MH12,3,30,1,8,4,10,0,5,0,3,0,1,0,0,0,0,0,0,0,0,true,false,true,true,false,true,true,false,true
20261007T042814939509Z-codex.web.MH13.r3-a1,web,multi_hop_document,MH13,3,25,3,2,12,5,0,2,1,3,0,1,1,0,0,0,0,0,1,0,true,false,true,true,false,true,true,false,true
20261007T042819049420Z-codex.archivist.MH13.r3-a1,archivist,multi_hop_document,MH13,3,0,1,0,0,0,0,0,0,0,0,1,0,0,0,0,0,0,0,1,false,false,false,false,false,false,false,false,false
20261007T042835770831Z-codex.both.MH13.r3-a1,both,multi_hop_document,MH13,3,25,3,2,11,3,0,5,1,3,0,1,1,0,0,0,0,0,1,0,true,false,true,true,false,true,true,false,true
20261007T042844451253Z-codex.web.MH14.r3-a1,web,multi_hop_document,MH14,3,48,3,8,23,6,0,2,3,6,0,0,2,0,0,0,0,0,1,0,true,false,true,true,false,true,true,false,true
20261007T042851033870Z-codex.archivist.MH14.r3-a1,archivist,multi_hop_document,MH14,3,0,1,0,0,0,0,0,0,0,0,1,0,0,0,0,0,0,0,1,false,false,false,false,false,false,false,false,false
20261007T042911207541Z-codex.both.MH14.r3-a1,both,multi_hop_document,MH14,3,46,3,6,25,6,0,0,3,6,0,1,2,0,0,0,0,0,0,1,true,false,true,false,false,false,true,false,true
20261007T042939192266Z-codex.web.MH15.r3-a1,web,multi_hop_document,MH15,3,69,16,13,12,13,0,27,3,1,0,4,1,0,0,4,0,0,7,0,true,false,true,false,true,true,false,true,true
20261007T042946374782Z-codex.archivist.MH15.r3-a1,archivist,multi_hop_document,MH15,3,0,2,0,0,0,0,0,0,0,0,2,0,0,0,0,0,0,0,2,false,false,false,false,false,false,false,false,false
20261007T043006645290Z-codex.both.MH15.r3-a1,both,multi_hop_document,MH15,3,29,4,3,7,14,0,4,1,0,0,2,1,0,0,1,0,0,0,2,true,false,true,false,true,true,false,true,true
20261007T043045857930Z-codex.web.MD01.r1-a1,web,multi_document,MD01,1,33,3,13,4,12,0,0,2,2,0,3,0,0,0,0,0,0,0,0,true,false,true,false,false,false,true,false,true
20261007T043045858380Z-codex.archivist.MD01.r1-a1,archivist,multi_document,MD01,1,0,2,0,0,0,0,0,0,0,0,2,0,0,0,0,0,0,0,2,false,false,false,false,false,false,false,false,false
20261007T043100240646Z-codex.both.MD01.r1-a1,both,multi_document,MD01,1,33,2,13,3,12,0,0,3,2,0,2,0,0,0,0,0,0,0,0,true,false,true,false,false,false,true,false,true
20261007T043112132138Z-codex.web.MD02.r1-a1,web,multi_document,MD02,1,31,3,0,14,12,0,2,1,2,0,0,3,0,0,0,0,0,0,0,true,false,true,true,false,true,true,false,true
20261007T043117503529Z-codex.archivist.MD02.r1-a1,archivist,multi_document,MD02,1,0,7,0,0,0,0,0,0,0,0,7,0,0,0,0,0,0,0,7,false,false,false,false,false,false,false,false,false
20261007T043127746546Z-codex.both.MD02.r1-a1,both,multi_document,MD02,1,32,3,0,12,12,0,5,1,2,0,0,3,0,0,0,0,0,0,0,true,false,true,true,false,true,true,false,true
20261007T043141238038Z-codex.web.MD03.r1-a1,web,multi_document,MD03,1,37,2,14,4,1,2,13,1,0,2,2,0,0,0,0,0,0,0,0,true,false,true,true,false,true,true,false,true
20261007T043145586545Z-codex.archivist.MD03.r1-a1,archivist,multi_document,MD03,1,0,4,0,0,0,0,0,0,0,0,4,0,0,0,0,0,0,0,4,false,false,false,false,false,false,false,false,false
20261007T043156039646Z-codex.both.MD03.r1-a1,both,multi_document,MD03,1,18,5,8,0,0,2,6,2,0,0,4,0,0,0,0,0,0,1,0,false,false,false,true,false,true,true,false,true
20261007T043206630694Z-codex.web.MD04.r1-a1,web,multi_document,MD04,1,55,10,9,5,4,1,18,12,5,1,4,1,0,0,0,0,0,5,0,true,false,true,true,false,true,true,false,true
20261007T043215311802Z-codex.archivist.MD04.r1-a1,archivist,multi_document,MD04,1,0,5,0,0,0,0,0,0,0,0,5,0,0,0,0,0,0,0,5,false,false,false,false,false,false,false,false,false
20261007T043240666152Z-codex.both.MD04.r1-a1,both,multi_document,MD04,1,82,12,19,12,6,4,20,16,5,0,5,0,0,0,0,0,0,7,0,true,false,true,true,false,true,true,false,true
20261007T043248972269Z-codex.web.MD05.r1-a1,web,multi_document,MD05,1,49,5,8,4,12,0,12,4,7,2,2,2,0,0,0,0,0,1,0,true,false,true,true,false,true,true,false,true
20261007T043314242556Z-codex.archivist.MD05.r1-a1,archivist,multi_document,MD05,1,0,2,0,0,0,0,0,0,0,0,2,0,0,0,0,0,0,0,2,false,false,false,false,false,false,false,false,false
20261007T043330922620Z-codex.both.MD05.r1-a1,both,multi_document,MD05,1,40,4,6,9,13,1,7,1,3,0,1,1,0,0,0,0,0,2,0,true,false,true,true,false,true,true,false,true
20261007T043348059830Z-codex.web.MD01.r2-a1,web,multi_document,MD01,2,34,2,13,4,12,0,0,3,2,0,2,0,0,0,0,0,0,0,0,true,false,true,false,false,false,true,false,true
20261007T043358003421Z-codex.archivist.MD01.r2-a1,archivist,multi_document,MD01,2,0,2,0,0,0,0,0,0,0,0,2,0,0,0,0,0,0,0,2,false,false,false,false,false,false,false,false,false
20261007T043405205279Z-codex.both.MD01.r2-a1,both,multi_document,MD01,2,36,2,9,6,12,0,0,3,6,0,2,0,0,0,0,0,0,0,0,true,false,true,false,false,false,true,false,true
20261007T043421100682Z-codex.web.MD02.r2-a1,web,multi_document,MD02,2,30,2,0,14,12,0,1,1,2,0,0,2,0,0,0,0,0,0,0,true,false,true,true,false,true,true,false,true
20261007T043423751265Z-codex.archivist.MD02.r2-a1,archivist,multi_document,MD02,2,0,8,0,0,0,0,0,0,0,0,8,0,0,0,0,0,0,0,8,false,false,false,false,false,false,false,false,false
20261007T043437363958Z-codex.both.MD02.r2-a1,both,multi_document,MD02,2,30,2,0,14,12,0,1,1,2,0,0,2,0,0,0,0,0,0,0,true,false,true,true,false,true,true,false,true
20261007T043445106464Z-codex.web.MD03.r2-a1,web,multi_document,MD03,2,37,2,11,4,2,1,16,1,0,2,2,0,0,0,0,0,0,0,0,true,false,true,true,false,true,true,false,true
20261007T043453246367Z-codex.archivist.MD03.r2-a1,archivist,multi_document,MD03,2,0,4,0,0,0,0,0,0,0,0,4,0,0,0,0,0,0,0,4,false,false,false,false,false,false,false,false,false
20261007T043500117241Z-codex.both.MD03.r2-a1,both,multi_document,MD03,2,35,5,18,0,0,0,10,7,0,0,3,0,0,0,1,0,0,1,0,false,false,false,false,true,true,false,true,true
20261007T043516447530Z-codex.web.MD04.r2-a1,web,multi_document,MD04,2,55,20,16,7,2,1,14,12,2,1,8,3,0,0,0,0,0,9,0,true,false,true,true,false,true,true,false,true
20261007T043523010244Z-codex.archivist.MD04.r2-a1,archivist,multi_document,MD04,2,0,3,0,0,0,0,0,0,0,0,3,0,0,0,0,0,0,0,3,false,false,false,false,false,false,false,false,false
20261007T043544533129Z-codex.both.MD04.r2-a1,both,multi_document,MD04,2,33,13,8,7,4,0,4,4,6,0,6,1,0,0,0,0,0,6,4,true,false,true,true,false,true,true,false,true
20261007T043612055880Z-codex.web.MD05.r2-a1,web,multi_document,MD05,2,49,4,6,9,15,1,11,4,3,0,1,0,0,0,0,0,0,3,0,true,false,true,true,false,true,true,false,true
20261007T043633461396Z-codex.archivist.MD05.r2-a1,archivist,multi_document,MD05,2,0,2,0,0,0,0,0,0,0,0,2,0,0,0,0,0,0,0,2,false,false,false,false,false,false,false,false,false
20261007T043640632796Z-codex.both.MD05.r2-a1,both,multi_document,MD05,2,33,8,1,6,12,0,6,5,3,0,3,2,0,0,0,0,0,3,0,true,false,true,true,false,true,true,false,true
20261007T043700889129Z-codex.web.MD01.r3-a1,web,multi_document,MD01,3,34,2,12,4,12,0,0,3,3,0,2,0,0,0,0,0,0,0,0,true,false,true,false,false,false,true,false,true
20261007T043709608685Z-codex.archivist.MD01.r3-a1,archivist,multi_document,MD01,3,0,2,0,0,0,0,0,0,0,0,2,0,0,0,0,0,0,0,2,false,false,false,false,false,false,false,false,false
20261007T043716029928Z-codex.both.MD01.r3-a1,both,multi_document,MD01,3,35,2,8,7,12,0,0,2,6,0,2,0,0,0,0,0,0,0,0,true,false,true,false,false,false,true,false,true
20261007T043733483258Z-codex.web.MD02.r3-a1,web,multi_document,MD02,3,31,2,0,16,12,0,0,1,2,0,0,2,0,0,0,0,0,0,0,true,false,true,false,false,false,true,false,true
20261007T043734637839Z-codex.archivist.MD02.r3-a1,archivist,multi_document,MD02,3,0,8,0,0,0,0,0,0,0,0,8,0,0,0,0,0,0,0,8,false,false,false,false,false,false,false,false,false
20261007T043747374562Z-codex.both.MD02.r3-a1,both,multi_document,MD02,3,31,3,0,14,12,0,2,1,2,0,0,3,0,0,0,0,0,0,0,true,false,true,true,false,true,true,false,true
20261007T043759934601Z-codex.web.MD03.r3-a1,web,multi_document,MD03,3,37,2,11,4,2,1,16,1,0,2,2,0,0,0,0,0,0,0,0,true,false,true,true,false,true,true,false,true
20261007T043811718321Z-codex.archivist.MD03.r3-a1,archivist,multi_document,MD03,3,0,4,0,0,0,0,0,0,0,0,4,0,0,0,0,0,0,0,4,false,false,false,false,false,false,false,false,false
20261007T043814035872Z-codex.both.MD03.r3-a1,both,multi_document,MD03,3,55,3,15,3,2,4,19,9,1,2,3,0,0,0,0,0,0,0,0,true,false,true,true,false,true,true,false,true
20261007T043835692538Z-codex.web.MD04.r3-a1,web,multi_document,MD04,3,40,17,11,4,1,4,9,7,4,0,8,0,0,0,0,0,0,9,0,true,false,true,true,false,true,true,false,true
20261007T043837288010Z-codex.archivist.MD04.r3-a1,archivist,multi_document,MD04,3,0,23,0,0,0,0,0,0,0,0,23,0,0,0,0,0,0,0,23,false,false,false,false,false,false,false,false,false
20261007T043907764675Z-codex.both.MD04.r3-a1,both,multi_document,MD04,3,51,9,14,5,1,2,14,11,4,0,4,0,0,0,0,0,0,5,0,true,false,true,true,false,true,true,false,true
20261007T043913799982Z-codex.web.MD05.r3-a1,web,multi_document,MD05,3,55,5,13,8,13,1,14,2,4,0,1,1,0,0,0,0,0,3,0,true,false,true,true,false,true,true,false,true
20261007T043941303590Z-codex.archivist.MD05.r3-a1,archivist,multi_document,MD05,3,0,2,0,0,0,0,0,0,0,0,2,0,0,0,0,0,0,0,2,false,false,false,false,false,false,false,false,false
20261007T043947931938Z-codex.both.MD05.r3-a1,both,multi_document,MD05,3,35,8,2,7,12,0,6,4,4,0,3,1,0,0,1,0,0,3,2,true,false,true,false,true,true,false,true,true
20261007T044025362075Z-codex.web.MD06.r1-a1,web,multi_document,MD06,1,30,4,6,10,11,0,1,0,2,0,3,0,0,0,0,0,0,1,0,true,false,true,true,false,true,true,false,true
20261007T044025362550Z-codex.archivist.MD06.r1-a1,archivist,multi_document,MD06,1,0,5,0,0,0,0,0,0,0,0,5,0,0,0,0,0,0,0,5,false,false,false,false,false,false,false,false,false
20261007T044041754079Z-codex.both.MD06.r1-a1,both,multi_document,MD06,1,30,7,6,9,12,0,1,0,2,0,2,1,0,0,0,0,0,4,0,true,false,true,true,false,true,true,false,true
20261007T044102821462Z-codex.web.MD07.r1-a1,web,multi_document,MD07,1,37,6,4,14,12,0,0,1,6,0,1,2,0,0,0,0,0,3,0,true,false,true,false,false,false,true,false,true
20261007T044107685038Z-codex.archivist.MD07.r1-a1,archivist,multi_document,MD07,1,0,2,0,0,0,0,0,0,0,0,2,0,0,0,0,0,0,0,2,false,false,false,false,false,false,false,false,false
20261007T044128298200Z-codex.both.MD07.r1-a1,both,multi_document,MD07,1,38,5,9,9,12,0,0,2,6,0,0,1,0,0,0,0,0,4,0,true,false,true,false,false,false,true,false,true
20261007T044137336777Z-codex.web.MD08.r1-a1,web,multi_document,MD08,1,29,4,7,9,9,0,1,2,1,0,3,0,0,0,0,0,0,1,0,true,false,true,true,false,true,true,false,true
20261007T044146488206Z-codex.archivist.MD08.r1-a1,archivist,multi_document,MD08,1,0,2,0,0,0,0,0,0,0,0,2,0,0,0,0,0,0,0,2,false,false,false,false,false,false,false,false,false
20261007T044208856421Z-codex.both.MD08.r1-a1,both,multi_document,MD08,1,66,2,26,12,13,0,12,2,1,0,2,0,0,0,0,0,0,0,0,true,false,true,true,false,true,true,false,true
20261007T044213232181Z-codex.web.MD09.r1-a1,web,multi_document,MD09,1,30,2,7,6,9,0,5,0,3,0,2,0,0,0,0,0,0,0,0,true,false,true,true,false,true,true,false,true
20261007T044233521962Z-codex.archivist.MD09.r1-a1,archivist,multi_document,MD09,1,0,2,0,0,0,0,0,0,0,0,2,0,0,0,0,0,0,0,2,false,false,false,false,false,false,false,false,false
20261007T044235679414Z-codex.both.MD09.r1-a1,both,multi_document,MD09,1,25,1,6,7,6,0,3,2,1,0,1,0,0,0,0,0,0,0,0,true,false,true,true,false,true,true,false,true
20261007T044253550608Z-codex.web.MD10.r1-a1,web,multi_document,MD10,1,58,8,19,14,12,0,13,0,0,0,4,0,0,0,0,0,0,4,0,true,false,true,true,false,true,true,false,true
20261007T044257326099Z-codex.archivist.MD10.r1-a1,archivist,multi_document,MD10,1,0,2,0,0,0,0,0,0,0,0,2,0,0,0,0,0,0,0,2,false,false,false,false,false,false,false,false,false
20261007T044323216683Z-codex.both.MD10.r1-a1,both,multi_document,MD10,1,45,8,15,8,12,0,7,0,1,2,5,0,0,0,0,0,0,3,0,true,false,true,true,false,true,true,false,true
20261007T044333536384Z-codex.web.MD06.r2-a1,web,multi_document,MD06,2,31,6,6,9,12,0,1,0,3,0,2,0,0,0,0,0,0,4,0,true,false,true,true,false,true,true,false,true
20261007T044354108295Z-codex.archivist.MD06.r2-a1,archivist,multi_document,MD06,2,0,4,0,0,0,0,0,0,0,0,4,0,0,0,0,0,0,0,4,false,false,false,false,false,false,false,false,false
20261007T044355615078Z-codex.both.MD06.r2-a1,both,multi_document,MD06,2,45,5,15,6,12,0,6,1,5,0,1,0,0,0,0,0,0,4,0,true,false,true,true,false,true,true,false,true
20261007T044422144272Z-codex.web.MD07.r2-a1,web,multi_document,MD07,2,52,4,12,17,12,0,3,2,6,0,1,1,0,0,0,0,0,2,0,true,false,true,true,false,true,true,false,true
20261007T044430080243Z-codex.archivist.MD07.r2-a1,archivist,multi_document,MD07,2,0,2,0,0,0,0,0,0,0,0,2,0,0,0,0,0,0,0,2,false,false,false,false,false,false,false,false,false
20261007T044449479695Z-codex.both.MD07.r2-a1,both,multi_document,MD07,2,56,4,18,12,12,0,5,3,6,0,1,1,0,0,0,0,0,2,0,true,false,true,true,false,true,true,false,true
20261007T044450930872Z-codex.web.MD08.r2-a1,web,multi_document,MD08,2,41,2,13,7,9,1,6,4,1,0,2,0,0,0,0,0,0,0,0,true,false,true,true,false,true,true,false,true
20261007T044509487147Z-codex.archivist.MD08.r2-a1,archivist,multi_document,MD08,2,0,2,0,0,0,0,0,0,0,0,2,0,0,0,0,0,0,0,2,false,false,false,false,false,false,false,false,false
20261007T044517597816Z-codex.both.MD08.r2-a1,both,multi_document,MD08,2,29,2,7,9,9,0,1,2,1,0,2,0,0,0,0,0,0,0,0,true,false,true,true,false,true,true,false,true
20261007T044535734997Z-codex.web.MD09.r2-a1,web,multi_document,MD09,2,25,1,7,8,4,0,3,0,3,0,1,0,0,0,0,0,0,0,0,true,false,true,true,false,true,true,false,true
20261007T044538682505Z-codex.archivist.MD09.r2-a1,archivist,multi_document,MD09,2,0,2,0,0,0,0,0,0,0,0,2,0,0,0,0,0,0,0,2,false,false,false,false,false,false,false,false,false
20261007T044557744447Z-codex.both.MD09.r2-a1,both,multi_document,MD09,2,27,1,7,8,7,0,3,0,2,0,1,0,0,0,0,0,0,0,0,true,false,true,true,false,true,true,false,true
20261007T044606411018Z-codex.web.MD10.r2-a1,web,multi_document,MD10,2,18,5,13,3,2,0,0,0,0,0,1,1,0,0,0,0,0,3,0,true,false,true,false,false,false,true,false,true
20261007T044614949220Z-codex.archivist.MD10.r2-a1,archivist,multi_document,MD10,2,0,2,0,0,0,0,0,0,0,0,2,0,0,0,0,0,0,0,2,false,false,false,false,false,false,false,false,false
20261007T044628872122Z-codex.both.MD10.r2-a1,both,multi_document,MD10,2,26,6,6,6,8,0,3,3,0,0,2,1,0,0,0,0,0,3,0,true,false,true,true,false,true,true,false,true
20261007T044638177862Z-codex.web.MD06.r3-a1,web,multi_document,MD06,3,32,3,6,12,12,0,0,0,2,0,2,0,0,0,0,0,0,1,0,true,false,true,false,false,false,true,false,true
20261007T044648936829Z-codex.archivist.MD06.r3-a1,archivist,multi_document,MD06,3,0,3,0,0,0,0,0,0,0,0,3,0,0,0,0,0,0,0,3,false,false,false,false,false,false,false,false,false
20261007T044658878533Z-codex.both.MD06.r3-a1,both,multi_document,MD06,3,28,6,7,9,11,0,0,0,1,0,1,1,0,0,0,0,0,4,0,true,false,true,false,false,false,true,false,true
20261007T044721936940Z-codex.web.MD07.r3-a1,web,multi_document,MD07,3,38,6,6,11,12,0,1,1,7,0,2,1,0,0,0,0,0,3,0,true,false,true,true,false,true,true,false,true
20261007T044723672730Z-codex.archivist.MD07.r3-a1,archivist,multi_document,MD07,3,0,2,0,0,0,0,0,0,0,0,2,0,0,0,0,0,0,0,2,false,false,false,false,false,false,false,false,false
20261007T044741946182Z-codex.both.MD07.r3-a1,both,multi_document,MD07,3,37,5,5,12,12,0,0,1,7,0,1,1,0,0,0,0,0,3,0,true,false,true,false,false,false,true,false,true
20261007T044753345407Z-codex.web.MD08.r3-a1,web,multi_document,MD08,3,28,4,7,8,8,0,1,3,1,0,4,0,0,0,0,0,0,0,0,true,false,true,true,false,true,true,false,true
20261007T044759535971Z-codex.archivist.MD08.r3-a1,archivist,multi_document,MD08,3,0,2,0,0,0,0,0,0,0,0,2,0,0,0,0,0,0,0,2,false,false,false,false,false,false,false,false,false
20261007T044826844833Z-codex.both.MD08.r3-a1,both,multi_document,MD08,3,29,3,7,8,9,0,2,2,1,0,3,0,0,0,0,0,0,0,0,true,false,true,true,false,true,true,false,true
20261007T044835665690Z-codex.web.MD09.r3-a1,web,multi_document,MD09,3,25,1,5,7,4,0,6,1,2,0,1,0,0,0,0,0,0,0,0,true,false,true,true,false,true,true,false,true
20261007T044845240767Z-codex.archivist.MD09.r3-a1,archivist,multi_document,MD09,3,0,2,0,0,0,0,0,0,0,0,2,0,0,0,0,0,0,0,2,false,false,false,false,false,false,false,false,false
20261007T044856389314Z-codex.both.MD09.r3-a1,both,multi_document,MD09,3,25,1,7,7,4,0,4,0,3,0,1,0,0,0,0,0,0,0,0,true,false,true,true,false,true,true,false,true
20261007T044908421596Z-codex.web.MD10.r3-a1,web,multi_document,MD10,3,43,4,17,4,9,0,9,2,1,1,0,1,0,0,0,0,0,3,0,true,false,true,true,false,true,true,false,true
20261007T044917246681Z-codex.archivist.MD10.r3-a1,archivist,multi_document,MD10,3,0,2,0,0,0,0,0,0,0,0,2,0,0,0,0,0,0,0,2,false,false,false,false,false,false,false,false,false
20261007T044934911591Z-codex.both.MD10.r3-a1,both,multi_document,MD10,3,35,5,16,10,2,0,4,0,1,2,1,1,0,0,0,0,0,3,0,true,false,true,true,false,true,true,false,true
20261007T045003935471Z-codex.web.MD11.r1-a1,web,multi_document,MD11,1,38,2,9,17,3,0,6,0,3,0,1,0,0,0,0,0,0,1,0,true,false,true,true,false,true,true,false,true
20261007T045003935895Z-codex.archivist.MD11.r1-a1,archivist,multi_document,MD11,1,0,6,0,0,0,0,0,0,0,0,6,0,0,0,0,0,0,0,6,false,false,false,false,false,false,false,false,false
20261007T045030081409Z-codex.both.MD11.r1-a1,both,multi_document,MD11,1,56,4,5,26,3,1,11,1,7,2,1,1,0,0,0,0,0,2,0,true,false,true,true,false,true,true,false,true
20261007T045034901212Z-codex.web.MD12.r1-a1,web,multi_document,MD12,1,25,2,5,3,5,0,7,0,4,1,2,0,0,0,0,0,0,0,0,true,false,true,true,false,true,true,false,true
20261007T045052955262Z-codex.archivist.MD12.r1-a1,archivist,multi_document,MD12,1,0,2,0,0,0,0,0,0,0,0,2,0,0,0,0,0,0,0,2,false,false,false,false,false,false,false,false,false
20261007T045100249414Z-codex.both.MD12.r1-a1,both,multi_document,MD12,1,24,5,5,6,5,0,4,0,3,1,4,1,0,0,0,0,0,0,0,true,false,true,true,false,true,true,false,true
20261007T045116981473Z-codex.web.MD13.r1-a1,web,multi_document,MD13,1,36,2,6,7,12,0,3,7,1,0,2,0,0,0,0,0,0,0,0,true,false,true,true,false,true,true,false,true
20261007T045127595118Z-codex.archivist.MD13.r1-a1,archivist,multi_document,MD13,1,0,2,0,0,0,0,0,0,0,0,2,0,0,0,0,0,0,0,2,false,false,false,false,false,false,false,false,false
20261007T045134273321Z-codex.both.MD13.r1-a1,both,multi_document,MD13,1,36,2,6,7,12,0,3,7,1,0,2,0,0,0,0,0,0,0,0,true,false,true,true,false,true,true,false,true
20261007T045150040967Z-codex.web.MD14.r1-a1,web,multi_document,MD14,1,17,5,2,3,0,0,9,2,1,0,2,0,0,0,0,0,0,3,0,false,false,false,true,false,true,true,false,true
20261007T045150974479Z-codex.archivist.MD14.r1-a1,archivist,multi_document,MD14,1,0,2,0,0,0,0,0,0,0,0,2,0,0,0,0,0,0,0,2,false,false,false,false,false,false,false,false,false
20261007T045208211483Z-codex.both.MD14.r1-a1,both,multi_document,MD14,1,20,7,5,2,4,0,9,0,0,0,2,0,0,0,2,0,0,3,0,true,false,true,false,true,true,false,true,true
20261007T045217308713Z-codex.web.MD15.r1-a1,web,multi_document,MD15,1,23,2,7,7,1,0,4,0,4,0,1,1,0,0,0,0,0,0,0,true,false,true,true,false,true,true,false,true
20261007T045232394765Z-codex.archivist.MD15.r1-a1,archivist,multi_document,MD15,1,0,2,0,0,0,0,0,0,0,0,2,0,0,0,0,0,0,0,2,false,false,false,false,false,false,false,false,false
20261007T045239649075Z-codex.both.MD15.r1-a1,both,multi_document,MD15,1,25,2,7,7,3,0,3,0,5,0,1,1,0,0,0,0,0,0,0,true,false,true,true,false,true,true,false,true
20261007T045255378579Z-codex.web.MD11.r2-a1,web,multi_document,MD11,2,52,1,7,32,4,0,6,0,3,0,0,0,0,0,0,0,0,1,0,true,false,true,true,false,true,true,false,true
20261007T045300500785Z-codex.archivist.MD11.r2-a1,archivist,multi_document,MD11,2,0,6,0,0,0,0,0,0,0,0,6,0,0,0,0,0,0,0,6,false,false,false,false,false,false,false,false,false
20261007T045320001127Z-codex.both.MD11.r2-a1,both,multi_document,MD11,2,20,4,2,14,4,0,0,0,0,0,3,0,0,0,0,0,0,1,3,true,false,true,false,false,false,true,false,true
20261007T045327618782Z-codex.web.MD12.r2-a1,web,multi_document,MD12,2,25,2,5,5,6,0,5,0,4,0,2,0,0,0,0,0,0,0,0,true,false,true,true,false,true,true,false,true
20261007T045348885104Z-codex.archivist.MD12.r2-a1,archivist,multi_document,MD12,2,0,2,0,0,0,0,0,0,0,0,2,0,0,0,0,0,0,0,2,false,false,false,false,false,false,false,false,false
20261007T045349028801Z-codex.both.MD12.r2-a1,both,multi_document,MD12,2,25,2,5,4,5,0,6,0,4,1,2,0,0,0,0,0,0,0,0,true,false,true,true,false,true,true,false,true
20261007T045413170759Z-codex.web.MD13.r2-a1,web,multi_document,MD13,2,34,2,6,7,10,0,3,7,1,0,2,0,0,0,0,0,0,0,0,true,false,true,true,false,true,true,false,true
20261007T045418158077Z-codex.archivist.MD13.r2-a1,archivist,multi_document,MD13,2,0,2,0,0,0,0,0,0,0,0,2,0,0,0,0,0,0,0,2,false,false,false,false,false,false,false,false,false
20261007T045428325470Z-codex.both.MD13.r2-a1,both,multi_document,MD13,2,35,2,5,8,12,0,3,6,1,0,2,0,0,0,0,0,0,0,0,true,false,true,true,false,true,true,false,true
20261007T045443962618Z-codex.web.MD14.r2-a1,web,multi_document,MD14,2,16,5,6,1,0,0,6,2,1,0,2,0,0,0,1,0,0,2,0,false,false,false,false,true,true,false,true,true
20261007T045448323564Z-codex.archivist.MD14.r2-a1,archivist,multi_document,MD14,2,0,2,0,0,0,0,0,0,0,0,2,0,0,0,0,0,0,0,2,false,false,false,false,false,false,false,false,false
20261007T045503713585Z-codex.both.MD14.r2-a1,both,multi_document,MD14,2,49,9,9,2,0,1,25,11,1,0,3,0,0,0,2,1,0,3,0,false,false,false,false,true,true,false,true,true
20261007T045512122205Z-codex.web.MD15.r2-a1,web,multi_document,MD15,2,23,2,5,8,1,0,5,0,4,0,1,1,0,0,0,0,0,0,0,true,false,true,true,false,true,true,false,true
20261007T045530237519Z-codex.archivist.MD15.r2-a1,archivist,multi_document,MD15,2,0,2,0,0,0,0,0,0,0,0,2,0,0,0,0,0,0,0,2,false,false,false,false,false,false,false,false,false
20261007T045534421642Z-codex.both.MD15.r2-a1,both,multi_document,MD15,2,19,2,4,6,1,0,5,0,3,0,1,1,0,0,0,0,0,0,0,true,false,true,true,false,true,true,false,true
20261007T045549504738Z-codex.web.MD11.r3-a1,web,multi_document,MD11,3,36,2,3,11,12,0,2,2,6,0,1,0,0,0,0,0,0,1,0,true,false,true,true,false,true,true,false,true
20261007T045559045503Z-codex.archivist.MD11.r3-a1,archivist,multi_document,MD11,3,0,6,0,0,0,0,0,0,0,0,6,0,0,0,0,0,0,0,6,false,false,false,false,false,false,false,false,false
20261007T045609651110Z-codex.both.MD11.r3-a1,both,multi_document,MD11,3,35,13,5,19,4,0,6,0,1,0,13,0,0,0,0,0,0,0,13,true,false,true,true,false,true,true,false,true
20261007T045622304425Z-codex.web.MD12.r3-a1,web,multi_document,MD12,3,23,2,5,7,3,0,4,0,4,0,2,0,0,0,0,0,0,0,0,true,false,true,true,false,true,true,false,true
20261007T045642896432Z-codex.archivist.MD12.r3-a1,archivist,multi_document,MD12,3,0,2,0,0,0,0,0,0,0,0,2,0,0,0,0,0,0,0,2,false,false,false,false,false,false,false,false,false
20261007T045643528364Z-codex.both.MD12.r3-a1,both,multi_document,MD12,3,40,3,13,6,7,0,10,0,4,0,2,1,0,0,0,0,0,0,0,true,false,true,true,false,true,true,false,true
20261007T045706211458Z-codex.web.MD13.r3-a1,web,multi_document,MD13,3,36,2,6,7,12,0,3,7,1,0,2,0,0,0,0,0,0,0,0,true,false,true,true,false,true,true,false,true
20261007T045712479444Z-codex.archivist.MD13.r3-a1,archivist,multi_document,MD13,3,0,3,0,0,0,0,0,0,0,0,3,0,0,0,0,0,0,0,3,false,false,false,false,false,false,false,false,false
20261007T045723124001Z-codex.both.MD13.r3-a1,both,multi_document,MD13,3,35,2,5,7,12,0,4,6,1,0,2,0,0,0,0,0,0,0,0,true,false,true,true,false,true,true,false,true
20261007T045742552761Z-codex.web.MD14.r3-a1,web,multi_document,MD14,3,18,12,3,3,0,0,12,0,0,0,4,0,0,0,3,0,0,5,0,false,false,false,false,true,true,false,true,true
20261007T045748461587Z-codex.archivist.MD14.r3-a1,archivist,multi_document,MD14,3,0,2,0,0,0,0,0,0,0,0,2,0,0,0,0,0,0,0,2,false,false,false,false,false,false,false,false,false
20261007T045811135261Z-codex.both.MD14.r3-a1,both,multi_document,MD14,3,46,3,9,3,11,0,11,10,2,0,2,0,0,0,1,0,0,0,0,true,false,true,false,true,true,false,true,true
20261007T045816485866Z-codex.web.MD15.r3-a1,web,multi_document,MD15,3,37,2,9,11,1,0,7,3,4,2,1,1,0,0,0,0,0,0,0,true,false,true,true,false,true,true,false,true
20261007T045834314282Z-codex.archivist.MD15.r3-a1,archivist,multi_document,MD15,3,0,2,0,0,0,0,0,0,0,0,2,0,0,0,0,0,0,0,2,false,false,false,false,false,false,false,false,false
20261007T045842655868Z-codex.both.MD15.r3-a1,both,multi_document,MD15,3,23,2,4,7,3,0,4,0,5,0,1,1,0,0,0,0,0,0,0,true,false,true,true,false,true,true,false,true
20261007T045906678463Z-codex.web.MP01.r1-a1,web,multi_period,MP01,1,53,8,4,17,10,0,18,2,1,1,0,8,0,0,0,0,0,0,0,true,false,true,true,false,true,true,false,true
20261007T045906679068Z-codex.archivist.MP01.r1-a1,archivist,multi_period,MP01,1,0,13,0,0,0,0,0,0,0,0,13,0,0,0,0,0,0,0,13,false,false,false,false,false,false,false,false,false
20261007T045941681493Z-codex.both.MP01.r1-a1,both,multi_period,MP01,1,38,9,1,22,8,0,4,0,2,1,0,9,0,0,0,0,0,0,0,true,false,true,true,false,true,true,false,true
20261007T045946757667Z-codex.web.MP02.r1-a1,web,multi_period,MP02,1,68,35,21,23,3,5,12,0,3,1,7,8,0,0,0,0,0,20,0,true,false,true,true,false,true,true,false,true
20261007T050026890938Z-codex.archivist.MP02.r1-a1,archivist,multi_period,MP02,1,0,25,0,0,0,0,0,0,0,0,25,0,0,0,0,0,0,0,25,false,false,false,false,false,false,false,false,false
20261007T050043271350Z-codex.both.MP02.r1-a1,both,multi_period,MP02,1,22,18,3,13,5,0,1,0,0,0,17,1,0,0,0,0,0,0,16,true,false,true,true,false,true,true,false,true
20261007T050118039895Z-codex.web.MP03.r1-a1,web,multi_period,MP03,1,49,11,9,25,5,0,10,0,0,0,0,8,0,0,0,0,0,3,0,true,false,true,true,false,true,true,false,true
20261007T050136471964Z-codex.archivist.MP03.r1-a1,archivist,multi_period,MP03,1,0,21,0,0,0,0,0,0,0,0,21,0,0,0,0,0,0,0,21,false,false,false,false,false,false,false,false,false
20261007T050200521232Z-codex.both.MP03.r1-a1,both,multi_period,MP03,1,51,9,12,20,7,1,11,0,0,0,0,8,0,0,0,0,0,1,0,true,false,true,true,false,true,true,false,true
20261007T050234375830Z-codex.web.MP04.r1-a1,web,multi_period,MP04,1,22,9,6,10,5,0,0,0,1,0,2,6,0,0,0,0,0,1,0,true,false,true,false,false,false,true,false,true
20261007T050241599894Z-codex.archivist.MP04.r1-a1,archivist,multi_period,MP04,1,0,14,0,0,0,0,0,0,0,0,14,0,0,0,0,0,0,0,14,false,false,false,false,false,false,false,false,false
20261007T050303540559Z-codex.both.MP04.r1-a1,both,multi_period,MP04,1,0,18,0,0,0,0,0,0,0,0,18,0,0,0,0,0,0,0,18,false,false,false,false,false,false,false,false,false
20261007T050314307731Z-codex.web.MP05.r1-a1,web,multi_period,MP05,1,63,24,36,0,8,0,19,0,0,0,5,0,0,0,6,0,0,13,0,true,false,true,false,true,true,false,true,true
20261007T050341233403Z-codex.archivist.MP05.r1-a1,archivist,multi_period,MP05,1,0,31,0,0,0,0,0,0,0,0,31,0,0,0,0,0,0,0,31,false,false,false,false,false,false,false,false,false
20261007T050404914340Z-codex.both.MP05.r1-a1,both,multi_period,MP05,1,24,9,12,0,6,0,6,0,0,0,9,0,0,0,0,0,0,0,9,true,false,true,true,false,true,true,false,true
20261007T050445890903Z-codex.web.MP01.r2-a1,web,multi_period,MP01,2,56,9,5,19,9,1,15,0,3,4,0,7,0,0,1,0,0,1,0,true,false,true,false,true,true,false,true,true
20261007T050455973776Z-codex.archivist.MP01.r2-a1,archivist,multi_period,MP01,2,0,13,0,0,0,0,0,0,0,0,13,0,0,0,0,0,0,0,13,false,false,false,false,false,false,false,false,false
20261007T050526080430Z-codex.both.MP01.r2-a1,both,multi_period,MP01,2,50,17,2,16,17,0,14,0,1,0,16,1,0,0,0,0,0,0,16,true,false,true,true,false,true,true,false,true
20261007T050530898562Z-codex.web.MP02.r2-a1,web,multi_period,MP02,2,70,16,17,34,5,0,11,3,0,0,6,1,0,0,0,0,0,9,0,true,false,true,true,false,true,true,false,true
20261007T050621151493Z-codex.archivist.MP02.r2-a1,archivist,multi_period,MP02,2,0,13,0,0,0,0,0,0,0,0,13,0,0,0,0,0,0,0,13,false,false,false,false,false,false,false,false,false
20261007T050622108458Z-codex.both.MP02.r2-a1,both,multi_period,MP02,2,22,41,2,15,4,0,0,0,0,1,40,1,0,0,0,0,0,0,39,true,false,true,false,false,false,true,false,true
20261007T050709386088Z-codex.web.MP03.r2-a1,web,multi_period,MP03,2,58,12,14,24,10,0,3,0,4,3,0,10,0,0,0,0,0,2,0,true,false,true,true,false,true,true,false,true
20261007T050721933632Z-codex.archivist.MP03.r2-a1,archivist,multi_period,MP03,2,0,28,0,0,0,0,0,0,0,0,28,0,0,0,0,0,0,0,28,false,false,false,false,false,false,false,false,false
20261007T050759910206Z-codex.both.MP03.r2-a1,both,multi_period,MP03,2,59,14,8,23,15,1,9,0,2,1,3,8,0,0,0,0,0,3,3,true,false,true,true,false,true,true,false,true
20261007T050819987419Z-codex.web.MP04.r2-a1,web,multi_period,MP04,2,27,8,11,11,1,0,4,0,0,0,0,6,0,0,0,0,0,2,0,true,false,true,true,false,true,true,false,true
20261007T050848630126Z-codex.archivist.MP04.r2-a1,archivist,multi_period,MP04,2,0,25,0,0,0,0,0,0,0,0,25,0,0,0,0,0,0,0,25,false,false,false,false,false,false,false,false,false
20261007T050851213262Z-codex.both.MP04.r2-a1,both,multi_period,MP04,2,19,6,6,8,4,0,1,0,0,0,0,6,0,0,0,0,0,0,0,true,false,true,true,false,true,true,false,true
20261007T050936019948Z-codex.web.MP05.r2-a1,web,multi_period,MP05,2,63,29,31,0,6,0,26,0,0,0,11,0,0,0,5,0,0,13,0,true,false,true,false,true,true,false,true,true
20261007T050936312166Z-codex.archivist.MP05.r2-a1,archivist,multi_period,MP05,2,0,30,0,0,0,0,0,0,0,0,30,0,0,0,0,0,0,0,30,false,false,false,false,false,false,false,false,false
20261007T051019241348Z-codex.both.MP05.r2-a1,both,multi_period,MP05,2,36,9,6,2,5,0,14,9,0,0,9,0,0,0,0,0,0,0,9,true,false,true,true,false,true,true,false,true
20261007T051043238288Z-codex.web.MP01.r3-a1,web,multi_period,MP01,3,54,10,4,18,12,2,17,0,0,1,0,8,0,0,1,0,0,1,0,true,false,true,false,true,true,false,true,true
20261007T051116380583Z-codex.archivist.MP01.r3-a1,archivist,multi_period,MP01,3,0,16,0,0,0,0,0,0,0,0,16,0,0,0,0,0,0,0,16,false,false,false,false,false,false,false,false,false
20261007T051128725209Z-codex.both.MP01.r3-a1,both,multi_period,MP01,3,37,11,0,15,3,0,8,1,8,2,10,1,0,0,0,0,0,0,10,true,false,true,true,false,true,true,false,true
20261007T051159165068Z-codex.web.MP02.r3-a1,web,multi_period,MP02,3,74,9,11,31,15,0,16,1,0,0,0,1,0,0,0,0,0,8,0,true,false,true,true,false,true,true,false,true
20261007T051222413846Z-codex.archivist.MP02.r3-a1,archivist,multi_period,MP02,3,0,13,0,0,0,0,0,0,0,0,13,0,0,0,0,0,0,0,13,false,false,false,false,false,false,false,false,false
20261007T051245254342Z-codex.both.MP02.r3-a1,both,multi_period,MP02,3,38,13,4,26,7,0,1,0,0,0,13,0,0,0,0,0,0,0,13,true,false,true,true,false,true,true,false,true
20261007T051307834301Z-codex.web.MP03.r3-a1,web,multi_period,MP03,3,55,8,9,24,10,1,9,0,1,1,0,7,0,0,0,0,0,1,0,true,false,true,true,false,true,true,false,true
20261007T051328715499Z-codex.archivist.MP03.r3-a1,archivist,multi_period,MP03,3,0,22,0,0,0,0,0,0,0,0,22,0,0,0,0,0,0,0,22,false,false,false,false,false,false,false,false,false
20261007T051401351386Z-codex.both.MP03.r3-a1,both,multi_period,MP03,3,68,14,11,27,10,3,13,1,2,1,3,7,0,0,0,0,0,4,3,true,false,true,true,false,true,true,false,true
20261007T051433243986Z-codex.web.MP04.r3-a1,web,multi_period,MP04,3,18,7,5,10,3,0,0,0,0,0,0,6,0,0,0,0,0,1,0,true,false,true,false,false,false,true,false,true
20261007T051504201506Z-codex.archivist.MP04.r3-a1,archivist,multi_period,MP04,3,0,17,0,0,0,0,0,0,0,0,17,0,0,0,0,0,0,0,17,false,false,false,false,false,false,false,false,false
20261007T051510733661Z-codex.both.MP04.r3-a1,both,multi_period,MP04,3,0,14,0,0,0,0,0,0,0,0,14,0,0,0,0,0,0,0,14,false,false,false,false,false,false,false,false,false
20261007T051537213223Z-codex.web.MP05.r3-a1,web,multi_period,MP05,3,84,26,40,2,1,1,36,4,0,0,13,0,0,0,2,0,0,11,0,true,false,true,false,true,true,false,true,true
20261007T051542190676Z-codex.archivist.MP05.r3-a1,archivist,multi_period,MP05,3,0,31,0,0,0,0,0,0,0,0,31,0,0,0,0,0,0,0,31,false,false,false,false,false,false,false,false,false
20261007T051632977940Z-codex.both.MP05.r3-a1,both,multi_period,MP05,3,25,9,12,0,8,0,5,0,0,0,9,0,0,0,0,0,0,0,9,true,false,true,true,false,true,true,false,true
20261007T051727693787Z-codex.web.MP06.r1-a1,web,multi_period,MP06,1,34,11,2,15,12,0,0,0,5,0,0,11,0,0,0,0,0,0,0,true,false,true,false,false,false,true,false,true
20261007T051727694130Z-codex.archivist.MP06.r1-a1,archivist,multi_period,MP06,1,0,22,0,0,0,0,0,0,0,0,22,0,0,0,0,0,0,0,22,false,false,false,false,false,false,false,false,false
20261007T051759188777Z-codex.both.MP06.r1-a1,both,multi_period,MP06,1,0,29,0,0,0,0,0,0,0,0,29,0,0,0,0,0,0,0,29,false,false,false,false,false,false,false,false,false
20261007T051836928947Z-codex.web.MP07.r1-a1,web,multi_period,MP07,1,88,7,22,14,35,0,13,0,4,0,7,0,0,0,0,0,0,0,0,true,false,true,true,false,true,true,false,true
20261007T051911149520Z-codex.archivist.MP07.r1-a1,archivist,multi_period,MP07,1,0,7,0,0,0,0,0,0,0,0,7,0,0,0,0,0,0,0,7,false,false,false,false,false,false,false,false,false
20261007T051912402759Z-codex.both.MP07.r1-a1,both,multi_period,MP07,1,92,9,21,15,37,1,13,0,5,0,8,1,0,0,0,0,0,0,0,true,false,true,true,false,true,true,false,true
20261007T051950192489Z-codex.web.MP08.r1-a1,web,multi_period,MP08,1,57,8,34,1,9,0,7,0,6,0,8,0,0,0,0,0,0,0,0,true,false,true,true,false,true,true,false,true
20261007T051958891044Z-codex.archivist.MP08.r1-a1,archivist,multi_period,MP08,1,0,8,0,0,0,0,0,0,0,0,8,0,0,0,0,0,0,0,8,false,false,false,false,false,false,false,false,false
20261007T052020847095Z-codex.both.MP08.r1-a1,both,multi_period,MP08,1,66,8,26,3,12,0,12,0,13,0,8,0,0,0,0,0,0,0,0,true,false,true,true,false,true,true,false,true
20261007T052053110816Z-codex.web.MP09.r1-a1,web,multi_period,MP09,1,48,5,12,2,9,0,21,2,0,2,5,0,0,0,0,0,0,0,0,true,false,true,true,false,true,true,false,true
20261007T052058385341Z-codex.archivist.MP09.r1-a1,archivist,multi_period,MP09,1,0,8,0,0,0,0,0,0,0,0,8,0,0,0,0,0,0,0,8,false,false,false,false,false,false,false,false,false
20261007T052121981685Z-codex.both.MP09.r1-a1,both,multi_period,MP09,1,45,7,18,7,4,1,12,1,1,1,7,0,0,0,0,0,0,0,0,true,false,true,true,false,true,true,false,true
20261007T052151142376Z-codex.web.MP10.r1-a1,web,multi_period,MP10,1,69,8,17,11,27,0,8,4,0,2,8,0,0,0,0,0,0,0,0,true,false,true,true,false,true,true,false,true
20261007T052203613491Z-codex.archivist.MP10.r1-a1,archivist,multi_period,MP10,1,0,8,0,0,0,0,0,0,0,0,8,0,0,0,0,0,0,0,8,false,false,false,false,false,false,false,false,false
20261007T052222674953Z-codex.both.MP10.r1-a1,both,multi_period,MP10,1,24,7,9,8,6,0,0,0,0,1,7,0,0,0,0,0,0,0,0,true,false,true,false,false,false,true,false,true
20261007T052248400928Z-codex.web.MP06.r2-a1,web,multi_period,MP06,2,30,11,1,14,12,0,0,0,3,0,0,11,0,0,0,0,0,0,0,true,false,true,false,false,false,true,false,true
20261007T052310859505Z-codex.archivist.MP06.r2-a1,archivist,multi_period,MP06,2,0,23,0,0,0,0,0,0,0,0,23,0,0,0,0,0,0,0,23,false,false,false,false,false,false,false,false,false
20261007T052320644008Z-codex.both.MP06.r2-a1,both,multi_period,MP06,2,0,22,0,0,0,0,0,0,0,0,22,0,0,0,0,0,0,0,22,false,false,false,false,false,false,false,false,false
20261007T052410750632Z-codex.web.MP07.r2-a1,web,multi_period,MP07,2,65,7,24,11,17,0,8,0,5,0,7,0,0,0,0,0,0,0,0,true,false,true,true,false,true,true,false,true
20261007T052421246304Z-codex.archivist.MP07.r2-a1,archivist,multi_period,MP07,2,0,7,0,0,0,0,0,0,0,0,7,0,0,0,0,0,0,0,7,false,false,false,false,false,false,false,false,false
20261007T052445472820Z-codex.both.MP07.r2-a1,both,multi_period,MP07,2,55,7,16,10,16,0,9,0,4,0,7,0,0,0,0,0,0,0,7,true,false,true,true,false,true,true,false,true
20261007T052506337176Z-codex.web.MP08.r2-a1,web,multi_period,MP08,2,58,8,23,6,12,0,11,1,5,0,8,0,0,0,0,0,0,0,0,true,false,true,true,false,true,true,false,true
20261007T052538083403Z-codex.archivist.MP08.r2-a1,archivist,multi_period,MP08,2,0,8,0,0,0,0,0,0,0,0,8,0,0,0,0,0,0,0,8,false,false,false,false,false,false,false,false,false
20261007T052541803388Z-codex.both.MP08.r2-a1,both,multi_period,MP08,2,0,8,0,0,0,0,0,0,0,0,8,0,0,0,0,0,0,0,8,false,false,false,false,false,false,false,false,false
20261007T052628966627Z-codex.web.MP09.r2-a1,web,multi_period,MP09,2,55,8,16,6,8,1,13,2,2,7,8,0,0,0,0,0,0,0,0,true,false,true,true,false,true,true,false,true
20261007T052639444675Z-codex.archivist.MP09.r2-a1,archivist,multi_period,MP09,2,0,8,0,0,0,0,0,0,0,0,8,0,0,0,0,0,0,0,8,false,false,false,false,false,false,false,false,false
20261007T052721005104Z-codex.both.MP09.r2-a1,both,multi_period,MP09,2,47,7,15,2,9,1,18,2,0,0,7,0,0,0,0,0,0,0,0,true,false,true,true,false,true,true,false,true
20261007T052732538674Z-codex.web.MP10.r2-a1,web,multi_period,MP10,2,66,9,17,2,28,0,12,5,1,1,8,1,0,0,0,0,0,0,0,true,false,true,true,false,true,true,false,true
20261007T052750742690Z-codex.archivist.MP10.r2-a1,archivist,multi_period,MP10,2,0,8,0,0,0,0,0,0,0,0,8,0,0,0,0,0,0,0,8,false,false,false,false,false,false,false,false,false
20261007T052804032379Z-codex.both.MP10.r2-a1,both,multi_period,MP10,2,41,6,12,6,12,0,4,4,2,1,6,0,0,0,0,0,0,0,0,true,false,true,true,false,true,true,false,true
20261007T052831553813Z-codex.web.MP06.r3-a1,web,multi_period,MP06,3,34,11,2,11,12,0,4,0,5,0,0,11,0,0,0,0,0,0,0,true,false,true,true,false,true,true,false,true
20261007T052904391289Z-codex.archivist.MP06.r3-a1,archivist,multi_period,MP06,3,0,24,0,0,0,0,0,0,0,0,24,0,0,0,0,0,0,0,24,false,false,false,false,false,false,false,false,false
20261007T052907414196Z-codex.both.MP06.r3-a1,both,multi_period,MP06,3,36,13,1,16,12,0,1,0,6,0,13,0,0,0,0,0,0,0,13,true,false,true,true,false,true,true,false,true
20261007T053000080469Z-codex.web.MP07.r3-a1,web,multi_period,MP07,3,107,9,34,12,18,2,31,0,7,3,7,2,0,0,0,0,0,0,0,true,false,true,true,false,true,true,false,true
20261007T053008924347Z-codex.archivist.MP07.r3-a1,archivist,multi_period,MP07,3,0,7,0,0,0,0,0,0,0,0,7,0,0,0,0,0,0,0,7,false,false,false,false,false,false,false,false,false
20261007T053046247282Z-codex.both.MP07.r3-a1,both,multi_period,MP07,3,54,10,13,11,12,0,10,2,5,1,10,0,0,0,0,0,0,0,7,true,false,true,true,false,true,true,false,true
20261007T053055598616Z-codex.web.MP08.r3-a1,web,multi_period,MP08,3,63,8,27,1,11,0,12,0,12,0,8,0,0,0,0,0,0,0,0,true,false,true,true,false,true,true,false,true
20261007T053129458733Z-codex.archivist.MP08.r3-a1,archivist,multi_period,MP08,3,0,8,0,0,0,0,0,0,0,0,8,0,0,0,0,0,0,0,8,false,false,false,false,false,false,false,false,false
20261007T053218736312Z-codex.both.MP08.r3-a1,both,multi_period,MP08,3,32,8,6,9,12,0,2,2,1,0,8,0,0,0,0,0,0,0,8,true,false,true,true,false,true,true,false,true
20261007T053234509108Z-codex.web.MP09.r3-a1,web,multi_period,MP09,3,65,9,7,11,13,1,26,0,5,2,8,1,0,0,0,0,0,0,0,true,false,true,true,false,true,true,false,true
20261007T053311614464Z-codex.archivist.MP09.r3-a1,archivist,multi_period,MP09,3,0,8,0,0,0,0,0,0,0,0,8,0,0,0,0,0,0,0,8,false,false,false,false,false,false,false,false,false
20261007T053324168164Z-codex.both.MP09.r3-a1,both,multi_period,MP09,3,43,7,16,5,4,0,16,2,0,0,7,0,0,0,0,0,0,0,0,true,false,true,true,false,true,true,false,true
20261007T053354915841Z-codex.web.MP10.r3-a1,web,multi_period,MP10,3,65,5,17,9,25,0,10,1,1,2,5,0,0,0,0,0,0,0,0,true,false,true,true,false,true,true,false,true
20261007T053400895021Z-codex.archivist.MP10.r3-a1,archivist,multi_period,MP10,3,0,8,0,0,0,0,0,0,0,0,8,0,0,0,0,0,0,0,8,false,false,false,false,false,false,false,false,false
20261007T053419051092Z-codex.both.MP10.r3-a1,both,multi_period,MP10,3,50,2,17,4,10,0,12,3,1,3,2,0,0,0,0,0,0,0,0,true,false,true,true,false,true,true,false,true
20261007T053508140892Z-codex.web.MP11.r1-a1,web,multi_period,MP11,1,54,6,21,14,13,0,5,0,1,0,0,4,0,0,0,0,0,2,0,true,false,true,true,false,true,true,false,true
20261007T053508141408Z-codex.archivist.MP11.r1-a1,archivist,multi_period,MP11,1,0,8,0,0,0,0,0,0,0,0,8,0,0,0,0,0,0,0,8,false,false,false,false,false,false,false,false,false
20261007T053553605499Z-codex.both.MP11.r1-a1,both,multi_period,MP11,1,28,10,4,11,12,0,0,0,1,0,9,1,0,0,0,0,0,0,9,true,false,true,false,false,false,true,false,true
20261007T053618901096Z-codex.web.MP12.r1-a1,web,multi_period,MP12,1,35,8,8,12,6,0,2,6,1,0,1,7,0,0,0,0,0,0,0,true,false,true,true,false,true,true,false,true
20261007T053717089552Z-codex.archivist.MP12.r1-a1,archivist,multi_period,MP12,1,0,8,0,0,0,0,0,0,0,0,8,0,0,0,0,0,0,0,8,false,false,false,false,false,false,false,false,false
20261007T053720627077Z-codex.both.MP12.r1-a1,both,multi_period,MP12,1,39,8,9,19,1,0,8,2,0,0,0,8,0,0,0,0,0,0,0,true,false,true,true,false,true,true,false,true
20261007T053803005241Z-codex.web.MP13.r1-a1,web,multi_period,MP13,1,38,3,19,5,12,0,2,0,0,0,3,0,0,0,0,0,0,0,0,true,false,true,true,false,true,true,false,true
20261007T053828567148Z-codex.archivist.MP13.r1-a1,archivist,multi_period,MP13,1,0,8,0,0,0,0,0,0,0,0,8,0,0,0,0,0,0,0,8,false,false,false,false,false,false,false,false,false
20261007T053834316316Z-codex.both.MP13.r1-a1,both,multi_period,MP13,1,0,8,0,0,0,0,0,0,0,0,8,0,0,0,0,0,0,0,8,false,false,false,false,false,false,false,false,false
20261007T053923399749Z-codex.web.MP14.r1-a1,web,multi_period,MP14,1,33,5,22,0,2,0,9,0,0,0,5,0,0,0,0,0,0,0,0,true,false,true,true,false,true,true,false,true
20261007T053931232790Z-codex.archivist.MP14.r1-a1,archivist,multi_period,MP14,1,0,7,0,0,0,0,0,0,0,0,7,0,0,0,0,0,0,0,7,false,false,false,false,false,false,false,false,false
20261007T053949677894Z-codex.both.MP14.r1-a1,both,multi_period,MP14,1,32,7,10,10,3,0,8,0,1,0,5,2,0,0,0,0,0,0,0,true,false,true,true,false,true,true,false,true
20261007T054015416854Z-codex.web.MP15.r1-a1,web,multi_period,MP15,1,65,6,24,2,11,0,19,0,7,2,6,0,0,0,0,0,0,0,0,true,false,true,true,false,true,true,false,true
20261007T054034276844Z-codex.archivist.MP15.r1-a1,archivist,multi_period,MP15,1,0,6,0,0,0,0,0,0,0,0,6,0,0,0,0,0,0,0,6,false,false,false,false,false,false,false,false,false
20261007T054049510591Z-codex.both.MP15.r1-a1,both,multi_period,MP15,1,52,6,12,7,13,2,7,0,6,5,6,0,0,0,0,0,0,0,4,true,false,true,true,false,true,true,false,true
20261007T054133169594Z-codex.web.MP11.r2-a1,web,multi_period,MP11,2,45,13,6,18,15,0,5,0,1,0,0,9,0,0,0,0,0,4,0,true,false,true,true,false,true,true,false,true
20261007T054133536221Z-codex.archivist.MP11.r2-a1,archivist,multi_period,MP11,2,0,8,0,0,0,0,0,0,0,0,8,0,0,0,0,0,0,0,8,false,false,false,false,false,false,false,false,false
20261007T054225494505Z-codex.both.MP11.r2-a1,both,multi_period,MP11,2,0,10,0,0,0,0,0,0,0,0,10,0,0,0,0,0,0,0,10,false,false,false,false,false,false,false,false,false
20261007T054226931167Z-codex.web.MP12.r2-a1,web,multi_period,MP12,2,53,4,11,16,14,0,5,6,1,0,1,3,0,0,0,0,0,0,0,true,false,true,true,false,true,true,false,true
20261007T054254560705Z-codex.archivist.MP12.r2-a1,archivist,multi_period,MP12,2,0,8,0,0,0,0,0,0,0,0,8,0,0,0,0,0,0,0,8,false,false,false,false,false,false,false,false,false
20261007T054338895581Z-codex.both.MP12.r2-a1,both,multi_period,MP12,2,30,8,9,8,1,0,6,6,0,0,5,3,0,0,0,0,0,0,0,true,false,true,true,false,true,true,false,true
20261007T054344872032Z-codex.web.MP13.r2-a1,web,multi_period,MP13,2,81,5,27,11,18,1,18,3,3,0,5,0,0,0,0,0,0,0,0,true,false,true,true,false,true,true,false,true
20261007T054406266696Z-codex.archivist.MP13.r2-a1,archivist,multi_period,MP13,2,0,8,0,0,0,0,0,0,0,0,8,0,0,0,0,0,0,0,8,false,false,false,false,false,false,false,false,false
20261007T054420915701Z-codex.both.MP13.r2-a1,both,multi_period,MP13,2,42,7,14,9,12,0,6,0,1,0,7,0,0,0,0,0,0,0,0,true,false,true,true,false,true,true,false,true
20261007T054449766636Z-codex.web.MP14.r2-a1,web,multi_period,MP14,2,49,7,19,12,6,0,11,0,1,0,7,0,0,0,0,0,0,0,0,true,false,true,true,false,true,true,false,true
20261007T054455884794Z-codex.archivist.MP14.r2-a1,archivist,multi_period,MP14,2,0,7,0,0,0,0,0,0,0,0,7,0,0,0,0,0,0,0,7,false,false,false,false,false,false,false,false,false
20261007T054520880903Z-codex.both.MP14.r2-a1,both,multi_period,MP14,2,56,7,18,10,7,1,18,1,1,0,7,0,0,0,0,0,0,0,0,true,false,true,true,false,true,true,false,true
20261007T054537815512Z-codex.web.MP15.r2-a1,web,multi_period,MP15,2,42,4,18,0,10,1,6,0,2,5,4,0,0,0,0,0,0,0,0,true,false,true,true,false,true,true,false,true
20261007T054559819247Z-codex.archivist.MP15.r2-a1,archivist,multi_period,MP15,2,0,6,0,0,0,0,0,0,0,0,6,0,0,0,0,0,0,0,6,false,false,false,false,false,false,false,false,false
20261007T054600263738Z-codex.both.MP15.r2-a1,both,multi_period,MP15,2,43,6,19,3,7,1,1,0,3,9,6,0,0,0,0,0,0,0,0,true,false,true,true,false,true,true,false,true
20261007T054622081588Z-codex.web.MP11.r3-a1,web,multi_period,MP11,3,62,10,19,12,16,0,14,0,1,0,0,4,0,0,0,0,0,6,0,true,false,true,true,false,true,true,false,true
20261007T054639743428Z-codex.archivist.MP11.r3-a1,archivist,multi_period,MP11,3,0,8,0,0,0,0,0,0,0,0,8,0,0,0,0,0,0,0,8,false,false,false,false,false,false,false,false,false
20261007T054720327423Z-codex.both.MP11.r3-a1,both,multi_period,MP11,3,0,10,0,0,0,0,0,0,0,0,10,0,0,0,0,0,0,0,10,false,false,false,false,false,false,false,false,false
20261007T054747036559Z-codex.web.MP12.r3-a1,web,multi_period,MP12,3,24,9,7,10,2,0,2,3,0,0,0,9,0,0,0,0,0,0,0,true,false,true,true,false,true,true,false,true
20261007T054823339692Z-codex.archivist.MP12.r3-a1,archivist,multi_period,MP12,3,0,8,0,0,0,0,0,0,0,0,8,0,0,0,0,0,0,0,8,false,false,false,false,false,false,false,false,false
20261007T054828161070Z-codex.both.MP12.r3-a1,both,multi_period,MP12,3,4,8,0,2,0,0,0,2,0,0,8,0,0,0,0,0,0,0,8,false,false,false,false,false,false,false,false,false
20261007T054920110584Z-codex.web.MP13.r3-a1,web,multi_period,MP13,3,36,6,14,5,12,0,5,0,0,0,6,0,0,0,0,0,0,0,0,true,false,true,true,false,true,true,false,true
20261007T054940154152Z-codex.archivist.MP13.r3-a1,archivist,multi_period,MP13,3,0,8,0,0,0,0,0,0,0,0,8,0,0,0,0,0,0,0,8,false,false,false,false,false,false,false,false,false
20261007T054952374031Z-codex.both.MP13.r3-a1,both,multi_period,MP13,3,36,15,13,7,12,0,4,0,0,0,13,0,0,0,0,0,0,2,0,true,false,true,true,false,true,true,false,true
20261007T055035836344Z-codex.web.MP14.r3-a1,web,multi_period,MP14,3,37,8,22,6,2,2,3,0,1,1,6,2,0,0,0,0,0,0,0,true,false,true,true,false,true,true,false,true
20261007T055037686072Z-codex.archivist.MP14.r3-a1,archivist,multi_period,MP14,3,0,7,0,0,0,0,0,0,0,0,7,0,0,0,0,0,0,0,7,false,false,false,false,false,false,false,false,false
20261007T055113291824Z-codex.both.MP14.r3-a1,both,multi_period,MP14,3,66,4,29,15,2,2,12,0,3,3,4,0,0,0,0,0,0,0,0,true,false,true,true,false,true,true,false,true
20261007T055137263201Z-codex.web.MP15.r3-a1,web,multi_period,MP15,3,44,6,18,0,8,0,5,0,6,7,6,0,0,0,0,0,0,0,0,true,false,true,true,false,true,true,false,true
20261007T055151336054Z-codex.archivist.MP15.r3-a1,archivist,multi_period,MP15,3,0,6,0,0,0,0,0,0,0,0,6,0,0,0,0,0,0,0,6,false,false,false,false,false,false,false,false,false
20261007T055200333898Z-codex.both.MP15.r3-a1,both,multi_period,MP15,3,45,6,19,1,8,0,5,1,6,5,6,0,0,0,0,0,0,0,0,true,false,true,true,false,true,true,false,true
20261007T055231752939Z-codex.web.BR01.r1-a1,web,breadth,BR01,1,144,22,45,49,16,0,23,2,8,1,1,6,0,0,0,0,0,15,0,true,false,true,true,false,true,true,false,true
20261007T055231753220Z-codex.archivist.BR01.r1-a1,archivist,breadth,BR01,1,0,8,0,0,0,0,0,0,0,0,8,0,0,0,0,0,0,0,8,false,false,false,false,false,false,false,false,false
20261007T055334206438Z-codex.both.BR01.r1-a1,both,breadth,BR01,1,112,17,34,27,20,1,19,1,6,4,0,5,0,0,0,0,0,12,0,true,false,true,true,false,true,true,false,true
20261007T055347763120Z-codex.web.BR02.r1-a1,web,breadth,BR02,1,106,15,37,19,20,0,15,5,10,0,7,2,0,0,0,0,0,6,0,true,false,true,true,false,true,true,false,true
20261007T055447137481Z-codex.archivist.BR02.r1-a1,archivist,breadth,BR02,1,0,9,0,0,0,0,0,0,0,0,9,0,0,0,0,0,0,0,9,false,false,false,false,false,false,false,false,false
20261007T055457470662Z-codex.both.BR02.r1-a1,both,breadth,BR02,1,84,6,32,12,22,0,9,3,6,0,5,1,0,0,0,0,0,0,0,true,false,true,true,false,true,true,false,true
20261007T055542066765Z-codex.web.BR03.r1-a1,web,breadth,BR03,1,98,8,42,8,16,0,27,0,5,0,8,0,0,0,0,0,0,0,0,true,false,true,true,false,true,true,false,true
20261007T055542320615Z-codex.archivist.BR03.r1-a1,archivist,breadth,BR03,1,0,10,0,0,0,0,0,0,0,0,10,0,0,0,0,0,0,0,10,false,false,false,false,false,false,false,false,false
20261007T055634737196Z-codex.both.BR03.r1-a1,both,breadth,BR03,1,55,13,11,24,10,0,0,3,7,0,12,0,0,0,0,0,0,1,10,true,false,true,false,false,false,true,false,true
20261007T055733850099Z-codex.web.BR04.r1-a1,web,breadth,BR04,1,70,12,27,11,3,0,19,3,7,0,9,1,0,0,0,0,0,2,0,true,false,true,true,false,true,true,false,true
20261007T055748725852Z-codex.archivist.BR04.r1-a1,archivist,breadth,BR04,1,0,9,0,0,0,0,0,0,0,0,9,0,0,0,0,0,0,0,9,false,false,false,false,false,false,false,false,false
20261007T055827526674Z-codex.both.BR04.r1-a1,both,breadth,BR04,1,91,30,37,26,13,0,1,0,14,0,27,0,0,0,0,0,0,3,19,true,false,true,true,false,true,true,false,true
20261007T055840782109Z-codex.web.BR05.r1-a1,web,breadth,BR05,1,82,15,21,29,12,0,7,0,9,4,4,9,0,0,1,0,0,1,0,true,false,true,false,true,true,false,true,true
20261007T055929601072Z-codex.archivist.BR05.r1-a1,archivist,breadth,BR05,1,0,15,0,0,0,0,0,0,0,0,15,0,0,0,0,0,0,0,15,false,false,false,false,false,false,false,false,false
20261007T055935538937Z-codex.both.BR05.r1-a1,both,breadth,BR05,1,32,15,6,9,12,0,1,0,4,0,15,0,0,0,0,0,0,0,15,true,false,true,true,false,true,true,false,true
20261007T060033113849Z-codex.web.BR01.r2-a1,web,breadth,BR01,2,144,28,38,51,19,0,21,1,13,1,0,12,0,0,3,1,0,12,0,true,false,true,false,true,true,false,true,true
20261007T060044417328Z-codex.archivist.BR01.r2-a1,archivist,breadth,BR01,2,0,8,0,0,0,0,0,0,0,0,8,0,0,0,0,0,0,0,8,false,false,false,false,false,false,false,false,false
20261007T060203053191Z-codex.both.BR01.r2-a1,both,breadth,BR01,2,91,19,33,32,12,0,8,0,5,1,0,8,0,0,0,0,0,11,0,true,false,true,true,false,true,true,false,true
20261007T060213241645Z-codex.web.BR02.r2-a1,web,breadth,BR02,2,138,13,64,21,20,1,15,5,11,1,8,0,0,0,0,0,0,5,0,true,false,true,true,false,true,true,false,true
20261007T060310297002Z-codex.archivist.BR02.r2-a1,archivist,breadth,BR02,2,0,9,0,0,0,0,0,0,0,0,9,0,0,0,0,0,0,0,9,false,false,false,false,false,false,false,false,false
20261007T060312239141Z-codex.both.BR02.r2-a1,both,breadth,BR02,2,0,9,0,0,0,0,0,0,0,0,9,0,0,0,0,0,0,0,9,false,false,false,false,false,false,false,false,false
20261007T060410073897Z-codex.web.BR03.r2-a1,web,breadth,BR03,2,107,15,31,11,16,2,33,1,12,1,9,3,0,0,0,0,0,3,0,true,false,true,true,false,true,true,false,true
20261007T060419664052Z-codex.archivist.BR03.r2-a1,archivist,breadth,BR03,2,0,10,0,0,0,0,0,0,0,0,10,0,0,0,0,0,0,0,10,false,false,false,false,false,false,false,false,false
20261007T060521342120Z-codex.both.BR03.r2-a1,both,breadth,BR03,2,0,10,0,0,0,0,0,0,0,0,10,0,0,0,0,0,0,0,10,false,false,false,false,false,false,false,false,false
20261007T060521349155Z-codex.web.BR04.r2-a1,web,breadth,BR04,2,92,18,28,15,16,1,11,3,15,3,11,3,0,0,0,0,0,4,0,true,false,true,true,false,true,true,false,true
20261007T060620418661Z-codex.archivist.BR04.r2-a1,archivist,breadth,BR04,2,0,9,0,0,0,0,0,0,0,0,9,0,0,0,0,0,0,0,9,false,false,false,false,false,false,false,false,false
20261007T060628048333Z-codex.both.BR04.r2-a1,both,breadth,BR04,2,54,12,13,17,8,0,3,1,12,0,11,0,0,0,0,0,0,1,9,true,false,true,true,false,true,true,false,true
20261007T060713138580Z-codex.web.BR05.r2-a1,web,breadth,BR05,2,89,15,21,32,12,0,15,0,7,2,4,9,0,0,1,0,0,1,0,true,false,true,false,true,true,false,true,true
20261007T060722937046Z-codex.archivist.BR05.r2-a1,archivist,breadth,BR05,2,0,15,0,0,0,0,0,0,0,0,15,0,0,0,0,0,0,0,15,false,false,false,false,false,false,false,false,false
20261007T060809351558Z-codex.both.BR05.r2-a1,both,breadth,BR05,2,0,16,0,0,0,0,0,0,0,0,16,0,0,0,0,0,0,0,16,false,false,false,false,false,false,false,false,false
20261007T060828387990Z-codex.web.BR01.r3-a1,web,breadth,BR01,3,152,28,42,46,19,0,24,0,15,6,0,15,0,0,0,0,0,13,0,true,false,true,true,false,true,true,false,true
20261007T060913099988Z-codex.archivist.BR01.r3-a1,archivist,breadth,BR01,3,0,8,0,0,0,0,0,0,0,0,8,0,0,0,0,0,0,0,8,false,false,false,false,false,false,false,false,false
20261007T060956109137Z-codex.both.BR01.r3-a1,both,breadth,BR01,3,108,17,41,30,11,1,10,2,10,3,0,5,0,0,1,1,0,10,0,true,false,true,false,true,true,false,true,true
20261007T061026862597Z-codex.web.BR02.r3-a1,web,breadth,BR02,3,112,8,45,10,27,0,18,4,7,1,8,0,0,0,0,0,0,0,0,true,false,true,true,false,true,true,false,true
20261007T061110133440Z-codex.archivist.BR02.r3-a1,archivist,breadth,BR02,3,0,9,0,0,0,0,0,0,0,0,9,0,0,0,0,0,0,0,9,false,false,false,false,false,false,false,false,false
20261007T061119518628Z-codex.both.BR02.r3-a1,both,breadth,BR02,3,113,7,70,8,17,0,8,3,7,0,5,0,0,0,0,0,0,2,0,true,false,true,true,false,true,true,false,true
20261007T061200323240Z-codex.web.BR03.r3-a1,web,breadth,BR03,3,130,11,39,25,35,0,18,0,12,1,8,2,0,0,0,0,0,1,0,true,false,true,true,false,true,true,false,true
20261007T061211196800Z-codex.archivist.BR03.r3-a1,archivist,breadth,BR03,3,0,10,0,0,0,0,0,0,0,0,10,0,0,0,0,0,0,0,10,false,false,false,false,false,false,false,false,false
20261007T061315448275Z-codex.both.BR03.r3-a1,both,breadth,BR03,3,0,10,0,0,0,0,0,0,0,0,10,0,0,0,0,0,0,0,10,false,false,false,false,false,false,false,false,false
20261007T061359577280Z-codex.web.BR04.r3-a1,web,breadth,BR04,3,78,15,38,17,9,1,7,0,6,0,9,2,0,0,1,0,0,3,0,true,false,true,false,true,true,false,true,true
20261007T061451919471Z-codex.archivist.BR04.r3-a1,archivist,breadth,BR04,3,0,9,0,0,0,0,0,0,0,0,9,0,0,0,0,0,0,0,9,false,false,false,false,false,false,false,false,false
20261007T061500093696Z-codex.both.BR04.r3-a1,both,breadth,BR04,3,41,12,18,10,6,0,1,0,6,0,11,0,0,0,0,0,0,1,9,true,false,true,true,false,true,true,false,true
20261007T061536035348Z-codex.web.BR05.r3-a1,web,breadth,BR05,3,101,18,24,35,14,1,16,0,8,3,5,10,0,0,1,0,0,2,0,true,false,true,false,true,true,false,true,true
20261007T061553842840Z-codex.archivist.BR05.r3-a1,archivist,breadth,BR05,3,0,15,0,0,0,0,0,0,0,0,15,0,0,0,0,0,0,0,15,false,false,false,false,false,false,false,false,false
20261007T061629982843Z-codex.both.BR05.r3-a1,both,breadth,BR05,3,91,17,20,33,14,1,8,0,12,3,4,10,0,0,1,0,0,2,0,true,false,true,false,true,true,false,true,true
20261007T061729135180Z-codex.web.BR06.r1-a1,web,breadth,BR06,1,80,13,15,29,6,2,14,2,10,2,4,7,0,0,0,0,0,2,0,true,false,true,true,false,true,true,false,true
20261007T061729135432Z-codex.archivist.BR06.r1-a1,archivist,breadth,BR06,1,0,11,0,0,0,0,0,0,0,0,11,0,0,0,0,0,0,0,11,false,false,false,false,false,false,false,false,false
20261007T061809178373Z-codex.both.BR06.r1-a1,both,breadth,BR06,1,0,11,0,0,0,0,0,0,0,0,11,0,0,0,0,0,0,0,11,false,false,false,false,false,false,false,false,false
20261007T061818096670Z-codex.web.BR07.r1-a1,web,breadth,BR07,1,90,16,40,2,0,1,40,0,7,0,3,0,0,0,3,0,0,10,0,false,false,false,false,true,true,false,true,true
20261007T061856955863Z-codex.archivist.BR07.r1-a1,archivist,breadth,BR07,1,0,21,0,0,0,0,0,0,0,0,21,0,0,0,0,0,0,0,21,false,false,false,false,false,false,false,false,false
20261007T061920371012Z-codex.both.BR07.r1-a1,both,breadth,BR07,1,52,20,32,6,0,0,14,0,0,0,8,0,0,0,6,0,0,6,0,false,false,false,false,true,true,false,true,true
20261007T061941489100Z-codex.web.BR08.r1-a1,web,breadth,BR08,1,172,72,80,20,14,2,45,7,2,2,17,1,0,0,12,0,0,42,0,true,false,true,false,true,true,false,true,true
20261007T062031501193Z-codex.archivist.BR08.r1-a1,archivist,breadth,BR08,1,0,13,0,0,0,0,0,0,0,0,13,0,0,0,0,0,0,0,13,false,false,false,false,false,false,false,false,false
20261007T062149461011Z-codex.both.BR08.r1-a1,both,breadth,BR08,1,22,13,7,7,2,1,2,0,3,0,13,0,0,0,0,0,0,0,13,true,false,true,true,false,true,true,false,true
20261007T062224394761Z-codex.web.BR09.r1-a1,web,breadth,BR09,1,143,29,26,50,16,0,23,0,22,6,6,12,0,0,2,0,0,9,0,true,false,true,false,true,true,false,true,true
20261007T062324951892Z-codex.archivist.BR09.r1-a1,archivist,breadth,BR09,1,0,11,0,0,0,0,0,0,0,0,11,0,0,0,0,0,0,0,11,false,false,false,false,false,false,false,false,false
20261007T062344590351Z-codex.both.BR09.r1-a1,both,breadth,BR09,1,25,11,4,9,7,0,2,0,3,0,11,0,0,0,0,0,0,0,11,true,false,true,true,false,true,true,false,true
20261007T062423600850Z-codex.web.BR10.r1-a1,web,breadth,BR10,1,214,36,73,67,23,0,30,2,17,2,3,11,0,0,3,1,0,18,0,true,false,true,false,true,true,false,true,true
20261007T062436099136Z-codex.archivist.BR10.r1-a1,archivist,breadth,BR10,1,0,10,0,0,0,0,0,0,0,0,10,0,0,0,0,0,0,0,10,false,false,false,false,false,false,false,false,false
20261007T062538505628Z-codex.both.BR10.r1-a1,both,breadth,BR10,1,0,10,0,0,0,0,0,0,0,0,10,0,0,0,0,0,0,0,10,false,false,false,false,false,false,false,false,false
20261007T062605945843Z-codex.web.BR06.r2-a1,web,breadth,BR06,2,66,12,23,27,9,0,1,0,6,0,4,4,0,0,0,0,0,4,0,true,false,true,true,false,true,true,false,true
20261007T062623031229Z-codex.archivist.BR06.r2-a1,archivist,breadth,BR06,2,0,11,0,0,0,0,0,0,0,0,11,0,0,0,0,0,0,0,11,false,false,false,false,false,false,false,false,false
20261007T062650440065Z-codex.both.BR06.r2-a1,both,breadth,BR06,2,0,29,0,0,0,0,0,0,0,0,29,0,0,0,0,0,0,0,29,false,false,false,false,false,false,false,false,false
20261007T062711223268Z-codex.web.BR07.r2-a1,web,breadth,BR07,2,66,20,33,0,0,0,33,0,0,0,10,0,0,0,7,0,0,3,0,false,false,false,false,true,true,false,true,true
20261007T062802879229Z-codex.archivist.BR07.r2-a1,archivist,breadth,BR07,2,0,21,0,0,0,0,0,0,0,0,21,0,0,0,0,0,0,0,21,false,false,false,false,false,false,false,false,false
20261007T062822485813Z-codex.both.BR07.r2-a1,both,breadth,BR07,2,18,21,18,0,0,0,0,0,0,0,21,0,0,0,0,0,0,0,21,false,false,false,false,false,false,false,false,false
20261007T062846559436Z-codex.web.BR08.r2-a1,web,breadth,BR08,2,162,67,65,20,24,0,46,6,0,1,18,0,0,0,13,0,0,36,0,true,false,true,false,true,true,false,true,true
20261007T062912139859Z-codex.archivist.BR08.r2-a1,archivist,breadth,BR08,2,0,12,0,0,0,0,0,0,0,0,12,0,0,0,0,0,0,0,12,false,false,false,false,false,false,false,false,false
20261007T063031319903Z-codex.both.BR08.r2-a1,both,breadth,BR08,2,18,12,10,0,0,0,8,0,0,0,12,0,0,0,0,0,0,0,12,false,false,false,true,false,true,true,false,true
20261007T063059008980Z-codex.web.BR09.r2-a1,web,breadth,BR09,2,129,26,31,48,9,1,30,2,5,3,4,13,0,0,4,0,0,5,0,true,false,true,false,true,true,false,true,true
20261007T063146264722Z-codex.archivist.BR09.r2-a1,archivist,breadth,BR09,2,0,11,0,0,0,0,0,0,0,0,11,0,0,0,0,0,0,0,11,false,false,false,false,false,false,false,false,false
20261007T063217378869Z-codex.both.BR09.r2-a1,both,breadth,BR09,2,22,11,7,7,2,0,0,0,5,1,11,0,0,0,0,0,0,0,11,true,false,true,false,false,false,true,false,true
20261007T063247182189Z-codex.web.BR10.r2-a1,web,breadth,BR10,2,203,37,82,58,14,0,30,2,15,2,1,8,0,0,1,0,0,27,0,true,false,true,false,true,true,false,true,true
20261007T063315262502Z-codex.archivist.BR10.r2-a1,archivist,breadth,BR10,2,0,10,0,0,0,0,0,0,0,0,10,0,0,0,0,0,0,0,10,false,false,false,false,false,false,false,false,false
20261007T063418244404Z-codex.both.BR10.r2-a1,both,breadth,BR10,2,53,12,32,3,4,0,11,0,2,1,10,0,0,0,0,0,0,2,10,true,false,true,true,false,true,true,false,true
20261007T063443727319Z-codex.web.BR06.r3-a1,web,breadth,BR06,3,80,16,20,23,5,0,16,1,13,2,6,5,0,0,0,0,0,5,0,true,false,true,true,false,true,true,false,true
20261007T063513197054Z-codex.archivist.BR06.r3-a1,archivist,breadth,BR06,3,0,11,0,0,0,0,0,0,0,0,11,0,0,0,0,0,0,0,11,false,false,false,false,false,false,false,false,false
20261007T063547803474Z-codex.both.BR06.r3-a1,both,breadth,BR06,3,77,12,18,32,9,1,12,0,4,1,3,7,0,0,0,0,0,2,0,true,false,true,true,false,true,true,false,true
20261007T063606188736Z-codex.web.BR07.r3-a1,web,breadth,BR07,3,32,16,25,0,0,0,7,0,0,0,8,0,0,0,8,0,0,0,0,false,false,false,false,true,true,false,true,true
20261007T063647368108Z-codex.archivist.BR07.r3-a1,archivist,breadth,BR07,3,0,21,0,0,0,0,0,0,0,0,21,0,0,0,0,0,0,0,21,false,false,false,false,false,false,false,false,false
20261007T063709621505Z-codex.both.BR07.r3-a1,both,breadth,BR07,3,18,17,18,0,0,0,0,0,0,0,17,0,0,0,0,0,0,0,17,false,false,false,false,false,false,false,false,false
20261007T063731446046Z-codex.web.BR08.r3-a1,web,breadth,BR08,3,185,67,79,30,11,2,54,8,1,0,14,2,0,0,8,0,0,43,0,true,false,true,false,true,true,false,true,true
20261007T063758885525Z-codex.archivist.BR08.r3-a1,archivist,breadth,BR08,3,0,12,0,0,0,0,0,0,0,0,12,0,0,0,0,0,0,0,12,false,false,false,false,false,false,false,false,false
20261007T063917379418Z-codex.both.BR08.r3-a1,both,breadth,BR08,3,0,19,0,0,0,0,0,0,0,0,19,0,0,0,0,0,0,0,19,false,false,false,false,false,false,false,false,false
20261007T064030614206Z-codex.web.BR09.r3-a1,web,breadth,BR09,3,170,44,51,48,10,0,38,2,17,4,10,15,0,0,4,0,0,15,0,true,false,true,false,true,true,false,true,true
20261007T064038555457Z-codex.archivist.BR09.r3-a1,archivist,breadth,BR09,3,0,11,0,0,0,0,0,0,0,0,11,0,0,0,0,0,0,0,11,false,false,false,false,false,false,false,false,false
20261007T064146043994Z-codex.both.BR09.r3-a1,both,breadth,BR09,3,0,11,0,0,0,0,0,0,0,0,11,0,0,0,0,0,0,0,11,false,false,false,false,false,false,false,false,false
20261007T064237465706Z-codex.web.BR10.r3-a1,web,breadth,BR10,3,171,41,56,37,28,5,20,3,20,2,1,13,0,0,2,0,0,25,0,true,false,true,false,true,true,false,true,true
20261007T064251940258Z-codex.archivist.BR10.r3-a1,archivist,breadth,BR10,3,0,10,0,0,0,0,0,0,0,0,10,0,0,0,0,0,0,0,10,false,false,false,false,false,false,false,false,false
20261007T064345436065Z-codex.both.BR10.r3-a1,both,breadth,BR10,3,0,10,0,0,0,0,0,0,0,0,10,0,0,0,0,0,0,0,10,false,false,false,false,false,false,false,false,false
20261007T064429535578Z-codex.web.BR11.r1-a1,web,breadth,BR11,1,100,15,36,8,20,3,27,1,4,1,7,0,0,0,0,1,0,7,0,true,false,true,true,false,true,true,false,true
20261007T064429535840Z-codex.archivist.BR11.r1-a1,archivist,breadth,BR11,1,0,9,0,0,0,0,0,0,0,0,9,0,0,0,0,0,0,0,9,false,false,false,false,false,false,false,false,false
20261007T064516260475Z-codex.both.BR11.r1-a1,both,breadth,BR11,1,0,9,0,0,0,0,0,0,0,0,9,0,0,0,0,0,0,0,9,false,false,false,false,false,false,false,false,false
20261007T064527777900Z-codex.web.BR12.r1-a1,web,breadth,BR12,1,103,5,24,16,24,0,22,3,14,0,5,0,0,0,0,0,0,0,0,true,false,true,true,false,true,true,false,true
20261007T064556959789Z-codex.archivist.BR12.r1-a1,archivist,breadth,BR12,1,0,9,0,0,0,0,0,0,0,0,9,0,0,0,0,0,0,0,9,false,false,false,false,false,false,false,false,false
20261007T064622741447Z-codex.both.BR12.r1-a1,both,breadth,BR12,1,46,9,37,4,0,0,3,2,0,0,9,0,0,0,0,0,0,0,0,false,false,false,true,false,true,true,false,true
20261007T064701718098Z-codex.web.BR13.r1-a1,web,breadth,BR13,1,105,13,50,21,13,0,15,0,6,0,6,2,0,0,0,0,0,5,0,true,false,true,true,false,true,true,false,true
20261007T064708942638Z-codex.archivist.BR13.r1-a1,archivist,breadth,BR13,1,0,9,0,0,0,0,0,0,0,0,9,0,0,0,0,0,0,0,9,false,false,false,false,false,false,false,false,false
20261007T064750419699Z-codex.both.BR13.r1-a1,both,breadth,BR13,1,104,10,53,17,18,0,15,0,1,0,4,1,0,0,0,0,0,5,0,true,false,true,true,false,true,true,false,true
20261007T064803985924Z-codex.web.BR14.r1-a1,web,breadth,BR14,1,58,8,32,10,5,0,6,1,4,0,7,1,0,0,0,0,0,0,0,true,false,true,true,false,true,true,false,true
20261007T064838838993Z-codex.archivist.BR14.r1-a1,archivist,breadth,BR14,1,0,8,0,0,0,0,0,0,0,0,8,0,0,0,0,0,0,0,8,false,false,false,false,false,false,false,false,false
20261007T064840158121Z-codex.both.BR14.r1-a1,both,breadth,BR14,1,42,9,21,10,1,0,4,1,5,0,8,1,0,0,0,0,0,0,0,true,false,true,true,false,true,true,false,true
20261007T064915982687Z-codex.web.BR15.r1-a1,web,breadth,BR15,1,146,16,22,44,26,0,34,6,14,0,6,3,0,0,1,0,0,6,0,true,false,true,false,true,true,false,true,true
20261007T064944118196Z-codex.archivist.BR15.r1-a1,archivist,breadth,BR15,1,0,17,0,0,0,0,0,0,0,0,17,0,0,0,0,0,0,0,17,false,false,false,false,false,false,false,false,false
20261007T065038113880Z-codex.both.BR15.r1-a1,both,breadth,BR15,1,0,18,0,0,0,0,0,0,0,0,18,0,0,0,0,0,0,0,18,false,false,false,false,false,false,false,false,false
20261007T065052429108Z-codex.web.BR11.r2-a1,web,breadth,BR11,2,97,20,54,15,5,1,13,4,3,2,8,2,0,0,1,0,0,9,0,true,false,true,false,true,true,false,true,true
20261007T065150952756Z-codex.archivist.BR11.r2-a1,archivist,breadth,BR11,2,0,9,0,0,0,0,0,0,0,0,9,0,0,0,0,0,0,0,9,false,false,false,false,false,false,false,false,false
20261007T065156097283Z-codex.both.BR11.r2-a1,both,breadth,BR11,2,86,16,25,16,10,1,22,3,8,1,8,1,0,0,0,1,0,6,0,true,false,true,true,false,true,true,false,true
20261007T065236486569Z-codex.web.BR12.r2-a1,web,breadth,BR12,2,44,6,36,4,0,0,3,1,0,0,6,0,0,0,0,0,0,0,0,false,false,false,true,false,true,true,false,true
20261007T065243858683Z-codex.archivist.BR12.r2-a1,archivist,breadth,BR12,2,0,9,0,0,0,0,0,0,0,0,9,0,0,0,0,0,0,0,9,false,false,false,false,false,false,false,false,false
20261007T065325621523Z-codex.both.BR12.r2-a1,both,breadth,BR12,2,58,9,39,7,2,0,4,1,5,0,9,0,0,0,0,0,0,0,0,true,false,true,true,false,true,true,false,true
20261007T065339332295Z-codex.web.BR13.r2-a1,web,breadth,BR13,2,76,9,37,13,10,0,14,0,2,0,6,0,0,0,0,0,0,3,0,true,false,true,true,false,true,true,false,true
20261007T065413003741Z-codex.archivist.BR13.r2-a1,archivist,breadth,BR13,2,0,9,0,0,0,0,0,0,0,0,9,0,0,0,0,0,0,0,9,false,false,false,false,false,false,false,false,false
20261007T065423146952Z-codex.both.BR13.r2-a1,both,breadth,BR13,2,0,9,0,0,0,0,0,0,0,0,9,0,0,0,0,0,0,0,9,false,false,false,false,false,false,false,false,false
20261007T065503909438Z-codex.web.BR14.r2-a1,web,breadth,BR14,2,53,5,35,6,2,0,5,1,4,0,4,1,0,0,0,0,0,0,0,true,false,true,true,false,true,true,false,true
20261007T065519720978Z-codex.archivist.BR14.r2-a1,archivist,breadth,BR14,2,0,8,0,0,0,0,0,0,0,0,8,0,0,0,0,0,0,0,8,false,false,false,false,false,false,false,false,false
20261007T065548374503Z-codex.both.BR14.r2-a1,both,breadth,BR14,2,41,7,23,6,2,0,5,1,4,0,7,0,0,0,0,0,0,0,7,true,false,true,true,false,true,true,false,true
20261007T065603675477Z-codex.web.BR15.r2-a1,web,breadth,BR15,2,149,13,25,53,19,0,36,6,10,0,7,3,0,0,0,0,0,3,0,true,false,true,true,false,true,true,false,true
20261007T065658922208Z-codex.archivist.BR15.r2-a1,archivist,breadth,BR15,2,0,18,0,0,0,0,0,0,0,0,18,0,0,0,0,0,0,0,18,false,false,false,false,false,false,false,false,false
20261007T065720581291Z-codex.both.BR15.r2-a1,both,breadth,BR15,2,0,18,0,0,0,0,0,0,0,0,18,0,0,0,0,0,0,0,18,false,false,false,false,false,false,false,false,false
20261007T065759407448Z-codex.web.BR11.r3-a1,web,breadth,BR11,3,126,13,27,25,34,0,25,6,7,2,6,2,0,0,0,1,0,4,0,true,false,true,true,false,true,true,false,true
20261007T065834825314Z-codex.archivist.BR11.r3-a1,archivist,breadth,BR11,3,0,9,0,0,0,0,0,0,0,0,9,0,0,0,0,0,0,0,9,false,false,false,false,false,false,false,false,false
20261007T065850594454Z-codex.both.BR11.r3-a1,both,breadth,BR11,3,0,9,0,0,0,0,0,0,0,0,9,0,0,0,0,0,0,0,9,false,false,false,false,false,false,false,false,false
20261007T065922645782Z-codex.web.BR12.r3-a1,web,breadth,BR12,3,72,7,38,8,14,0,3,2,7,0,7,0,0,0,0,0,0,0,0,true,false,true,true,false,true,true,false,true
20261007T065935268691Z-codex.archivist.BR12.r3-a1,archivist,breadth,BR12,3,0,9,0,0,0,0,0,0,0,0,9,0,0,0,0,0,0,0,9,false,false,false,false,false,false,false,false,false
20261007T070005005608Z-codex.both.BR12.r3-a1,both,breadth,BR12,3,44,4,28,10,2,0,3,0,1,0,4,0,0,0,0,0,0,0,0,true,false,true,true,false,true,true,false,true
20261007T070025323222Z-codex.web.BR13.r3-a1,web,breadth,BR13,3,95,14,47,8,13,0,27,0,0,0,6,1,0,0,0,0,0,7,0,true,false,true,true,false,true,true,false,true
20261007T070055292696Z-codex.archivist.BR13.r3-a1,archivist,breadth,BR13,3,0,15,0,0,0,0,0,0,0,0,15,0,0,0,0,0,0,0,15,false,false,false,false,false,false,false,false,false
20261007T070128206842Z-codex.both.BR13.r3-a1,both,breadth,BR13,3,73,14,28,11,17,0,14,0,3,0,11,0,0,0,0,0,0,3,9,true,false,true,true,false,true,true,false,true
20261007T070251612499Z-codex.web.BR14.r3-a1,web,breadth,BR14,3,41,11,19,10,4,0,6,0,2,0,9,2,0,0,0,0,0,0,0,true,false,true,true,false,true,true,false,true
20261007T070303705249Z-codex.archivist.BR14.r3-a1,archivist,breadth,BR14,3,0,8,0,0,0,0,0,0,0,0,8,0,0,0,0,0,0,0,8,false,false,false,false,false,false,false,false,false
20261007T070332656343Z-codex.both.BR14.r3-a1,both,breadth,BR14,3,61,7,22,15,3,1,13,1,6,0,6,1,0,0,0,0,0,0,0,true,false,true,true,false,true,true,false,true
20261007T070351530431Z-codex.web.BR15.r3-a1,web,breadth,BR15,3,123,13,21,39,24,0,20,6,13,0,6,2,0,0,0,0,0,5,0,true,false,true,true,false,true,true,false,true
20261007T070413460959Z-codex.archivist.BR15.r3-a1,archivist,breadth,BR15,3,0,19,0,0,0,0,0,0,0,0,19,0,0,0,0,0,0,0,19,false,false,false,false,false,false,false,false,false
20261007T070457306710Z-codex.both.BR15.r3-a1,both,breadth,BR15,3,33,16,9,8,12,0,0,0,4,0,16,0,0,0,0,0,0,0,16,true,false,true,false,false,false,true,false,true
20261007T070604165476Z-codex.web.RC01.r1-a1,web,reach,RC01,1,97,4,55,6,13,1,17,4,1,0,4,0,0,0,0,0,0,0,0,true,false,true,true,false,true,true,false,true
20261007T070604165883Z-codex.archivist.RC01.r1-a1,archivist,reach,RC01,1,0,24,0,0,0,0,0,0,0,0,24,0,0,0,0,0,0,0,24,false,false,false,false,false,false,false,false,false
20261007T070721168131Z-codex.both.RC01.r1-a1,both,reach,RC01,1,30,24,4,11,12,0,1,0,2,0,24,0,0,0,0,0,0,0,24,true,false,true,true,false,true,true,false,true
20261007T070750309181Z-codex.web.RC02.r1-a1,web,reach,RC02,1,74,18,39,9,15,0,10,0,1,0,18,0,0,0,0,0,0,0,0,true,false,true,true,false,true,true,false,true
20261007T070855986209Z-codex.archivist.RC02.r1-a1,archivist,reach,RC02,1,0,24,0,0,0,0,0,0,0,0,24,0,0,0,0,0,0,0,24,false,false,false,false,false,false,false,false,false
20261007T070905487644Z-codex.both.RC02.r1-a1,both,reach,RC02,1,0,24,0,0,0,0,0,0,0,0,24,0,0,0,0,0,0,0,24,false,false,false,false,false,false,false,false,false
20261007T071023041321Z-codex.web.RC03.r1-a1,web,reach,RC03,1,158,13,40,50,7,2,55,2,1,1,9,3,0,0,0,0,0,1,0,true,false,true,true,false,true,true,false,true
20261007T071124876456Z-codex.archivist.RC03.r1-a1,archivist,reach,RC03,1,0,24,0,0,0,0,0,0,0,0,24,0,0,0,0,0,0,0,24,false,false,false,false,false,false,false,false,false
20261007T071155544285Z-codex.both.RC03.r1-a1,both,reach,RC03,1,25,24,0,16,8,0,0,0,1,0,24,0,0,0,0,0,0,0,24,true,false,true,false,false,false,true,false,true
20261007T071302825789Z-codex.web.RC04.r1-a1,web,reach,RC04,1,146,18,49,48,9,1,30,4,4,1,7,9,0,0,0,0,0,2,0,true,false,true,true,false,true,true,false,true
20261007T071335451065Z-codex.archivist.RC04.r1-a1,archivist,reach,RC04,1,0,24,0,0,0,0,0,0,0,0,24,0,0,0,0,0,0,0,24,false,false,false,false,false,false,false,false,false
20261007T071427185011Z-codex.both.RC04.r1-a1,both,reach,RC04,1,24,24,4,13,5,0,0,1,1,0,24,0,0,0,0,0,0,0,24,true,false,true,false,false,false,true,false,true
20261007T071531519520Z-codex.web.RC05.r1-a1,web,reach,RC05,1,125,7,35,33,25,0,29,1,1,1,7,0,0,0,0,0,0,0,0,true,false,true,true,false,true,true,false,true
20261007T071604126714Z-codex.archivist.RC05.r1-a1,archivist,reach,RC05,1,0,24,0,0,0,0,0,0,0,0,24,0,0,0,0,0,0,0,24,false,false,false,false,false,false,false,false,false
20261007T071645237138Z-codex.both.RC05.r1-a1,both,reach,RC05,1,19,24,4,9,0,0,5,1,0,0,24,0,0,0,0,0,0,0,24,false,false,false,true,false,true,true,false,true
20261007T071732335530Z-codex.web.RC01.r2-a1,web,reach,RC01,2,114,20,48,15,23,5,13,2,4,4,20,0,0,0,0,0,0,0,0,true,false,true,true,false,true,true,false,true
20261007T071822581086Z-codex.archivist.RC01.r2-a1,archivist,reach,RC01,2,0,24,0,0,0,0,0,0,0,0,24,0,0,0,0,0,0,0,24,false,false,false,false,false,false,false,false,false
20261007T071858163651Z-codex.both.RC01.r2-a1,both,reach,RC01,2,0,24,0,0,0,0,0,0,0,0,24,0,0,0,0,0,0,0,24,false,false,false,false,false,false,false,false,false
20261007T072037956114Z-codex.web.RC02.r2-a1,web,reach,RC02,2,90,23,49,13,13,0,10,0,5,0,23,0,0,0,0,0,0,0,0,true,false,true,true,false,true,true,false,true
20261007T072109746673Z-codex.archivist.RC02.r2-a1,archivist,reach,RC02,2,0,24,0,0,0,0,0,0,0,0,24,0,0,0,0,0,0,0,24,false,false,false,false,false,false,false,false,false
20261007T072200725445Z-codex.both.RC02.r2-a1,both,reach,RC02,2,0,24,0,0,0,0,0,0,0,0,24,0,0,0,0,0,0,0,24,false,false,false,false,false,false,false,false,false
20261007T072259323078Z-codex.web.RC03.r2-a1,web,reach,RC03,2,125,13,39,41,14,1,29,0,1,0,9,3,0,0,0,0,0,1,0,true,false,true,true,false,true,true,false,true
20261007T072330127670Z-codex.archivist.RC03.r2-a1,archivist,reach,RC03,2,0,24,0,0,0,0,0,0,0,0,24,0,0,0,0,0,0,0,24,false,false,false,false,false,false,false,false,false
20261007T072428339192Z-codex.both.RC03.r2-a1,both,reach,RC03,2,0,24,0,0,0,0,0,0,0,0,24,0,0,0,0,0,0,0,24,false,false,false,false,false,false,false,false,false
20261007T072525873538Z-codex.web.RC04.r2-a1,web,reach,RC04,2,150,28,63,44,9,2,29,2,1,0,12,8,0,0,0,0,0,8,0,true,false,true,true,false,true,true,false,true
20261007T072559851998Z-codex.archivist.RC04.r2-a1,archivist,reach,RC04,2,0,24,0,0,0,0,0,0,0,0,24,0,0,0,0,0,0,0,24,false,false,false,false,false,false,false,false,false
20261007T072716647781Z-codex.both.RC04.r2-a1,both,reach,RC04,2,35,24,1,17,11,0,0,3,3,0,24,0,0,0,0,0,0,0,24,true,false,true,false,false,false,true,false,true
20261007T072735960173Z-codex.web.RC05.r2-a1,web,reach,RC05,2,199,18,55,31,20,3,75,5,7,3,16,0,0,0,2,0,0,0,0,true,false,true,false,true,true,false,true,true
20261007T072846354983Z-codex.archivist.RC05.r2-a1,archivist,reach,RC05,2,0,24,0,0,0,0,0,0,0,0,24,0,0,0,0,0,0,0,24,false,false,false,false,false,false,false,false,false
20261007T072921956144Z-codex.both.RC05.r2-a1,both,reach,RC05,2,0,45,0,0,0,0,0,0,0,0,45,0,0,0,0,0,0,0,45,false,false,false,false,false,false,false,false,false
20261007T073031493772Z-codex.web.RC01.r3-a1,web,reach,RC01,3,181,24,55,32,34,3,43,5,8,1,24,0,0,0,0,0,0,0,0,true,false,true,true,false,true,true,false,true
20261007T073116169225Z-codex.archivist.RC01.r3-a1,archivist,reach,RC01,3,0,24,0,0,0,0,0,0,0,0,24,0,0,0,0,0,0,0,24,false,false,false,false,false,false,false,false,false
20261007T073201588570Z-codex.both.RC01.r3-a1,both,reach,RC01,3,0,44,0,0,0,0,0,0,0,0,44,0,0,0,0,0,0,0,44,false,false,false,false,false,false,false,false,false
20261007T073345888918Z-codex.web.RC02.r3-a1,web,reach,RC02,3,283,24,105,48,25,3,94,4,4,0,24,0,0,0,0,0,0,0,0,true,false,true,true,false,true,true,false,true
20261007T073355749169Z-codex.archivist.RC02.r3-a1,archivist,reach,RC02,3,0,24,0,0,0,0,0,0,0,0,24,0,0,0,0,0,0,0,24,false,false,false,false,false,false,false,false,false
20261007T073520668605Z-codex.both.RC02.r3-a1,both,reach,RC02,3,33,24,4,5,11,0,9,1,3,0,24,0,0,0,0,0,0,0,24,true,false,true,true,false,true,true,false,true
20261007T073527037334Z-codex.web.RC03.r3-a1,web,reach,RC03,3,132,12,42,41,16,3,29,0,1,0,11,1,0,0,0,0,0,0,0,true,false,true,true,false,true,true,false,true
20261007T073647718519Z-codex.archivist.RC03.r3-a1,archivist,reach,RC03,3,0,24,0,0,0,0,0,0,0,0,24,0,0,0,0,0,0,0,24,false,false,false,false,false,false,false,false,false
20261007T073739264132Z-codex.both.RC03.r3-a1,both,reach,RC03,3,0,24,0,0,0,0,0,0,0,0,24,0,0,0,0,0,0,0,24,false,false,false,false,false,false,false,false,false
20261007T073819813702Z-codex.web.RC04.r3-a1,web,reach,RC04,3,121,25,44,42,4,0,27,3,1,0,12,7,0,0,0,0,0,6,0,true,false,true,true,false,true,true,false,true
20261007T073956342874Z-codex.archivist.RC04.r3-a1,archivist,reach,RC04,3,0,24,0,0,0,0,0,0,0,0,24,0,0,0,0,0,0,0,24,false,false,false,false,false,false,false,false,false
20261007T074036325500Z-codex.both.RC04.r3-a1,both,reach,RC04,3,0,25,0,0,0,0,0,0,0,0,25,0,0,0,0,0,0,0,25,false,false,false,false,false,false,false,false,false
20261007T074158767769Z-codex.web.RC05.r3-a1,web,reach,RC05,3,201,23,49,31,23,8,59,7,13,11,19,1,0,0,0,0,0,3,0,true,false,true,true,false,true,true,false,true
20261007T074252057322Z-codex.archivist.RC05.r3-a1,archivist,reach,RC05,3,0,24,0,0,0,0,0,0,0,0,24,0,0,0,0,0,0,0,24,false,false,false,false,false,false,false,false,false
20261007T074429025187Z-codex.both.RC05.r3-a1,both,reach,RC05,3,0,24,0,0,0,0,0,0,0,0,24,0,0,0,0,0,0,0,24,false,false,false,false,false,false,false,false,false
20261007T074602596333Z-codex.web.RC06.r1-a1,web,reach,RC06,1,163,26,42,49,27,3,41,1,0,0,18,6,0,0,0,0,0,2,0,true,false,true,true,false,true,true,false,true
20261007T074602596917Z-codex.archivist.RC06.r1-a1,archivist,reach,RC06,1,0,21,0,0,0,0,0,0,0,0,21,0,0,0,0,0,0,0,21,false,false,false,false,false,false,false,false,false
20261007T074731925098Z-codex.both.RC06.r1-a1,both,reach,RC06,1,0,21,0,0,0,0,0,0,0,0,21,0,0,0,0,0,0,0,21,false,false,false,false,false,false,false,false,false
20261007T074748480513Z-codex.web.RC07.r1-a1,web,reach,RC07,1,118,25,53,23,12,0,15,2,11,2,24,0,0,0,0,0,0,1,0,true,false,true,true,false,true,true,false,true
20261007T074854052730Z-codex.archivist.RC07.r1-a1,archivist,reach,RC07,1,0,44,0,0,0,0,0,0,0,0,44,0,0,0,0,0,0,0,44,false,false,false,false,false,false,false,false,false
20261007T074916360857Z-codex.both.RC07.r1-a1,both,reach,RC07,1,0,24,0,0,0,0,0,0,0,0,24,0,0,0,0,0,0,0,24,false,false,false,false,false,false,false,false,false
20261007T075044252473Z-codex.web.RC08.r1-a1,web,reach,RC08,1,133,14,43,46,8,0,33,0,2,1,9,4,0,0,1,0,0,0,0,true,false,true,false,true,true,false,true,true
20261007T075147896075Z-codex.archivist.RC08.r1-a1,archivist,reach,RC08,1,0,24,0,0,0,0,0,0,0,0,24,0,0,0,0,0,0,0,24,false,false,false,false,false,false,false,false,false
20261007T075219410546Z-codex.both.RC08.r1-a1,both,reach,RC08,1,28,24,8,7,11,0,0,0,2,0,24,0,0,0,0,0,0,0,24,true,false,true,false,false,false,true,false,true
20261007T075359058160Z-codex.web.RC09.r1-a1,web,reach,RC09,1,58,37,22,11,11,0,9,1,0,4,13,10,0,0,1,0,0,13,0,true,false,true,false,true,true,false,true,true
20261007T075403847173Z-codex.archivist.RC09.r1-a1,archivist,reach,RC09,1,0,22,0,0,0,0,0,0,0,0,22,0,0,0,0,0,0,0,22,false,false,false,false,false,false,false,false,false
20261007T075541004244Z-codex.both.RC09.r1-a1,both,reach,RC09,1,0,22,0,0,0,0,0,0,0,0,22,0,0,0,0,0,0,0,22,false,false,false,false,false,false,false,false,false
20261007T075617190879Z-codex.web.RC10.r1-a1,web,reach,RC10,1,151,37,48,60,22,0,18,1,1,1,3,10,0,0,0,0,0,24,0,true,false,true,true,false,true,true,false,true
20261007T075748027651Z-codex.archivist.RC10.r1-a1,archivist,reach,RC10,1,0,48,0,0,0,0,0,0,0,0,48,0,0,0,0,0,0,0,48,false,false,false,false,false,false,false,false,false
20261007T075800303095Z-codex.both.RC10.r1-a1,both,reach,RC10,1,23,67,2,14,4,0,0,0,3,0,67,0,0,0,0,0,0,0,67,true,false,true,false,false,false,true,false,true
20261007T075934210925Z-codex.web.RC06.r2-a1,web,reach,RC06,2,147,24,35,45,36,0,28,0,3,0,14,7,0,0,2,0,0,1,0,true,false,true,false,true,true,false,true,true
20261007T075948238711Z-codex.archivist.RC06.r2-a1,archivist,reach,RC06,2,0,21,0,0,0,0,0,0,0,0,21,0,0,0,0,0,0,0,21,false,false,false,false,false,false,false,false,false
20261007T080105632936Z-codex.both.RC06.r2-a1,both,reach,RC06,2,0,22,0,0,0,0,0,0,0,0,22,0,0,0,0,0,0,0,22,false,false,false,false,false,false,false,false,false
20261007T080145238348Z-codex.web.RC07.r2-a1,web,reach,RC07,2,153,18,35,42,16,3,38,2,15,2,10,7,0,0,0,0,0,1,0,true,false,true,true,false,true,true,false,true
20261007T080314300872Z-codex.archivist.RC07.r2-a1,archivist,reach,RC07,2,0,24,0,0,0,0,0,0,0,0,24,0,0,0,0,0,0,0,24,false,false,false,false,false,false,false,false,false
20261007T080324411810Z-codex.both.RC07.r2-a1,both,reach,RC07,2,0,35,0,0,0,0,0,0,0,0,35,0,0,0,0,0,0,0,35,false,false,false,false,false,false,false,false,false
20261007T080458617949Z-codex.web.RC08.r2-a1,web,reach,RC08,2,196,15,49,48,39,8,40,2,5,5,15,0,0,0,0,0,0,0,0,true,false,true,true,false,true,true,false,true
20261007T080543687771Z-codex.archivist.RC08.r2-a1,archivist,reach,RC08,2,0,43,0,0,0,0,0,0,0,0,43,0,0,0,0,0,0,0,43,false,false,false,false,false,false,false,false,false
20261007T080702673239Z-codex.both.RC08.r2-a1,both,reach,RC08,2,0,24,0,0,0,0,0,0,0,0,24,0,0,0,0,0,0,0,24,false,false,false,false,false,false,false,false,false
20261007T080726612948Z-codex.web.RC09.r2-a1,web,reach,RC09,2,145,36,44,6,42,2,23,5,14,9,14,10,0,0,0,0,0,12,0,true,false,true,true,false,true,true,false,true
20261007T080842695865Z-codex.archivist.RC09.r2-a1,archivist,reach,RC09,2,0,22,0,0,0,0,0,0,0,0,22,0,0,0,0,0,0,0,22,false,false,false,false,false,false,false,false,false
20261007T080909746857Z-codex.both.RC09.r2-a1,both,reach,RC09,2,0,42,0,0,0,0,0,0,0,0,42,0,0,0,0,0,0,0,42,false,false,false,false,false,false,false,false,false
20261007T081031750594Z-codex.web.RC10.r2-a1,web,reach,RC10,2,166,20,44,48,22,3,32,3,12,2,7,3,0,0,0,0,0,10,0,true,false,true,true,false,true,true,false,true
20261007T081117178773Z-codex.archivist.RC10.r2-a1,archivist,reach,RC10,2,0,63,0,0,0,0,0,0,0,0,63,0,0,0,0,0,0,0,63,false,false,false,false,false,false,false,false,false
20261007T081228304112Z-codex.both.RC10.r2-a1,both,reach,RC10,2,19,67,2,13,3,0,0,0,1,0,67,0,0,0,0,0,0,0,67,true,false,true,false,false,false,true,false,true
20261007T081300526278Z-codex.web.RC06.r3-a1,web,reach,RC06,3,152,22,56,37,25,1,29,1,2,1,20,1,0,0,0,0,0,1,0,true,false,true,true,false,true,true,false,true
20261007T081438124551Z-codex.archivist.RC06.r3-a1,archivist,reach,RC06,3,0,21,0,0,0,0,0,0,0,0,21,0,0,0,0,0,0,0,21,false,false,false,false,false,false,false,false,false
20261007T081449704940Z-codex.both.RC06.r3-a1,both,reach,RC06,3,0,21,0,0,0,0,0,0,0,0,21,0,0,0,0,0,0,0,21,false,false,false,false,false,false,false,false,false
20261007T081558990949Z-codex.web.RC07.r3-a1,web,reach,RC07,3,34,26,7,9,11,0,1,0,6,0,0,26,0,0,0,0,0,0,0,true,false,true,true,false,true,true,false,true
20261007T081607509010Z-codex.archivist.RC07.r3-a1,archivist,reach,RC07,3,0,25,0,0,0,0,0,0,0,0,25,0,0,0,0,0,0,0,25,false,false,false,false,false,false,false,false,false
20261007T081709003506Z-codex.both.RC07.r3-a1,both,reach,RC07,3,0,44,0,0,0,0,0,0,0,0,44,0,0,0,0,0,0,0,44,false,false,false,false,false,false,false,false,false
20261007T081807404545Z-codex.web.RC08.r3-a1,web,reach,RC08,3,174,24,39,46,34,6,40,2,5,2,19,4,0,0,0,0,0,1,0,true,false,true,true,false,true,true,false,true
20261007T081849975598Z-codex.archivist.RC08.r3-a1,archivist,reach,RC08,3,0,25,0,0,0,0,0,0,0,0,25,0,0,0,0,0,0,0,25,false,false,false,false,false,false,false,false,false
20261007T081959428055Z-codex.both.RC08.r3-a1,both,reach,RC08,3,0,24,0,0,0,0,0,0,0,0,24,0,0,0,0,0,0,0,24,false,false,false,false,false,false,false,false,false
20261007T082025480900Z-codex.web.RC09.r3-a1,web,reach,RC09,3,112,46,23,12,40,2,14,6,9,6,14,10,0,0,0,0,0,22,0,true,false,true,true,false,true,true,false,true
20261007T082139011327Z-codex.archivist.RC09.r3-a1,archivist,reach,RC09,3,0,22,0,0,0,0,0,0,0,0,22,0,0,0,0,0,0,0,22,false,false,false,false,false,false,false,false,false
20261007T082201540034Z-codex.both.RC09.r3-a1,both,reach,RC09,3,0,31,0,0,0,0,0,0,0,0,31,0,0,0,0,0,0,0,31,false,false,false,false,false,false,false,false,false
20261007T082331250940Z-codex.web.RC10.r3-a1,web,reach,RC10,3,138,21,26,54,19,2,18,2,13,4,5,5,0,0,0,0,0,11,0,true,false,true,true,false,true,true,false,true
20261007T082351356573Z-codex.archivist.RC10.r3-a1,archivist,reach,RC10,3,0,45,0,0,0,0,0,0,0,0,45,0,0,0,0,0,0,0,45,false,false,false,false,false,false,false,false,false
20261007T082531688526Z-codex.both.RC10.r3-a1,both,reach,RC10,3,23,63,0,17,3,0,0,0,3,0,62,1,0,0,0,0,0,0,62,true,false,true,false,false,false,true,false,true
20261007T140713808356Z-codex.web.RC11.r1-a1,web,reach,RC11,1,113,35,19,33,11,11,32,4,1,2,6,17,0,0,0,0,0,12,0,true,false,true,true,false,true,true,false,true
20261007T140713808721Z-codex.archivist.RC11.r1-a1,archivist,reach,RC11,1,0,71,0,0,0,0,0,0,0,0,71,0,0,0,0,0,0,0,71,false,false,false,false,false,false,false,false,false
20261007T140917270031Z-codex.both.RC11.r1-a1,both,reach,RC11,1,24,65,0,17,2,0,0,0,5,0,65,0,0,0,0,0,0,0,65,true,false,true,false,false,false,true,false,true
20261007T140934770468Z-codex.web.RC11.r2-a1,web,reach,RC11,2,125,43,18,38,25,3,27,10,3,1,10,21,0,0,1,0,0,11,0,true,false,true,false,true,true,false,true,true
20261007T141059395904Z-codex.archivist.RC11.r2-a1,archivist,reach,RC11,2,0,55,0,0,0,0,0,0,0,0,55,0,0,0,0,0,0,0,55,false,false,false,false,false,false,false,false,false
20261007T141155784870Z-codex.both.RC11.r2-a1,both,reach,RC11,2,0,55,0,0,0,0,0,0,0,0,55,0,0,0,0,0,0,0,55,false,false,false,false,false,false,false,false,false
20261007T141259366162Z-codex.web.RC11.r3-a1,web,reach,RC11,3,137,31,21,49,18,2,31,4,9,3,9,15,0,0,1,0,0,6,0,true,false,true,false,true,true,false,true,true
20261007T141405043363Z-codex.archivist.RC11.r3-a1,archivist,reach,RC11,3,0,55,0,0,0,0,0,0,0,0,55,0,0,0,0,0,0,0,55,false,false,false,false,false,false,false,false,false
20261007T141534742198Z-codex.both.RC11.r3-a1,both,reach,RC11,3,0,75,0,0,0,0,0,0,0,0,75,0,0,0,0,0,0,0,75,false,false,false,false,false,false,false,false,false
20261007T141730784425Z-codex.web.RC12.r1-a1,web,reach,RC12,1,31,28,18,0,0,0,13,0,0,0,26,0,0,0,1,0,0,1,0,false,false,false,false,true,true,false,true,true
20261007T141730784750Z-codex.archivist.RC12.r1-a1,archivist,reach,RC12,1,0,47,0,0,0,0,0,0,0,0,47,0,0,0,0,0,0,0,47,false,false,false,false,false,false,false,false,false
20261007T141842097408Z-codex.both.RC12.r1-a1,both,reach,RC12,1,18,26,5,1,0,0,12,0,0,0,26,0,0,0,0,0,0,0,26,false,false,false,true,false,true,true,false,true
20261007T141948486442Z-codex.web.RC12.r2-a1,web,reach,RC12,2,55,32,21,0,0,3,23,7,1,0,27,0,0,0,1,0,0,4,0,false,false,false,false,true,true,false,true,true
20261007T142059058434Z-codex.archivist.RC12.r2-a1,archivist,reach,RC12,2,0,47,0,0,0,0,0,0,0,0,47,0,0,0,0,0,0,0,47,false,false,false,false,false,false,false,false,false
20261007T142138841564Z-codex.both.RC12.r2-a1,both,reach,RC12,2,15,47,4,0,0,0,11,0,0,0,47,0,0,0,0,0,0,0,47,false,false,false,true,false,true,true,false,true
20261007T142250428094Z-codex.web.RC12.r3-a1,web,reach,RC12,3,45,33,19,0,4,2,17,3,0,0,29,0,0,0,1,0,0,3,0,true,false,true,false,true,true,false,true,true
20261007T142347407445Z-codex.archivist.RC12.r3-a1,archivist,reach,RC12,3,0,47,0,0,0,0,0,0,0,0,47,0,0,0,0,0,0,0,47,false,false,false,false,false,false,false,false,false
20261007T142430021473Z-codex.both.RC12.r3-a1,both,reach,RC12,3,18,27,5,1,0,0,12,0,0,0,27,0,0,0,0,0,0,0,27,false,false,false,true,false,true,true,false,true
20261007T142623688928Z-codex.web.RC13.r1-a1,web,reach,RC13,1,81,63,45,0,2,4,20,10,0,0,8,0,0,0,27,0,0,28,0,true,false,true,false,true,true,false,true,true
20261007T142623689481Z-codex.archivist.RC13.r1-a1,archivist,reach,RC13,1,0,46,0,0,0,0,0,0,0,0,46,0,0,0,0,0,0,0,46,false,false,false,false,false,false,false,false,false
20261007T142812862996Z-codex.both.RC13.r1-a1,both,reach,RC13,1,34,33,18,0,0,0,15,1,0,0,28,0,0,0,2,0,0,3,26,false,false,false,false,true,true,false,true,true
20261007T142853583014Z-codex.web.RC13.r2-a1,web,reach,RC13,2,36,26,11,2,0,1,13,9,0,0,23,0,0,0,2,0,0,1,0,false,false,false,false,true,true,false,true,true
20261007T143025114096Z-codex.archivist.RC13.r2-a1,archivist,reach,RC13,2,0,44,0,0,0,0,0,0,0,0,44,0,0,0,0,0,0,0,44,false,false,false,false,false,false,false,false,false
20261007T143055298252Z-codex.both.RC13.r2-a1,both,reach,RC13,2,0,25,0,0,0,0,0,0,0,0,25,0,0,0,0,0,0,0,25,false,false,false,false,false,false,false,false,false
20261007T143211271241Z-codex.web.RC13.r3-a1,web,reach,RC13,3,52,26,11,2,0,1,26,12,0,0,23,0,0,0,2,0,0,1,0,false,false,false,false,true,true,false,true,true
20261007T143252401385Z-codex.archivist.RC13.r3-a1,archivist,reach,RC13,3,0,46,0,0,0,0,0,0,0,0,46,0,0,0,0,0,0,0,46,false,false,false,false,false,false,false,false,false
20261007T143346400208Z-codex.both.RC13.r3-a1,both,reach,RC13,3,19,34,2,0,0,1,15,0,0,1,33,0,0,0,1,0,0,0,29,false,false,false,false,true,true,false,true,true
20261007T143546085104Z-codex.web.RC14.r1-a1,web,reach,RC14,1,171,15,39,63,32,6,24,4,2,1,8,7,0,0,0,0,0,0,0,true,false,true,true,false,true,true,false,true
20261007T143546085601Z-codex.archivist.RC14.r1-a1,archivist,reach,RC14,1,0,30,0,0,0,0,0,0,0,0,30,0,0,0,0,0,0,0,30,false,false,false,false,false,false,false,false,false
20261007T143722503130Z-codex.both.RC14.r1-a1,both,reach,RC14,1,0,30,0,0,0,0,0,0,0,0,30,0,0,0,0,0,0,0,30,false,false,false,false,false,false,false,false,false
20261007T143754570077Z-codex.web.RC14.r2-a1,web,reach,RC14,2,152,13,29,53,26,8,28,6,2,0,10,3,0,0,0,0,0,0,0,true,false,true,true,false,true,true,false,true
20261007T143914951477Z-codex.archivist.RC14.r2-a1,archivist,reach,RC14,2,0,30,0,0,0,0,0,0,0,0,30,0,0,0,0,0,0,0,30,false,false,false,false,false,false,false,false,false
20261007T144033371623Z-codex.both.RC14.r2-a1,both,reach,RC14,2,0,51,0,0,0,0,0,0,0,0,51,0,0,0,0,0,0,0,51,false,false,false,false,false,false,false,false,false
20261007T144052772228Z-codex.web.RC14.r3-a1,web,reach,RC14,3,163,8,42,50,23,6,31,2,8,1,5,3,0,0,0,0,0,0,0,true,false,true,true,false,true,true,false,true
20261007T144210677818Z-codex.archivist.RC14.r3-a1,archivist,reach,RC14,3,0,30,0,0,0,0,0,0,0,0,30,0,0,0,0,0,0,0,30,false,false,false,false,false,false,false,false,false
20261007T144313550210Z-codex.both.RC14.r3-a1,both,reach,RC14,3,0,51,0,0,0,0,0,0,0,0,51,0,0,0,0,0,0,0,51,false,false,false,false,false,false,false,false,false
20261007T144500975805Z-codex.web.RC15.r1-a1,web,reach,RC15,1,48,31,12,17,9,0,2,6,2,0,0,30,0,0,0,0,0,1,0,true,false,true,true,false,true,true,false,true
20261007T144500976122Z-codex.archivist.RC15.r1-a1,archivist,reach,RC15,1,0,35,0,0,0,0,0,0,0,0,35,0,0,0,0,0,0,0,35,false,false,false,false,false,false,false,false,false
20261007T144634951566Z-codex.both.RC15.r1-a1,both,reach,RC15,1,0,25,0,0,0,0,0,0,0,0,25,0,0,0,0,0,0,0,25,false,false,false,false,false,false,false,false,false
20261007T144700139380Z-codex.web.RC15.r2-a1,web,reach,RC15,2,33,32,0,12,11,0,3,6,1,0,0,32,0,0,0,0,0,0,0,true,false,true,true,false,true,true,false,true
20261007T144825274293Z-codex.archivist.RC15.r2-a1,archivist,reach,RC15,2,0,24,0,0,0,0,0,0,0,0,24,0,0,0,0,0,0,0,24,false,false,false,false,false,false,false,false,false
20261007T144838570760Z-codex.both.RC15.r2-a1,both,reach,RC15,2,27,24,1,10,11,0,4,0,1,0,24,0,0,0,0,0,0,0,24,true,false,true,true,false,true,true,false,true
20261007T145032262292Z-codex.web.RC15.r3-a1,web,reach,RC15,3,191,24,49,36,46,5,35,13,5,2,21,1,0,0,1,0,0,1,0,true,false,true,false,true,true,false,true,true
20261007T145143576140Z-codex.archivist.RC15.r3-a1,archivist,reach,RC15,3,0,25,0,0,0,0,0,0,0,0,25,0,0,0,0,0,0,0,25,false,false,false,false,false,false,false,false,false
20261007T145222479250Z-codex.both.RC15.r3-a1,both,reach,RC15,3,0,24,0,0,0,0,0,0,0,0,24,0,0,0,0,0,0,0,24,false,false,false,false,false,false,false,false,false
