label,rule,arm,stratum,measure,kind,name,estimate,ci_low,ci_high,n_questions,runs,runs_with,sources,total,claims,of
exploratory,,archivist,all_scored,pooled_share,shown,filing,,,,,270,,0,0,,
exploratory,,archivist,all_scored,mean_run_share,shown,filing,,,,,270,,,,,
exploratory,,archivist,all_scored,pooled_share,shown,issuer,,,,,270,,0,0,,
exploratory,,archivist,all_scored,mean_run_share,shown,issuer,,,,,270,,,,,
exploratory,,archivist,all_scored,pooled_share,shown,forum,,,,,270,,0,0,,
exploratory,,archivist,all_scored,mean_run_share,shown,forum,,,,,270,,,,,
exploratory,,archivist,all_scored,pooled_share,shown,promotional,,,,,270,,0,0,,
exploratory,,archivist,all_scored,mean_run_share,shown,promotional,,,,,270,,,,,
exploratory,,archivist,all_scored,pooled_share,shown,aggregator,,,,,270,,0,0,,
exploratory,,archivist,all_scored,mean_run_share,shown,aggregator,,,,,270,,,,,
exploratory,,archivist,all_scored,pooled_share,shown,news,,,,,270,,0,0,,
exploratory,,archivist,all_scored,mean_run_share,shown,news,,,,,270,,,,,
exploratory,,archivist,all_scored,pooled_share,shown,reference,,,,,270,,0,0,,
exploratory,,archivist,all_scored,mean_run_share,shown,reference,,,,,270,,,,,
exploratory,,archivist,all_scored,pooled_share,shown,other,,,,,270,,0,0,,
exploratory,,archivist,all_scored,mean_run_share,shown,other,,,,,270,,,,,
exploratory,,archivist,all_scored,pooled_share,opened_or_archivist,filing,1,1,1,90,270,,2873,2873,,
exploratory,,archivist,all_scored,mean_run_share,opened_or_archivist,filing,1,1,1,90,270,,,,,
exploratory,,archivist,all_scored,pooled_share,opened_or_archivist,issuer,0,0,0,90,270,,0,2873,,
exploratory,,archivist,all_scored,mean_run_share,opened_or_archivist,issuer,0,0,0,90,270,,,,,
exploratory,,archivist,all_scored,pooled_share,opened_or_archivist,forum,0,0,0,90,270,,0,2873,,
exploratory,,archivist,all_scored,mean_run_share,opened_or_archivist,forum,0,0,0,90,270,,,,,
exploratory,,archivist,all_scored,pooled_share,opened_or_archivist,promotional,0,0,0,90,270,,0,2873,,
exploratory,,archivist,all_scored,mean_run_share,opened_or_archivist,promotional,0,0,0,90,270,,,,,
exploratory,,archivist,all_scored,pooled_share,opened_or_archivist,aggregator,0,0,0,90,270,,0,2873,,
exploratory,,archivist,all_scored,mean_run_share,opened_or_archivist,aggregator,0,0,0,90,270,,,,,
exploratory,,archivist,all_scored,pooled_share,opened_or_archivist,news,0,0,0,90,270,,0,2873,,
exploratory,,archivist,all_scored,mean_run_share,opened_or_archivist,news,0,0,0,90,270,,,,,
exploratory,,archivist,all_scored,pooled_share,opened_or_archivist,reference,0,0,0,90,270,,0,2873,,
exploratory,,archivist,all_scored,mean_run_share,opened_or_archivist,reference,0,0,0,90,270,,,,,
exploratory,,archivist,all_scored,pooled_share,opened_or_archivist,other,0,0,0,90,270,,0,2873,,
exploratory,,archivist,all_scored,mean_run_share,opened_or_archivist,other,0,0,0,90,270,,,,,
exploratory,,archivist,all_scored,run_share,runs,forum_shown_only,0,0,0,90,270,0,,,,
exploratory,,archivist,all_scored,run_share,runs,forum_opened,0,0,0,90,270,0,,,,
exploratory,,archivist,all_scored,run_share,runs,forum_touched,0,0,0,90,270,0,,,,
exploratory,,archivist,all_scored,run_share,runs,aggregator_shown_only,0,0,0,90,270,0,,,,
exploratory,,archivist,all_scored,run_share,runs,aggregator_opened,0,0,0,90,270,0,,,,
exploratory,,archivist,all_scored,run_share,runs,aggregator_touched,0,0,0,90,270,0,,,,
exploratory,,archivist,all_scored,run_share,runs,forum_or_aggregator_shown_only,0,0,0,90,270,0,,,,
exploratory,,archivist,all_scored,run_share,runs,forum_or_aggregator_opened,0,0,0,90,270,0,,,,
exploratory,,archivist,all_scored,run_share,runs,forum_or_aggregator_touched,0,0,0,90,270,0,,,,
exploratory,,archivist,breadth,pooled_share,shown,filing,,,,,45,,0,0,,
exploratory,,archivist,breadth,mean_run_share,shown,filing,,,,,45,,,,,
exploratory,,archivist,breadth,pooled_share,shown,issuer,,,,,45,,0,0,,
exploratory,,archivist,breadth,mean_run_share,shown,issuer,,,,,45,,,,,
exploratory,,archivist,breadth,pooled_share,shown,forum,,,,,45,,0,0,,
exploratory,,archivist,breadth,mean_run_share,shown,forum,,,,,45,,,,,
exploratory,,archivist,breadth,pooled_share,shown,promotional,,,,,45,,0,0,,
exploratory,,archivist,breadth,mean_run_share,shown,promotional,,,,,45,,,,,
exploratory,,archivist,breadth,pooled_share,shown,aggregator,,,,,45,,0,0,,
exploratory,,archivist,breadth,mean_run_share,shown,aggregator,,,,,45,,,,,
exploratory,,archivist,breadth,pooled_share,shown,news,,,,,45,,0,0,,
exploratory,,archivist,breadth,mean_run_share,shown,news,,,,,45,,,,,
exploratory,,archivist,breadth,pooled_share,shown,reference,,,,,45,,0,0,,
exploratory,,archivist,breadth,mean_run_share,shown,reference,,,,,45,,,,,
exploratory,,archivist,breadth,pooled_share,shown,other,,,,,45,,0,0,,
exploratory,,archivist,breadth,mean_run_share,shown,other,,,,,45,,,,,
exploratory,,archivist,breadth,pooled_share,opened_or_archivist,filing,1,1,1,15,45,,514,514,,
exploratory,,archivist,breadth,mean_run_share,opened_or_archivist,filing,1,1,1,15,45,,,,,
exploratory,,archivist,breadth,pooled_share,opened_or_archivist,issuer,0,0,0,15,45,,0,514,,
exploratory,,archivist,breadth,mean_run_share,opened_or_archivist,issuer,0,0,0,15,45,,,,,
exploratory,,archivist,breadth,pooled_share,opened_or_archivist,forum,0,0,0,15,45,,0,514,,
exploratory,,archivist,breadth,mean_run_share,opened_or_archivist,forum,0,0,0,15,45,,,,,
exploratory,,archivist,breadth,pooled_share,opened_or_archivist,promotional,0,0,0,15,45,,0,514,,
exploratory,,archivist,breadth,mean_run_share,opened_or_archivist,promotional,0,0,0,15,45,,,,,
exploratory,,archivist,breadth,pooled_share,opened_or_archivist,aggregator,0,0,0,15,45,,0,514,,
exploratory,,archivist,breadth,mean_run_share,opened_or_archivist,aggregator,0,0,0,15,45,,,,,
exploratory,,archivist,breadth,pooled_share,opened_or_archivist,news,0,0,0,15,45,,0,514,,
exploratory,,archivist,breadth,mean_run_share,opened_or_archivist,news,0,0,0,15,45,,,,,
exploratory,,archivist,breadth,pooled_share,opened_or_archivist,reference,0,0,0,15,45,,0,514,,
exploratory,,archivist,breadth,mean_run_share,opened_or_archivist,reference,0,0,0,15,45,,,,,
exploratory,,archivist,breadth,pooled_share,opened_or_archivist,other,0,0,0,15,45,,0,514,,
exploratory,,archivist,breadth,mean_run_share,opened_or_archivist,other,0,0,0,15,45,,,,,
exploratory,,archivist,breadth,run_share,runs,forum_shown_only,0,0,0,15,45,0,,,,
exploratory,,archivist,breadth,run_share,runs,forum_opened,0,0,0,15,45,0,,,,
exploratory,,archivist,breadth,run_share,runs,forum_touched,0,0,0,15,45,0,,,,
exploratory,,archivist,breadth,run_share,runs,aggregator_shown_only,0,0,0,15,45,0,,,,
exploratory,,archivist,breadth,run_share,runs,aggregator_opened,0,0,0,15,45,0,,,,
exploratory,,archivist,breadth,run_share,runs,aggregator_touched,0,0,0,15,45,0,,,,
exploratory,,archivist,breadth,run_share,runs,forum_or_aggregator_shown_only,0,0,0,15,45,0,,,,
exploratory,,archivist,breadth,run_share,runs,forum_or_aggregator_opened,0,0,0,15,45,0,,,,
exploratory,,archivist,breadth,run_share,runs,forum_or_aggregator_touched,0,0,0,15,45,0,,,,
exploratory,,archivist,control,pooled_share,shown,filing,,,,,6,,0,0,,
exploratory,,archivist,control,mean_run_share,shown,filing,,,,,6,,,,,
exploratory,,archivist,control,pooled_share,shown,issuer,,,,,6,,0,0,,
exploratory,,archivist,control,mean_run_share,shown,issuer,,,,,6,,,,,
exploratory,,archivist,control,pooled_share,shown,forum,,,,,6,,0,0,,
exploratory,,archivist,control,mean_run_share,shown,forum,,,,,6,,,,,
exploratory,,archivist,control,pooled_share,shown,promotional,,,,,6,,0,0,,
exploratory,,archivist,control,mean_run_share,shown,promotional,,,,,6,,,,,
exploratory,,archivist,control,pooled_share,shown,aggregator,,,,,6,,0,0,,
exploratory,,archivist,control,mean_run_share,shown,aggregator,,,,,6,,,,,
exploratory,,archivist,control,pooled_share,shown,news,,,,,6,,0,0,,
exploratory,,archivist,control,mean_run_share,shown,news,,,,,6,,,,,
exploratory,,archivist,control,pooled_share,shown,reference,,,,,6,,0,0,,
exploratory,,archivist,control,mean_run_share,shown,reference,,,,,6,,,,,
exploratory,,archivist,control,pooled_share,shown,other,,,,,6,,0,0,,
exploratory,,archivist,control,mean_run_share,shown,other,,,,,6,,,,,
exploratory,,archivist,control,pooled_share,opened_or_archivist,filing,1,1,1,2,6,,1,1,,
exploratory,,archivist,control,mean_run_share,opened_or_archivist,filing,1,1,1,1,6,,,,,
exploratory,,archivist,control,pooled_share,opened_or_archivist,issuer,0,0,0,2,6,,0,1,,
exploratory,,archivist,control,mean_run_share,opened_or_archivist,issuer,0,0,0,1,6,,,,,
exploratory,,archivist,control,pooled_share,opened_or_archivist,forum,0,0,0,2,6,,0,1,,
exploratory,,archivist,control,mean_run_share,opened_or_archivist,forum,0,0,0,1,6,,,,,
exploratory,,archivist,control,pooled_share,opened_or_archivist,promotional,0,0,0,2,6,,0,1,,
exploratory,,archivist,control,mean_run_share,opened_or_archivist,promotional,0,0,0,1,6,,,,,
exploratory,,archivist,control,pooled_share,opened_or_archivist,aggregator,0,0,0,2,6,,0,1,,
exploratory,,archivist,control,mean_run_share,opened_or_archivist,aggregator,0,0,0,1,6,,,,,
exploratory,,archivist,control,pooled_share,opened_or_archivist,news,0,0,0,2,6,,0,1,,
exploratory,,archivist,control,mean_run_share,opened_or_archivist,news,0,0,0,1,6,,,,,
exploratory,,archivist,control,pooled_share,opened_or_archivist,reference,0,0,0,2,6,,0,1,,
exploratory,,archivist,control,mean_run_share,opened_or_archivist,reference,0,0,0,1,6,,,,,
exploratory,,archivist,control,pooled_share,opened_or_archivist,other,0,0,0,2,6,,0,1,,
exploratory,,archivist,control,mean_run_share,opened_or_archivist,other,0,0,0,1,6,,,,,
exploratory,,archivist,control,run_share,runs,forum_shown_only,0,0,0,2,6,0,,,,
exploratory,,archivist,control,run_share,runs,forum_opened,0,0,0,2,6,0,,,,
exploratory,,archivist,control,run_share,runs,forum_touched,0,0,0,2,6,0,,,,
exploratory,,archivist,control,run_share,runs,aggregator_shown_only,0,0,0,2,6,0,,,,
exploratory,,archivist,control,run_share,runs,aggregator_opened,0,0,0,2,6,0,,,,
exploratory,,archivist,control,run_share,runs,aggregator_touched,0,0,0,2,6,0,,,,
exploratory,,archivist,control,run_share,runs,forum_or_aggregator_shown_only,0,0,0,2,6,0,,,,
exploratory,,archivist,control,run_share,runs,forum_or_aggregator_opened,0,0,0,2,6,0,,,,
exploratory,,archivist,control,run_share,runs,forum_or_aggregator_touched,0,0,0,2,6,0,,,,
exploratory,,archivist,lookup,pooled_share,shown,filing,,,,,45,,0,0,,
exploratory,,archivist,lookup,mean_run_share,shown,filing,,,,,45,,,,,
exploratory,,archivist,lookup,pooled_share,shown,issuer,,,,,45,,0,0,,
exploratory,,archivist,lookup,mean_run_share,shown,issuer,,,,,45,,,,,
exploratory,,archivist,lookup,pooled_share,shown,forum,,,,,45,,0,0,,
exploratory,,archivist,lookup,mean_run_share,shown,forum,,,,,45,,,,,
exploratory,,archivist,lookup,pooled_share,shown,promotional,,,,,45,,0,0,,
exploratory,,archivist,lookup,mean_run_share,shown,promotional,,,,,45,,,,,
exploratory,,archivist,lookup,pooled_share,shown,aggregator,,,,,45,,0,0,,
exploratory,,archivist,lookup,mean_run_share,shown,aggregator,,,,,45,,,,,
exploratory,,archivist,lookup,pooled_share,shown,news,,,,,45,,0,0,,
exploratory,,archivist,lookup,mean_run_share,shown,news,,,,,45,,,,,
exploratory,,archivist,lookup,pooled_share,shown,reference,,,,,45,,0,0,,
exploratory,,archivist,lookup,mean_run_share,shown,reference,,,,,45,,,,,
exploratory,,archivist,lookup,pooled_share,shown,other,,,,,45,,0,0,,
exploratory,,archivist,lookup,mean_run_share,shown,other,,,,,45,,,,,
exploratory,,archivist,lookup,pooled_share,opened_or_archivist,filing,1,1,1,15,45,,88,88,,
exploratory,,archivist,lookup,mean_run_share,opened_or_archivist,filing,1,1,1,15,45,,,,,
exploratory,,archivist,lookup,pooled_share,opened_or_archivist,issuer,0,0,0,15,45,,0,88,,
exploratory,,archivist,lookup,mean_run_share,opened_or_archivist,issuer,0,0,0,15,45,,,,,
exploratory,,archivist,lookup,pooled_share,opened_or_archivist,forum,0,0,0,15,45,,0,88,,
exploratory,,archivist,lookup,mean_run_share,opened_or_archivist,forum,0,0,0,15,45,,,,,
exploratory,,archivist,lookup,pooled_share,opened_or_archivist,promotional,0,0,0,15,45,,0,88,,
exploratory,,archivist,lookup,mean_run_share,opened_or_archivist,promotional,0,0,0,15,45,,,,,
exploratory,,archivist,lookup,pooled_share,opened_or_archivist,aggregator,0,0,0,15,45,,0,88,,
exploratory,,archivist,lookup,mean_run_share,opened_or_archivist,aggregator,0,0,0,15,45,,,,,
exploratory,,archivist,lookup,pooled_share,opened_or_archivist,news,0,0,0,15,45,,0,88,,
exploratory,,archivist,lookup,mean_run_share,opened_or_archivist,news,0,0,0,15,45,,,,,
exploratory,,archivist,lookup,pooled_share,opened_or_archivist,reference,0,0,0,15,45,,0,88,,
exploratory,,archivist,lookup,mean_run_share,opened_or_archivist,reference,0,0,0,15,45,,,,,
exploratory,,archivist,lookup,pooled_share,opened_or_archivist,other,0,0,0,15,45,,0,88,,
exploratory,,archivist,lookup,mean_run_share,opened_or_archivist,other,0,0,0,15,45,,,,,
exploratory,,archivist,lookup,run_share,runs,forum_shown_only,0,0,0,15,45,0,,,,
exploratory,,archivist,lookup,run_share,runs,forum_opened,0,0,0,15,45,0,,,,
exploratory,,archivist,lookup,run_share,runs,forum_touched,0,0,0,15,45,0,,,,
exploratory,,archivist,lookup,run_share,runs,aggregator_shown_only,0,0,0,15,45,0,,,,
exploratory,,archivist,lookup,run_share,runs,aggregator_opened,0,0,0,15,45,0,,,,
exploratory,,archivist,lookup,run_share,runs,aggregator_touched,0,0,0,15,45,0,,,,
exploratory,,archivist,lookup,run_share,runs,forum_or_aggregator_shown_only,0,0,0,15,45,0,,,,
exploratory,,archivist,lookup,run_share,runs,forum_or_aggregator_opened,0,0,0,15,45,0,,,,
exploratory,,archivist,lookup,run_share,runs,forum_or_aggregator_touched,0,0,0,15,45,0,,,,
exploratory,,archivist,multi_document,pooled_share,shown,filing,,,,,45,,0,0,,
exploratory,,archivist,multi_document,mean_run_share,shown,filing,,,,,45,,,,,
exploratory,,archivist,multi_document,pooled_share,shown,issuer,,,,,45,,0,0,,
exploratory,,archivist,multi_document,mean_run_share,shown,issuer,,,,,45,,,,,
exploratory,,archivist,multi_document,pooled_share,shown,forum,,,,,45,,0,0,,
exploratory,,archivist,multi_document,mean_run_share,shown,forum,,,,,45,,,,,
exploratory,,archivist,multi_document,pooled_share,shown,promotional,,,,,45,,0,0,,
exploratory,,archivist,multi_document,mean_run_share,shown,promotional,,,,,45,,,,,
exploratory,,archivist,multi_document,pooled_share,shown,aggregator,,,,,45,,0,0,,
exploratory,,archivist,multi_document,mean_run_share,shown,aggregator,,,,,45,,,,,
exploratory,,archivist,multi_document,pooled_share,shown,news,,,,,45,,0,0,,
exploratory,,archivist,multi_document,mean_run_share,shown,news,,,,,45,,,,,
exploratory,,archivist,multi_document,pooled_share,shown,reference,,,,,45,,0,0,,
exploratory,,archivist,multi_document,mean_run_share,shown,reference,,,,,45,,,,,
exploratory,,archivist,multi_document,pooled_share,shown,other,,,,,45,,0,0,,
exploratory,,archivist,multi_document,mean_run_share,shown,other,,,,,45,,,,,
exploratory,,archivist,multi_document,pooled_share,opened_or_archivist,filing,1,1,1,15,45,,157,157,,
exploratory,,archivist,multi_document,mean_run_share,opened_or_archivist,filing,1,1,1,15,45,,,,,
exploratory,,archivist,multi_document,pooled_share,opened_or_archivist,issuer,0,0,0,15,45,,0,157,,
exploratory,,archivist,multi_document,mean_run_share,opened_or_archivist,issuer,0,0,0,15,45,,,,,
exploratory,,archivist,multi_document,pooled_share,opened_or_archivist,forum,0,0,0,15,45,,0,157,,
exploratory,,archivist,multi_document,mean_run_share,opened_or_archivist,forum,0,0,0,15,45,,,,,
exploratory,,archivist,multi_document,pooled_share,opened_or_archivist,promotional,0,0,0,15,45,,0,157,,
exploratory,,archivist,multi_document,mean_run_share,opened_or_archivist,promotional,0,0,0,15,45,,,,,
exploratory,,archivist,multi_document,pooled_share,opened_or_archivist,aggregator,0,0,0,15,45,,0,157,,
exploratory,,archivist,multi_document,mean_run_share,opened_or_archivist,aggregator,0,0,0,15,45,,,,,
exploratory,,archivist,multi_document,pooled_share,opened_or_archivist,news,0,0,0,15,45,,0,157,,
exploratory,,archivist,multi_document,mean_run_share,opened_or_archivist,news,0,0,0,15,45,,,,,
exploratory,,archivist,multi_document,pooled_share,opened_or_archivist,reference,0,0,0,15,45,,0,157,,
exploratory,,archivist,multi_document,mean_run_share,opened_or_archivist,reference,0,0,0,15,45,,,,,
exploratory,,archivist,multi_document,pooled_share,opened_or_archivist,other,0,0,0,15,45,,0,157,,
exploratory,,archivist,multi_document,mean_run_share,opened_or_archivist,other,0,0,0,15,45,,,,,
exploratory,,archivist,multi_document,run_share,runs,forum_shown_only,0,0,0,15,45,0,,,,
exploratory,,archivist,multi_document,run_share,runs,forum_opened,0,0,0,15,45,0,,,,
exploratory,,archivist,multi_document,run_share,runs,forum_touched,0,0,0,15,45,0,,,,
exploratory,,archivist,multi_document,run_share,runs,aggregator_shown_only,0,0,0,15,45,0,,,,
exploratory,,archivist,multi_document,run_share,runs,aggregator_opened,0,0,0,15,45,0,,,,
exploratory,,archivist,multi_document,run_share,runs,aggregator_touched,0,0,0,15,45,0,,,,
exploratory,,archivist,multi_document,run_share,runs,forum_or_aggregator_shown_only,0,0,0,15,45,0,,,,
exploratory,,archivist,multi_document,run_share,runs,forum_or_aggregator_opened,0,0,0,15,45,0,,,,
exploratory,,archivist,multi_document,run_share,runs,forum_or_aggregator_touched,0,0,0,15,45,0,,,,
exploratory,,archivist,multi_hop_document,pooled_share,shown,filing,,,,,45,,0,0,,
exploratory,,archivist,multi_hop_document,mean_run_share,shown,filing,,,,,45,,,,,
exploratory,,archivist,multi_hop_document,pooled_share,shown,issuer,,,,,45,,0,0,,
exploratory,,archivist,multi_hop_document,mean_run_share,shown,issuer,,,,,45,,,,,
exploratory,,archivist,multi_hop_document,pooled_share,shown,forum,,,,,45,,0,0,,
exploratory,,archivist,multi_hop_document,mean_run_share,shown,forum,,,,,45,,,,,
exploratory,,archivist,multi_hop_document,pooled_share,shown,promotional,,,,,45,,0,0,,
exploratory,,archivist,multi_hop_document,mean_run_share,shown,promotional,,,,,45,,,,,
exploratory,,archivist,multi_hop_document,pooled_share,shown,aggregator,,,,,45,,0,0,,
exploratory,,archivist,multi_hop_document,mean_run_share,shown,aggregator,,,,,45,,,,,
exploratory,,archivist,multi_hop_document,pooled_share,shown,news,,,,,45,,0,0,,
exploratory,,archivist,multi_hop_document,mean_run_share,shown,news,,,,,45,,,,,
exploratory,,archivist,multi_hop_document,pooled_share,shown,reference,,,,,45,,0,0,,
exploratory,,archivist,multi_hop_document,mean_run_share,shown,reference,,,,,45,,,,,
exploratory,,archivist,multi_hop_document,pooled_share,shown,other,,,,,45,,0,0,,
exploratory,,archivist,multi_hop_document,mean_run_share,shown,other,,,,,45,,,,,
exploratory,,archivist,multi_hop_document,pooled_share,opened_or_archivist,filing,1,1,1,15,45,,67,67,,
exploratory,,archivist,multi_hop_document,mean_run_share,opened_or_archivist,filing,1,1,1,15,45,,,,,
exploratory,,archivist,multi_hop_document,pooled_share,opened_or_archivist,issuer,0,0,0,15,45,,0,67,,
exploratory,,archivist,multi_hop_document,mean_run_share,opened_or_archivist,issuer,0,0,0,15,45,,,,,
exploratory,,archivist,multi_hop_document,pooled_share,opened_or_archivist,forum,0,0,0,15,45,,0,67,,
exploratory,,archivist,multi_hop_document,mean_run_share,opened_or_archivist,forum,0,0,0,15,45,,,,,
exploratory,,archivist,multi_hop_document,pooled_share,opened_or_archivist,promotional,0,0,0,15,45,,0,67,,
exploratory,,archivist,multi_hop_document,mean_run_share,opened_or_archivist,promotional,0,0,0,15,45,,,,,
exploratory,,archivist,multi_hop_document,pooled_share,opened_or_archivist,aggregator,0,0,0,15,45,,0,67,,
exploratory,,archivist,multi_hop_document,mean_run_share,opened_or_archivist,aggregator,0,0,0,15,45,,,,,
exploratory,,archivist,multi_hop_document,pooled_share,opened_or_archivist,news,0,0,0,15,45,,0,67,,
exploratory,,archivist,multi_hop_document,mean_run_share,opened_or_archivist,news,0,0,0,15,45,,,,,
exploratory,,archivist,multi_hop_document,pooled_share,opened_or_archivist,reference,0,0,0,15,45,,0,67,,
exploratory,,archivist,multi_hop_document,mean_run_share,opened_or_archivist,reference,0,0,0,15,45,,,,,
exploratory,,archivist,multi_hop_document,pooled_share,opened_or_archivist,other,0,0,0,15,45,,0,67,,
exploratory,,archivist,multi_hop_document,mean_run_share,opened_or_archivist,other,0,0,0,15,45,,,,,
exploratory,,archivist,multi_hop_document,run_share,runs,forum_shown_only,0,0,0,15,45,0,,,,
exploratory,,archivist,multi_hop_document,run_share,runs,forum_opened,0,0,0,15,45,0,,,,
exploratory,,archivist,multi_hop_document,run_share,runs,forum_touched,0,0,0,15,45,0,,,,
exploratory,,archivist,multi_hop_document,run_share,runs,aggregator_shown_only,0,0,0,15,45,0,,,,
exploratory,,archivist,multi_hop_document,run_share,runs,aggregator_opened,0,0,0,15,45,0,,,,
exploratory,,archivist,multi_hop_document,run_share,runs,aggregator_touched,0,0,0,15,45,0,,,,
exploratory,,archivist,multi_hop_document,run_share,runs,forum_or_aggregator_shown_only,0,0,0,15,45,0,,,,
exploratory,,archivist,multi_hop_document,run_share,runs,forum_or_aggregator_opened,0,0,0,15,45,0,,,,
exploratory,,archivist,multi_hop_document,run_share,runs,forum_or_aggregator_touched,0,0,0,15,45,0,,,,
exploratory,,archivist,multi_period,pooled_share,shown,filing,,,,,45,,0,0,,
exploratory,,archivist,multi_period,mean_run_share,shown,filing,,,,,45,,,,,
exploratory,,archivist,multi_period,pooled_share,shown,issuer,,,,,45,,0,0,,
exploratory,,archivist,multi_period,mean_run_share,shown,issuer,,,,,45,,,,,
exploratory,,archivist,multi_period,pooled_share,shown,forum,,,,,45,,0,0,,
exploratory,,archivist,multi_period,mean_run_share,shown,forum,,,,,45,,,,,
exploratory,,archivist,multi_period,pooled_share,shown,promotional,,,,,45,,0,0,,
exploratory,,archivist,multi_period,mean_run_share,shown,promotional,,,,,45,,,,,
exploratory,,archivist,multi_period,pooled_share,shown,aggregator,,,,,45,,0,0,,
exploratory,,archivist,multi_period,mean_run_share,shown,aggregator,,,,,45,,,,,
exploratory,,archivist,multi_period,pooled_share,shown,news,,,,,45,,0,0,,
exploratory,,archivist,multi_period,mean_run_share,shown,news,,,,,45,,,,,
exploratory,,archivist,multi_period,pooled_share,shown,reference,,,,,45,,0,0,,
exploratory,,archivist,multi_period,mean_run_share,shown,reference,,,,,45,,,,,
exploratory,,archivist,multi_period,pooled_share,shown,other,,,,,45,,0,0,,
exploratory,,archivist,multi_period,mean_run_share,shown,other,,,,,45,,,,,
exploratory,,archivist,multi_period,pooled_share,opened_or_archivist,filing,1,1,1,15,45,,585,585,,
exploratory,,archivist,multi_period,mean_run_share,opened_or_archivist,filing,1,1,1,15,45,,,,,
exploratory,,archivist,multi_period,pooled_share,opened_or_archivist,issuer,0,0,0,15,45,,0,585,,
exploratory,,archivist,multi_period,mean_run_share,opened_or_archivist,issuer,0,0,0,15,45,,,,,
exploratory,,archivist,multi_period,pooled_share,opened_or_archivist,forum,0,0,0,15,45,,0,585,,
exploratory,,archivist,multi_period,mean_run_share,opened_or_archivist,forum,0,0,0,15,45,,,,,
exploratory,,archivist,multi_period,pooled_share,opened_or_archivist,promotional,0,0,0,15,45,,0,585,,
exploratory,,archivist,multi_period,mean_run_share,opened_or_archivist,promotional,0,0,0,15,45,,,,,
exploratory,,archivist,multi_period,pooled_share,opened_or_archivist,aggregator,0,0,0,15,45,,0,585,,
exploratory,,archivist,multi_period,mean_run_share,opened_or_archivist,aggregator,0,0,0,15,45,,,,,
exploratory,,archivist,multi_period,pooled_share,opened_or_archivist,news,0,0,0,15,45,,0,585,,
exploratory,,archivist,multi_period,mean_run_share,opened_or_archivist,news,0,0,0,15,45,,,,,
exploratory,,archivist,multi_period,pooled_share,opened_or_archivist,reference,0,0,0,15,45,,0,585,,
exploratory,,archivist,multi_period,mean_run_share,opened_or_archivist,reference,0,0,0,15,45,,,,,
exploratory,,archivist,multi_period,pooled_share,opened_or_archivist,other,0,0,0,15,45,,0,585,,
exploratory,,archivist,multi_period,mean_run_share,opened_or_archivist,other,0,0,0,15,45,,,,,
exploratory,,archivist,multi_period,run_share,runs,forum_shown_only,0,0,0,15,45,0,,,,
exploratory,,archivist,multi_period,run_share,runs,forum_opened,0,0,0,15,45,0,,,,
exploratory,,archivist,multi_period,run_share,runs,forum_touched,0,0,0,15,45,0,,,,
exploratory,,archivist,multi_period,run_share,runs,aggregator_shown_only,0,0,0,15,45,0,,,,
exploratory,,archivist,multi_period,run_share,runs,aggregator_opened,0,0,0,15,45,0,,,,
exploratory,,archivist,multi_period,run_share,runs,aggregator_touched,0,0,0,15,45,0,,,,
exploratory,,archivist,multi_period,run_share,runs,forum_or_aggregator_shown_only,0,0,0,15,45,0,,,,
exploratory,,archivist,multi_period,run_share,runs,forum_or_aggregator_opened,0,0,0,15,45,0,,,,
exploratory,,archivist,multi_period,run_share,runs,forum_or_aggregator_touched,0,0,0,15,45,0,,,,
exploratory,,archivist,reach,pooled_share,shown,filing,,,,,45,,0,0,,
exploratory,,archivist,reach,mean_run_share,shown,filing,,,,,45,,,,,
exploratory,,archivist,reach,pooled_share,shown,issuer,,,,,45,,0,0,,
exploratory,,archivist,reach,mean_run_share,shown,issuer,,,,,45,,,,,
exploratory,,archivist,reach,pooled_share,shown,forum,,,,,45,,0,0,,
exploratory,,archivist,reach,mean_run_share,shown,forum,,,,,45,,,,,
exploratory,,archivist,reach,pooled_share,shown,promotional,,,,,45,,0,0,,
exploratory,,archivist,reach,mean_run_share,shown,promotional,,,,,45,,,,,
exploratory,,archivist,reach,pooled_share,shown,aggregator,,,,,45,,0,0,,
exploratory,,archivist,reach,mean_run_share,shown,aggregator,,,,,45,,,,,
exploratory,,archivist,reach,pooled_share,shown,news,,,,,45,,0,0,,
exploratory,,archivist,reach,mean_run_share,shown,news,,,,,45,,,,,
exploratory,,archivist,reach,pooled_share,shown,reference,,,,,45,,0,0,,
exploratory,,archivist,reach,mean_run_share,shown,reference,,,,,45,,,,,
exploratory,,archivist,reach,pooled_share,shown,other,,,,,45,,0,0,,
exploratory,,archivist,reach,mean_run_share,shown,other,,,,,45,,,,,
exploratory,,archivist,reach,pooled_share,opened_or_archivist,filing,1,1,1,15,45,,1462,1462,,
exploratory,,archivist,reach,mean_run_share,opened_or_archivist,filing,1,1,1,15,45,,,,,
exploratory,,archivist,reach,pooled_share,opened_or_archivist,issuer,0,0,0,15,45,,0,1462,,
exploratory,,archivist,reach,mean_run_share,opened_or_archivist,issuer,0,0,0,15,45,,,,,
exploratory,,archivist,reach,pooled_share,opened_or_archivist,forum,0,0,0,15,45,,0,1462,,
exploratory,,archivist,reach,mean_run_share,opened_or_archivist,forum,0,0,0,15,45,,,,,
exploratory,,archivist,reach,pooled_share,opened_or_archivist,promotional,0,0,0,15,45,,0,1462,,
exploratory,,archivist,reach,mean_run_share,opened_or_archivist,promotional,0,0,0,15,45,,,,,
exploratory,,archivist,reach,pooled_share,opened_or_archivist,aggregator,0,0,0,15,45,,0,1462,,
exploratory,,archivist,reach,mean_run_share,opened_or_archivist,aggregator,0,0,0,15,45,,,,,
exploratory,,archivist,reach,pooled_share,opened_or_archivist,news,0,0,0,15,45,,0,1462,,
exploratory,,archivist,reach,mean_run_share,opened_or_archivist,news,0,0,0,15,45,,,,,
exploratory,,archivist,reach,pooled_share,opened_or_archivist,reference,0,0,0,15,45,,0,1462,,
exploratory,,archivist,reach,mean_run_share,opened_or_archivist,reference,0,0,0,15,45,,,,,
exploratory,,archivist,reach,pooled_share,opened_or_archivist,other,0,0,0,15,45,,0,1462,,
exploratory,,archivist,reach,mean_run_share,opened_or_archivist,other,0,0,0,15,45,,,,,
exploratory,,archivist,reach,run_share,runs,forum_shown_only,0,0,0,15,45,0,,,,
exploratory,,archivist,reach,run_share,runs,forum_opened,0,0,0,15,45,0,,,,
exploratory,,archivist,reach,run_share,runs,forum_touched,0,0,0,15,45,0,,,,
exploratory,,archivist,reach,run_share,runs,aggregator_shown_only,0,0,0,15,45,0,,,,
exploratory,,archivist,reach,run_share,runs,aggregator_opened,0,0,0,15,45,0,,,,
exploratory,,archivist,reach,run_share,runs,aggregator_touched,0,0,0,15,45,0,,,,
exploratory,,archivist,reach,run_share,runs,forum_or_aggregator_shown_only,0,0,0,15,45,0,,,,
exploratory,,archivist,reach,run_share,runs,forum_or_aggregator_opened,0,0,0,15,45,0,,,,
exploratory,,archivist,reach,run_share,runs,forum_or_aggregator_touched,0,0,0,15,45,0,,,,
exploratory,,both,all_scored,pooled_share,shown,filing,0.2797,0.2438,0.3151,90,270,,2088,7464,,
exploratory,,both,all_scored,mean_run_share,shown,filing,0.2552,0.2241,0.2881,86,270,,,,,
exploratory,,both,all_scored,pooled_share,shown,issuer,0.2503,0.2195,0.2829,90,270,,1868,7464,,
exploratory,,both,all_scored,mean_run_share,shown,issuer,0.2799,0.2463,0.3148,86,270,,,,,
exploratory,,both,all_scored,pooled_share,shown,forum,0.1898,0.1658,0.2147,90,270,,1417,7464,,
exploratory,,both,all_scored,mean_run_share,shown,forum,0.1968,0.1715,0.2228,86,270,,,,,
exploratory,,both,all_scored,pooled_share,shown,promotional,0.007,0.0037,0.0108,90,270,,52,7464,,
exploratory,,both,all_scored,mean_run_share,shown,promotional,0.0051,0.0026,0.0082,86,270,,,,,
exploratory,,both,all_scored,pooled_share,shown,aggregator,0.1581,0.1357,0.1816,90,270,,1180,7464,,
exploratory,,both,all_scored,mean_run_share,shown,aggregator,0.1576,0.1323,0.1855,86,270,,,,,
exploratory,,both,all_scored,pooled_share,shown,news,0.0354,0.0236,0.049,90,270,,264,7464,,
exploratory,,both,all_scored,mean_run_share,shown,news,0.0308,0.0209,0.0422,86,270,,,,,
exploratory,,both,all_scored,pooled_share,shown,reference,0.0706,0.0588,0.0827,90,270,,527,7464,,
exploratory,,both,all_scored,mean_run_share,shown,reference,0.0683,0.0564,0.0805,86,270,,,,,
exploratory,,both,all_scored,pooled_share,shown,other,0.0091,0.0044,0.0152,90,270,,68,7464,,
exploratory,,both,all_scored,mean_run_share,shown,other,0.0063,0.0032,0.0105,86,270,,,,,
exploratory,,both,all_scored,pooled_share,opened_or_archivist,filing,0.8752,0.8089,0.9224,90,270,,2609,2981,,
exploratory,,both,all_scored,mean_run_share,opened_or_archivist,filing,0.7922,0.725,0.853,88,270,,,,,
exploratory,,both,all_scored,pooled_share,opened_or_archivist,issuer,0.047,0.0256,0.0777,90,270,,140,2981,,
exploratory,,both,all_scored,mean_run_share,opened_or_archivist,issuer,0.0819,0.0499,0.1205,88,270,,,,,
exploratory,,both,all_scored,pooled_share,opened_or_archivist,forum,0,0,0,90,270,,0,2981,,
exploratory,,both,all_scored,mean_run_share,opened_or_archivist,forum,0,0,0,88,270,,,,,
exploratory,,both,all_scored,pooled_share,opened_or_archivist,promotional,0,0,0,90,270,,0,2981,,
exploratory,,both,all_scored,mean_run_share,opened_or_archivist,promotional,0,0,0,88,270,,,,,
exploratory,,both,all_scored,pooled_share,opened_or_archivist,aggregator,0.0087,0.0031,0.0164,90,270,,26,2981,,
exploratory,,both,all_scored,mean_run_share,opened_or_archivist,aggregator,0.0128,0.0038,0.0243,88,270,,,,,
exploratory,,both,all_scored,pooled_share,opened_or_archivist,news,0.0013,0.0003,0.003,90,270,,4,2981,,
exploratory,,both,all_scored,mean_run_share,opened_or_archivist,news,0.0021,0.0002,0.0052,88,270,,,,,
exploratory,,both,all_scored,pooled_share,opened_or_archivist,reference,0,0,0,90,270,,0,2981,,
exploratory,,both,all_scored,mean_run_share,opened_or_archivist,reference,0,0,0,88,270,,,,,
exploratory,,both,all_scored,pooled_share,opened_or_archivist,other,0.0678,0.0378,0.1095,90,270,,202,2981,,
exploratory,,both,all_scored,mean_run_share,opened_or_archivist,other,0.111,0.0652,0.1635,88,270,,,,,
exploratory,,both,all_scored,run_share,runs,forum_shown_only,0.7074,0.6333,0.7778,90,270,191,,,,
exploratory,,both,all_scored,run_share,runs,forum_opened,0,0,0,90,270,0,,,,
exploratory,,both,all_scored,run_share,runs,forum_touched,0.7074,0.6333,0.7778,90,270,191,,,,
exploratory,,both,all_scored,run_share,runs,aggregator_shown_only,0.6259,0.5407,0.7074,90,270,169,,,,
exploratory,,both,all_scored,run_share,runs,aggregator_opened,0.063,0.0259,0.1074,90,270,17,,,,
exploratory,,both,all_scored,run_share,runs,aggregator_touched,0.6889,0.6074,0.7667,90,270,186,,,,
exploratory,,both,all_scored,run_share,runs,forum_or_aggregator_shown_only,0.7185,0.6444,0.7889,90,270,194,,,,
exploratory,,both,all_scored,run_share,runs,forum_or_aggregator_opened,0.063,0.0259,0.1074,90,270,17,,,,
exploratory,,both,all_scored,run_share,runs,forum_or_aggregator_touched,0.7815,0.7148,0.8444,90,270,211,,,,
exploratory,,both,breadth,pooled_share,shown,filing,0.4227,0.3464,0.5086,15,45,,746,1765,,
exploratory,,both,breadth,mean_run_share,shown,filing,0.4125,0.3238,0.5139,15,45,,,,,
exploratory,,both,breadth,pooled_share,shown,issuer,0.2244,0.1696,0.2752,15,45,,396,1765,,
exploratory,,both,breadth,mean_run_share,shown,issuer,0.2257,0.1663,0.2849,15,45,,,,,
exploratory,,both,breadth,pooled_share,shown,forum,0.1337,0.0952,0.1681,15,45,,236,1765,,
exploratory,,both,breadth,mean_run_share,shown,forum,0.1406,0.095,0.1893,15,45,,,,,
exploratory,,both,breadth,pooled_share,shown,promotional,0.004,0.0016,0.0066,15,45,,7,1765,,
exploratory,,both,breadth,mean_run_share,shown,promotional,0.0043,0.0015,0.0078,15,45,,,,,
exploratory,,both,breadth,pooled_share,shown,aggregator,0.1133,0.082,0.1463,15,45,,200,1765,,
exploratory,,both,breadth,mean_run_share,shown,aggregator,0.1127,0.0722,0.1565,15,45,,,,,
exploratory,,both,breadth,pooled_share,shown,news,0.0125,0.006,0.0197,15,45,,22,1765,,
exploratory,,both,breadth,mean_run_share,shown,news,0.0118,0.0043,0.0204,15,45,,,,,
exploratory,,both,breadth,pooled_share,shown,reference,0.081,0.0555,0.1101,15,45,,143,1765,,
exploratory,,both,breadth,mean_run_share,shown,reference,0.0851,0.0591,0.1111,15,45,,,,,
exploratory,,both,breadth,pooled_share,shown,other,0.0085,0.0019,0.0157,15,45,,15,1765,,
exploratory,,both,breadth,mean_run_share,shown,other,0.0072,0.0028,0.012,15,45,,,,,
exploratory,,both,breadth,pooled_share,opened_or_archivist,filing,0.8027,0.6326,0.9219,15,45,,476,593,,
exploratory,,both,breadth,mean_run_share,opened_or_archivist,filing,0.8301,0.6923,0.9267,15,45,,,,,
exploratory,,both,breadth,pooled_share,opened_or_archivist,issuer,0.0675,0.0135,0.1302,15,45,,40,593,,
exploratory,,both,breadth,mean_run_share,opened_or_archivist,issuer,0.0614,0.0175,0.1147,15,45,,,,,
exploratory,,both,breadth,pooled_share,opened_or_archivist,forum,0,0,0,15,45,,0,593,,
exploratory,,both,breadth,mean_run_share,opened_or_archivist,forum,0,0,0,15,45,,,,,
exploratory,,both,breadth,pooled_share,opened_or_archivist,promotional,0,0,0,15,45,,0,593,,
exploratory,,both,breadth,mean_run_share,opened_or_archivist,promotional,0,0,0,15,45,,,,,
exploratory,,both,breadth,pooled_share,opened_or_archivist,aggregator,0.0135,0,0.033,15,45,,8,593,,
exploratory,,both,breadth,mean_run_share,opened_or_archivist,aggregator,0.0093,0,0.0239,15,45,,,,,
exploratory,,both,breadth,pooled_share,opened_or_archivist,news,0.0034,0,0.0081,15,45,,2,593,,
exploratory,,both,breadth,mean_run_share,opened_or_archivist,news,0.0027,0,0.0067,15,45,,,,,
exploratory,,both,breadth,pooled_share,opened_or_archivist,reference,0,0,0,15,45,,0,593,,
exploratory,,both,breadth,mean_run_share,opened_or_archivist,reference,0,0,0,15,45,,,,,
exploratory,,both,breadth,pooled_share,opened_or_archivist,other,0.113,0.0393,0.2231,15,45,,67,593,,
exploratory,,both,breadth,mean_run_share,opened_or_archivist,other,0.0965,0.0359,0.1859,15,45,,,,,
exploratory,,both,breadth,run_share,runs,forum_shown_only,0.5556,0.4,0.7111,15,45,25,,,,
exploratory,,both,breadth,run_share,runs,forum_opened,0,0,0,15,45,0,,,,
exploratory,,both,breadth,run_share,runs,forum_touched,0.5556,0.4,0.7111,15,45,25,,,,
exploratory,,both,breadth,run_share,runs,aggregator_shown_only,0.4889,0.3111,0.6667,15,45,22,,,,
exploratory,,both,breadth,run_share,runs,aggregator_opened,0.0667,0,0.1333,15,45,3,,,,
exploratory,,both,breadth,run_share,runs,aggregator_touched,0.5556,0.3778,0.7333,15,45,25,,,,
exploratory,,both,breadth,run_share,runs,forum_or_aggregator_shown_only,0.5556,0.4,0.7111,15,45,25,,,,
exploratory,,both,breadth,run_share,runs,forum_or_aggregator_opened,0.0667,0,0.1333,15,45,3,,,,
exploratory,,both,breadth,run_share,runs,forum_or_aggregator_touched,0.6222,0.4889,0.7556,15,45,28,,,,
exploratory,,both,control,pooled_share,shown,filing,0,0,0,2,6,,0,143,,
exploratory,,both,control,mean_run_share,shown,filing,0,0,0,2,6,,,,,
exploratory,,both,control,pooled_share,shown,issuer,0,0,0,2,6,,0,143,,
exploratory,,both,control,mean_run_share,shown,issuer,0,0,0,2,6,,,,,
exploratory,,both,control,pooled_share,shown,forum,0.1329,0.038,0.25,2,6,,19,143,,
exploratory,,both,control,mean_run_share,shown,forum,0.139,0.038,0.2399,2,6,,,,,
exploratory,,both,control,pooled_share,shown,promotional,0.0629,0,0.1406,2,6,,9,143,,
exploratory,,both,control,mean_run_share,shown,promotional,0.0672,0,0.1345,2,6,,,,,
exploratory,,both,control,pooled_share,shown,aggregator,0,0,0,2,6,,0,143,,
exploratory,,both,control,mean_run_share,shown,aggregator,0,0,0,2,6,,,,,
exploratory,,both,control,pooled_share,shown,news,0.1049,0,0.1899,2,6,,15,143,,
exploratory,,both,control,mean_run_share,shown,news,0.095,0,0.1899,2,6,,,,,
exploratory,,both,control,pooled_share,shown,reference,0.6713,0.5469,0.7722,2,6,,96,143,,
exploratory,,both,control,mean_run_share,shown,reference,0.6699,0.5676,0.7721,2,6,,,,,
exploratory,,both,control,pooled_share,shown,other,0.028,0,0.0625,2,6,,4,143,,
exploratory,,both,control,mean_run_share,shown,other,0.029,0,0.058,2,6,,,,,
exploratory,,both,control,pooled_share,opened_or_archivist,filing,,,,,6,,0,0,,
exploratory,,both,control,mean_run_share,opened_or_archivist,filing,,,,,6,,,,,
exploratory,,both,control,pooled_share,opened_or_archivist,issuer,,,,,6,,0,0,,
exploratory,,both,control,mean_run_share,opened_or_archivist,issuer,,,,,6,,,,,
exploratory,,both,control,pooled_share,opened_or_archivist,forum,,,,,6,,0,0,,
exploratory,,both,control,mean_run_share,opened_or_archivist,forum,,,,,6,,,,,
exploratory,,both,control,pooled_share,opened_or_archivist,promotional,,,,,6,,0,0,,
exploratory,,both,control,mean_run_share,opened_or_archivist,promotional,,,,,6,,,,,
exploratory,,both,control,pooled_share,opened_or_archivist,aggregator,,,,,6,,0,0,,
exploratory,,both,control,mean_run_share,opened_or_archivist,aggregator,,,,,6,,,,,
exploratory,,both,control,pooled_share,opened_or_archivist,news,,,,,6,,0,0,,
exploratory,,both,control,mean_run_share,opened_or_archivist,news,,,,,6,,,,,
exploratory,,both,control,pooled_share,opened_or_archivist,reference,,,,,6,,0,0,,
exploratory,,both,control,mean_run_share,opened_or_archivist,reference,,,,,6,,,,,
exploratory,,both,control,pooled_share,opened_or_archivist,other,,,,,6,,0,0,,
exploratory,,both,control,mean_run_share,opened_or_archivist,other,,,,,6,,,,,
exploratory,,both,control,run_share,runs,forum_shown_only,1,1,1,2,6,6,,,,
exploratory,,both,control,run_share,runs,forum_opened,0,0,0,2,6,0,,,,
exploratory,,both,control,run_share,runs,forum_touched,1,1,1,2,6,6,,,,
exploratory,,both,control,run_share,runs,aggregator_shown_only,0,0,0,2,6,0,,,,
exploratory,,both,control,run_share,runs,aggregator_opened,0,0,0,2,6,0,,,,
exploratory,,both,control,run_share,runs,aggregator_touched,0,0,0,2,6,0,,,,
exploratory,,both,control,run_share,runs,forum_or_aggregator_shown_only,1,1,1,2,6,6,,,,
exploratory,,both,control,run_share,runs,forum_or_aggregator_opened,0,0,0,2,6,0,,,,
exploratory,,both,control,run_share,runs,forum_or_aggregator_touched,1,1,1,2,6,6,,,,
exploratory,,both,lookup,pooled_share,shown,filing,0.2498,0.1895,0.3156,15,45,,267,1069,,
exploratory,,both,lookup,mean_run_share,shown,filing,0.2466,0.1881,0.3151,15,45,,,,,
exploratory,,both,lookup,pooled_share,shown,issuer,0.2816,0.2147,0.3459,15,45,,301,1069,,
exploratory,,both,lookup,mean_run_share,shown,issuer,0.2989,0.2352,0.3553,15,45,,,,,
exploratory,,both,lookup,pooled_share,shown,forum,0.1721,0.1139,0.2259,15,45,,184,1069,,
exploratory,,both,lookup,mean_run_share,shown,forum,0.1621,0.1095,0.2139,15,45,,,,,
exploratory,,both,lookup,pooled_share,shown,promotional,0.0122,0,0.0312,15,45,,13,1069,,
exploratory,,both,lookup,mean_run_share,shown,promotional,0.0088,0,0.0224,15,45,,,,,
exploratory,,both,lookup,pooled_share,shown,aggregator,0.1908,0.1414,0.2433,15,45,,204,1069,,
exploratory,,both,lookup,mean_run_share,shown,aggregator,0.2024,0.1496,0.2584,15,45,,,,,
exploratory,,both,lookup,pooled_share,shown,news,0.0337,0.0036,0.0712,15,45,,36,1069,,
exploratory,,both,lookup,mean_run_share,shown,news,0.0263,0.0032,0.0576,15,45,,,,,
exploratory,,both,lookup,pooled_share,shown,reference,0.0589,0.0306,0.0886,15,45,,63,1069,,
exploratory,,both,lookup,mean_run_share,shown,reference,0.0542,0.0268,0.0832,15,45,,,,,
exploratory,,both,lookup,pooled_share,shown,other,0.0009,0,0.003,15,45,,1,1069,,
exploratory,,both,lookup,mean_run_share,shown,other,0.0007,0,0.0021,15,45,,,,,
exploratory,,both,lookup,pooled_share,opened_or_archivist,filing,0.5479,0.3267,0.9302,15,45,,40,73,,
exploratory,,both,lookup,mean_run_share,opened_or_archivist,filing,0.7828,0.567,0.9573,13,45,,,,,
exploratory,,both,lookup,pooled_share,opened_or_archivist,issuer,0.0411,0,0.0897,15,45,,3,73,,
exploratory,,both,lookup,mean_run_share,opened_or_archivist,issuer,0.0299,0,0.0726,13,45,,,,,
exploratory,,both,lookup,pooled_share,opened_or_archivist,forum,0,0,0,15,45,,0,73,,
exploratory,,both,lookup,mean_run_share,opened_or_archivist,forum,0,0,0,13,45,,,,,
exploratory,,both,lookup,pooled_share,opened_or_archivist,promotional,0,0,0,15,45,,0,73,,
exploratory,,both,lookup,mean_run_share,opened_or_archivist,promotional,0,0,0,13,45,,,,,
exploratory,,both,lookup,pooled_share,opened_or_archivist,aggregator,0.0548,0,0.1429,15,45,,4,73,,
exploratory,,both,lookup,mean_run_share,opened_or_archivist,aggregator,0.0228,0,0.0684,13,45,,,,,
exploratory,,both,lookup,pooled_share,opened_or_archivist,news,0.0137,0,0.0492,15,45,,1,73,,
exploratory,,both,lookup,mean_run_share,opened_or_archivist,news,0.0085,0,0.0256,13,45,,,,,
exploratory,,both,lookup,pooled_share,opened_or_archivist,reference,0,0,0,15,45,,0,73,,
exploratory,,both,lookup,mean_run_share,opened_or_archivist,reference,0,0,0,13,45,,,,,
exploratory,,both,lookup,pooled_share,opened_or_archivist,other,0.3425,0,0.619,15,45,,25,73,,
exploratory,,both,lookup,mean_run_share,opened_or_archivist,other,0.156,0,0.3739,13,45,,,,,
exploratory,,both,lookup,run_share,runs,forum_shown_only,0.8889,0.7778,0.9778,15,45,40,,,,
exploratory,,both,lookup,run_share,runs,forum_opened,0,0,0,15,45,0,,,,
exploratory,,both,lookup,run_share,runs,forum_touched,0.8889,0.7778,0.9778,15,45,40,,,,
exploratory,,both,lookup,run_share,runs,aggregator_shown_only,0.9111,0.7556,1,15,45,41,,,,
exploratory,,both,lookup,run_share,runs,aggregator_opened,0.0667,0,0.2,15,45,3,,,,
exploratory,,both,lookup,run_share,runs,aggregator_touched,0.9778,0.9333,1,15,45,44,,,,
exploratory,,both,lookup,run_share,runs,forum_or_aggregator_shown_only,0.9333,0.8,1,15,45,42,,,,
exploratory,,both,lookup,run_share,runs,forum_or_aggregator_opened,0.0667,0,0.2,15,45,3,,,,
exploratory,,both,lookup,run_share,runs,forum_or_aggregator_touched,1,1,1,15,45,45,,,,
exploratory,,both,multi_document,pooled_share,shown,filing,0.2282,0.1765,0.2754,15,45,,367,1608,,
exploratory,,both,multi_document,mean_run_share,shown,filing,0.2235,0.1709,0.2728,15,45,,,,,
exploratory,,both,multi_document,pooled_share,shown,issuer,0.2245,0.1671,0.2921,15,45,,361,1608,,
exploratory,,both,multi_document,mean_run_share,shown,issuer,0.2381,0.1767,0.3066,15,45,,,,,
exploratory,,both,multi_document,pooled_share,shown,forum,0.217,0.1589,0.276,15,45,,349,1608,,
exploratory,,both,multi_document,mean_run_share,shown,forum,0.2271,0.1697,0.2827,15,45,,,,,
exploratory,,both,multi_document,pooled_share,shown,promotional,0.0093,0.0013,0.0188,15,45,,15,1608,,
exploratory,,both,multi_document,mean_run_share,shown,promotional,0.0074,0.001,0.0167,15,45,,,,,
exploratory,,both,multi_document,pooled_share,shown,aggregator,0.1586,0.1065,0.2123,15,45,,255,1608,,
exploratory,,both,multi_document,mean_run_share,shown,aggregator,0.1504,0.1009,0.2039,15,45,,,,,
exploratory,,both,multi_document,pooled_share,shown,news,0.0802,0.0433,0.1162,15,45,,129,1608,,
exploratory,,both,multi_document,mean_run_share,shown,news,0.0698,0.0388,0.1022,15,45,,,,,
exploratory,,both,multi_document,pooled_share,shown,reference,0.0759,0.0519,0.1006,15,45,,122,1608,,
exploratory,,both,multi_document,mean_run_share,shown,reference,0.078,0.0521,0.1056,15,45,,,,,
exploratory,,both,multi_document,pooled_share,shown,other,0.0062,0.0012,0.0126,15,45,,10,1608,,
exploratory,,both,multi_document,mean_run_share,shown,other,0.0057,0.0008,0.0115,15,45,,,,,
exploratory,,both,multi_document,pooled_share,opened_or_archivist,filing,0.5049,0.3829,0.6565,15,45,,103,204,,
exploratory,,both,multi_document,mean_run_share,opened_or_archivist,filing,0.583,0.4157,0.7482,15,45,,,,,
exploratory,,both,multi_document,pooled_share,opened_or_archivist,issuer,0.1275,0.0573,0.2403,15,45,,26,204,,
exploratory,,both,multi_document,mean_run_share,opened_or_archivist,issuer,0.1625,0.0548,0.3104,15,45,,,,,
exploratory,,both,multi_document,pooled_share,opened_or_archivist,forum,0,0,0,15,45,,0,204,,
exploratory,,both,multi_document,mean_run_share,opened_or_archivist,forum,0,0,0,15,45,,,,,
exploratory,,both,multi_document,pooled_share,opened_or_archivist,promotional,0,0,0,15,45,,0,204,,
exploratory,,both,multi_document,mean_run_share,opened_or_archivist,promotional,0,0,0,15,45,,,,,
exploratory,,both,multi_document,pooled_share,opened_or_archivist,aggregator,0.0343,0,0.0877,15,45,,7,204,,
exploratory,,both,multi_document,mean_run_share,opened_or_archivist,aggregator,0.0259,0,0.0661,15,45,,,,,
exploratory,,both,multi_document,pooled_share,opened_or_archivist,news,0.0049,0,0.0158,15,45,,1,204,,
exploratory,,both,multi_document,mean_run_share,opened_or_archivist,news,0.0025,0,0.0074,15,45,,,,,
exploratory,,both,multi_document,pooled_share,opened_or_archivist,reference,0,0,0,15,45,,0,204,,
exploratory,,both,multi_document,mean_run_share,opened_or_archivist,reference,0,0,0,15,45,,,,,
exploratory,,both,multi_document,pooled_share,opened_or_archivist,other,0.3284,0.1818,0.4393,15,45,,67,204,,
exploratory,,both,multi_document,mean_run_share,opened_or_archivist,other,0.2261,0.1039,0.3612,15,45,,,,,
exploratory,,both,multi_document,run_share,runs,forum_shown_only,0.9333,0.8222,1,15,45,42,,,,
exploratory,,both,multi_document,run_share,runs,forum_opened,0,0,0,15,45,0,,,,
exploratory,,both,multi_document,run_share,runs,forum_touched,0.9333,0.8222,1,15,45,42,,,,
exploratory,,both,multi_document,run_share,runs,aggregator_shown_only,0.7333,0.5556,0.8889,15,45,33,,,,
exploratory,,both,multi_document,run_share,runs,aggregator_opened,0.1111,0,0.2667,15,45,5,,,,
exploratory,,both,multi_document,run_share,runs,aggregator_touched,0.8444,0.6889,0.9778,15,45,38,,,,
exploratory,,both,multi_document,run_share,runs,forum_or_aggregator_shown_only,0.8889,0.7333,1,15,45,40,,,,
exploratory,,both,multi_document,run_share,runs,forum_or_aggregator_opened,0.1111,0,0.2667,15,45,5,,,,
exploratory,,both,multi_document,run_share,runs,forum_or_aggregator_touched,1,1,1,15,45,45,,,,
exploratory,,both,multi_hop_document,pooled_share,shown,filing,0.2253,0.1723,0.2869,15,45,,239,1061,,
exploratory,,both,multi_hop_document,mean_run_share,shown,filing,0.233,0.1859,0.2815,15,45,,,,,
exploratory,,both,multi_hop_document,pooled_share,shown,issuer,0.2582,0.1786,0.3403,15,45,,274,1061,,
exploratory,,both,multi_hop_document,mean_run_share,shown,issuer,0.2738,0.2001,0.3448,15,45,,,,,
exploratory,,both,multi_hop_document,pooled_share,shown,forum,0.23,0.1586,0.3082,15,45,,244,1061,,
exploratory,,both,multi_hop_document,mean_run_share,shown,forum,0.2176,0.1561,0.2879,15,45,,,,,
exploratory,,both,multi_hop_document,pooled_share,shown,promotional,0.0019,0,0.0046,15,45,,2,1061,,
exploratory,,both,multi_hop_document,mean_run_share,shown,promotional,0.0015,0,0.0038,15,45,,,,,
exploratory,,both,multi_hop_document,pooled_share,shown,aggregator,0.1565,0.1115,0.2078,15,45,,166,1061,,
exploratory,,both,multi_hop_document,mean_run_share,shown,aggregator,0.1624,0.1203,0.2081,15,45,,,,,
exploratory,,both,multi_hop_document,pooled_share,shown,news,0.0292,0.0123,0.0491,15,45,,31,1061,,
exploratory,,both,multi_hop_document,mean_run_share,shown,news,0.025,0.011,0.0422,15,45,,,,,
exploratory,,both,multi_hop_document,pooled_share,shown,reference,0.0933,0.0625,0.1223,15,45,,99,1061,,
exploratory,,both,multi_hop_document,mean_run_share,shown,reference,0.083,0.0525,0.1132,15,45,,,,,
exploratory,,both,multi_hop_document,pooled_share,shown,other,0.0057,0,0.0172,15,45,,6,1061,,
exploratory,,both,multi_hop_document,mean_run_share,shown,other,0.0036,0,0.0108,15,45,,,,,
exploratory,,both,multi_hop_document,pooled_share,opened_or_archivist,filing,0.5524,0.3534,0.7765,15,45,,58,105,,
exploratory,,both,multi_hop_document,mean_run_share,opened_or_archivist,filing,0.7115,0.5185,0.88,15,45,,,,,
exploratory,,both,multi_hop_document,pooled_share,opened_or_archivist,issuer,0.1238,0.0395,0.2105,15,45,,13,105,,
exploratory,,both,multi_hop_document,mean_run_share,opened_or_archivist,issuer,0.0958,0.0272,0.1765,15,45,,,,,
exploratory,,both,multi_hop_document,pooled_share,opened_or_archivist,forum,0,0,0,15,45,,0,105,,
exploratory,,both,multi_hop_document,mean_run_share,opened_or_archivist,forum,0,0,0,15,45,,,,,
exploratory,,both,multi_hop_document,pooled_share,opened_or_archivist,promotional,0,0,0,15,45,,0,105,,
exploratory,,both,multi_hop_document,mean_run_share,opened_or_archivist,promotional,0,0,0,15,45,,,,,
exploratory,,both,multi_hop_document,pooled_share,opened_or_archivist,aggregator,0.0381,0,0.0876,15,45,,4,105,,
exploratory,,both,multi_hop_document,mean_run_share,opened_or_archivist,aggregator,0.018,0,0.0496,15,45,,,,,
exploratory,,both,multi_hop_document,pooled_share,opened_or_archivist,news,0,0,0,15,45,,0,105,,
exploratory,,both,multi_hop_document,mean_run_share,opened_or_archivist,news,0,0,0,15,45,,,,,
exploratory,,both,multi_hop_document,pooled_share,opened_or_archivist,reference,0,0,0,15,45,,0,105,,
exploratory,,both,multi_hop_document,mean_run_share,opened_or_archivist,reference,0,0,0,15,45,,,,,
exploratory,,both,multi_hop_document,pooled_share,opened_or_archivist,other,0.2857,0.0673,0.5081,15,45,,30,105,,
exploratory,,both,multi_hop_document,mean_run_share,opened_or_archivist,other,0.1747,0.0328,0.3494,15,45,,,,,
exploratory,,both,multi_hop_document,run_share,runs,forum_shown_only,0.8222,0.6889,0.9556,15,45,37,,,,
exploratory,,both,multi_hop_document,run_share,runs,forum_opened,0,0,0,15,45,0,,,,
exploratory,,both,multi_hop_document,run_share,runs,forum_touched,0.8222,0.6889,0.9556,15,45,37,,,,
exploratory,,both,multi_hop_document,run_share,runs,aggregator_shown_only,0.7333,0.5556,0.8889,15,45,33,,,,
exploratory,,both,multi_hop_document,run_share,runs,aggregator_opened,0.0889,0,0.2444,15,45,4,,,,
exploratory,,both,multi_hop_document,run_share,runs,aggregator_touched,0.8222,0.6444,0.9556,15,45,37,,,,
exploratory,,both,multi_hop_document,run_share,runs,forum_or_aggregator_shown_only,0.8,0.6222,0.9333,15,45,36,,,,
exploratory,,both,multi_hop_document,run_share,runs,forum_or_aggregator_opened,0.0889,0,0.2444,15,45,4,,,,
exploratory,,both,multi_hop_document,run_share,runs,forum_or_aggregator_touched,0.8889,0.7556,1,15,45,40,,,,
exploratory,,both,multi_period,pooled_share,shown,filing,0.2618,0.1988,0.318,15,45,,405,1547,,
exploratory,,both,multi_period,mean_run_share,shown,filing,0.2446,0.1831,0.3029,15,45,,,,,
exploratory,,both,multi_period,pooled_share,shown,issuer,0.2489,0.1719,0.3382,15,45,,385,1547,,
exploratory,,both,multi_period,mean_run_share,shown,issuer,0.2888,0.205,0.3764,15,45,,,,,
exploratory,,both,multi_period,pooled_share,shown,forum,0.2088,0.1624,0.2567,15,45,,323,1547,,
exploratory,,both,multi_period,mean_run_share,shown,forum,0.2241,0.1736,0.2733,15,45,,,,,
exploratory,,both,multi_period,pooled_share,shown,promotional,0.009,0.0027,0.015,15,45,,14,1547,,
exploratory,,both,multi_period,mean_run_share,shown,promotional,0.0054,0.0013,0.0103,15,45,,,,,
exploratory,,both,multi_period,pooled_share,shown,aggregator,0.1752,0.1313,0.2183,15,45,,271,1547,,
exploratory,,both,multi_period,mean_run_share,shown,aggregator,0.1408,0.0938,0.1889,15,45,,,,,
exploratory,,both,multi_period,pooled_share,shown,news,0.0252,0.0102,0.0455,15,45,,39,1547,,
exploratory,,both,multi_period,mean_run_share,shown,news,0.0329,0.0087,0.0688,15,45,,,,,
exploratory,,both,multi_period,pooled_share,shown,reference,0.0485,0.026,0.0724,15,45,,75,1547,,
exploratory,,both,multi_period,mean_run_share,shown,reference,0.0458,0.0223,0.0731,15,45,,,,,
exploratory,,both,multi_period,pooled_share,shown,other,0.0226,0.0064,0.0478,15,45,,35,1547,,
exploratory,,both,multi_period,mean_run_share,shown,other,0.0175,0.0043,0.0378,15,45,,,,,
exploratory,,both,multi_period,pooled_share,opened_or_archivist,filing,0.8607,0.714,0.9622,15,45,,414,481,,
exploratory,,both,multi_period,mean_run_share,opened_or_archivist,filing,0.8487,0.715,0.9565,15,45,,,,,
exploratory,,both,multi_period,pooled_share,opened_or_archivist,issuer,0.1185,0.0331,0.2325,15,45,,57,481,,
exploratory,,both,multi_period,mean_run_share,opened_or_archivist,issuer,0.1347,0.0402,0.2453,15,45,,,,,
exploratory,,both,multi_period,pooled_share,opened_or_archivist,forum,0,0,0,15,45,,0,481,,
exploratory,,both,multi_period,mean_run_share,opened_or_archivist,forum,0,0,0,15,45,,,,,
exploratory,,both,multi_period,pooled_share,opened_or_archivist,promotional,0,0,0,15,45,,0,481,,
exploratory,,both,multi_period,mean_run_share,opened_or_archivist,promotional,0,0,0,15,45,,,,,
exploratory,,both,multi_period,pooled_share,opened_or_archivist,aggregator,0,0,0,15,45,,0,481,,
exploratory,,both,multi_period,mean_run_share,opened_or_archivist,aggregator,0,0,0,15,45,,,,,
exploratory,,both,multi_period,pooled_share,opened_or_archivist,news,0,0,0,15,45,,0,481,,
exploratory,,both,multi_period,mean_run_share,opened_or_archivist,news,0,0,0,15,45,,,,,
exploratory,,both,multi_period,pooled_share,opened_or_archivist,reference,0,0,0,15,45,,0,481,,
exploratory,,both,multi_period,mean_run_share,opened_or_archivist,reference,0,0,0,15,45,,,,,
exploratory,,both,multi_period,pooled_share,opened_or_archivist,other,0.0208,0,0.0589,15,45,,10,481,,
exploratory,,both,multi_period,mean_run_share,opened_or_archivist,other,0.0165,0,0.0467,15,45,,,,,
exploratory,,both,multi_period,run_share,runs,forum_shown_only,0.8,0.6667,0.9333,15,45,36,,,,
exploratory,,both,multi_period,run_share,runs,forum_opened,0,0,0,15,45,0,,,,
exploratory,,both,multi_period,run_share,runs,forum_touched,0.8,0.6667,0.9333,15,45,36,,,,
exploratory,,both,multi_period,run_share,runs,aggregator_shown_only,0.7333,0.5778,0.8667,15,45,33,,,,
exploratory,,both,multi_period,run_share,runs,aggregator_opened,0,0,0,15,45,0,,,,
exploratory,,both,multi_period,run_share,runs,aggregator_touched,0.7333,0.5778,0.8667,15,45,33,,,,
exploratory,,both,multi_period,run_share,runs,forum_or_aggregator_shown_only,0.8,0.6667,0.9333,15,45,36,,,,
exploratory,,both,multi_period,run_share,runs,forum_or_aggregator_opened,0,0,0,15,45,0,,,,
exploratory,,both,multi_period,run_share,runs,forum_or_aggregator_touched,0.8,0.6667,0.9333,15,45,36,,,,
exploratory,,both,reach,pooled_share,shown,filing,0.1546,0.0784,0.2396,15,45,,64,414,,
exploratory,,both,reach,mean_run_share,shown,filing,0.1401,0.0773,0.2069,11,45,,,,,
exploratory,,both,reach,pooled_share,shown,issuer,0.3647,0.1927,0.5346,15,45,,151,414,,
exploratory,,both,reach,mean_run_share,shown,issuer,0.3808,0.2358,0.517,11,45,,,,,
exploratory,,both,reach,pooled_share,shown,forum,0.1957,0.1043,0.2952,15,45,,81,414,,
exploratory,,both,reach,mean_run_share,shown,forum,0.2138,0.118,0.3046,11,45,,,,,
exploratory,,both,reach,pooled_share,shown,promotional,0.0024,0,0.0074,15,45,,1,414,,
exploratory,,both,reach,mean_run_share,shown,promotional,0.0024,0,0.0072,11,45,,,,,
exploratory,,both,reach,pooled_share,shown,aggregator,0.2029,0.0372,0.3901,15,45,,84,414,,
exploratory,,both,reach,mean_run_share,shown,aggregator,0.1838,0.0526,0.3376,11,45,,,,,
exploratory,,both,reach,pooled_share,shown,news,0.0169,0.0027,0.0348,15,45,,7,414,,
exploratory,,both,reach,mean_run_share,shown,news,0.0147,0.0027,0.0293,11,45,,,,,
exploratory,,both,reach,pooled_share,shown,reference,0.0604,0.0287,0.094,15,45,,25,414,,
exploratory,,both,reach,mean_run_share,shown,reference,0.0621,0.0315,0.0991,11,45,,,,,
exploratory,,both,reach,pooled_share,shown,other,0.0024,0,0.0074,15,45,,1,414,,
exploratory,,both,reach,mean_run_share,shown,other,0.0024,0,0.0072,11,45,,,,,
exploratory,,both,reach,pooled_share,opened_or_archivist,filing,0.9954,0.9864,1,15,45,,1518,1525,,
exploratory,,both,reach,mean_run_share,opened_or_archivist,filing,0.9956,0.9872,1,15,45,,,,,
exploratory,,both,reach,pooled_share,opened_or_archivist,issuer,0.0007,0,0.0018,15,45,,1,1525,,
exploratory,,both,reach,mean_run_share,opened_or_archivist,issuer,0.0004,0,0.0011,15,45,,,,,
exploratory,,both,reach,pooled_share,opened_or_archivist,forum,0,0,0,15,45,,0,1525,,
exploratory,,both,reach,mean_run_share,opened_or_archivist,forum,0,0,0,15,45,,,,,
exploratory,,both,reach,pooled_share,opened_or_archivist,promotional,0,0,0,15,45,,0,1525,,
exploratory,,both,reach,mean_run_share,opened_or_archivist,promotional,0,0,0,15,45,,,,,
exploratory,,both,reach,pooled_share,opened_or_archivist,aggregator,0.002,0,0.0066,15,45,,3,1525,,
exploratory,,both,reach,mean_run_share,opened_or_archivist,aggregator,0.002,0,0.006,15,45,,,,,
exploratory,,both,reach,pooled_share,opened_or_archivist,news,0,0,0,15,45,,0,1525,,
exploratory,,both,reach,mean_run_share,opened_or_archivist,news,0,0,0,15,45,,,,,
exploratory,,both,reach,pooled_share,opened_or_archivist,reference,0,0,0,15,45,,0,1525,,
exploratory,,both,reach,mean_run_share,opened_or_archivist,reference,0,0,0,15,45,,,,,
exploratory,,both,reach,pooled_share,opened_or_archivist,other,0.002,0,0.0066,15,45,,3,1525,,
exploratory,,both,reach,mean_run_share,opened_or_archivist,other,0.002,0,0.0061,15,45,,,,,
exploratory,,both,reach,run_share,runs,forum_shown_only,0.2444,0.1111,0.4,15,45,11,,,,
exploratory,,both,reach,run_share,runs,forum_opened,0,0,0,15,45,0,,,,
exploratory,,both,reach,run_share,runs,forum_touched,0.2444,0.1111,0.4,15,45,11,,,,
exploratory,,both,reach,run_share,runs,aggregator_shown_only,0.1556,0.0444,0.3111,15,45,7,,,,
exploratory,,both,reach,run_share,runs,aggregator_opened,0.0444,0,0.1333,15,45,2,,,,
exploratory,,both,reach,run_share,runs,aggregator_touched,0.2,0.0667,0.3556,15,45,9,,,,
exploratory,,both,reach,run_share,runs,forum_or_aggregator_shown_only,0.3333,0.1778,0.5111,15,45,15,,,,
exploratory,,both,reach,run_share,runs,forum_or_aggregator_opened,0.0444,0,0.1333,15,45,2,,,,
exploratory,,both,reach,run_share,runs,forum_or_aggregator_touched,0.3778,0.2222,0.5556,15,45,17,,,,
exploratory,,web,all_scored,pooled_share,shown,filing,0.2981,0.2736,0.3224,90,270,,5078,17032,,
exploratory,,web,all_scored,mean_run_share,shown,filing,0.2821,0.2568,0.3085,90,270,,,,,
exploratory,,web,all_scored,pooled_share,shown,issuer,0.2331,0.2066,0.2592,90,270,,3971,17032,,
exploratory,,web,all_scored,mean_run_share,shown,issuer,0.2431,0.2162,0.2704,90,270,,,,,
exploratory,,web,all_scored,pooled_share,shown,forum,0.1621,0.1456,0.1806,90,270,,2761,17032,,
exploratory,,web,all_scored,mean_run_share,shown,forum,0.1753,0.1538,0.1964,90,270,,,,,
exploratory,,web,all_scored,pooled_share,shown,promotional,0.0104,0.0074,0.0135,90,270,,177,17032,,
exploratory,,web,all_scored,mean_run_share,shown,promotional,0.0069,0.0049,0.0093,90,270,,,,,
exploratory,,web,all_scored,pooled_share,shown,aggregator,0.2014,0.1838,0.2195,90,270,,3431,17032,,
exploratory,,web,all_scored,mean_run_share,shown,aggregator,0.1923,0.1707,0.2147,90,270,,,,,
exploratory,,web,all_scored,pooled_share,shown,news,0.0285,0.0214,0.0371,90,270,,486,17032,,
exploratory,,web,all_scored,mean_run_share,shown,news,0.0319,0.0216,0.0438,90,270,,,,,
exploratory,,web,all_scored,pooled_share,shown,reference,0.055,0.0456,0.0646,90,270,,936,17032,,
exploratory,,web,all_scored,mean_run_share,shown,reference,0.0598,0.05,0.0701,90,270,,,,,
exploratory,,web,all_scored,pooled_share,shown,other,0.0113,0.0079,0.0149,90,270,,192,17032,,
exploratory,,web,all_scored,mean_run_share,shown,other,0.0084,0.0054,0.0121,90,270,,,,,
exploratory,,web,all_scored,pooled_share,opened_or_archivist,filing,0.4362,0.3605,0.5252,90,270,,1265,2900,,
exploratory,,web,all_scored,mean_run_share,opened_or_archivist,filing,0.5805,0.5046,0.6554,88,270,,,,,
exploratory,,web,all_scored,pooled_share,opened_or_archivist,issuer,0.2221,0.1565,0.2927,90,270,,644,2900,,
exploratory,,web,all_scored,mean_run_share,opened_or_archivist,issuer,0.1884,0.1355,0.2476,88,270,,,,,
exploratory,,web,all_scored,pooled_share,opened_or_archivist,forum,0,0,0,90,270,,0,2900,,
exploratory,,web,all_scored,mean_run_share,opened_or_archivist,forum,0,0,0,88,270,,,,,
exploratory,,web,all_scored,pooled_share,opened_or_archivist,promotional,0,0,0,90,270,,0,2900,,
exploratory,,web,all_scored,mean_run_share,opened_or_archivist,promotional,0,0,0,88,270,,,,,
exploratory,,web,all_scored,pooled_share,opened_or_archivist,aggregator,0.0548,0.0274,0.0825,90,270,,159,2900,,
exploratory,,web,all_scored,mean_run_share,opened_or_archivist,aggregator,0.0259,0.0138,0.04,88,270,,,,,
exploratory,,web,all_scored,pooled_share,opened_or_archivist,news,0.0014,0,0.0032,90,270,,4,2900,,
exploratory,,web,all_scored,mean_run_share,opened_or_archivist,news,0.0008,0,0.002,88,270,,,,,
exploratory,,web,all_scored,pooled_share,opened_or_archivist,reference,0.0003,0,0.0012,90,270,,1,2900,,
exploratory,,web,all_scored,mean_run_share,opened_or_archivist,reference,0.0001,0,0.0004,88,270,,,,,
exploratory,,web,all_scored,pooled_share,opened_or_archivist,other,0.2852,0.2142,0.3532,90,270,,827,2900,,
exploratory,,web,all_scored,mean_run_share,opened_or_archivist,other,0.2043,0.1529,0.259,88,270,,,,,
exploratory,,web,all_scored,run_share,runs,forum_shown_only,0.9074,0.8481,0.9593,90,270,245,,,,
exploratory,,web,all_scored,run_share,runs,forum_opened,0,0,0,90,270,0,,,,
exploratory,,web,all_scored,run_share,runs,forum_touched,0.9074,0.8481,0.9593,90,270,245,,,,
exploratory,,web,all_scored,run_share,runs,aggregator_shown_only,0.7556,0.6815,0.8259,90,270,204,,,,
exploratory,,web,all_scored,run_share,runs,aggregator_opened,0.1778,0.1111,0.2519,90,270,48,,,,
exploratory,,web,all_scored,run_share,runs,aggregator_touched,0.9333,0.8926,0.9704,90,270,252,,,,
exploratory,,web,all_scored,run_share,runs,forum_or_aggregator_shown_only,0.8222,0.7481,0.8889,90,270,222,,,,
exploratory,,web,all_scored,run_share,runs,forum_or_aggregator_opened,0.1778,0.1111,0.2519,90,270,48,,,,
exploratory,,web,all_scored,run_share,runs,forum_or_aggregator_touched,1,1,1,90,270,270,,,,
exploratory,,web,breadth,pooled_share,shown,filing,0.3492,0.2992,0.4009,15,45,,1744,4994,,
exploratory,,web,breadth,mean_run_share,shown,filing,0.3761,0.3159,0.4363,15,45,,,,,
exploratory,,web,breadth,pooled_share,shown,issuer,0.2239,0.1713,0.2719,15,45,,1118,4994,,
exploratory,,web,breadth,mean_run_share,shown,issuer,0.2099,0.1571,0.263,15,45,,,,,
exploratory,,web,breadth,pooled_share,shown,forum,0.1274,0.1048,0.1501,15,45,,636,4994,,
exploratory,,web,breadth,mean_run_share,shown,forum,0.1219,0.0962,0.1454,15,45,,,,,
exploratory,,web,breadth,pooled_share,shown,promotional,0.0046,0.0025,0.0066,15,45,,23,4994,,
exploratory,,web,breadth,mean_run_share,shown,promotional,0.0043,0.0023,0.0065,15,45,,,,,
exploratory,,web,breadth,pooled_share,shown,aggregator,0.1906,0.1601,0.225,15,45,,952,4994,,
exploratory,,web,breadth,mean_run_share,shown,aggregator,0.1871,0.1543,0.2263,15,45,,,,,
exploratory,,web,breadth,pooled_share,shown,news,0.0192,0.0111,0.0276,15,45,,96,4994,,
exploratory,,web,breadth,mean_run_share,shown,news,0.0176,0.0104,0.0253,15,45,,,,,
exploratory,,web,breadth,pooled_share,shown,reference,0.0741,0.055,0.0904,15,45,,370,4994,,
exploratory,,web,breadth,mean_run_share,shown,reference,0.073,0.0558,0.0889,15,45,,,,,
exploratory,,web,breadth,pooled_share,shown,other,0.011,0.006,0.0163,15,45,,55,4994,,
exploratory,,web,breadth,mean_run_share,shown,other,0.0101,0.0051,0.0156,15,45,,,,,
exploratory,,web,breadth,pooled_share,opened_or_archivist,filing,0.3214,0.2229,0.4745,15,45,,296,921,,
exploratory,,web,breadth,mean_run_share,opened_or_archivist,filing,0.4582,0.3203,0.5979,15,45,,,,,
exploratory,,web,breadth,pooled_share,opened_or_archivist,issuer,0.1998,0.0978,0.3137,15,45,,184,921,,
exploratory,,web,breadth,mean_run_share,opened_or_archivist,issuer,0.1949,0.1103,0.2857,15,45,,,,,
exploratory,,web,breadth,pooled_share,opened_or_archivist,forum,0,0,0,15,45,,0,921,,
exploratory,,web,breadth,mean_run_share,opened_or_archivist,forum,0,0,0,15,45,,,,,
exploratory,,web,breadth,pooled_share,opened_or_archivist,promotional,0,0,0,15,45,,0,921,,
exploratory,,web,breadth,mean_run_share,opened_or_archivist,promotional,0,0,0,15,45,,,,,
exploratory,,web,breadth,pooled_share,opened_or_archivist,aggregator,0.0825,0.0287,0.1276,15,45,,76,921,,
exploratory,,web,breadth,mean_run_share,opened_or_archivist,aggregator,0.0548,0.0178,0.1052,15,45,,,,,
exploratory,,web,breadth,pooled_share,opened_or_archivist,news,0.0043,0,0.0101,15,45,,4,921,,
exploratory,,web,breadth,mean_run_share,opened_or_archivist,news,0.0046,0,0.0116,15,45,,,,,
exploratory,,web,breadth,pooled_share,opened_or_archivist,reference,0,0,0,15,45,,0,921,,
exploratory,,web,breadth,mean_run_share,opened_or_archivist,reference,0,0,0,15,45,,,,,
exploratory,,web,breadth,pooled_share,opened_or_archivist,other,0.392,0.2489,0.4867,15,45,,361,921,,
exploratory,,web,breadth,mean_run_share,opened_or_archivist,other,0.2875,0.1942,0.3853,15,45,,,,,
exploratory,,web,breadth,run_share,runs,forum_shown_only,0.9111,0.7556,1,15,45,41,,,,
exploratory,,web,breadth,run_share,runs,forum_opened,0,0,0,15,45,0,,,,
exploratory,,web,breadth,run_share,runs,forum_touched,0.9111,0.7556,1,15,45,41,,,,
exploratory,,web,breadth,run_share,runs,aggregator_shown_only,0.5778,0.3556,0.7778,15,45,26,,,,
exploratory,,web,breadth,run_share,runs,aggregator_opened,0.4222,0.2222,0.6444,15,45,19,,,,
exploratory,,web,breadth,run_share,runs,aggregator_touched,1,1,1,15,45,45,,,,
exploratory,,web,breadth,run_share,runs,forum_or_aggregator_shown_only,0.5778,0.3556,0.7778,15,45,26,,,,
exploratory,,web,breadth,run_share,runs,forum_or_aggregator_opened,0.4222,0.2222,0.6444,15,45,19,,,,
exploratory,,web,breadth,run_share,runs,forum_or_aggregator_touched,1,1,1,15,45,45,,,,
exploratory,,web,control,pooled_share,shown,filing,0,0,0,2,6,,0,140,,
exploratory,,web,control,mean_run_share,shown,filing,0,0,0,2,6,,,,,
exploratory,,web,control,pooled_share,shown,issuer,0,0,0,2,6,,0,140,,
exploratory,,web,control,mean_run_share,shown,issuer,0,0,0,2,6,,,,,
exploratory,,web,control,pooled_share,shown,forum,0.1214,0.037,0.2373,2,6,,17,140,,
exploratory,,web,control,mean_run_share,shown,forum,0.1256,0.0371,0.214,2,6,,,,,
exploratory,,web,control,pooled_share,shown,promotional,0.0714,0,0.1695,2,6,,10,140,,
exploratory,,web,control,mean_run_share,shown,promotional,0.0836,0,0.1672,2,6,,,,,
exploratory,,web,control,pooled_share,shown,aggregator,0,0,0,2,6,,0,140,,
exploratory,,web,control,mean_run_share,shown,aggregator,0,0,0,2,6,,,,,
exploratory,,web,control,pooled_share,shown,news,0.1,0,0.1728,2,6,,14,140,,
exploratory,,web,control,mean_run_share,shown,news,0.0867,0,0.1735,2,6,,,,,
exploratory,,web,control,pooled_share,shown,reference,0.6786,0.5254,0.7901,2,6,,95,140,,
exploratory,,web,control,mean_run_share,shown,reference,0.6751,0.5608,0.7895,2,6,,,,,
exploratory,,web,control,pooled_share,shown,other,0.0286,0,0.0678,2,6,,4,140,,
exploratory,,web,control,mean_run_share,shown,other,0.029,0,0.058,2,6,,,,,
exploratory,,web,control,pooled_share,opened_or_archivist,filing,,,,,6,,0,0,,
exploratory,,web,control,mean_run_share,opened_or_archivist,filing,,,,,6,,,,,
exploratory,,web,control,pooled_share,opened_or_archivist,issuer,,,,,6,,0,0,,
exploratory,,web,control,mean_run_share,opened_or_archivist,issuer,,,,,6,,,,,
exploratory,,web,control,pooled_share,opened_or_archivist,forum,,,,,6,,0,0,,
exploratory,,web,control,mean_run_share,opened_or_archivist,forum,,,,,6,,,,,
exploratory,,web,control,pooled_share,opened_or_archivist,promotional,,,,,6,,0,0,,
exploratory,,web,control,mean_run_share,opened_or_archivist,promotional,,,,,6,,,,,
exploratory,,web,control,pooled_share,opened_or_archivist,aggregator,,,,,6,,0,0,,
exploratory,,web,control,mean_run_share,opened_or_archivist,aggregator,,,,,6,,,,,
exploratory,,web,control,pooled_share,opened_or_archivist,news,,,,,6,,0,0,,
exploratory,,web,control,mean_run_share,opened_or_archivist,news,,,,,6,,,,,
exploratory,,web,control,pooled_share,opened_or_archivist,reference,,,,,6,,0,0,,
exploratory,,web,control,mean_run_share,opened_or_archivist,reference,,,,,6,,,,,
exploratory,,web,control,pooled_share,opened_or_archivist,other,,,,,6,,0,0,,
exploratory,,web,control,mean_run_share,opened_or_archivist,other,,,,,6,,,,,
exploratory,,web,control,run_share,runs,forum_shown_only,1,1,1,2,6,6,,,,
exploratory,,web,control,run_share,runs,forum_opened,0,0,0,2,6,0,,,,
exploratory,,web,control,run_share,runs,forum_touched,1,1,1,2,6,6,,,,
exploratory,,web,control,run_share,runs,aggregator_shown_only,0,0,0,2,6,0,,,,
exploratory,,web,control,run_share,runs,aggregator_opened,0,0,0,2,6,0,,,,
exploratory,,web,control,run_share,runs,aggregator_touched,0,0,0,2,6,0,,,,
exploratory,,web,control,run_share,runs,forum_or_aggregator_shown_only,1,1,1,2,6,6,,,,
exploratory,,web,control,run_share,runs,forum_or_aggregator_opened,0,0,0,2,6,0,,,,
exploratory,,web,control,run_share,runs,forum_or_aggregator_touched,1,1,1,2,6,6,,,,
exploratory,,web,lookup,pooled_share,shown,filing,0.2338,0.1799,0.3029,15,45,,241,1031,,
exploratory,,web,lookup,mean_run_share,shown,filing,0.2399,0.1834,0.3092,15,45,,,,,
exploratory,,web,lookup,pooled_share,shown,issuer,0.2803,0.2115,0.3476,15,45,,289,1031,,
exploratory,,web,lookup,mean_run_share,shown,issuer,0.2963,0.233,0.3552,15,45,,,,,
exploratory,,web,lookup,pooled_share,shown,forum,0.1979,0.1254,0.2587,15,45,,204,1031,,
exploratory,,web,lookup,mean_run_share,shown,forum,0.1737,0.1062,0.2384,15,45,,,,,
exploratory,,web,lookup,pooled_share,shown,promotional,0.001,0,0.0031,15,45,,1,1031,,
exploratory,,web,lookup,mean_run_share,shown,promotional,0.0012,0,0.0037,15,45,,,,,
exploratory,,web,lookup,pooled_share,shown,aggregator,0.1901,0.1321,0.255,15,45,,196,1031,,
exploratory,,web,lookup,mean_run_share,shown,aggregator,0.2079,0.1447,0.2729,15,45,,,,,
exploratory,,web,lookup,pooled_share,shown,news,0.0427,0.0031,0.0993,15,45,,44,1031,,
exploratory,,web,lookup,mean_run_share,shown,news,0.0318,0.0032,0.0764,15,45,,,,,
exploratory,,web,lookup,pooled_share,shown,reference,0.0533,0.0271,0.0794,15,45,,55,1031,,
exploratory,,web,lookup,mean_run_share,shown,reference,0.0485,0.0238,0.074,15,45,,,,,
exploratory,,web,lookup,pooled_share,shown,other,0.001,0,0.0029,15,45,,1,1031,,
exploratory,,web,lookup,mean_run_share,shown,other,0.0006,0,0.0019,15,45,,,,,
exploratory,,web,lookup,pooled_share,opened_or_archivist,filing,0.5,0.3333,0.7826,15,45,,37,74,,
exploratory,,web,lookup,mean_run_share,opened_or_archivist,filing,0.6966,0.5021,0.8697,13,45,,,,,
exploratory,,web,lookup,pooled_share,opened_or_archivist,issuer,0.0811,0.0312,0.1351,15,45,,6,74,,
exploratory,,web,lookup,mean_run_share,opened_or_archivist,issuer,0.0908,0.0192,0.1795,13,45,,,,,
exploratory,,web,lookup,pooled_share,opened_or_archivist,forum,0,0,0,15,45,,0,74,,
exploratory,,web,lookup,mean_run_share,opened_or_archivist,forum,0,0,0,13,45,,,,,
exploratory,,web,lookup,pooled_share,opened_or_archivist,promotional,0,0,0,15,45,,0,74,,
exploratory,,web,lookup,mean_run_share,opened_or_archivist,promotional,0,0,0,13,45,,,,,
exploratory,,web,lookup,pooled_share,opened_or_archivist,aggregator,0.0541,0,0.1135,15,45,,4,74,,
exploratory,,web,lookup,mean_run_share,opened_or_archivist,aggregator,0.0278,0,0.0748,13,45,,,,,
exploratory,,web,lookup,pooled_share,opened_or_archivist,news,0,0,0,15,45,,0,74,,
exploratory,,web,lookup,mean_run_share,opened_or_archivist,news,0,0,0,13,45,,,,,
exploratory,,web,lookup,pooled_share,opened_or_archivist,reference,0,0,0,15,45,,0,74,,
exploratory,,web,lookup,mean_run_share,opened_or_archivist,reference,0,0,0,13,45,,,,,
exploratory,,web,lookup,pooled_share,opened_or_archivist,other,0.3649,0.08,0.5513,15,45,,27,74,,
exploratory,,web,lookup,mean_run_share,opened_or_archivist,other,0.1848,0.0353,0.3739,13,45,,,,,
exploratory,,web,lookup,run_share,runs,forum_shown_only,0.7556,0.5333,0.9333,15,45,34,,,,
exploratory,,web,lookup,run_share,runs,forum_opened,0,0,0,15,45,0,,,,
exploratory,,web,lookup,run_share,runs,forum_touched,0.7556,0.5333,0.9333,15,45,34,,,,
exploratory,,web,lookup,run_share,runs,aggregator_shown_only,0.8667,0.7333,0.9778,15,45,39,,,,
exploratory,,web,lookup,run_share,runs,aggregator_opened,0.0667,0,0.1778,15,45,3,,,,
exploratory,,web,lookup,run_share,runs,aggregator_touched,0.9333,0.8222,1,15,45,42,,,,
exploratory,,web,lookup,run_share,runs,forum_or_aggregator_shown_only,0.9333,0.8222,1,15,45,42,,,,
exploratory,,web,lookup,run_share,runs,forum_or_aggregator_opened,0.0667,0,0.1778,15,45,3,,,,
exploratory,,web,lookup,run_share,runs,forum_or_aggregator_touched,1,1,1,15,45,45,,,,
exploratory,,web,multi_document,pooled_share,shown,filing,0.2278,0.1794,0.2785,15,45,,356,1563,,
exploratory,,web,multi_document,mean_run_share,shown,filing,0.2312,0.1789,0.2861,15,45,,,,,
exploratory,,web,multi_document,pooled_share,shown,issuer,0.2386,0.1777,0.3077,15,45,,373,1563,,
exploratory,,web,multi_document,mean_run_share,shown,issuer,0.2411,0.1847,0.3029,15,45,,,,,
exploratory,,web,multi_document,pooled_share,shown,forum,0.2118,0.1507,0.2714,15,45,,331,1563,,
exploratory,,web,multi_document,mean_run_share,shown,forum,0.2088,0.1452,0.2713,15,45,,,,,
exploratory,,web,multi_document,pooled_share,shown,promotional,0.0083,0.0013,0.0164,15,45,,13,1563,,
exploratory,,web,multi_document,mean_run_share,shown,promotional,0.0068,0.0009,0.0144,15,45,,,,,
exploratory,,web,multi_document,pooled_share,shown,aggregator,0.1651,0.1031,0.2297,15,45,,258,1563,,
exploratory,,web,multi_document,mean_run_share,shown,aggregator,0.168,0.1008,0.2427,15,45,,,,,
exploratory,,web,multi_document,pooled_share,shown,news,0.0646,0.0311,0.103,15,45,,101,1563,,
exploratory,,web,multi_document,mean_run_share,shown,news,0.059,0.0303,0.093,15,45,,,,,
exploratory,,web,multi_document,pooled_share,shown,reference,0.0749,0.0507,0.0991,15,45,,117,1563,,
exploratory,,web,multi_document,mean_run_share,shown,reference,0.0772,0.052,0.1027,15,45,,,,,
exploratory,,web,multi_document,pooled_share,shown,other,0.009,0.0027,0.0173,15,45,,14,1563,,
exploratory,,web,multi_document,mean_run_share,shown,other,0.0079,0.0022,0.0158,15,45,,,,,
exploratory,,web,multi_document,pooled_share,opened_or_archivist,filing,0.4892,0.3892,0.6486,15,45,,91,186,,
exploratory,,web,multi_document,mean_run_share,opened_or_archivist,filing,0.5934,0.4217,0.768,15,45,,,,,
exploratory,,web,multi_document,pooled_share,opened_or_archivist,issuer,0.1237,0.0491,0.2378,15,45,,23,186,,
exploratory,,web,multi_document,mean_run_share,opened_or_archivist,issuer,0.1456,0.0356,0.2989,15,45,,,,,
exploratory,,web,multi_document,pooled_share,opened_or_archivist,forum,0,0,0,15,45,,0,186,,
exploratory,,web,multi_document,mean_run_share,opened_or_archivist,forum,0,0,0,15,45,,,,,
exploratory,,web,multi_document,pooled_share,opened_or_archivist,promotional,0,0,0,15,45,,0,186,,
exploratory,,web,multi_document,mean_run_share,opened_or_archivist,promotional,0,0,0,15,45,,,,,
exploratory,,web,multi_document,pooled_share,opened_or_archivist,aggregator,0.0215,0,0.0674,15,45,,4,186,,
exploratory,,web,multi_document,mean_run_share,opened_or_archivist,aggregator,0.01,0,0.03,15,45,,,,,
exploratory,,web,multi_document,pooled_share,opened_or_archivist,news,0,0,0,15,45,,0,186,,
exploratory,,web,multi_document,mean_run_share,opened_or_archivist,news,0,0,0,15,45,,,,,
exploratory,,web,multi_document,pooled_share,opened_or_archivist,reference,0,0,0,15,45,,0,186,,
exploratory,,web,multi_document,mean_run_share,opened_or_archivist,reference,0,0,0,15,45,,,,,
exploratory,,web,multi_document,pooled_share,opened_or_archivist,other,0.3656,0.2155,0.4485,15,45,,68,186,,
exploratory,,web,multi_document,mean_run_share,opened_or_archivist,other,0.251,0.1184,0.3854,15,45,,,,,
exploratory,,web,multi_document,run_share,runs,forum_shown_only,0.9333,0.8,1,15,45,42,,,,
exploratory,,web,multi_document,run_share,runs,forum_opened,0,0,0,15,45,0,,,,
exploratory,,web,multi_document,run_share,runs,forum_touched,0.9333,0.8,1,15,45,42,,,,
exploratory,,web,multi_document,run_share,runs,aggregator_shown_only,0.8,0.6444,0.9333,15,45,36,,,,
exploratory,,web,multi_document,run_share,runs,aggregator_opened,0.0444,0,0.1333,15,45,2,,,,
exploratory,,web,multi_document,run_share,runs,aggregator_touched,0.8444,0.6889,0.9556,15,45,38,,,,
exploratory,,web,multi_document,run_share,runs,forum_or_aggregator_shown_only,0.9556,0.8667,1,15,45,43,,,,
exploratory,,web,multi_document,run_share,runs,forum_or_aggregator_opened,0.0444,0,0.1333,15,45,2,,,,
exploratory,,web,multi_document,run_share,runs,forum_or_aggregator_touched,1,1,1,15,45,45,,,,
exploratory,,web,multi_hop_document,pooled_share,shown,filing,0.2333,0.1952,0.2807,15,45,,317,1359,,
exploratory,,web,multi_hop_document,mean_run_share,shown,filing,0.2358,0.1976,0.2768,15,45,,,,,
exploratory,,web,multi_hop_document,pooled_share,shown,issuer,0.2347,0.1706,0.3148,15,45,,319,1359,,
exploratory,,web,multi_hop_document,mean_run_share,shown,issuer,0.2583,0.188,0.3314,15,45,,,,,
exploratory,,web,multi_hop_document,pooled_share,shown,forum,0.1994,0.1561,0.2537,15,45,,271,1359,,
exploratory,,web,multi_hop_document,mean_run_share,shown,forum,0.199,0.1494,0.253,15,45,,,,,
exploratory,,web,multi_hop_document,pooled_share,shown,promotional,0.0059,0.0009,0.0103,15,45,,8,1359,,
exploratory,,web,multi_hop_document,mean_run_share,shown,promotional,0.0033,0.0007,0.0067,15,45,,,,,
exploratory,,web,multi_hop_document,pooled_share,shown,aggregator,0.2127,0.1447,0.2685,15,45,,289,1359,,
exploratory,,web,multi_hop_document,mean_run_share,shown,aggregator,0.1907,0.1427,0.2386,15,45,,,,,
exploratory,,web,multi_hop_document,pooled_share,shown,news,0.0287,0.0125,0.0488,15,45,,39,1359,,
exploratory,,web,multi_hop_document,mean_run_share,shown,news,0.0236,0.0083,0.0457,15,45,,,,,
exploratory,,web,multi_hop_document,pooled_share,shown,reference,0.0809,0.0554,0.1131,15,45,,110,1359,,
exploratory,,web,multi_hop_document,mean_run_share,shown,reference,0.0872,0.0594,0.1158,15,45,,,,,
exploratory,,web,multi_hop_document,pooled_share,shown,other,0.0044,0,0.0088,15,45,,6,1359,,
exploratory,,web,multi_hop_document,mean_run_share,shown,other,0.0019,0,0.0048,15,45,,,,,
exploratory,,web,multi_hop_document,pooled_share,opened_or_archivist,filing,0.3179,0.2318,0.5539,15,45,,55,173,,
exploratory,,web,multi_hop_document,mean_run_share,opened_or_archivist,filing,0.6218,0.4038,0.8296,15,45,,,,,
exploratory,,web,multi_hop_document,pooled_share,opened_or_archivist,issuer,0.0925,0.028,0.2258,15,45,,16,173,,
exploratory,,web,multi_hop_document,mean_run_share,opened_or_archivist,issuer,0.1129,0.018,0.2488,15,45,,,,,
exploratory,,web,multi_hop_document,pooled_share,opened_or_archivist,forum,0,0,0,15,45,,0,173,,
exploratory,,web,multi_hop_document,mean_run_share,opened_or_archivist,forum,0,0,0,15,45,,,,,
exploratory,,web,multi_hop_document,pooled_share,opened_or_archivist,promotional,0,0,0,15,45,,0,173,,
exploratory,,web,multi_hop_document,mean_run_share,opened_or_archivist,promotional,0,0,0,15,45,,,,,
exploratory,,web,multi_hop_document,pooled_share,opened_or_archivist,aggregator,0.0983,0,0.1408,15,45,,17,173,,
exploratory,,web,multi_hop_document,mean_run_share,opened_or_archivist,aggregator,0.0235,0,0.0588,15,45,,,,,
exploratory,,web,multi_hop_document,pooled_share,opened_or_archivist,news,0,0,0,15,45,,0,173,,
exploratory,,web,multi_hop_document,mean_run_share,opened_or_archivist,news,0,0,0,15,45,,,,,
exploratory,,web,multi_hop_document,pooled_share,opened_or_archivist,reference,0.0058,0,0.0112,15,45,,1,173,,
exploratory,,web,multi_hop_document,mean_run_share,opened_or_archivist,reference,0.0008,0,0.0025,15,45,,,,,
exploratory,,web,multi_hop_document,pooled_share,opened_or_archivist,other,0.4855,0.2921,0.5709,15,45,,84,173,,
exploratory,,web,multi_hop_document,mean_run_share,opened_or_archivist,other,0.241,0.0923,0.4077,15,45,,,,,
exploratory,,web,multi_hop_document,run_share,runs,forum_shown_only,0.9333,0.8,1,15,45,42,,,,
exploratory,,web,multi_hop_document,run_share,runs,forum_opened,0,0,0,15,45,0,,,,
exploratory,,web,multi_hop_document,run_share,runs,forum_touched,0.9333,0.8,1,15,45,42,,,,
exploratory,,web,multi_hop_document,run_share,runs,aggregator_shown_only,0.7778,0.5778,0.9333,15,45,35,,,,
exploratory,,web,multi_hop_document,run_share,runs,aggregator_opened,0.1333,0,0.3333,15,45,6,,,,
exploratory,,web,multi_hop_document,run_share,runs,aggregator_touched,0.9111,0.8,1,15,45,41,,,,
exploratory,,web,multi_hop_document,run_share,runs,forum_or_aggregator_shown_only,0.8667,0.6667,1,15,45,39,,,,
exploratory,,web,multi_hop_document,run_share,runs,forum_or_aggregator_opened,0.1333,0,0.3333,15,45,6,,,,
exploratory,,web,multi_hop_document,run_share,runs,forum_or_aggregator_touched,1,1,1,15,45,45,,,,
exploratory,,web,multi_period,pooled_share,shown,filing,0.3034,0.2382,0.3716,15,45,,733,2416,,
exploratory,,web,multi_period,mean_run_share,shown,filing,0.3019,0.2316,0.3735,15,45,,,,,
exploratory,,web,multi_period,pooled_share,shown,issuer,0.2057,0.1316,0.2866,15,45,,497,2416,,
exploratory,,web,multi_period,mean_run_share,shown,issuer,0.2278,0.1474,0.3083,15,45,,,,,
exploratory,,web,multi_period,pooled_share,shown,forum,0.2061,0.1581,0.2575,15,45,,498,2416,,
exploratory,,web,multi_period,mean_run_share,shown,forum,0.2059,0.1605,0.2557,15,45,,,,,
exploratory,,web,multi_period,pooled_share,shown,promotional,0.0075,0.0038,0.0116,15,45,,18,2416,,
exploratory,,web,multi_period,mean_run_share,shown,promotional,0.0067,0.0031,0.0108,15,45,,,,,
exploratory,,web,multi_period,pooled_share,shown,aggregator,0.1999,0.155,0.2476,15,45,,483,2416,,
exploratory,,web,multi_period,mean_run_share,shown,aggregator,0.1799,0.1342,0.2307,15,45,,,,,
exploratory,,web,multi_period,pooled_share,shown,news,0.0178,0.0065,0.0333,15,45,,43,2416,,
exploratory,,web,multi_period,mean_run_share,shown,news,0.0185,0.0051,0.0385,15,45,,,,,
exploratory,,web,multi_period,pooled_share,shown,reference,0.041,0.0226,0.0631,15,45,,99,2416,,
exploratory,,web,multi_period,mean_run_share,shown,reference,0.0408,0.0219,0.0639,15,45,,,,,
exploratory,,web,multi_period,pooled_share,shown,other,0.0186,0.0069,0.0334,15,45,,45,2416,,
exploratory,,web,multi_period,mean_run_share,shown,other,0.0185,0.0057,0.0348,15,45,,,,,
exploratory,,web,multi_period,pooled_share,opened_or_archivist,filing,0.4067,0.243,0.6311,15,45,,181,445,,
exploratory,,web,multi_period,mean_run_share,opened_or_archivist,filing,0.5015,0.2804,0.7311,15,45,,,,,
exploratory,,web,multi_period,pooled_share,opened_or_archivist,issuer,0.3393,0.1578,0.5659,15,45,,151,445,,
exploratory,,web,multi_period,mean_run_share,opened_or_archivist,issuer,0.3504,0.162,0.547,15,45,,,,,
exploratory,,web,multi_period,pooled_share,opened_or_archivist,forum,0,0,0,15,45,,0,445,,
exploratory,,web,multi_period,mean_run_share,opened_or_archivist,forum,0,0,0,15,45,,,,,
exploratory,,web,multi_period,pooled_share,opened_or_archivist,promotional,0,0,0,15,45,,0,445,,
exploratory,,web,multi_period,mean_run_share,opened_or_archivist,promotional,0,0,0,15,45,,,,,
exploratory,,web,multi_period,pooled_share,opened_or_archivist,aggregator,0.0337,0,0.0796,15,45,,15,445,,
exploratory,,web,multi_period,mean_run_share,opened_or_archivist,aggregator,0.0158,0,0.0427,15,45,,,,,
exploratory,,web,multi_period,pooled_share,opened_or_archivist,news,0,0,0,15,45,,0,445,,
exploratory,,web,multi_period,mean_run_share,opened_or_archivist,news,0,0,0,15,45,,,,,
exploratory,,web,multi_period,pooled_share,opened_or_archivist,reference,0,0,0,15,45,,0,445,,
exploratory,,web,multi_period,mean_run_share,opened_or_archivist,reference,0,0,0,15,45,,,,,
exploratory,,web,multi_period,pooled_share,opened_or_archivist,other,0.2202,0.0456,0.3538,15,45,,98,445,,
exploratory,,web,multi_period,mean_run_share,opened_or_archivist,other,0.1324,0.0361,0.2474,15,45,,,,,
exploratory,,web,multi_period,run_share,runs,forum_shown_only,1,1,1,15,45,45,,,,
exploratory,,web,multi_period,run_share,runs,forum_opened,0,0,0,15,45,0,,,,
exploratory,,web,multi_period,run_share,runs,forum_touched,1,1,1,15,45,45,,,,
exploratory,,web,multi_period,run_share,runs,aggregator_shown_only,0.8,0.6222,0.9556,15,45,36,,,,
exploratory,,web,multi_period,run_share,runs,aggregator_opened,0.1111,0,0.2667,15,45,5,,,,
exploratory,,web,multi_period,run_share,runs,aggregator_touched,0.9111,0.7778,1,15,45,41,,,,
exploratory,,web,multi_period,run_share,runs,forum_or_aggregator_shown_only,0.8889,0.7333,1,15,45,40,,,,
exploratory,,web,multi_period,run_share,runs,forum_or_aggregator_opened,0.1111,0,0.2667,15,45,5,,,,
exploratory,,web,multi_period,run_share,runs,forum_or_aggregator_touched,1,1,1,15,45,45,,,,
exploratory,,web,reach,pooled_share,shown,filing,0.2976,0.2614,0.3385,15,45,,1687,5669,,
exploratory,,web,reach,mean_run_share,shown,filing,0.3077,0.2618,0.3557,15,45,,,,,
exploratory,,web,reach,pooled_share,shown,issuer,0.2425,0.1936,0.285,15,45,,1375,5669,,
exploratory,,web,reach,mean_run_share,shown,issuer,0.2253,0.1667,0.2793,15,45,,,,,
exploratory,,web,reach,pooled_share,shown,forum,0.1448,0.1168,0.174,15,45,,821,5669,,
exploratory,,web,reach,mean_run_share,shown,forum,0.1427,0.1064,0.1787,15,45,,,,,
exploratory,,web,reach,pooled_share,shown,promotional,0.0201,0.0141,0.0267,15,45,,114,5669,,
exploratory,,web,reach,mean_run_share,shown,promotional,0.0192,0.0129,0.0259,15,45,,,,,
exploratory,,web,reach,pooled_share,shown,aggregator,0.221,0.1924,0.2514,15,45,,1253,5669,,
exploratory,,web,reach,mean_run_share,shown,aggregator,0.2202,0.1802,0.2645,15,45,,,,,
exploratory,,web,reach,pooled_share,shown,news,0.0288,0.0172,0.0456,15,45,,163,5669,,
exploratory,,web,reach,mean_run_share,shown,news,0.0411,0.0185,0.0709,15,45,,,,,
exploratory,,web,reach,pooled_share,shown,reference,0.0326,0.0219,0.0452,15,45,,185,5669,,
exploratory,,web,reach,mean_run_share,shown,reference,0.0323,0.0194,0.0483,15,45,,,,,
exploratory,,web,reach,pooled_share,shown,other,0.0125,0.0061,0.0203,15,45,,71,5669,,
exploratory,,web,reach,mean_run_share,shown,other,0.0114,0.0049,0.0201,15,45,,,,,
exploratory,,web,reach,pooled_share,opened_or_archivist,filing,0.5495,0.4201,0.7081,15,45,,605,1101,,
exploratory,,web,reach,mean_run_share,opened_or_archivist,filing,0.6268,0.4919,0.7577,15,45,,,,,
exploratory,,web,reach,pooled_share,opened_or_archivist,issuer,0.2398,0.1243,0.3625,15,45,,264,1101,,
exploratory,,web,reach,mean_run_share,opened_or_archivist,issuer,0.2228,0.1247,0.3277,15,45,,,,,
exploratory,,web,reach,pooled_share,opened_or_archivist,forum,0,0,0,15,45,,0,1101,,
exploratory,,web,reach,mean_run_share,opened_or_archivist,forum,0,0,0,15,45,,,,,
exploratory,,web,reach,pooled_share,opened_or_archivist,promotional,0,0,0,15,45,,0,1101,,
exploratory,,web,reach,mean_run_share,opened_or_archivist,promotional,0,0,0,15,45,,,,,
exploratory,,web,reach,pooled_share,opened_or_archivist,aggregator,0.0391,0.0072,0.0926,15,45,,43,1101,,
exploratory,,web,reach,mean_run_share,opened_or_archivist,aggregator,0.0238,0.0065,0.0515,15,45,,,,,
exploratory,,web,reach,pooled_share,opened_or_archivist,news,0,0,0,15,45,,0,1101,,
exploratory,,web,reach,mean_run_share,opened_or_archivist,news,0,0,0,15,45,,,,,
exploratory,,web,reach,pooled_share,opened_or_archivist,reference,0,0,0,15,45,,0,1101,,
exploratory,,web,reach,mean_run_share,opened_or_archivist,reference,0,0,0,15,45,,,,,
exploratory,,web,reach,pooled_share,opened_or_archivist,other,0.1717,0.0777,0.264,15,45,,189,1101,,
exploratory,,web,reach,mean_run_share,opened_or_archivist,other,0.1266,0.055,0.2157,15,45,,,,,
exploratory,,web,reach,run_share,runs,forum_shown_only,0.9111,0.7778,1,15,45,41,,,,
exploratory,,web,reach,run_share,runs,forum_opened,0,0,0,15,45,0,,,,
exploratory,,web,reach,run_share,runs,forum_touched,0.9111,0.7778,1,15,45,41,,,,
exploratory,,web,reach,run_share,runs,aggregator_shown_only,0.7111,0.5333,0.8667,15,45,32,,,,
exploratory,,web,reach,run_share,runs,aggregator_opened,0.2889,0.1333,0.4667,15,45,13,,,,
exploratory,,web,reach,run_share,runs,aggregator_touched,1,1,1,15,45,45,,,,
exploratory,,web,reach,run_share,runs,forum_or_aggregator_shown_only,0.7111,0.5333,0.8667,15,45,32,,,,
exploratory,,web,reach,run_share,runs,forum_or_aggregator_opened,0.2889,0.1333,0.4667,15,45,13,,,,
exploratory,,web,reach,run_share,runs,forum_or_aggregator_touched,1,1,1,15,45,45,,,,
exploratory,primary,archivist,all_scored,claim_share,claims,fact_label_filing,0.539,0.4546,0.6229,90,,,,,1458,2705
exploratory,primary,archivist,all_scored,claim_share,claims,fact_label_secondary,0,0,0,90,,,,,0,2705
exploratory,primary,archivist,all_scored,claim_share,claims,fact_label_secondary_issuer,0,0,0,90,,,,,0,2705
exploratory,primary,archivist,all_scored,claim_share,claims,fact_label_secondary_forum,0,0,0,90,,,,,0,2705
exploratory,primary,archivist,all_scored,claim_share,claims,fact_label_secondary_promotional,0,0,0,90,,,,,0,2705
exploratory,primary,archivist,all_scored,claim_share,claims,fact_label_secondary_aggregator,0,0,0,90,,,,,0,2705
exploratory,primary,archivist,all_scored,claim_share,claims,fact_label_secondary_news,0,0,0,90,,,,,0,2705
exploratory,primary,archivist,all_scored,claim_share,claims,fact_label_secondary_reference,0,0,0,90,,,,,0,2705
exploratory,primary,archivist,all_scored,claim_share,claims,fact_label_secondary_other,0,0,0,90,,,,,0,2705
exploratory,primary,archivist,all_scored,claim_share,claims,fact_label_unattributed,0.461,0.3771,0.5454,90,,,,,1247,2705
exploratory,primary,archivist,all_scored,claim_share,claims,fact_citation_only,0.0222,0.0144,0.0314,90,,,,,60,2705
exploratory,primary,archivist,all_scored,claim_share,claims,fact_secondary_use,0,0,0,90,,,,,0,2705
exploratory,primary,archivist,all_scored,claim_share,claims,primary_read_behind_secondary_use,,,,,,,,,0,0
exploratory,primary,archivist,all_scored,claim_share,claims,verified_by_archivist_of_web_valued_claims,,,,,,,,,0,0
exploratory,primary,archivist,all_scored,claim_share,claims,evaluative_absent_from_filing,0.75,0,1,90,,,,,3,4
exploratory,primary,archivist,breadth,claim_share,claims,fact_label_filing,0.6627,0.5049,0.8252,15,,,,,332,501
exploratory,primary,archivist,breadth,claim_share,claims,fact_label_secondary,0,0,0,15,,,,,0,501
exploratory,primary,archivist,breadth,claim_share,claims,fact_label_secondary_issuer,0,0,0,15,,,,,0,501
exploratory,primary,archivist,breadth,claim_share,claims,fact_label_secondary_forum,0,0,0,15,,,,,0,501
exploratory,primary,archivist,breadth,claim_share,claims,fact_label_secondary_promotional,0,0,0,15,,,,,0,501
exploratory,primary,archivist,breadth,claim_share,claims,fact_label_secondary_aggregator,0,0,0,15,,,,,0,501
exploratory,primary,archivist,breadth,claim_share,claims,fact_label_secondary_news,0,0,0,15,,,,,0,501
exploratory,primary,archivist,breadth,claim_share,claims,fact_label_secondary_reference,0,0,0,15,,,,,0,501
exploratory,primary,archivist,breadth,claim_share,claims,fact_label_secondary_other,0,0,0,15,,,,,0,501
exploratory,primary,archivist,breadth,claim_share,claims,fact_label_unattributed,0.3373,0.1748,0.4951,15,,,,,169,501
exploratory,primary,archivist,breadth,claim_share,claims,fact_citation_only,0.008,0,0.0259,15,,,,,4,501
exploratory,primary,archivist,breadth,claim_share,claims,fact_secondary_use,0,0,0,15,,,,,0,501
exploratory,primary,archivist,breadth,claim_share,claims,primary_read_behind_secondary_use,,,,,,,,,0,0
exploratory,primary,archivist,breadth,claim_share,claims,verified_by_archivist_of_web_valued_claims,,,,,,,,,0,0
exploratory,primary,archivist,breadth,claim_share,claims,evaluative_absent_from_filing,,,,,,,,,0,0
exploratory,primary,archivist,lookup,claim_share,claims,fact_label_filing,0.5491,0.3864,0.6949,15,,,,,95,173
exploratory,primary,archivist,lookup,claim_share,claims,fact_label_secondary,0,0,0,15,,,,,0,173
exploratory,primary,archivist,lookup,claim_share,claims,fact_label_secondary_issuer,0,0,0,15,,,,,0,173
exploratory,primary,archivist,lookup,claim_share,claims,fact_label_secondary_forum,0,0,0,15,,,,,0,173
exploratory,primary,archivist,lookup,claim_share,claims,fact_label_secondary_promotional,0,0,0,15,,,,,0,173
exploratory,primary,archivist,lookup,claim_share,claims,fact_label_secondary_aggregator,0,0,0,15,,,,,0,173
exploratory,primary,archivist,lookup,claim_share,claims,fact_label_secondary_news,0,0,0,15,,,,,0,173
exploratory,primary,archivist,lookup,claim_share,claims,fact_label_secondary_reference,0,0,0,15,,,,,0,173
exploratory,primary,archivist,lookup,claim_share,claims,fact_label_secondary_other,0,0,0,15,,,,,0,173
exploratory,primary,archivist,lookup,claim_share,claims,fact_label_unattributed,0.4509,0.3051,0.6136,15,,,,,78,173
exploratory,primary,archivist,lookup,claim_share,claims,fact_citation_only,0.0289,0,0.0727,15,,,,,5,173
exploratory,primary,archivist,lookup,claim_share,claims,fact_secondary_use,0,0,0,15,,,,,0,173
exploratory,primary,archivist,lookup,claim_share,claims,primary_read_behind_secondary_use,,,,,,,,,0,0
exploratory,primary,archivist,lookup,claim_share,claims,verified_by_archivist_of_web_valued_claims,,,,,,,,,0,0
exploratory,primary,archivist,lookup,claim_share,claims,evaluative_absent_from_filing,,,,,,,,,0,0
exploratory,primary,archivist,multi_document,claim_share,claims,fact_label_filing,0.6154,0.5175,0.7059,15,,,,,176,286
exploratory,primary,archivist,multi_document,claim_share,claims,fact_label_secondary,0,0,0,15,,,,,0,286
exploratory,primary,archivist,multi_document,claim_share,claims,fact_label_secondary_issuer,0,0,0,15,,,,,0,286
exploratory,primary,archivist,multi_document,claim_share,claims,fact_label_secondary_forum,0,0,0,15,,,,,0,286
exploratory,primary,archivist,multi_document,claim_share,claims,fact_label_secondary_promotional,0,0,0,15,,,,,0,286
exploratory,primary,archivist,multi_document,claim_share,claims,fact_label_secondary_aggregator,0,0,0,15,,,,,0,286
exploratory,primary,archivist,multi_document,claim_share,claims,fact_label_secondary_news,0,0,0,15,,,,,0,286
exploratory,primary,archivist,multi_document,claim_share,claims,fact_label_secondary_reference,0,0,0,15,,,,,0,286
exploratory,primary,archivist,multi_document,claim_share,claims,fact_label_secondary_other,0,0,0,15,,,,,0,286
exploratory,primary,archivist,multi_document,claim_share,claims,fact_label_unattributed,0.3846,0.2941,0.4825,15,,,,,110,286
exploratory,primary,archivist,multi_document,claim_share,claims,fact_citation_only,0.0175,0,0.0451,15,,,,,5,286
exploratory,primary,archivist,multi_document,claim_share,claims,fact_secondary_use,0,0,0,15,,,,,0,286
exploratory,primary,archivist,multi_document,claim_share,claims,primary_read_behind_secondary_use,,,,,,,,,0,0
exploratory,primary,archivist,multi_document,claim_share,claims,verified_by_archivist_of_web_valued_claims,,,,,,,,,0,0
exploratory,primary,archivist,multi_document,claim_share,claims,evaluative_absent_from_filing,,,,,,,,,0,0
exploratory,primary,archivist,multi_hop_document,claim_share,claims,fact_label_filing,0.5331,0.4014,0.6553,15,,,,,137,257
exploratory,primary,archivist,multi_hop_document,claim_share,claims,fact_label_secondary,0,0,0,15,,,,,0,257
exploratory,primary,archivist,multi_hop_document,claim_share,claims,fact_label_secondary_issuer,0,0,0,15,,,,,0,257
exploratory,primary,archivist,multi_hop_document,claim_share,claims,fact_label_secondary_forum,0,0,0,15,,,,,0,257
exploratory,primary,archivist,multi_hop_document,claim_share,claims,fact_label_secondary_promotional,0,0,0,15,,,,,0,257
exploratory,primary,archivist,multi_hop_document,claim_share,claims,fact_label_secondary_aggregator,0,0,0,15,,,,,0,257
exploratory,primary,archivist,multi_hop_document,claim_share,claims,fact_label_secondary_news,0,0,0,15,,,,,0,257
exploratory,primary,archivist,multi_hop_document,claim_share,claims,fact_label_secondary_reference,0,0,0,15,,,,,0,257
exploratory,primary,archivist,multi_hop_document,claim_share,claims,fact_label_secondary_other,0,0,0,15,,,,,0,257
exploratory,primary,archivist,multi_hop_document,claim_share,claims,fact_label_unattributed,0.4669,0.3447,0.5986,15,,,,,120,257
exploratory,primary,archivist,multi_hop_document,claim_share,claims,fact_citation_only,0.07,0.0315,0.1148,15,,,,,18,257
exploratory,primary,archivist,multi_hop_document,claim_share,claims,fact_secondary_use,0,0,0,15,,,,,0,257
exploratory,primary,archivist,multi_hop_document,claim_share,claims,primary_read_behind_secondary_use,,,,,,,,,0,0
exploratory,primary,archivist,multi_hop_document,claim_share,claims,verified_by_archivist_of_web_valued_claims,,,,,,,,,0,0
exploratory,primary,archivist,multi_hop_document,claim_share,claims,evaluative_absent_from_filing,0.75,0,1,15,,,,,3,4
exploratory,primary,archivist,multi_period,claim_share,claims,fact_label_filing,0.3423,0.1684,0.5225,15,,,,,127,371
exploratory,primary,archivist,multi_period,claim_share,claims,fact_label_secondary,0,0,0,15,,,,,0,371
exploratory,primary,archivist,multi_period,claim_share,claims,fact_label_secondary_issuer,0,0,0,15,,,,,0,371
exploratory,primary,archivist,multi_period,claim_share,claims,fact_label_secondary_forum,0,0,0,15,,,,,0,371
exploratory,primary,archivist,multi_period,claim_share,claims,fact_label_secondary_promotional,0,0,0,15,,,,,0,371
exploratory,primary,archivist,multi_period,claim_share,claims,fact_label_secondary_aggregator,0,0,0,15,,,,,0,371
exploratory,primary,archivist,multi_period,claim_share,claims,fact_label_secondary_news,0,0,0,15,,,,,0,371
exploratory,primary,archivist,multi_period,claim_share,claims,fact_label_secondary_reference,0,0,0,15,,,,,0,371
exploratory,primary,archivist,multi_period,claim_share,claims,fact_label_secondary_other,0,0,0,15,,,,,0,371
exploratory,primary,archivist,multi_period,claim_share,claims,fact_label_unattributed,0.6577,0.4775,0.8316,15,,,,,244,371
exploratory,primary,archivist,multi_period,claim_share,claims,fact_citation_only,0.035,0.0135,0.0618,15,,,,,13,371
exploratory,primary,archivist,multi_period,claim_share,claims,fact_secondary_use,0,0,0,15,,,,,0,371
exploratory,primary,archivist,multi_period,claim_share,claims,primary_read_behind_secondary_use,,,,,,,,,0,0
exploratory,primary,archivist,multi_period,claim_share,claims,verified_by_archivist_of_web_valued_claims,,,,,,,,,0,0
exploratory,primary,archivist,multi_period,claim_share,claims,evaluative_absent_from_filing,,,,,,,,,0,0
exploratory,primary,archivist,reach,claim_share,claims,fact_label_filing,0.5291,0.3543,0.6969,15,,,,,591,1117
exploratory,primary,archivist,reach,claim_share,claims,fact_label_secondary,0,0,0,15,,,,,0,1117
exploratory,primary,archivist,reach,claim_share,claims,fact_label_secondary_issuer,0,0,0,15,,,,,0,1117
exploratory,primary,archivist,reach,claim_share,claims,fact_label_secondary_forum,0,0,0,15,,,,,0,1117
exploratory,primary,archivist,reach,claim_share,claims,fact_label_secondary_promotional,0,0,0,15,,,,,0,1117
exploratory,primary,archivist,reach,claim_share,claims,fact_label_secondary_aggregator,0,0,0,15,,,,,0,1117
exploratory,primary,archivist,reach,claim_share,claims,fact_label_secondary_news,0,0,0,15,,,,,0,1117
exploratory,primary,archivist,reach,claim_share,claims,fact_label_secondary_reference,0,0,0,15,,,,,0,1117
exploratory,primary,archivist,reach,claim_share,claims,fact_label_secondary_other,0,0,0,15,,,,,0,1117
exploratory,primary,archivist,reach,claim_share,claims,fact_label_unattributed,0.4709,0.3031,0.6457,15,,,,,526,1117
exploratory,primary,archivist,reach,claim_share,claims,fact_citation_only,0.0134,0.0062,0.0217,15,,,,,15,1117
exploratory,primary,archivist,reach,claim_share,claims,fact_secondary_use,0,0,0,15,,,,,0,1117
exploratory,primary,archivist,reach,claim_share,claims,primary_read_behind_secondary_use,,,,,,,,,0,0
exploratory,primary,archivist,reach,claim_share,claims,verified_by_archivist_of_web_valued_claims,,,,,,,,,0,0
exploratory,primary,archivist,reach,claim_share,claims,evaluative_absent_from_filing,,,,,,,,,0,0
exploratory,primary,both,all_scored,claim_share,claims,fact_label_filing,0.5235,0.4365,0.6129,90,,,,,1349,2577
exploratory,primary,both,all_scored,claim_share,claims,fact_label_secondary,0.2511,0.1956,0.3153,90,,,,,647,2577
exploratory,primary,both,all_scored,claim_share,claims,fact_label_secondary_issuer,0.2258,0.1724,0.2869,90,,,,,582,2577
exploratory,primary,both,all_scored,claim_share,claims,fact_label_secondary_forum,0.014,0.0064,0.0239,90,,,,,36,2577
exploratory,primary,both,all_scored,claim_share,claims,fact_label_secondary_promotional,0.0004,0,0.0013,90,,,,,1,2577
exploratory,primary,both,all_scored,claim_share,claims,fact_label_secondary_aggregator,0.0078,0.0023,0.0144,90,,,,,20,2577
exploratory,primary,both,all_scored,claim_share,claims,fact_label_secondary_news,0.0016,0.0003,0.0033,90,,,,,4,2577
exploratory,primary,both,all_scored,claim_share,claims,fact_label_secondary_reference,0.0016,0,0.0037,90,,,,,4,2577
exploratory,primary,both,all_scored,claim_share,claims,fact_label_secondary_other,0,0,0,90,,,,,0,2577
exploratory,primary,both,all_scored,claim_share,claims,fact_label_unattributed,0.2255,0.1497,0.2999,90,,,,,581,2577
exploratory,primary,both,all_scored,claim_share,claims,fact_citation_only,0.0182,0.0112,0.0267,90,,,,,47,2577
exploratory,primary,both,all_scored,claim_share,claims,fact_secondary_use,0.0858,0.0517,0.131,90,,,,,221,2577
exploratory,primary,both,all_scored,claim_share,claims,primary_read_behind_secondary_use,0.2805,0.1736,0.4051,90,,,,,62,221
exploratory,primary,both,all_scored,claim_share,claims,verified_by_archivist_of_web_valued_claims,0.1535,0.086,0.2335,90,,,,,76,495
exploratory,primary,both,all_scored,claim_share,claims,evaluative_absent_from_filing,1,1,1,90,,,,,2,2
exploratory,primary,both,breadth,claim_share,claims,fact_label_filing,0.6779,0.5693,0.7718,15,,,,,301,444
exploratory,primary,both,breadth,claim_share,claims,fact_label_secondary,0.223,0.1223,0.3451,15,,,,,99,444
exploratory,primary,both,breadth,claim_share,claims,fact_label_secondary_issuer,0.2095,0.1054,0.3351,15,,,,,93,444
exploratory,primary,both,breadth,claim_share,claims,fact_label_secondary_forum,0,0,0,15,,,,,0,444
exploratory,primary,both,breadth,claim_share,claims,fact_label_secondary_promotional,0,0,0,15,,,,,0,444
exploratory,primary,both,breadth,claim_share,claims,fact_label_secondary_aggregator,0.009,0,0.0283,15,,,,,4,444
exploratory,primary,both,breadth,claim_share,claims,fact_label_secondary_news,0,0,0,15,,,,,0,444
exploratory,primary,both,breadth,claim_share,claims,fact_label_secondary_reference,0.0045,0,0.0142,15,,,,,2,444
exploratory,primary,both,breadth,claim_share,claims,fact_label_secondary_other,0,0,0,15,,,,,0,444
exploratory,primary,both,breadth,claim_share,claims,fact_label_unattributed,0.0991,0.053,0.1471,15,,,,,44,444
exploratory,primary,both,breadth,claim_share,claims,fact_citation_only,0.0045,0,0.0114,15,,,,,2,444
exploratory,primary,both,breadth,claim_share,claims,fact_secondary_use,0.1014,0.0283,0.2173,15,,,,,45,444
exploratory,primary,both,breadth,claim_share,claims,primary_read_behind_secondary_use,0.1556,0.0526,0.3636,15,,,,,7,45
exploratory,primary,both,breadth,claim_share,claims,verified_by_archivist_of_web_valued_claims,0.1818,0.0232,0.431,15,,,,,12,66
exploratory,primary,both,breadth,claim_share,claims,evaluative_absent_from_filing,,,,,,,,,0,0
exploratory,primary,both,lookup,claim_share,claims,fact_label_filing,0.6761,0.4962,0.8511,15,,,,,96,142
exploratory,primary,both,lookup,claim_share,claims,fact_label_secondary,0.2606,0.1295,0.3893,15,,,,,37,142
exploratory,primary,both,lookup,claim_share,claims,fact_label_secondary_issuer,0.2324,0.1119,0.3577,15,,,,,33,142
exploratory,primary,both,lookup,claim_share,claims,fact_label_secondary_forum,0.0141,0,0.0438,15,,,,,2,142
exploratory,primary,both,lookup,claim_share,claims,fact_label_secondary_promotional,0,0,0,15,,,,,0,142
exploratory,primary,both,lookup,claim_share,claims,fact_label_secondary_aggregator,0.007,0,0.0219,15,,,,,1,142
exploratory,primary,both,lookup,claim_share,claims,fact_label_secondary_news,0.007,0,0.0219,15,,,,,1,142
exploratory,primary,both,lookup,claim_share,claims,fact_label_secondary_reference,0,0,0,15,,,,,0,142
exploratory,primary,both,lookup,claim_share,claims,fact_label_secondary_other,0,0,0,15,,,,,0,142
exploratory,primary,both,lookup,claim_share,claims,fact_label_unattributed,0.0634,0.0072,0.1497,15,,,,,9,142
exploratory,primary,both,lookup,claim_share,claims,fact_citation_only,0.0211,0,0.0541,15,,,,,3,142
exploratory,primary,both,lookup,claim_share,claims,fact_secondary_use,0.0915,0,0.2308,15,,,,,13,142
exploratory,primary,both,lookup,claim_share,claims,primary_read_behind_secondary_use,0.3077,0,0.4,15,,,,,4,13
exploratory,primary,both,lookup,claim_share,claims,verified_by_archivist_of_web_valued_claims,0.0119,0,0.0448,15,,,,,1,84
exploratory,primary,both,lookup,claim_share,claims,evaluative_absent_from_filing,,,,,,,,,0,0
exploratory,primary,both,multi_document,claim_share,claims,fact_label_filing,0.5805,0.4539,0.6977,15,,,,,155,267
exploratory,primary,both,multi_document,claim_share,claims,fact_label_secondary,0.3596,0.2527,0.4884,15,,,,,96,267
exploratory,primary,both,multi_document,claim_share,claims,fact_label_secondary_issuer,0.3296,0.232,0.4498,15,,,,,88,267
exploratory,primary,both,multi_document,claim_share,claims,fact_label_secondary_forum,0.0075,0,0.0187,15,,,,,2,267
exploratory,primary,both,multi_document,claim_share,claims,fact_label_secondary_promotional,0.0037,0,0.0114,15,,,,,1,267
exploratory,primary,both,multi_document,claim_share,claims,fact_label_secondary_aggregator,0.0112,0,0.0297,15,,,,,3,267
exploratory,primary,both,multi_document,claim_share,claims,fact_label_secondary_news,0.0037,0,0.0117,15,,,,,1,267
exploratory,primary,both,multi_document,claim_share,claims,fact_label_secondary_reference,0.0037,0,0.0115,15,,,,,1,267
exploratory,primary,both,multi_document,claim_share,claims,fact_label_secondary_other,0,0,0,15,,,,,0,267
exploratory,primary,both,multi_document,claim_share,claims,fact_label_unattributed,0.0599,0.0212,0.1071,15,,,,,16,267
exploratory,primary,both,multi_document,claim_share,claims,fact_citation_only,0.0375,0,0.0824,15,,,,,10,267
exploratory,primary,both,multi_document,claim_share,claims,fact_secondary_use,0.3071,0.1581,0.4708,15,,,,,82,267
exploratory,primary,both,multi_document,claim_share,claims,primary_read_behind_secondary_use,0.3415,0.1444,0.5417,15,,,,,28,82
exploratory,primary,both,multi_document,claim_share,claims,verified_by_archivist_of_web_valued_claims,0.0798,0,0.2013,15,,,,,13,163
exploratory,primary,both,multi_document,claim_share,claims,evaluative_absent_from_filing,1,1,1,15,,,,,1,1
exploratory,primary,both,multi_hop_document,claim_share,claims,fact_label_filing,0.5966,0.5175,0.6845,15,,,,,142,238
exploratory,primary,both,multi_hop_document,claim_share,claims,fact_label_secondary,0.2689,0.1967,0.3382,15,,,,,64,238
exploratory,primary,both,multi_hop_document,claim_share,claims,fact_label_secondary_issuer,0.2227,0.1415,0.3065,15,,,,,53,238
exploratory,primary,both,multi_hop_document,claim_share,claims,fact_label_secondary_forum,0.0336,0,0.0764,15,,,,,8,238
exploratory,primary,both,multi_hop_document,claim_share,claims,fact_label_secondary_promotional,0,0,0,15,,,,,0,238
exploratory,primary,both,multi_hop_document,claim_share,claims,fact_label_secondary_aggregator,0.0084,0,0.0259,15,,,,,2,238
exploratory,primary,both,multi_hop_document,claim_share,claims,fact_label_secondary_news,0,0,0,15,,,,,0,238
exploratory,primary,both,multi_hop_document,claim_share,claims,fact_label_secondary_reference,0.0042,0,0.0129,15,,,,,1,238
exploratory,primary,both,multi_hop_document,claim_share,claims,fact_label_secondary_other,0,0,0,15,,,,,0,238
exploratory,primary,both,multi_hop_document,claim_share,claims,fact_label_unattributed,0.1345,0.0579,0.2165,15,,,,,32,238
exploratory,primary,both,multi_hop_document,claim_share,claims,fact_citation_only,0.0504,0.0186,0.084,15,,,,,12,238
exploratory,primary,both,multi_hop_document,claim_share,claims,fact_secondary_use,0.1471,0.0386,0.2926,15,,,,,35,238
exploratory,primary,both,multi_hop_document,claim_share,claims,primary_read_behind_secondary_use,0.5714,0.4,0.8,15,,,,,20,35
exploratory,primary,both,multi_hop_document,claim_share,claims,verified_by_archivist_of_web_valued_claims,0.044,0,0.1409,15,,,,,4,91
exploratory,primary,both,multi_hop_document,claim_share,claims,evaluative_absent_from_filing,1,1,1,15,,,,,1,1
exploratory,primary,both,multi_period,claim_share,claims,fact_label_filing,0.2872,0.1283,0.4712,15,,,,,108,376
exploratory,primary,both,multi_period,claim_share,claims,fact_label_secondary,0.5293,0.3503,0.7035,15,,,,,199,376
exploratory,primary,both,multi_period,claim_share,claims,fact_label_secondary_issuer,0.4574,0.2791,0.6386,15,,,,,172,376
exploratory,primary,both,multi_period,claim_share,claims,fact_label_secondary_forum,0.0505,0.0128,0.1014,15,,,,,19,376
exploratory,primary,both,multi_period,claim_share,claims,fact_label_secondary_promotional,0,0,0,15,,,,,0,376
exploratory,primary,both,multi_period,claim_share,claims,fact_label_secondary_aggregator,0.016,0,0.0466,15,,,,,6,376
exploratory,primary,both,multi_period,claim_share,claims,fact_label_secondary_news,0.0053,0,0.0134,15,,,,,2,376
exploratory,primary,both,multi_period,claim_share,claims,fact_label_secondary_reference,0,0,0,15,,,,,0,376
exploratory,primary,both,multi_period,claim_share,claims,fact_label_secondary_other,0,0,0,15,,,,,0,376
exploratory,primary,both,multi_period,claim_share,claims,fact_label_unattributed,0.1835,0.0712,0.3141,15,,,,,69,376
exploratory,primary,both,multi_period,claim_share,claims,fact_citation_only,0.0239,0.0101,0.042,15,,,,,9,376
exploratory,primary,both,multi_period,claim_share,claims,fact_secondary_use,0.1223,0.0249,0.2453,15,,,,,46,376
exploratory,primary,both,multi_period,claim_share,claims,primary_read_behind_secondary_use,0.0652,0,0.3125,15,,,,,3,46
exploratory,primary,both,multi_period,claim_share,claims,verified_by_archivist_of_web_valued_claims,0.1489,0.0488,0.2564,15,,,,,7,47
exploratory,primary,both,multi_period,claim_share,claims,evaluative_absent_from_filing,,,,,,,,,0,0
exploratory,primary,both,reach,claim_share,claims,fact_label_filing,0.4928,0.3101,0.6708,15,,,,,547,1110
exploratory,primary,both,reach,claim_share,claims,fact_label_secondary,0.1369,0.0645,0.2145,15,,,,,152,1110
exploratory,primary,both,reach,claim_share,claims,fact_label_secondary_issuer,0.1288,0.0559,0.2068,15,,,,,143,1110
exploratory,primary,both,reach,claim_share,claims,fact_label_secondary_forum,0.0045,0,0.0097,15,,,,,5,1110
exploratory,primary,both,reach,claim_share,claims,fact_label_secondary_promotional,0,0,0,15,,,,,0,1110
exploratory,primary,both,reach,claim_share,claims,fact_label_secondary_aggregator,0.0036,0,0.0108,15,,,,,4,1110
exploratory,primary,both,reach,claim_share,claims,fact_label_secondary_news,0,0,0,15,,,,,0,1110
exploratory,primary,both,reach,claim_share,claims,fact_label_secondary_reference,0,0,0,15,,,,,0,1110
exploratory,primary,both,reach,claim_share,claims,fact_label_secondary_other,0,0,0,15,,,,,0,1110
exploratory,primary,both,reach,claim_share,claims,fact_label_unattributed,0.3703,0.2211,0.5267,15,,,,,411,1110
exploratory,primary,both,reach,claim_share,claims,fact_citation_only,0.0099,0.0027,0.0186,15,,,,,11,1110
exploratory,primary,both,reach,claim_share,claims,fact_secondary_use,0,0,0,15,,,,,0,1110
exploratory,primary,both,reach,claim_share,claims,primary_read_behind_secondary_use,,,,,,,,,0,0
exploratory,primary,both,reach,claim_share,claims,verified_by_archivist_of_web_valued_claims,0.8864,0.75,0.9744,15,,,,,39,44
exploratory,primary,both,reach,claim_share,claims,evaluative_absent_from_filing,,,,,,,,,0,0
exploratory,primary,web,all_scored,claim_share,claims,fact_label_filing,0.4619,0.3838,0.5427,90,,,,,1212,2624
exploratory,primary,web,all_scored,claim_share,claims,fact_label_secondary,0.5008,0.4226,0.5763,90,,,,,1314,2624
exploratory,primary,web,all_scored,claim_share,claims,fact_label_secondary_issuer,0.4257,0.3479,0.5032,90,,,,,1117,2624
exploratory,primary,web,all_scored,claim_share,claims,fact_label_secondary_forum,0.0236,0.0105,0.0393,90,,,,,62,2624
exploratory,primary,web,all_scored,claim_share,claims,fact_label_secondary_promotional,0.0053,0.0004,0.0144,90,,,,,14,2624
exploratory,primary,web,all_scored,claim_share,claims,fact_label_secondary_aggregator,0.0389,0.0119,0.0824,90,,,,,102,2624
exploratory,primary,web,all_scored,claim_share,claims,fact_label_secondary_news,0.0023,0.0004,0.0047,90,,,,,6,2624
exploratory,primary,web,all_scored,claim_share,claims,fact_label_secondary_reference,0.0015,0,0.0037,90,,,,,4,2624
exploratory,primary,web,all_scored,claim_share,claims,fact_label_secondary_other,0.0034,0,0.0105,90,,,,,9,2624
exploratory,primary,web,all_scored,claim_share,claims,fact_label_unattributed,0.0373,0.0278,0.0479,90,,,,,98,2624
exploratory,primary,web,all_scored,claim_share,claims,fact_citation_only,0.0194,0.0116,0.0287,90,,,,,51,2624
exploratory,primary,web,all_scored,claim_share,claims,fact_secondary_use,0.2854,0.2209,0.3501,90,,,,,749,2624
exploratory,primary,web,all_scored,claim_share,claims,primary_read_behind_secondary_use,0.2069,0.1409,0.2817,90,,,,,155,749
exploratory,primary,web,all_scored,claim_share,claims,verified_by_archivist_of_web_valued_claims,0,0,0,90,,,,,0,1165
exploratory,primary,web,all_scored,claim_share,claims,evaluative_absent_from_filing,1,1,1,90,,,,,2,2
exploratory,primary,web,breadth,claim_share,claims,fact_label_filing,0.5132,0.3718,0.6545,15,,,,,234,456
exploratory,primary,web,breadth,claim_share,claims,fact_label_secondary,0.4737,0.3319,0.6161,15,,,,,216,456
exploratory,primary,web,breadth,claim_share,claims,fact_label_secondary_issuer,0.3575,0.2248,0.5056,15,,,,,163,456
exploratory,primary,web,breadth,claim_share,claims,fact_label_secondary_forum,0,0,0,15,,,,,0,456
exploratory,primary,web,breadth,claim_share,claims,fact_label_secondary_promotional,0.0022,0,0.006,15,,,,,1,456
exploratory,primary,web,breadth,claim_share,claims,fact_label_secondary_aggregator,0.1118,0,0.2906,15,,,,,51,456
exploratory,primary,web,breadth,claim_share,claims,fact_label_secondary_news,0.0022,0,0.007,15,,,,,1,456
exploratory,primary,web,breadth,claim_share,claims,fact_label_secondary_reference,0,0,0,15,,,,,0,456
exploratory,primary,web,breadth,claim_share,claims,fact_label_secondary_other,0,0,0,15,,,,,0,456
exploratory,primary,web,breadth,claim_share,claims,fact_label_unattributed,0.0132,0.0022,0.0271,15,,,,,6,456
exploratory,primary,web,breadth,claim_share,claims,fact_citation_only,0.0044,0,0.0109,15,,,,,2,456
exploratory,primary,web,breadth,claim_share,claims,fact_secondary_use,0.3355,0.2232,0.4547,15,,,,,153,456
exploratory,primary,web,breadth,claim_share,claims,primary_read_behind_secondary_use,0.2876,0.1503,0.442,15,,,,,44,153
exploratory,primary,web,breadth,claim_share,claims,verified_by_archivist_of_web_valued_claims,0,0,0,15,,,,,0,211
exploratory,primary,web,breadth,claim_share,claims,evaluative_absent_from_filing,,,,,,,,,0,0
exploratory,primary,web,lookup,claim_share,claims,fact_label_filing,0.5097,0.3357,0.6705,15,,,,,79,155
exploratory,primary,web,lookup,claim_share,claims,fact_label_secondary,0.4452,0.2994,0.6,15,,,,,69,155
exploratory,primary,web,lookup,claim_share,claims,fact_label_secondary_issuer,0.3677,0.2454,0.5101,15,,,,,57,155
exploratory,primary,web,lookup,claim_share,claims,fact_label_secondary_forum,0.0065,0,0.0204,15,,,,,1,155
exploratory,primary,web,lookup,claim_share,claims,fact_label_secondary_promotional,0,0,0,15,,,,,0,155
exploratory,primary,web,lookup,claim_share,claims,fact_label_secondary_aggregator,0.0645,0,0.1585,15,,,,,10,155
exploratory,primary,web,lookup,claim_share,claims,fact_label_secondary_news,0.0065,0,0.0201,15,,,,,1,155
exploratory,primary,web,lookup,claim_share,claims,fact_label_secondary_reference,0,0,0,15,,,,,0,155
exploratory,primary,web,lookup,claim_share,claims,fact_label_secondary_other,0,0,0,15,,,,,0,155
exploratory,primary,web,lookup,claim_share,claims,fact_label_unattributed,0.0452,0,0.104,15,,,,,7,155
exploratory,primary,web,lookup,claim_share,claims,fact_citation_only,0.0129,0,0.0423,15,,,,,2,155
exploratory,primary,web,lookup,claim_share,claims,fact_secondary_use,0.271,0.1184,0.4286,15,,,,,42,155
exploratory,primary,web,lookup,claim_share,claims,primary_read_behind_secondary_use,0.2619,0,0.5357,15,,,,,11,42
exploratory,primary,web,lookup,claim_share,claims,verified_by_archivist_of_web_valued_claims,0,0,0,15,,,,,0,82
exploratory,primary,web,lookup,claim_share,claims,evaluative_absent_from_filing,,,,,,,,,0,0
exploratory,primary,web,multi_document,claim_share,claims,fact_label_filing,0.6236,0.506,0.7269,15,,,,,164,263
exploratory,primary,web,multi_document,claim_share,claims,fact_label_secondary,0.3422,0.249,0.456,15,,,,,90,263
exploratory,primary,web,multi_document,claim_share,claims,fact_label_secondary_issuer,0.3004,0.216,0.4129,15,,,,,79,263
exploratory,primary,web,multi_document,claim_share,claims,fact_label_secondary_forum,0.0076,0,0.0185,15,,,,,2,263
exploratory,primary,web,multi_document,claim_share,claims,fact_label_secondary_promotional,0,0,0,15,,,,,0,263
exploratory,primary,web,multi_document,claim_share,claims,fact_label_secondary_aggregator,0.0228,0,0.0698,15,,,,,6,263
exploratory,primary,web,multi_document,claim_share,claims,fact_label_secondary_news,0.0076,0,0.0239,15,,,,,2,263
exploratory,primary,web,multi_document,claim_share,claims,fact_label_secondary_reference,0,0,0,15,,,,,0,263
exploratory,primary,web,multi_document,claim_share,claims,fact_label_secondary_other,0.0038,0,0.012,15,,,,,1,263
exploratory,primary,web,multi_document,claim_share,claims,fact_label_unattributed,0.0342,0.0114,0.0611,15,,,,,9,263
exploratory,primary,web,multi_document,claim_share,claims,fact_citation_only,0.0228,0,0.057,15,,,,,6,263
exploratory,primary,web,multi_document,claim_share,claims,fact_secondary_use,0.2814,0.1378,0.4343,15,,,,,74,263
exploratory,primary,web,multi_document,claim_share,claims,primary_read_behind_secondary_use,0.3378,0.0961,0.5803,15,,,,,25,74
exploratory,primary,web,multi_document,claim_share,claims,verified_by_archivist_of_web_valued_claims,0,0,0,15,,,,,0,155
exploratory,primary,web,multi_document,claim_share,claims,evaluative_absent_from_filing,,,,,,,,,0,0
exploratory,primary,web,multi_hop_document,claim_share,claims,fact_label_filing,0.6041,0.4449,0.7661,15,,,,,148,245
exploratory,primary,web,multi_hop_document,claim_share,claims,fact_label_secondary,0.351,0.1937,0.5116,15,,,,,86,245
exploratory,primary,web,multi_hop_document,claim_share,claims,fact_label_secondary_issuer,0.2245,0.125,0.3509,15,,,,,55,245
exploratory,primary,web,multi_hop_document,claim_share,claims,fact_label_secondary_forum,0.0367,0,0.0744,15,,,,,9,245
exploratory,primary,web,multi_hop_document,claim_share,claims,fact_label_secondary_promotional,0.0041,0,0.0116,15,,,,,1,245
exploratory,primary,web,multi_hop_document,claim_share,claims,fact_label_secondary_aggregator,0.0857,0.0092,0.1878,15,,,,,21,245
exploratory,primary,web,multi_hop_document,claim_share,claims,fact_label_secondary_news,0,0,0,15,,,,,0,245
exploratory,primary,web,multi_hop_document,claim_share,claims,fact_label_secondary_reference,0,0,0,15,,,,,0,245
exploratory,primary,web,multi_hop_document,claim_share,claims,fact_label_secondary_other,0,0,0,15,,,,,0,245
exploratory,primary,web,multi_hop_document,claim_share,claims,fact_label_unattributed,0.0449,0.0172,0.0758,15,,,,,11,245
exploratory,primary,web,multi_hop_document,claim_share,claims,fact_citation_only,0.0449,0.0172,0.0754,15,,,,,11,245
exploratory,primary,web,multi_hop_document,claim_share,claims,fact_secondary_use,0.2776,0.1357,0.4274,15,,,,,68,245
exploratory,primary,web,multi_hop_document,claim_share,claims,primary_read_behind_secondary_use,0.3676,0.1735,0.6739,15,,,,,25,68
exploratory,primary,web,multi_hop_document,claim_share,claims,verified_by_archivist_of_web_valued_claims,0,0,0,15,,,,,0,138
exploratory,primary,web,multi_hop_document,claim_share,claims,evaluative_absent_from_filing,1,1,1,15,,,,,2,2
exploratory,primary,web,multi_period,claim_share,claims,fact_label_filing,0.2732,0.1154,0.4534,15,,,,,103,377
exploratory,primary,web,multi_period,claim_share,claims,fact_label_secondary,0.6817,0.5096,0.8333,15,,,,,257,377
exploratory,primary,web,multi_period,claim_share,claims,fact_label_secondary_issuer,0.565,0.3737,0.7486,15,,,,,213,377
exploratory,primary,web,multi_period,claim_share,claims,fact_label_secondary_forum,0.0796,0.013,0.1597,15,,,,,30,377
exploratory,primary,web,multi_period,claim_share,claims,fact_label_secondary_promotional,0,0,0,15,,,,,0,377
exploratory,primary,web,multi_period,claim_share,claims,fact_label_secondary_aggregator,0.0159,0,0.036,15,,,,,6,377
exploratory,primary,web,multi_period,claim_share,claims,fact_label_secondary_news,0,0,0,15,,,,,0,377
exploratory,primary,web,multi_period,claim_share,claims,fact_label_secondary_reference,0,0,0,15,,,,,0,377
exploratory,primary,web,multi_period,claim_share,claims,fact_label_secondary_other,0.0212,0,0.064,15,,,,,8,377
exploratory,primary,web,multi_period,claim_share,claims,fact_label_unattributed,0.0451,0.0206,0.0746,15,,,,,17,377
exploratory,primary,web,multi_period,claim_share,claims,fact_citation_only,0.0292,0.008,0.0563,15,,,,,11,377
exploratory,primary,web,multi_period,claim_share,claims,fact_secondary_use,0.3369,0.1558,0.5265,15,,,,,127,377
exploratory,primary,web,multi_period,claim_share,claims,primary_read_behind_secondary_use,0,0,0,15,,,,,0,127
exploratory,primary,web,multi_period,claim_share,claims,verified_by_archivist_of_web_valued_claims,0,0,0,15,,,,,0,67
exploratory,primary,web,multi_period,claim_share,claims,evaluative_absent_from_filing,,,,,,,,,0,0
exploratory,primary,web,reach,claim_share,claims,fact_label_filing,0.4291,0.2815,0.5801,15,,,,,484,1128
exploratory,primary,web,reach,claim_share,claims,fact_label_secondary,0.5284,0.379,0.6707,15,,,,,596,1128
exploratory,primary,web,reach,claim_share,claims,fact_label_secondary_issuer,0.4876,0.3425,0.63,15,,,,,550,1128
exploratory,primary,web,reach,claim_share,claims,fact_label_secondary_forum,0.0177,0.0044,0.0388,15,,,,,20,1128
exploratory,primary,web,reach,claim_share,claims,fact_label_secondary_promotional,0.0106,0,0.0307,15,,,,,12,1128
exploratory,primary,web,reach,claim_share,claims,fact_label_secondary_aggregator,0.0071,0.0009,0.0143,15,,,,,8,1128
exploratory,primary,web,reach,claim_share,claims,fact_label_secondary_news,0.0018,0,0.0044,15,,,,,2,1128
exploratory,primary,web,reach,claim_share,claims,fact_label_secondary_reference,0.0035,0,0.0087,15,,,,,4,1128
exploratory,primary,web,reach,claim_share,claims,fact_label_secondary_other,0,0,0,15,,,,,0,1128
exploratory,primary,web,reach,claim_share,claims,fact_label_unattributed,0.0426,0.029,0.0602,15,,,,,48,1128
exploratory,primary,web,reach,claim_share,claims,fact_citation_only,0.0168,0.0053,0.0332,15,,,,,19,1128
exploratory,primary,web,reach,claim_share,claims,fact_secondary_use,0.2527,0.144,0.3673,15,,,,,285,1128
exploratory,primary,web,reach,claim_share,claims,primary_read_behind_secondary_use,0.1754,0.0728,0.3073,15,,,,,50,285
exploratory,primary,web,reach,claim_share,claims,verified_by_archivist_of_web_valued_claims,0,0,0,15,,,,,0,512
exploratory,primary,web,reach,claim_share,claims,evaluative_absent_from_filing,,,,,,,,,0,0
exploratory,numbers_only,archivist,all_scored,claim_share,claims,fact_label_filing,0.8322,0.776,0.8789,90,,,,,2251,2705
exploratory,numbers_only,archivist,all_scored,claim_share,claims,fact_label_secondary,0,0,0,90,,,,,0,2705
exploratory,numbers_only,archivist,all_scored,claim_share,claims,fact_label_secondary_issuer,0,0,0,90,,,,,0,2705
exploratory,numbers_only,archivist,all_scored,claim_share,claims,fact_label_secondary_forum,0,0,0,90,,,,,0,2705
exploratory,numbers_only,archivist,all_scored,claim_share,claims,fact_label_secondary_promotional,0,0,0,90,,,,,0,2705
exploratory,numbers_only,archivist,all_scored,claim_share,claims,fact_label_secondary_aggregator,0,0,0,90,,,,,0,2705
exploratory,numbers_only,archivist,all_scored,claim_share,claims,fact_label_secondary_news,0,0,0,90,,,,,0,2705
exploratory,numbers_only,archivist,all_scored,claim_share,claims,fact_label_secondary_reference,0,0,0,90,,,,,0,2705
exploratory,numbers_only,archivist,all_scored,claim_share,claims,fact_label_secondary_other,0,0,0,90,,,,,0,2705
exploratory,numbers_only,archivist,all_scored,claim_share,claims,fact_label_unattributed,0.1678,0.1211,0.224,90,,,,,454,2705
exploratory,numbers_only,archivist,all_scored,claim_share,claims,fact_citation_only,0.0222,0.0144,0.0314,90,,,,,60,2705
exploratory,numbers_only,archivist,all_scored,claim_share,claims,fact_secondary_use,0,0,0,90,,,,,0,2705
exploratory,numbers_only,archivist,all_scored,claim_share,claims,primary_read_behind_secondary_use,,,,,,,,,0,0
exploratory,numbers_only,archivist,all_scored,claim_share,claims,verified_by_archivist_of_web_valued_claims,,,,,,,,,0,0
exploratory,numbers_only,archivist,all_scored,claim_share,claims,evaluative_absent_from_filing,0.75,0,1,90,,,,,3,4
exploratory,numbers_only,archivist,breadth,claim_share,claims,fact_label_filing,0.7146,0.5438,0.8937,15,,,,,358,501
exploratory,numbers_only,archivist,breadth,claim_share,claims,fact_label_secondary,0,0,0,15,,,,,0,501
exploratory,numbers_only,archivist,breadth,claim_share,claims,fact_label_secondary_issuer,0,0,0,15,,,,,0,501
exploratory,numbers_only,archivist,breadth,claim_share,claims,fact_label_secondary_forum,0,0,0,15,,,,,0,501
exploratory,numbers_only,archivist,breadth,claim_share,claims,fact_label_secondary_promotional,0,0,0,15,,,,,0,501
exploratory,numbers_only,archivist,breadth,claim_share,claims,fact_label_secondary_aggregator,0,0,0,15,,,,,0,501
exploratory,numbers_only,archivist,breadth,claim_share,claims,fact_label_secondary_news,0,0,0,15,,,,,0,501
exploratory,numbers_only,archivist,breadth,claim_share,claims,fact_label_secondary_reference,0,0,0,15,,,,,0,501
exploratory,numbers_only,archivist,breadth,claim_share,claims,fact_label_secondary_other,0,0,0,15,,,,,0,501
exploratory,numbers_only,archivist,breadth,claim_share,claims,fact_label_unattributed,0.2854,0.1063,0.4562,15,,,,,143,501
exploratory,numbers_only,archivist,breadth,claim_share,claims,fact_citation_only,0.008,0,0.0259,15,,,,,4,501
exploratory,numbers_only,archivist,breadth,claim_share,claims,fact_secondary_use,0,0,0,15,,,,,0,501
exploratory,numbers_only,archivist,breadth,claim_share,claims,primary_read_behind_secondary_use,,,,,,,,,0,0
exploratory,numbers_only,archivist,breadth,claim_share,claims,verified_by_archivist_of_web_valued_claims,,,,,,,,,0,0
exploratory,numbers_only,archivist,breadth,claim_share,claims,evaluative_absent_from_filing,,,,,,,,,0,0
exploratory,numbers_only,archivist,lookup,claim_share,claims,fact_label_filing,0.659,0.5195,0.7813,15,,,,,114,173
exploratory,numbers_only,archivist,lookup,claim_share,claims,fact_label_secondary,0,0,0,15,,,,,0,173
exploratory,numbers_only,archivist,lookup,claim_share,claims,fact_label_secondary_issuer,0,0,0,15,,,,,0,173
exploratory,numbers_only,archivist,lookup,claim_share,claims,fact_label_secondary_forum,0,0,0,15,,,,,0,173
exploratory,numbers_only,archivist,lookup,claim_share,claims,fact_label_secondary_promotional,0,0,0,15,,,,,0,173
exploratory,numbers_only,archivist,lookup,claim_share,claims,fact_label_secondary_aggregator,0,0,0,15,,,,,0,173
exploratory,numbers_only,archivist,lookup,claim_share,claims,fact_label_secondary_news,0,0,0,15,,,,,0,173
exploratory,numbers_only,archivist,lookup,claim_share,claims,fact_label_secondary_reference,0,0,0,15,,,,,0,173
exploratory,numbers_only,archivist,lookup,claim_share,claims,fact_label_secondary_other,0,0,0,15,,,,,0,173
exploratory,numbers_only,archivist,lookup,claim_share,claims,fact_label_unattributed,0.341,0.2187,0.4805,15,,,,,59,173
exploratory,numbers_only,archivist,lookup,claim_share,claims,fact_citation_only,0.0289,0,0.0727,15,,,,,5,173
exploratory,numbers_only,archivist,lookup,claim_share,claims,fact_secondary_use,0,0,0,15,,,,,0,173
exploratory,numbers_only,archivist,lookup,claim_share,claims,primary_read_behind_secondary_use,,,,,,,,,0,0
exploratory,numbers_only,archivist,lookup,claim_share,claims,verified_by_archivist_of_web_valued_claims,,,,,,,,,0,0
exploratory,numbers_only,archivist,lookup,claim_share,claims,evaluative_absent_from_filing,,,,,,,,,0,0
exploratory,numbers_only,archivist,multi_document,claim_share,claims,fact_label_filing,0.7133,0.631,0.7823,15,,,,,204,286
exploratory,numbers_only,archivist,multi_document,claim_share,claims,fact_label_secondary,0,0,0,15,,,,,0,286
exploratory,numbers_only,archivist,multi_document,claim_share,claims,fact_label_secondary_issuer,0,0,0,15,,,,,0,286
exploratory,numbers_only,archivist,multi_document,claim_share,claims,fact_label_secondary_forum,0,0,0,15,,,,,0,286
exploratory,numbers_only,archivist,multi_document,claim_share,claims,fact_label_secondary_promotional,0,0,0,15,,,,,0,286
exploratory,numbers_only,archivist,multi_document,claim_share,claims,fact_label_secondary_aggregator,0,0,0,15,,,,,0,286
exploratory,numbers_only,archivist,multi_document,claim_share,claims,fact_label_secondary_news,0,0,0,15,,,,,0,286
exploratory,numbers_only,archivist,multi_document,claim_share,claims,fact_label_secondary_reference,0,0,0,15,,,,,0,286
exploratory,numbers_only,archivist,multi_document,claim_share,claims,fact_label_secondary_other,0,0,0,15,,,,,0,286
exploratory,numbers_only,archivist,multi_document,claim_share,claims,fact_label_unattributed,0.2867,0.2177,0.369,15,,,,,82,286
exploratory,numbers_only,archivist,multi_document,claim_share,claims,fact_citation_only,0.0175,0,0.0451,15,,,,,5,286
exploratory,numbers_only,archivist,multi_document,claim_share,claims,fact_secondary_use,0,0,0,15,,,,,0,286
exploratory,numbers_only,archivist,multi_document,claim_share,claims,primary_read_behind_secondary_use,,,,,,,,,0,0
exploratory,numbers_only,archivist,multi_document,claim_share,claims,verified_by_archivist_of_web_valued_claims,,,,,,,,,0,0
exploratory,numbers_only,archivist,multi_document,claim_share,claims,evaluative_absent_from_filing,,,,,,,,,0,0
exploratory,numbers_only,archivist,multi_hop_document,claim_share,claims,fact_label_filing,0.6459,0.5547,0.728,15,,,,,166,257
exploratory,numbers_only,archivist,multi_hop_document,claim_share,claims,fact_label_secondary,0,0,0,15,,,,,0,257
exploratory,numbers_only,archivist,multi_hop_document,claim_share,claims,fact_label_secondary_issuer,0,0,0,15,,,,,0,257
exploratory,numbers_only,archivist,multi_hop_document,claim_share,claims,fact_label_secondary_forum,0,0,0,15,,,,,0,257
exploratory,numbers_only,archivist,multi_hop_document,claim_share,claims,fact_label_secondary_promotional,0,0,0,15,,,,,0,257
exploratory,numbers_only,archivist,multi_hop_document,claim_share,claims,fact_label_secondary_aggregator,0,0,0,15,,,,,0,257
exploratory,numbers_only,archivist,multi_hop_document,claim_share,claims,fact_label_secondary_news,0,0,0,15,,,,,0,257
exploratory,numbers_only,archivist,multi_hop_document,claim_share,claims,fact_label_secondary_reference,0,0,0,15,,,,,0,257
exploratory,numbers_only,archivist,multi_hop_document,claim_share,claims,fact_label_secondary_other,0,0,0,15,,,,,0,257
exploratory,numbers_only,archivist,multi_hop_document,claim_share,claims,fact_label_unattributed,0.3541,0.272,0.4453,15,,,,,91,257
exploratory,numbers_only,archivist,multi_hop_document,claim_share,claims,fact_citation_only,0.07,0.0315,0.1148,15,,,,,18,257
exploratory,numbers_only,archivist,multi_hop_document,claim_share,claims,fact_secondary_use,0,0,0,15,,,,,0,257
exploratory,numbers_only,archivist,multi_hop_document,claim_share,claims,primary_read_behind_secondary_use,,,,,,,,,0,0
exploratory,numbers_only,archivist,multi_hop_document,claim_share,claims,verified_by_archivist_of_web_valued_claims,,,,,,,,,0,0
exploratory,numbers_only,archivist,multi_hop_document,claim_share,claims,evaluative_absent_from_filing,0.75,0,1,15,,,,,3,4
exploratory,numbers_only,archivist,multi_period,claim_share,claims,fact_label_filing,0.9111,0.8817,0.9401,15,,,,,338,371
exploratory,numbers_only,archivist,multi_period,claim_share,claims,fact_label_secondary,0,0,0,15,,,,,0,371
exploratory,numbers_only,archivist,multi_period,claim_share,claims,fact_label_secondary_issuer,0,0,0,15,,,,,0,371
exploratory,numbers_only,archivist,multi_period,claim_share,claims,fact_label_secondary_forum,0,0,0,15,,,,,0,371
exploratory,numbers_only,archivist,multi_period,claim_share,claims,fact_label_secondary_promotional,0,0,0,15,,,,,0,371
exploratory,numbers_only,archivist,multi_period,claim_share,claims,fact_label_secondary_aggregator,0,0,0,15,,,,,0,371
exploratory,numbers_only,archivist,multi_period,claim_share,claims,fact_label_secondary_news,0,0,0,15,,,,,0,371
exploratory,numbers_only,archivist,multi_period,claim_share,claims,fact_label_secondary_reference,0,0,0,15,,,,,0,371
exploratory,numbers_only,archivist,multi_period,claim_share,claims,fact_label_secondary_other,0,0,0,15,,,,,0,371
exploratory,numbers_only,archivist,multi_period,claim_share,claims,fact_label_unattributed,0.0889,0.0599,0.1183,15,,,,,33,371
exploratory,numbers_only,archivist,multi_period,claim_share,claims,fact_citation_only,0.035,0.0135,0.0618,15,,,,,13,371
exploratory,numbers_only,archivist,multi_period,claim_share,claims,fact_secondary_use,0,0,0,15,,,,,0,371
exploratory,numbers_only,archivist,multi_period,claim_share,claims,primary_read_behind_secondary_use,,,,,,,,,0,0
exploratory,numbers_only,archivist,multi_period,claim_share,claims,verified_by_archivist_of_web_valued_claims,,,,,,,,,0,0
exploratory,numbers_only,archivist,multi_period,claim_share,claims,evaluative_absent_from_filing,,,,,,,,,0,0
exploratory,numbers_only,archivist,reach,claim_share,claims,fact_label_filing,0.9588,0.9336,0.9795,15,,,,,1071,1117
exploratory,numbers_only,archivist,reach,claim_share,claims,fact_label_secondary,0,0,0,15,,,,,0,1117
exploratory,numbers_only,archivist,reach,claim_share,claims,fact_label_secondary_issuer,0,0,0,15,,,,,0,1117
exploratory,numbers_only,archivist,reach,claim_share,claims,fact_label_secondary_forum,0,0,0,15,,,,,0,1117
exploratory,numbers_only,archivist,reach,claim_share,claims,fact_label_secondary_promotional,0,0,0,15,,,,,0,1117
exploratory,numbers_only,archivist,reach,claim_share,claims,fact_label_secondary_aggregator,0,0,0,15,,,,,0,1117
exploratory,numbers_only,archivist,reach,claim_share,claims,fact_label_secondary_news,0,0,0,15,,,,,0,1117
exploratory,numbers_only,archivist,reach,claim_share,claims,fact_label_secondary_reference,0,0,0,15,,,,,0,1117
exploratory,numbers_only,archivist,reach,claim_share,claims,fact_label_secondary_other,0,0,0,15,,,,,0,1117
exploratory,numbers_only,archivist,reach,claim_share,claims,fact_label_unattributed,0.0412,0.0205,0.0664,15,,,,,46,1117
exploratory,numbers_only,archivist,reach,claim_share,claims,fact_citation_only,0.0134,0.0062,0.0217,15,,,,,15,1117
exploratory,numbers_only,archivist,reach,claim_share,claims,fact_secondary_use,0,0,0,15,,,,,0,1117
exploratory,numbers_only,archivist,reach,claim_share,claims,primary_read_behind_secondary_use,,,,,,,,,0,0
exploratory,numbers_only,archivist,reach,claim_share,claims,verified_by_archivist_of_web_valued_claims,,,,,,,,,0,0
exploratory,numbers_only,archivist,reach,claim_share,claims,evaluative_absent_from_filing,,,,,,,,,0,0
exploratory,numbers_only,both,all_scored,claim_share,claims,fact_label_filing,0.8452,0.7975,0.884,90,,,,,2178,2577
exploratory,numbers_only,both,all_scored,claim_share,claims,fact_label_secondary,0.1071,0.0735,0.1499,90,,,,,276,2577
exploratory,numbers_only,both,all_scored,claim_share,claims,fact_label_secondary_issuer,0.0962,0.0637,0.1373,90,,,,,248,2577
exploratory,numbers_only,both,all_scored,claim_share,claims,fact_label_secondary_forum,0.005,0.0011,0.0111,90,,,,,13,2577
exploratory,numbers_only,both,all_scored,claim_share,claims,fact_label_secondary_promotional,0,0,0,90,,,,,0,2577
exploratory,numbers_only,both,all_scored,claim_share,claims,fact_label_secondary_aggregator,0.0043,0.0012,0.0082,90,,,,,11,2577
exploratory,numbers_only,both,all_scored,claim_share,claims,fact_label_secondary_news,0.0012,0,0.0027,90,,,,,3,2577
exploratory,numbers_only,both,all_scored,claim_share,claims,fact_label_secondary_reference,0.0004,0,0.0013,90,,,,,1,2577
exploratory,numbers_only,both,all_scored,claim_share,claims,fact_label_secondary_other,0,0,0,90,,,,,0,2577
exploratory,numbers_only,both,all_scored,claim_share,claims,fact_label_unattributed,0.0477,0.0344,0.0623,90,,,,,123,2577
exploratory,numbers_only,both,all_scored,claim_share,claims,fact_citation_only,0.0182,0.0112,0.0267,90,,,,,47,2577
exploratory,numbers_only,both,all_scored,claim_share,claims,fact_secondary_use,0.0858,0.0517,0.131,90,,,,,221,2577
exploratory,numbers_only,both,all_scored,claim_share,claims,primary_read_behind_secondary_use,0.3575,0.2578,0.4769,90,,,,,79,221
exploratory,numbers_only,both,all_scored,claim_share,claims,verified_by_archivist_of_web_valued_claims,0.3067,0.2049,0.4145,90,,,,,242,789
exploratory,numbers_only,both,all_scored,claim_share,claims,evaluative_absent_from_filing,1,1,1,90,,,,,2,2
exploratory,numbers_only,both,breadth,claim_share,claims,fact_label_filing,0.7995,0.6902,0.8965,15,,,,,355,444
exploratory,numbers_only,both,breadth,claim_share,claims,fact_label_secondary,0.1486,0.0557,0.2659,15,,,,,66,444
exploratory,numbers_only,both,breadth,claim_share,claims,fact_label_secondary_issuer,0.1441,0.0494,0.2634,15,,,,,64,444
exploratory,numbers_only,both,breadth,claim_share,claims,fact_label_secondary_forum,0,0,0,15,,,,,0,444
exploratory,numbers_only,both,breadth,claim_share,claims,fact_label_secondary_promotional,0,0,0,15,,,,,0,444
exploratory,numbers_only,both,breadth,claim_share,claims,fact_label_secondary_aggregator,0.0023,0,0.0071,15,,,,,1,444
exploratory,numbers_only,both,breadth,claim_share,claims,fact_label_secondary_news,0,0,0,15,,,,,0,444
exploratory,numbers_only,both,breadth,claim_share,claims,fact_label_secondary_reference,0.0023,0,0.0071,15,,,,,1,444
exploratory,numbers_only,both,breadth,claim_share,claims,fact_label_secondary_other,0,0,0,15,,,,,0,444
exploratory,numbers_only,both,breadth,claim_share,claims,fact_label_unattributed,0.0518,0.0195,0.0832,15,,,,,23,444
exploratory,numbers_only,both,breadth,claim_share,claims,fact_citation_only,0.0045,0,0.0114,15,,,,,2,444
exploratory,numbers_only,both,breadth,claim_share,claims,fact_secondary_use,0.1014,0.0283,0.2173,15,,,,,45,444
exploratory,numbers_only,both,breadth,claim_share,claims,primary_read_behind_secondary_use,0.2222,0.1026,0.5,15,,,,,10,45
exploratory,numbers_only,both,breadth,claim_share,claims,verified_by_archivist_of_web_valued_claims,0.3267,0.1376,0.5544,15,,,,,33,101
exploratory,numbers_only,both,breadth,claim_share,claims,evaluative_absent_from_filing,,,,,,,,,0,0
exploratory,numbers_only,both,lookup,claim_share,claims,fact_label_filing,0.7817,0.6282,0.9214,15,,,,,111,142
exploratory,numbers_only,both,lookup,claim_share,claims,fact_label_secondary,0.162,0.0692,0.2517,15,,,,,23,142
exploratory,numbers_only,both,lookup,claim_share,claims,fact_label_secondary_issuer,0.1479,0.0588,0.239,15,,,,,21,142
exploratory,numbers_only,both,lookup,claim_share,claims,fact_label_secondary_forum,0.007,0,0.0219,15,,,,,1,142
exploratory,numbers_only,both,lookup,claim_share,claims,fact_label_secondary_promotional,0,0,0,15,,,,,0,142
exploratory,numbers_only,both,lookup,claim_share,claims,fact_label_secondary_aggregator,0.007,0,0.0219,15,,,,,1,142
exploratory,numbers_only,both,lookup,claim_share,claims,fact_label_secondary_news,0,0,0,15,,,,,0,142
exploratory,numbers_only,both,lookup,claim_share,claims,fact_label_secondary_reference,0,0,0,15,,,,,0,142
exploratory,numbers_only,both,lookup,claim_share,claims,fact_label_secondary_other,0,0,0,15,,,,,0,142
exploratory,numbers_only,both,lookup,claim_share,claims,fact_label_unattributed,0.0563,0,0.1407,15,,,,,8,142
exploratory,numbers_only,both,lookup,claim_share,claims,fact_citation_only,0.0211,0,0.0541,15,,,,,3,142
exploratory,numbers_only,both,lookup,claim_share,claims,fact_secondary_use,0.0915,0,0.2308,15,,,,,13,142
exploratory,numbers_only,both,lookup,claim_share,claims,primary_read_behind_secondary_use,0.3846,0.3333,0.4,15,,,,,5,13
exploratory,numbers_only,both,lookup,claim_share,claims,verified_by_archivist_of_web_valued_claims,0.0417,0,0.1072,15,,,,,4,96
exploratory,numbers_only,both,lookup,claim_share,claims,evaluative_absent_from_filing,,,,,,,,,0,0
exploratory,numbers_only,both,multi_document,claim_share,claims,fact_label_filing,0.6667,0.5397,0.7795,15,,,,,178,267
exploratory,numbers_only,both,multi_document,claim_share,claims,fact_label_secondary,0.2846,0.1805,0.4155,15,,,,,76,267
exploratory,numbers_only,both,multi_document,claim_share,claims,fact_label_secondary_issuer,0.2622,0.1603,0.3919,15,,,,,70,267
exploratory,numbers_only,both,multi_document,claim_share,claims,fact_label_secondary_forum,0.0037,0,0.0117,15,,,,,1,267
exploratory,numbers_only,both,multi_document,claim_share,claims,fact_label_secondary_promotional,0,0,0,15,,,,,0,267
exploratory,numbers_only,both,multi_document,claim_share,claims,fact_label_secondary_aggregator,0.015,0,0.0409,15,,,,,4,267
exploratory,numbers_only,both,multi_document,claim_share,claims,fact_label_secondary_news,0.0037,0,0.0117,15,,,,,1,267
exploratory,numbers_only,both,multi_document,claim_share,claims,fact_label_secondary_reference,0,0,0,15,,,,,0,267
exploratory,numbers_only,both,multi_document,claim_share,claims,fact_label_secondary_other,0,0,0,15,,,,,0,267
exploratory,numbers_only,both,multi_document,claim_share,claims,fact_label_unattributed,0.0487,0.0141,0.0909,15,,,,,13,267
exploratory,numbers_only,both,multi_document,claim_share,claims,fact_citation_only,0.0375,0,0.0824,15,,,,,10,267
exploratory,numbers_only,both,multi_document,claim_share,claims,fact_secondary_use,0.3071,0.1581,0.4708,15,,,,,82,267
exploratory,numbers_only,both,multi_document,claim_share,claims,primary_read_behind_secondary_use,0.3902,0.191,0.6129,15,,,,,32,82
exploratory,numbers_only,both,multi_document,claim_share,claims,verified_by_archivist_of_web_valued_claims,0.0789,0,0.1902,15,,,,,15,190
exploratory,numbers_only,both,multi_document,claim_share,claims,evaluative_absent_from_filing,1,1,1,15,,,,,1,1
exploratory,numbers_only,both,multi_hop_document,claim_share,claims,fact_label_filing,0.7395,0.6752,0.8044,15,,,,,176,238
exploratory,numbers_only,both,multi_hop_document,claim_share,claims,fact_label_secondary,0.1681,0.1066,0.2326,15,,,,,40,238
exploratory,numbers_only,both,multi_hop_document,claim_share,claims,fact_label_secondary_issuer,0.1555,0.0922,0.2252,15,,,,,37,238
exploratory,numbers_only,both,multi_hop_document,claim_share,claims,fact_label_secondary_forum,0.0126,0,0.0299,15,,,,,3,238
exploratory,numbers_only,both,multi_hop_document,claim_share,claims,fact_label_secondary_promotional,0,0,0,15,,,,,0,238
exploratory,numbers_only,both,multi_hop_document,claim_share,claims,fact_label_secondary_aggregator,0,0,0,15,,,,,0,238
exploratory,numbers_only,both,multi_hop_document,claim_share,claims,fact_label_secondary_news,0,0,0,15,,,,,0,238
exploratory,numbers_only,both,multi_hop_document,claim_share,claims,fact_label_secondary_reference,0,0,0,15,,,,,0,238
exploratory,numbers_only,both,multi_hop_document,claim_share,claims,fact_label_secondary_other,0,0,0,15,,,,,0,238
exploratory,numbers_only,both,multi_hop_document,claim_share,claims,fact_label_unattributed,0.0924,0.0458,0.1464,15,,,,,22,238
exploratory,numbers_only,both,multi_hop_document,claim_share,claims,fact_citation_only,0.0504,0.0186,0.084,15,,,,,12,238
exploratory,numbers_only,both,multi_hop_document,claim_share,claims,fact_secondary_use,0.1471,0.0386,0.2926,15,,,,,35,238
exploratory,numbers_only,both,multi_hop_document,claim_share,claims,primary_read_behind_secondary_use,0.5714,0.4,0.8,15,,,,,20,35
exploratory,numbers_only,both,multi_hop_document,claim_share,claims,verified_by_archivist_of_web_valued_claims,0.0741,0,0.197,15,,,,,8,108
exploratory,numbers_only,both,multi_hop_document,claim_share,claims,evaluative_absent_from_filing,1,1,1,15,,,,,1,1
exploratory,numbers_only,both,multi_period,claim_share,claims,fact_label_filing,0.7739,0.6438,0.8813,15,,,,,291,376
exploratory,numbers_only,both,multi_period,claim_share,claims,fact_label_secondary,0.1755,0.0798,0.2883,15,,,,,66,376
exploratory,numbers_only,both,multi_period,claim_share,claims,fact_label_secondary_issuer,0.1489,0.0657,0.2513,15,,,,,56,376
exploratory,numbers_only,both,multi_period,claim_share,claims,fact_label_secondary_forum,0.016,0,0.0499,15,,,,,6,376
exploratory,numbers_only,both,multi_period,claim_share,claims,fact_label_secondary_promotional,0,0,0,15,,,,,0,376
exploratory,numbers_only,both,multi_period,claim_share,claims,fact_label_secondary_aggregator,0.0053,0,0.0137,15,,,,,2,376
exploratory,numbers_only,both,multi_period,claim_share,claims,fact_label_secondary_news,0.0053,0,0.0134,15,,,,,2,376
exploratory,numbers_only,both,multi_period,claim_share,claims,fact_label_secondary_reference,0,0,0,15,,,,,0,376
exploratory,numbers_only,both,multi_period,claim_share,claims,fact_label_secondary_other,0,0,0,15,,,,,0,376
exploratory,numbers_only,both,multi_period,claim_share,claims,fact_label_unattributed,0.0505,0.0233,0.0812,15,,,,,19,376
exploratory,numbers_only,both,multi_period,claim_share,claims,fact_citation_only,0.0239,0.0101,0.042,15,,,,,9,376
exploratory,numbers_only,both,multi_period,claim_share,claims,fact_secondary_use,0.1223,0.0249,0.2453,15,,,,,46,376
exploratory,numbers_only,both,multi_period,claim_share,claims,primary_read_behind_secondary_use,0.2609,0.1111,0.5625,15,,,,,12,46
exploratory,numbers_only,both,multi_period,claim_share,claims,verified_by_archivist_of_web_valued_claims,0.3867,0.1845,0.5966,15,,,,,70,181
exploratory,numbers_only,both,multi_period,claim_share,claims,evaluative_absent_from_filing,,,,,,,,,0,0
exploratory,numbers_only,both,reach,claim_share,claims,fact_label_filing,0.9613,0.9345,0.9835,15,,,,,1067,1110
exploratory,numbers_only,both,reach,claim_share,claims,fact_label_secondary,0.0045,0,0.0113,15,,,,,5,1110
exploratory,numbers_only,both,reach,claim_share,claims,fact_label_secondary_issuer,0,0,0,15,,,,,0,1110
exploratory,numbers_only,both,reach,claim_share,claims,fact_label_secondary_forum,0.0018,0,0.0054,15,,,,,2,1110
exploratory,numbers_only,both,reach,claim_share,claims,fact_label_secondary_promotional,0,0,0,15,,,,,0,1110
exploratory,numbers_only,both,reach,claim_share,claims,fact_label_secondary_aggregator,0.0027,0,0.0081,15,,,,,3,1110
exploratory,numbers_only,both,reach,claim_share,claims,fact_label_secondary_news,0,0,0,15,,,,,0,1110
exploratory,numbers_only,both,reach,claim_share,claims,fact_label_secondary_reference,0,0,0,15,,,,,0,1110
exploratory,numbers_only,both,reach,claim_share,claims,fact_label_secondary_other,0,0,0,15,,,,,0,1110
exploratory,numbers_only,both,reach,claim_share,claims,fact_label_unattributed,0.0342,0.0158,0.056,15,,,,,38,1110
exploratory,numbers_only,both,reach,claim_share,claims,fact_citation_only,0.0099,0.0027,0.0186,15,,,,,11,1110
exploratory,numbers_only,both,reach,claim_share,claims,fact_secondary_use,0,0,0,15,,,,,0,1110
exploratory,numbers_only,both,reach,claim_share,claims,primary_read_behind_secondary_use,,,,,,,,,0,0
exploratory,numbers_only,both,reach,claim_share,claims,verified_by_archivist_of_web_valued_claims,0.9912,0.9615,1,15,,,,,112,113
exploratory,numbers_only,both,reach,claim_share,claims,evaluative_absent_from_filing,,,,,,,,,0,0
exploratory,numbers_only,web,all_scored,claim_share,claims,fact_label_filing,0.689,0.6257,0.7504,90,,,,,1808,2624
exploratory,numbers_only,web,all_scored,claim_share,claims,fact_label_secondary,0.2816,0.2217,0.343,90,,,,,739,2624
exploratory,numbers_only,web,all_scored,claim_share,claims,fact_label_secondary_issuer,0.2142,0.1622,0.269,90,,,,,562,2624
exploratory,numbers_only,web,all_scored,claim_share,claims,fact_label_secondary_forum,0.0118,0.0028,0.0235,90,,,,,31,2624
exploratory,numbers_only,web,all_scored,claim_share,claims,fact_label_secondary_promotional,0.0046,0,0.013,90,,,,,12,2624
exploratory,numbers_only,web,all_scored,claim_share,claims,fact_label_secondary_aggregator,0.0446,0.0144,0.0851,90,,,,,117,2624
exploratory,numbers_only,web,all_scored,claim_share,claims,fact_label_secondary_news,0.0015,0,0.0037,90,,,,,4,2624
exploratory,numbers_only,web,all_scored,claim_share,claims,fact_label_secondary_reference,0.0008,0,0.0024,90,,,,,2,2624
exploratory,numbers_only,web,all_scored,claim_share,claims,fact_label_secondary_other,0.0042,0,0.0116,90,,,,,11,2624
exploratory,numbers_only,web,all_scored,claim_share,claims,fact_label_unattributed,0.0293,0.0203,0.0393,90,,,,,77,2624
exploratory,numbers_only,web,all_scored,claim_share,claims,fact_citation_only,0.0194,0.0116,0.0287,90,,,,,51,2624
exploratory,numbers_only,web,all_scored,claim_share,claims,fact_secondary_use,0.2854,0.2209,0.3501,90,,,,,749,2624
exploratory,numbers_only,web,all_scored,claim_share,claims,primary_read_behind_secondary_use,0.3551,0.2846,0.4355,90,,,,,266,749
exploratory,numbers_only,web,all_scored,claim_share,claims,verified_by_archivist_of_web_valued_claims,0,0,0,90,,,,,0,1770
exploratory,numbers_only,web,all_scored,claim_share,claims,evaluative_absent_from_filing,1,1,1,90,,,,,2,2
exploratory,numbers_only,web,breadth,claim_share,claims,fact_label_filing,0.636,0.4896,0.7755,15,,,,,290,456
exploratory,numbers_only,web,breadth,claim_share,claims,fact_label_secondary,0.3553,0.2146,0.5028,15,,,,,162,456
exploratory,numbers_only,web,breadth,claim_share,claims,fact_label_secondary_issuer,0.2478,0.1309,0.388,15,,,,,113,456
exploratory,numbers_only,web,breadth,claim_share,claims,fact_label_secondary_forum,0,0,0,15,,,,,0,456
exploratory,numbers_only,web,breadth,claim_share,claims,fact_label_secondary_promotional,0.0022,0,0.006,15,,,,,1,456
exploratory,numbers_only,web,breadth,claim_share,claims,fact_label_secondary_aggregator,0.1009,0.0024,0.256,15,,,,,46,456
exploratory,numbers_only,web,breadth,claim_share,claims,fact_label_secondary_news,0,0,0,15,,,,,0,456
exploratory,numbers_only,web,breadth,claim_share,claims,fact_label_secondary_reference,0,0,0,15,,,,,0,456
exploratory,numbers_only,web,breadth,claim_share,claims,fact_label_secondary_other,0.0044,0,0.014,15,,,,,2,456
exploratory,numbers_only,web,breadth,claim_share,claims,fact_label_unattributed,0.0088,0,0.0197,15,,,,,4,456
exploratory,numbers_only,web,breadth,claim_share,claims,fact_citation_only,0.0044,0,0.0109,15,,,,,2,456
exploratory,numbers_only,web,breadth,claim_share,claims,fact_secondary_use,0.3355,0.2232,0.4547,15,,,,,153,456
exploratory,numbers_only,web,breadth,claim_share,claims,primary_read_behind_secondary_use,0.366,0.2432,0.5188,15,,,,,56,153
exploratory,numbers_only,web,breadth,claim_share,claims,verified_by_archivist_of_web_valued_claims,0,0,0,15,,,,,0,259
exploratory,numbers_only,web,breadth,claim_share,claims,evaluative_absent_from_filing,,,,,,,,,0,0
exploratory,numbers_only,web,lookup,claim_share,claims,fact_label_filing,0.6452,0.4722,0.7943,15,,,,,100,155
exploratory,numbers_only,web,lookup,claim_share,claims,fact_label_secondary,0.3226,0.1933,0.4698,15,,,,,50,155
exploratory,numbers_only,web,lookup,claim_share,claims,fact_label_secondary_issuer,0.2452,0.1509,0.3642,15,,,,,38,155
exploratory,numbers_only,web,lookup,claim_share,claims,fact_label_secondary_forum,0.0065,0,0.0204,15,,,,,1,155
exploratory,numbers_only,web,lookup,claim_share,claims,fact_label_secondary_promotional,0,0,0,15,,,,,0,155
exploratory,numbers_only,web,lookup,claim_share,claims,fact_label_secondary_aggregator,0.071,0,0.1779,15,,,,,11,155
exploratory,numbers_only,web,lookup,claim_share,claims,fact_label_secondary_news,0,0,0,15,,,,,0,155
exploratory,numbers_only,web,lookup,claim_share,claims,fact_label_secondary_reference,0,0,0,15,,,,,0,155
exploratory,numbers_only,web,lookup,claim_share,claims,fact_label_secondary_other,0,0,0,15,,,,,0,155
exploratory,numbers_only,web,lookup,claim_share,claims,fact_label_unattributed,0.0323,0,0.0886,15,,,,,5,155
exploratory,numbers_only,web,lookup,claim_share,claims,fact_citation_only,0.0129,0,0.0423,15,,,,,2,155
exploratory,numbers_only,web,lookup,claim_share,claims,fact_secondary_use,0.271,0.1184,0.4286,15,,,,,42,155
exploratory,numbers_only,web,lookup,claim_share,claims,primary_read_behind_secondary_use,0.2619,0,0.5357,15,,,,,11,42
exploratory,numbers_only,web,lookup,claim_share,claims,verified_by_archivist_of_web_valued_claims,0,0,0,15,,,,,0,98
exploratory,numbers_only,web,lookup,claim_share,claims,evaluative_absent_from_filing,,,,,,,,,0,0
exploratory,numbers_only,web,multi_document,claim_share,claims,fact_label_filing,0.6996,0.5681,0.8082,15,,,,,184,263
exploratory,numbers_only,web,multi_document,claim_share,claims,fact_label_secondary,0.2814,0.1797,0.4065,15,,,,,74,263
exploratory,numbers_only,web,multi_document,claim_share,claims,fact_label_secondary_issuer,0.2357,0.1489,0.3566,15,,,,,62,263
exploratory,numbers_only,web,multi_document,claim_share,claims,fact_label_secondary_forum,0.0038,0,0.0115,15,,,,,1,263
exploratory,numbers_only,web,multi_document,claim_share,claims,fact_label_secondary_promotional,0,0,0,15,,,,,0,263
exploratory,numbers_only,web,multi_document,claim_share,claims,fact_label_secondary_aggregator,0.0304,0,0.093,15,,,,,8,263
exploratory,numbers_only,web,multi_document,claim_share,claims,fact_label_secondary_news,0.0076,0,0.0239,15,,,,,2,263
exploratory,numbers_only,web,multi_document,claim_share,claims,fact_label_secondary_reference,0,0,0,15,,,,,0,263
exploratory,numbers_only,web,multi_document,claim_share,claims,fact_label_secondary_other,0.0038,0,0.012,15,,,,,1,263
exploratory,numbers_only,web,multi_document,claim_share,claims,fact_label_unattributed,0.019,0.0038,0.0372,15,,,,,5,263
exploratory,numbers_only,web,multi_document,claim_share,claims,fact_citation_only,0.0228,0,0.057,15,,,,,6,263
exploratory,numbers_only,web,multi_document,claim_share,claims,fact_secondary_use,0.2814,0.1378,0.4343,15,,,,,74,263
exploratory,numbers_only,web,multi_document,claim_share,claims,primary_read_behind_secondary_use,0.3784,0.1429,0.6182,15,,,,,28,74
exploratory,numbers_only,web,multi_document,claim_share,claims,verified_by_archivist_of_web_valued_claims,0,0,0,15,,,,,0,182
exploratory,numbers_only,web,multi_document,claim_share,claims,evaluative_absent_from_filing,,,,,,,,,0,0
exploratory,numbers_only,web,multi_hop_document,claim_share,claims,fact_label_filing,0.6776,0.5145,0.8273,15,,,,,166,245
exploratory,numbers_only,web,multi_hop_document,claim_share,claims,fact_label_secondary,0.2776,0.1286,0.4436,15,,,,,68,245
exploratory,numbers_only,web,multi_hop_document,claim_share,claims,fact_label_secondary_issuer,0.1633,0.0724,0.2936,15,,,,,40,245
exploratory,numbers_only,web,multi_hop_document,claim_share,claims,fact_label_secondary_forum,0.0163,0,0.0379,15,,,,,4,245
exploratory,numbers_only,web,multi_hop_document,claim_share,claims,fact_label_secondary_promotional,0.0041,0,0.0116,15,,,,,1,245
exploratory,numbers_only,web,multi_hop_document,claim_share,claims,fact_label_secondary_aggregator,0.0939,0.0087,0.2023,15,,,,,23,245
exploratory,numbers_only,web,multi_hop_document,claim_share,claims,fact_label_secondary_news,0,0,0,15,,,,,0,245
exploratory,numbers_only,web,multi_hop_document,claim_share,claims,fact_label_secondary_reference,0,0,0,15,,,,,0,245
exploratory,numbers_only,web,multi_hop_document,claim_share,claims,fact_label_secondary_other,0,0,0,15,,,,,0,245
exploratory,numbers_only,web,multi_hop_document,claim_share,claims,fact_label_unattributed,0.0449,0.0172,0.0758,15,,,,,11,245
exploratory,numbers_only,web,multi_hop_document,claim_share,claims,fact_citation_only,0.0449,0.0172,0.0754,15,,,,,11,245
exploratory,numbers_only,web,multi_hop_document,claim_share,claims,fact_secondary_use,0.2776,0.1357,0.4274,15,,,,,68,245
exploratory,numbers_only,web,multi_hop_document,claim_share,claims,primary_read_behind_secondary_use,0.3676,0.1735,0.6739,15,,,,,25,68
exploratory,numbers_only,web,multi_hop_document,claim_share,claims,verified_by_archivist_of_web_valued_claims,0,0,0,15,,,,,0,164
exploratory,numbers_only,web,multi_hop_document,claim_share,claims,evaluative_absent_from_filing,1,1,1,15,,,,,2,2
exploratory,numbers_only,web,multi_period,claim_share,claims,fact_label_filing,0.6658,0.5408,0.7892,15,,,,,251,377
exploratory,numbers_only,web,multi_period,claim_share,claims,fact_label_secondary,0.2918,0.1768,0.4099,15,,,,,110,377
exploratory,numbers_only,web,multi_period,claim_share,claims,fact_label_secondary_issuer,0.2175,0.1081,0.3351,15,,,,,82,377
exploratory,numbers_only,web,multi_period,claim_share,claims,fact_label_secondary_forum,0.0371,0,0.0949,15,,,,,14,377
exploratory,numbers_only,web,multi_period,claim_share,claims,fact_label_secondary_promotional,0,0,0,15,,,,,0,377
exploratory,numbers_only,web,multi_period,claim_share,claims,fact_label_secondary_aggregator,0.0133,0,0.0322,15,,,,,5,377
exploratory,numbers_only,web,multi_period,claim_share,claims,fact_label_secondary_news,0.0027,0,0.0081,15,,,,,1,377
exploratory,numbers_only,web,multi_period,claim_share,claims,fact_label_secondary_reference,0,0,0,15,,,,,0,377
exploratory,numbers_only,web,multi_period,claim_share,claims,fact_label_secondary_other,0.0212,0,0.064,15,,,,,8,377
exploratory,numbers_only,web,multi_period,claim_share,claims,fact_label_unattributed,0.0424,0.0182,0.072,15,,,,,16,377
exploratory,numbers_only,web,multi_period,claim_share,claims,fact_citation_only,0.0292,0.008,0.0563,15,,,,,11,377
exploratory,numbers_only,web,multi_period,claim_share,claims,fact_secondary_use,0.3369,0.1558,0.5265,15,,,,,127,377
exploratory,numbers_only,web,multi_period,claim_share,claims,primary_read_behind_secondary_use,0.4488,0.2857,0.6277,15,,,,,57,127
exploratory,numbers_only,web,multi_period,claim_share,claims,verified_by_archivist_of_web_valued_claims,0,0,0,15,,,,,0,262
exploratory,numbers_only,web,multi_period,claim_share,claims,evaluative_absent_from_filing,,,,,,,,,0,0
exploratory,numbers_only,web,reach,claim_share,claims,fact_label_filing,0.7243,0.6068,0.8373,15,,,,,817,1128
exploratory,numbers_only,web,reach,claim_share,claims,fact_label_secondary,0.2438,0.1359,0.3549,15,,,,,275,1128
exploratory,numbers_only,web,reach,claim_share,claims,fact_label_secondary_issuer,0.2012,0.1066,0.3036,15,,,,,227,1128
exploratory,numbers_only,web,reach,claim_share,claims,fact_label_secondary_forum,0.0098,0,0.0281,15,,,,,11,1128
exploratory,numbers_only,web,reach,claim_share,claims,fact_label_secondary_promotional,0.0089,0,0.0268,15,,,,,10,1128
exploratory,numbers_only,web,reach,claim_share,claims,fact_label_secondary_aggregator,0.0213,0,0.0613,15,,,,,24,1128
exploratory,numbers_only,web,reach,claim_share,claims,fact_label_secondary_news,0.0009,0,0.0027,15,,,,,1,1128
exploratory,numbers_only,web,reach,claim_share,claims,fact_label_secondary_reference,0.0018,0,0.0054,15,,,,,2,1128
exploratory,numbers_only,web,reach,claim_share,claims,fact_label_secondary_other,0,0,0,15,,,,,0,1128
exploratory,numbers_only,web,reach,claim_share,claims,fact_label_unattributed,0.0319,0.0172,0.0497,15,,,,,36,1128
exploratory,numbers_only,web,reach,claim_share,claims,fact_citation_only,0.0168,0.0053,0.0332,15,,,,,19,1128
exploratory,numbers_only,web,reach,claim_share,claims,fact_secondary_use,0.2527,0.144,0.3673,15,,,,,285,1128
exploratory,numbers_only,web,reach,claim_share,claims,primary_read_behind_secondary_use,0.3123,0.2057,0.4722,15,,,,,89,285
exploratory,numbers_only,web,reach,claim_share,claims,verified_by_archivist_of_web_valued_claims,0,0,0,15,,,,,0,805
exploratory,numbers_only,web,reach,claim_share,claims,evaluative_absent_from_filing,,,,,,,,,0,0
