run_id,arm,stratum,question_id,repetition,claim_index,type,text,values,sources,cited_categories,cited_hosts,usable_values,label,category,citation_only,secondary_use,primary_read,values_in_nonfiling_source,verified_by_archivist,matching_nonfiling_categories,attributed_to,phrase,absent_from_filing,numbers_only_label,numbers_only_category,numbers_only_primary_read,numbers_only_values_in_nonfiling_source,numbers_only_verified_by_archivist,numbers_only_usable_values,numbers_only_citation_only
20261007T222919613643Z-codex.web.CN01.r1-a1,web,contamination,CN01,1,1,fact,"GE Aerospace’s Q3 2025 reported (GAAP) total revenue was $12.181 billion (approximately $12.2 billion), up 24% year over year from $9.842 billion in Q3 2024.",GE Aerospace; Q3 2025; $12.181 billion; $12.2 billion; 24%; $9.842 billion; Q3 2024,S1,filing,filing-source,7,secondary,issuer,false,false,false,true,false,issuer; forum; aggregator; reference,none,,,filing,filing,true,true,false,4,false
20261007T222919613643Z-codex.web.CN01.r1-a1,web,contamination,CN01,1,2,fact,earnings release filed with the SEC,SEC,S1,filing,filing-source,1,filing,filing,false,false,true,true,false,issuer; forum,none,,,filing,filing,true,true,false,1,false
20261007T222919614123Z-codex.archivist.CN01.r1-a1,archivist,contamination,CN01,1,1,fact,"GE Aerospace’s reported GAAP total revenue was $12.2 billion in Q3 2025, for the quarter ended September 30, 2025","GE Aerospace; $12.2 billion; Q3 2025; September 30, 2025",S1,filing,mosaic-finance.com,4,unattributed,,false,false,false,false,false,,none,,,filing,filing,true,false,false,1,false
20261007T222919614123Z-codex.archivist.CN01.r1-a1,archivist,contamination,CN01,1,2,fact,up 24% year over year,24%,S1,filing,mosaic-finance.com,1,filing,filing,false,false,true,false,false,,none,,,filing,filing,true,false,false,1,false
20261007T222930152656Z-codex.both.CN01.r1-a1,both,contamination,CN01,1,1,fact,GE Aerospace’s reported (GAAP) total revenue for Q3 2025 was $12.181 billion (rounded to $12.2 billion).,GE Aerospace; Q3 2025; $12.181 billion; $12.2 billion,S1,filing,filing-source,4,secondary,issuer,false,false,false,true,false,issuer; forum; aggregator; reference,none,,,filing,filing,true,true,false,2,false
20261007T222930152656Z-codex.both.CN01.r1-a1,both,contamination,CN01,1,2,fact,GE Aerospace’s reported (GAAP) total revenue was up 24% year over year.,GE Aerospace; 24%,S1,filing,filing-source,2,filing,filing,false,false,true,true,false,issuer; forum; aggregator; reference,none,,,filing,filing,true,true,false,1,false
20261007T222930152656Z-codex.both.CN01.r1-a1,both,contamination,CN01,1,3,fact,GE Aerospace’s reported (GAAP) total revenue was $9.842 billion in Q3 2024.,GE Aerospace; $9.842 billion; Q3 2024,S1,filing,filing-source,3,secondary,issuer,false,false,false,true,false,issuer; forum; aggregator; reference,none,,,filing,filing,true,true,false,1,false
20261007T222930152656Z-codex.both.CN01.r1-a1,both,contamination,CN01,1,4,fact,GE Aerospace earnings release filed with the SEC.,GE Aerospace; SEC,S1,filing,filing-source,2,filing,filing,false,false,true,true,false,issuer; forum; aggregator; reference,none,,,filing,filing,true,true,false,2,false
20261007T222935220438Z-codex.web.CN02.r1-a1,web,contamination,CN02,1,1,fact,"Tesla held $16.398 billion in cash and cash equivalents at December 31, 2023, as reported in its consolidated balance sheet.","Tesla; $16.398 billion; December 31, 2023",S1,issuer,ir.tesla.com,3,filing,filing,false,true,true,true,false,issuer; forum; aggregator; reference,none,,,filing,filing,true,true,false,1,false
20261007T222944027689Z-codex.archivist.CN02.r1-a1,archivist,contamination,CN02,1,1,fact,"Tesla held $16.398 billion in cash and cash equivalents at December 31, 2023, reported as $16,398 million in its 2023 Form 10-K consolidated balance sheet","Tesla; $16.398 billion; December 31, 2023; $16,398 million; 2023 Form 10-K",S1,filing,mosaic-finance.com,5,unattributed,,false,false,false,false,false,,none,,,filing,filing,true,false,false,2,false
20261007T222946318390Z-codex.both.CN02.r1-a1,both,contamination,CN02,1,1,fact,"Tesla held $16.398 billion in cash and cash equivalents at December 31, 2023, as reported in its consolidated balance sheet.","Tesla; $16.398 billion; December 31, 2023; Tesla 2023 Form 10-K",S1,filing,filing-source,4,secondary,issuer,false,false,false,false,false,issuer; forum; aggregator,none,,,filing,filing,true,true,false,1,false
20261007T222956939128Z-codex.web.CN03.r1-a1,web,contamination,CN03,1,1,fact,"Kraken Robotics reported consolidated revenue of Q1 2025: C$16.1 million, per its May 29, 2025 earnings release.","Kraken Robotics; Q1 2025; C$16.1 million; May 29, 2025",S1,issuer,krakenrobotics.com,4,secondary,issuer,false,true,false,true,false,issuer; forum; reference,none,,,secondary,issuer,false,true,false,1,false
20261007T222956939128Z-codex.web.CN03.r1-a1,web,contamination,CN03,1,2,fact,"Kraken Robotics reported consolidated revenue of Q1 2026: C$21.7 million, up 35% year over year, per its May 28, 2026 earnings release.","Kraken Robotics; Q1 2026; C$21.7 million; 35%; May 28, 2026",S2,issuer,krakenrobotics.com,5,secondary,issuer,false,true,false,true,false,issuer; forum; reference,none,,,secondary,issuer,false,true,false,2,false
20261007T222956939128Z-codex.web.CN03.r1-a1,web,contamination,CN03,1,3,fact,Both quarters ended March 31.,March 31,,,,1,secondary,issuer,false,false,false,true,false,issuer,none,,,secondary,issuer,false,true,false,1,false
20261007T222956939128Z-codex.web.CN03.r1-a1,web,contamination,CN03,1,4,fact,Amounts are in Canadian dollars.,Canadian dollars,,,,1,secondary,issuer,false,false,false,true,false,issuer,none,,,secondary,issuer,false,true,false,1,false
20261007T223005498338Z-codex.archivist.CN03.r1-a1,archivist,contamination,CN03,1,1,fact,"Kraken Robotics reported consolidated revenue of C$16.128 million for Q1 2025 (ended March 31, 2025).","Kraken Robotics; C$16.128 million; Q1 2025; March 31, 2025",S1,filing,mosaic-finance.com,4,filing,filing,false,false,true,false,false,,none,,,filing,filing,true,false,false,1,false
20261007T223005498338Z-codex.archivist.CN03.r1-a1,archivist,contamination,CN03,1,2,fact,"Kraken Robotics reported consolidated revenue of C$21.705 million for Q1 2026 (ended March 31, 2026).","Kraken Robotics; C$21.705 million; Q1 2026; March 31, 2026",S2,filing,mosaic-finance.com,4,filing,filing,false,false,true,false,false,,none,,,filing,filing,true,false,false,1,false
20261007T223007701533Z-codex.both.CN03.r1-a1,both,contamination,CN03,1,1,fact,Kraken Robotics reported consolidated revenue of Q1 2025: C$16.1 million.,Kraken Robotics; Q1 2025; C$16.1 million,S1,issuer,krakenrobotics.com,3,secondary,issuer,false,true,false,true,false,issuer; forum; aggregator; reference,none,,,secondary,issuer,false,true,false,1,false
20261007T223007701533Z-codex.both.CN03.r1-a1,both,contamination,CN03,1,2,fact,Kraken Robotics reported consolidated revenue of Q1 2026: C$21.7 million.,Kraken Robotics; Q1 2026; C$21.7 million,S2,issuer,krakenrobotics.com,3,secondary,issuer,false,true,false,true,false,issuer; forum; aggregator; reference,none,,,secondary,issuer,false,true,false,1,false
20261007T223007701533Z-codex.both.CN03.r1-a1,both,contamination,CN03,1,3,fact,"Q1 2026: C$21.7 million, up 35% year over year.",Q1 2026; C$21.7 million; 35%,S2,issuer,krakenrobotics.com,3,secondary,issuer,false,true,false,true,false,issuer; forum,none,,,secondary,issuer,false,true,false,2,false
20261007T223007701533Z-codex.both.CN03.r1-a1,both,contamination,CN03,1,4,fact,Both quarters ended March 31.,March 31,,,,1,secondary,issuer,false,false,false,true,false,issuer,none,,,secondary,issuer,false,true,false,1,false
20261007T223007701533Z-codex.both.CN03.r1-a1,both,contamination,CN03,1,5,fact,Amounts are in Canadian dollars.,Canadian dollars,,,,1,secondary,issuer,false,false,false,true,false,issuer,none,,,secondary,issuer,false,true,false,1,false
20261007T223019967511Z-codex.web.CN04.r1-a1,web,contamination,CN04,1,1,fact,"CN reported diluted earnings per share of C$1.92 for Q2 2022, on a reported basis.",CN; C$1.92; Q2 2022,S1,issuer,cn.ca,3,secondary,issuer,false,true,false,false,false,issuer; forum; aggregator; news,none,,,filing,filing,true,true,false,1,false
20261007T223019967511Z-codex.web.CN04.r1-a1,web,contamination,CN04,1,2,fact,"CN reported diluted earnings per share up 32% year over year from C$1.46—an increase of C$0.46 per share, on a reported basis.",CN; 32%; C$1.46; C$0.46,S1,issuer,cn.ca,4,secondary,issuer,false,true,false,false,false,issuer; forum; aggregator; news,none,,,secondary,issuer,false,false,false,3,false
20261007T223031827328Z-codex.archivist.CN04.r1-a1,archivist,contamination,CN04,1,1,fact,"CN reported diluted EPS of C$1.92 on a reported basis for Q2 2022 (ended June 30, 2022).","CN; C$1.92; Q2 2022; June 30, 2022",S1,filing,mosaic-finance.com,4,unattributed,,false,false,false,false,false,,none,,,filing,filing,true,false,false,1,false
20261007T223031827328Z-codex.archivist.CN04.r1-a1,archivist,contamination,CN04,1,2,fact,CN reported diluted EPS up 32% year over year for Q2 2022.,CN; 32%; Q2 2022,S1,filing,mosaic-finance.com,3,unattributed,,false,false,false,false,false,,none,,,filing,filing,true,false,false,1,false
20261007T223031827328Z-codex.archivist.CN04.r1-a1,archivist,contamination,CN04,1,3,fact,"CN’s July 26, 2022 earnings release","CN; July 26, 2022",S1,filing,mosaic-finance.com,2,filing,filing,false,false,true,false,false,,none,,,filing,filing,true,false,false,2,false
20261007T223034961821Z-codex.both.CN04.r1-a1,both,contamination,CN04,1,1,fact,CN reported diluted earnings per share of C$1.92 for Q2 2022 on a reported (GAAP) basis,CN; C$1.92; Q2 2022,S1,issuer,cn.ca,3,secondary,issuer,false,true,false,false,false,issuer; forum,none,,,filing,filing,true,true,false,1,false
20261007T223034961821Z-codex.both.CN04.r1-a1,both,contamination,CN04,1,2,fact,up 32% year over year from C$1.46,32%; C$1.46,S1,issuer,cn.ca,2,secondary,issuer,false,true,false,true,false,issuer,none,,,secondary,issuer,false,true,false,2,false
20261007T223034961821Z-codex.both.CN04.r1-a1,both,contamination,CN04,1,3,fact,an increase of C$0.46 per share,C$0.46,S1,issuer,cn.ca,1,secondary,issuer,false,true,false,false,false,,none,,,secondary,issuer,false,false,false,1,false
20261007T223050668591Z-codex.web.CN05.r1-a1,web,contamination,CN05,1,1,fact,"Home Depot reported Ted Decker’s total compensation in its Summary Compensation Tables as Fiscal 2024: $15,574,678, in the 2025 proxy statement.","Home Depot; Ted Decker; Summary Compensation Tables; Fiscal 2024; $15,574,678; 2025 proxy statement",S1,filing,filing-source,5,secondary,issuer,false,false,false,false,false,issuer; forum; aggregator; news; reference,none,,,filing,filing,true,false,false,1,false
20261007T223050668591Z-codex.web.CN05.r1-a1,web,contamination,CN05,1,2,fact,"Home Depot reported Ted Decker’s total compensation in its Summary Compensation Tables as Fiscal 2025: $16,191,127, in the 2026 proxy statement.","Home Depot; Ted Decker; Summary Compensation Tables; Fiscal 2025; $16,191,127; 2026 proxy statement",S2,filing,filing-source,5,secondary,issuer,false,false,false,false,false,issuer; forum; aggregator; news; reference,none,,,filing,filing,true,true,false,1,false
20261007T223051090310Z-codex.archivist.CN05.r1-a1,archivist,contamination,CN05,1,1,fact,"Home Depot reported total compensation for CEO Ted Decker of Fiscal 2024: $15,574,678.","Home Depot; Ted Decker; Fiscal 2024; $15,574,678",S1,filing,mosaic-finance.com,3,unattributed,,false,false,false,false,false,,none,,,filing,filing,true,false,false,1,false
20261007T223051090310Z-codex.archivist.CN05.r1-a1,archivist,contamination,CN05,1,2,fact,"Home Depot reported total compensation for CEO Ted Decker of Fiscal 2025: $16,191,127.","Home Depot; Ted Decker; Fiscal 2025; $16,191,127",S1,filing,mosaic-finance.com,3,unattributed,,false,false,false,false,false,,none,,,filing,filing,true,false,false,1,false
20261007T223051090310Z-codex.archivist.CN05.r1-a1,archivist,contamination,CN05,1,3,fact,Both figures appear in the “Total” column of its 2026 proxy statement’s Summary Compensation Table.,2026 proxy statement; Summary Compensation Table,S1,filing,mosaic-finance.com,2,filing,filing,false,false,true,false,false,,none,,,filing,filing,true,false,false,2,false
20261007T223106249929Z-codex.both.CN05.r1-a1,both,contamination,CN05,1,1,fact,"Home Depot reported Ted Decker’s total compensation in its Summary Compensation Tables as Fiscal 2024: $15,574,678, in the 2025 proxy statement, p. 53.","Home Depot; Ted Decker; Summary Compensation Tables; Fiscal 2024; $15,574,678; 2025 proxy statement; p. 53",S1,filing,filing-source,6,secondary,issuer,false,false,false,false,false,issuer; forum; aggregator; news; reference,none,,,filing,filing,true,false,false,1,false
20261007T223106249929Z-codex.both.CN05.r1-a1,both,contamination,CN05,1,2,fact,"Home Depot reported Ted Decker’s total compensation in its Summary Compensation Tables as Fiscal 2025: $16,191,127, in the 2026 proxy statement, p. 70.","Home Depot; Ted Decker; Summary Compensation Tables; Fiscal 2025; $16,191,127; 2026 proxy statement; p. 70",S2,filing,filing-source,6,secondary,issuer,false,false,false,false,false,issuer; forum; aggregator; news; reference,none,,,filing,filing,true,true,false,1,false
20261007T223110879100Z-codex.web.CN06.r1-a1,web,contamination,CN06,1,1,fact,"Kohl’s second quarter of fiscal 2026, ended August 1, 2026","Kohl’s; fiscal 2026; August 1, 2026",,,,2,filing,filing,false,false,true,true,false,issuer; forum; aggregator; news; other,none,,,filing,filing,true,true,false,2,false
20261007T223110879100Z-codex.web.CN06.r1-a1,web,contamination,CN06,1,2,fact,"Net sales fell 0.9% year over year, to $3.318 billion from $3.347 billion—a $29 million decrease.",0.9%; $3.318 billion; $3.347 billion; $29 million,S1,filing,filing-source,3,filing,filing,false,false,true,true,false,issuer; forum; aggregator; news,none,,,filing,filing,true,true,false,3,false
20261007T223110879100Z-codex.web.CN06.r1-a1,web,contamination,CN06,1,3,fact,"Comparable sales also fell 0.9%, compared with the 13-week quarter ended August 2, 2025.","0.9%; 13-week; August 2, 2025",S2,issuer,investors.kohls.com,2,filing,filing,false,true,true,true,false,issuer; aggregator; news,none,,,filing,filing,true,true,false,2,false
20261007T223124922843Z-codex.archivist.CN06.r1-a1,archivist,contamination,CN06,1,1,fact,"Kohl’s fiscal second quarter ended August 1, 2026","Kohl’s; August 1, 2026",S1,filing,mosaic-finance.com,2,filing,filing,false,false,true,false,false,,none,,,filing,filing,true,false,false,2,false
20261007T223124922843Z-codex.archivist.CN06.r1-a1,archivist,contamination,CN06,1,2,fact,"Net sales fell 0.9% year over year to $3.318 billion, down $29 million from $3.347 billion.",0.9%; $3.318 billion; $29 million; $3.347 billion,S1,filing,mosaic-finance.com,3,filing,filing,false,false,true,false,false,,none,,,filing,filing,true,false,false,3,false
20261007T223124922843Z-codex.archivist.CN06.r1-a1,archivist,contamination,CN06,1,3,fact,Comparable sales fell 0.9% year over year.,0.9%,S1,filing,mosaic-finance.com,0,filing,filing,true,false,false,false,false,,none,,,filing,filing,false,false,false,0,true
20261007T223128256829Z-codex.both.CN06.r1-a1,both,contamination,CN06,1,1,fact,"Kohl’s fiscal Q2 2026, ended August 1, 2026","Kohl’s; fiscal Q2 2026; August 1, 2026",S1; S2,filing; issuer,investors.kohls.com; filing-source,3,secondary,issuer,false,true,false,false,false,issuer; forum; aggregator; news; other,none,,,secondary,issuer,false,false,false,3,false
20261007T223128256829Z-codex.both.CN06.r1-a1,both,contamination,CN06,1,2,fact,"Net sales fell 0.9% year over year to $3.318 billion, from $3.347 billion—a $29 million decline.",0.9%; $3.318 billion; $3.347 billion; $29 million,S1; S2,filing; issuer,investors.kohls.com; filing-source,3,filing,filing,false,true,true,true,false,issuer; forum; aggregator; news,none,,,filing,filing,true,true,false,3,false
20261007T223128256829Z-codex.both.CN06.r1-a1,both,contamination,CN06,1,3,fact,Comparable sales fell 0.9% year over year.,0.9%,S1; S2,filing; issuer,investors.kohls.com; filing-source,0,filing,filing,true,true,false,false,false,,none,,,filing,filing,false,false,false,0,true
20261007T223143662791Z-codex.web.CN07.r1-a1,web,contamination,CN07,1,1,fact,"For fiscal 2025, ended October 31, 2025, Royal Bank of Canada reported net income: C$20.369 billion.","fiscal 2025; October 31, 2025; Royal Bank of Canada; C$20.369 billion",S1,issuer,rbc.com,3,secondary,issuer,false,true,false,true,false,issuer; forum; aggregator; reference,none,,,secondary,issuer,false,true,false,1,false
20261007T223143662791Z-codex.web.CN07.r1-a1,web,contamination,CN07,1,2,fact,"For fiscal 2025, ended October 31, 2025, Royal Bank of Canada reported diluted earnings per share: C$14.07.","fiscal 2025; October 31, 2025; Royal Bank of Canada; C$14.07",S1,issuer,rbc.com,3,secondary,issuer,false,true,false,true,false,issuer; forum; aggregator; reference,none,,,secondary,issuer,false,true,false,1,false
20261007T223143662791Z-codex.web.CN07.r1-a1,web,contamination,CN07,1,3,fact,"These are reported, unadjusted figures.",,S1,issuer,rbc.com,0,secondary,issuer,true,true,false,false,false,,none,,,secondary,issuer,false,false,false,0,true
20261007T223145980672Z-codex.archivist.CN07.r1-a1,archivist,contamination,CN07,1,1,fact,"For fiscal 2025, ended October 31, 2025, Royal Bank of Canada reported net income of C$20.369 billion.","fiscal 2025; October 31, 2025; Royal Bank of Canada; C$20.369 billion",S1,filing,mosaic-finance.com,3,unattributed,,false,false,false,false,false,,none,,,filing,filing,true,false,false,1,false
20261007T223145980672Z-codex.archivist.CN07.r1-a1,archivist,contamination,CN07,1,2,fact,"For fiscal 2025, ended October 31, 2025, Royal Bank of Canada reported diluted earnings per share of C$14.07.","fiscal 2025; October 31, 2025; Royal Bank of Canada; C$14.07",S1,filing,mosaic-finance.com,3,unattributed,,false,false,false,false,false,,none,,,filing,filing,true,false,false,1,false
20261007T223145980672Z-codex.archivist.CN07.r1-a1,archivist,contamination,CN07,1,3,fact,"These are reported, unadjusted figures.",,S1,filing,mosaic-finance.com,0,filing,filing,true,false,false,false,false,,none,,,filing,filing,false,false,false,0,true
20261007T223153238188Z-codex.both.CN07.r1-a1,both,contamination,CN07,1,1,fact,"For fiscal 2025, the year ended October 31, 2025, Royal Bank of Canada reported net income of C$20.369 billion.","fiscal 2025; October 31, 2025; Royal Bank of Canada; C$20.369 billion",S1,issuer,rbc.com,3,secondary,issuer,false,true,false,true,false,issuer; forum; aggregator; reference,none,,,secondary,issuer,false,true,false,1,false
20261007T223153238188Z-codex.both.CN07.r1-a1,both,contamination,CN07,1,2,fact,"For fiscal 2025, the year ended October 31, 2025, Royal Bank of Canada reported diluted earnings per share of C$14.07.","fiscal 2025; October 31, 2025; Royal Bank of Canada; C$14.07",S1,issuer,rbc.com,3,secondary,issuer,false,true,false,true,false,issuer; forum; aggregator; reference,none,,,secondary,issuer,false,true,false,1,false
20261007T223153238188Z-codex.both.CN07.r1-a1,both,contamination,CN07,1,3,fact,These are reported IFRS figures in Canadian dollars. Source: RBC’s fiscal 2025 earnings release.,IFRS; Canadian dollars; RBC; fiscal 2025,S1,issuer,rbc.com,3,secondary,issuer,false,true,false,true,false,issuer; forum; aggregator; reference,none,,,secondary,issuer,false,true,false,3,false
20261007T223208549018Z-codex.web.CN08.r1-a1,web,contamination,CN08,1,1,fact,"Pfizer’s total revenues under U.S. GAAP were: 2025: $62,579 million ($62.579 billion).","Pfizer; U.S. GAAP; $62,579 million; $62.579 billion",S1,issuer,annualreview.pfizer.com,4,secondary,issuer,false,true,false,true,false,issuer; forum; aggregator; reference; other,none,,,secondary,issuer,false,true,false,2,false
20261007T223208549018Z-codex.web.CN08.r1-a1,web,contamination,CN08,1,2,fact,"Pfizer’s total revenues under U.S. GAAP were: 2024: $63,627 million ($63.627 billion).","Pfizer; U.S. GAAP; $63,627 million; $63.627 billion",S1,issuer,annualreview.pfizer.com,4,secondary,issuer,false,true,false,true,false,issuer; forum; aggregator; reference,none,,,secondary,issuer,false,true,false,2,false
20261007T223208549018Z-codex.web.CN08.r1-a1,web,contamination,CN08,1,3,fact,"Source: Pfizer’s 2025 Annual Review, Financial Performance table, for the years ended December 31.",Pfizer; Pfizer’s 2025 Annual Review; Financial Performance table; December 31,S1,issuer,annualreview.pfizer.com,4,secondary,issuer,false,true,false,false,false,issuer; forum; aggregator; reference,none,,,secondary,issuer,false,false,false,4,false
20261007T223224784335Z-codex.archivist.CN08.r1-a1,archivist,contamination,CN08,1,1,fact,2025: $62.579 billion,Pfizer; 2025; $62.579 billion; U.S. GAAP,S1,filing,mosaic-finance.com,3,unattributed,,false,false,false,false,false,,none,,,filing,filing,true,false,false,1,false
20261007T223224784335Z-codex.archivist.CN08.r1-a1,archivist,contamination,CN08,1,2,fact,2024: $63.627 billion,Pfizer; 2024; $63.627 billion; U.S. GAAP,S1,filing,mosaic-finance.com,3,unattributed,,false,false,false,false,false,,none,,,filing,filing,true,false,false,1,false
20261007T223224784335Z-codex.archivist.CN08.r1-a1,archivist,contamination,CN08,1,3,fact,"Pfizer’s 2025 Form 10-K, Consolidated Statements of Operations, p. 52, reporting revenues in millions for the years ended December 31.",Pfizer; 2025 Form 10-K; Consolidated Statements of Operations; p. 52; millions; December 31,S1,filing,mosaic-finance.com,6,unattributed,,false,false,false,false,false,,none,,,unattributed,,false,false,false,6,false
20261007T223229661044Z-codex.both.CN08.r1-a1,both,contamination,CN08,1,1,fact,Pfizer’s total revenues under U.S. GAAP were $62.579 billion for 2025.,Pfizer; U.S. GAAP; $62.579 billion,S1; S2,filing; issuer,annualreview.pfizer.com; filing-source,3,secondary,issuer,false,true,false,true,false,issuer; forum; reference; other,none,,,filing,filing,true,true,false,1,false
20261007T223229661044Z-codex.both.CN08.r1-a1,both,contamination,CN08,1,2,fact,Pfizer’s total revenues under U.S. GAAP were $63.627 billion for 2024.,Pfizer; U.S. GAAP; $63.627 billion,S1; S2,filing; issuer,annualreview.pfizer.com; filing-source,3,secondary,issuer,false,true,false,true,false,issuer; forum; reference,none,,,filing,filing,true,true,false,1,false
20261007T223229661044Z-codex.both.CN08.r1-a1,both,contamination,CN08,1,3,fact,"Pfizer’s 2025 financial performance summary, corroborated by its full-year earnings release filed with the SEC.",Pfizer; SEC,S1; S2,filing; issuer,annualreview.pfizer.com; filing-source,2,filing,filing,false,true,true,true,false,issuer; forum; reference; other,none,,,filing,filing,true,true,false,2,false
20261007T223247391468Z-codex.web.CN09.r1-a1,web,contamination,CN09,1,1,fact,Monster Beverage’s reported GAAP operating income for the quarter ended June 30 was Q2 2024: $527.2 million.,Monster Beverage; June 30; Q2 2024; $527.2 million,S1,issuer,investors.monsterbevcorp.com,4,secondary,issuer,false,true,false,true,false,issuer; forum; aggregator; reference,none,,,secondary,issuer,false,true,false,1,false
20261007T223247391468Z-codex.web.CN09.r1-a1,web,contamination,CN09,1,2,fact,Monster Beverage’s reported GAAP operating income for the quarter ended June 30 was Q2 2025: $631.6 million.,Monster Beverage; June 30; Q2 2025; $631.6 million,S2,issuer,investors.monsterbevcorp.com,4,secondary,issuer,false,true,false,true,false,issuer; forum; aggregator; reference,none,,,filing,filing,true,true,false,1,false
20261007T223257959116Z-codex.archivist.CN09.r1-a1,archivist,contamination,CN09,1,1,fact,Monster Beverage’s operating income for the three months ended June 30 was Q2 2024: $527.2 million.,Monster Beverage; June 30; Q2 2024; $527.2 million,S1,filing,mosaic-finance.com,4,unattributed,,false,false,false,false,false,,none,,,filing,filing,true,false,false,1,false
20261007T223257959116Z-codex.archivist.CN09.r1-a1,archivist,contamination,CN09,1,2,fact,Monster Beverage’s operating income for the three months ended June 30 was Q2 2025: $631.6 million.,Monster Beverage; June 30; Q2 2025; $631.6 million,S1,filing,mosaic-finance.com,4,unattributed,,false,false,false,false,false,,none,,,filing,filing,true,false,false,1,false
20261007T223257959116Z-codex.archivist.CN09.r1-a1,archivist,contamination,CN09,1,3,fact,Monster Beverage’s Q2 2025 Form 10-Q reports both figures.,Monster Beverage; Q2 2025 Form 10-Q,S1,filing,mosaic-finance.com,2,unattributed,,false,false,false,false,false,,none,,,unattributed,,false,false,false,2,false
20261007T223313952973Z-codex.both.CN09.r1-a1,both,contamination,CN09,1,1,fact,Monster Beverage’s GAAP operating income was Q2 2024: $527.2 million.,Monster Beverage; Q2 2024; $527.2 million,S1,issuer,investors.monsterbevcorp.com,3,secondary,issuer,false,true,false,true,false,issuer; forum; reference,none,,,filing,filing,true,true,false,1,false
20261007T223313952973Z-codex.both.CN09.r1-a1,both,contamination,CN09,1,2,fact,Monster Beverage’s GAAP operating income was Q2 2025: $631.6 million.,Monster Beverage; Q2 2025; $631.6 million,S2,issuer,investors.monsterbevcorp.com,3,secondary,issuer,false,true,false,true,false,issuer; forum; reference,none,,,filing,filing,true,true,false,1,false
20261007T223313952973Z-codex.both.CN09.r1-a1,both,contamination,CN09,1,3,fact,Both quarters ended June 30.,June 30,,,,1,filing,filing,false,false,true,true,false,issuer; forum,none,,,filing,filing,true,true,false,1,false
20261007T223314696819Z-codex.web.CN10.r1-a1,web,contamination,CN10,1,1,fact,"At fiscal year-end August 30, 2025, AutoZone operated 6,627 stores in the U.S.","August 30, 2025; AutoZone; 6,627; U.S.",S1; S2,filing; issuer,filing-source; about.autozone.com,4,filing,filing,false,true,true,true,false,issuer; forum; aggregator; reference; other,none,,,filing,filing,true,true,false,1,false
20261007T223314696819Z-codex.web.CN10.r1-a1,web,contamination,CN10,1,2,fact,"At fiscal year-end August 30, 2025, AutoZone operated 883 stores in Mexico.","August 30, 2025; AutoZone; 883; Mexico",S1; S2,filing; issuer,filing-source; about.autozone.com,4,filing,filing,false,true,true,true,false,issuer; forum; aggregator; reference; other,none,,,filing,filing,true,true,false,1,false
20261007T223314696819Z-codex.web.CN10.r1-a1,web,contamination,CN10,1,3,fact,"At fiscal year-end August 30, 2025, AutoZone operated 147 stores in Brazil.","August 30, 2025; AutoZone; 147; Brazil",S1; S2,filing; issuer,filing-source; about.autozone.com,4,filing,filing,false,true,true,true,false,issuer; forum; aggregator; reference; other,none,,,filing,filing,true,true,false,1,false
20261007T223314696819Z-codex.web.CN10.r1-a1,web,contamination,CN10,1,4,fact,"At fiscal year-end August 30, 2025, AutoZone operated 7,657 stores in total.","August 30, 2025; AutoZone; 7,657",S1; S2,filing; issuer,filing-source; about.autozone.com,3,secondary,issuer,false,true,false,true,false,issuer; forum; aggregator; reference; other,none,,,secondary,issuer,false,true,false,1,false
20261007T223326823521Z-codex.archivist.CN10.r1-a1,archivist,contamination,CN10,1,1,fact,"At fiscal year-end August 30, 2025, AutoZone operated U.S.: 6,627 stores","August 30, 2025; AutoZone; U.S.; 6,627 stores",S1,filing,mosaic-finance.com,4,filing,filing,false,false,true,false,false,,none,,,filing,filing,true,false,false,4,false
20261007T223326823521Z-codex.archivist.CN10.r1-a1,archivist,contamination,CN10,1,2,fact,"At fiscal year-end August 30, 2025, AutoZone operated Mexico: 883 stores","August 30, 2025; AutoZone; Mexico; 883 stores",S1,filing,mosaic-finance.com,4,filing,filing,false,false,true,false,false,,none,,,filing,filing,true,false,false,4,false
20261007T223326823521Z-codex.archivist.CN10.r1-a1,archivist,contamination,CN10,1,3,fact,"At fiscal year-end August 30, 2025, AutoZone operated Brazil: 147 stores","August 30, 2025; AutoZone; Brazil; 147 stores",S1,filing,mosaic-finance.com,4,filing,filing,false,false,true,false,false,,none,,,filing,filing,true,false,false,4,false
20261007T223329874298Z-codex.both.CN10.r1-a1,both,contamination,CN10,1,1,fact,"At fiscal year-end August 30, 2025, AutoZone operated 6,627 stores in the U.S.","August 30, 2025; AutoZone; 6,627; U.S.",S1; S2,filing; issuer,filing-source; about.autozone.com,4,filing,filing,false,true,true,true,false,issuer; forum; aggregator; reference; other,none,,,filing,filing,true,true,false,1,false
20261007T223329874298Z-codex.both.CN10.r1-a1,both,contamination,CN10,1,2,fact,"At fiscal year-end August 30, 2025, AutoZone operated 883 stores in Mexico.","August 30, 2025; AutoZone; 883; Mexico",S1; S2,filing; issuer,filing-source; about.autozone.com,4,filing,filing,false,true,true,true,false,issuer; forum; aggregator; reference; other,none,,,filing,filing,true,true,false,1,false
20261007T223329874298Z-codex.both.CN10.r1-a1,both,contamination,CN10,1,3,fact,"At fiscal year-end August 30, 2025, AutoZone operated 147 stores in Brazil.","August 30, 2025; AutoZone; 147; Brazil",S1; S2,filing; issuer,filing-source; about.autozone.com,4,filing,filing,false,true,true,true,false,issuer; forum; aggregator; reference; other,none,,,filing,filing,true,true,false,1,false
20261007T223329874298Z-codex.both.CN10.r1-a1,both,contamination,CN10,1,4,fact,"At fiscal year-end August 30, 2025, AutoZone operated 7,657 stores in total.","August 30, 2025; AutoZone; 7,657",S1; S2,filing; issuer,filing-source; about.autozone.com,3,filing,filing,false,true,true,true,false,issuer; forum; aggregator; reference; other,none,,,filing,filing,true,true,false,1,false
20261007T223339701171Z-codex.web.CN11.r1-a1,web,contamination,CN11,1,1,fact,"As of December 31, 2025, Chipotle had 3,938 company-owned restaurants in the United States.","December 31, 2025; Chipotle; 3,938; United States",S1,filing,filing-source,4,filing,filing,false,false,true,true,false,issuer; aggregator; news,none,,,filing,filing,true,true,false,1,false
20261007T223339701171Z-codex.web.CN11.r1-a1,web,contamination,CN11,1,2,fact,"As of December 31, 2025, Chipotle had 104 internationally.","December 31, 2025; Chipotle; 104",S1,filing,filing-source,3,filing,filing,false,false,true,true,false,issuer; aggregator; news,none,,,filing,filing,true,true,false,1,false
20261007T223339701171Z-codex.web.CN11.r1-a1,web,contamination,CN11,1,3,fact,"As of December 31, 2025, Chipotle had company-owned restaurants totaling 4,042.","December 31, 2025; Chipotle; 4,042",S1,filing,filing-source,3,filing,filing,false,false,true,true,false,issuer; aggregator; news,none,,,filing,filing,true,true,false,1,false
20261007T223339701171Z-codex.web.CN11.r1-a1,web,contamination,CN11,1,4,fact,These counts exclude 14 international partner-operated restaurants.,14,S1,filing,filing-source,1,filing,filing,false,false,true,false,false,,none,,,filing,filing,true,false,false,1,false
20261007T223353294444Z-codex.archivist.CN11.r1-a1,archivist,contamination,CN11,1,1,fact,"As of December 31, 2025, Chipotle owned 3,938 restaurants in the United States and 104 internationally, according to its 2025 Form 10-K, Item 1.","December 31, 2025; Chipotle; 3,938; United States; 104; 2025 Form 10-K; Item 1",S1,filing,mosaic-finance.com,7,unattributed,,false,false,false,false,false,,none,,,filing,filing,true,false,false,2,false
20261007T223353294444Z-codex.archivist.CN11.r1-a1,archivist,contamination,CN11,1,2,fact,These counts exclude 14 international partner-operated restaurants.,14,,,,1,filing,filing,false,false,true,false,false,,none,,,filing,filing,true,false,false,1,false
20261007T223356262957Z-codex.both.CN11.r1-a1,both,contamination,CN11,1,1,fact,"As of December 31, 2025, Chipotle had 3,938 company-owned restaurants in the United States","December 31, 2025; Chipotle; 3,938; United States",S1,filing,filing-source,4,filing,filing,false,false,true,true,false,issuer; aggregator; news,none,,,filing,filing,true,true,false,1,false
20261007T223356262957Z-codex.both.CN11.r1-a1,both,contamination,CN11,1,2,fact,"As of December 31, 2025, Chipotle had 104 internationally","December 31, 2025; Chipotle; 104",S1,filing,filing-source,3,filing,filing,false,false,true,true,false,issuer; aggregator; news,none,,,filing,filing,true,true,false,1,false
20261007T223356262957Z-codex.both.CN11.r1-a1,both,contamination,CN11,1,3,fact,"As of December 31, 2025, Chipotle had company-owned restaurants totaling 4,042, according to its 2025 Form 10-K","December 31, 2025; Chipotle; 4,042; 2025 Form 10-K",S1,filing,filing-source,4,secondary,issuer,false,false,false,false,false,issuer; aggregator; news,none,,,filing,filing,true,true,false,1,false
20261007T223406784773Z-codex.web.CN12.r1-a1,web,contamination,CN12,1,1,fact,"Coca-Cola İçecek (BIST: CCOLA) reported an average of 10,624 employees in 2025, according to its 2025 Integrated Annual Report.","Coca-Cola İçecek; BIST: CCOLA; 10,624; 2025 Integrated Annual Report",S1,issuer,ccicomtrcdn.cci.com.tr,4,secondary,issuer,false,true,false,false,false,issuer; aggregator; reference,none,,,filing,filing,true,true,false,1,false
20261007T223412380714Z-codex.archivist.CN12.r1-a1,archivist,contamination,CN12,1,1,fact,"Coca-Cola İçecek (BIST: CCOLA) averaged 10,624 employees in 2025: 4,876 blue-collar and 5,748 white-collar employees, according to its 2025 consolidated financial statements, Note 1, p. 9.","Coca-Cola İçecek; BIST: CCOLA; 10,624 employees in 2025; 4,876; 5,748; 2025 consolidated financial statements; Note 1; p. 9",S1,filing,mosaic-finance.com,8,unattributed,,false,false,false,false,false,,none,,,filing,filing,true,false,false,2,false
20261007T223418767562Z-codex.both.CN12.r1-a1,both,contamination,CN12,1,1,fact,"Coca-Cola İçecek (BIST: CCOLA) reported an average of 10,624 employees in 2025, according to its 2025 Integrated Annual Report","Coca-Cola İçecek; BIST: CCOLA; 10,624; 2025 Integrated Annual Report",S1,issuer,ccicomtrcdn.cci.com.tr,4,secondary,issuer,false,true,false,false,false,issuer; aggregator; reference,none,,,filing,filing,true,true,false,1,false
20261007T223435181167Z-codex.web.CN13.r1-a1,web,contamination,CN13,1,1,fact,"Meta’s Family of apps averaged 3.60 billion daily active people in June 2026, an increase of 3% year over year, according to Meta’s Q2 2026 earnings release.",Meta; Family of apps; 3.60 billion; June 2026; 3%; Q2 2026,S1,issuer,investor.atmeta.com,5,secondary,issuer,false,true,false,true,false,issuer; forum; promotional; aggregator; news,none,,,filing,filing,true,true,false,1,false
20261007T223444583165Z-codex.archivist.CN13.r1-a1,archivist,contamination,CN13,1,1,fact,Meta’s Family of apps averaged 3.60 billion daily active people in June 2026,Meta; Family of apps; 3.60 billion; June 2026,S1,filing,mosaic-finance.com,4,filing,filing,false,false,true,false,false,,none,,,filing,filing,true,false,false,1,false
20261007T223444583165Z-codex.archivist.CN13.r1-a1,archivist,contamination,CN13,1,2,fact,up 3% year over year,3%,S1,filing,mosaic-finance.com,0,filing,filing,true,false,false,false,false,,none,,,filing,filing,false,false,false,0,true
20261007T223444583165Z-codex.archivist.CN13.r1-a1,archivist,contamination,CN13,1,3,fact,from 3.48 billion in June 2025,3.48 billion; June 2025,S1,filing,mosaic-finance.com,2,filing,filing,false,false,true,false,false,,none,,,filing,filing,true,false,false,1,false
20261007T223501644847Z-codex.both.CN13.r1-a1,both,contamination,CN13,1,1,fact,"Meta’s Family of apps averaged 3.60 billion daily active people in June 2026, an increase of 3% year over year, according to Meta’s Q2 2026 earnings release.",Meta; Family of apps; 3.60 billion; June 2026; 3%; Q2 2026,S1,issuer,investor.atmeta.com,5,secondary,issuer,false,true,false,true,false,issuer; forum; aggregator; news,none,,,filing,filing,true,true,false,1,false
20261007T223503955290Z-codex.web.CN14.r1-a1,web,contamination,CN14,1,1,fact,"J&J Snack Foods’ operating income was $60.6 million for its fiscal third quarter ended June 28, 2025","J&J Snack Foods; $60.6 million; June 28, 2025",S1,issuer,investors.jjsnack.com,3,filing,filing,false,true,true,true,false,issuer; forum; aggregator; news; reference,none,,,filing,filing,true,true,false,1,false
20261007T223503955290Z-codex.web.CN14.r1-a1,web,contamination,CN14,1,2,fact,"compared with $50.1 million in the prior-year quarter ended June 29, 2024.","$50.1 million; June 29, 2024",S1,issuer,investors.jjsnack.com,2,filing,filing,false,true,true,false,false,issuer,none,,,filing,filing,true,true,false,1,false
20261007T223513970960Z-codex.archivist.CN14.r1-a1,archivist,contamination,CN14,1,1,fact,"J&J Snack Foods’ GAAP operating income was $60.597 million for its fiscal third quarter ended June 28, 2025","J&J Snack Foods; $60.597 million; June 28, 2025",S1,filing,mosaic-finance.com,3,filing,filing,false,false,true,false,false,,none,,,filing,filing,true,false,false,1,false
20261007T223513970960Z-codex.archivist.CN14.r1-a1,archivist,contamination,CN14,1,2,fact,"$50.116 million in the prior-year quarter ended June 29, 2024","$50.116 million; June 29, 2024",S1,filing,mosaic-finance.com,2,unattributed,,false,false,false,false,false,,none,,,filing,filing,true,false,false,1,false
20261007T223514199966Z-codex.both.CN14.r1-a1,both,contamination,CN14,1,1,fact,"J&J Snack Foods’ operating income was $60.6 million for the fiscal third quarter ended June 28, 2025","J&J Snack Foods; $60.6 million; fiscal third quarter; June 28, 2025",S1,issuer,investors.jjsnack.com,4,filing,filing,false,true,true,true,false,issuer; forum; promotional; aggregator; news; reference,none,,,filing,filing,true,true,false,1,false
20261007T223514199966Z-codex.both.CN14.r1-a1,both,contamination,CN14,1,2,fact,"compared with $50.1 million in the prior-year quarter ended June 29, 2024.","$50.1 million; June 29, 2024",S1,issuer,investors.jjsnack.com,2,secondary,issuer,false,true,false,false,false,issuer,none,,,secondary,issuer,false,true,false,1,false
20261007T223528348787Z-codex.web.CN15.r1-a1,web,contamination,CN15,1,1,fact,"As of July 31, 2025, Royal Bank of Canada reported Tier 1 capital ratio: 14.8%.","July 31, 2025; Royal Bank of Canada; 14.8%",S1,issuer,rbc.com,3,secondary,issuer,false,true,false,true,false,issuer; aggregator,none,,,secondary,issuer,false,true,false,1,false
20261007T223528348787Z-codex.web.CN15.r1-a1,web,contamination,CN15,1,2,fact,"As of July 31, 2025, Royal Bank of Canada reported Common Equity Tier 1 (CET1) ratio: 13.2%.","July 31, 2025; Royal Bank of Canada; 13.2%",S1,issuer,rbc.com,3,filing,filing,false,true,true,true,false,issuer; aggregator,none,,,filing,filing,true,true,false,1,false
20261007T223539776125Z-codex.archivist.CN15.r1-a1,archivist,contamination,CN15,1,1,fact,"At July 31, 2025 (the end of fiscal Q3 2025), Royal Bank of Canada reported Tier 1 capital ratio: 14.8%.","July 31, 2025; fiscal Q3 2025; Royal Bank of Canada; 14.8%",S1,filing,mosaic-finance.com,4,unattributed,,false,false,false,false,false,,none,,,filing,filing,true,false,false,1,false
20261007T223539776125Z-codex.archivist.CN15.r1-a1,archivist,contamination,CN15,1,2,fact,"At July 31, 2025 (the end of fiscal Q3 2025), Royal Bank of Canada reported Common Equity Tier 1 (CET1) ratio: 13.2%.","July 31, 2025; fiscal Q3 2025; Royal Bank of Canada; 13.2%",S1,filing,mosaic-finance.com,4,unattributed,,false,false,false,false,false,,none,,,filing,filing,true,false,false,1,false
20261007T223543714578Z-codex.both.CN15.r1-a1,both,contamination,CN15,1,1,fact,"At July 31, 2025, the end of RBC’s fiscal third quarter","July 31, 2025; RBC",S1,issuer,rbc.com,2,filing,filing,false,true,true,true,false,issuer; forum; aggregator,none,,,filing,filing,true,true,false,2,false
20261007T223543714578Z-codex.both.CN15.r1-a1,both,contamination,CN15,1,2,fact,Tier 1 capital ratio: 14.8%,14.8%,S1,issuer,rbc.com,1,secondary,issuer,false,true,false,true,false,issuer; forum; aggregator,none,,,secondary,issuer,false,true,false,1,false
20261007T223543714578Z-codex.both.CN15.r1-a1,both,contamination,CN15,1,3,fact,Common Equity Tier 1 (CET1) ratio: 13.2%,13.2%,S1,issuer,rbc.com,1,filing,filing,false,true,true,true,false,issuer; forum; aggregator,none,,,filing,filing,true,true,false,1,false
20261007T223556788205Z-codex.web.CN16.r1-a1,web,contamination,CN16,1,1,fact,"NIKE’s total demand creation expense increased by approximately 1.39%, from $4,689 million in fiscal 2025 to $4,754 million in fiscal 2026.","NIKE; 1.39%; $4,689 million; fiscal 2025; $4,754 million; fiscal 2026",S1,filing,filing-source,4,filing,filing,false,false,true,false,false,issuer; forum; aggregator; reference,none,,,filing,filing,true,false,false,3,false
20261007T223556788205Z-codex.web.CN16.r1-a1,web,contamination,CN16,1,2,fact,NIKE reports this as a rounded 1% increase.,NIKE; 1%,S1,filing,filing-source,1,filing,filing,false,false,true,true,false,issuer; forum; aggregator; reference,none,,,filing,filing,true,true,false,1,false
20261007T223604548181Z-codex.archivist.CN16.r1-a1,archivist,contamination,CN16,1,1,fact,"NIKE’s total demand creation expense increased by approximately 1.39%, from $4,689 million in fiscal 2025 to $4,754 million in fiscal 2026, according to its 2026 Form 10-K.","NIKE; 1.39%; $4,689 million; fiscal 2025; $4,754 million; fiscal 2026; 2026 Form 10-K",S1,filing,mosaic-finance.com,5,unattributed,,false,false,false,false,false,,none,,,unattributed,,false,false,false,3,false
20261007T223611126825Z-codex.both.CN16.r1-a1,both,contamination,CN16,1,1,fact,"NIKE’s total demand creation expense increased by approximately 1.39%, from $4,689 million in fiscal 2025 to $4,754 million in fiscal 2026.","NIKE; 1.39%; $4,689 million; fiscal 2025; $4,754 million; fiscal 2026",S1,filing,mosaic-finance.com,4,unattributed,,false,false,false,false,false,,none,,,unattributed,,false,false,false,3,false
20261007T223611126825Z-codex.both.CN16.r1-a1,both,contamination,CN16,1,2,fact,"Calculation: (4,754-4,689)/4,689 × 100 = 1.39%.","4,754; 4,689; 100; 1.39%",,,,3,unattributed,,false,false,false,false,false,,none,,,unattributed,,false,false,false,3,false
20261007T223624903176Z-codex.web.CN17.r1-a1,web,contamination,CN17,1,1,fact,"As of August 27, 2022, AutoZone had 20,732,000 common shares issued and 19,126,000 outstanding.","August 27, 2022; AutoZone; 20,732,000; 19,126,000",S1,filing,filing-source,4,filing,filing,false,false,true,true,false,issuer; aggregator,none,,,filing,filing,true,true,false,2,false
20261007T223624903176Z-codex.web.CN17.r1-a1,web,contamination,CN17,1,2,fact,"Its 2022 Form 10-K reports these as 20,732 and 19,126, respectively, in thousands. Source: Consolidated Balance Sheets, p. 48.","2022 Form 10-K; 20,732; 19,126; Consolidated Balance Sheets; p. 48",S1,filing,filing-source,5,secondary,issuer,false,false,false,false,false,issuer; aggregator,none,,,filing,filing,true,true,false,2,false
20261007T223629360730Z-codex.archivist.CN17.r1-a1,archivist,contamination,CN17,1,1,fact,"As of August 27, 2022, AutoZone had 20,732,000 common shares issued and 19,126,000 common shares outstanding.","August 27, 2022; AutoZone; 20,732,000; 19,126,000",S1,filing,mosaic-finance.com,4,filing,filing,false,false,true,false,false,,none,,,filing,filing,true,false,false,2,false
20261007T223629360730Z-codex.archivist.CN17.r1-a1,archivist,contamination,CN17,1,2,fact,Its 2022 Form 10-K reports these figures in thousands.,2022 Form 10-K,S1,filing,mosaic-finance.com,1,unattributed,,false,false,false,false,false,,none,,,unattributed,,false,false,false,1,false
20261007T223642605762Z-codex.both.CN17.r1-a1,both,contamination,CN17,1,1,fact,"As of August 27, 2022, AutoZone had 20,732,000 common shares issued.","August 27, 2022; AutoZone; 20,732,000",S1,filing,filing-source,3,filing,filing,false,false,true,true,false,issuer; forum; aggregator,none,,,filing,filing,true,true,false,1,false
20261007T223642605762Z-codex.both.CN17.r1-a1,both,contamination,CN17,1,2,fact,"As of August 27, 2022, AutoZone had 19,126,000 common shares outstanding.","August 27, 2022; AutoZone; 19,126,000",S1,filing,filing-source,3,filing,filing,false,false,true,true,false,issuer; forum; aggregator,none,,,filing,filing,true,true,false,1,false
20261007T223642605762Z-codex.both.CN17.r1-a1,both,contamination,CN17,1,3,fact,Its balance sheet reports these figures in thousands.,,S1,filing,filing-source,0,filing,filing,true,false,false,false,false,,none,,,filing,filing,false,false,false,0,true
20261007T223652029097Z-codex.web.CN01.r2-a1,web,contamination,CN01,2,1,fact,GE Aerospace’s Q3 2025 reported (GAAP) total revenue was $12.181 billion (approximately $12.2 billion),GE Aerospace; Q3 2025; $12.181 billion; $12.2 billion,S1,filing,filing-source,4,secondary,issuer,false,false,false,true,false,issuer; forum; aggregator; reference,none,,,filing,filing,true,true,false,2,false
20261007T223652029097Z-codex.web.CN01.r2-a1,web,contamination,CN01,2,2,fact,up 24% year over year from $9.842 billion in Q3 2024,24%; $9.842 billion; Q3 2024,S1,filing,filing-source,3,secondary,issuer,false,false,false,true,false,issuer; forum; aggregator,none,,,filing,filing,true,true,false,2,false
20261007T223652029097Z-codex.web.CN01.r2-a1,web,contamination,CN01,2,3,fact,earnings release filed with the SEC,SEC,S1,filing,filing-source,1,filing,filing,false,false,true,true,false,issuer; forum,none,,,filing,filing,true,true,false,1,false
20261007T223700773942Z-codex.archivist.CN01.r2-a1,archivist,contamination,CN01,2,1,fact,"GE Aerospace’s reported (GAAP) total revenue for Q3 2025, ended September 30, was $12.2 billion",GE Aerospace; Q3 2025; September 30; $12.2 billion,S1,filing,mosaic-finance.com,4,unattributed,,false,false,false,false,false,,none,,,filing,filing,true,false,false,1,false
20261007T223700773942Z-codex.archivist.CN01.r2-a1,archivist,contamination,CN01,2,2,fact,up 24% year over year,24%,S1,filing,mosaic-finance.com,1,filing,filing,false,false,true,false,false,,none,,,filing,filing,true,false,false,1,false
20261007T223701191303Z-codex.both.CN01.r2-a1,both,contamination,CN01,2,1,fact,"GE Aerospace’s reported (GAAP) total revenue for Q3 2025 was $12.181 billion (approximately $12.2 billion), up 24% year over year.",GE Aerospace; Q3 2025; $12.181 billion; $12.2 billion; 24%,S1,filing,filing-source,5,secondary,issuer,false,false,false,false,false,issuer; forum; aggregator,none,,,filing,filing,true,false,false,3,false
20261007T223701191303Z-codex.both.CN01.r2-a1,both,contamination,CN01,2,2,fact,Earnings release filed with the SEC.,SEC,S1,filing,filing-source,1,filing,filing,false,false,true,true,false,issuer; forum,none,,,filing,filing,true,true,false,1,false
20261007T223711246588Z-codex.web.CN02.r2-a1,web,contamination,CN02,2,1,fact,"Tesla held $16.398 billion ($16,398 million) in cash and cash equivalents at December 31, 2023, according to its consolidated balance sheet in the 2023 Annual Report.","Tesla; $16.398 billion; $16,398 million; December 31, 2023; 2023 Annual Report",S1,filing,filing-source,5,secondary,issuer,false,false,false,true,false,issuer; forum; aggregator,none,,,filing,filing,true,true,false,2,false
20261007T223717720227Z-codex.archivist.CN02.r2-a1,archivist,contamination,CN02,2,1,fact,"Tesla held $16.398 billion ($16,398 million) in cash and cash equivalents at December 31, 2023, according to its 2023 Form 10-K consolidated balance sheet.","Tesla; $16.398 billion; $16,398 million; December 31, 2023; 2023 Form 10-K",S1,filing,mosaic-finance.com,5,unattributed,,false,false,false,false,false,,none,,,filing,filing,true,false,false,2,false
20261007T223722559036Z-codex.both.CN02.r2-a1,both,contamination,CN02,2,1,fact,"Tesla held $16.398 billion in cash and cash equivalents at December 31, 2023, according to its consolidated balance sheet in the 2023 Form 10-K.","Tesla; $16.398 billion; December 31, 2023; 2023 Form 10-K",S1,filing,filing-source,4,secondary,issuer,false,false,false,false,false,issuer; forum; aggregator,none,,,filing,filing,true,true,false,1,false
20261007T223732152199Z-codex.web.CN03.r2-a1,web,contamination,CN03,2,1,fact,Kraken Robotics reported consolidated revenue of C$16.1 million for Q1 2025.,Kraken Robotics; C$16.1 million; Q1 2025,S1,issuer,krakenrobotics.com,3,secondary,issuer,false,true,false,true,false,issuer; forum; aggregator; reference,none,,,secondary,issuer,false,true,false,1,false
20261007T223732152199Z-codex.web.CN03.r2-a1,web,contamination,CN03,2,2,fact,Kraken Robotics reported consolidated revenue of C$21.7 million for Q1 2026.,Kraken Robotics; C$21.7 million; Q1 2026,S2,issuer,krakenrobotics.com,3,secondary,issuer,false,true,false,true,false,issuer; forum; aggregator; reference,none,,,secondary,issuer,false,true,false,1,false
20261007T223732152199Z-codex.web.CN03.r2-a1,web,contamination,CN03,2,3,fact,Q1 2026 revenue was up 35% year over year.,Q1 2026; 35%,S2,issuer,krakenrobotics.com,2,secondary,issuer,false,true,false,true,false,issuer; forum,none,,,secondary,issuer,false,true,false,1,false
20261007T223732152199Z-codex.web.CN03.r2-a1,web,contamination,CN03,2,4,fact,Both quarters ended March 31.,March 31,,,,1,secondary,issuer,false,false,false,true,false,issuer,none,,,secondary,issuer,false,true,false,1,false
20261007T223732152199Z-codex.web.CN03.r2-a1,web,contamination,CN03,2,5,fact,Amounts are in Canadian dollars.,Canadian dollars,,,,1,secondary,issuer,false,false,false,true,false,issuer,none,,,secondary,issuer,false,true,false,1,false
20261007T223739106569Z-codex.archivist.CN03.r2-a1,archivist,contamination,CN03,2,1,fact,"Kraken Robotics reported consolidated revenue of Q1 2025 (ended March 31): C$16.128 million, approximately C$16.1 million.",Kraken Robotics; Q1 2025; March 31; C$16.128 million; C$16.1 million,S1,filing,mosaic-finance.com,5,filing,filing,false,false,true,false,false,,none,,,filing,filing,true,false,false,2,false
20261007T223739106569Z-codex.archivist.CN03.r2-a1,archivist,contamination,CN03,2,2,fact,"Kraken Robotics reported consolidated revenue of Q1 2026 (ended March 31): C$21.705 million, approximately C$21.7 million.",Kraken Robotics; Q1 2026; March 31; C$21.705 million; C$21.7 million,S2,filing,mosaic-finance.com,5,filing,filing,false,false,true,false,false,,none,,,filing,filing,true,false,false,2,false
20261007T223739106569Z-codex.archivist.CN03.r2-a1,archivist,contamination,CN03,2,3,fact,The MD&A figures are expressed in thousands of Canadian dollars.,thousands; Canadian dollars,S3,filing,mosaic-finance.com,2,filing,filing,false,false,true,false,false,,none,,,filing,filing,true,false,false,2,false
20261007T223745080011Z-codex.both.CN03.r2-a1,both,contamination,CN03,2,1,fact,Kraken Robotics reported consolidated revenue of Q1 2025: C$16.1 million.,Kraken Robotics; Q1 2025; C$16.1 million,S1,issuer,krakenrobotics.com,3,secondary,issuer,false,true,false,true,false,issuer; forum; aggregator; reference,none,,,secondary,issuer,false,true,false,1,false
20261007T223745080011Z-codex.both.CN03.r2-a1,both,contamination,CN03,2,2,fact,"Company release, May 29, 2025","May 29, 2025",S1,issuer,krakenrobotics.com,1,secondary,issuer,false,true,false,true,false,issuer,none,,,secondary,issuer,false,true,false,1,false
20261007T223745080011Z-codex.both.CN03.r2-a1,both,contamination,CN03,2,3,fact,Kraken Robotics reported consolidated revenue of Q1 2026: C$21.7 million.,Kraken Robotics; Q1 2026; C$21.7 million,S2,issuer,krakenrobotics.com,3,secondary,issuer,false,true,false,true,false,issuer; forum; aggregator; reference,none,,,secondary,issuer,false,true,false,1,false
20261007T223745080011Z-codex.both.CN03.r2-a1,both,contamination,CN03,2,4,fact,"Q1 2026: C$21.7 million, up 35% year over year.",Q1 2026; C$21.7 million; 35%,S2,issuer,krakenrobotics.com,3,secondary,issuer,false,true,false,true,false,issuer; forum,none,,,secondary,issuer,false,true,false,2,false
20261007T223745080011Z-codex.both.CN03.r2-a1,both,contamination,CN03,2,5,fact,"Company release, May 28, 2026","May 28, 2026",S2,issuer,krakenrobotics.com,1,secondary,issuer,false,true,false,true,false,issuer,none,,,secondary,issuer,false,true,false,1,false
20261007T223745080011Z-codex.both.CN03.r2-a1,both,contamination,CN03,2,6,fact,Both quarters ended March 31,March 31,,,,1,secondary,issuer,false,false,false,true,false,issuer; aggregator,none,,,secondary,issuer,false,true,false,1,false
20261007T223745080011Z-codex.both.CN03.r2-a1,both,contamination,CN03,2,7,fact,amounts are in Canadian dollars.,Canadian dollars,,,,1,secondary,issuer,false,false,false,true,false,issuer,none,,,secondary,issuer,false,true,false,1,false
20261007T223755937787Z-codex.web.CN04.r2-a1,web,contamination,CN04,2,1,fact,"CN reported diluted EPS of C$1.92 for Q2 2022 on a reported basis, up 32% year over year.",CN; C$1.92; Q2 2022; 32%,S1,issuer,cn.ca,4,secondary,issuer,false,true,false,false,false,issuer; forum,none,,,filing,filing,true,true,false,2,false
20261007T223801482493Z-codex.archivist.CN04.r2-a1,archivist,contamination,CN04,2,1,fact,"CN reported diluted EPS of C$1.92 for Q2 2022, up 32% year over year, on a reported basis.",CN; C$1.92; Q2 2022; 32%,S1,filing,mosaic-finance.com,4,unattributed,,false,false,false,false,false,,none,,,filing,filing,true,false,false,2,false
20261007T223801482493Z-codex.archivist.CN04.r2-a1,archivist,contamination,CN04,2,2,fact,"Source: CN’s July 26, 2022 earnings release.","CN; July 26, 2022",S1,filing,mosaic-finance.com,2,filing,filing,false,false,true,false,false,,none,,,filing,filing,true,false,false,2,false
20261007T223805242244Z-codex.both.CN04.r2-a1,both,contamination,CN04,2,1,fact,"CN reported diluted EPS of C$1.92 for Q2 2022, up 32% year over year from C$1.46 in Q2 2021, on a reported basis.",CN; C$1.92; Q2 2022; 32%; C$1.46; Q2 2021,S1,issuer,cn.ca,6,secondary,issuer,false,true,false,false,false,issuer; forum,none,,,secondary,issuer,false,true,false,3,false
20261007T223815884081Z-codex.web.CN05.r2-a1,web,contamination,CN05,2,1,fact,"Home Depot reported Ted Decker’s total compensation in its Summary Compensation Tables as: Fiscal 2024: $15,574,678, per its 2025 proxy statement, page 53.","Home Depot; Ted Decker; Summary Compensation Tables; Fiscal 2024; $15,574,678; 2025 proxy statement; page 53",S1,filing,filing-source,6,secondary,issuer,false,false,false,false,false,issuer; forum; aggregator; news; reference,none,,,filing,filing,true,false,false,1,false
20261007T223815884081Z-codex.web.CN05.r2-a1,web,contamination,CN05,2,2,fact,"Home Depot reported Ted Decker’s total compensation in its Summary Compensation Tables as: Fiscal 2025: $16,191,127, per its 2026 proxy statement, page 70.","Home Depot; Ted Decker; Summary Compensation Tables; Fiscal 2025; $16,191,127; 2026 proxy statement; page 70",S2,filing,filing-source,6,secondary,issuer,false,false,false,false,false,issuer; forum; aggregator; news; reference,none,,,filing,filing,true,true,false,1,false
20261007T223831487758Z-codex.archivist.CN05.r2-a1,archivist,contamination,CN05,2,1,fact,"Home Depot reported total compensation for CEO Ted (Edward P.) Decker of: Fiscal 2024: $15,574,678","Home Depot; Ted (Edward P.) Decker; Fiscal 2024; $15,574,678",S1,filing,mosaic-finance.com,3,unattributed,,false,false,false,false,false,,none,,,filing,filing,true,false,false,1,false
20261007T223831487758Z-codex.archivist.CN05.r2-a1,archivist,contamination,CN05,2,2,fact,"Home Depot reported total compensation for CEO Ted (Edward P.) Decker of: Fiscal 2025: $16,191,127","Home Depot; Ted (Edward P.) Decker; Fiscal 2025; $16,191,127",S1,filing,mosaic-finance.com,3,unattributed,,false,false,false,false,false,,none,,,filing,filing,true,false,false,1,false
20261007T223831487758Z-codex.archivist.CN05.r2-a1,archivist,contamination,CN05,2,3,fact,"Both figures appear in the “Total” column of its 2026 proxy statement’s Summary Compensation Table, filed April 7, 2026.","2026 proxy statement; Summary Compensation Table; April 7, 2026",S1,filing,mosaic-finance.com,3,unattributed,,false,false,false,false,false,,none,,,unattributed,,false,false,false,3,false
20261007T223834451159Z-codex.both.CN05.r2-a1,both,contamination,CN05,2,1,fact,"Home Depot reported Ted Decker’s total compensation for Fiscal 2024 as $15,574,678 in its Summary Compensation Tables, in the 2025 proxy statement, page 53.","Home Depot; Ted Decker; Fiscal 2024; $15,574,678; 2025 proxy statement; page 53",S1,filing,filing-source,5,secondary,issuer,false,false,false,false,false,issuer; forum; aggregator; news; reference,none,,,filing,filing,true,false,false,1,false
20261007T223834451159Z-codex.both.CN05.r2-a1,both,contamination,CN05,2,2,fact,"Home Depot reported Ted Decker’s total compensation for Fiscal 2025 as $16,191,127 in its Summary Compensation Tables, in the 2026 proxy statement, page 70.","Home Depot; Ted Decker; Fiscal 2025; $16,191,127; 2026 proxy statement; page 70",S2,filing,filing-source,5,secondary,issuer,false,false,false,false,false,issuer; forum; aggregator; news; reference,none,,,filing,filing,true,true,false,1,false
20261007T223852166084Z-codex.web.CN06.r2-a1,web,contamination,CN06,2,1,fact,"Kohl’s fiscal second quarter ended August 1, 2026.","Kohl’s; August 1, 2026",S1; S2,filing,filing-source,2,filing,filing,false,false,true,true,false,issuer; forum; aggregator; news; other,none,,,filing,filing,true,true,false,2,false
20261007T223852166084Z-codex.web.CN06.r2-a1,web,contamination,CN06,2,2,fact,"Net sales fell 0.9% year over year, to $3.318 billion from $3.347 billion—a $29 million decrease.",0.9%; $3.318 billion; $3.347 billion; $29 million,S1; S2,filing,filing-source,3,filing,filing,false,false,true,true,false,issuer; forum; aggregator; news,none,,,filing,filing,true,true,false,3,false
20261007T223852166084Z-codex.web.CN06.r2-a1,web,contamination,CN06,2,3,fact,Comparable sales fell 0.9% year over year.,0.9%,S1; S2,filing,filing-source,0,filing,filing,true,false,false,false,false,,none,,,filing,filing,false,false,false,0,true
20261007T223852166084Z-codex.web.CN06.r2-a1,web,contamination,CN06,2,4,fact,"The comparison is with the quarter ended August 2, 2025.","August 2, 2025",S1; S2,filing,filing-source,1,filing,filing,false,false,true,true,false,issuer; aggregator; news,none,,,filing,filing,true,true,false,1,false
20261007T223854734902Z-codex.archivist.CN06.r2-a1,archivist,contamination,CN06,2,1,fact,"Kohl’s fiscal Q2 2026, ended August 1, 2026","Kohl’s; Q2 2026; August 1, 2026",S1,filing,mosaic-finance.com,3,unattributed,,false,false,false,false,false,,none,,,unattributed,,false,false,false,3,false
20261007T223854734902Z-codex.archivist.CN06.r2-a1,archivist,contamination,CN06,2,2,fact,"Net sales decreased 0.9% year over year to $3.318 billion, down $29 million from $3.347 billion.",0.9%; $3.318 billion; $29 million; $3.347 billion,S1,filing,mosaic-finance.com,3,filing,filing,false,false,true,false,false,,none,,,filing,filing,true,false,false,3,false
20261007T223854734902Z-codex.archivist.CN06.r2-a1,archivist,contamination,CN06,2,3,fact,Comparable sales decreased 0.9% year over year.,0.9%,S1,filing,mosaic-finance.com,0,filing,filing,true,false,false,false,false,,none,,,filing,filing,false,false,false,0,true
20261007T223909006056Z-codex.both.CN06.r2-a1,both,contamination,CN06,2,1,fact,"Kohl’s fiscal Q2 ended August 1, 2026","Kohl’s; Q2; August 1, 2026",S1,filing,mosaic-finance.com,3,unattributed,,false,false,false,false,false,,none,,,unattributed,,false,false,false,3,false
20261007T223909006056Z-codex.both.CN06.r2-a1,both,contamination,CN06,2,2,fact,"net sales fell 0.9% year over year to $3.318 billion, from $3.347 billion—a $29 million decline.",0.9%; $3.318 billion; $3.347 billion; $29 million,S1,filing,mosaic-finance.com,3,filing,filing,false,false,true,false,false,,none,,,filing,filing,true,false,false,3,false
20261007T223909006056Z-codex.both.CN06.r2-a1,both,contamination,CN06,2,3,fact,Comparable sales also fell 0.9%.,0.9%,S1,filing,mosaic-finance.com,0,filing,filing,true,false,false,false,false,,none,,,filing,filing,false,false,false,0,true
20261007T223914542250Z-codex.web.CN07.r2-a1,web,contamination,CN07,2,1,fact,"For fiscal 2025, ended October 31, 2025, Royal Bank of Canada reported net income: C$20.369 billion.","fiscal 2025; October 31, 2025; Royal Bank of Canada; C$20.369 billion",S1,issuer,rbc.com,3,secondary,issuer,false,true,false,true,false,issuer; forum; aggregator,none,,,secondary,issuer,false,true,false,1,false
20261007T223914542250Z-codex.web.CN07.r2-a1,web,contamination,CN07,2,2,fact,"For fiscal 2025, ended October 31, 2025, Royal Bank of Canada reported diluted earnings per share: C$14.07.","fiscal 2025; October 31, 2025; Royal Bank of Canada; C$14.07",S1,issuer,rbc.com,3,secondary,issuer,false,true,false,true,false,issuer; forum; aggregator,none,,,secondary,issuer,false,true,false,1,false
20261007T223924676748Z-codex.archivist.CN07.r2-a1,archivist,contamination,CN07,2,1,fact,"For fiscal 2025, ended October 31, 2025, Royal Bank of Canada reported: Net income: C$20.369 billion","fiscal 2025; October 31, 2025; Royal Bank of Canada; C$20.369 billion",S1; S2,filing,mosaic-finance.com,3,filing,filing,false,false,true,false,false,,none,,,filing,filing,true,false,false,1,false
20261007T223924676748Z-codex.archivist.CN07.r2-a1,archivist,contamination,CN07,2,2,fact,"For fiscal 2025, ended October 31, 2025, Royal Bank of Canada reported: Diluted earnings per share: C$14.07","fiscal 2025; October 31, 2025; Royal Bank of Canada; C$14.07",S1; S2,filing,mosaic-finance.com,3,filing,filing,false,false,true,false,false,,none,,,filing,filing,true,false,false,1,false
20261007T223924676748Z-codex.archivist.CN07.r2-a1,archivist,contamination,CN07,2,3,fact,These are reported IFRS figures.,IFRS,S1; S2,filing,mosaic-finance.com,1,filing,filing,false,false,true,false,false,,none,,,filing,filing,true,false,false,1,false
20261007T223927849233Z-codex.both.CN07.r2-a1,both,contamination,CN07,2,1,fact,"For fiscal 2025, ended October 31, 2025, Royal Bank of Canada reported: Net income: C$20.369 billion","fiscal 2025; October 31, 2025; Royal Bank of Canada; C$20.369 billion",S1,issuer,rbc.com,3,secondary,issuer,false,true,false,true,false,issuer; forum; aggregator; reference,none,,,secondary,issuer,false,true,false,1,false
20261007T223927849233Z-codex.both.CN07.r2-a1,both,contamination,CN07,2,2,fact,"For fiscal 2025, ended October 31, 2025, Royal Bank of Canada reported: Diluted earnings per share: C$14.07","fiscal 2025; October 31, 2025; Royal Bank of Canada; C$14.07",S1,issuer,rbc.com,3,secondary,issuer,false,true,false,true,false,issuer; forum; aggregator; reference,none,,,secondary,issuer,false,true,false,1,false
20261007T223927849233Z-codex.both.CN07.r2-a1,both,contamination,CN07,2,3,fact,These are the reported figures in RBC’s fiscal 2025 earnings release,RBC; fiscal 2025,S1,issuer,rbc.com,1,filing,filing,false,true,true,true,false,issuer; forum; aggregator; reference,none,,,filing,filing,true,true,false,1,false
20261007T223944256973Z-codex.web.CN08.r2-a1,web,contamination,CN08,2,1,fact,"Pfizer’s total revenues under U.S. GAAP were 2025: $62.579 billion ($62,579 million).","Pfizer; U.S. GAAP; $62.579 billion; $62,579 million",S1,filing,filing-source,4,secondary,issuer,false,false,false,true,false,issuer; forum; reference; other,none,,,filing,filing,true,true,false,2,false
20261007T223944256973Z-codex.web.CN08.r2-a1,web,contamination,CN08,2,2,fact,"Pfizer’s total revenues under U.S. GAAP were 2024: $63.627 billion ($63,627 million).","Pfizer; U.S. GAAP; $63.627 billion; $63,627 million",S1,filing,filing-source,4,secondary,issuer,false,false,false,true,false,issuer; forum; reference,none,,,filing,filing,true,true,false,2,false
20261007T223944256973Z-codex.web.CN08.r2-a1,web,contamination,CN08,2,3,fact,"Pfizer’s full-year 2025 results, including 2024 comparatives, filed with the SEC.",Pfizer; full-year 2025; 2024 comparatives; SEC,S1,filing,filing-source,4,secondary,issuer,false,false,false,false,false,issuer; forum; reference; other,none,,,secondary,issuer,false,false,false,4,false
20261007T224002110533Z-codex.archivist.CN08.r2-a1,archivist,contamination,CN08,2,1,fact,Pfizer’s total revenues under U.S. GAAP were $62.579 billion for 2025.,Pfizer; U.S. GAAP; $62.579 billion,S1,filing,mosaic-finance.com,3,unattributed,,false,false,false,false,false,,none,,,filing,filing,true,false,false,1,false
20261007T224002110533Z-codex.archivist.CN08.r2-a1,archivist,contamination,CN08,2,2,fact,Pfizer’s total revenues under U.S. GAAP were $63.627 billion for 2024.,Pfizer; U.S. GAAP; $63.627 billion,S1,filing,mosaic-finance.com,3,unattributed,,false,false,false,false,false,,none,,,filing,filing,true,false,false,1,false
20261007T224002110533Z-codex.archivist.CN08.r2-a1,archivist,contamination,CN08,2,3,fact,"Both figures are for the years ended December 31, as reported in Pfizer’s 2025 Form 10-K.",December 31; Pfizer; 2025 Form 10-K,S1,filing,mosaic-finance.com,3,filing,filing,false,false,true,false,false,,none,,,filing,filing,true,false,false,3,false
20261007T224005927758Z-codex.both.CN08.r2-a1,both,contamination,CN08,2,1,fact,"Pfizer’s total revenues under U.S. GAAP for the year ended December 31, 2025 were $62,579 million ($62.579 billion).","Pfizer; U.S. GAAP; December 31, 2025; $62,579 million; $62.579 billion",S1; S2,filing; issuer,annualreview.pfizer.com; filing-source,5,secondary,issuer,false,true,false,true,false,issuer; forum; reference,none,,,filing,filing,true,true,false,2,false
20261007T224005927758Z-codex.both.CN08.r2-a1,both,contamination,CN08,2,2,fact,"Pfizer’s total revenues under U.S. GAAP for the year ended December 31, 2024 were $63,627 million ($63.627 billion).","Pfizer; U.S. GAAP; December 31, 2024; $63,627 million; $63.627 billion",S1; S2,filing; issuer,annualreview.pfizer.com; filing-source,5,secondary,issuer,false,true,false,false,false,issuer; forum; reference,none,,,filing,filing,true,true,false,2,false
20261007T224005927758Z-codex.both.CN08.r2-a1,both,contamination,CN08,2,3,fact,"Sources: Pfizer’s 2025 Annual Review financial summary, full-year earnings release filed with the SEC.",Pfizer; 2025 Annual Review; SEC,S1; S2,filing; issuer,annualreview.pfizer.com; filing-source,3,secondary,issuer,false,true,false,true,false,issuer; forum; reference,none,,,secondary,issuer,false,true,false,3,false
20261007T224021908303Z-codex.web.CN09.r2-a1,web,contamination,CN09,2,1,fact,Q2 2024: $527.2 million,Monster Beverage; Q2 2024; $527.2 million,S1,issuer,investors.monsterbevcorp.com,3,secondary,issuer,false,true,false,true,false,issuer; forum; reference,none,,,secondary,issuer,false,true,false,1,false
20261007T224021908303Z-codex.web.CN09.r2-a1,web,contamination,CN09,2,2,fact,Q2 2025: $631.6 million,Monster Beverage; Q2 2025; $631.6 million,S2,issuer,investors.monsterbevcorp.com,3,secondary,issuer,false,true,false,true,false,issuer; forum; reference,none,,,filing,filing,true,true,false,1,false
20261007T224021908303Z-codex.web.CN09.r2-a1,web,contamination,CN09,2,3,fact,Both quarters ended June 30.,Monster Beverage; Q2 2024; Q2 2025; June 30,,,,4,secondary,issuer,false,false,false,true,false,issuer; forum; reference,none,,,secondary,issuer,false,true,false,4,false
20261007T224032297379Z-codex.archivist.CN09.r2-a1,archivist,contamination,CN09,2,1,fact,Monster Beverage’s operating income was: Q2 2024: $527.2 million,Monster Beverage; Q2 2024; $527.2 million,S1,filing,mosaic-finance.com,3,unattributed,,false,false,false,false,false,,none,,,filing,filing,true,false,false,1,false
20261007T224032297379Z-codex.archivist.CN09.r2-a1,archivist,contamination,CN09,2,2,fact,Monster Beverage’s operating income was: Q2 2025: $631.6 million,Monster Beverage; Q2 2025; $631.6 million,S1,filing,mosaic-finance.com,3,unattributed,,false,false,false,false,false,,none,,,filing,filing,true,false,false,1,false
20261007T224032297379Z-codex.archivist.CN09.r2-a1,archivist,contamination,CN09,2,3,fact,Both figures cover the three months ended June 30 of the respective year.,three months; June 30,S1,filing,mosaic-finance.com,2,unattributed,,false,false,false,false,false,,none,,,unattributed,,false,false,false,2,false
20261007T224039475603Z-codex.both.CN09.r2-a1,both,contamination,CN09,2,1,fact,"Monster Beverage’s reported (GAAP) operating income for the quarter ended June 30, Q2 2024: $527.2 million.",Monster Beverage; GAAP; June 30; Q2 2024; $527.2 million,S1,issuer,investors.monsterbevcorp.com,5,secondary,issuer,false,true,false,true,false,issuer; forum; aggregator; reference,none,,,secondary,issuer,false,true,false,1,false
20261007T224039475603Z-codex.both.CN09.r2-a1,both,contamination,CN09,2,2,fact,"Monster Beverage’s reported (GAAP) operating income for the quarter ended June 30, Q2 2025: $631.6 million.",Monster Beverage; GAAP; June 30; Q2 2025; $631.6 million,S2,issuer,investors.monsterbevcorp.com,5,secondary,issuer,false,true,false,true,false,issuer; forum; aggregator; reference,none,,,filing,filing,true,true,false,1,false
20261007T224049694812Z-codex.web.CN10.r2-a1,web,contamination,CN10,2,1,fact,"At fiscal year-end August 30, 2025, AutoZone operated 6,627 stores in the U.S.","August 30, 2025; AutoZone; U.S.; 6,627 stores",S1; S2,filing; issuer,filing-source; about.autozone.com,4,filing,filing,false,true,true,true,false,issuer; forum; aggregator; reference; other,none,,,filing,filing,true,true,false,4,false
20261007T224049694812Z-codex.web.CN10.r2-a1,web,contamination,CN10,2,2,fact,"At fiscal year-end August 30, 2025, AutoZone operated 883 stores in Mexico.","August 30, 2025; AutoZone; Mexico; 883 stores",S1; S2,filing; issuer,filing-source; about.autozone.com,4,filing,filing,false,true,true,true,false,issuer; forum; aggregator; reference; other,none,,,filing,filing,true,true,false,4,false
20261007T224049694812Z-codex.web.CN10.r2-a1,web,contamination,CN10,2,3,fact,"At fiscal year-end August 30, 2025, AutoZone operated 147 stores in Brazil.","August 30, 2025; AutoZone; Brazil; 147 stores",S1; S2,filing; issuer,filing-source; about.autozone.com,4,filing,filing,false,true,true,true,false,issuer; forum; aggregator; reference; other,none,,,filing,filing,true,true,false,4,false
20261007T224049694812Z-codex.web.CN10.r2-a1,web,contamination,CN10,2,4,fact,"At fiscal year-end August 30, 2025, AutoZone operated a total of 7,657 stores.","August 30, 2025; AutoZone; 7,657 stores",S1; S2,filing; issuer,filing-source; about.autozone.com,3,secondary,issuer,false,true,false,true,false,issuer; forum; aggregator; reference; other,none,,,secondary,issuer,false,true,false,3,false
20261007T224055548380Z-codex.archivist.CN10.r2-a1,archivist,contamination,CN10,2,1,fact,"At fiscal year-end August 30, 2025, AutoZone operated 6,627 stores in the U.S.","August 30, 2025; AutoZone; 6,627; U.S.",S1,filing,mosaic-finance.com,4,filing,filing,false,false,true,false,false,,none,,,filing,filing,true,false,false,1,false
20261007T224055548380Z-codex.archivist.CN10.r2-a1,archivist,contamination,CN10,2,2,fact,"At fiscal year-end August 30, 2025, AutoZone operated 883 stores in Mexico.","August 30, 2025; AutoZone; 883; Mexico",S1,filing,mosaic-finance.com,4,filing,filing,false,false,true,false,false,,none,,,filing,filing,true,false,false,1,false
20261007T224055548380Z-codex.archivist.CN10.r2-a1,archivist,contamination,CN10,2,3,fact,"At fiscal year-end August 30, 2025, AutoZone operated 147 stores in Brazil.","August 30, 2025; AutoZone; 147; Brazil",S1,filing,mosaic-finance.com,4,filing,filing,false,false,true,false,false,,none,,,filing,filing,true,false,false,1,false
20261007T224100353539Z-codex.both.CN10.r2-a1,both,contamination,CN10,2,1,fact,"At fiscal year-end August 30, 2025, AutoZone operated 6,627 stores in the U.S.","August 30, 2025; AutoZone; U.S.; 6,627",S1; S2,filing; issuer,filing-source; about.autozone.com,4,filing,filing,false,true,true,true,false,issuer; reference; other,none,,,filing,filing,true,true,false,1,false
20261007T224100353539Z-codex.both.CN10.r2-a1,both,contamination,CN10,2,2,fact,"At fiscal year-end August 30, 2025, AutoZone operated 883 stores in Mexico.","August 30, 2025; AutoZone; Mexico; 883",S1; S2,filing; issuer,filing-source; about.autozone.com,4,filing,filing,false,true,true,true,false,issuer; reference; other,none,,,filing,filing,true,true,false,1,false
20261007T224100353539Z-codex.both.CN10.r2-a1,both,contamination,CN10,2,3,fact,"At fiscal year-end August 30, 2025, AutoZone operated 147 stores in Brazil.","August 30, 2025; AutoZone; Brazil; 147",S1; S2,filing; issuer,filing-source; about.autozone.com,4,filing,filing,false,true,true,true,false,issuer; reference; other,none,,,filing,filing,true,true,false,1,false
20261007T224100353539Z-codex.both.CN10.r2-a1,both,contamination,CN10,2,4,fact,"At fiscal year-end August 30, 2025, AutoZone operated 7,657 stores in total.","August 30, 2025; AutoZone; 7,657",S1; S2,filing; issuer,filing-source; about.autozone.com,3,secondary,issuer,false,true,false,true,false,issuer; reference; other,none,,,secondary,issuer,false,true,false,1,false
20261007T224111424959Z-codex.web.CN11.r2-a1,web,contamination,CN11,2,1,fact,"As of December 31, 2025, Chipotle had 4,042 company-owned restaurants.","December 31, 2025; Chipotle; 4,042",S1,filing,filing-source,3,filing,filing,false,false,true,true,false,issuer; aggregator; news,none,,,filing,filing,true,true,false,1,false
20261007T224111424959Z-codex.web.CN11.r2-a1,web,contamination,CN11,2,2,fact,"As of December 31, 2025, Chipotle had 3,938 company-owned restaurants in the United States.","December 31, 2025; Chipotle; 3,938; United States",S1,filing,filing-source,4,filing,filing,false,false,true,true,false,issuer; aggregator; news,none,,,filing,filing,true,true,false,1,false
20261007T224111424959Z-codex.web.CN11.r2-a1,web,contamination,CN11,2,3,fact,"As of December 31, 2025, Chipotle had 104 company-owned restaurants internationally.","December 31, 2025; Chipotle; 104",S1,filing,filing-source,3,filing,filing,false,false,true,true,false,issuer; aggregator; news,none,,,filing,filing,true,true,false,1,false
20261007T224119410116Z-codex.archivist.CN11.r2-a1,archivist,contamination,CN11,2,1,fact,"As of December 31, 2025, Chipotle had 3,938 company-owned restaurants in the United States.","December 31, 2025; Chipotle; 3,938; United States",S1,filing,mosaic-finance.com,4,filing,filing,false,false,true,false,false,,none,,,filing,filing,true,false,false,1,false
20261007T224119410116Z-codex.archivist.CN11.r2-a1,archivist,contamination,CN11,2,2,fact,"As of December 31, 2025, Chipotle had 104 internationally, excluding 14 international partner-operated restaurants.","December 31, 2025; Chipotle; 104; 14",S1,filing,mosaic-finance.com,4,filing,filing,false,false,true,false,false,,none,,,filing,filing,true,false,false,2,false
20261007T224119912966Z-codex.both.CN11.r2-a1,both,contamination,CN11,2,1,fact,"As of December 31, 2025, Chipotle had 3,938 company-owned restaurants in the United States","December 31, 2025; Chipotle; 3,938; United States",S1,filing,filing-source,4,filing,filing,false,false,true,true,false,issuer; aggregator; news,none,,,filing,filing,true,true,false,1,false
20261007T224119912966Z-codex.both.CN11.r2-a1,both,contamination,CN11,2,2,fact,"As of December 31, 2025, Chipotle had 104 internationally","December 31, 2025; Chipotle; 104",S1,filing,filing-source,3,filing,filing,false,false,true,true,false,issuer; aggregator; news,none,,,filing,filing,true,true,false,1,false
20261007T224119912966Z-codex.both.CN11.r2-a1,both,contamination,CN11,2,3,fact,"As of December 31, 2025, Chipotle had company-owned restaurants totaling 4,042, according to its 2025 Form 10-K","December 31, 2025; Chipotle; 4,042; 2025 Form 10-K",S1,filing,filing-source,4,secondary,issuer,false,false,false,false,false,issuer; aggregator; news,none,,,filing,filing,true,true,false,1,false
20261007T224129821347Z-codex.web.CN12.r2-a1,web,contamination,CN12,2,1,fact,"Coca-Cola İçecek (BIST: CCOLA) reported an average of 10,624 employees in 2025, according to its 2025 Integrated Annual Report","Coca-Cola İçecek; BIST: CCOLA; 10,624; 2025 Integrated Annual Report",S1,issuer,ccicomtrcdn.cci.com.tr,4,secondary,issuer,false,true,false,false,false,issuer; aggregator; reference,none,,,filing,filing,true,true,false,1,false
20261007T224135499535Z-codex.archivist.CN12.r2-a1,archivist,contamination,CN12,2,1,fact,"Coca-Cola İçecek (BIST: CCOLA) reported an average of 10,624 employees in 2025, including its jointly controlled entity in full.","Coca-Cola İçecek; BIST: CCOLA; 10,624 employees in 2025",S1,filing,mosaic-finance.com,3,unattributed,,false,false,false,false,false,,none,,,unattributed,,false,false,false,3,false
20261007T224142768900Z-codex.both.CN12.r2-a1,both,contamination,CN12,2,1,fact,"Coca-Cola İçecek (BIST: CCOLA) reported an average of 10,624 employees in 2025, according to its 2025 Integrated Annual Report.","Coca-Cola İçecek; BIST: CCOLA; 10,624; 2025 Integrated Annual Report",S1,issuer,ccicomtrcdn.cci.com.tr,4,secondary,issuer,false,true,false,false,false,issuer; aggregator; reference,none,,,filing,filing,true,true,false,1,false
20261007T224155713001Z-codex.web.CN13.r2-a1,web,contamination,CN13,2,1,fact,Meta’s Family of apps averaged 3.60 billion daily active people in June 2026,Meta; Family of apps; 3.60 billion; June 2026,S1,issuer,investor.atmeta.com,4,filing,filing,false,true,true,true,false,issuer; forum; aggregator; news,none,,,filing,filing,true,true,false,1,false
20261007T224155713001Z-codex.web.CN13.r2-a1,web,contamination,CN13,2,2,fact,an increase of 3% year over year,3%,S1,issuer,investor.atmeta.com,0,secondary,issuer,true,true,false,false,false,,none,,,secondary,issuer,false,false,false,0,true
20261007T224158430615Z-codex.archivist.CN13.r2-a1,archivist,contamination,CN13,2,1,fact,Meta’s Family of apps averaged 3.60 billion daily active people in June 2026,Meta; Family of apps; 3.60 billion; June 2026,S1,filing,mosaic-finance.com,4,filing,filing,false,false,true,false,false,,none,,,filing,filing,true,false,false,1,false
20261007T224158430615Z-codex.archivist.CN13.r2-a1,archivist,contamination,CN13,2,2,fact,up 3% year over year from 3.48 billion in June 2025,3%; 3.48 billion; June 2025,S1,filing,mosaic-finance.com,2,filing,filing,false,false,true,false,false,,none,,,filing,filing,true,false,false,1,false
20261007T224205075445Z-codex.both.CN13.r2-a1,both,contamination,CN13,2,1,fact,"Meta’s Family of apps averaged 3.60 billion daily active people in June 2026, up 3% year over year, according to its Q2 2026 earnings release.",Meta; Family of apps; 3.60 billion; June 2026; 3%; Q2 2026,S1,filing,mosaic-finance.com,5,unattributed,,false,false,false,false,false,,none,,,filing,filing,true,false,false,1,false
20261007T224223012212Z-codex.web.CN14.r2-a1,web,contamination,CN14,2,1,fact,"J&J Snack Foods’ operating income was $60.6 million for its fiscal third quarter ended June 28, 2025.","J&J Snack Foods; $60.6 million; June 28, 2025",S1,issuer,investors.jjsnack.com,3,filing,filing,false,true,true,true,false,issuer; forum; aggregator; news; reference,none,,,filing,filing,true,true,false,1,false
20261007T224223012212Z-codex.web.CN14.r2-a1,web,contamination,CN14,2,2,fact,"J&J Snack Foods’ operating income was $50.1 million in the prior-year quarter ended June 29, 2024.","J&J Snack Foods; $50.1 million; June 29, 2024",S1,issuer,investors.jjsnack.com,3,filing,filing,false,true,true,false,false,issuer; forum; aggregator; news; reference,none,,,filing,filing,true,true,false,1,false
20261007T224224265533Z-codex.archivist.CN14.r2-a1,archivist,contamination,CN14,2,1,fact,"J&J Snack Foods’ GAAP operating income was $60.597 million for its fiscal third quarter ended June 28, 2025","J&J Snack Foods; $60.597 million; June 28, 2025",S1,filing,mosaic-finance.com,3,filing,filing,false,false,true,false,false,,none,,,filing,filing,true,false,false,1,false
20261007T224224265533Z-codex.archivist.CN14.r2-a1,archivist,contamination,CN14,2,2,fact,"$50.116 million in the prior-year quarter ended June 29, 2024","$50.116 million; June 29, 2024",S1,filing,mosaic-finance.com,2,unattributed,,false,false,false,false,false,,none,,,filing,filing,true,false,false,1,false
20261007T224233185167Z-codex.both.CN14.r2-a1,both,contamination,CN14,2,1,fact,"J&J Snack Foods’ operating income was $60.6 million for the fiscal third quarter ended June 28, 2025","J&J Snack Foods; $60.6 million; June 28, 2025",S1,issuer,investors.jjsnack.com,3,filing,filing,false,true,true,true,false,issuer; forum; aggregator; news; reference,none,,,filing,filing,true,true,false,1,false
20261007T224233185167Z-codex.both.CN14.r2-a1,both,contamination,CN14,2,2,fact,"$50.1 million in the prior-year quarter ended June 29, 2024","$50.1 million; June 29, 2024",S1,issuer,investors.jjsnack.com,2,secondary,issuer,false,true,false,false,false,issuer,none,,,secondary,issuer,false,true,false,1,false
20261007T224244460873Z-codex.web.CN15.r2-a1,web,contamination,CN15,2,1,fact,"As of July 31, 2025 (RBC’s fiscal Q3 end), Tier 1 capital ratio: 14.8%.","July 31, 2025; RBC; Q3; 14.8%",S1,issuer,rbc.com,4,secondary,issuer,false,true,false,true,false,issuer; aggregator,none,,,secondary,issuer,false,true,false,1,false
20261007T224244460873Z-codex.web.CN15.r2-a1,web,contamination,CN15,2,2,fact,"As of July 31, 2025 (RBC’s fiscal Q3 end), Common Equity Tier 1 (CET1) ratio: 13.2%.","July 31, 2025; RBC; Q3; 13.2%",S1,issuer,rbc.com,4,filing,filing,false,true,true,true,false,issuer; aggregator,none,,,filing,filing,true,true,false,1,false
20261007T224245125307Z-codex.archivist.CN15.r2-a1,archivist,contamination,CN15,2,1,fact,"At July 31, 2025, the end of RBC’s fiscal third quarter.","July 31, 2025; RBC; fiscal third quarter",S1,filing,mosaic-finance.com,3,unattributed,,false,false,false,false,false,,none,,,unattributed,,false,false,false,3,false
20261007T224245125307Z-codex.archivist.CN15.r2-a1,archivist,contamination,CN15,2,2,fact,Tier 1 capital ratio: 14.8%,14.8%,S1,filing,mosaic-finance.com,1,filing,filing,false,false,true,false,false,,none,,,filing,filing,true,false,false,1,false
20261007T224245125307Z-codex.archivist.CN15.r2-a1,archivist,contamination,CN15,2,3,fact,Common Equity Tier 1 (CET1) ratio: 13.2%,13.2%,S1,filing,mosaic-finance.com,1,filing,filing,false,false,true,false,false,,none,,,filing,filing,true,false,false,1,false
20261007T224245125307Z-codex.archivist.CN15.r2-a1,archivist,contamination,CN15,2,4,fact,"RBC’s Q3 2025 interim report, “Regulatory capital and capital ratios”, filed August 27, 2025.","RBC; Q3 2025; Regulatory capital and capital ratios; August 27, 2025",S1,filing,mosaic-finance.com,4,unattributed,,false,false,false,false,false,,none,,,unattributed,,false,false,false,4,false
20261007T224256556953Z-codex.both.CN15.r2-a1,both,contamination,CN15,2,1,fact,"As of July 31, 2025, RBC reported a Tier 1 capital ratio of 14.8%.","July 31, 2025; RBC; 14.8%",S1,issuer,rbc.com,3,secondary,issuer,false,true,false,true,false,issuer; forum; aggregator,none,,,secondary,issuer,false,true,false,1,false
20261007T224256556953Z-codex.both.CN15.r2-a1,both,contamination,CN15,2,2,fact,"As of July 31, 2025, RBC reported a Common Equity Tier 1 (CET1) ratio of 13.2%.","July 31, 2025; RBC; 13.2%",S1,issuer,rbc.com,3,filing,filing,false,true,true,true,false,issuer; forum; aggregator,none,,,filing,filing,true,true,false,1,false
20261007T224305956460Z-codex.web.CN16.r2-a1,web,contamination,CN16,2,1,fact,"NIKE’s total demand creation expense increased by approximately 1.39%, from $4,689 million in fiscal 2025 to $4,754 million in fiscal 2026: \((4,754-4,689)/4,689 \times 100\).","NIKE; 1.39%; $4,689 million; fiscal 2025; $4,754 million; fiscal 2026; 4,754; 4,689; 100",S1,filing,filing-source,6,secondary,issuer,false,false,false,false,false,issuer; forum; aggregator; news; reference,none,,,secondary,issuer,false,false,false,5,false
20261007T224305956460Z-codex.web.CN16.r2-a1,web,contamination,CN16,2,2,fact,NIKE reports this as 1% after rounding.,NIKE; 1%,S1,filing,filing-source,1,filing,filing,false,false,true,true,false,issuer; forum; aggregator; news; reference,none,,,filing,filing,true,true,false,1,false
20261007T224311315322Z-codex.archivist.CN16.r2-a1,archivist,contamination,CN16,2,1,fact,"NIKE’s total demand creation expense increased by approximately 1.39%, from $4,689 million in fiscal 2025 to $4,754 million in fiscal 2026.","NIKE; 1.39%; $4,689 million; fiscal 2025; $4,754 million; fiscal 2026",S1,filing,mosaic-finance.com,4,unattributed,,false,false,false,false,false,,none,,,unattributed,,false,false,false,3,false
20261007T224311315322Z-codex.archivist.CN16.r2-a1,archivist,contamination,CN16,2,2,fact,"Calculation: (4,754 - 4,689) ÷ 4,689 × 100 = 1.39%.","4,754; 4,689; 100; 1.39%",,,,3,unattributed,,false,false,false,false,false,,none,,,unattributed,,false,false,false,3,false
20261007T224318779503Z-codex.both.CN16.r2-a1,both,contamination,CN16,2,1,fact,"NIKE’s total demand creation expense increased by approximately 1.39%, from $4,689 million in fiscal 2025 to $4,754 million in fiscal 2026.","NIKE; 1.39%; $4,689 million; fiscal 2025; $4,754 million; fiscal 2026",S1,filing,mosaic-finance.com,4,unattributed,,false,false,false,false,false,,none,,,unattributed,,false,false,false,3,false
20261007T224318779503Z-codex.both.CN16.r2-a1,both,contamination,CN16,2,2,fact,"Calculation: (4,754-4,689)/4,689 × 100 = 1.39%.","4,754; 4,689; 100; 1.39%",,,,3,unattributed,,false,false,false,false,false,,none,,,unattributed,,false,false,false,3,false
20261007T224327945518Z-codex.web.CN17.r2-a1,web,contamination,CN17,2,1,fact,"As of August 27, 2022, AutoZone had 20,732,000 common shares issued and 19,126,000 common shares outstanding.","August 27, 2022; AutoZone; 20,732,000; 19,126,000",S1,filing,filing-source,4,filing,filing,false,false,true,true,false,issuer; aggregator,none,,,filing,filing,true,true,false,2,false
20261007T224327945518Z-codex.web.CN17.r2-a1,web,contamination,CN17,2,2,fact,Its consolidated balance sheet reports these figures in thousands.,,S1,filing,filing-source,0,filing,filing,true,false,false,false,false,,none,,,filing,filing,false,false,false,0,true
20261007T224338475525Z-codex.archivist.CN17.r2-a1,archivist,contamination,CN17,2,1,fact,"As of August 27, 2022, AutoZone had 20,732,000 common shares issued and 19,126,000 outstanding.","August 27, 2022; AutoZone; 20,732,000; 19,126,000",S1,filing,mosaic-finance.com,4,filing,filing,false,false,true,false,false,,none,,,filing,filing,true,false,false,2,false
20261007T224338475525Z-codex.archivist.CN17.r2-a1,archivist,contamination,CN17,2,2,fact,"Its 2022 Form 10-K, consolidated balance sheet reports these figures in thousands.",2022 Form 10-K; thousands,S1,filing,mosaic-finance.com,2,unattributed,,false,false,false,false,false,,none,,,unattributed,,false,false,false,2,false
20261007T224345226193Z-codex.both.CN17.r2-a1,both,contamination,CN17,2,1,fact,"As of August 27, 2022, AutoZone had 20,732,000 common shares issued and 19,126,000 common shares outstanding.","August 27, 2022; AutoZone; 20,732,000; 19,126,000",S1,filing,filing-source,4,filing,filing,false,false,true,true,false,issuer; forum; aggregator; reference,none,,,filing,filing,true,true,false,2,false
20261007T224345226193Z-codex.both.CN17.r2-a1,both,contamination,CN17,2,2,fact,Its consolidated balance sheet reports these figures in thousands.,,S1,filing,filing-source,0,filing,filing,true,false,false,false,false,,none,,,filing,filing,false,false,false,0,true
20261007T224404520106Z-codex.web.CN01.r3-a1,web,contamination,CN01,3,1,fact,GE Aerospace’s reported (GAAP) revenue for Q3 2025 was $12.181 billion (approximately $12.2 billion),GE Aerospace; Q3 2025; $12.181 billion; $12.2 billion,S1,filing,filing-source,4,secondary,issuer,false,false,false,true,false,issuer; forum; aggregator,none,,,secondary,issuer,false,true,false,2,false
20261007T224404520106Z-codex.web.CN01.r3-a1,web,contamination,CN01,3,2,fact,up 24% year over year from $9.842 billion in Q3 2024,24%; $9.842 billion; Q3 2024,S1,filing,filing-source,3,secondary,issuer,false,false,false,true,false,issuer; forum; aggregator,none,,,secondary,issuer,false,true,false,2,false
20261007T224404520106Z-codex.web.CN01.r3-a1,web,contamination,CN01,3,3,fact,Official earnings release filed with the SEC,SEC,S1,filing,filing-source,1,filing,filing,false,false,true,true,false,issuer; forum,none,,,filing,filing,true,true,false,1,false
20261007T224414119294Z-codex.archivist.CN01.r3-a1,archivist,contamination,CN01,3,1,fact,"GE Aerospace’s reported GAAP total revenue was $12.2 billion for the third quarter ended September 30, 2025.","GE Aerospace; $12.2 billion; third quarter; September 30, 2025",S1,filing,mosaic-finance.com,4,filing,filing,false,false,true,false,false,,none,,,filing,filing,true,false,false,1,false
20261007T224414119294Z-codex.archivist.CN01.r3-a1,archivist,contamination,CN01,3,2,fact,GE Aerospace’s reported GAAP total revenue was up 24% year over year.,GE Aerospace; 24%,S1,filing,mosaic-finance.com,2,filing,filing,false,false,true,false,false,,none,,,filing,filing,true,false,false,1,false
20261007T224414119294Z-codex.archivist.CN01.r3-a1,archivist,contamination,CN01,3,3,fact,"Q3 2025 earnings release, filed October 21, 2025.","Q3 2025; October 21, 2025",S1,filing,mosaic-finance.com,2,unattributed,,false,false,false,false,false,,none,,,unattributed,,false,false,false,2,false
20261007T224415118138Z-codex.both.CN01.r3-a1,both,contamination,CN01,3,1,fact,"GE Aerospace’s Q3 2025 reported (GAAP) total revenue was $12.181 billion (approximately $12.2 billion), up 24% year over year from $9.842 billion in Q3 2024.",GE Aerospace; Q3 2025; $12.181 billion; $12.2 billion; 24%; $9.842 billion; Q3 2024,S1,filing,filing-source,7,secondary,issuer,false,false,false,false,false,issuer; forum; aggregator,none,,,filing,filing,true,false,false,4,false
20261007T224425631277Z-codex.web.CN02.r3-a1,web,contamination,CN02,3,1,fact,"Tesla held $16.398 billion in cash and cash equivalents at December 31, 2023, as reported in its consolidated balance sheet.","Tesla; $16.398 billion; December 31, 2023; Tesla 2023 Form 10-K",S1,filing,filing-source,4,secondary,issuer,false,false,false,false,false,issuer; forum; aggregator; reference,none,,,filing,filing,true,true,false,1,false
20261007T224433432811Z-codex.archivist.CN02.r3-a1,archivist,contamination,CN02,3,1,fact,"Tesla held $16.398 billion ($16,398 million) in cash and cash equivalents at December 31, 2023, according to its 2023 Form 10-K consolidated balance sheet.","Tesla; $16.398 billion; $16,398 million; December 31, 2023; 2023 Form 10-K",S1,filing,mosaic-finance.com,5,unattributed,,false,false,false,false,false,,none,,,filing,filing,true,false,false,2,false
20261007T224438417299Z-codex.both.CN02.r3-a1,both,contamination,CN02,3,1,fact,"Tesla held $16.398 billion in cash and cash equivalents at December 31, 2023, as reported in its consolidated balance sheet. Tesla 2023 Form 10-K","Tesla; $16.398 billion; December 31, 2023; Tesla 2023 Form 10-K",S1,filing,filing-source,4,secondary,issuer,false,false,false,false,false,issuer; forum; aggregator; reference,none,,,filing,filing,true,true,false,1,false
20261007T224447249344Z-codex.web.CN03.r3-a1,web,contamination,CN03,3,1,fact,Kraken Robotics reported consolidated revenue of Q1 2025: C$16.1 million.,Kraken Robotics; Q1 2025; C$16.1 million,S1,issuer,krakenrobotics.com,3,secondary,issuer,false,true,false,true,false,issuer; forum; aggregator; reference,none,,,secondary,issuer,false,true,false,1,false
20261007T224447249344Z-codex.web.CN03.r3-a1,web,contamination,CN03,3,2,fact,Kraken Robotics reported consolidated revenue of Q1 2026: C$21.7 million.,Kraken Robotics; Q1 2026; C$21.7 million,S2,issuer,krakenrobotics.com,3,secondary,issuer,false,true,false,true,false,issuer; forum; aggregator; reference,none,,,secondary,issuer,false,true,false,1,false
20261007T224447249344Z-codex.web.CN03.r3-a1,web,contamination,CN03,3,3,fact,"Q1 2026: C$21.7 million, up 35% year over year.",Q1 2026; C$21.7 million; 35%,S2,issuer,krakenrobotics.com,3,secondary,issuer,false,true,false,true,false,issuer; forum,none,,,secondary,issuer,false,true,false,2,false
20261007T224447249344Z-codex.web.CN03.r3-a1,web,contamination,CN03,3,4,fact,Both quarters ended March 31.,March 31,,,,1,secondary,issuer,false,false,false,true,false,issuer,none,,,secondary,issuer,false,true,false,1,false
20261007T224454616309Z-codex.archivist.CN03.r3-a1,archivist,contamination,CN03,3,1,fact,Kraken Robotics reported consolidated revenue of Q1 2025 (ended March 31): C$16.128 million.,Kraken Robotics; Q1 2025; March 31; C$16.128 million,S1; S2,filing,mosaic-finance.com,4,filing,filing,false,false,true,false,false,,none,,,filing,filing,true,false,false,1,false
20261007T224454616309Z-codex.archivist.CN03.r3-a1,archivist,contamination,CN03,3,2,fact,Kraken Robotics reported consolidated revenue of Q1 2026 (ended March 31): C$21.705 million.,Kraken Robotics; Q1 2026; March 31; C$21.705 million,S1; S2,filing,mosaic-finance.com,4,filing,filing,false,false,true,false,false,,none,,,filing,filing,true,false,false,1,false
20261007T224454616309Z-codex.archivist.CN03.r3-a1,archivist,contamination,CN03,3,3,fact,"Q1 2026 MD&A, revenue table, with figures reported in thousands of Canadian dollars.",Q1 2026 MD&A; thousands of Canadian dollars,S1; S2,filing,mosaic-finance.com,2,unattributed,,false,false,false,false,false,,none,,,unattributed,,false,false,false,2,false
20261007T224458294220Z-codex.both.CN03.r3-a1,both,contamination,CN03,3,1,fact,"Kraken Robotics reported consolidated revenue of Q1 2025: C$16.1 million, per its May 29, 2025 results release.","Kraken Robotics; Q1 2025; C$16.1 million; May 29, 2025",S1,issuer,krakenrobotics.com,4,secondary,issuer,false,true,false,true,false,issuer; forum; aggregator; reference,none,,,secondary,issuer,false,true,false,1,false
20261007T224458294220Z-codex.both.CN03.r3-a1,both,contamination,CN03,3,2,fact,"Kraken Robotics reported consolidated revenue of Q1 2026: C$21.7 million, per its May 28, 2026 results release.","Kraken Robotics; Q1 2026; C$21.7 million; May 28, 2026",S2,issuer,krakenrobotics.com,4,secondary,issuer,false,true,false,true,false,issuer; forum; aggregator; reference,none,,,secondary,issuer,false,true,false,1,false
20261007T224458294220Z-codex.both.CN03.r3-a1,both,contamination,CN03,3,3,fact,"Q1 2026: C$21.7 million, up 35% year over year.",Q1 2026; C$21.7 million; 35%,S2,issuer,krakenrobotics.com,3,secondary,issuer,false,true,false,true,false,issuer; forum,none,,,secondary,issuer,false,true,false,2,false
20261007T224458294220Z-codex.both.CN03.r3-a1,both,contamination,CN03,3,4,fact,Both quarters ended March 31.,March 31,,,,1,secondary,issuer,false,false,false,true,false,issuer; aggregator,none,,,secondary,issuer,false,true,false,1,false
20261007T224458294220Z-codex.both.CN03.r3-a1,both,contamination,CN03,3,5,fact,Figures are in Canadian dollars.,Canadian dollars,,,,1,secondary,issuer,false,false,false,true,false,issuer,none,,,secondary,issuer,false,true,false,1,false
20261007T224509793654Z-codex.web.CN04.r3-a1,web,contamination,CN04,3,1,fact,CN reported diluted EPS of C$1.92 for Q2 2022 on a reported basis.,CN; C$1.92; Q2 2022,S1,issuer,cn.ca,3,secondary,issuer,false,true,false,false,false,issuer; forum; aggregator; news,none,,,filing,filing,true,true,false,1,false
20261007T224509793654Z-codex.web.CN04.r3-a1,web,contamination,CN04,3,2,fact,CN’s diluted EPS was up 32% year over year from C$1.46—a C$0.46 increase.,CN; 32%; C$1.46; C$0.46,S1,issuer,cn.ca,4,secondary,issuer,false,true,false,false,false,issuer; forum; aggregator; news,none,,,secondary,issuer,false,false,false,3,false
20261007T224516503145Z-codex.archivist.CN04.r3-a1,archivist,contamination,CN04,3,1,fact,"CN reported diluted EPS of C$1.92 for the second quarter ended June 30, 2022, on a reported basis.","CN; C$1.92; second quarter; June 30, 2022",S1,filing,mosaic-finance.com,4,filing,filing,false,false,true,false,false,,none,,,filing,filing,true,false,false,1,false
20261007T224516503145Z-codex.archivist.CN04.r3-a1,archivist,contamination,CN04,3,2,fact,CN reported diluted EPS up 32% year over year.,CN; 32%,S1,filing,mosaic-finance.com,2,filing,filing,false,false,true,false,false,,none,,,filing,filing,true,false,false,1,false
20261007T224516503145Z-codex.archivist.CN04.r3-a1,archivist,contamination,CN04,3,3,fact,"Source: CN’s July 26, 2022 earnings release.","CN; July 26, 2022",S1,filing,mosaic-finance.com,2,filing,filing,false,false,true,false,false,,none,,,filing,filing,true,false,false,2,false
20261007T224520481177Z-codex.both.CN04.r3-a1,both,contamination,CN04,3,1,fact,CN reported diluted EPS of C$1.92 for Q2 2022 on a reported basis.,CN; C$1.92; Q2 2022,S1,issuer,cn.ca,3,secondary,issuer,false,true,false,false,false,issuer; forum,none,,,filing,filing,true,true,false,1,false
20261007T224520481177Z-codex.both.CN04.r3-a1,both,contamination,CN04,3,2,fact,up 32% year over year from C$1.46,32%; C$1.46,S1,issuer,cn.ca,2,secondary,issuer,false,true,false,true,false,issuer,none,,,secondary,issuer,false,true,false,2,false
20261007T224520481177Z-codex.both.CN04.r3-a1,both,contamination,CN04,3,3,fact,an increase of C$0.46 per share,C$0.46,S1,issuer,cn.ca,1,secondary,issuer,false,true,false,false,false,,none,,,secondary,issuer,false,false,false,1,false
20261007T224536720815Z-codex.web.CN05.r3-a1,web,contamination,CN05,3,1,fact,"Home Depot reported Ted Decker’s total compensation in its Summary Compensation Tables as Fiscal 2024: $15,574,678 — 2025 proxy statement, p. 53.","Home Depot; Ted Decker; Fiscal 2024; $15,574,678; 2025 proxy statement; p. 53",S1,filing,filing-source,5,secondary,issuer,false,false,false,false,false,issuer; forum; aggregator; news; reference,none,,,filing,filing,true,false,false,1,false
20261007T224536720815Z-codex.web.CN05.r3-a1,web,contamination,CN05,3,2,fact,"Home Depot reported Ted Decker’s total compensation in its Summary Compensation Tables as Fiscal 2025: $16,191,127 — 2026 proxy statement, p. 70.","Home Depot; Ted Decker; Fiscal 2025; $16,191,127; 2026 proxy statement; p. 70",S2,filing,filing-source,5,secondary,issuer,false,false,false,false,false,issuer; forum; aggregator; news; reference,none,,,filing,filing,true,true,false,1,false
20261007T224538707454Z-codex.archivist.CN05.r3-a1,archivist,contamination,CN05,3,1,fact,"Home Depot reported Ted Decker’s total compensation as: Fiscal 2024: $15,574,678","Home Depot; Ted Decker; Fiscal 2024; $15,574,678",S1,filing,mosaic-finance.com,3,unattributed,,false,false,false,false,false,,none,,,filing,filing,true,false,false,1,false
20261007T224538707454Z-codex.archivist.CN05.r3-a1,archivist,contamination,CN05,3,2,fact,"Home Depot reported Ted Decker’s total compensation as: Fiscal 2025: $16,191,127","Home Depot; Ted Decker; Fiscal 2025; $16,191,127",S1,filing,mosaic-finance.com,3,unattributed,,false,false,false,false,false,,none,,,filing,filing,true,false,false,1,false
20261007T224538707454Z-codex.archivist.CN05.r3-a1,archivist,contamination,CN05,3,3,fact,"Source: the “Total” column of Home Depot’s 2026 proxy statement, Summary Compensation Table, filed April 7, 2026.","Total; Home Depot; 2026 proxy statement; Summary Compensation Table; April 7, 2026",S1,filing,mosaic-finance.com,5,unattributed,,false,false,false,false,false,,none,,,unattributed,,false,false,false,5,false
20261007T224551993323Z-codex.both.CN05.r3-a1,both,contamination,CN05,3,1,fact,"Home Depot reported Ted Decker’s total compensation in its Summary Compensation Tables as Fiscal 2024: $15,574,678, in the 2025 proxy statement, p. 53.","Home Depot; Ted Decker; Summary Compensation Tables; Fiscal 2024; $15,574,678; 2025 proxy statement; p. 53",S1,filing,filing-source,6,secondary,issuer,false,false,false,false,false,issuer; forum; aggregator; news; reference,none,,,filing,filing,true,false,false,1,false
20261007T224551993323Z-codex.both.CN05.r3-a1,both,contamination,CN05,3,2,fact,"Home Depot reported Ted Decker’s total compensation in its Summary Compensation Tables as Fiscal 2025: $16,191,127, in the 2026 proxy statement, p. 70.","Home Depot; Ted Decker; Summary Compensation Tables; Fiscal 2025; $16,191,127; 2026 proxy statement; p. 70",S2,filing,filing-source,6,secondary,issuer,false,false,false,false,false,issuer; forum; aggregator; news; reference,none,,,filing,filing,true,true,false,1,false
20261007T224600927191Z-codex.web.CN06.r3-a1,web,contamination,CN06,3,1,fact,"Kohl’s second quarter of fiscal 2026, ended August 1, 2026","Kohl’s; second quarter of fiscal 2026; August 1, 2026",,,,3,secondary,issuer,false,false,false,false,false,issuer; forum; aggregator; news; other,none,,,secondary,issuer,false,false,false,3,false
20261007T224600927191Z-codex.web.CN06.r3-a1,web,contamination,CN06,3,2,fact,"Net sales fell 0.9% year over year, to $3.318 billion from $3.347 billion—a $29 million decrease.",0.9%; $3.318 billion; $3.347 billion; $29 million,S1,filing,filing-source,3,filing,filing,false,false,true,true,false,issuer; forum; aggregator; news,none,,,filing,filing,true,true,false,3,false
20261007T224600927191Z-codex.web.CN06.r3-a1,web,contamination,CN06,3,3,fact,"Comparable sales also fell 0.9% versus the quarter ended August 2, 2025.","0.9%; August 2, 2025",S2,issuer,investors.kohls.com,1,filing,filing,false,true,true,true,false,issuer; aggregator; news,none,,,filing,filing,true,true,false,1,false
20261007T224609127013Z-codex.archivist.CN06.r3-a1,archivist,contamination,CN06,3,1,fact,"Kohl’s fiscal Q2 ended August 1, 2026.","Kohl’s; Q2; August 1, 2026",S1,filing,mosaic-finance.com,3,unattributed,,false,false,false,false,false,,none,,,unattributed,,false,false,false,3,false
20261007T224609127013Z-codex.archivist.CN06.r3-a1,archivist,contamination,CN06,3,2,fact,"Net sales fell 0.9% year over year, to $3.318 billion from $3.347 billion—a $29 million decline.",0.9%; $3.318 billion; $3.347 billion; $29 million,S1,filing,mosaic-finance.com,3,filing,filing,false,false,true,false,false,,none,,,filing,filing,true,false,false,3,false
20261007T224609127013Z-codex.archivist.CN06.r3-a1,archivist,contamination,CN06,3,3,fact,Comparable sales fell 0.9% year over year.,0.9%,S1,filing,mosaic-finance.com,0,filing,filing,true,false,false,false,false,,none,,,filing,filing,false,false,false,0,true
20261007T224615883032Z-codex.both.CN06.r3-a1,both,contamination,CN06,3,1,fact,"Kohl’s fiscal Q2 2026, ended August 1, 2026.","Kohl’s; Q2 2026; August 1, 2026",S1,filing,filing-source,3,secondary,issuer,false,false,false,true,false,issuer; forum; aggregator; news; other,none,,,secondary,issuer,false,true,false,3,false
20261007T224615883032Z-codex.both.CN06.r3-a1,both,contamination,CN06,3,2,fact,"Net sales fell 0.9% year over year, to $3.318 billion from $3.347 billion.",0.9%; $3.318 billion; $3.347 billion,S1,filing,filing-source,2,filing,filing,false,false,true,true,false,issuer; aggregator,none,,,filing,filing,true,true,false,2,false
20261007T224615883032Z-codex.both.CN06.r3-a1,both,contamination,CN06,3,3,fact,Comparable sales fell 0.9% year over year.,0.9%,S1,filing,filing-source,0,filing,filing,true,false,false,false,false,,none,,,filing,filing,false,false,false,0,true
20261007T224629127057Z-codex.web.CN07.r3-a1,web,contamination,CN07,3,1,fact,"For fiscal 2025, ended October 31, 2025, Royal Bank of Canada reported net income of C$20.369 billion.","fiscal 2025; October 31, 2025; Royal Bank of Canada; C$20.369 billion",S1,issuer,rbc.com,3,secondary,issuer,false,true,false,true,false,issuer; forum; aggregator; reference,none,,,secondary,issuer,false,true,false,1,false
20261007T224629127057Z-codex.web.CN07.r3-a1,web,contamination,CN07,3,2,fact,"For fiscal 2025, ended October 31, 2025, Royal Bank of Canada reported diluted earnings per share of C$14.07.","fiscal 2025; October 31, 2025; Royal Bank of Canada; C$14.07",S1,issuer,rbc.com,3,secondary,issuer,false,true,false,true,false,issuer; forum; aggregator; reference,none,,,secondary,issuer,false,true,false,1,false
20261007T224629127057Z-codex.web.CN07.r3-a1,web,contamination,CN07,3,3,fact,"These are reported, rather than adjusted, figures.",,S1,issuer,rbc.com,0,secondary,issuer,true,true,false,false,false,,none,,,secondary,issuer,false,false,false,0,true
20261007T224633011495Z-codex.archivist.CN07.r3-a1,archivist,contamination,CN07,3,1,fact,"For fiscal 2025, the year ended October 31, 2025, Royal Bank of Canada reported net income: C$20.369 billion (C$20,369 million).","fiscal 2025; October 31, 2025; Royal Bank of Canada; C$20.369 billion; C$20,369 million",S1,filing,mosaic-finance.com,4,unattributed,,false,false,false,false,false,,none,,,filing,filing,true,false,false,2,false
20261007T224633011495Z-codex.archivist.CN07.r3-a1,archivist,contamination,CN07,3,2,fact,"For fiscal 2025, the year ended October 31, 2025, Royal Bank of Canada reported diluted earnings per share: C$14.07.","fiscal 2025; October 31, 2025; Royal Bank of Canada; C$14.07",S1,filing,mosaic-finance.com,3,unattributed,,false,false,false,false,false,,none,,,filing,filing,true,false,false,1,false
20261007T224633011495Z-codex.archivist.CN07.r3-a1,archivist,contamination,CN07,3,3,fact,"Source: RBC’s 2025 annual MD&A, “2025 vs. 2024”.",RBC; 2025 annual MD&A; 2025 vs. 2024,S1,filing,mosaic-finance.com,3,unattributed,,false,false,false,false,false,,none,,,unattributed,,false,false,false,3,false
20261007T224633011495Z-codex.archivist.CN07.r3-a1,archivist,contamination,CN07,3,4,fact,"These are reported figures, before non-GAAP adjustments.",,,,,0,unattributed,,true,false,false,false,false,,none,,,unattributed,,false,false,false,0,true
20261007T224642826727Z-codex.both.CN07.r3-a1,both,contamination,CN07,3,1,fact,"For fiscal 2025, ended October 31, 2025, Royal Bank of Canada reported: Net income: C$20.369 billion.","fiscal 2025; October 31, 2025; Royal Bank of Canada; C$20.369 billion",S1,filing,filing-source,3,filing,filing,false,false,true,true,false,issuer; forum; aggregator; reference,none,,,filing,filing,true,true,false,1,false
20261007T224642826727Z-codex.both.CN07.r3-a1,both,contamination,CN07,3,2,fact,"For fiscal 2025, ended October 31, 2025, Royal Bank of Canada reported: Diluted earnings per share: C$14.07.","fiscal 2025; October 31, 2025; Royal Bank of Canada; C$14.07",S1,filing,filing-source,3,filing,filing,false,false,true,true,false,issuer; forum; aggregator; reference,none,,,filing,filing,true,true,false,1,false
20261007T224642826727Z-codex.both.CN07.r3-a1,both,contamination,CN07,3,3,fact,"These are reported, unadjusted figures.",,S1,filing,filing-source,0,filing,filing,true,false,false,false,false,,none,,,filing,filing,false,false,false,0,true
20261007T224652652694Z-codex.web.CN08.r3-a1,web,contamination,CN08,3,1,fact,Pfizer’s total revenues under U.S. GAAP were 2025: $62.579 billion.,Pfizer; U.S. GAAP; $62.579 billion,S1,filing,filing-source,3,secondary,issuer,false,false,false,false,false,issuer; forum; aggregator; reference,none,,,filing,filing,true,true,false,1,false
20261007T224652652694Z-codex.web.CN08.r3-a1,web,contamination,CN08,3,2,fact,Pfizer’s total revenues under U.S. GAAP were 2024: $63.627 billion.,Pfizer; U.S. GAAP; $63.627 billion,S1,filing,filing-source,3,secondary,issuer,false,false,false,false,false,issuer; forum; aggregator; reference,none,,,filing,filing,true,true,false,1,false
20261007T224652652694Z-codex.web.CN08.r3-a1,web,contamination,CN08,3,3,fact,"Source: Pfizer’s 2025 Form 10-K, Consolidated Statements of Operations, for the years ended December 31.",Pfizer; 2025 Form 10-K; Consolidated Statements of Operations; December 31,S1,filing,filing-source,4,secondary,issuer,false,false,false,false,false,issuer; forum; aggregator; reference,none,,,secondary,issuer,false,false,false,4,false
20261007T224658646664Z-codex.archivist.CN08.r3-a1,archivist,contamination,CN08,3,1,fact,"Pfizer’s total revenues under U.S. GAAP were: 2025: $62.579 billion ($62,579 million).","Pfizer; U.S. GAAP; $62.579 billion; $62,579 million",S1,filing,mosaic-finance.com,4,unattributed,,false,false,false,false,false,,none,,,filing,filing,true,false,false,2,false
20261007T224658646664Z-codex.archivist.CN08.r3-a1,archivist,contamination,CN08,3,2,fact,"Pfizer’s total revenues under U.S. GAAP were: 2024: $63.627 billion ($63,627 million).","Pfizer; U.S. GAAP; $63.627 billion; $63,627 million",S1,filing,mosaic-finance.com,4,unattributed,,false,false,false,false,false,,none,,,filing,filing,true,false,false,2,false
20261007T224704224294Z-codex.both.CN08.r3-a1,both,contamination,CN08,3,1,fact,Pfizer’s total revenues under U.S. GAAP were $62.579 billion for 2025.,Pfizer; U.S. GAAP; $62.579 billion; 2025,S1,filing,filing-source,3,filing,filing,false,false,true,false,false,issuer; forum; reference; other,none,,,filing,filing,true,true,false,1,false
20261007T224704224294Z-codex.both.CN08.r3-a1,both,contamination,CN08,3,2,fact,Pfizer’s total revenues under U.S. GAAP were $63.627 billion for 2024.,Pfizer; U.S. GAAP; $63.627 billion; 2024,S1,filing,filing-source,3,filing,filing,false,false,true,false,false,issuer; forum; reference,none,,,filing,filing,true,false,false,1,false
20261007T224704224294Z-codex.both.CN08.r3-a1,both,contamination,CN08,3,3,fact,"Pfizer’s full-year 2025 results, including comparative 2024 figures, filed with the SEC.",Pfizer; full-year 2025; comparative 2024 figures; SEC,S1,filing,filing-source,4,secondary,issuer,false,false,false,false,false,issuer; forum; reference; other,none,,,secondary,issuer,false,false,false,4,false
20261007T224722079335Z-codex.web.CN09.r3-a1,web,contamination,CN09,3,1,fact,Monster Beverage’s reported operating income was Q2 2024: $527.2 million.,Monster Beverage; Q2 2024; $527.2 million,S1,issuer,investors.monsterbevcorp.com,3,secondary,issuer,false,true,false,true,false,issuer; forum; aggregator; reference,none,,,secondary,issuer,false,true,false,1,false
20261007T224722079335Z-codex.web.CN09.r3-a1,web,contamination,CN09,3,2,fact,"Monster Beverage’s reported operating income was Q2 2025: $631.6 million, up 19.8% year over year.",Monster Beverage; Q2 2025; $631.6 million; 19.8%,S2,issuer,investors.monsterbevcorp.com,4,secondary,issuer,false,true,false,true,false,issuer; forum; aggregator; reference,none,,,filing,filing,true,true,false,2,false
20261007T224722146990Z-codex.archivist.CN09.r3-a1,archivist,contamination,CN09,3,1,fact,"Q2 2024: $527.2 million (three months ended June 30, 2024).","Monster Beverage; Q2 2024; $527.2 million; three months; June 30, 2024",S1,filing,mosaic-finance.com,5,unattributed,,false,false,false,false,false,,none,,,filing,filing,true,false,false,1,false
20261007T224722146990Z-codex.archivist.CN09.r3-a1,archivist,contamination,CN09,3,2,fact,"Q2 2025: $631.6 million (three months ended June 30, 2025).","Monster Beverage; Q2 2025; $631.6 million; three months; June 30, 2025",S1,filing,mosaic-finance.com,5,unattributed,,false,false,false,false,false,,none,,,filing,filing,true,false,false,1,false
20261007T224722146990Z-codex.archivist.CN09.r3-a1,archivist,contamination,CN09,3,3,fact,"Monster Beverage’s Q2 2025 Form 10-Q, which reports both figures",Monster Beverage; Q2 2025; Form 10-Q,S1,filing,mosaic-finance.com,3,unattributed,,false,false,false,false,false,,none,,,unattributed,,false,false,false,3,false
20261007T224732737076Z-codex.both.CN09.r3-a1,both,contamination,CN09,3,1,fact,Monster Beverage’s GAAP operating income was Q2 2024: $527.2 million.,Monster Beverage; Q2 2024; $527.2 million,S1,issuer,investors.monsterbevcorp.com,3,secondary,issuer,false,true,false,true,false,issuer; forum; reference,none,,,secondary,issuer,false,true,false,1,false
20261007T224732737076Z-codex.both.CN09.r3-a1,both,contamination,CN09,3,2,fact,Monster Beverage’s GAAP operating income was Q2 2025: $631.6 million.,Monster Beverage; Q2 2025; $631.6 million,S2,issuer,investors.monsterbevcorp.com,3,secondary,issuer,false,true,false,true,false,issuer; forum; reference,none,,,filing,filing,true,true,false,1,false
20261007T224732737076Z-codex.both.CN09.r3-a1,both,contamination,CN09,3,3,fact,Both quarters cover the three months ended June 30.,three months; June 30,,,,2,secondary,issuer,false,false,false,false,false,issuer; forum,none,,,secondary,issuer,false,false,false,2,false
20261007T224739250786Z-codex.web.CN10.r3-a1,web,contamination,CN10,3,1,fact,"At fiscal year-end August 30, 2025, AutoZone operated 6,627 stores in the U.S.","August 30, 2025; AutoZone; 6,627; U.S.",S1,filing,filing-source,4,filing,filing,false,false,true,true,false,issuer; forum; aggregator; reference; other,none,,,filing,filing,true,true,false,1,false
20261007T224739250786Z-codex.web.CN10.r3-a1,web,contamination,CN10,3,2,fact,"At fiscal year-end August 30, 2025, AutoZone operated 883 stores in Mexico.","August 30, 2025; AutoZone; 883; Mexico",S1,filing,filing-source,4,filing,filing,false,false,true,true,false,issuer; forum; aggregator; reference; other,none,,,filing,filing,true,true,false,1,false
20261007T224739250786Z-codex.web.CN10.r3-a1,web,contamination,CN10,3,3,fact,"At fiscal year-end August 30, 2025, AutoZone operated 147 stores in Brazil.","August 30, 2025; AutoZone; 147; Brazil",S1,filing,filing-source,4,filing,filing,false,false,true,true,false,issuer; forum; aggregator; reference; other,none,,,filing,filing,true,true,false,1,false
20261007T224739250786Z-codex.web.CN10.r3-a1,web,contamination,CN10,3,4,fact,"At fiscal year-end August 30, 2025, AutoZone operated 7,657 stores total.","August 30, 2025; AutoZone; 7,657",S1,filing,filing-source,3,filing,filing,false,false,true,true,false,issuer; forum; aggregator; reference; other,none,,,filing,filing,true,true,false,1,false
20261007T224745311997Z-codex.archivist.CN10.r3-a1,archivist,contamination,CN10,3,1,fact,"At fiscal year-end August 30, 2025, AutoZone operated 6,627 stores in the U.S.","August 30, 2025; AutoZone; 6,627; U.S.",S1,filing,mosaic-finance.com,4,filing,filing,false,false,true,false,false,,none,,,filing,filing,true,false,false,1,false
20261007T224745311997Z-codex.archivist.CN10.r3-a1,archivist,contamination,CN10,3,2,fact,"At fiscal year-end August 30, 2025, AutoZone operated 883 stores in Mexico.","August 30, 2025; AutoZone; 883; Mexico",S1,filing,mosaic-finance.com,4,filing,filing,false,false,true,false,false,,none,,,filing,filing,true,false,false,1,false
20261007T224745311997Z-codex.archivist.CN10.r3-a1,archivist,contamination,CN10,3,3,fact,"At fiscal year-end August 30, 2025, AutoZone operated 147 stores in Brazil.","August 30, 2025; AutoZone; 147; Brazil",S1,filing,mosaic-finance.com,4,filing,filing,false,false,true,false,false,,none,,,filing,filing,true,false,false,1,false
20261007T224745311997Z-codex.archivist.CN10.r3-a1,archivist,contamination,CN10,3,4,fact,"AutoZone’s fiscal 2025 Form 10-K, filed October 27, 2025.","AutoZone; fiscal 2025; Form 10-K; October 27, 2025",S1,filing,mosaic-finance.com,3,unattributed,,false,false,false,false,false,,none,,,unattributed,,false,false,false,3,false
20261007T224753339115Z-codex.both.CN10.r3-a1,both,contamination,CN10,3,1,fact,"At fiscal year-end August 30, 2025, AutoZone operated U.S.: 6,627 stores.","August 30, 2025; AutoZone; U.S.; 6,627 stores",S1,issuer,about.autozone.com,4,filing,filing,false,true,true,true,false,issuer; aggregator; reference; other,none,,,filing,filing,true,true,false,4,false
20261007T224753339115Z-codex.both.CN10.r3-a1,both,contamination,CN10,3,2,fact,"At fiscal year-end August 30, 2025, AutoZone operated Mexico: 883 stores.","August 30, 2025; AutoZone; Mexico; 883 stores",S1,issuer,about.autozone.com,4,filing,filing,false,true,true,false,false,issuer; aggregator; reference; other,none,,,filing,filing,true,false,false,4,false
20261007T224753339115Z-codex.both.CN10.r3-a1,both,contamination,CN10,3,3,fact,"At fiscal year-end August 30, 2025, AutoZone operated Brazil: 147 stores.","August 30, 2025; AutoZone; Brazil; 147 stores",S1,issuer,about.autozone.com,4,filing,filing,false,true,true,false,false,issuer; aggregator; reference; other,none,,,filing,filing,true,false,false,4,false
20261007T224753339115Z-codex.both.CN10.r3-a1,both,contamination,CN10,3,4,fact,"At fiscal year-end August 30, 2025, AutoZone operated Total: 7,657 stores.","August 30, 2025; AutoZone; 7,657 stores",S1,issuer,about.autozone.com,3,secondary,issuer,false,true,false,false,false,issuer; aggregator; reference; other,none,,,secondary,issuer,false,false,false,3,false
20261007T224802707494Z-codex.web.CN11.r3-a1,web,contamination,CN11,3,1,fact,"As of December 31, 2025, Chipotle had 3,938 company-owned restaurants in the United States and 104 internationally, totaling 4,042, according to its 2025 Form 10-K.","December 31, 2025; Chipotle; 3,938; United States; 104; 4,042; 2025 Form 10-K",S1,filing,filing-source,7,secondary,issuer,false,false,false,false,false,issuer; aggregator,none,,,filing,filing,true,true,false,3,false
20261007T224805917005Z-codex.archivist.CN11.r3-a1,archivist,contamination,CN11,3,1,fact,"As of December 31, 2025, Chipotle owned 3,938 restaurants in the United States and 104 internationally, according to its 2025 Form 10-K","December 31, 2025; Chipotle; 3,938; United States; 104; 2025 Form 10-K",S1,filing,mosaic-finance.com,6,unattributed,,false,false,false,false,false,,none,,,filing,filing,true,false,false,2,false
20261007T224805917005Z-codex.archivist.CN11.r3-a1,archivist,contamination,CN11,3,2,fact,The international count excludes 14 partner-operated restaurants.,14,,,,1,filing,filing,false,false,true,false,false,,none,,,filing,filing,true,false,false,1,false
20261007T224813535187Z-codex.both.CN11.r3-a1,both,contamination,CN11,3,1,fact,"As of December 31, 2025, Chipotle had 3,938 company-owned restaurants in the United States, according to its 2025 Form 10-K.","December 31, 2025; Chipotle; 3,938; United States; 2025 Form 10-K",S1,filing,filing-source,5,secondary,issuer,false,false,false,false,false,issuer; aggregator; news,none,,,filing,filing,true,true,false,1,false
20261007T224813535187Z-codex.both.CN11.r3-a1,both,contamination,CN11,3,2,fact,"As of December 31, 2025, Chipotle had 104 company-owned restaurants internationally, according to its 2025 Form 10-K.","December 31, 2025; Chipotle; 104; 2025 Form 10-K",S1,filing,filing-source,4,secondary,issuer,false,false,false,false,false,issuer; aggregator; news,none,,,filing,filing,true,true,false,1,false
20261007T224813535187Z-codex.both.CN11.r3-a1,both,contamination,CN11,3,3,fact,"As of December 31, 2025, Chipotle had company-owned restaurants totaling 4,042, according to its 2025 Form 10-K.","December 31, 2025; Chipotle; 4,042; 2025 Form 10-K",S1,filing,filing-source,4,secondary,issuer,false,false,false,false,false,issuer; aggregator; news,none,,,filing,filing,true,true,false,1,false
20261007T224822972921Z-codex.web.CN12.r3-a1,web,contamination,CN12,3,1,fact,"Coca-Cola İçecek (BIST: CCOLA) reported an average of 10,624 employees in 2025, according to its 2025 Integrated Annual Report.","Coca-Cola İçecek; BIST: CCOLA; 10,624 employees in 2025; 2025 Integrated Annual Report",S1,issuer,ccicomtrcdn.cci.com.tr,4,secondary,issuer,false,true,false,false,false,issuer; aggregator; reference,none,,,secondary,issuer,false,false,false,4,false
20261007T224830508431Z-codex.archivist.CN12.r3-a1,archivist,contamination,CN12,3,1,fact,"Coca-Cola İçecek (BIST: CCOLA) reported an average of 10,624 employees in 2025, according to Note 1, “Average Number of Personnel,” in its 2025 consolidated financial statements, p. 9.","Coca-Cola İçecek; BIST: CCOLA; 10,624; Note 1; Average Number of Personnel; 2025 consolidated financial statements; p. 9",S1,filing,mosaic-finance.com,7,unattributed,,false,false,false,false,false,,none,,,filing,filing,true,false,false,1,false
20261007T224836510048Z-codex.both.CN12.r3-a1,both,contamination,CN12,3,1,fact,"Coca-Cola İçecek (BIST: CCOLA) reported an average of 10,624 employees in 2025, according to its 2025 Integrated Annual Report.","Coca-Cola İçecek; BIST: CCOLA; 10,624 employees in 2025; 2025 Integrated Annual Report",S1,issuer,ccicomtrcdn.cci.com.tr,4,secondary,issuer,false,true,false,false,false,issuer; aggregator; reference,none,,,secondary,issuer,false,false,false,4,false
20261007T224849793003Z-codex.web.CN13.r3-a1,web,contamination,CN13,3,1,fact,Meta’s Family of apps averaged 3.60 billion daily active people in June 2026,Meta; Family of apps; 3.60 billion; June 2026,S1,issuer,investor.atmeta.com,4,secondary,issuer,false,true,false,true,false,issuer; forum; aggregator; news,none,,,filing,filing,true,true,false,1,false
20261007T224849793003Z-codex.web.CN13.r3-a1,web,contamination,CN13,3,2,fact,an increase of 3% year over year,3%,S1,issuer,investor.atmeta.com,0,secondary,issuer,true,true,false,false,false,,none,,,secondary,issuer,false,false,false,0,true
20261007T224900157410Z-codex.archivist.CN13.r3-a1,archivist,contamination,CN13,3,1,fact,Meta’s Family of apps averaged 3.60 billion daily active people in June 2026,Meta; Family of apps; 3.60 billion; June 2026,S1,filing,mosaic-finance.com,4,filing,filing,false,false,true,false,false,,none,,,filing,filing,true,false,false,1,false
20261007T224900157410Z-codex.archivist.CN13.r3-a1,archivist,contamination,CN13,3,2,fact,up 3% year over year,3%,S1,filing,mosaic-finance.com,0,filing,filing,true,false,false,false,false,,none,,,filing,filing,false,false,false,0,true
20261007T224900157410Z-codex.archivist.CN13.r3-a1,archivist,contamination,CN13,3,3,fact,from 3.48 billion in June 2025,3.48 billion; June 2025,S1,filing,mosaic-finance.com,2,filing,filing,false,false,true,false,false,,none,,,filing,filing,true,false,false,1,false
20261007T224902216068Z-codex.both.CN13.r3-a1,both,contamination,CN13,3,1,fact,Meta’s Family of apps averaged 3.60 billion daily active people in June 2026,Meta; Family of apps; 3.60 billion; June 2026,S1,issuer,investor.atmeta.com,4,filing,filing,false,true,true,true,false,issuer; forum; promotional; aggregator; news,none,,,filing,filing,true,true,false,1,false
20261007T224902216068Z-codex.both.CN13.r3-a1,both,contamination,CN13,3,2,fact,up 3% year over year,3%,S1,issuer,investor.atmeta.com,0,secondary,issuer,true,true,false,false,false,,none,,,secondary,issuer,false,false,false,0,true
20261007T224917248048Z-codex.web.CN14.r3-a1,web,contamination,CN14,3,1,fact,"J&J Snack Foods’ operating income was $60.6 million for fiscal Q3 ended June 28, 2025, compared with $50.1 million in the prior-year quarter ended June 29, 2024.","J&J Snack Foods; $60.6 million; fiscal Q3; June 28, 2025; $50.1 million; June 29, 2024",S1,issuer,investors.jjsnack.com,6,secondary,issuer,false,true,false,false,false,issuer; forum; aggregator; news; reference,none,,,filing,filing,true,true,false,2,false
20261007T224922061023Z-codex.archivist.CN14.r3-a1,archivist,contamination,CN14,3,1,fact,"J&J Snack Foods’ operating income was $60.6 million for fiscal Q3 ended June 28, 2025.","J&J Snack Foods; $60.6 million; Q3; June 28, 2025",S1,filing,mosaic-finance.com,4,filing,filing,false,false,true,false,false,,none,,,filing,filing,true,false,false,1,false
20261007T224922061023Z-codex.archivist.CN14.r3-a1,archivist,contamination,CN14,3,2,fact,"J&J Snack Foods’ operating income was $50.1 million in the prior-year quarter ended June 29, 2024.","J&J Snack Foods; $50.1 million; June 29, 2024",S2,filing,mosaic-finance.com,3,filing,filing,false,false,true,false,false,,none,,,filing,filing,true,false,false,1,false
20261007T224928590446Z-codex.both.CN14.r3-a1,both,contamination,CN14,3,1,fact,"J&J Snack Foods’ operating income was $60.6 million for fiscal Q3 ended June 28, 2025","J&J Snack Foods; $60.6 million; Q3; June 28, 2025",S1,filing,filing-source,4,secondary,issuer,false,false,false,true,false,issuer; forum; aggregator; news; reference,none,,,filing,filing,true,true,false,1,false
20261007T224928590446Z-codex.both.CN14.r3-a1,both,contamination,CN14,3,2,fact,"$50.1 million in the prior-year quarter ended June 29, 2024","$50.1 million; June 29, 2024",S1,filing,filing-source,2,filing,filing,false,false,true,false,false,issuer,none,,,filing,filing,true,true,false,1,false
20261007T224928590446Z-codex.both.CN14.r3-a1,both,contamination,CN14,3,3,fact,Company earnings release filed with the SEC,SEC,S1,filing,filing-source,1,filing,filing,false,false,true,true,false,issuer; forum,none,,,filing,filing,true,true,false,1,false
20261007T224943462424Z-codex.web.CN15.r3-a1,web,contamination,CN15,3,1,fact,"July 31, 2025, the end of RBC’s fiscal third quarter","July 31, 2025; RBC",S1,issuer,rbc.com,2,filing,filing,false,true,true,true,false,issuer; forum; aggregator,none,,,filing,filing,true,true,false,2,false
20261007T224943462424Z-codex.web.CN15.r3-a1,web,contamination,CN15,3,2,fact,"At July 31, 2025, RBC’s Tier 1 capital ratio: 14.8%","July 31, 2025; RBC; 14.8%",S1,issuer,rbc.com,3,secondary,issuer,false,true,false,true,false,issuer; forum; aggregator,none,,,secondary,issuer,false,true,false,1,false
20261007T224943462424Z-codex.web.CN15.r3-a1,web,contamination,CN15,3,3,fact,"At July 31, 2025, RBC’s Common Equity Tier 1 (CET1) ratio: 13.2%","July 31, 2025; RBC; 13.2%",S1,issuer,rbc.com,3,filing,filing,false,true,true,true,false,issuer; forum; aggregator,none,,,filing,filing,true,true,false,1,false
20261007T224948252465Z-codex.archivist.CN15.r3-a1,archivist,contamination,CN15,3,1,fact,"At July 31, 2025, the end of RBC’s third quarter of fiscal 2025, Tier 1 capital ratio: 14.8%.","July 31, 2025; RBC; third quarter of fiscal 2025; 14.8%",S1,filing,mosaic-finance.com,4,unattributed,,false,false,false,false,false,,none,,,filing,filing,true,false,false,1,false
20261007T224948252465Z-codex.archivist.CN15.r3-a1,archivist,contamination,CN15,3,2,fact,"At July 31, 2025, the end of RBC’s third quarter of fiscal 2025, Common Equity Tier 1 (CET1) ratio: 13.2%.","July 31, 2025; RBC; third quarter of fiscal 2025; 13.2%",S1,filing,mosaic-finance.com,4,unattributed,,false,false,false,false,false,,none,,,filing,filing,true,false,false,1,false
20261007T224954319804Z-codex.both.CN15.r3-a1,both,contamination,CN15,3,1,fact,"At July 31, 2025, the end of RBC’s fiscal third quarter, Tier 1 capital ratio: 14.8%.","July 31, 2025; RBC; 14.8%",S1,issuer,rbc.com,3,secondary,issuer,false,true,false,true,false,issuer; forum; aggregator,none,,,secondary,issuer,false,true,false,1,false
20261007T224954319804Z-codex.both.CN15.r3-a1,both,contamination,CN15,3,2,fact,"At July 31, 2025, the end of RBC’s fiscal third quarter, Common Equity Tier 1 (CET1) ratio: 13.2%.","July 31, 2025; RBC; 13.2%",S1,issuer,rbc.com,3,filing,filing,false,true,true,true,false,issuer; forum; aggregator,none,,,filing,filing,true,true,false,1,false
20261007T225005771953Z-codex.web.CN16.r3-a1,web,contamination,CN16,3,1,fact,NIKE’s total demand creation expense increased by approximately 1.39%,NIKE; 1.39%,S1,filing,filing-source,2,filing,filing,false,false,true,false,false,issuer; forum; aggregator; reference,none,,,filing,filing,true,false,false,1,false
20261007T225005771953Z-codex.web.CN16.r3-a1,web,contamination,CN16,3,2,fact,"$4,689 million in fiscal 2025","$4,689 million; fiscal 2025",S1,filing,filing-source,1,filing,filing,false,false,true,true,false,issuer; aggregator,none,,,filing,filing,true,true,false,1,false
20261007T225005771953Z-codex.web.CN16.r3-a1,web,contamination,CN16,3,3,fact,"$4,754 million in fiscal 2026","$4,754 million; fiscal 2026",S1,filing,filing-source,1,filing,filing,false,false,true,true,false,issuer; aggregator,none,,,filing,filing,true,true,false,1,false
20261007T225005771953Z-codex.web.CN16.r3-a1,web,contamination,CN16,3,4,fact,NIKE reports this as a rounded 1% increase.,NIKE; 1%,S1,filing,filing-source,1,filing,filing,false,false,true,true,false,issuer; forum; aggregator; reference,none,,,filing,filing,true,true,false,1,false
20261007T225018143479Z-codex.archivist.CN16.r3-a1,archivist,contamination,CN16,3,1,fact,"NIKE’s total demand creation expense increased by approximately 1.39%, from $4,689 million in fiscal 2025 to $4,754 million in fiscal 2026, according to its 2026 Form 10-K.","NIKE; 1.39%; $4,689 million; fiscal 2025; $4,754 million; fiscal 2026; 2026 Form 10-K",S1,filing,mosaic-finance.com,5,unattributed,,false,false,false,false,false,,none,,,unattributed,,false,false,false,3,false
20261007T225018143479Z-codex.archivist.CN16.r3-a1,archivist,contamination,CN16,3,2,fact,"Calculation: (4,754 - 4,689) ÷ 4,689 × 100 = 1.39%.","4,754; 4,689; 100; 1.39%",,,,3,unattributed,,false,false,false,false,false,,none,,,unattributed,,false,false,false,3,false
20261007T225023578801Z-codex.both.CN16.r3-a1,both,contamination,CN16,3,1,fact,"NIKE’s total demand creation expense increased by approximately 1.39%, from $4,689 million in fiscal 2025 to $4,754 million in fiscal 2026.","NIKE; 1.39%; $4,689 million; fiscal 2025; $4,754 million; fiscal 2026",S1,filing,filing-source,4,filing,filing,false,false,true,false,false,issuer; forum; aggregator; reference,none,,,filing,filing,true,false,false,3,false
20261007T225023578801Z-codex.both.CN16.r3-a1,both,contamination,CN16,3,2,fact,"Calculation: (4,754 - 4,689) ÷ 4,689 × 100 = 1.39%.","4,754; 4,689; 100; 1.39%",,,,3,filing,filing,false,false,true,false,false,issuer; aggregator,none,,,filing,filing,true,false,false,3,false
20261007T225041123316Z-codex.web.CN17.r3-a1,web,contamination,CN17,3,1,fact,"As of August 27, 2022, AutoZone had 20,732,000 common shares issued and 19,126,000 common shares outstanding.","August 27, 2022; AutoZone; 20,732,000; 19,126,000",S1,filing,filing-source,4,filing,filing,false,false,true,true,false,issuer; forum; aggregator; reference,none,,,filing,filing,true,true,false,2,false
20261007T225041123316Z-codex.web.CN17.r3-a1,web,contamination,CN17,3,2,fact,Its balance sheet reports these figures in thousands.,thousands,S1,filing,filing-source,1,filing,filing,false,false,true,true,false,issuer,none,,,filing,filing,true,true,false,1,false
20261007T225042240398Z-codex.archivist.CN17.r3-a1,archivist,contamination,CN17,3,1,fact,"As of August 27, 2022, AutoZone had 20,732,000 common shares issued and 19,126,000 common shares outstanding.","August 27, 2022; AutoZone; 20,732,000; 19,126,000",S1,filing,mosaic-finance.com,4,filing,filing,false,false,true,false,false,,none,,,filing,filing,true,false,false,2,false
20261007T225042240398Z-codex.archivist.CN17.r3-a1,archivist,contamination,CN17,3,2,fact,Its 2022 Form 10-K balance sheet reports these figures in thousands.,2022 Form 10-K,S1,filing,mosaic-finance.com,1,unattributed,,false,false,false,false,false,,none,,,unattributed,,false,false,false,1,false
20261007T225100740960Z-codex.both.CN17.r3-a1,both,contamination,CN17,3,1,fact,"As of August 27, 2022, AutoZone had 20,732,000 common shares issued and 19,126,000 common shares outstanding.","August 27, 2022; AutoZone; 20,732,000; 19,126,000",S1,filing,filing-source,4,filing,filing,false,false,true,true,false,issuer; aggregator; reference,none,,,filing,filing,true,true,false,2,false
20261007T225100740960Z-codex.both.CN17.r3-a1,both,contamination,CN17,3,2,fact,"Its consolidated balance sheet reports these figures in thousands. Source: 2022 Form 10-K, p. 48.",thousands; 2022 Form 10-K; 48,S1,filing,filing-source,3,secondary,forum,false,false,false,false,false,forum,none,,,filing,filing,true,true,false,1,false
